"rid","pid","elevation.min","WS_ID","ws_mi60_mean","ws_accum_precip_mean","ws_10.min.storm.accum_mean","ws_30.min.storm.accum_mean","ws_60.min.storm.accum_mean","ws_sbs_mean","ws_dnbr.BAER_mean","ws_dnbr.extended_mean","ws_flow.accum_max","ws_slope_mean","ws_aspect.northness_mean","ws_aspect.eastness_mean","ws_slope.northness_mean","ws_slope.eastness_mean","ws_bare.earth_mean","ws_ndvi.max_mean","ws_ndvi.mean_mean","ws_ndvi.min_mean","ws_ndvi.range_mean","ws_RV.Sand","ws_RV.Silt","ws_RV.Clay","ws_Kw","ch_elevation.min","ch_watershed","ch_valley_width","ch_area","ch_channel_width","ch_channel.width.over.valley.width","ch_ch_area","ch_elevation.mean","ch_slope.median","ch_flow.accumulation.max","ch_curvature.median","ch_sfm.erosion.mean","ch_sfm.resolution","ch_sfm.erosion.count","ch_sfm.erosion.sum","ch_sfm.deposition.mean","ch_sfm.deposition.count","ch_sfm.deposition.sum","ch_sfm.net.change","ch_sfm.net.change.norm","ch_distance.upstream","ch_distance.downstream","ch_slope.upstream","ch_slope.downstream","ch_central.slope.difference","ch_slope.over.width","ch_change.in.slope.over.width","ch_stream.power","ch_slope.over.width.central.diff","ch_stream.power.central.diff","ch_lidar.erosion.mean","ch_lidar.erosion.count","ch_lidar.erosion.sum","ch_lidar.deposition.mean","ch_lidar.deposition.count","ch_lidar.deposition.sum","ch_lidar.net.change","ch_lidar.net.change.norm","ch_lidar.resolution","hs_area","hs_hillslope.length","hs_flow.accumulation.max","hs_elevation.range","hs_mi60.mean","hs_accum.precip.mean","hs_storm.accum.10.min","hs_storm.accum.30.min","hs_storm.accum.60.min","hs_slope.median","hs_northness.median","hs_eastness.median","hs_curvature.median","hs_bare.earth.mean","hs_ndvi.max","hs_ndvi.mean","hs_ndvi.min","hs_ndvi.range","hs_dnbr.BAER.median","hs_extended.dnbr.median","hs_drainage_density","ch_sfm.net.change.count","ch_lidar.net.change.count","ch_sfm.erosion.norm","ch_sfm.deposition.norm","ch_lidar.erosion.norm","ch_lidar.deposition.norm","ratio","snapdist","upDist","afv_flow_accum","locID","netID","netgeom","bootstrap_rep"
41,57000001,-0.253273199705125,75,-0.407894617963011,-0.251052105764176,0,0,0,0.534354061428397,0.641654823329892,0.118143409809859,-0.244275978252546,0.73301478539572,0.0101122368563424,0.018999322583059,0.73301478539572,0.73301478539572,0.481798439916753,-0.586839477279529,-0.729951983958269,-0.237558390918803,-0.759072236915322,-0.606217616580312,0,0,-0.712927756653993,-0.253273199705125,0,0.465327968307222,1.36957390466115,1.38778377796669,-0.290723599437655,1.49010452077039,-0.250737595741888,-0.282043716945736,-0.234522575869726,0.80379631430884,0.217491238981753,0.0799701241440398,4204.0000000001,5.84736244067091,0.110280807258261,396.0000000001,0.279286961727696,6.1266494022986,0.112356846649838,-0.989615726648566,-0.106992219136199,-0.526628940614017,-0.138348116147578,0.440269154582988,-0.551907784991858,0.368126927239877,-0.694679107439007,0.632275096355127,0.474113240226438,0.076662428935605,752.0000000001,2.306005859475,0.076662428935605,752.0000000001,2.306005859475,1.20017634658869,0.47653666617098,1e-10,-0.687394425525197,-0.812806693421583,-1.22456404702523,-0.457047353086957,-0.305084586862669,-0.363341583505644,0,0,0,0.370640426004617,1.14579769493778,-0.428815713996282,-1.85645771984294,0.156063440195899,-0.418934893225442,-0.299695829790157,-0.260264248363966,-0.38963630961166,2.00707005886495,0.845206368251931,-0.187943216701152,4204.0000000001,0.5078125001,0.107234992787533,0.00512185376230484,0.0422899254512337,0.0422899254512337,0.453300110446747,0.718032636360184,2530.67593696604,0.0625,235,2,"SNETWORK (2 41 2530.67593696604 0.453300110446747 57000001 235)",57
37,57000002,0.0869125268737334,16,0.638158073055483,0.521052073640444,0.649161038498292,0.645874990233288,0.652741863980251,-0.60765117666662,-0.627775944965215,-0.161590485872762,2.06012224241032,-0.321352714766236,0.0577456821854825,-0.463165778709254,-0.321352714766236,-0.321352714766236,-0.620239956777221,0.0932411597368208,0.235081803375616,-0.455381954106836,0.114574404063297,0.143005181347151,-0.438610038610039,0.349030470914128,0.119771863117871,0.0869125268737334,0.5,-0.373888943310626,-0.238901009061172,-0.236584034251659,0.33699855818807,-0.22512514522668,0.0856155848141181,0.269216012540188,1.94413356361543,-0.696608446572264,0.128564896028838,0.0799702643258065,1007.0000000001,0.827959197848854,0.144975074018186,290.0000000001,0.268873746569792,1.09683294431865,0.0268500339103452,-0.281582080427561,0.0623793800335244,0.947535620237106,0.0950027960084604,-0.990481044812036,0.329488777173354,-1.10075888111989,1.58833082741018,-1.10110709083636,-2.88819122123398,0.0763080304485577,52.0000000001,0.158720703224944,0.0763080304485577,52.0000000001,0.158720703224944,0.185113032659435,0.581730149364361,1e-10,-0.435528132713602,-0.752732889023138,0.210543253154549,-0.360981153060361,0.881355976037885,0.430873575621595,0.750551795734299,0.745781625874592,0.755983274137506,0.735690582058479,-1.28309122197973,0.913880370122125,1.11310958552167,-5.24541710055065,0.613284882866428,0.836161455020148,1.14802000369374,0.433838263404747,0.57746872748177,0.66713088601256,-0.187943216701152,1007.0000000001,1.31510416676667,0.0202681115390635,0.00658192227128162,0.00388541962362589,0.00388541962362589,0.18080324503077,0.015506403810395,4415.24659693764,0.0312499339939208,136,2,"SNETWORK (2 37 4415.24659693764 0.18080324503077 57000002 136)",57
35,57000003,1.17669532263897,113,0.953947685431969,0.757894567769832,0.437324878933644,0.435074700654595,0.432286944716856,0.127173845239842,0.175220764227151,0.0158825245112671,-0.57068966717485,-0.17611959456705,0.938854664596606,-0.363512536626651,-0.17611959456705,-0.17611959456705,-0.90831305416409,0.0936096888514422,0.0388899407689569,-1.2616976188292,0.340151515588497,-1.11917098445596,0.839124839124839,1.32040627885503,-1.18821292775665,1.17669532263897,0.5,0.0569152259577787,-0.632776192059805,-0.622790527506089,-0.191171535821973,-0.576249796231945,1.16897529882199,0.557417935834122,-0.541991940126655,0.803438315148011,0.0950505577147275,0.0799702643258065,275.0000000001,0.167164642929963,0.102929982655288,1848.0000000001,1.2164686693888,1.38363331221876,0.0363632861291378,0.808995017723562,-1.15249371712015,0.238284242624882,0.424970563602389,0.220743369685477,0.660622121930017,0.261235532606235,0.0199130639842469,0.620284021805412,1.01330747178467,0.0818477282932128,733.0000000001,2.39977539072415,0.0818477282932128,733.0000000001,2.39977539072415,1.02433766207775,1.04910769911988,1e-10,-0.44287737598425,0.127809007425749,0.0894808217823485,-0.128501311669628,0.949152514976322,0.464889228842546,0.676414028971747,0.668054363157542,0.679057765258313,-0.167272412972231,0.443771890532234,0.234599628617577,0.512425870860823,-1.5083030371284,-0.145452615736044,0.00257464026906758,-0.00786546608042011,-0.139131005261973,0.0824765482511341,-0.307980540424217,-0.187943216701152,1848.0000000001,0.458333333433333,0.00439325626807607,0.0319700297610618,0.0630685299136985,0.0630685299136985,0.542193872081698,2.42793756518418,5572.92275568096,0.0156249669969604,109,2,"SNETWORK (2 35 5572.92275568096 0.542193872081698 57000003 109)",57
29,57000004,-0.816190671065503,54,-0.361841926944517,-0.698245294676348,-0.562675121066356,-0.564925299345405,-0.567713055283144,0.0610067193833568,0.0929100123827647,0.970120330559494,0.294878488538034,0.868028540340988,-1.15146835723955,0.833202909324295,0.868028540340988,0.868028540340988,-0.00138864437541225,-0.279847862363345,-0.395673238041132,0.600004659074153,-0.626016333197532,0.888230940044412,-1.64368450082736,-1.9192718638702,0.441336230309614,-0.816190671065503,-0.5,0.509776589302233,0.0388359454800853,0.0386216518697246,-0.446722865653673,0.0374983607563164,-0.811199895862339,-0.284232505048971,0.276009540258245,-0.131250844077406,0.348008018562256,0.0399850261056294,3888.0000000001,2.16326773348589,0.331627407357963,4976.0000000001,2.63830835526788,4.80157608865377,0.111808514594544,-0.340275959391352,-0.22774072523758,-0.185206708653307,-0.753280367501806,-0.697984424207575,-0.243730312610928,-0.737634094913378,0.118625648945591,-0.676016805220293,-0.883541158934756,0.128745089855969,712.0000000001,3.6666601563509,0.128745089855969,712.0000000001,3.6666601563509,1.62321864666451,1.6639482476614,1e-10,-0.312882991976965,-0.34467362279372,-1.17938265632806,-0.122807335678623,-0.118644023962116,-0.921164041933264,-0.323585971028251,-0.331945636842457,-0.32094223474169,-0.160310064789012,0.295342979844548,-0.589129867761307,0.856160161638756,-1.8233616654723,1.00071692438894,1.23206649070393,-1.05363528868418,1.47409416387368,-1.15207094526846,-0.568366395727196,-0.187943216701152,4976.0000000001,0.403645833433333,0.0503734080774939,0.0614351064170501,0.0853810952208041,0.0853810952208041,0.658350660279115,1.4733506947523,1299.20238430169,0.25,73,2,"SNETWORK (2 29 1299.20238430169 0.658350660279115 57000004 73)",57
37,57000005,0.446382872567349,47,0.638158073055483,0.521052073640444,0.623124281295046,0.615977027310147,0.618989232093641,-0.540744128489881,-0.557129435825808,-0.175799295808205,1.84971701856609,-0.410687152834491,0.178909183733368,-0.475616583169182,-0.410687152834491,-0.410687152834491,-0.671602731458973,-0.13428662823666,-0.0399366553076261,-0.659462048685054,-0.100380084606732,0.55958549222798,-0.876876876876878,-0.0954139735303178,0.476341360371778,0.446382872567349,0.5,-0.222950778097734,0.663193012302272,0.665552116797818,0.28878619328819,0.676862158934403,0.44198321168074,0.128314522366961,1.77467554897607,0.0716126249514614,0.247549475558658,0.0799702643258065,1106.0000000001,1.7509518333901,0.0808112795510605,2209.0000000001,1.14162839095362,2.89258022424371,0.0602078202228963,3.61297582283174,2.1403385638262,0.742331139792014,0.377000660874727,-0.369800098208137,-0.0226265683128157,-0.348387087464906,1.19712414868598,-0.255705292305264,-0.678579901883555,0.0385357336283251,609.0000000001,0.938730468849667,0.0385357336283251,609.0000000001,0.938730468849667,0.55383876770569,0.15037571846785,1e-10,0.66037756816796,0.16657776835681,0.320387980017107,0.168353099046168,0.881355976037885,0.430873575621595,0.676414028971747,0.668054363157542,0.67905776525831,0.311152889077813,0.50869945797983,-1.68225738361523,0.10837972121396,-2.92418222284385,-0.691488619421171,-0.617727919007304,-1.27150924511134,-0.435838762636897,-0.00671923283187112,-0.983290670515576,0.219664099312608,2209.0000000001,0.135416666766667,0.0364453134757199,0.0237625066471765,0.0195392731840629,0.0195392731840629,0.544000936493733,0.209962188351641,4783.93470521013,0.0312499339939208,161,2,"SNETWORK (2 37 4783.93470521013 0.544000936493733 57000005 161)",57
28,57000006,0.432721065363086,115,-0.111841926944517,-0.494736954820113,-0.562675121066356,-0.564925299345405,-0.567713055283144,0.205676843454512,0.392917732917516,1.03849478561743,-0.93124212490167,-1.1899298590855,-1.72289594689876,0.54034838063875,-1.1899298590855,-1.1899298590855,-0.425185015871254,-1.21119315686436,-1.11380098549887,0.909864543511822,-1.82567252805351,0.393782383419688,-1.16859716859717,-1.44967682363804,0.0792141951837772,0.432721065363086,-0.5,-0.6287633579301,-0.284324567532135,-0.281370238430774,0.726381908081872,-0.266869854818073,0.448505207987373,2.26851760283796,-0.882766674891027,0.49238645540184,0.105700031329959,0.0399850261056294,11695.0000000001,1.97637843918294,0.117022883921597,1861.0000000001,0.348186505373304,2.32456494445625,0.0573719557755715,1.4133919186408,0.333588986636917,1.12966173840994,2.19093233146026,1.23991530492121,1.52249945633256,1.38686439402093,0.00484890860622374,0.88940381998045,0.285466781598794,0.0168372448096457,635.0000000001,0.427666015725105,0.0168372448096457,635.0000000001,0.427666015725105,0.0920833353569372,0.397941542345962,1e-10,-1.65128309526763,-1.66449265873558,-0.123701850596428,-0.665028590771165,0.474576257488161,-0.569126424378404,-0.323585971028251,-0.331945636842457,-0.32094223474169,1.05535379432345,0.519674641764085,1.17235713468031,1.62596973583895,0.156063440195899,0.24167790293021,-0.0875940055241331,0.000335100763607178,0.308962092364948,0.470682962696258,0.921617473382675,9.84176997677227,11695.0000000001,0.2031250001,0.0487784591609348,0.00859349651463673,0.0105551087105405,0.0105551087105405,0.4539645271185,0.0455641439184546,1976.54996687933,0.125,26,2,"SNETWORK (2 28 1976.54996687933 0.4539645271185 57000006 26)",57
29,57000007,-1.34133495533424,2,-0.361841926944517,-0.698245294676348,-0.88766904750336,-0.89062955707874,-0.905942372439505,-0.22184456475001,-0.192114782879767,0.816486686042601,1.06722984496933,0.48706215719408,-1.21316874257992,0.578051186629972,0.48706215719408,0.48706215719408,-0.323676715648697,0.636972793107184,0.529686342785933,0.34545989803469,0.540834314675954,0.234887737478411,-0.657228657228657,-0.00923361034164302,0.265103506548374,-1.34133495533424,-0.5,0.992905057425266,8.90751985383881,9.68793848729153,0.221216079301116,20.7315648964499,-1.33021162072772,-0.683505918222051,1.00480302656468,0.742223599431938,0.193130961691944,0.0399850261056294,3062.0000000001,0.945478929632277,0.147486516044952,19290.0000000001,4.54861636717682,5.49409529670909,0.0264177123200352,-0.511164193632322,-6.13524331068162,-0.534474641693798,-0.890125083507966,-0.531084513607327,-1.98097557212106,-0.107419628244016,-1.9795395214686,0.5585067998686,0.885966829558463,0.685302062651596,1817.0000000001,49.8077539063622,0.685302062651596,1817.0000000001,49.8077539063622,23.435008009564,5.91067267610038,1e-10,0.875193994658489,0.517115581120994,0.152600242882475,-0.0383829591750384,-0.118644023962116,-0.921164041933264,-0.641872435917078,-0.655579941357553,-0.670032854498925,-0.967927203564541,0.178781786156231,0.117572130278194,-0.458154018960696,-1.23716592187666,0.574795771873971,0.470123585118482,-0.0927849488738757,0.721364473958589,0.386243506967318,-1.45046729597333,2.16276517364795,19290.0000000001,3.2812500001,0.00454622443223846,0.0218714877877968,0.239494737165203,0.239494737165203,0.0149825075601772,7.39554034533787,702.340187157678,0.25,38,2,"SNETWORK (2 29 702.340187157678 0.0149825075601772 57000007 38)",57
43,57000008,-0.309989040281869,27,0.0756580730554828,0.31473676207772,0.118081199488201,0.12698938418892,0.129762766215853,-1.16745337861737,-1.08072147126769,-0.302483991861007,0.243311822567508,-0.485281495529581,-0.0135845706496323,-0.493626865972129,-0.485281495529581,-0.485281495529581,0.371996037428983,3.21029689791047,3.09833556061759,0.329396216844883,3.6209389432793,0,0.0216216216216217,1.64542936288088,0.287072243346007,-0.309989040281869,0.25,1.11310784245598,0.280361884376129,0.279813887136061,-0.700361417228881,0.276542246081817,-0.307727955561257,0.161928464298831,0.229762315979933,0.34490255213161,0.0922277989923461,0.0799701818409082,648.0000000001,0.382202053297148,0.18627263400875,1355.0000000001,1.61415232796921,1.99635438116636,0.0445109099072937,-0.353782632377808,-0.248197121145087,-0.702204470653677,-0.135637605466517,0.643401342822604,0.103677683382902,0.65066805976852,0.411233930927361,0.551330939106598,0.59038087119465,0.0158793688386157,549.0000000001,0.348710937600147,0.0158793688386157,549.0000000001,0.348710937600147,0.27492509900645,0.474552614107963,1e-10,0.403399453854482,0.966404664453099,-0.880756542593659,1.05717549776956,0,0.0363195055765467,0.038864747054611,0.0405303189852187,0.0401229219223177,-1.00521697245789,-0.0948368982591485,-0.35692097173677,-0.0800060839858492,0.0930231160673729,0.37734648841067,0.325227766405367,0.196736573272865,0.414166784081755,-0.204550686746752,0.175111393428992,0.686116320815688,1355.0000000001,0.0208333334333333,0.00852161383738574,0.0359892959699079,0.00777489269194533,0.00777489269194533,0.208615767544032,0.929529908113182,3101.87527587909,0.0312500660060792,296,2,"SNETWORK (2 43 3101.87527587909 0.208615767544032 57000008 296)",57
29,57000009,-1.26280338938393,9,-0.361841926944517,-0.698245294676348,-0.88766904750336,-0.89062955707874,-0.905942372439505,-0.171461553558677,-0.151792799362757,0.836313454181372,1.0414169259793,0.518497484167125,-1.21471093534186,0.582674721540911,0.518497484167125,0.518497484167125,-0.322693002207224,0.554255818277722,0.442816867544155,0.327425203887185,0.447009208459669,0.234887737478411,-0.657228657228657,-0.00923361034164302,0.265103506548374,-1.26280338938393,-0.5,1.08089854867427,7.60163875928417,8.19466078067618,-0.0522190645791073,15.3558072064918,-1.25659176584768,-1.13245293496897,0.98041286289991,0.860491715248633,0.0473948212783202,0.0399850261056294,1347.0000000001,0.10206885684665,0.0898492798131942,70906.0000000001,10.1857345029365,10.2878033596831,0.062312186126366,0.490055276052912,2.86955015984295,-1.1449433897504,-0.917146746539907,0.204169805380263,-2.1538913272243,0.0638947365966123,-2.57683478396649,0.151409926681165,0.153356360292742,0.469435822808631,3505.0000000001,65.8149023438662,0.469435822808631,3505.0000000001,65.8149023438662,31.0018973406046,10.2958880829569,1e-10,-1.57153455439706,-1.12820900278748,0.150837188634979,-0.801684014555302,-0.118644023962116,-0.921164041933263,-0.796323874383979,-0.808058563259408,-0.835083858992255,-4.02911041503893,-0.243671600479957,-0.355766947125651,-0.66754567935747,0.156063440195899,0.0244790381329296,0.0285339525364497,-0.389758859796919,0.160797355621838,-2.22920680943644,0.235131753814636,6.1013031659489,70906.0000000001,7.67708333343333,0.000618220757803584,0.0616939652685624,0.398634217121938,0.398634217121938,0.115127262287333,6.90159339421916,795.24596448951,0.25,42,2,"SNETWORK (2 29 795.24596448951 0.115127262287333 57000009 42)",57
41,57000010,0.123996176712141,101,-0.184210513107001,-0.196491445985551,0,0,0,0.536884022992936,0.507298676217501,-0.107627599657562,-0.577480525447445,0.714850500508892,0.182152534458358,0.0807651108743951,0.714850500508892,0.714850500508892,0.414258583951356,-0.257295682445525,-0.364793507438953,-0.229415938974741,-0.367477275927269,-0.606217616580312,0,0,-0.712927756653993,0.123996176712141,0,-0.195078923714189,1.37017936518132,1.38840840239343,0.372048862310824,1.49084579547211,0.121023766586881,-0.331021988415919,-0.549574800559257,0.494955744131024,0.079476868688685,0.0799701241440398,2709.0000000001,1.37690916862439,0.136353483660859,1418.0000000001,1.23651106775059,2.61342023627497,0.0479224138368953,-0.590698554968417,-0.00205035965039745,-0.0796699552585317,-0.114010775287701,-0.0547839970919989,-0.598699579915912,-0.043646269349237,-1.17993159268586,-0.0325897673313197,-0.0743323443001246,0.00734138298628017,953.0000000001,0.279853515725,0.00734138298628017,953.0000000001,0.279853515725,0.242374861030944,0.547388243135088,1e-10,0.388683648778699,0.426824782981487,0.158595237846953,0.818759897967819,0,0.0363195055765467,0,0,1.55600483282998e-15,0.660571438582634,-0.549534239765855,1.344984902747,-0.222797509662488,0.0887270580420918,-0.315123949295763,-0.301879390485898,0.03375518827487,-0.347629395587698,0.346471814988766,-1.26429197874725,2.13758956146087,2709.0000000001,1.0312500001,0.0252484502640594,0.0226739634728359,0.00513168750125498,0.00513168750125498,0.622790133771638,0.684459344389767,2818.79096399671,0.0625,255,2,"SNETWORK (2 41 2818.79096399671 0.622790133771638 57000010 255)",57
29,57000011,-1.01974991661084,35,-0.361841926944517,-0.698245294676348,-0.695629464068801,-0.700108350003007,-0.706051805186474,-0.0922938171590436,-0.0794351716534078,0.899705560208108,0.432140147164268,0.898081546821876,-1.21682610840648,0.812846692641246,0.898081546821876,0.898081546821876,-0.12848151986575,0.0932671174152993,0.122665500627837,0.630438977992842,-0.188566594286214,0.888230940044412,-1.64368450082736,-1.9192718638702,0.441336230309614,-1.01974991661084,-0.5,1.32665126734091,2.4491474974476,2.51560182995943,-0.660851969992156,2.94553090382183,-1.01493357670342,-0.832967441058858,0.405296488198043,0.823578778856133,2.2686497795721,0.0399850261056294,914.0000000001,3.31518996136268,0.510731865477987,85.0000000001,0.0694075391919896,3.38459750045467,0.0511772263643612,0.779348789877963,-0.0192481614739102,-0.917603466795596,-0.521412508042697,0.419551101920613,-1.33410151808477,0.291193269907141,-1.0742528454046,0.173229786597763,0.1443303689113,2.10687561045156,160.0000000001,13.4840039063533,2.10687561045156,160.0000000001,13.4840039063533,6.26406732568349,4.92946074633261,1e-10,-0.161841430020784,-0.223482660719371,0.101649863411716,-0.111667210677112,-0.118644023962116,-0.921164041933263,-0.405788377193844,-0.417805535283672,-0.413266069040298,0.195636831077326,0.981578525442055,-0.0662643070488703,0.719262545659175,-2.00369894587728,0.116843941482394,0.596635877373117,0.740076043905244,-0.0343447495655242,-1.11460340471822,-0.0737644353079379,-0.187943216701152,914.0000000001,1.03385416676667,0.0501277409615472,0.00104948530281401,0.203886553360494,0.203886553360494,0.421357872310215,0.282332425005734,1079.34065266854,0.25,57,2,"SNETWORK (2 29 1079.34065266854 0.421357872310215 57000011 57)",57
41,57000012,-0.563492085738071,50,-0.407894617963011,-0.251052105764176,0,0,0,0.527259104713077,0.814904402401478,0.34513929868228,0.00457016756120822,0.552266188099769,-0.0636870816034839,0,0.552266188099769,0.552266188099769,0.519301151679574,-0.0373685355647849,-0.156032002568594,0.198264450348138,-0.224036051844435,-0.606217616580312,0,0,-0.712927756653993,-0.563492085738071,0,-0.451340702864435,0.465735776548952,0.4660781236169,0.57763103904462,0.467021301642358,-0.561694187193135,0.183948340114309,0.00336869808372399,-0.418470434505732,0.146912100561472,0.0799701241440398,2178.0000000001,2.04630790913987,0.16091475296068,1028.0000000001,1.05789975511986,3.10420766415973,0.0669444810160728,-0.354076694423462,0.822755091879013,0.00266101516848774,0.0110578411733684,-0.000377560841147998,0.0733583329569775,0,0.179264612105757,0.244291938404406,0.187290072927763,0.0780467498996795,546.0000000001,1.704541015725,0.0780467498996795,546.0000000001,1.704541015725,0.91585225682736,0.324145744314545,1e-10,0.114274455286639,0.146068132110609,0.177014246515005,-0.113154172560113,-0.305084586862668,-0.363341583505642,1.4637901463605e-15,1.49871635330658e-15,1.55600483282998e-15,-0.656758251749438,-0.918618549825283,-0.103948152889955,0.798112873959986,0.156063440195899,-0.107640810513767,-0.125454593775693,-0.378577650199224,0.00412846759032102,0.664978820868297,0.498248072761996,-0.1575170804269,2178.0000000001,0.0286458334333333,0.0441301084174157,0.0228143724986571,0.0367596584507935,0.0367596584507935,0.28379300687961,0.624663390219212,2242.53187533877,0.0625,218,2,"SNETWORK (2 41 2242.53187533877 0.28379300687961 57000012 218)",57
41,57000013,-0.591160468773212,47,-0.407894617963011,-0.251052105764176,0,0,0,0.532309267332785,0.822882925587262,0.360008236338968,0.0176993922686548,0.536990530562913,-0.0640083043203807,-0.00145804632064893,0.536990530562913,0.536990530562913,0.519593458532176,0.0267812043183099,-0.0937776805777214,0.225820792246611,-0.155059270218823,-0.606217616580312,0,0,-0.712927756653993,-0.591160468773212,0,-0.502765525056519,1.09731458686391,1.10785748479665,0.786524577514093,1.16464265183858,-0.590205412871541,0.0286045689344465,0.0131951640759931,-0.978794445520343,0.0789867139683281,0.0799701241440398,1504.0000000001,0.759726756010379,0.158137972544623,1776.0000000001,1.79611718029212,2.5558439362025,0.0492141744354556,-0.58425930800381,0.00268811186616005,0.0361977982021377,0.705329849405803,0.792041801279267,-0.213209069553633,0.69321229676428,-0.0839060484443489,0.489585050314654,0.437863347511206,0.0315646804177767,533.0000000001,0.672958984475,0.0315646804177767,533.0000000001,0.672958984475,0.428203435625077,0.331722617288945,1e-10,-0.0549255888988121,0.230378008355391,0.179077811343923,-0.107708023549608,-0.305084586862669,-0.363341583505644,1.4637901463605e-15,1.49871635330658e-15,-1.55600483282998e-15,-0.882766762648582,0.192227790922552,-0.0304853113767365,0.270486413067406,-0.74026723043559,0.634914139515618,0.530627748363481,0.278275798633186,0.691919086854063,1.62041436641972,1.31867424722058,0.536886901445801,1776.0000000001,0.0625000001,0.0146289546417688,0.0345852196936867,0.0129581936947789,0.0129581936947789,0.263873797161908,0.618700705643551,2208.67133574085,0.0625,216,2,"SNETWORK (2 41 2208.67133574085 0.263873797161908 57000013 216)",57
28,57000014,-0.197588632389752,95,-0.361841926944517,-0.698245294676348,-0.562675121066356,-0.564925299345405,-0.567713055283144,0.265181484061937,0.356449653239242,1.07157055467146,-0.564365223565775,0.27399716207024,-0.818732188707368,0.824947083701664,0.27399716207024,0.27399716207024,-0.0983435050018533,-0.81536792085044,-0.824386420378544,1.2978151172206,-1.46090467468535,0.393782383419688,-1.16859716859717,-1.44967682363804,0.0792141951837772,-0.197588632389752,-0.5,-0.476249978916424,2.43654904061054,2.50228531681774,1.02245919387786,2.92690408253572,-0.178187926254933,3.1959039214761,-0.537021136606629,-0.425849384956025,0.114289683580724,0.0399850261056294,14792.0000000001,2.70289200559166,0.0430202237676292,9789.0000000001,0.673295571862941,3.3761875773546,0.0511649806661357,-0.742627560417012,0.316150963647003,3.21237854346634,1.30393600452702,-2.17385613861854,1.06077820161233,-1.49077127184514,0.357863944408122,-1.96356597426637,-1.27270471802688,0.125313078090136,811.0000000001,4.065156250101,0.125313078090136,811.0000000001,4.065156250101,1.81159547418203,1.00880838600965,1e-10,-0.377631682626984,-0.558264706331515,-0.0298292873938225,-0.0104026886205104,0.163105427025753,-0.753964085062822,-0.323585971028253,-0.331945636842458,-0.320942234741691,1.21483607052519,-0.512612910887513,1.65464424559984,1.39130321790429,0.156063440195899,-0.488670568386843,-0.475884769235204,0.183869015838463,-0.589691252698302,0.998276038829153,0.795371213376838,0.33222030854832,14792.0000000001,0.661458333433333,0.0409614139525387,0.010203566613597,0.0616060677229135,0.0616060677229135,0.170441330514817,0.424931143700891,1751.46591349164,0.125,9,2,"SNETWORK (2 28 1751.46591349164 0.170441330514817 57000014 9)",57
41,57000015,0.537656862717618,124,0.342105382036989,0,0,0,0,0.658426085141638,0.636636758175026,-0.222590357121178,-0.93279103926933,0.787133090635956,0.734330902835765,0.394903749935336,0.787133090635956,0.787133090635956,0.390753130065201,-0.290772450325183,-0.396434484675109,-0.169560713733778,-0.424200188715921,-0.606217616580312,0,0,-0.712927756653993,0.537656862717618,0,-0.219802401432777,0.222576419723612,0.221952971385305,0.213197321498418,0.218423456168325,0.538129605147429,0.898388227433166,-0.882167941442553,-0.62128846786161,0.111362471239358,0.0799701241440398,2727.0000000001,1.94213554451951,0.0521349543612588,409.0000000001,0.136366547267035,2.07850209168655,0.0468263669842326,0.757492439154023,2.46103260982847,-0.133897848032495,0.913921837057151,1.14394140542218,0.648531999110081,1.1688138308662,-0.69848030830334,0.638153362619069,0.426728381334294,0.0654499177082862,531.0000000001,1.3901562501,0.0654499177082862,531.0000000001,1.3901562501,0.767236484434333,0.17421556722328,1e-10,0.947688674422106,1.14984272590164,-0.124502956667698,2.43648375826594,0.915254083867404,-0.0283081595192628,-0.0156825286183622,-0.0218799837009559,-0.0254430054864909,0.33579588095123,0.910971778569855,0.231618496282809,-0.257813802993202,0.130578389872657,-0.930941558335665,-0.793858640429018,-0.500324401063191,-0.920885142715515,0.916800618177713,-0.266285478529893,2.98619168326832,2727.0000000001,0.0677083334333333,0.0437541785067336,0.00307218837749901,0.0313186918850875,0.0313186918850875,0.773029356831118,0.413739416699111,3074.18167646285,0.0625,269,2,"SNETWORK (2 41 3074.18167646285 0.773029356831118 57000015 269)",57
36,57000016,0.936282273006298,93,0.638158073055483,0.521052073640444,0.623124281295046,0.615977027310147,0.618989232093641,-0.172347674628826,-0.16212468919172,-0.0306264527258279,0.345484479529965,-0.338574727259178,0.473941792624682,-0.672939433415307,-0.338574727259178,-0.338574727259178,-0.727080005989292,-0.000492757954306967,-0.0793690566078603,-1.28320966973951,0.233684374225002,0,0.0216216216216217,1.64542936288088,0.287072243346008,0.936282273006298,0.5,-0.131829804499174,0.263210583198782,0.262630087473844,0.115596032951554,0.259230349176102,0.925138015003858,0.264135376038091,0.336919154535735,-0.075081239789856,0.16287592954811,0.0799702643258065,1199.0000000001,1.24891577747171,0.103841420102985,2385.0000000001,1.58385734761759,2.8327731249893,0.0633547934715562,1.40490479634326,1.55289377206387,0.314482215484671,-0.151901824928277,-0.517461783459123,0.190539034690195,-0.524920367214521,0.577145428034915,-0.806876285933415,-1.09305348254146,0.0760363257949844,643.0000000001,1.95565429697431,0.0760363257949844,643.0000000001,1.95565429697431,0.814393012716466,0.516441879599122,1e-10,-0.0291198242821296,0.0590846713702326,-0.981927566120065,0.07996349085458,0.920427574682472,0.450477092707269,0.676414028971749,0.668054363157543,0.67905776525831,-0.363126276216436,-0.829630078272781,-1.56387037946106,-0.0948999570300373,-1.51193421606619,-0.275254739075117,-0.00942356435252252,0.347064993331559,-0.38516206538472,-0.364532313749251,-0.561077751958084,-0.187943216701152,2385.0000000001,0.223958333433333,0.0279319230751856,0.0354228702963706,0.0437380857634017,0.0437380857634017,0.484475512727247,0.373773887922953,5339.59453592376,0.0156249669969604,121,2,"SNETWORK (2 36 5339.59453592376 0.484475512727247 57000016 121)",57
43,57000017,-0.274971199206191,30,0.0756580730554828,0.31473676207772,0.118081199488201,0.12698938418892,0.129762766215853,-1.16590301109269,-1.10444710459729,-0.249748899496613,-0.0567598799852418,-0.664100529606664,-0.274056930554894,-0.285213660925131,-0.664100529606664,-0.664100529606664,0.28045848199965,3.31279228507985,3.23829745545199,0.716905988395751,3.63523840243771,0,0.0216216216216217,1.64542936288088,0.287072243346007,-0.274971199206191,0.25,0.661943802247154,0.0406976673033917,0.0404742291109809,-0.529793747679224,0.0393024005217909,-0.279363242666908,-1.06144032297003,0.200444115470022,0.765522807542824,0.421818795448194,0.0799701818409082,389.0000000001,1.04937737026522,0.397902795743036,672.0000000001,1.7100248814206,2.75940225158582,0.0642333560579942,0.90590807445533,0.0824366474419308,-0.794283322761253,-0.828934926176647,-0.0777149723325734,-1.26072329780483,-0.0825031683817891,-1.13037569356541,0.0211507398114133,0.103550504020761,0.0190325597535853,258.0000000001,0.196416015725083,0.0190325597535853,258.0000000001,0.196416015725083,0.0172330221340028,0.562806158026952,1e-10,0.897400894597876,0.100465156141883,-0.740895984088163,-0.125285605483625,3.01077401207183e-16,0.0363195055765448,0.166971822146753,0.174127499238369,0.172377228489549,-0.759567265542013,-1.34204582482443,-0.438868088895365,0.394843400682477,0.098225321438361,-0.323033159297008,-0.311803633923895,0.542424316644755,-0.493053590274298,-1.4801385584588,-1.81820606416751,0.676082420303132,672.0000000001,0.778645833433333,0.0244274027520967,0.0398059532058975,0.00457217132467855,0.00457217132467855,0.230193097286042,0.164183261948403,3133.34945485481,0.0312500660060792,298,2,"SNETWORK (2 43 3133.34945485481 0.230193097286042 57000017 298)",57
28,57000018,0.637889231165963,120,-0.111841926944517,-0.494736954820113,-0.562675121066356,-0.564925299345405,-0.567713055283144,0.181042444053783,0.389001948348127,1.03867214471086,-0.942091486888179,-1.34374896282486,-1.74065334530461,0.479141679997502,-1.34374896282486,-1.34374896282486,-0.453802709625798,-1.30956170013565,-1.17811771362192,0.807032072640674,-1.91452769706288,0.393782383419688,-1.16859716859717,-1.44967682363804,0.0792141951837772,0.637889231165963,-0.5,-0.549172861377738,0.560175104440148,0.561346052069937,0.757385224173545,0.566474794930116,0.649832127412099,2.89507235434239,-0.893912328316473,-0.0116958770845855,0.0818311069756391,0.0399850261056294,15157.0000000001,1.98301702077393,0.0592965841365387,7451.0000000001,0.706380991979835,2.68939801265377,0.0570235001470742,0.0596609822761394,-0.980803913414956,2.40510108840826,2.44502890749243,0.123873644370446,1.51913084042858,0.119671141165732,-0.0287575585697302,-0.0760361168282279,-0.0683298629730361,0.0983290295672819,745.0000000001,2.93020507822572,0.0983290295672819,745.0000000001,2.93020507822572,1.27508205661456,1.02322783662207,1e-10,-0.245278429502305,-0.200920755761843,-0.127322379696282,0.321353014422321,0.474576257488161,-0.569126424378405,-0.32358597102825,-0.331945636842455,-0.32094223474169,1.14231184719008,0,0.957834182663964,-0.274872975047593,0.156063440195899,-0.629632640088854,-0.7698786500703,-0.106006109558326,-0.676019786646998,0.27437103947292,0.0406938278917988,-0.187943216701152,15157.0000000001,0.489583333433333,0.0420460529248228,0.0149774471222514,0.0621293496278652,0.0621293496278652,0.526692714116061,0.717621645486945,2034.28758877779,0.125,30,2,"SNETWORK (2 28 2034.28758877779 0.526692714116061 57000018 30)",57
41,57000019,-0.181861246044271,81,-0.407894617963011,-0.251052105764176,0,0,0,0.526181996260176,0.626624979624255,0.0991578684033867,-0.258031730119945,0.733496608814894,0.013331009990239,0.0257057682850019,0.733496608814894,0.733496608814894,0.478656307944075,-0.594584231918062,-0.745266892103412,-0.272922339120985,-0.758453477038818,-0.606217616580312,0,0,-0.712927756653993,-0.181861246044271,0,-0.536646485957734,0.17234949237938,0.171739395129072,0.658801064007085,0.168384250877283,-0.183882328696463,-0.00783542917795974,-0.247734188666831,-1.18561314813383,0.217871352656506,0.0799701241440398,2607.0000000001,3.63242536818647,0.109214864229035,505.0000000001,0.352718847997106,3.98514421608358,0.0905953624401631,-0.0233435440137531,-0.562049416227321,0.626935755887881,-0.663459045023182,-1.53591094365878,-0.0135660197142002,-1.58385766488074,-0.171786190279942,-1.8810879207131,-1.65545484969601,0.0747418320969846,456.0000000001,1.363291015725,0.0747418320969846,456.0000000001,1.363291015725,0.754536767419664,0.165215067814277,1e-10,0.0374970644718844,0.289599486388984,0.142632678517152,0.38969281543539,-0.170499130521064,-0.187034734851723,-1.4637901463605e-15,0,0,0.163358001141866,-0.97591079146814,0.501521829321614,-0.251684300237433,0.156063440195899,-0.725513556193411,-0.538756437797086,0.450032257618625,-0.936453431281187,0.395627590286186,0.257651105785842,-0.187943216701152,2607.0000000001,0.263020833433333,0.0825769092811045,0.00801845305905861,0.0309920637351772,0.0309920637351772,0.490237929825467,0.691575327883814,2593.46630432799,0.0625,240,2,"SNETWORK (2 41 2593.46630432799 0.490237929825467 57000019 240)",57
42,57000020,-1.01917530223315,3,-0.407894617963011,-0.251052105764176,-0.192309249631537,-0.194095720002018,-0.196546296696359,0.542145867937022,0.970632824780026,0.727044943963875,0.702730266134815,0.0187955854498473,-0.365082504859328,0.0907608626933033,0.0187955854498473,0.0187955854498473,0.578904995766395,1.0899351205474,0.873639823460982,0.439452421176846,1.05596741247556,-0.606217616580312,0,0,-0.712927756653993,-1.01917530223315,0,0.0972722757609791,0.0964088871384519,0.0959593853641632,-0.138548147462481,0.0935616449618047,-1.01379998936221,-0.366646217733944,0.668660251665433,0.00304401085688543,0.150341313962219,0.0799701241440398,1747.0000000001,1.67968090719289,0.0946617757620981,160.0000000001,0.0968612722541474,1.77654217934703,0.0409419668460427,-1.3713197230395,0.845544786088567,-0.167527781813428,-0.153554910371112,0,-0.343601102352331,-0.000340420055128438,0.304733108814146,0.63160548197772,0.874291178266989,0.0755092076892857,343.0000000001,1.035986328225,0.0755092076892857,343.0000000001,1.035986328225,0.599813497531033,0.0308955152670251,1e-10,-2.61706946689702,-2.59438749056495,-1.85537189550666,-0.839069621247839,-0.305084586862669,-0.363341583505644,-0.487990783359437,-0.503664629107672,-0.505590738712639,-0.363650218653798,-1.18348503373706,0.307740954345647,14.1775523157799,0.156063440195899,-0.0453053167003287,0.323625698504173,-0.359994932110825,0.0716572101459954,-1.0165444541565,0.914198632763441,-0.187943216701152,1747.0000000001,0.557291666766667,0.0387097140982642,0.00223225264777857,0.0238752101081135,0.0238752101081135,0.383468404372256,0.477568914182484,1721.09717113115,0.0625,275,2,"SNETWORK (2 42 1721.09717113115 0.383468404372256 57000020 275)",57
43,57000021,-0.368773492618307,23,0.0756580730554828,0.31473676207772,0.118081199488201,0.12698938418892,0.129762766215853,-1.170414547673,-1.07450459586823,-0.289272142513405,0.277889160383992,-0.486260020508882,-0.0549103503231441,-0.492177556660782,-0.486260020508882,-0.486260020508882,0.376082856730858,3.23703581357306,3.1233213296391,0.36494676258016,3.64297168104025,0,0.0216216216216217,1.64542936288088,0.287072243346007,-0.368773492618307,0.25,1.03781638876827,-0.426506411512722,-0.421143973784089,-0.710526553817928,-0.395402124179083,-0.359339144237244,1.01075695930526,0.245066206102476,0.788743029724161,0.762621850991158,0.0799701818409082,641.0000000001,3.12624809570094,0.13532595484851,580.0000000001,0.501955548802817,3.62820364440376,0.0918707977918628,2.26154275837768,-0.0201466500539809,0.463258513700437,-0.0337621230972893,-0.556060758285191,0.906575050933075,-0.640053693589879,1.11797377687912,-0.658837382909578,-0.74476299533639,0.0603927076245859,483.0000000001,1.16678710947549,0.0603927076245859,483.0000000001,1.16678710947549,0.441480202667986,0.125327811803219,1e-10,-0.387903977376719,-0.330082222295665,-0.919734227443536,-0.41966174639442,-3.01077401207183e-16,0.0363195055765448,0,-1.49871635330658e-15,-1.55600483282998e-15,-0.557121607366995,0.397757973203393,0.207801647273898,-0.605660139259056,-1.50734362873264,1.06584866716387,0.832814984115671,0.328755721431639,1.17963912147943,1.45780973168424,1.36118410319656,-0.187943216701152,641.0000000001,0.192708333433333,0.0791606355328053,0.0127101621590576,0.0295445550977278,0.0295445550977278,0.177026646887927,3.42998027707178,3055.79720926456,0.0312500660060792,293,2,"SNETWORK (2 43 3055.79720926456 0.177026646887927 57000021 293)",57
28,57000022,-0.197588632389752,95,-0.361841926944517,-0.698245294676348,-0.562675121066356,-0.564925299345405,-0.567713055283144,0.265181484061937,0.356449653239242,1.07157055467146,-0.564365223565775,0.27399716207024,-0.818732188707368,0.824947083701664,0.27399716207024,0.27399716207024,-0.0983435050018533,-0.81536792085044,-0.824386420378544,1.2978151172206,-1.46090467468535,0.393782383419688,-1.16859716859717,-1.44967682363804,0.0792141951837772,-0.197588632389752,-0.5,-0.476249978916424,2.43654904061054,2.50228531681774,1.02245919387786,2.92690408253572,-0.178187926254933,3.1959039214761,-0.537021136606629,-0.425849384956025,0.114289683580724,0.0399850261056294,14792.0000000001,2.70289200559166,0.0430202237676292,9789.0000000001,0.673295571862941,3.3761875773546,0.0511649806661357,-0.742627560417012,0.316150963647003,3.21237854346634,1.30393600452702,-2.17385613861854,1.06077820161233,-1.49077127184514,0.357863944408122,-1.96356597426637,-1.27270471802688,0.125313078090136,811.0000000001,4.065156250101,0.125313078090136,811.0000000001,4.065156250101,1.81159547418203,1.00880838600965,1e-10,-0.377631682626984,-0.558264706331515,-0.0298292873938225,-0.0104026886205104,0.163105427025753,-0.753964085062822,-0.323585971028253,-0.331945636842458,-0.320942234741691,1.21483607052519,-0.512612910887513,1.65464424559984,1.39130321790429,0.156063440195899,-0.488670568386843,-0.475884769235204,0.183869015838463,-0.589691252698302,0.998276038829153,0.795371213376838,0.33222030854832,14792.0000000001,0.661458333433333,0.0409614139525387,0.010203566613597,0.0616060677229135,0.0616060677229135,0.170441330514817,0.424931143700891,1751.46591349164,0.125,9,2,"SNETWORK (2 28 1751.46591349164 0.170441330514817 57000022 9)",57
36,57000023,0.996213151101157,98,0.750000250966976,0.505263045179887,0.623124281295046,0.615977027310147,0.618989232093641,-0.150987630207373,-0.139910417172701,-0.0258291658132805,0.296486574915245,-0.361859730573596,0.601388069054625,-0.597615095742144,-0.361859730573596,-0.361859730573596,-0.746466544848693,0.00400343307612678,-0.0839749152790273,-1.25243798973362,0.230470023799926,0,0.0216216216216217,1.64542936288088,0.287072243346008,0.996213151101157,0.5,0.737221241325668,-0.165050810480946,-0.163634978306104,-0.580478835704826,-0.156540405417043,0.983487604235965,-0.359635721754997,0.276749732708282,0.286328710694222,0.215859528444132,0.0799702643258065,513.0000000001,0.708183250458182,0.158760763081388,1702.0000000001,1.72806388956664,2.43624713992482,0.0588504318393201,-0.27930525704999,-0.307468642784183,-0.507700880777364,-0.155761934129224,0.392938770685051,-0.273470002282226,0.429643035038946,0.0897333894523906,0.408482446020763,0.428875886080005,0.123825433786024,381.0000000001,1.88709960947433,0.123825433786024,381.0000000001,1.88709960947433,0.781985883147967,0.567338478885485,1e-10,0.326174996786577,0.612554899589652,-0.864577137745762,0.601627195686602,0.949152514976322,0.464889228842546,0.676414028971749,0.668054363157543,0.679057765258309,-0.562009770671489,0.123045153447817,-0.731894198729731,-0.31921178664299,-4.40595998320066,-0.0844586464254318,0.0928278355198569,0.0214506975377045,-0.0760368158813838,0.173770688848227,0.134916969048064,-0.187943216668349,1702.0000000001,0.458333333433333,0.0171070041921653,0.0417434275471548,0.0455851235005523,0.0455851235005523,0.793059020517209,0.588035382819029,5398.68217719805,0.0156249669969604,124,2,"SNETWORK (2 36 5398.68217719805 0.793059020517209 57000023 124)",57
29,57000024,-0.538693971594429,77,-0.361841926944517,-0.698245294676348,-0.562675121066356,-0.564925299345405,-0.567713055283144,0.0245827065886702,0.0804128925202819,0.938890503672764,-0.0934012767231237,1.08295376023209,-1.33907301401237,1.07226147701191,1.08295376023209,1.08295376023209,0.0671360330044829,-0.572660890313925,-0.599862452827956,1.59651248554246,-1.25422346720598,-0.606217616580312,0,0,-0.712927756653993,-0.538693971594429,-0.5,0.406856140800759,-0.553114092983592,-0.545074042554016,-0.436412064125217,-0.507182067182218,-0.53125407222029,2.58976199220478,-0.091382515009458,-2.25797084642895,0.313334424438016,0.0399850261056294,10055.0000000001,5.0371507867304,0.0612774437782211,317.0000000001,0.0310566543621339,5.06820744099253,0.131297086712478,-1.22589524490278,0.211614283305376,1.54853683199072,2.28906324216822,0.939606584787126,1.74511551685131,1.10232280368391,1.46701978278924,-0.306436101427456,-0.226413800991465,0.103357872696154,390.0000000001,1.6123828126004,0.103357872696154,390.0000000001,1.6123828126004,0.872287287918996,0.462221345805065,1e-10,1.15497118480737,0.988068512569466,0.0819072087945289,2.50976800976801,0.164202505167866,-0.753313040606828,-0.323585971028251,-0.331945636842457,-0.320942234741691,0.553727679530475,-1.11270045306932,0.94874329832247,-0.349271902236083,0.119608212019623,-0.716834551272809,-0.725086369801005,-0.93112463886141,-0.556476873676957,0.514562663193785,0.382479930932004,1.29285700288554,10055.0000000001,0.434895833433333,0.130492532285903,0.000804554326574898,0.0417704224332329,0.0417704224332329,0.93106236360859,0.764225302117436,1552.20108457653,0.25,90,2,"SNETWORK (2 29 1552.20108457653 0.93106236360859 57000024 90)",57
43,57000025,0.292767426932877,73,0.0756580730554828,0.31473676207772,0.354270929498081,0.350983481983268,0.358474665810763,-0.526437109382433,-0.548411805402482,-0.109480611649024,-0.697728490974528,-0.181763547873474,0.343648396587716,-0.171225182571144,-0.181763547873474,-0.181763547873474,0.0255435990880591,2.99351210229285,3.02689922521117,-0.362168376168872,3.55493485941375,0.124352331606218,-0.494208494208494,-0.193905817174515,-0.237642585551331,0.292767426932877,0.25,-0.224948851072091,-0.324616567992726,-0.321043605377659,0.134168454661012,-0.303620622932489,0.287018500235161,0.0161717546210143,-0.66300518134715,-0.961701670805017,0.0757738998236226,0.0799701818409082,718.0000000001,0.34793670735306,0.118201857698887,2085.0000000001,1.57611000926809,1.92404671652115,0.0478328581788434,-0.288844234794698,-0.313801715022634,0.463354178459366,0.497511449770183,0.0466977111541346,0.136894381802964,0.0514447707695254,-0.650536324406775,0.0853909932234217,-0.00727816837895839,0.0874977661334967,765.0000000001,2.67743164072613,0.0874977661334967,765.0000000001,2.67743164072613,1.15559115323138,1.1453846587951,1e-10,-0.663223544041959,-0.549163162357917,0.132667259978228,-0.55038745632805,0,0.0363195055765448,0.676414028971749,0.66805436315754,0.679057765258309,-1.48022988696053,-0.22153071178371,-0.0372136732906376,1.60268369455904,-1.618612022483,0.916290493825558,0.800934509229165,0.682500129802259,0.910946807400498,0.248517216606263,0.399404489829039,0.690343216317104,2085.0000000001,0.541666666766667,0.00864989763315745,0.039182960445686,0.0665624210622553,0.0665624210622553,0.565655929042789,0.96055180853734,3622.67864121181,0.0312500660060792,328,2,"SNETWORK (2 43 3622.67864121181 0.565655929042789 57000025 328)",57
43,57000026,0.292767426932877,73,0.0756580730554828,0.31473676207772,0.354270929498081,0.350983481983268,0.358474665810763,-0.526437109382433,-0.548411805402482,-0.109480611649024,-0.697728490974528,-0.181763547873474,0.343648396587716,-0.171225182571144,-0.181763547873474,-0.181763547873474,0.0255435990880591,2.99351210229285,3.02689922521117,-0.362168376168872,3.55493485941375,0.124352331606218,-0.494208494208494,-0.193905817174515,-0.237642585551331,0.292767426932877,0.25,-0.224948851072091,-0.324616567992726,-0.321043605377659,0.134168454661012,-0.303620622932489,0.287018500235161,0.0161717546210143,-0.66300518134715,-0.961701670805017,0.0757738998236226,0.0799701818409082,718.0000000001,0.34793670735306,0.118201857698887,2085.0000000001,1.57611000926809,1.92404671652115,0.0478328581788434,-0.288844234794698,-0.313801715022634,0.463354178459366,0.497511449770183,0.0466977111541346,0.136894381802964,0.0514447707695254,-0.650536324406775,0.0853909932234217,-0.00727816837895839,0.0874977661334967,765.0000000001,2.67743164072613,0.0874977661334967,765.0000000001,2.67743164072613,1.15559115323138,1.1453846587951,1e-10,-0.663223544041959,-0.549163162357917,0.132667259978228,-0.55038745632805,0,0.0363195055765448,0.676414028971749,0.66805436315754,0.679057765258309,-1.48022988696053,-0.22153071178371,-0.0372136732906376,1.60268369455904,-1.618612022483,0.916290493825558,0.800934509229165,0.682500129802259,0.910946807400498,0.248517216606263,0.399404489829039,0.690343216317104,2085.0000000001,0.541666666766667,0.00864989763315745,0.039182960445686,0.0665624210622553,0.0665624210622553,0.565655929042789,0.96055180853734,3622.67864121181,0.0312500660060792,328,2,"SNETWORK (2 43 3622.67864121181 0.565655929042789 57000026 328)",57
41,57000027,0.191733401352726,105,-0.184210513107001,-0.196491445985551,0,0,0,0.590044808320454,0.559002774586338,-0.100443898544477,-0.626680311035928,0.619919331373439,0.314183790248835,-0.0550822770053764,0.619919331373439,0.619919331373439,0.400061276322209,-0.354069730807647,-0.488466038135023,-0.4093954830994,-0.43288651536758,-0.606217616580312,0,0,-0.712927756653993,0.191733401352726,0,-0.232794014341814,-0.202261979669703,-0.200412927831772,0.162235321628718,-0.191209753466911,0.19300646095766,1.12183775037119,-0.595884529977794,-0.570734515598819,0.191158354322376,0.0799701241440398,3306.0000000001,4.04158457519434,0.0627371368654237,460.0000000001,0.184560205665817,4.22614478076016,0.102773902748188,0.258150519293524,1.00615366956826,0.845651461130337,1.66594977762875,0.963285635236538,0.908499721004712,1.06155070589808,0.13597773395405,0.907843386410375,0.518001090604347,0.0531946657050955,628.0000000001,1.3362500001,0.0531946657050955,628.0000000001,1.3362500001,0.741753955200974,0.206649581342688,1e-10,-0.179106883264992,0.416267669631607,-0.0410347874832011,0.750680013056251,0.576088984693388,-0.00435912850375997,1.4637901463605e-15,2.99743270661316e-15,0,0.447340318191953,0.14665960770416,-0.892060010231979,-0.190507594449942,0.156063440195899,-0.665079549435087,-0.588934658852547,-0.891751188711606,-0.506822656079519,0.971676305765567,0.308977938833274,0.0265667217833688,3306.0000000001,0.184895833433333,0.0982856577857891,0.00448824486239864,0.0324957223524624,0.0324957223524624,0.649410922460677,0.283831499458756,2864.04347563285,0.0625,257,2,"SNETWORK (2 41 2864.04347563285 0.649410922460677 57000027 257)",57
37,57000028,0.0594714162142157,14,0.638158073055483,0.521052073640444,0.649161038498292,0.645874990233288,0.652741863980251,-0.611650488709015,-0.629548948276594,-0.15847471775298,2.0644069920431,-0.319327453205684,0.0523052945696299,-0.460752205033356,-0.319327453205684,-0.319327453205684,-0.619440592200818,0.104017212802551,0.247742716436704,-0.444648663170109,0.124460023563123,0.143005181347151,-0.438610038610039,0.349030470914128,0.119771863117871,0.0594714162142157,0.5,0.313138683668907,0.618165813354728,0.619969327145005,-0.257153635962735,0.628367854012851,0.056948078744715,-0.0492114850507359,1.99130849576445,-0.958313442157297,0.437788786972,0.0799702643258065,2366.0000000001,6.62424575257841,7.84217270516222,184.0000000001,9.22807864929042,15.8523244017688,0.332636878948666,3.3079853794954,2.59987750426495,0.0795397559185788,0.137002745685443,0.054660204932975,-0.162355910676998,0.0526702037811048,1.15262451415726,0.11639646988816,0.203759814927645,0.0487845285598214,168.0000000001,0.327832031349884,0.0487845285598214,168.0000000001,0.327832031349884,0.265055235328623,0.499238115582094,1e-10,-0.256215565418241,-0.354952852759088,0.331341897637168,-0.247337371099747,0.881355976037885,0.430873575621597,0.743755563230854,0.738656343142877,0.74893148843342,0.180821724587022,-0.916065031963937,0.81775261712721,0.900717614867076,-1.58858295347534,0.798325180168504,0.925968076880414,0.944040774472081,0.703693869079409,0.339427023568263,0.174024182527402,0.625276409311741,2366.0000000001,1.01302083343333,0.138999706036736,0.19363717281193,0.00687905577115869,0.00687905577115869,0.156367938721678,0.33166214171797,4390.44190497534,0.0312499339939208,134,2,"SNETWORK (2 37 4390.44190497534 0.156367938721678 57000028 134)",57
43,57000029,-0.524342627136935,10,0.0756580730554828,0.31473676207772,0.118081199488201,0.12698938418892,0.129762766215853,-1.09398976937855,-0.967501990915957,-0.238934079819585,0.529805289281513,-0.27907178722228,-0.156400309612965,-0.514966491073645,-0.27907178722228,-0.27907178722228,0.37782032897851,2.86751658386034,2.78701384686772,0.197008393390707,3.24821547844614,0,0.0216216216216217,1.64542936288088,0.287072243346007,-0.524342627136935,0.25,-0.0600431949847206,-0.144332546189026,-0.143139638190508,-0.0198663051426857,-0.137138837564013,-0.521008635144213,-0.21618775813358,0.499922691010774,0.177084146418293,1.03478553961456,0.0799701818409082,445.0000000001,2.94487271422651,0.121542980238042,394.0000000001,0.306254351822045,3.25112706594856,0.0782423967962116,0.307988264258361,-0.496756260949414,-0.213114090347227,-0.243683177580171,-0.0545351290084099,-0.129794117893705,-0.0603575708569838,0.400274225947044,-0.0401390357340886,-0.145000157863288,0.0275046609664773,44.0000000001,0.0484082032250205,0.0275046609664773,44.0000000001,0.0484082032250205,0.132966175735555,0.65669339218626,1e-10,-0.0631278438047821,0.0578812156693801,0.301856826179426,0.557308478100557,0,0.0363195055765458,0,0,0,1.07690985330102,0.397081025389004,-0.756561580988748,-1.11701310711889,-1.88615834892766,-0.597590182707437,-0.465627645245877,-0.994885251706467,-0.400702914875939,-0.0986189075822678,-0.74833020408299,0,445.0000000001,1.3359375001,0.0708720066769821,0.00737039001922958,0.00116500332209257,0.00116500332209257,0.069493393425947,0.699818848364286,2898.94180102957,0.0312500660060792,282,2,"SNETWORK (2 43 2898.94180102957 0.069493393425947 57000029 282)",57
37,57000030,0.0320331085516623,11,0.638158073055483,0.521052073640444,0.649161038498292,0.645874990233288,0.652741863980251,-0.602910966929594,-0.623140500129859,-0.153359527832033,2.11630432512583,-0.286614010399525,0.0883679204682676,-0.478577345596865,-0.286614010399525,-0.286614010399525,-0.604006964511488,0.134450860982788,0.284324026661184,-0.446873022600532,0.161454430721167,0.143005181347151,-0.438610038610039,0.349030470914128,0.119771863117871,0.0320331085516623,0.5,0.514248989424078,0.0270546181218059,0.0269005841115046,-0.450361247388729,0.0260957381503948,0.0296587693594968,-0.390799895224866,1.99667406859117,0.503440990486917,0.179393085855816,0.0799702643258065,2010.0000000001,2.30599743353317,1.02903544593491,28.0000000001,0.1842660932084,2.49026352664157,0.0581108083424435,0.452999320435329,-0.300879872002116,-0.755924400758861,0.373021291257814,1.29550814590601,-0.353110978493109,1.37067947932688,0.965554883760411,1.25006095667126,3.02576019888637,0.144177112050549,91.0000000001,0.524804687599814,0.144177112050549,91.0000000001,0.524804687599814,0.358168027835264,0.351335982348754,1e-10,-1.25311831876927,-1.28032453026857,0.333914102977677,-0.570691135047571,0.881355976037885,0.430873575621596,0.759869106100602,0.755550048397726,0.765650935743888,0.829467819724168,0.886042103479354,-1.7974509612592,0.178814782979835,0.156063440195899,0.280007793733165,0.54858653058842,-0.0110067120616297,0.356582472922561,-0.222266954606566,0.0395184907386791,-0.187943216701152,2010.0000000001,1.21354166676667,0.0538109213075546,0.00429988693488892,0.0122464246193216,0.0122464246193216,0.120154405601031,0.467861200682819,4353.68093613125,0.0312499339939208,132,2,"SNETWORK (2 37 4353.68093613125 0.120154405601031 57000030 132)",57
41,57000031,0.361309111702232,114,0.342105382036989,0,0,0,0,0.641475982942121,0.577077976475598,-0.12189756511499,-0.741004114195017,0.588680677528738,0.577197134599251,0.00830622276404252,0.588680677528738,0.588680677528738,0.368944639837268,-0.396870108878967,-0.513721730658806,-0.368140188937559,-0.49556067711665,-0.606217616580312,0,0,-0.712927756653993,0.361309111702232,0,-0.310767262182994,-0.116374116905846,-0.115461373345317,0.273266071703049,-0.110844949724671,0.362851492583676,0.551595392903331,-0.700422732132577,0.456257948442251,0.132300082255776,0.0799701241440398,990.0000000001,0.837627347063373,0.163028113106539,1466.0000000001,1.52845272809961,2.36608007506298,0.0566567418227725,-0.580365459532043,0.0124879170534732,0.250798860279436,1.03955992521383,0.942715108385793,0.510538737435985,1.02308352892596,-0.392218746433347,0.955719138587832,0.581160613761472,0.0736957375476987,239.0000000001,0.7045312501,0.0736957375476987,239.0000000001,0.7045312501,0.22296289809148,0.223921819979906,1e-10,1.19715152524716,1.19486173741401,0.05036515176057,2.13441893639913,0.915254083867404,-0.0283081595192638,0,0,-1.55600483282998e-15,-0.0592441513054541,-0.0703869693395718,0.389157306999842,-0.158015610943088,0.0627226505118233,-0.459373401524717,-0.42298910387238,0.126729966865728,-0.54031157294977,0.433083262928678,-0.0731401202465683,1.41744482001944,1466.0000000001,0.8281250001,0.0200573246691904,0.0365994170535821,0.0168702849448139,0.0168702849448139,0.706729644435203,0.322311574037515,2961.47921141889,0.0625,263,2,"SNETWORK (2 41 2961.47921141889 0.706729644435203 57000031 263)",57
41,57000032,-0.721241951894966,34,-0.407894617963011,-0.251052105764176,0,0,0,0.564180703617349,0.897232143594909,0.486850764835037,0.174867211049155,0.409419609145456,-0.124731628583636,0.0263175030991038,0.409419609145456,0.409419609145456,0.539649962629326,0.366309842021761,0.2499219319135,0.360710125768019,0.213081046575249,-0.606217616580312,0,0,-0.712927756653993,-0.721241951894966,0,0.189072895526698,4.01254593873729,4.19336065272436,0.335173627404312,5.6088661046552,-0.717469988752957,-0.798880301249026,0.169125750472901,0.627192372040554,0.0965912061593708,0.0799701241440398,904.0000000001,0.558420764267163,0.0973887709160195,3234.0000000001,2.01420856962716,2.57262933379432,0.0294439820840082,-1.09434404543478,0.0149514534825023,-1.00466455013349,-0.572996810136904,0.475296541288934,-1.52998170838974,0.251950952199014,-1.57945182977414,0.413900982560111,0.398830313863102,0.00170975281685681,1271.0000000001,0.086923828225,0.00170975281685681,1271.0000000001,0.086923828225,0.151173258216771,0.661382067065693,1e-10,-0.737108837754802,-0.614081875141223,0.0765820493941598,-0.505077430820005,-0.305084586862668,-0.363341583505644,0,0,0,-0.429459994443067,-0.135231233420754,-0.0660781348317433,0.00362209005071961,0.156063440195899,0.389824482716127,0.411788696046144,-0.24506805847743,0.546998494904445,-0.514110232475115,-0.229738310829756,-0.187943216701152,3234.0000000001,1.8593750001,0.00639117758018525,0.023052804403823,0.000994851296987362,0.000994851296987362,0.178777602316376,0.246097297407687,2064.01684813641,0.0625,208,2,"SNETWORK (2 41 2064.01684813641 0.178777602316376 57000032 208)",57
41,57000033,0.123996176712141,101,-0.184210513107001,-0.196491445985551,0,0,0,0.536884022992936,0.507298676217501,-0.107627599657562,-0.577480525447445,0.714850500508892,0.182152534458358,0.0807651108743951,0.714850500508892,0.714850500508892,0.414258583951356,-0.257295682445525,-0.364793507438953,-0.229415938974741,-0.367477275927269,-0.606217616580312,0,0,-0.712927756653993,0.123996176712141,0,-0.195078923714189,1.37017936518132,1.38840840239343,0.372048862310824,1.49084579547211,0.121023766586881,-0.331021988415919,-0.549574800559257,0.494955744131024,0.079476868688685,0.0799701241440398,2709.0000000001,1.37690916862439,0.136353483660859,1418.0000000001,1.23651106775059,2.61342023627497,0.0479224138368953,-0.590698554968417,-0.00205035965039745,-0.0796699552585317,-0.114010775287701,-0.0547839970919989,-0.598699579915912,-0.043646269349237,-1.17993159268586,-0.0325897673313197,-0.0743323443001246,0.00734138298628017,953.0000000001,0.279853515725,0.00734138298628017,953.0000000001,0.279853515725,0.242374861030944,0.547388243135088,1e-10,0.388683648778699,0.426824782981487,0.158595237846953,0.818759897967819,0,0.0363195055765467,0,0,1.55600483282998e-15,0.660571438582634,-0.549534239765855,1.344984902747,-0.222797509662488,0.0887270580420918,-0.315123949295763,-0.301879390485898,0.03375518827487,-0.347629395587698,0.346471814988766,-1.26429197874725,2.13758956146087,2709.0000000001,1.0312500001,0.0252484502640594,0.0226739634728359,0.00513168750125498,0.00513168750125498,0.622790133771638,0.684459344389767,2818.79096399671,0.0625,255,2,"SNETWORK (2 41 2818.79096399671 0.622790133771638 57000033 255)",57
43,57000034,0.367854109613999,80,0.0756580730554828,0.31473676207772,0.354270929498081,0.350983481983268,0.358474665810763,-0.550046142686417,-0.561733090198619,-0.150829509333484,-0.724442912933609,-0.137060798286197,0.434985922496007,-0.196911139305673,-0.137060798286197,-0.137060798286197,0.00403365055672897,2.97914669683995,3.02332030561328,-0.477980187054442,3.57010085313846,0.124352331606218,-0.494208494208494,-0.193905817174515,-0.237642585551331,0.367854109613999,0.25,-0.456895277888966,-0.195095361035685,-0.193333030510383,0.463544512152722,-0.184550295763952,0.366052503772678,0.523232107696801,-0.687349288592812,-0.937311586464041,0.0778357002384237,0.0799701818409082,1407.0000000001,0.700372523426738,0.0790149305184559,791.0000000001,0.399707052966469,1.10007957629321,0.0267178843967816,-0.167856030816956,0.736028078585372,0.201150173559425,0.610855830203978,0.47530817115222,0.511991853340893,0.522651758332617,-0.365087300080543,0.456489905212622,0.185230160578327,0.00637684334454993,711.0000000001,0.181357421975077,0.00637684334454993,711.0000000001,0.181357421975077,0.0243515112785418,0.567421813105071,1e-10,0.0195170969804031,-0.248902710149963,0.0558011933519602,-0.225552775057726,0,0.0363195055765458,0.676414028971747,0.668054363157542,0.67905776525831,-0.443923772173914,-0.384641274064336,0.610673491552785,-0.220251796838325,0.156063440195899,-0.506986170963634,-0.574710484165323,-0.336239495285191,-0.47170678467786,0.14381979415719,-0.493316994078413,0.325102642917666,1407.0000000001,0.401041666766667,0.0170101076757035,0.00970777662107808,0.00440466918837688,0.00440466918837688,0.619470387442417,0.875601788183325,3701.17611589486,0.0312500660060792,335,2,"SNETWORK (2 43 3701.17611589486 0.619470387442417 57000034 335)",57
43,57000035,0.453732330607886,86,0,0.230175963096256,0.354270929498081,0.350983481983268,0.358474665810763,-0.261575153914584,-0.270265808524514,0.0312416230141376,-0.937987733990491,0.114646194174198,0.962109338271892,-0.566979575628203,0.114646194174198,0.114646194174198,-0.247317200022521,3.38330534565373,3.5340739363964,-0.908710633265888,4.17341328028791,0.124352331606218,-0.494208494208494,-0.193905817174515,-0.237642585551331,0.453732330607886,0.25,-0.313304694635564,-0.0932296249260321,-0.0925308984553229,0.280401599480618,-0.0889803987611245,0.450082974359478,0.034088986368974,-0.890270581462291,-0.760263914047536,0.0605957128290064,0.0799701818409082,1898.0000000001,0.735519637182576,0.0613473229720048,1413.0000000001,0.554362625924334,1.28988226300691,0.0307583317189352,1.08686719632215,0.337008260714689,1.15184987592691,-0.0708952464775172,-1.3751621669017,0.092219421849082,-1.48803765915836,-1.21071854191892,-1.43193773688488,-0.511606999575654,0.0106405064720174,922.0000000001,0.392421875100166,0.0106405064720174,922.0000000001,0.392421875100166,0.0754227469505908,0.43093899836666,1e-10,-0.402838282131062,-0.13226422716223,-1.25561984802765,-0.245856453777246,0,0.0363195055765458,0.67641402897175,0.668054363157543,0.67905776525831,-0.474380028071951,0.18813592768476,0.0380816017212503,1.39387771462316,0.156063440195899,1.08904265426987,1.01692347481557,0.876215714963297,1.06000408561437,-0.313548226271049,-0.382047514910043,-0.187943216701152,1898.0000000001,0.950520833433333,0.0175390867524918,0.0132192448664434,0.00935763093491777,0.00935763093491777,0.6663405043659,0.634241093008313,3769.54409591375,0.0312500660060792,340,2,"SNETWORK (2 43 3769.54409591375 0.6663405043659 57000035 340)",57
41,57000036,0.316761080947749,111,-0.184210513107001,-0.196491445985551,0,0,0,0.561911249614089,0.513789029362557,-0.135792910445949,-0.656659635639649,0.543771592724019,0.325131648470755,-0.011327043158892,0.543771592724019,0.543771592724019,0.383193900474899,-0.383315472833207,-0.529438945323825,-0.334421570069728,-0.488775462922232,-0.606217616580312,0,0,-0.712927756653993,0.316761080947749,0,-0.220901233163805,-0.0460827851295011,-0.0457700361025658,0.172230073046156,-0.0441647148393444,0.312777966551932,-0.260228604021806,-0.623594045562957,0.462944542579723,0.302308276553705,0.0799701241440398,2310.0000000001,4.4659880481644,0.139077940393086,364.0000000001,0.323754022759651,4.78974207082406,0.113250310378852,-0.0204126577859841,-0.166120403219478,-0.160562249442353,0.384889564084565,0.631908118882853,-0.198492890137821,0.677040890714212,-0.894626058366826,0.688281255041659,0.342250335679024,0.08154296885,477.0000000001,1.55583984385,0.08154296885,477.0000000001,1.55583984385,0.845558330625123,0.324894004847956,1e-10,0.841251533007907,0.786501610876619,0.0712951095543005,1.08243571609908,0.703300594246966,-0.28842669436774,0,0,0,0.129987990781631,0.389836127184715,-1.58622460670694,-0.200463991236994,0,-1.08438846353957,-1.02795353425067,-1.25722077758047,-0.896665024045508,0.542039725087392,-0.210426697984008,0.648104632025858,2310.0000000001,0.208333333433333,0.105595358722204,0.0076549515566481,0.0367868128277423,0.0367868128277423,0.687901324559369,0.145587952341884,2929.47306861738,0.0625,261,2,"SNETWORK (2 41 2929.47306861738 0.687901324559369 57000036 261)",57
29,57000037,-1.23295427471052,14,-0.361841926944517,-0.698245294676348,-0.88766904750336,-0.89062955707874,-0.905942372439505,-0.154202069709367,-0.135640159348326,0.83973833368909,1.03882031897194,0.5201293868895,-1.21555202417441,0.586152489460961,0.5201293868895,0.5201293868895,-0.322777023274054,0.550203594405779,0.438172313017964,0.327868640847987,0.442036301666737,0.234887737478411,-0.657228657228657,-0.00923361034164302,0.265103506548374,-1.23295427471052,-0.5,0.981029705722504,5.62098232079516,5.96460114873086,-0.211652005469266,9.23074859582162,-1.22735100518993,-1.10227851719933,0.977998190640678,0.695265383313529,1.44129345835725,0.0399850261056294,13143.0000000001,30.2859840283892,0.0629007693714623,11593.0000000001,1.16586041940655,31.4518444476958,0.270538354588799,0.301954869638196,0.573288447961339,-0.775903185146902,-1.09940631677107,-0.412594732829332,-1.99217239110664,-0.154383521367538,-2.02697565787354,-0.216254376225974,-0.487126902893313,0.379796285680698,2356.0000000001,35.7920019532338,0.379796285680698,2356.0000000001,35.7920019532338,16.8094903956863,7.79483387625888,1e-10,1.37759252746649,0.792350796816314,0.148854149508041,0.793016114798293,-0.118644023962116,-0.921164041933264,-0.609234332532863,-0.623358896259277,-0.635154890254672,-0.30002005750291,0.0627935575587649,-0.756496429173259,0.286760043855489,-0.547024827720566,-0.630497774718614,-0.735704441781515,-0.553910488860053,-0.557074963284811,0.241744944475993,0.352046212622119,0.625619197977122,13143.0000000001,4.68489583343333,0.260510009094673,0.0100283453941261,0.307870952636639,0.307870952636639,0.170333143363942,2.11777558677574,846.461280845168,0.25,43,2,"SNETWORK (2 29 846.461280845168 0.170333143363942 57000037 43)",57
36,57000038,0.961540078652095,95,0.638158073055483,0.521052073640444,0.623124281295046,0.615977027310147,0.618989232093641,-0.169111965819335,-0.159175492719087,-0.03462417120797,0.340399167415019,-0.339770821486573,0.485749992910995,-0.665949805586341,-0.339770821486573,-0.339770821486573,-0.727431718143731,-0.0108293159849254,-0.0949520907605517,-1.29878024125171,0.225678452569463,0,0.0216216216216217,1.64542936288088,0.287072243346008,0.961540078652095,0.5,-0.0636379239008134,-0.0212198911609118,-0.0210837794657723,0.000742912406345366,-0.0203811246408666,0.952480998393258,0.198346577265848,0.318851879266387,0.533393315292294,0.148685448719565,0.0799702643258065,462.0000000001,0.439306374527142,0.0681688006013307,2671.0000000001,1.16443862341921,1.60374499784636,0.0377502096700212,-0.309804236305129,0.297252552813157,0.302353300143087,0.322946936432273,0.0244939671085141,0.213204833219722,0.0255736784341196,0.58339601806634,0.0665308933101341,0,0.0816671405293818,639.0000000001,2.08741210947426,0.0816671405293818,639.0000000001,2.08741210947426,0.876677484531023,0.665162182344702,1e-10,1.32708333588681,0.491144139312593,0.213742915421259,0.474860672880475,0.915560304881597,0.44803504220134,0.676414028971747,0.668054363157542,0.67905776525831,0.121171955101797,-1.01406438984449,-1.90132537595249,-0.69371260623959,-0.475690282256116,-0.978474674377488,-0.916413839779024,-1.11508389767491,-0.811536899361543,-0.262340825752197,-1.06967512284617,1.21995196188156,2671.0000000001,0.213541666766667,0.0103407385359737,0.0274094710340475,0.0491351459855597,0.0491351459855597,0.603175360485906,1.80647583328296,5362.32321016144,0.0156249669969604,122,2,"SNETWORK (2 36 5362.32321016144 0.603175360485906 57000038 122)",57
37,57000039,0.578760010202909,60,0.638158073055483,0.521052073640444,0.623124281295046,0.615977027310147,0.618989232093641,-0.494281516763301,-0.519962593568805,-0.151986156793945,1.72566116018907,-0.496136378252366,0.11571798463654,-0.417800844562056,-0.496136378252366,-0.496136378252366,-0.664250046757514,-0.200894994633777,-0.125813895912959,-0.635874352109823,-0.186575950245295,1.08031088082902,-1.42471042471043,-0.650969529085872,0.922053231939164,0.578760010202909,0.5,1.01780648784431,1.61656570272508,1.64335503782065,-0.587274332556877,1.79914584567962,0.575152499103444,0.0170958548850722,1.64873098116621,0.301051661077123,0.0518773619553366,0.0799702643258065,175.0000000001,0.0580594602268674,0.212612604165375,1925.0000000001,2.61744040635816,2.67549986648503,0.0469443988981512,-1.36748174536028,1.86942812210966,0.255800552606223,0.00263387077973461,-0.296857689719513,-0.347251202465856,-0.233948523432493,0.82570765353643,-0.157711126328943,-0.464080576692075,0.106752905615161,404.0000000001,1.72512695322439,0.106752905615161,404.0000000001,1.72512695322439,0.705418269042109,0.145293993908817,1e-10,-0.19215692757741,-0.315763909272576,-1.13425363347965,-0.146574547564647,0.881355976037885,0.430873575621596,0.676414028971749,0.668054363157545,0.67905776525831,0.387184761040436,-1.75087663735288,0.606709072890471,0.403165334722233,-2.14303845465619,0.586082198129002,0.684548575704623,1.1710721999203,0.396024463985868,-1.25188593550463,-1.54524740871156,-0.187943216701152,1925.0000000001,0.3984375001,0.00101871298311206,0.0459256858150392,0.0302691279048101,0.0302691279048101,0.706706205460182,0.197827936850764,4949.09957060224,0.0312499339939208,171,2,"SNETWORK (2 37 4949.09957060224 0.706706205460182 57000039 171)",57
37,57000040,-0.0136618072042628,7,0.638158073055483,0.521052073640444,0.649161038498292,0.645874990233288,0.652741863980251,-0.613960194640579,-0.634308143915375,-0.149697769358065,2.12674296375192,-0.284873466004131,0.0791907333848958,-0.473511118560929,-0.284873466004131,-0.284873466004131,-0.604131544523988,0.161506270008404,0.318186803533921,-0.414593110654394,0.184777112713241,0.143005181347151,-0.438610038610039,0.349030470914128,0.119771863117871,-0.0136618072042628,0.5,3.91035988776905,0.0108523772340353,0.0107879672899107,-0.986755521199577,0.0104528362180474,-0.0165691611617047,0.364085382159093,2.00687227568057,-0.703218396016788,0.231234427435669,0.0799702643258065,2371.0000000001,3.50623572444572,0.191205180350108,32.0000000001,0.039129715978947,3.54536544032467,0.0829733580603445,0.0758159748894656,0.739318505814443,0.64223682466039,0.104924261291484,-0.612379011483393,0.336153095171124,-0.650542570761875,1.61928603859606,-0.706094202911086,-1.94263790473509,0.157350152459959,241.0000000001,1.51685546884946,0.157350152459959,241.0000000001,1.51685546884946,0.827129660932917,0.289420227690202,1e-10,-1.10393257061019,-0.483433078186751,0.213828585810655,-0.316916307015317,0.881355976037885,0.430873575621597,0.843324969095807,0.843044929020692,0.852244106229465,-0.0537192567728799,-0.32450459244345,0.945987343178475,-0.817176652097264,0.156063440195899,0.633187010566913,0.884738101535928,1.5066105028292,0.360954797100466,-0.294176851689995,0.878505810441165,-0.187943216334773,2371.0000000001,0.822916666766667,0.0820575923002876,0.000915765660056952,0.0354994693508039,0.0354994693508039,0.0737691984541734,1.1018295660615,4306.59452926034,0.0312499339939208,128,2,"SNETWORK (2 37 4306.59452926034 0.0737691984541734 57000040 128)",57
41,57000041,-0.155109443016473,84,-0.407894617963011,-0.251052105764176,0,0,0,0.441033405092278,0.520634823030538,4.954603006273e-05,-0.398927246273904,0.796960678919976,-0.160766616037494,0.185201806430538,0.796960678919976,0.796960678919976,0.467480414962687,-0.220965868338045,-0.313370218446839,0.0583024729760195,-0.404391802819858,-0.606217616580312,0,0,-0.712927756653993,-0.155109443016473,0,-0.62155807032424,-0.531344295110727,-0.523800746563392,0.66459398098673,-0.488138556392189,-0.154134947233216,-0.0842717615285133,-0.378063985525125,-0.661306272909952,0.180698400351287,0.0799701241440398,2527.0000000001,2.92021675859395,0.176008158432821,335.0000000001,0.377079693311595,3.29729645180555,0.0850850909845962,1.2513833142585,-0.633217422464908,0.0860330510495205,1.15286990113581,1.24068874955639,0.0980214036904132,1.4504292607876,-0.23311398368751,0.269702082216483,0.158572917447077,0.0902357787832649,487.0000000001,1.75779296885,0.0902357787832649,487.0000000001,1.75779296885,0.941025487245749,0.561106669302651,1e-10,0.640668265218554,0.636541206949913,0.120154114333529,1.01459761360751,-0.18806758057752,-0.210049396832236,0,0,0,0.302120805744499,-0.612526318330719,0.52961167202132,0.105718260705325,-0.00884482446524582,-0.77706969654354,-0.596372259524272,0.365144233379775,-0.973687047700091,0.463461438969614,0.131009848618136,0.390890197975957,2527.0000000001,0.182291666766667,0.0753547374154537,0.00973035346914246,0.0453589711125416,0.0453589711125416,0.509532719788629,0.816012096151958,2626.26539670365,0.0625,242,2,"SNETWORK (2 41 2626.26539670365 0.509532719788629 57000041 242)",57
43,57000042,0.0739374539257374,56,0.0756580730554828,0.31473676207772,0.354270929498081,0.350983481983268,0.358474665810763,-0.742167482847524,-0.673181957924267,-0.151325856297055,-0.320952460511385,-0.445412237318023,0.269175635561296,-0.377827022998149,-0.445412237318023,-0.445412237318023,0.199442649871668,2.62914474147955,2.51065046110293,-0.300576557326832,3.10224854145732,-0.963730569948188,1.15057915057915,3.24099722991689,-0.29467680608365,0.0739374539257374,0.25,0.780286224252487,-0.0602182631319226,-0.0597968146937365,-0.592801088254898,-0.0576402840237747,0.073969812579891,-0.0203359506599397,-0.298264659922691,0.665726998100932,0.411751989280667,0.0799701818409082,591.0000000001,1.5562499584304,0.420932730384116,699.0000000001,1.88168116625035,3.43793112458075,0.0814946931065176,0.335912156806499,0.317573532297157,-0.296608915849679,-0.218748636015156,0.0703099414137579,0.0349516199900314,0.0749373027373054,-0.188005597711448,0.0890974272580465,0.0463981036915879,0.0232412604837025,158.0000000001,0.146884765725062,0.0232412604837025,158.0000000001,0.146884765725062,0.179517955588689,0.592851085813677,1e-10,1.21820102132943,0.69982100530437,-0.611131534706858,0.0943253666025943,0,0.0363195055765458,0.676414028971747,0.668054363157543,0.679057765258309,-2.10692620208932,-0.608695895653441,0.0814694894878153,-0.00347137948991169,-0.663931229613931,-0.331723334521895,-0.45210841737392,0.310093930869429,-0.440941960510414,-0.219067489386328,-0.575559153269373,1.39402989796944,699.0000000001,1.0390625001,0.0368902424171448,0.0446044505893729,0.00348184080731305,0.00348184080731305,0.432850777865074,1.0554321622476,3428.95990274682,0.0312500660060792,316,2,"SNETWORK (2 43 3428.95990274682 0.432850777865074 57000042 316)",57
28,57000043,0.2338680517209,110,-0.111841926944517,-0.494736954820113,-0.562675121066356,-0.564925299345405,-0.567713055283144,0.25346156911172,0.393091376894161,1.06679806282894,-0.864993839149594,-0.75792138565841,-1.48656700457224,0.689518223412886,-0.75792138565841,-0.75792138565841,-0.279638853745201,-1.02942276619247,-0.995033286115216,1.26682233792644,-1.70808897234993,0.393782383419688,-1.16859716859717,-1.44967682363804,0.0792141951837772,0.2338680517209,-0.5,-0.519551427347364,-0.574853577611564,-0.5663026754107,0.489496308321035,-0.526126463163155,0.248908002599989,2.1649669431718,-0.820804342462374,0.432018509794166,0.0924761769269759,0.0399850261056294,15461.0000000001,2.28592623812996,0.0328655200864648,3101.0000000001,0.162943499774653,2.44886973780461,0.0636897321116533,0.437277712887701,2.4885621442102,1.34495507990455,1.68555264686233,0.413635255117955,1.56614118104482,0.486169018437446,0.198932679829894,0.959235312431878,0.350347735304631,0.0618659010705631,586.0000000001,1.45013671885036,0.0618659010705631,586.0000000001,1.45013671885036,0.575425055150874,0.350467532030526,1e-10,-1.25437781248882,-1.41105219959301,-1.46244252941198,-0.595201827875095,0.474576257488161,-0.569126424378405,-0.323585971028251,-0.331945636842458,-0.320942234741688,0.979157556878333,0.613043681453723,1.23692675488814,1.21632013750544,0.156063440195899,0.102256039651238,-0.0109426536304753,0.572772102337116,-0.00650794631646661,0.410024664430051,0.899467049521592,-0.187943216701152,15461.0000000001,0.0755208334333333,0.0594519288865892,0.00423780312506414,0.0377148762040887,0.0377148762040887,0.387395591045357,0.654024096205831,1923.70206540059,0.125,22,2,"SNETWORK (2 28 1923.70206540059 0.387395591045357 57000043 22)",57
41,57000044,-0.191618478477188,80,-0.407894617963011,-0.251052105764176,0,0,0,0.528238942208768,0.62451178288355,0.0995080761915387,-0.254933901384625,0.734383254034044,0,0.029520098606101,0.734383254034044,0.734383254034044,0.479724060200406,-0.592000555717101,-0.740497504112479,-0.261199508570886,-0.758639227571046,-0.606217616580312,0,0,-0.712927756653993,-0.191618478477188,0,0.214120012339326,1.57442768147789,1.599646204153,-0.0573578420693764,1.74546789172361,-0.194403165884052,-0.706135705683093,-0.244743811168682,-0.00389079916867953,0.148681055287542,0.0799701241440398,3662.0000000001,3.48200599030464,0.232588830424623,798.0000000001,1.18699061547363,4.66899660567827,0.082542300806541,-0.596342266948094,-0.879015930762694,-0.0267066103422205,-0.885908476809562,-1.06287876224914,-1.03632423066155,-0.850028074952497,-1.27196211573705,-1.07994765482314,-0.980122124948033,0.093780589147863,854.0000000001,3.203544921975,0.093780589147863,854.0000000001,3.203544921975,1.62446045832411,0.871822783933898,1e-10,-0.10018493252683,-0.200019434060607,-1.02909897762167,-0.0591762472950592,-0.161532092559088,-0.175287928290824,0,1.49871635330658e-15,1.55600483282998e-15,0.259329614537373,-1.11810343015662,0.750581232196094,-0.0146015318224894,0.156063440195899,-0.65548693647284,-0.489013792381805,0.355603011636247,-0.829713419166918,0.296516334441834,0.143438994441701,-0.187943216701152,3662.0000000001,0.7734375001,0.0615577199525189,0.0209845807540221,0.0566348598224282,0.0566348598224282,0.484069731647805,1.21527817881494,2582.98102295375,0.0625,239,2,"SNETWORK (2 41 2582.98102295375 0.484069731647805 57000044 239)",57
28,57000045,-0.197588632389752,95,-0.361841926944517,-0.698245294676348,-0.562675121066356,-0.564925299345405,-0.567713055283144,0.265181484061937,0.356449653239242,1.07157055467146,-0.564365223565775,0.27399716207024,-0.818732188707368,0.824947083701664,0.27399716207024,0.27399716207024,-0.0983435050018533,-0.81536792085044,-0.824386420378544,1.2978151172206,-1.46090467468535,0.393782383419688,-1.16859716859717,-1.44967682363804,0.0792141951837772,-0.197588632389752,-0.5,-0.476249978916424,2.43654904061054,2.50228531681774,1.02245919387786,2.92690408253572,-0.178187926254933,3.1959039214761,-0.537021136606629,-0.425849384956025,0.114289683580724,0.0399850261056294,14792.0000000001,2.70289200559166,0.0430202237676292,9789.0000000001,0.673295571862941,3.3761875773546,0.0511649806661357,-0.742627560417012,0.316150963647003,3.21237854346634,1.30393600452702,-2.17385613861854,1.06077820161233,-1.49077127184514,0.357863944408122,-1.96356597426637,-1.27270471802688,0.125313078090136,811.0000000001,4.065156250101,0.125313078090136,811.0000000001,4.065156250101,1.81159547418203,1.00880838600965,1e-10,-0.377631682626984,-0.558264706331515,-0.0298292873938225,-0.0104026886205104,0.163105427025753,-0.753964085062822,-0.323585971028253,-0.331945636842458,-0.320942234741691,1.21483607052519,-0.512612910887513,1.65464424559984,1.39130321790429,0.156063440195899,-0.488670568386843,-0.475884769235204,0.183869015838463,-0.589691252698302,0.998276038829153,0.795371213376838,0.33222030854832,14792.0000000001,0.661458333433333,0.0409614139525387,0.010203566613597,0.0616060677229135,0.0616060677229135,0.170441330514817,0.424931143700891,1751.46591349164,0.125,9,2,"SNETWORK (2 28 1751.46591349164 0.170441330514817 57000045 9)",57
29,57000046,-0.777727946720634,58,-0.361841926944517,-0.698245294676348,-0.562675121066356,-0.564925299345405,-0.567713055283144,0.0717029825489753,0.101160450609254,0.971543860201435,0.267711574741209,0.885079561415931,-1.17115237654565,0.881267958079743,0.885079561415931,0.885079561415931,0.010578833623824,-0.304380207095301,-0.423673672349296,0.754188181084766,-0.698387519020397,0.888230940044412,-1.64368450082736,-1.9192718638702,0.441336230309614,-0.777727946720634,-0.5,0.110207114486799,-0.120645159180835,-0.119691149994033,-0.1762355194371,-0.114870078866502,-0.766245397054082,1.54856717269226,0.264212517476766,-0.517696298462365,0.548442009797465,0.0399850261056294,6648.0000000001,5.82930112080129,0.32956043237542,1683.0000000001,0.886776030168396,6.71607715086968,0.16094287895661,0.670186471582342,0.205926724947041,-0.600739489909684,0.172526302762785,0.867495991880727,1.12388029976778,0.942106131763006,1.30989066200791,0.898123297135302,1.04579800636264,0.14362415441701,485.0000000001,2.78630859385068,0.14362415441701,485.0000000001,2.78630859385068,1.4272247587782,1.15112130006117,1e-10,0.518232326925431,-0.105429907902524,0.0856112210280027,-0.049027430215549,-0.118644023962116,-0.921164041933264,-0.32358597102825,-0.331945636842455,-0.32094223474169,0.398495742762682,0.725599161150008,-1.51658282327086,0.604676879111585,0.100411000927929,-0.315578953033395,-0.393902988091599,-2.60738500057439,0.359153425066319,0.717414004087114,0.391802951781414,0.206871201418583,6648.0000000001,0.1875000001,0.139692335723125,0.0212505431334849,0.0667706037906004,0.0667706037906004,0.707975450624879,0.994861591607332,1345.24003983905,0.25,76,2,"SNETWORK (2 29 1345.24003983905 0.707975450624879 57000046 76)",57
28,57000047,0.348334038754236,113,-0.111841926944517,-0.494736954820113,-0.562675121066356,-0.564925299345405,-0.567713055283144,0.211420695863633,0.387596148234042,1.04393971774303,-0.927757937751046,-1.15015866761561,-1.74080470748888,0.553394077944191,-1.15015866761561,-1.15015866761561,-0.416188325775097,-1.18137339754991,-1.08911190684093,0.927471159874442,-1.79494816469725,0.393782383419688,-1.16859716859717,-1.44967682363804,0.0792141951837772,0.348334038754236,-0.5,-0.789361443004216,0.219929366394943,0.219304784883183,1.15049203059228,0.215775251273059,0.366119479672016,2.74680541848843,-0.88050991035447,0.348010549320871,0.115620193569873,0.0399850261056294,6593.0000000001,1.21874131306591,0.0584561242371534,8124.0000000001,0.759267301503936,1.97800861446985,0.0445835709448486,-0.280548500778635,-0.72163886228637,2.2398183189942,2.74646942953725,0.682886275829946,1.56682294247721,0.6980238058179,0.0453354280606511,0.754756058505058,0.234028494824239,0.0944046137987118,524.0000000001,1.97872070322549,0.0944046137987118,524.0000000001,1.97872070322549,0.825296950044776,0.540182172376144,1e-10,-0.362028835490739,-0.369306031714317,-0.105235417636668,0.113879519820114,0.474576257488161,-0.569126424378405,-0.323585971028251,-0.331945636842457,-0.32094223474169,1.2216103605298,-0.565767211813174,1.36407058144005,0.267706076606735,0.156063440195899,-0.157640571218523,-0.293338071845827,0.223852863879215,-0.215362529659539,0.350736651323375,0.628813024727,0.33841392392016,8124.0000000001,0.0859375001,0.0274699711990232,0.0171135996458254,0.0445996210578022,0.0445996210578022,0.425449826456819,1.87364082588886,1953.91265013434,0.125,25,2,"SNETWORK (2 28 1953.91265013434 0.425449826456819 57000047 25)",57
29,57000048,-0.971644882708592,40,-0.361841926944517,-0.698245294676348,-0.695629464068801,-0.700108350003007,-0.706051805186474,-0.0650712748325252,-0.0453921880051441,0.909546525225,0.42118288327799,0.889198896953966,-1.23933951570779,0.824065806015624,0.889198896953966,0.889198896953966,-0.0992738614664724,0.0513864662707574,0.0487979542438327,0.564716985303457,-0.220276509135238,0.888230940044412,-1.64368450082736,-1.9192718638702,0.441336230309614,-0.971644882708592,-0.5,0.629289194192688,2.10346387126069,2.15150108703545,-0.331479139376184,2.44910960218294,-0.965880393050178,-0.620118603809793,0.394802204128629,0.0675432196757434,0.594102688461529,0.0399850261056294,1995.0000000001,1.89495623109031,2.47306899092513,81.0000000001,0.320269820673442,2.21522605166375,0.0356282516682843,0.085559744638394,2.10053282127919,-0.0613151562352384,-0.804415164379109,-0.849745592982975,-1.03967266135833,-0.616872928683616,-0.67452003841854,-0.626041444456089,-0.923196248171751,4.57789171016944,45.0000000001,8.24020507822702,4.57789171016944,45.0000000001,8.24020507822702,3.78522197970636,2.9631763309779,1e-10,-0.332495199415519,-0.426137091923998,-1.10431778124261,-0.108699331471609,-0.118644023962116,-0.921164041933264,-0.410685222838758,-0.422920211961402,-0.418765903871074,0.762333253112731,1.15481459587472,-0.786403802461015,1.34524910746982,-12.5480238104713,0.59115673288788,1.51438822145309,1.78166269403076,0.238407118683341,-1.39180562717152,-1.35412998202627,-0.187943216701152,1995.0000000001,1.33333333343333,0.0304772405782027,0.00515101099008155,0.132530086169093,0.132530086169093,0.484383597910231,0.0437966593604607,1137.81055500867,0.25,60,2,"SNETWORK (2 29 1137.81055500867 0.484383597910231 57000048 60)",57
37,57000049,0.365098763598039,39,0.638158073055483,0.521052073640444,0.623124281295046,0.615977027310147,0.618989232093641,-0.573679384366667,-0.590886586558728,-0.170616904220857,1.93052509937417,-0.386400141317985,0.0978652820401947,-0.473120937793458,-0.386400141317985,-0.386400141317985,-0.647087406231315,-0.0236629489805358,0.0813971727576096,-0.582830914339868,0.0104376958236786,0.55958549222798,-0.876876876876878,-0.0954139735303178,0.476341360371778,0.365098763598039,0.5,-0.477579316710236,0.120411563514954,0.119892959994737,0.553458420212255,0.11710306477538,0.360092051931009,-0.0597867976492618,1.82128793486306,0.126486864475245,0.0663700919847507,0.0799702643258065,129.0000000001,0.0547544211268899,0.0784557323550847,3447.0000000001,1.72950979321975,1.78426421424664,0.0409427912082841,-0.760419939103905,-1.05255403865763,0.143372099392906,0.224048984835826,0.0932693412728573,-0.0471611873326272,0.0967789947794206,1.19362267851262,-0.00425821871643486,-0.145558168955764,0.0147111003604167,600.0000000001,0.353066406349875,0.0147111003604167,600.0000000001,0.353066406349875,0.056818654050012,0.465547938696288,1e-10,-0.0800605257033572,-0.0207949431073514,0.324612103359092,0.272331628767272,0.881355976037885,0.430873575621596,0.67641402897175,0.668054363157545,0.679057765258312,0.792301431465829,0.0162612526888215,0.821701358542254,-0.182262414100864,-0.105096354234066,0.482349345445999,0.605025003719043,0.538843454666551,0.444681886188518,-0.841770698875136,-0.220345179617262,0.238586295482184,3447.0000000001,0.111979166766667,0.00125642761009539,0.0396863634981887,0.0081016723890048,0.0081016723890048,0.452292221077572,1.95694371977281,4690.83963992299,0.0312499339939208,154,2,"SNETWORK (2 37 4690.83963992299 0.452292221077572 57000049 154)",57
28,57000050,0.829852478269766,126,-0.111841926944517,-0.494736954820113,-0.562675121066356,-0.564925299345405,-0.567713055283144,0.171379417050044,0.365589840788823,1.15054093075568,-1.02294829758648,-1.81407842222583,-1.39032058734865,0.26621088189237,-1.81407842222583,-1.81407842222583,-0.655859134103869,-1.49608167660467,-1.3514058600417,0.385048709331409,-2.01963323233037,0.393782383419688,-1.16859716859717,-1.44967682363804,0.0792141951837772,0.829852478269766,-0.5,-1.05000532952875,-0.567600514804293,-0.559221723942,1.61491269206454,-0.519813988347489,0.848453857578403,2.19915701155604,-0.968974422238671,0.846417581459127,0.0870027354550732,0.0399850261056294,13352.0000000001,1.8572655206557,0.0452326702982372,3940.0000000001,0.284933303695872,2.14219882425157,0.0556410484160402,-0.682275533355769,1.56831182863253,1.43040183697508,1.16921640900084,-0.263374325746953,1.57949600843984,-0.312018010661939,-0.211935489177408,-0.760762553274752,-0.265453759089648,0.0458254807187396,599.0000000001,1.09797851572527,0.0458254807187396,599.0000000001,1.09797851572527,0.408953046693561,0.0970589129131555,1e-10,-0.231778524706205,-0.488112429909039,-0.157964269892168,-0.0057000205515057,0.474576257488161,-0.569126424378405,-0.323585971028251,-0.331945636842457,-0.320942234741691,1.19305851576985,0.72375505742199,1.22757380205682,0.0447330289258598,0.156063440195899,-0.482311392391131,-0.60684980710444,0.013905378561713,-0.536776645227729,0.251509956211439,0.468236271150719,0.441967726528589,13352.0000000001,0.1093750001,0.0482402470769181,0.00740080123912212,0.0285186766742232,0.0285186766742232,0.613262901861539,1.96702942997217,2103.01413035782,0.125,34,2,"SNETWORK (2 28 2103.01413035782 0.613262901861539 57000050 34)",57
42,57000051,-1.00137907450646,5,-0.407894617963011,-0.251052105764176,-0.192309249631537,-0.194095720002018,-0.196546296696359,0.550527206037548,0.978569126761359,0.72608588544325,0.70139367486025,0.0200084874426285,-0.363612623959597,0.0906520245490276,0.0200084874426285,0.0200084874426285,0.58120250519911,1.0853635329358,0.868195809564808,0.439996914331805,1.05035330620481,-0.606217616580312,0,0,-0.712927756653993,-1.00137907450646,0,0.163680285455557,0.925107134477878,0.931798312667115,-0.0946522244480116,0.966683515900331,-0.988293835755799,0.429648080023034,0.659442388354305,0.0250765483549822,0.332715255651802,0.0799701241440398,6106.0000000001,12.9922704915407,0.0636939380490084,18.0000000001,0.00733206237327121,12.999602553814,0.258161919499586,-0.328500628877476,1.49356729945158,-0.0984277900435083,-0.144705248331253,-0.0666869903347119,0.140594484712306,-0.0588798773188379,0.763102533667034,0.0363291966169854,-0.0462255376301313,0.229521598692836,855.0000000001,7.849638671975,0.229521598692836,855.0000000001,7.849638671975,3.82075902862532,3.60681326931549,1e-10,-1.33591699484113,-1.25415554659337,0.245826440298383,-0.727414499691727,-0.305084586862669,-0.363341583505642,-0.487990783359437,-0.503664629107672,-0.505590738712637,0.13423237514253,-1.58413982208808,0.472461498454867,1.89667398303843,-1.7162773286338,-0.175821049660306,0.0360869873539628,-0.89564417537581,0.0632981918469648,0.122980712006411,0.891993109948231,6.0242573131474,6106.0000000001,0.776041666766667,0.25801631038871,0.000145609010875813,0.155887672546227,0.155887672546227,0.72674320862149,0.0434192568063736,1742.82106695568,0.0625,276,2,"SNETWORK (2 42 1742.82106695568 0.72674320862149 57000051 276)",57
37,57000052,-0.0136618072042628,7,0.638158073055483,0.521052073640444,0.649161038498292,0.645874990233288,0.652741863980251,-0.613960194640579,-0.634308143915375,-0.149697769358065,2.12674296375192,-0.284873466004131,0.0791907333848958,-0.473511118560929,-0.284873466004131,-0.284873466004131,-0.604131544523988,0.161506270008404,0.318186803533921,-0.414593110654394,0.184777112713241,0.143005181347151,-0.438610038610039,0.349030470914128,0.119771863117871,-0.0136618072042628,0.5,3.91035988776905,0.0108523772340353,0.0107879672899107,-0.986755521199577,0.0104528362180474,-0.0165691611617047,0.364085382159093,2.00687227568057,-0.703218396016788,0.231234427435669,0.0799702643258065,2371.0000000001,3.50623572444572,0.191205180350108,32.0000000001,0.039129715978947,3.54536544032467,0.0829733580603445,0.0758159748894656,0.739318505814443,0.64223682466039,0.104924261291484,-0.612379011483393,0.336153095171124,-0.650542570761875,1.61928603859606,-0.706094202911086,-1.94263790473509,0.157350152459959,241.0000000001,1.51685546884946,0.157350152459959,241.0000000001,1.51685546884946,0.827129660932917,0.289420227690202,1e-10,-1.10393257061019,-0.483433078186751,0.213828585810655,-0.316916307015317,0.881355976037885,0.430873575621597,0.843324969095807,0.843044929020692,0.852244106229465,-0.0537192567728799,-0.32450459244345,0.945987343178475,-0.817176652097264,0.156063440195899,0.633187010566913,0.884738101535928,1.5066105028292,0.360954797100466,-0.294176851689995,0.878505810441165,-0.187943216334773,2371.0000000001,0.822916666766667,0.0820575923002876,0.000915765660056952,0.0354994693508039,0.0354994693508039,0.0737691984541734,1.1018295660615,4306.59452926034,0.0312499339939208,128,2,"SNETWORK (2 37 4306.59452926034 0.0737691984541734 57000052 128)",57
29,57000053,-0.568772932018915,74,-0.361841926944517,-0.698245294676348,-0.562675121066356,-0.564925299345405,-0.567713055283144,0.0227572359640194,0.0791579147839245,0.943264778884492,-0.0822421318630829,1.08033421121196,-1.31935066359698,1.05805783505138,1.08033421121196,1.08033421121196,0.0712690489073753,-0.556788596211685,-0.587906923580735,1.55670382783255,-1.22413882843954,0.286010362694301,-0.898841698841699,-0.947368421052628,-0.0475285171102662,-0.568772932018915,-0.5,0.145478047740284,-0.0843773129635996,-0.0837561650007242,-0.201883923452898,-0.0805940882079954,-0.56417843928736,-0.324342231696666,-0.0760917838638046,0.150157461043839,0.405682267434207,0.0399850261056294,5485.0000000001,3.55760250581949,0.155062735821983,3625.0000000001,0.898690639848169,4.45629314556766,0.106094879294429,-0.244494159100701,-0.316195621890328,0.879292112539864,0.344172337848198,-0.620522392241549,-0.255421838404714,-0.670766386301218,-0.214758307319427,-0.689172908613064,-0.731235744748695,0.0433000312794051,664.0000000001,1.15004882822528,0.0433000312794051,664.0000000001,1.15004882822528,0.653733052140881,0.0656878600154475,1e-10,-1.25637868539288,-1.4197275754615,-1.46505846241919,-0.545926570679046,-0.118644023962116,-0.921164041933264,-0.323585971028251,-0.331945636842457,-0.320942234741691,1.19820633417916,1.72832421184874,-0.924439209937104,1.0280335439295,0.156063440195899,0.256031218512039,0.239727341019989,-1.31424054594023,0.677707814163818,1.3662880444933,0.812609596917266,-0.187943216701152,5485.0000000001,0.278645833433333,0.0846989629598298,0.0213959162345996,0.0273802210726966,0.0273802210726966,0.895537204162566,0.219962985415309,1519.2438661764,0.25,88,2,"SNETWORK (2 29 1519.2438661764 0.895537204162566 57000053 88)",57
42,57000054,-1.01917530223315,3,-0.407894617963011,-0.251052105764176,-0.192309249631537,-0.194095720002018,-0.196546296696359,0.542145867937022,0.970632824780026,0.727044943963875,0.702730266134815,0.0187955854498473,-0.365082504859328,0.0907608626933033,0.0187955854498473,0.0187955854498473,0.578904995766395,1.0899351205474,0.873639823460982,0.439452421176846,1.05596741247556,-0.606217616580312,0,0,-0.712927756653993,-1.01917530223315,0,0.0972722757609791,0.0964088871384519,0.0959593853641632,-0.138548147462481,0.0935616449618047,-1.01379998936221,-0.366646217733944,0.668660251665433,0.00304401085688543,0.150341313962219,0.0799701241440398,1747.0000000001,1.67968090719289,0.0946617757620981,160.0000000001,0.0968612722541474,1.77654217934703,0.0409419668460427,-1.3713197230395,0.845544786088567,-0.167527781813428,-0.153554910371112,0,-0.343601102352331,-0.000340420055128438,0.304733108814146,0.63160548197772,0.874291178266989,0.0755092076892857,343.0000000001,1.035986328225,0.0755092076892857,343.0000000001,1.035986328225,0.599813497531033,0.0308955152670251,1e-10,-2.61706946689702,-2.59438749056495,-1.85537189550666,-0.839069621247839,-0.305084586862669,-0.363341583505644,-0.487990783359437,-0.503664629107672,-0.505590738712639,-0.363650218653798,-1.18348503373706,0.307740954345647,14.1775523157799,0.156063440195899,-0.0453053167003287,0.323625698504173,-0.359994932110825,0.0716572101459954,-1.0165444541565,0.914198632763441,-0.187943216701152,1747.0000000001,0.557291666766667,0.0387097140982642,0.00223225264777857,0.0238752101081135,0.0238752101081135,0.383468404372256,0.477568914182484,1721.09717113115,0.0625,275,2,"SNETWORK (2 42 1721.09717113115 0.383468404372256 57000054 275)",57
41,57000055,-0.552815470300846,51,-0.407894617963011,-0.251052105764176,0,0,0,0.534448953068555,0.81422201457157,0.342126131731414,0,0.556510926047345,-0.0509662047517089,0.00055783309683044,0.556510926047345,0.556510926047345,0.518149954349776,-0.0483383591107312,-0.167189791531731,0.199271219099902,-0.237427762867927,-0.606217616580312,0,0,-0.712927756653993,-0.552815470300846,0,-0.427140399912655,1.03525386316546,1.04431831461142,0.648808071796126,1.09260970225878,-0.551494792012628,0.0225233709415879,-0.00302327494037339,-0.695910153152272,0.161098832480163,0.0799701241440398,3077.0000000001,3.17011800173352,0.148714730851894,1169.0000000001,1.11179326712753,4.28191126876105,0.083372727236411,-0.301861609296073,-0.339564068590445,-0.234813318757358,0.17191729155359,0.468915486392674,-0.203131295176968,0.415484853061139,-0.0897998155143075,0.614851321335428,0.576218889798691,0.0839104685842687,588.0000000001,1.97357421885,0.0839104685842687,588.0000000001,1.97357421885,1.04302946658276,0.370098783529171,1e-10,0.813577048353271,1.20273291993933,0.176957442072644,1.96879797869897,0.0148837960184178,-0.44779453107065,0,-1.49871635330658e-15,-1.55600483282998e-15,-0.125988001194288,0.560397968196921,-0.0807387835974481,-0.153456989600768,0.125898333069371,-0.333696093433144,-0.370478347958416,0.0734151030396271,-0.379852710292407,1.65732569537996,0.974899491340649,2.70320700926934,3077.0000000001,0.0807291667666667,0.0617250957708572,0.0216476313655538,0.0384272943784638,0.0384272943784638,0.290779852305683,0.498080918565392,2254.40877003324,0.0625,219,2,"SNETWORK (2 41 2254.40877003324 0.290779852305683 57000055 219)",57
28,57000056,0.0788735315799653,106,-0.361841926944517,-0.698245294676348,-0.562675121066356,-0.564925299345405,-0.567713055283144,0.29732079445562,0.390301738892433,1.08143116504545,-0.650912989300308,-0.098483365503238,-0.819470099549075,0.763536718378305,-0.098483365503238,-0.098483365503238,-0.204639999220005,-0.897008259305707,-0.889029262879103,1.44449745633479,-1.59943721600386,0.393782383419688,-1.16859716859717,-1.44967682363804,0.0792141951837772,0.0788735315799653,-0.5,-1.16496266616631,-0.290864124416464,-0.287812800534626,2.05338889452243,-0.272852367541019,0.0928420948418366,2.09643333682128,-0.618712065136936,-0.330286514486138,0.173967208962305,0.0399850261056294,16000.0000000001,4.45022679155935,0.0569723295282203,1861.0000000001,0.169513821953281,4.61974061341263,0.11415297349633,2.65020194592561,1.2301397369866,2.17788180493334,0.607587144831184,-1.6542797427661,1.44643305616882,-1.85515878666244,0.52544158141281,-0.757104606469528,-0.445808362338084,0.011481401088287,683.0000000001,0.313671875100077,0.011481401088287,683.0000000001,0.313671875100077,0.258361455004734,0.475217153714252,1e-10,2.1947047434064,1.47026479135216,-0.0477827968493383,3.23544167603574,0.311002133337744,-0.592059071118133,-0.178255080404253,-0.188971588047331,-0.187231664839859,0.0990318121920667,0.4575204884994,0.316734431286519,0.0707634960901464,-1.11242036750356,-0.871701652601108,-0.790520606199639,-0.123419811157671,-0.952917693860633,0.473640527753365,0.349467071730701,1.20150380059991,16000.0000000001,0.3281250001,0.109964316842634,0.00418865655369606,0.007750776547687,0.007750776547687,0.323702100812265,1.81478759426232,1873.13692953936,0.125,18,2,"SNETWORK (2 28 1873.13692953936 0.323702100812265 57000056 18)",57
37,57000057,0.0594714162142157,14,0.638158073055483,0.521052073640444,0.649161038498292,0.645874990233288,0.652741863980251,-0.611650488709015,-0.629548948276594,-0.15847471775298,2.0644069920431,-0.319327453205684,0.0523052945696299,-0.460752205033356,-0.319327453205684,-0.319327453205684,-0.619440592200818,0.104017212802551,0.247742716436704,-0.444648663170109,0.124460023563123,0.143005181347151,-0.438610038610039,0.349030470914128,0.119771863117871,0.0594714162142157,0.5,0.313138683668907,0.618165813354728,0.619969327145005,-0.257153635962735,0.628367854012851,0.056948078744715,-0.0492114850507359,1.99130849576445,-0.958313442157297,0.437788786972,0.0799702643258065,2366.0000000001,6.62424575257841,7.84217270516222,184.0000000001,9.22807864929042,15.8523244017688,0.332636878948666,3.3079853794954,2.59987750426495,0.0795397559185788,0.137002745685443,0.054660204932975,-0.162355910676998,0.0526702037811048,1.15262451415726,0.11639646988816,0.203759814927645,0.0487845285598214,168.0000000001,0.327832031349884,0.0487845285598214,168.0000000001,0.327832031349884,0.265055235328623,0.499238115582094,1e-10,-0.256215565418241,-0.354952852759088,0.331341897637168,-0.247337371099747,0.881355976037885,0.430873575621597,0.743755563230854,0.738656343142877,0.74893148843342,0.180821724587022,-0.916065031963937,0.81775261712721,0.900717614867076,-1.58858295347534,0.798325180168504,0.925968076880414,0.944040774472081,0.703693869079409,0.339427023568263,0.174024182527402,0.625276409311741,2366.0000000001,1.01302083343333,0.138999706036736,0.19363717281193,0.00687905577115869,0.00687905577115869,0.156367938721678,0.33166214171797,4390.44190497534,0.0312499339939208,134,2,"SNETWORK (2 37 4390.44190497534 0.156367938721678 57000057 134)",57
37,57000058,0.408152796970521,43,0.638158073055483,0.521052073640444,0.623124281295046,0.615977027310147,0.618989232093641,-0.562924248019426,-0.579028596748982,-0.172915185444049,1.89648727105653,-0.401509741944207,0.118884405101887,-0.461375357584385,-0.401509741944207,-0.401509741944207,-0.655462795915228,-0.055488658477364,0.0497776679555963,-0.580573804517185,-0.0282288207608893,0.55958549222798,-0.876876876876878,-0.0954139735303178,0.476341360371778,0.408152796970521,0.5,-0.447695689987198,-0.163115627345094,-0.161721170187627,0.455624752594231,-0.154731198709622,0.40121535299324,0.617020487915638,1.79139073937001,-0.347064196842033,0.0578333888343223,0.0799702643258065,39.0000000001,0.0144244848659679,0.0953673685826264,2080.0000000001,1.26858682299798,1.28301130776395,0.0309818583886467,-0.293782471623448,-0.0143966268116083,0.898764058948545,-0.202121500303735,-1.29002167801352,0.570197752771692,-1.41376392053381,1.73442144118141,-0.995814470721269,-2.48890382882849,0.0445950353005673,617.0000000001,1.10060546884961,0.0445950353005673,617.0000000001,1.10060546884961,0.410194858353353,0.0435589969303473,1e-10,-0.402503633470971,-0.135096596227228,0.322830651079757,0.097039374267097,0.881355976037885,0.430873575621597,0.67641402897175,0.668054363157543,0.679057765258312,0.584063086864289,-0.309692644546194,0.230063581523371,-0.799335482266974,-3.84636449145366,0.702825454701678,0.864307853245833,0.621133258292415,0.679090478812017,-0.316321931585296,0.126387809621593,-0.109189970554039,2080.0000000001,0.1562500001,0.000348319099166515,0.0306335391894802,0.0265771645665349,0.0265771645665349,0.495917212288052,1.94129132508533,4735.12410499767,0.0312499339939208,158,2,"SNETWORK (2 37 4735.12410499767 0.495917212288052 57000058 158)",57
43,57000059,0.221927284652751,67,0.0756580730554828,0.31473676207772,0.354270929498081,0.350983481983268,0.358474665810763,-0.627310907579113,-0.598882351466683,-0.174862805877392,-0.446136067776316,-0.141497329505702,0.624192945367684,-0.486811536934354,-0.141497329505702,-0.141497329505702,0.210920849033515,2.67033753173156,2.57677556943735,-0.843241187998254,3.30300055441442,-0.963730569948188,1.15057915057915,3.24099722991689,-0.29467680608365,0.221927284652751,0.25,-0.542776677937713,-0.305599305253531,-0.302324586604748,0.576573454390494,-0.286307210971513,0.218137880215994,1.29411597348888,-0.425337610000822,-0.463979951666123,0.0450399348343573,0.0799701818409082,1020.0000000001,0.293801555262343,0.0680194812528743,1224.0000000001,0.532440274587498,0.826241829749841,0.0204705624932863,0.0807707636412312,-0.339079369220349,1.25859348722789,0.922360442205812,-0.366328764847794,1.03957612406669,-0.412821142263021,0.509061362710151,-0.429778915301369,-0.273222145353817,0.027092266899812,931.0000000001,1.00891601572543,0.027092266899812,931.0000000001,1.00891601572543,0.366851476655912,1e-10,1e-10,-0.791241262249438,-1.08273084644088,0.112676597332788,-0.626156022195626,0,0.0363195055765458,0.676414028971747,0.668054363157543,0.679057765258312,-0.269293410594901,-0.157325081117558,-0.0480089552296735,3.07948111883385,0.156063440195899,0.390259378428564,0.200911117418185,0.0830682340971946,0.459627018056437,-0.676201979760016,-1.0830931608934,2.02262269599017,1224.0000000001,0.973958333433333,0.00727908325428661,0.0131914791389997,0.024996408444001,0.024996408444001,0.521032029374411,1.51280664352417,3557.58714835564,0.0312500660060792,323,2,"SNETWORK (2 43 3557.58714835564 0.521032029374411 57000059 323)",57
37,57000060,0.663721651189452,67,0.638158073055483,0.521052073640444,0.623124281295046,0.615977027310147,0.618989232093641,-0.452599231193964,-0.473800263027638,-0.156047735071325,1.61084657742135,-0.496940530469205,0.213355155752994,-0.471317453469067,-0.496940530469205,-0.496940530469205,-0.70220283303278,-0.36794041138927,-0.317089271617911,-0.869959444670003,-0.320871898379395,1.08031088082902,-1.42471042471043,-0.650969529085872,0.922053231939164,0.663721651189452,0.5,1.63931694878827,1.50811627601203,1.53095156535958,-0.793429517457536,1.66179763030831,0.654084412205158,-0.710827744072374,1.59051237766264,-0.0416478434231146,0.0440201187264555,0.0799702643258065,120.0000000001,0.0337823236076114,0.209481904378244,7568.0000000001,10.1387566313941,10.1725389549017,0.181985045467552,3.04391008951726,0.700704705341119,-0.0978224425025689,0.164890811889994,0.275961113865006,-1.02940131731622,0.226050481820316,0.0301227855903964,0.353578023971967,0.738712557666577,0.12844572497674,1293.0000000001,6.64321289072264,0.12844572497674,1293.0000000001,6.64321289072264,3.03029281836559,2.58609996509142,1e-10,-0.0389803833942257,-0.202049670598328,-1.00151723993766,0.166122656221666,0.881355976037885,0.430873575621596,0.676414028971749,0.668054363157543,0.67905776525831,0.553460969523358,0.514847879761933,-1.83425309701612,-0.44518827495987,-3.28276418030935,-0.823641388280699,-0.697430473487189,-1.06403737547984,-0.645114121792939,-0.424922119100788,-1.57413330911927,-0.187943216701152,7568.0000000001,1.91666666676667,0.000604360199894049,0.181380685167658,0.118845983746821,0.118845983746821,0.79056474586738,0.256230244354811,5034.22579070757,0.0312499339939208,175,2,"SNETWORK (2 37 5034.22579070757 0.79056474586738 57000060 175)",57
29,57000061,-1.03570737832891,34,-0.361841926944517,-0.698245294676348,-0.695629464068801,-0.700108350003007,-0.706051805186474,-0.0922938171590436,-0.0794351716534078,0.899705560208108,0.433476738438834,0.898677533390615,-1.21470532328898,0.811795508756119,0.898677533390615,0.898677533390615,-0.132044099553875,0.0974316057259041,0.130494040197755,0.63725949632679,-0.185496445819,0.888230940044412,-1.64368450082736,-1.9192718638702,0.441336230309614,-1.03570737832891,-0.5,1.47567035577246,2.68435548811604,2.76484958948587,-0.69979286128227,3.30096991629774,-1.02609450097877,-0.554786725838629,0.415438769635661,0.825608265171236,2.9456149846196,0.0399850261056294,1837.0000000001,8.65127071972045,1.9785393025313,116.0000000001,0.366942010906648,9.01821273052709,0.130756919188098,-0.00528286395068139,-0.474620826301702,-0.824899155053918,-0.0961481581518923,0.831711256226631,-1.08035900470072,0.55071409792337,-0.711717839335031,0.650239169424265,0.785030767009121,6.21312825530833,75.0000000001,18.6393847657296,6.21312825530833,75.0000000001,18.6393847657296,8.70111578403763,6.7583312421267,1e-10,-0.909740286511717,-1.42556312019321,-1.10398675113925,-0.573906841233574,-0.118644023962116,-0.921164041933264,-0.487990783359437,-0.503664629107672,-0.505590738712639,0.970358945201275,1.52448984319313,-0.841886710016905,-0.58161888271501,-4.75623303914345,0.573927243026331,1.55160022811475,1.80053311458327,0.213312729253869,-1.70622573977393,-0.667972410219627,-0.187943216701152,1837.0000000001,1.25520833343333,0.125436551488519,0.00532036759957829,0.270256269008629,0.270256269008629,0.408456347600461,1.46528551708941,1067.37171645025,0.25,56,2,"SNETWORK (2 29 1067.37171645025 0.408456347600461 57000061 56)",57
36,57000062,1.00815391816931,99,0.750000250966976,0.505263045179887,0.623124281295046,0.615977027310147,0.618989232093641,-0.15512629372531,-0.150833120670492,-0.0345545714622025,0.289135322905137,-0.359258172023229,0.606864592169299,-0.594046423766464,-0.359258172023229,-0.359258172023229,-0.733748084710668,-0.0166055954156367,-0.111507469609988,-1.27305106112189,0.211595250715168,0,0.0216216216216217,1.64542936288088,0.287072243346008,1.00815391816931,0.5,0.718511775729653,-0.187522284137952,-0.185849888311194,-0.573430395088747,-0.177504019387662,0.996565592780969,-0.505063538732262,0.269423472325027,0.771305880388754,0.265621182091365,0.0799702643258065,117.0000000001,0.198749309642654,0.342623512666066,1866.0000000001,4.08870582023147,4.28745512977412,0.103988488595258,-0.23083049103673,-0.270897484791567,-0.604717516389371,-0.338256173940996,0.286500270178165,-0.431518073326333,0.314251523960231,-0.076676864263017,0.319407708474004,0.312880500794489,0.162016736760079,506.0000000001,3.27921875009884,0.162016736760079,506.0000000001,3.27921875009884,1.440067584199,1.50284322801914,1e-10,-1.80883410582665,-1.97687025323757,0.208696933012776,-0.795488340042795,0.949152514976322,0.464889228842546,0.676414028971749,0.668054363157545,0.67905776525831,-0.0334602535750866,0.802936577055456,0.0823610233734531,-0.46265181414514,0.156063440195899,0.944111627541069,1.32501054409404,1.18839654052371,0.807824880991568,-0.261490534831254,1.07235141968936,-0.187943216701152,1866.0000000001,0.1328125001,0.0048204913319729,0.0991679971632855,0.0795345935861976,0.0795345935861976,0.852774784181098,1.07344098783511,5410.11656540325,0.0156249669969604,125,2,"SNETWORK (2 36 5410.11656540325 0.852774784181098 57000062 125)",57
35,57000063,1.08369771897713,106,0.953947685431969,0.757894567769832,0.623124281295046,0.615977027310147,0.618989232093641,0.101112351411439,0.0796217890536732,0.0194121759322463,-0.171118490208773,0,0.979437771752985,-0.180821108329135,0,0,-0.711916662489244,0.170888810135031,0.118741468282463,-1.11562817893796,0.391730831134792,-1.11917098445596,0.839124839124839,1.32040627885503,-1.18821292775665,1.08369771897713,0.5,0.153594600680394,-0.807969638654648,-0.792986375936343,-0.288835796185161,-0.724783501451224,1.07447546511435,0.285726713350417,-0.163019985196151,0.195969882690828,0.140515733928053,0.0799702643258065,211.0000000001,0.189611412379484,0.117477249588146,2182.0000000001,1.6393269475544,1.82893835983388,0.0496107115553476,0.0817193051807276,0.339826983804119,0.0210072136256256,0.467000424664646,0.513299086908026,0.499905515907995,0.629217225661217,0.386894281690984,0.940450729960917,0.791359684368964,0.111418833474506,506.0000000001,2.2551171875992,0.111418833474506,506.0000000001,2.2551171875992,0.955954925568036,0.996819441506148,1e-10,-0.451876003500345,-0.403510132610361,-1.2653769622541,-0.217132702281217,0.949152514976322,0.464889228842546,0.676414028971749,0.668054363157543,0.67905776525831,0.218635735536647,0.433173212240881,0.447430871939558,1.07285630487542,-2.87904571876724,0.539003851456911,0.803348282251249,0.28264917825899,0.5791898139353,-1.05955240609925,-0.422536636675199,-0.187943216701152,2182.0000000001,0.1328125001,0.00514328818856812,0.0444674232667795,0.0611709888917725,0.0611709888917725,0.205581564313768,1.69955589331417,5489.3489142594,0.0156249669969604,103,2,"SNETWORK (2 35 5489.3489142594 0.205581564313768 57000063 103)",57
37,57000064,0.52445497663702,54,0.638158073055483,0.521052073640444,0.623124281295046,0.615977027310147,0.618989232093641,-0.507805145135686,-0.539399132216399,-0.162069399705814,1.78158567062771,-0.447549751884408,0.143769454403503,-0.439970612507244,-0.447549751884408,-0.447549751884408,-0.671719211993194,-0.147391212497959,-0.056474762569781,-0.616457510891339,-0.128054196782587,1.08031088082902,-1.42471042471043,-0.650969529085872,0.922053231939164,0.52445497663702,0.5,0,0.756246922158,0.759931286886191,0.0436912247854178,0.778306029688619,0.517037713242097,0.175476600334159,1.69662307755572,-0.294413392751603,0.0643413501607158,0.0799702643258065,412.0000000001,0.169529174608108,0.115024027275624,2077.0000000001,1.52785495621697,1.69738413072508,0.0347452730474556,-0.240357794653617,0.0802161282593059,-0.546855024358126,-0.42162870445446,0.118731204886446,-0.00821814385047596,0.11112896615709,1.17708536984042,0.632217847541775,1.33559551175311,0.05329908677822,559.0000000001,1.19176757822458,0.05329908677822,559.0000000001,1.19176757822458,0.453288954439099,0.0165624855741962,1e-10,0.581409040646138,0.411156673049156,-0.824147276674935,0.658566955596659,0.881355976037885,0.430873575621597,0.676414028971747,0.668054363157543,0.679057765258312,0.758372935788282,1.30462940426346,-0.735470271392576,-0.0278153550532551,-0.434953904271384,-0.654023244428942,-0.554273781125086,-0.681852387222273,-0.550174482627999,-0.160759880765712,-1.10279911428376,0.945265824421354,2077.0000000001,0.00520833343333333,0.00347024420375126,0.0312750287437043,0.0243953557976399,0.0243953557976399,0.630601789277007,0.721140987840559,4871.84469290537,0.0312499339939208,166,2,"SNETWORK (2 37 4871.84469290537 0.630601789277007 57000064 166)",57
41,57000065,-0.269575430049809,74,-0.407894617963011,-0.251052105764176,0,0,0,0.530040578894393,0.642339327897725,0.121476033313363,-0.243907023369463,0.731402097159562,0.0101432396015458,0.0186301364077278,0.731402097159562,0.731402097159562,0.482021544403595,-0.581167788940167,-0.72305336333998,-0.232127032551436,-0.753809433590697,-0.606217616580312,0,0,-0.712927756653993,-0.269575430049809,0,0.651602347630644,0.587035839446421,0.588488135298299,-0.481938742968991,0.595064617705022,-0.268271442627584,-0.146635945393827,-0.230173534007731,0.316682876836258,0.255113469912506,0.0799701241440398,2667.0000000001,4.35122904402073,0.0851424643343123,1299.0000000001,0.707311804268525,5.05854084818925,0.106740611966643,-0.100827872154473,0.00229853091073474,-0.29196236074691,-0.81828448320572,-0.645026939149186,-0.242965717191958,-0.6167390916532,-0.371990449646961,-0.240290895946749,-0.264638672615737,0.014483463914069,478.0000000001,0.276923828225,0.014483463914069,478.0000000001,0.276923828225,0.240989940963914,0.527776757055697,1e-10,-1.18530268897308,-1.36375280154573,0.144757897561603,-0.749446922714249,-0.305084586862669,-0.363341583505644,0,0,0,-1.74522050602357,0.197043905540663,-0.361945450826771,1.11293893844998,0.156063440195899,0.564249704680415,0.684677079738967,0.884918144022273,0.44726366749545,1.05903666606658,1.51869094380382,-0.187943216701152,2667.0000000001,0.205729166766667,0.0918155777461878,0.014925034120455,0.00584338838850748,0.00584338838850748,0.447075341502444,0.0693432191570797,2520.0944913006,0.0625,234,2,"SNETWORK (2 41 2520.0944913006 0.447075341502444 57000065 234)",57
41,57000066,-0.431919408231281,62,-0.407894617963011,-0.251052105764176,0,0,0,0.481513475881999,0.611074702915732,0.177227459363511,-0.166231578361144,0.629706185542473,-0.102933358009433,0.0469251903154974,0.629706185542473,0.629706185542473,0.487583346114165,-0.316509659480768,-0.440743999417179,0.00289049004144464,-0.503114626457791,-0.606217616580312,0,0,-0.712927756653993,-0.431919408231281,0,-0.544879515937096,-0.419772253807221,-0.414538093706752,0.558319217983263,-0.389386663349652,-0.42709865181272,0.158506448252916,-0.157088576363188,-0.775973365196257,0.124691197455606,0.0799701241440398,1106.0000000001,0.881955071002423,0.077584246237996,682.0000000001,0.338386835239149,1.22034190614157,0.0308631430737887,1.11327299961067,2.63587253580958,-0.253666685984861,-0.40348622972252,-0.180945851075048,0.286916481363087,-0.208976522743874,0.206839002096208,0.464106718933824,0.35582066716404,0.0359076235303653,219.0000000001,0.31455078135,0.0359076235303653,219.0000000001,0.31455078135,0.258776931024807,0.469584964796764,1e-10,0.358924792855353,-0.272117896639427,0.0349885499358378,-0.435008885503935,-0.305084586862669,-0.363341583505644,-1.4637901463605e-15,0,0,-1.52130778465283,-0.945070761889994,-0.0183945792804303,0.597251898735804,0.00918296418128516,-0.401457606310769,-0.414269051871076,-0.257985206389338,-0.369918149239344,-0.618157708503086,-0.641453681770744,-0.187943216701152,1106.0000000001,0.880208333433333,0.022305146873152,0.00855799610063678,0.00795516869999626,0.00795516869999626,0.365588201417152,0.92615622829077,2381.57501323479,0.0625,225,2,"SNETWORK (2 41 2381.57501323479 0.365588201417152 57000066 225)",57
41,57000067,-0.0293922261682191,91,-0.407894617963011,-0.251052105764176,0,0,0,0.482740401104512,0.530163204034565,-0.0550356021676199,-0.462672904092615,0.798150081018636,0.0431904207561239,0.136237192189496,0.798150081018636,0.798150081018636,0.456089411593274,-0.236361379471651,-0.358524798740572,-0.21487425019735,-0.346517566423118,-0.606217616580312,0,0,-0.712927756653993,-0.0293922261682191,0,-0.392189968253972,-0.159204582968143,-0.157852977189735,0.376132175376578,-0.151072875551134,-0.0273835733525048,0.157886961856243,-0.439723661485319,0.518483133193824,0.152760557272258,0.0799701241440398,1469.0000000001,1.43512116324956,0.0580218814725208,646.0000000001,0.239706529562001,1.67482769271156,0.04041487802719,-0.0439089136778469,-1.00997951549642,-0.250618380706575,0.448039559026589,0.826816075860273,0.216390891406169,0.904071482388062,-0.211178058860222,1.07532748977894,0.703417464536982,0.0184352145281915,376.0000000001,0.2772656251,0.0184352145281915,376.0000000001,0.2772656251,0.241151514971734,0.504430272593389,1e-10,0.0722294153874285,0.131900069290152,0.109500362153723,0.146568503004147,-0.0987931999385139,-0.0930998451734749,0,1.49871635330658e-15,0,0.341613863836342,0.294621228100041,-0.384164851597574,0.619166101433472,0.156063440195899,-0.939450265368448,-0.787513211385637,-0.343120655024809,-0.972882039245805,1.4228527690801,0.91273265364015,-0.144896234389037,1469.0000000001,0.471354166766667,0.0346305753572635,0.00578430256992652,0.00669063237801379,0.00669063237801379,0.554598812336428,1.10870879973565,2702.87296461747,0.0625,247,2,"SNETWORK (2 41 2702.87296461747 0.554598812336428 57000067 247)",57
43,57000068,-0.440874983532393,16,0.0756580730554828,0.31473676207772,0.118081199488201,0.12698938418892,0.129762766215853,-1.12703075030543,-0.991555052628379,-0.259463580734913,0.43627174571351,-0.377837795207354,-0.0307159481190121,-0.521037203407746,-0.377837795207354,-0.377837795207354,0.357452979078126,3.04757019978696,2.95005325468852,0.271792113934265,3.44253865939086,0,0.0216216216216217,1.64542936288088,0.287072243346007,-0.440874983532393,0.25,0.60057834098113,-0.14548119819662,-0.144276272607755,-0.512269088778776,-0.138216341399193,-0.440712971689904,-0.762189513048676,0.409754091619377,0.697448659257814,2.00214426550706,0.0799701818409082,799.0000000001,10.2305342316844,0.155423502912783,750.0000000001,0.745476782251867,10.9760110138362,0.26420592542523,-0.315907378786719,-0.123092946832507,-0.662045317838553,-0.783462174806757,-0.179330776867485,-0.767149688754408,-0.196621295622973,-0.332610804102842,-0.170052556641584,-0.315085960145733,0.0298451207140351,342.0000000001,0.408281250100173,0.0298451207140351,342.0000000001,0.408281250100173,0.0829197809134516,0.417982400434418,1e-10,0.489801576887284,0.284568105109897,-0.980133345868061,0.51992287140802,0,0.0363195055765448,0,0,0,0.344572649194189,1.1479821710928,-0.606159479298343,-0.102930345723198,0.156063440195899,-0.816662466190656,-0.694470248818315,-0.7483768531911,-0.72153211427049,1.65719626449308,0.507787036635097,-0.187943216701152,799.0000000001,0.559895833433333,0.246261393127657,0.0179445321975733,0.00982782591182169,0.00982782591182169,0.117440162102984,1.23098866362125,2968.88025943439,0.0312500660060792,286,2,"SNETWORK (2 43 2968.88025943439 0.117440162102984 57000068 286)",57
28,57000069,-0.359243302939503,87,-0.361841926944517,-0.698245294676348,-0.562675121066356,-0.564925299345405,-0.567713055283144,0.276239145530059,0.376415154330249,1.06704469509691,-0.521897124240336,0.419404168682276,-0.776411490843861,0.831802345079345,0.419404168682276,0.419404168682276,-0.0591627964738216,-0.746207776665997,-0.751410146186435,1.34885904031407,-1.39249862006545,0.393782383419688,-1.16859716859717,-1.44967682363804,0.0792141951837772,-0.359243302939503,-0.5,-0.357425279121404,-1.71626271879519,-1.65884954512109,0.080717024985065,-1.42561231867167,-0.359950314720126,-0.266315683647488,-0.497044164816186,0.171701184186271,3.55174594190511,0.0399850261056294,3702.0000000001,21.0219535895392,0.211157314950887,5254.0000000001,1.773744103873,22.7956976933122,0.72883229371747,-0.319421386702122,-0.768636255830255,0.0113291950055321,0.250446873528501,0.279294553539853,0.225531253506751,0.400396252074863,-0.288025506132539,1.00539362720566,0.603146948126627,0.100988424149233,424.0000000001,1.71276367197542,0.100988424149233,424.0000000001,1.71276367197542,0.69957390635973,0.820189829547138,1e-10,-0.0647988036236798,0.296251391936779,-0.0218655882867555,0.664025193728164,-0.118644023962116,-0.921164041933264,-0.323585971028253,-0.331945636842457,-0.320942234741691,0.665605562364901,0.8671865207973,-0.139843925021498,-0.870836961577805,-0.325240074637786,-0.0906289123484297,0.0319370511008349,0.247626679593402,-0.143785106725544,0.753778115206967,0.616173323792759,-0.187943216701152,5254.0000000001,0.346354166766667,0.672121505430966,0.0567107881865042,0.0547610997565278,0.0547610997565278,0.0591959621475537,0.287658502404557,1663.15018224757,0.125,3,2,"SNETWORK (2 28 1663.15018224757 0.0591959621475537 57000069 3)",57
43,57000070,0.434901797001354,85,0,0.230175963096256,0.354270929498081,0.350983481983268,0.358474665810763,-0.261575153914584,-0.270265808524514,0.033965223727428,-0.93782066008117,0.114750580348901,0.961728314215364,-0.56621262603625,0.114750580348901,0.114750580348901,-0.246829111733928,3.38650127849921,3.53778053850828,-0.907023627033049,4.17676330072788,0.124352331606218,-0.494208494208494,-0.193905817174515,-0.237642585551331,0.434901797001354,0.25,0.116266126286418,0.0734567406078343,0.0730892337940847,-0.158159118570538,0.0711432963351311,0.431953012226756,-0.0747656750644073,-0.848026975902624,0.579759008115062,0.0748726774152535,0.0799701818409082,1395.0000000001,0.667965045768449,0.0613531487673001,1530.0000000001,0.600322267401451,1.2682873130699,0.0293497115214991,0.38264679974998,0.4164425435006,0.0138490285726686,0.667721096487197,0.750925711562819,-0.0489869182210792,0.787782425383352,-1.22955307927443,0.751867593990503,0.585142443426736,0.0145806690279359,843.0000000001,0.491660156350208,0.0145806690279359,843.0000000001,0.491660156350208,0.122334606021152,0.375276747833368,1e-10,-1.99861862233487,-1.86388340463826,-1.58563575830517,-0.767520158609267,0,0.0363195055765448,0.67641402897175,0.668054363157543,0.679057765258309,0.814789660937847,0.380921117506787,1.19579719085557,0.421326967904746,0.156063440195899,1.15155598479616,1.07930106495393,0.359443177878864,1.27111078220816,-0.297908646606064,0.220391867836486,-0.187943216701152,1530.0000000001,0.744791666766667,0.0154575238035853,0.0138921876179138,0.0113776141697754,0.0113776141697754,0.658554788067284,0.0864950188111828,3758.18731399649,0.0312500660060792,339,2,"SNETWORK (2 43 3758.18731399649 0.658554788067284 57000070 339)",57
37,57000071,0.377611342046917,40,0.638158073055483,0.521052073640444,0.623124281295046,0.615977027310147,0.618989232093641,-0.573679384366667,-0.590886586558728,-0.170973482731203,1.92731240732619,-0.389937302460008,0.0989220682869947,-0.475250735642558,-0.389937302460008,-0.389937302460008,-0.648028818682263,-0.0304124795547727,0.0735949659018317,-0.588365007934126,0.00391589862551671,0.55958549222798,-0.876876876876878,-0.0954139735303178,0.476341360371778,0.377611342046917,0.5,-0.473228478149467,0.0182778840503122,0.0181714279471713,0.527577420296852,0.0176164661804126,0.372525870043459,0.167983536899381,1.81780080598733,-0.759365058426063,0.0588468978290651,0.0799702643258065,69.0000000001,0.0259674752944447,0.0859350013316648,3087.0000000001,1.69653873159412,1.72250620678857,0.0402585577845318,-0.341724698757177,-0.712730660568481,0.367911049504594,-0.0568370237735177,-0.512350116143332,0.177628725339924,-0.5436223453115,1.40037075332208,-0.484078648703963,-1.29385801861177,0.0616677217475303,577.0000000001,1.42329101572449,0.0616677217475303,577.0000000001,1.42329101572449,0.782899930392207,0.22785523165128,1e-10,0.34975651958093,0.220984994259695,0.324445966077546,0.683083692984683,0.881355976037885,0.430873575621596,0.676414028971749,0.668054363157543,0.67905776525831,0.95327935130704,-0.129238847511902,-1.56173077792777,-0.301250977673794,-1.88553989739882,-0.125555368492103,-0.0142486406500205,-0.559638065871069,0.0317806077630618,-0.359571636477146,-0.114464886695757,0.149101625666687,3087.0000000001,0.0520833334333333,0.000606913980325769,0.039651643704206,0.0332652754642611,0.0332652754642611,0.461553654586853,2.69370141450781,4700.24107743399,0.0312499339939208,155,2,"SNETWORK (2 37 4700.24107743399 0.461553654586853 57000071 155)",57
37,57000072,0.0320331085516623,11,0.638158073055483,0.521052073640444,0.649161038498292,0.645874990233288,0.652741863980251,-0.602910966929594,-0.623140500129859,-0.153359527832033,2.11630432512583,-0.286614010399525,0.0883679204682676,-0.478577345596865,-0.286614010399525,-0.286614010399525,-0.604006964511488,0.134450860982788,0.284324026661184,-0.446873022600532,0.161454430721167,0.143005181347151,-0.438610038610039,0.349030470914128,0.119771863117871,0.0320331085516623,0.5,0.514248989424078,0.0270546181218059,0.0269005841115046,-0.450361247388729,0.0260957381503948,0.0296587693594968,-0.390799895224866,1.99667406859117,0.503440990486917,0.179393085855816,0.0799702643258065,2010.0000000001,2.30599743353317,1.02903544593491,28.0000000001,0.1842660932084,2.49026352664157,0.0581108083424435,0.452999320435329,-0.300879872002116,-0.755924400758861,0.373021291257814,1.29550814590601,-0.353110978493109,1.37067947932688,0.965554883760411,1.25006095667126,3.02576019888637,0.144177112050549,91.0000000001,0.524804687599814,0.144177112050549,91.0000000001,0.524804687599814,0.358168027835264,0.351335982348754,1e-10,-1.25311831876927,-1.28032453026857,0.333914102977677,-0.570691135047571,0.881355976037885,0.430873575621596,0.759869106100602,0.755550048397726,0.765650935743888,0.829467819724168,0.886042103479354,-1.7974509612592,0.178814782979835,0.156063440195899,0.280007793733165,0.54858653058842,-0.0110067120616297,0.356582472922561,-0.222266954606566,0.0395184907386791,-0.187943216701152,2010.0000000001,1.21354166676667,0.0538109213075546,0.00429988693488892,0.0122464246193216,0.0122464246193216,0.120154405601031,0.467861200682819,4353.68093613125,0.0312499339939208,132,2,"SNETWORK (2 37 4353.68093613125 0.120154405601031 57000072 132)",57
43,57000073,-0.381975378698905,22,0.0756580730554828,0.31473676207772,0.118081199488201,0.12698938418892,0.129762766215853,-1.1463376466926,-1.02601603810296,-0.287025000061253,0.375373305766138,-0.414682916720984,0.0533544249738937,-0.511055401600793,-0.414682916720984,-0.414682916720984,0.346628344824336,3.13648543933986,3.02727025360604,0.307285079166429,3.53889522314726,0,0.0216216216216217,1.64542936288088,0.287072243346007,-0.381975378698905,0.25,0.199785757136104,-0.335988211463583,-0.332231554410237,-0.273600216510591,-0.313945801510976,-0.380344337476182,-0.0352007517547441,0.35223949337939,-0.351533203036609,0.663314417333003,0.0799701818409082,897.0000000001,3.80511727055355,0.0992375697366897,838.0000000001,0.531834252519614,4.33695152297316,0.108040152850108,-0.00626123332452856,0.0894749069409971,0.958630085944796,-0.324781030687284,-1.49272347143621,0.0929950076053148,-1.68784988768691,0.500029128011238,-1.69064941851454,-2.013617188605,0.0291918206492424,330.0000000001,0.385332031350163,0.0291918206492424,330.0000000001,0.385332031350163,0.292236599844337,0.424281947688269,1e-10,1.93308799572437,0.973271076774214,-0.408766199433945,1.77840036750928,-3.01077401207183e-16,0.0363195055765458,-1.4637901463605e-15,-1.49871635330658e-15,-1.55600483282998e-15,-0.042664068180337,0.825359318218929,-0.351661642732926,-0.362193531793597,-0.981955685663384,-0.432896077274743,-0.407459117795306,-0.463091816939911,-0.351556804182749,0.11068113524541,-0.885539329981493,1.46315798993158,897.0000000001,0.591145833433333,0.0947913410983958,0.0132488116517127,0.00959921532353146,0.00959921532353146,0.164980985488939,1.00118647458207,3038.22657808426,0.0312500660060792,292,2,"SNETWORK (2 43 3038.22657808426 0.164980985488939 57000073 292)",57
37,57000074,0.15258394275159,21,0.638158073055483,0.521052073640444,0.623124281295046,0.615977027310147,0.618989232093641,-0.59744488525898,-0.620957158635156,-0.16797569625261,2.03560762692396,-0.328383800298942,0.073133743617916,-0.466529332399176,-0.328383800298942,-0.328383800298942,-0.623994760361213,0.0651258777097494,0.196491484903196,-0.498614231883792,0.0930468665544696,0.143005181347151,-0.438610038610039,0.349030470914128,0.119771863117871,0.15258394275159,0.5,0.950074871532053,-0.133908460712199,-0.132822781646577,-0.66552481433905,-0.127350471620841,0.148041437834911,-0.188458321450383,1.92014474874579,-0.0741210863373677,0.234901094566332,0.0799702643258065,2309.0000000001,3.46869436746959,0.184906873681084,715.0000000001,0.845504959377738,4.31419932674732,0.10363186846327,-0.17974654641943,0.903571961211435,-0.161850217303228,-0.490011009443782,-0.397779391049592,-0.104914182212258,-0.434190518531174,1.17939883137638,-0.328070477213644,-0.951443014431293,0.0910327923370317,347.0000000001,1.26353515634955,0.0910327923370317,347.0000000001,1.26353515634955,0.707380239137068,0.147564385603443,1e-10,-0.00601258714961978,0.0587234157662222,-1.13386051180541,0.495913877101996,0.881355976037885,0.430873575621597,0.676414028971749,0.668054363157543,0.67905776525831,1.10167586765315,1.59898947591598,-0.713042668711314,-0.331955192807853,-0.771858480413235,-0.605952681809258,-0.341687514721975,-0.65101901703272,-0.502518759177811,-0.334355697278385,-0.908188747658171,-0.187943216701152,2309.0000000001,0.5468750001,0.0833218984230408,0.0203099699402287,0.0303515204260568,0.0303515204260568,0.242096668161304,1.34494805202121,4477.46658554086,0.0312499339939208,139,2,"SNETWORK (2 37 4477.46658554086 0.242096668161304 57000074 139)",57
43,57000075,0.434901797001354,85,0,0.230175963096256,0.354270929498081,0.350983481983268,0.358474665810763,-0.261575153914584,-0.270265808524514,0.033965223727428,-0.93782066008117,0.114750580348901,0.961728314215364,-0.56621262603625,0.114750580348901,0.114750580348901,-0.246829111733928,3.38650127849921,3.53778053850828,-0.907023627033049,4.17676330072788,0.124352331606218,-0.494208494208494,-0.193905817174515,-0.237642585551331,0.434901797001354,0.25,0.116266126286418,0.0734567406078343,0.0730892337940847,-0.158159118570538,0.0711432963351311,0.431953012226756,-0.0747656750644073,-0.848026975902624,0.579759008115062,0.0748726774152535,0.0799701818409082,1395.0000000001,0.667965045768449,0.0613531487673001,1530.0000000001,0.600322267401451,1.2682873130699,0.0293497115214991,0.38264679974998,0.4164425435006,0.0138490285726686,0.667721096487197,0.750925711562819,-0.0489869182210792,0.787782425383352,-1.22955307927443,0.751867593990503,0.585142443426736,0.0145806690279359,843.0000000001,0.491660156350208,0.0145806690279359,843.0000000001,0.491660156350208,0.122334606021152,0.375276747833368,1e-10,-1.99861862233487,-1.86388340463826,-1.58563575830517,-0.767520158609267,0,0.0363195055765448,0.67641402897175,0.668054363157543,0.679057765258309,0.814789660937847,0.380921117506787,1.19579719085557,0.421326967904746,0.156063440195899,1.15155598479616,1.07930106495393,0.359443177878864,1.27111078220816,-0.297908646606064,0.220391867836486,-0.187943216701152,1530.0000000001,0.744791666766667,0.0154575238035853,0.0138921876179138,0.0113776141697754,0.0113776141697754,0.658554788067284,0.0864950188111828,3758.18731399649,0.0312500660060792,339,2,"SNETWORK (2 43 3758.18731399649 0.658554788067284 57000075 339)",57
29,57000076,-0.833642130165573,52,-0.361841926944517,-0.698245294676348,-0.562675121066356,-0.564925299345405,-0.567713055283144,0.0294652277333167,0.0604933768907347,0.958022091935001,0.362042200084929,0.866140832769164,-1.23854428733498,0.866214024920715,0.866140832769164,0.866140832769164,0.00561792131276395,-0.159266594245232,-0.251667373806735,0.532852498573401,-0.463147789281667,0.888230940044412,-1.64368450082736,-1.9192718638702,0.441336230309614,-0.833642130165573,-0.5,0.328413245028672,0.155156836276241,0.154568256608148,-0.317523750437491,0.151357116075762,-0.829339641276421,-0.737008259590652,0.338695616415824,0.839984613818736,0.440005114477695,0.0399850261056294,4407.0000000001,3.10024160854624,0.959978575447572,372.0000000001,0.570951536736528,3.67119314518276,0.0837166444249055,-0.142561914918837,-0.157320363932337,-0.794787315937961,-0.350916777539913,0.48986256159842,-0.795646239206262,0.506433566787648,-0.420030374365543,0.533685835031212,0.600272977525984,0.0528361003604167,384.0000000001,0.811562500100199,0.0528361003604167,384.0000000001,0.811562500100199,0.493724003996378,0.178831956733195,1e-10,-0.204947110297418,-0.217859054131569,-1.16518425391971,-0.166382572323166,-0.118644023962116,-0.921164041933264,-0.323585971028253,-0.331945636842457,-0.32094223474169,-0.138750470612079,-0.720284014880482,0.887535047902594,-0.155996110237364,-0.755511767519985,0.443751102162372,0.632547204093704,-0.293221575893843,0.622618866699044,-0.477220226067039,-0.306529865089505,-0.187943216701152,4407.0000000001,0.450520833433333,0.0706968589770875,0.013019785347818,0.0185065962140807,0.0185065962140807,0.633423450899156,0.689672065296505,1276.07704168671,0.25,71,2,"SNETWORK (2 29 1276.07704168671 0.633423450899156 57000076 71)",57
43,57000077,0.472445138341915,87,0,0.230175963096256,0.354270929498081,0.350983481983268,0.358474665810763,-0.241570652285854,-0.25719862830476,0.0285327817859646,-0.93987775758968,0.115626000643308,0.968043902668167,-0.570626747458969,0.115626000643308,0.115626000643308,-0.251627413074235,3.35412976445703,3.50269109777614,-0.939165180837721,4.14704745735884,0.124352331606218,-0.494208494208494,-0.193905817174515,-0.237642585551331,0.472445138341915,0.25,-0.143249238535876,-0.157648671336036,-0.156313983499847,0.0662103283082052,-0.149616803181538,0.466647886141022,1.21049803067887,-0.890632453326754,-1.86758808180178,0.0452433704886765,0.0799701818409082,1887.0000000001,0.545987897725716,0.0783498210743277,1811.0000000001,0.907428937956054,1.45341683558177,0.0350622398352755,1.65036993704391,0.983731268493306,1.13559110103389,0.0312688229908407,-1.20854955398081,0.947630141880004,-1.32321790757579,-0.473588026208132,-1.09692545202045,-0.437132365387773,0.0217210648412258,983.0000000001,0.854072265725361,0.0217210648412258,983.0000000001,0.854072265725361,0.293653834713103,0.121046065249984,1e-10,0.896717805692937,0.694985903906455,-0.00642714201163675,0.738046881611238,0.616806262910661,0.15672320922846,0.676414028971749,0.668054363157543,0.67905776525831,-0.288850082975458,0.25696120173537,0.552712077711808,-0.0287353731883802,0.156063440195899,0.522906457774912,0.471193865652077,0.197649554831347,0.58323009326818,-0.355422565461055,-0.567387128060653,0.978613881034545,1887.0000000001,1.1093750001,0.0131714165487606,0.0218908231865149,0.0206036463852299,0.0206036463852299,0.674105435234897,1.24180662201252,3780.87055877209,0.0312500660060792,341,2,"SNETWORK (2 43 3780.87055877209 0.674105435234897 57000077 341)",57
37,57000078,0.436396024004865,46,0.638158073055483,0.521052073640444,0.623124281295046,0.615977027310147,0.618989232093641,-0.560025250430223,-0.576753321713513,-0.177291371567957,1.88762539244965,-0.409118559650304,0.128590338788912,-0.464960573450694,-0.409118559650304,-0.409118559650304,-0.655519193793139,-0.07813935396548,0.0230166885657398,-0.597654260697569,-0.0505324742754878,0.55958549222798,-0.876876876876878,-0.0954139735303178,0.476341360371778,0.436396024004865,0.5,-0.157830762293261,0.600281117734185,0.601879555687413,0.197784920991431,0.609212307301821,0.429601999048117,0.4024623524206,1.78284069413603,-0.242170882401097,0.254355249995541,0.0799702643258065,904.0000000001,1.47050395976191,0.0773359088910889,2026.0000000001,1.00202301407598,2.47252697373789,0.0520490481980941,2.34630352130352,0.708017639307277,0.104998225637044,0.805463924301858,0.772822436305054,0.206556565708897,0.738498993957739,1.411811378407,0.694741528501605,1.51884480418213,0.0117046650639423,572.0000000001,0.267802734474905,0.0117046650639423,572.0000000001,0.267802734474905,0.0165128636992194,0.533450102529719,1e-10,1.32537236722792,0.849028866917542,0.32217993781,1.03911435099554,0.881355976037884,0.430873575621595,0.676414028971747,0.668054363157543,0.679057765258309,-0.528807816159771,-0.783488541869906,0.199155165202802,-0.0214409747963245,0.0157053586546421,0.155290091467039,0.230541131294222,0.490811309410937,0.0771283480844325,-0.945423701770325,-1.08779964462703,0.823728414171641,2026.0000000001,0.0390625001,0.0309555091373858,0.0210935389607082,0.00563750266464108,0.00563750266464108,0.531086419437541,0.280182002897553,4770.82496091765,0.0312499339939208,160,2,"SNETWORK (2 37 4770.82496091765 0.531086419437541 57000078 160)",57
29,57000079,-0.523078475506011,78,-0.361841926944517,-0.698245294676348,-0.562675121066356,-0.564925299345405,-0.567713055283144,0.0030582013111977,0.0604332857330291,0.937455859094219,-0.12285153394733,1.04319689172136,-1.24614960323555,1.05118835469006,1.04319689172136,1.04319689172136,0.0492376548883762,-0.594512436671544,-0.610720591966782,1.70505901817792,-1.31065055451725,-0.606217616580312,0,0,-0.712927756653993,-0.523078475506011,-0.5,0.439126378478031,-2.0612998674092,-1.98014294249738,-0.571523915798031,-1.66384826927897,-0.51298397106938,1.62057340448741,-0.119552594785755,-0.407564439120813,1.50928179746056,0.0399850261056294,12389.0000000001,29.895192403345,0.342882126603076,447.0000000001,0.245045728235352,30.1402381314804,1.0259740481417,1.65525280921608,-1.14020136615755,0.16947574388943,2.4298611392823,2.64781721729863,1.76325382120686,4.08241388528001,1.45105852167087,1.92931796735559,1.85047377226234,0.0455904777589912,570.0000000001,1.03946289072526,0.0455904777589912,570.0000000001,1.03946289072526,0.601456936010696,0.286219876406122,1e-10,-0.256280304866263,-0.998584153166362,0.0409139259553182,-0.415944341686916,-0.118644023962116,-0.921164041933264,-0.323585971028253,-0.331945636842457,-0.32094223474169,1.27436460671453,1.6608012097724,-1.35608240415789,2.76442711772037,0.156063440195899,-0.319431816115642,-0.261307876604168,-1.10772192615577,-0.0469459950665728,0.823695184718452,0.323341057951091,-0.0881461860928403,12389.0000000001,0.0338541667666667,1.01763268867505,0.00834135936665342,0.0353833285933326,0.0353833285933326,0.941558004627163,1.75954450432825,1561.93804673778,0.25,91,2,"SNETWORK (2 29 1561.93804673778 0.941558004627163 57000079 91)",57
37,57000080,0.260160163246543,30,0.638158073055483,0.521052073640444,0.623124281295046,0.615977027310147,0.618989232093641,-0.585658999210992,-0.610563670576002,-0.16854106108826,1.9938078232358,-0.356021546413073,0.078192834973132,-0.469024870855222,-0.356021546413073,-0.356021546413073,-0.627152993504007,0.0186196559374143,0.132349265783729,-0.546737489030322,0.0508965764159849,0.143005181347151,-0.438610038610039,0.349030470914128,0.119771863117871,0.260160163246543,0.5,-0.295882329594663,-0.409326642175409,-0.404288647211944,0.206816322056471,-0.380041746937788,0.258276730822178,-0.148129333002321,1.88337527757217,0.304167499728685,0.137285910153727,0.0799702643258065,544.0000000001,0.477619366941884,0.722154620323124,1028.0000000001,4.74766831887312,5.225287685715,0.131901912706169,-0.249200782385714,-0.382562282548711,-0.445929828377687,0.582583922617577,1.20745711342886,0.00464667705987258,1.3810532495624,1.26815769335836,1.41996253777701,3.33779741818861,0.0101018538554825,114.0000000001,0.0460644532249836,0.0101018538554825,114.0000000001,0.0460644532249836,0.0883071199740477,0.656753974912971,1e-10,-0.449086095200584,0.0886102067743824,0.327836625052971,0.466694471644967,0.881355976037885,0.430873575621596,0.676414028971749,0.668054363157542,0.67905776525831,0.970272836962658,0.146817784157689,-0.931415991324883,-0.591168726205407,-2.5716113329487,-0.356663487671959,-0.119938272044695,-0.806899038338186,-0.170814072714778,-0.34193871188724,-1.09726868282986,-0.0151570386004372,1028.0000000001,1.15364583343333,0.0120565434430769,0.119845369163092,0.00116280477476284,0.00116280477476284,0.347543399480396,1.71630342768831,4584.5073427025,0.0312499339939208,146,2,"SNETWORK (2 37 4584.5073427025 0.347543399480396 57000080 146)",57
37,57000081,0.242134089768781,28,0.638158073055483,0.521052073640444,0.623124281295046,0.615977027310147,0.618989232093641,-0.588417325746285,-0.61257214438484,-0.16959590196537,1.99879567557031,-0.351574861515634,0.0768605298720067,-0.469504705762372,-0.351574861515634,-0.351574861515634,-0.629671958775374,0.0253532288037492,0.14113635796271,-0.542794161735222,0.0578419167524955,0.143005181347151,-0.438610038610039,0.349030470914128,0.119771863117871,0.242134089768781,0.5,-0.320832148377364,-0.662721833057169,-0.651952236350835,0.197751139964681,-0.601963781173605,0.23848444112968,0.227886189037047,1.8868327987499,-0.37952157759826,0.0976625957501978,0.0799702643258065,561.0000000001,0.350387162384811,0.392327087075894,1004.0000000001,2.51906322817919,2.869450390464,0.0758206707412573,-0.504598061592297,-0.571146394413693,0.582090551523875,0.26134835389816,-0.378686505430922,0.411730040957263,-0.455801927150779,1.63731470455122,-0.285667594015101,-0.829985084400037,0.0213166611054348,230.0000000001,0.19611328134993,0.0213166611054348,230.0000000001,0.19611328134993,0.0173761305410014,0.54600233583335,1e-10,-0.566954854190284,-0.598269129629798,-1.28389103429042,-0.305280528052805,0.881355976037885,0.430873575621596,0.676414028971747,0.668054363157542,0.67905776525831,0.509556577141966,-0.546284063323033,1.06423525991888,-0.297922453129676,-2.30404656136366,0.429743923435104,0.612379288402066,0.877740711996399,0.292735581302113,-0.300693917402668,-0.289177126809996,-0.187943216701152,1004.0000000001,0.8515625001,0.00925842444174523,0.0665622461995121,0.00518198208129362,0.00518198208129362,0.32565035748638,0.414567946526492,4562.28334616609,0.0312499339939208,145,2,"SNETWORK (2 37 4562.28334616609 0.32565035748638 57000081 145)",57
29,57000082,-1.34133495533424,2,-0.361841926944517,-0.698245294676348,-0.88766904750336,-0.89062955707874,-0.905942372439505,-0.22184456475001,-0.192114782879767,0.816486686042601,1.06722984496933,0.48706215719408,-1.21316874257992,0.578051186629972,0.48706215719408,0.48706215719408,-0.323676715648697,0.636972793107184,0.529686342785933,0.34545989803469,0.540834314675954,0.234887737478411,-0.657228657228657,-0.00923361034164302,0.265103506548374,-1.34133495533424,-0.5,0.992905057425266,8.90751985383881,9.68793848729153,0.221216079301116,20.7315648964499,-1.33021162072772,-0.683505918222051,1.00480302656468,0.742223599431938,0.193130961691944,0.0399850261056294,3062.0000000001,0.945478929632277,0.147486516044952,19290.0000000001,4.54861636717682,5.49409529670909,0.0264177123200352,-0.511164193632322,-6.13524331068162,-0.534474641693798,-0.890125083507966,-0.531084513607327,-1.98097557212106,-0.107419628244016,-1.9795395214686,0.5585067998686,0.885966829558463,0.685302062651596,1817.0000000001,49.8077539063622,0.685302062651596,1817.0000000001,49.8077539063622,23.435008009564,5.91067267610038,1e-10,0.875193994658489,0.517115581120994,0.152600242882475,-0.0383829591750384,-0.118644023962116,-0.921164041933264,-0.641872435917078,-0.655579941357553,-0.670032854498925,-0.967927203564541,0.178781786156231,0.117572130278194,-0.458154018960696,-1.23716592187666,0.574795771873971,0.470123585118482,-0.0927849488738757,0.721364473958589,0.386243506967318,-1.45046729597333,2.16276517364795,19290.0000000001,3.2812500001,0.00454622443223846,0.0218714877877968,0.239494737165203,0.239494737165203,0.0149825075601772,7.39554034533787,702.340187157678,0.25,38,2,"SNETWORK (2 29 702.340187157678 0.0149825075601772 57000082 38)",57
41,57000083,0.152813788502667,103,-0.184210513107001,-0.196491445985551,0,0,0,0.591613913398623,0.562612729237763,-0.0959953334534983,-0.608987880180161,0.648290986854126,0.266541979758127,-0.00971119514282268,0.648290986854126,0.648290986854126,0.409275212586822,-0.319764853309749,-0.441842804395299,-0.346806363951129,-0.409358981139954,-0.606217616580312,0,0,-0.712927756653993,0.152813788502667,0,0.132673104021366,-0.17781067752237,-0.17625105098982,-0.202042202172242,-0.168454233472474,0.153843734714279,0.554884456691007,-0.566530142281438,0.485377532355442,0.127571755684029,0.0799701241440398,1610.0000000001,1.31351775483197,0.10217181679794,1652.0000000001,1.07943550264182,2.39295325737379,0.0579375843102807,0.392416838149432,-0.277716648511017,1.69871780113427,-0.0594644758010474,-2.02753070499926,0.530089529689324,-2.22743458945869,-0.131460160262697,-2.21025026237547,-1.33876573072718,0.0256008830907319,526.0000000001,0.538642578225,0.0256008830907319,526.0000000001,0.538642578225,0.144544107495998,0.329427623336656,1e-10,0.686548432786757,0.467772749280565,-0.779446791987637,0.920767900965921,0.454883633821259,0.0041993897941144,1.4637901463605e-15,0,1.55600483282998e-15,0.279021404620376,-0.422851680370885,1.07950269992435,0.145209528038716,0.156063440195899,-0.635032850907688,-0.517193581000837,0.023764193636479,-0.717054113325038,0.5510112407952,-0.756965854249112,1.34066004872329,1652.0000000001,0.0807291667666667,0.0318025625010254,0.0261350217092553,0.0130414790320283,0.0130414790320283,0.635733195145047,0.341360109673402,2840.79279280235,0.0625,256,2,"SNETWORK (2 41 2840.79279280235 0.635733195145047 57000083 256)",57
29,57000084,-0.816190671065503,54,-0.361841926944517,-0.698245294676348,-0.562675121066356,-0.564925299345405,-0.567713055283144,0.0610067193833568,0.0929100123827647,0.970120330559494,0.294878488538034,0.868028540340988,-1.15146835723955,0.833202909324295,0.868028540340988,0.868028540340988,-0.00138864437541225,-0.279847862363345,-0.395673238041132,0.600004659074153,-0.626016333197532,0.888230940044412,-1.64368450082736,-1.9192718638702,0.441336230309614,-0.816190671065503,-0.5,0.509776589302233,0.0388359454800853,0.0386216518697246,-0.446722865653673,0.0374983607563164,-0.811199895862339,-0.284232505048971,0.276009540258245,-0.131250844077406,0.348008018562256,0.0399850261056294,3888.0000000001,2.16326773348589,0.331627407357963,4976.0000000001,2.63830835526788,4.80157608865377,0.111808514594544,-0.340275959391352,-0.22774072523758,-0.185206708653307,-0.753280367501806,-0.697984424207575,-0.243730312610928,-0.737634094913378,0.118625648945591,-0.676016805220293,-0.883541158934756,0.128745089855969,712.0000000001,3.6666601563509,0.128745089855969,712.0000000001,3.6666601563509,1.62321864666451,1.6639482476614,1e-10,-0.312882991976965,-0.34467362279372,-1.17938265632806,-0.122807335678623,-0.118644023962116,-0.921164041933264,-0.323585971028251,-0.331945636842457,-0.32094223474169,-0.160310064789012,0.295342979844548,-0.589129867761307,0.856160161638756,-1.8233616654723,1.00071692438894,1.23206649070393,-1.05363528868418,1.47409416387368,-1.15207094526846,-0.568366395727196,-0.187943216701152,4976.0000000001,0.403645833433333,0.0503734080774939,0.0614351064170501,0.0853810952208041,0.0853810952208041,0.658350660279115,1.4733506947523,1299.20238430169,0.25,73,2,"SNETWORK (2 29 1299.20238430169 0.658350660279115 57000084 73)",57
41,57000085,-0.698049955011899,37,-0.407894617963011,-0.251052105764176,0,0,0,0.554494372738463,0.864017689124677,0.433052980922422,0.115970177307186,0.445764934360998,-0.140951313494016,0.0119827835902908,0.445764934360998,0.445764934360998,0.526791597482198,0.238727776596923,0.118767908841,0.291851766117042,0.0798220282074613,-0.606217616580312,0,0,-0.712927756653993,-0.698049955011899,0,-0.0616964802055317,0.456137591238327,0.456409796803214,0.066366242240118,0.45700564570263,-0.697279669580048,0.0175565371955144,0.105992269101077,-0.860620472059615,0.126295934057941,0.0799701241440398,2495.0000000001,2.01518748866259,0.0849386670813258,2939.0000000001,1.59646928111858,3.61165676968117,0.0780223778498725,-0.624267424646562,0.111625128745311,-0.0736143627866999,-0.712553128011999,-0.777486224998478,-0.0633741636123853,-0.761449222117565,0.147523102872018,-0.719916880172875,-0.851227991770989,0.0339702075783718,1127.0000000001,1.531376953225,0.0339702075783718,1127.0000000001,1.531376953225,0.833994248065419,0.222811353077227,1e-10,-0.920027662337362,-1.32182906305204,-1.47041138528468,-0.632835261548133,-0.305084586862669,-0.363341583505644,0,-1.49871635330658e-15,-1.55600483282998e-15,0.488482317419614,-0.434201915807385,-0.122114805232655,2.85027599115009,0.156063440195899,-0.0631915006102664,-0.251414751712019,-1.40561083868153,0.330874935147344,-0.830636042850207,-0.302576134819981,-0.187943216701152,2939.0000000001,1.4843750001,0.043533959481892,0.0344884182679805,0.0330822330960379,0.0330822330960379,0.198689983620953,0.401691984385252,2097.86578015771,0.0625,209,2,"SNETWORK (2 41 2097.86578015771 0.198689983620953 57000085 209)",57
36,57000086,0.961540078652095,95,0.638158073055483,0.521052073640444,0.623124281295046,0.615977027310147,0.618989232093641,-0.169111965819335,-0.159175492719087,-0.03462417120797,0.340399167415019,-0.339770821486573,0.485749992910995,-0.665949805586341,-0.339770821486573,-0.339770821486573,-0.727431718143731,-0.0108293159849254,-0.0949520907605517,-1.29878024125171,0.225678452569463,0,0.0216216216216217,1.64542936288088,0.287072243346008,0.961540078652095,0.5,-0.0636379239008134,-0.0212198911609118,-0.0210837794657723,0.000742912406345366,-0.0203811246408666,0.952480998393258,0.198346577265848,0.318851879266387,0.533393315292294,0.148685448719565,0.0799702643258065,462.0000000001,0.439306374527142,0.0681688006013307,2671.0000000001,1.16443862341921,1.60374499784636,0.0377502096700212,-0.309804236305129,0.297252552813157,0.302353300143087,0.322946936432273,0.0244939671085141,0.213204833219722,0.0255736784341196,0.58339601806634,0.0665308933101341,0,0.0816671405293818,639.0000000001,2.08741210947426,0.0816671405293818,639.0000000001,2.08741210947426,0.876677484531023,0.665162182344702,1e-10,1.32708333588681,0.491144139312593,0.213742915421259,0.474860672880475,0.915560304881597,0.44803504220134,0.676414028971747,0.668054363157542,0.67905776525831,0.121171955101797,-1.01406438984449,-1.90132537595249,-0.69371260623959,-0.475690282256116,-0.978474674377488,-0.916413839779024,-1.11508389767491,-0.811536899361543,-0.262340825752197,-1.06967512284617,1.21995196188156,2671.0000000001,0.213541666766667,0.0103407385359737,0.0274094710340475,0.0491351459855597,0.0491351459855597,0.603175360485906,1.80647583328296,5362.32321016144,0.0156249669969604,122,2,"SNETWORK (2 36 5362.32321016144 0.603175360485906 57000086 122)",57
28,57000087,-0.382780068449186,86,-0.361841926944517,-0.698245294676348,-0.562675121066356,-0.564925299345405,-0.567713055283144,0.279586968915887,0.37927525340493,1.06704469509691,-0.521761376689013,0.419020606091106,-0.776201053781414,0.831451686848358,0.419020606091106,0.419020606091106,-0.0609354156921035,-0.744038964846729,-0.748649577380553,1.35036102434525,-1.39032512855787,0.393782383419688,-1.16859716859717,-1.44967682363804,0.0792141951837772,-0.382780068449186,-0.5,-0.212762500019838,-2.13026553118492,-2.0438368402967,-0.129579606466652,-1.70975798543274,-0.376287742804257,0.267620722223476,-0.497044164816186,1.24598116095403,0.161217535362236,0.0399850261056294,6671.0000000001,1.71948338449415,0.093565587594937,3549.0000000001,0.530905120306072,2.25038850470022,0.0775699533116715,-0.821295862787335,-1.75502222148646,-0.276747826901565,0.644220119039611,1.13326096131469,0.864720661333703,1.76592976159796,0.260778055756348,2.96492178158275,1.89061908220383,0.00057530642827553,519.0000000001,0.0119433594750029,0.00057530642827553,519.0000000001,0.0119433594750029,0.115728537301242,0.67745174558159,1e-10,-2.39333788294231,-2.01497913141509,0.0989639838455743,-0.816293717283816,-0.118644023962116,-0.921164041933265,-0.323585971028253,-0.331945636842457,-0.32094223474169,0.0515549188141393,0.966885389326755,-0.943837175597337,-9.52505365478106,-6.04995923440296,1.36354842824763,1.62883883587253,0.900863031362417,1.37269392156447,-0.150772313521006,0.949381166620266,-0.187943216701152,6671.0000000001,0.0989583334333333,0.059269875136247,0.0183000780754245,0.000411682616586124,0.000411682616586124,0.0482837512074079,4.07906951825134,1654.48717089876,0.125,2,2,"SNETWORK (2 28 1654.48717089876 0.0482837512074079 57000087 2)",57
35,57000088,1.08369771897713,106,0.953947685431969,0.757894567769832,0.623124281295046,0.615977027310147,0.618989232093641,0.101112351411439,0.0796217890536732,0.0194121759322463,-0.171118490208773,0,0.979437771752985,-0.180821108329135,0,0,-0.711916662489244,0.170888810135031,0.118741468282463,-1.11562817893796,0.391730831134792,-1.11917098445596,0.839124839124839,1.32040627885503,-1.18821292775665,1.08369771897713,0.5,0.153594600680394,-0.807969638654648,-0.792986375936343,-0.288835796185161,-0.724783501451224,1.07447546511435,0.285726713350417,-0.163019985196151,0.195969882690828,0.140515733928053,0.0799702643258065,211.0000000001,0.189611412379484,0.117477249588146,2182.0000000001,1.6393269475544,1.82893835983388,0.0496107115553476,0.0817193051807276,0.339826983804119,0.0210072136256256,0.467000424664646,0.513299086908026,0.499905515907995,0.629217225661217,0.386894281690984,0.940450729960917,0.791359684368964,0.111418833474506,506.0000000001,2.2551171875992,0.111418833474506,506.0000000001,2.2551171875992,0.955954925568036,0.996819441506148,1e-10,-0.451876003500345,-0.403510132610361,-1.2653769622541,-0.217132702281217,0.949152514976322,0.464889228842546,0.676414028971749,0.668054363157543,0.67905776525831,0.218635735536647,0.433173212240881,0.447430871939558,1.07285630487542,-2.87904571876724,0.539003851456911,0.803348282251249,0.28264917825899,0.5791898139353,-1.05955240609925,-0.422536636675199,-0.187943216701152,2182.0000000001,0.1328125001,0.00514328818856812,0.0444674232667795,0.0611709888917725,0.0611709888917725,0.205581564313768,1.69955589331417,5489.3489142594,0.0156249669969604,103,2,"SNETWORK (2 35 5489.3489142594 0.205581564313768 57000088 103)",57
28,57000089,-0.359243302939503,87,-0.361841926944517,-0.698245294676348,-0.562675121066356,-0.564925299345405,-0.567713055283144,0.276239145530059,0.376415154330249,1.06704469509691,-0.521897124240336,0.419404168682276,-0.776411490843861,0.831802345079345,0.419404168682276,0.419404168682276,-0.0591627964738216,-0.746207776665997,-0.751410146186435,1.34885904031407,-1.39249862006545,0.393782383419688,-1.16859716859717,-1.44967682363804,0.0792141951837772,-0.359243302939503,-0.5,-0.357425279121404,-1.71626271879519,-1.65884954512109,0.080717024985065,-1.42561231867167,-0.359950314720126,-0.266315683647488,-0.497044164816186,0.171701184186271,3.55174594190511,0.0399850261056294,3702.0000000001,21.0219535895392,0.211157314950887,5254.0000000001,1.773744103873,22.7956976933122,0.72883229371747,-0.319421386702122,-0.768636255830255,0.0113291950055321,0.250446873528501,0.279294553539853,0.225531253506751,0.400396252074863,-0.288025506132539,1.00539362720566,0.603146948126627,0.100988424149233,424.0000000001,1.71276367197542,0.100988424149233,424.0000000001,1.71276367197542,0.69957390635973,0.820189829547138,1e-10,-0.0647988036236798,0.296251391936779,-0.0218655882867555,0.664025193728164,-0.118644023962116,-0.921164041933264,-0.323585971028253,-0.331945636842457,-0.320942234741691,0.665605562364901,0.8671865207973,-0.139843925021498,-0.870836961577805,-0.325240074637786,-0.0906289123484297,0.0319370511008349,0.247626679593402,-0.143785106725544,0.753778115206967,0.616173323792759,-0.187943216701152,5254.0000000001,0.346354166766667,0.672121505430966,0.0567107881865042,0.0547610997565278,0.0547610997565278,0.0591959621475537,0.287658502404557,1663.15018224757,0.125,3,2,"SNETWORK (2 28 1663.15018224757 0.0591959621475537 57000089 3)",57
41,57000090,0.123996176712141,101,-0.184210513107001,-0.196491445985551,0,0,0,0.536884022992936,0.507298676217501,-0.107627599657562,-0.577480525447445,0.714850500508892,0.182152534458358,0.0807651108743951,0.714850500508892,0.714850500508892,0.414258583951356,-0.257295682445525,-0.364793507438953,-0.229415938974741,-0.367477275927269,-0.606217616580312,0,0,-0.712927756653993,0.123996176712141,0,-0.195078923714189,1.37017936518132,1.38840840239343,0.372048862310824,1.49084579547211,0.121023766586881,-0.331021988415919,-0.549574800559257,0.494955744131024,0.079476868688685,0.0799701241440398,2709.0000000001,1.37690916862439,0.136353483660859,1418.0000000001,1.23651106775059,2.61342023627497,0.0479224138368953,-0.590698554968417,-0.00205035965039745,-0.0796699552585317,-0.114010775287701,-0.0547839970919989,-0.598699579915912,-0.043646269349237,-1.17993159268586,-0.0325897673313197,-0.0743323443001246,0.00734138298628017,953.0000000001,0.279853515725,0.00734138298628017,953.0000000001,0.279853515725,0.242374861030944,0.547388243135088,1e-10,0.388683648778699,0.426824782981487,0.158595237846953,0.818759897967819,0,0.0363195055765467,0,0,1.55600483282998e-15,0.660571438582634,-0.549534239765855,1.344984902747,-0.222797509662488,0.0887270580420918,-0.315123949295763,-0.301879390485898,0.03375518827487,-0.347629395587698,0.346471814988766,-1.26429197874725,2.13758956146087,2709.0000000001,1.0312500001,0.0252484502640594,0.0226739634728359,0.00513168750125498,0.00513168750125498,0.622790133771638,0.684459344389767,2818.79096399671,0.0625,255,2,"SNETWORK (2 41 2818.79096399671 0.622790133771638 57000090 255)",57
36,57000091,0.844088899851721,86,0.638158073055483,0.521052073640444,0.623124281295046,0.615977027310147,0.618989232093641,-0.187506024192576,-0.183927118269175,-0.0135541149767798,0.412578576947977,-0.339800767948414,0.421488487238495,-0.706748562411694,-0.339800767948414,-0.339800767948414,-0.816831873195122,0.0511662051015767,0.0116931685307799,-1.17177265135889,0.264316397507863,0,0.0216216216216217,1.64542936288088,0.287072243346008,0.844088899851721,0.5,0.0450003606466475,0.942961843468985,0.950015808375291,0.0232801692047108,0.986930814388814,0.833649598325601,-0.24729475666112,0.386729171806892,0.0871542239985848,0.0872979263280215,0.0799702643258065,671.0000000001,0.374613573532418,0.137828506006345,3540.0000000001,3.1203217064315,3.49493527986392,0.0691848331155831,-1.16142580413342,-0.544370862326795,-0.181561921033042,-0.653656455030992,-0.597764147133313,-0.421988031366934,-0.535489376210306,0.0255779042079674,-0.58317096662848,-0.103763694453986,0.134060157837151,788.0000000001,4.2255761719735,0.134060157837151,788.0000000001,4.2255761719735,1.88742908065121,1.61620274406672,1e-10,-0.118699308926538,-0.156228573727741,0.100056561015624,0.0940775396220941,0.88877101056304,0.434593949105238,0.676414028971749,0.668054363157543,0.679057765258312,0.383483304091984,-0.539959220676343,-1.83457528667818,-0.195564279726464,-0.470845129232817,-0.446062273048716,-0.310315262812359,-0.672245074458517,-0.310858872589652,-0.688764417542156,-1.35618002759638,-0.187943216701152,3540.0000000001,0.6015625001,0.00741575321104185,0.0617690798045412,0.0836484107555327,0.0836484107555327,0.069697487375346,0.584388848103117,5260.17274392335,0.0156249669969604,116,2,"SNETWORK (2 36 5260.17274392335 0.069697487375346 57000091 116)",57
28,57000092,-0.434215062745087,84,-0.361841926944517,-0.698245294676348,-0.562675121066356,-0.564925299345405,-0.567713055283144,0.268174376013764,0.374103139526312,1.07054903841405,-0.517434858578897,0.423806684675061,-0.767780761494941,0.82826273836071,0.423806684675061,0.423806684675061,-0.0713511337202558,-0.708523748829217,-0.706007358732521,1.35935800949035,-1.3503903735499,0.393782383419688,-1.16859716859717,-1.44967682363804,0.0792141951837772,-0.434215062745087,-0.5,0.0373245327200836,-3.33129148122243,-3.12351588870904,-0.451548987777918,-2.42613584640089,-0.425747835547781,0.431337886811396,-0.489553417221811,0.518747211239943,6.41483809889687,0.0399850261056294,6774.0000000001,69.474536461591,0.157193886222136,1555.0000000001,0.390805628326033,69.865342089817,2.99873048107942,0.263679413132292,-1.45585075368811,0.645619096538312,1.12785140229196,0.599052595165375,1.36898386699219,1.15633867957506,0.677127057884226,-0.445514798605073,0.765186173260606,0.0210539166296053,342.0000000001,0.288017578225071,0.0210539166296053,342.0000000001,0.288017578225071,0.246234171617769,0.348146583351134,1e-10,-0.178071397795641,0.0814072511796698,-1.04792955254145,0.198056069343198,-0.118644023962116,-0.921164041933264,-0.323585971028254,-0.331945636842457,-0.32094223474169,-0.0789071225226093,0.769492562865344,-0.356800040036239,6.61075433378582e-05,-4.18667472328782,-0.179041071623622,-0.0477421162974437,-0.153917006319714,-0.139085206736082,0.71392584931618,0.519403288993279,-0.187943216701152,6774.0000000001,0.559895833433333,2.98195648811762,0.0167739928617941,0.0123621679182852,0.0123621679182852,0.0161576923250948,1.15132606696231,1628.98286070748,0.125,1,2,"SNETWORK (2 28 1628.98286070748 0.0161576923250948 57000092 1)",57
41,57000093,-0.757980833106758,30,-0.407894617963011,-0.251052105764176,-0.192309249631537,-0.194095720002018,-0.196546296696359,0.539807974156929,0.867680569392531,0.495703584323709,0.200258964559447,0.370156136384698,-0.149297452489937,0.0217831672435327,0.370156136384698,0.370156136384698,0.541244238635782,0.453268350945322,0.337676725564629,0.370710123207418,0.314220355912498,-0.606217616580312,0,0,-0.712927756653993,-0.757980833106758,0,0.063283465694052,0.849963511808423,0.855221527065329,-0.00818879798977872,0.882163626184812,-0.755818603698287,-0.401468082909138,0.18570606135373,-0.521267972519573,0.059687565570326,0.0799701241440398,801.0000000001,0.305753840531155,0.0942044304303273,2604.0000000001,1.56880096179898,1.87455480223014,0.037732244702107,0.907384812536784,0.705683712236139,-0.311433380940775,-0.711971460687197,-0.478513775225115,-0.553749473677067,-0.435804243962647,-0.275607802699977,-0.281250630307761,-0.411880513360031,0.0256500954851744,860.0000000001,0.88236328135,0.0256500954851744,860.0000000001,0.88236328135,0.527192905616184,0.199383639629219,1e-10,-0.194424306063769,-0.280550061069062,-1.18935573118662,-0.386241371389886,-0.305084586862669,-0.363341583505644,-0.200374472521826,-0.20681066190661,-0.207601888336802,-0.800310125402908,0.281003634009261,-0.248540404669919,0.732702690164201,0.156063440195899,0.642680687098932,0.660013245729455,-0.138410731796211,0.812543370959814,-0.00942466814325037,0.162362187054472,-0.187943216701152,2604.0000000001,0.7890625001,0.00615440993353311,0.0315778346685738,0.0177607755815993,0.0177607755815993,0.151068980999756,0.498105586996752,2016.91513664324,0.0625,204,2,"SNETWORK (2 41 2016.91513664324 0.151068980999756 57000093 204)",57
41,57000094,-0.277611622346613,73,-0.407894617963011,-0.251052105764176,0,0,0,0.534072783076703,0.650325690453647,0.130880821233859,-0.239298568037369,0.733632292462245,0.0201957780139002,0.0149194015602973,0.733632292462245,0.733632292462245,0.479491233705647,-0.579260943489386,-0.717693025240124,-0.22277413356138,-0.754142399665393,-0.606217616580312,0,0,-0.712927756653993,-0.277611622346613,0,0.732600842027548,-0.291064048190972,-0.288009738236023,-0.586822136225772,-0.27303515332988,-0.280796387149481,-0.871100460340355,-0.216185541574143,0.532033068029032,0.163164913391861,0.0799701241440398,907.0000000001,0.946432403278274,0.0925127058094083,514.0000000001,0.304102535654779,1.25053493883305,0.0309016102446369,0.0181794531053518,0.326927307270911,-0.16097547356702,-0.641375071312337,-0.580139993445644,-0.894305777769268,-0.651349282040564,-1.06187677029245,-0.197742719575957,-0.221516486423043,0.0207224555145244,389.0000000001,0.32244140635,0.0207224555145244,389.0000000001,0.32244140635,0.262506982405342,0.469238081528089,1e-10,0.112489363276993,0.195338478599484,-0.959356002946532,0.319134660718819,-0.305084586862669,-0.363341583505644,0,0,0,0.208503068577267,1.0345053485061,-0.478432754074654,-0.191057910442144,-0.160668193186563,-0.78406087689712,-0.630063089945042,-0.112098455858051,-0.85401067461836,1.49049604853815,0.851811172064083,0.177967208698188,907.0000000001,0.4375000001,0.0233870196228959,0.00751459052174099,0.00796775709483231,0.00796775709483231,0.440647554289187,0.128363833782074,2509.16793615378,0.0625,233,2,"SNETWORK (2 41 2509.16793615378 0.440647554289187 57000094 233)",57
43,57000095,-0.268084235664773,31,0.0756580730554828,0.31473676207772,0.125190979814175,0.126908484697204,0.131153005061719,-1.15064346489882,-1.07979516797366,-0.235473059405707,-0.0747342480629869,-0.65317989880908,-0.197984135910952,-0.280575008507599,-0.65317989880908,-0.65317989880908,0.273079371893598,3.32706869746465,3.25141790954211,0.661116626522282,3.6678839414829,-0.963730569948188,1.15057915057915,3.24099722991689,-0.29467680608365,-0.268084235664773,0.25,0.643842625663553,0.271214354857848,0.270647965357622,-0.502830787315235,0.267302567702323,-0.270063264814998,-0.80131830644538,-0.06039970392302,0.485292150033073,0.596323323511155,0.0799701818409082,411.0000000001,1.56739978809209,0.817373727100656,439.0000000001,2.29478160677601,3.86218139476809,0.0862532678381911,2.14208842480753,0.817546891914127,-0.746703799941834,-0.99692538560012,-0.312639088227849,-0.905767393663051,-0.316679572713759,-0.906376291629785,-0.132411744733827,-0.0901690102662848,0.0289384558845745,94.0000000001,0.108808593850046,0.0289384558845745,94.0000000001,0.108808593850046,0.0586467485384514,0.62183542759718,1e-10,0.434614285105071,-0.0176035270948458,0.1676773044657,-0.147318028506147,0,0.0363195055765458,0,0,0,-0.269410569504007,-1.5278540849358,0.291013836202791,0.310505599804716,0.0922872603124716,0.183447983054407,-0.0382787333094368,0.979317288876865,-0.020944554402957,-2.05270069842535,-2.48064137343513,-0.187943216701152,439.0000000001,1.20572916676667,0.03500440288825,0.0512488648499411,0.00242999895911034,0.00242999895911034,0.237799832519444,0.535651003941894,3144.44516266572,0.0312500660060792,299,2,"SNETWORK (2 43 3144.44516266572 0.237799832519444 57000095 299)",57
43,57000096,-0.430080642222664,17,0.0756580730554828,0.31473676207772,0.118081199488201,0.12698938418892,0.129762766215853,-1.12703075030543,-0.991555052628379,-0.267492272094211,0.4273367722713,-0.38690355693645,-0.0446711503335458,-0.517612891247942,-0.38690355693645,-0.38690355693645,0.356848046462289,3.06228193671722,2.96265686137686,0.280369211309258,3.45772507749328,0,0.0216216216216217,1.64542936288088,0.287072243346007,-0.430080642222664,0.25,0.614795308550736,-0.240405436268458,-0.238068368419689,-0.526833439612226,-0.226513073631074,-0.429746396172246,-0.66461719119205,0.408405296488198,0.667991601211367,2.05288298099428,0.0799701818409082,1044.0000000001,13.7063197450627,0.0838975335413966,399.0000000001,0.214081064111258,13.920400809074,0.34085822287595,-0.299135591068887,-0.304511157976664,-0.52523075318995,-0.716067587406716,-0.25840874048069,-0.616287454545207,-0.288020021337569,-0.164483619456005,-0.210558437544722,-0.365178076459215,0.00829674596776859,242.0000000001,0.0803125001000339,0.00829674596776859,242.0000000001,0.0803125001000339,0.072117404390439,0.634606110254036,1e-10,0.193818539555378,-0.12866741006937,0.221833520255419,0.00791232969450791,-3.01077401207183e-16,0.0363195055765458,0,0,0,0.270722030522885,-1.92839857811612,0.276432687671014,-0.887717993874339,0.156063440195899,-0.317414891027398,-0.253786700631338,-0.447565755312116,-0.221393370346643,-0.0292597190211103,0.162490789981581,-0.187943216644022,1044.0000000001,0.8203125001,0.335616183267877,0.00524203950807365,0.00196655084809464,0.00196655084809464,0.124491544684709,2.58828514538835,2979.165891626,0.0312500660060792,287,2,"SNETWORK (2 43 2979.165891626 0.124491544684709 57000096 287)",57
28,57000097,0.312169771920137,112,-0.111841926944517,-0.494736954820113,-0.562675121066356,-0.564925299345405,-0.567713055283144,0.211420695863633,0.387596148234042,1.04759627104908,-0.92702002798488,-1.13822836083532,-1.74262139941769,0.556745216895425,-1.13822836083532,-1.13822836083532,-0.414271497044064,-1.17477005445813,-1.08333958733535,0.927429212197959,-1.78704354375564,0.393782383419688,-1.16859716859717,-1.44967682363804,0.0792141951837772,0.312169771920137,-0.5,-0.691604904225242,0.0803906453716899,0.0799967246456494,0.91869289449158,0.0779064050694641,0.32115244325574,2.92710454739126,-0.879924335882885,-0.532630923519037,0.0868541778276347,0.0399850261056294,15068.0000000001,2.09238255376596,0.048725368940008,5516.0000000001,0.429708711797341,2.5220912654633,0.0582915086707697,-0.770120131104286,-0.66206771164935,2.6379988626082,1.32272471923094,-1.52147056454465,1.68088303398942,-1.59531100999398,0.134688579098068,-1.12147964273192,-0.301355022099363,0.130213951096968,536.0000000001,2.79178710947569,0.130213951096968,536.0000000001,2.79178710947569,1.20964919984758,1.08923690538576,1e-10,-0.952817304287142,-0.937480307395607,-0.122280332609562,-0.384506582526385,0.474576257488161,-0.569126424378406,-0.323585971028251,-0.331945636842457,-0.320942234741691,1.65324836700079,-0.247786756742613,1.34754132547477,3.86062474985716,0.156063440195899,-0.274104231711008,-0.328676057801337,-0.120759234762264,-0.258537437392663,0.162779940020818,0.531247293394427,-0.187943216701152,15068.0000000001,0.0546875001,0.0483599214807871,0.00993158708998254,0.0645248189266041,0.0645248189266041,0.413610472942466,0.0438829641789198,1944.51359668679,0.125,24,2,"SNETWORK (2 28 1944.51359668679 0.413610472942466 57000097 24)",57
41,57000098,-0.431919408231281,62,-0.407894617963011,-0.251052105764176,0,0,0,0.481513475881999,0.611074702915732,0.177227459363511,-0.166231578361144,0.629706185542473,-0.102933358009433,0.0469251903154974,0.629706185542473,0.629706185542473,0.487583346114165,-0.316509659480768,-0.440743999417179,0.00289049004144464,-0.503114626457791,-0.606217616580312,0,0,-0.712927756653993,-0.431919408231281,0,-0.544879515937096,-0.419772253807221,-0.414538093706752,0.558319217983263,-0.389386663349652,-0.42709865181272,0.158506448252916,-0.157088576363188,-0.775973365196257,0.124691197455606,0.0799701241440398,1106.0000000001,0.881955071002423,0.077584246237996,682.0000000001,0.338386835239149,1.22034190614157,0.0308631430737887,1.11327299961067,2.63587253580958,-0.253666685984861,-0.40348622972252,-0.180945851075048,0.286916481363087,-0.208976522743874,0.206839002096208,0.464106718933824,0.35582066716404,0.0359076235303653,219.0000000001,0.31455078135,0.0359076235303653,219.0000000001,0.31455078135,0.258776931024807,0.469584964796764,1e-10,0.358924792855353,-0.272117896639427,0.0349885499358378,-0.435008885503935,-0.305084586862669,-0.363341583505644,-1.4637901463605e-15,0,0,-1.52130778465283,-0.945070761889994,-0.0183945792804303,0.597251898735804,0.00918296418128516,-0.401457606310769,-0.414269051871076,-0.257985206389338,-0.369918149239344,-0.618157708503086,-0.641453681770744,-0.187943216701152,1106.0000000001,0.880208333433333,0.022305146873152,0.00855799610063678,0.00795516869999626,0.00795516869999626,0.365588201417152,0.92615622829077,2381.57501323479,0.0625,225,2,"SNETWORK (2 41 2381.57501323479 0.365588201417152 57000098 225)",57
43,57000099,-0.440874983532393,16,0.0756580730554828,0.31473676207772,0.118081199488201,0.12698938418892,0.129762766215853,-1.12703075030543,-0.991555052628379,-0.259463580734913,0.43627174571351,-0.377837795207354,-0.0307159481190121,-0.521037203407746,-0.377837795207354,-0.377837795207354,0.357452979078126,3.04757019978696,2.95005325468852,0.271792113934265,3.44253865939086,0,0.0216216216216217,1.64542936288088,0.287072243346007,-0.440874983532393,0.25,0.60057834098113,-0.14548119819662,-0.144276272607755,-0.512269088778776,-0.138216341399193,-0.440712971689904,-0.762189513048676,0.409754091619377,0.697448659257814,2.00214426550706,0.0799701818409082,799.0000000001,10.2305342316844,0.155423502912783,750.0000000001,0.745476782251867,10.9760110138362,0.26420592542523,-0.315907378786719,-0.123092946832507,-0.662045317838553,-0.783462174806757,-0.179330776867485,-0.767149688754408,-0.196621295622973,-0.332610804102842,-0.170052556641584,-0.315085960145733,0.0298451207140351,342.0000000001,0.408281250100173,0.0298451207140351,342.0000000001,0.408281250100173,0.0829197809134516,0.417982400434418,1e-10,0.489801576887284,0.284568105109897,-0.980133345868061,0.51992287140802,0,0.0363195055765448,0,0,0,0.344572649194189,1.1479821710928,-0.606159479298343,-0.102930345723198,0.156063440195899,-0.816662466190656,-0.694470248818315,-0.7483768531911,-0.72153211427049,1.65719626449308,0.507787036635097,-0.187943216701152,799.0000000001,0.559895833433333,0.246261393127657,0.0179445321975733,0.00982782591182169,0.00982782591182169,0.117440162102984,1.23098866362125,2968.88025943439,0.0312500660060792,286,2,"SNETWORK (2 43 2968.88025943439 0.117440162102984 57000099 286)",57
43,57000100,0.639035656924384,96,0,0.230175963096256,0.354270929498081,0.350983481983268,0.358474665810763,0.0671805692117108,-0.0413408077058048,0.156893847776237,-1.08794352901865,-0.00519584733667271,0.947981225616378,-0.805731918724174,-0.00519584733667271,-0.00519584733667271,-0.676469213358005,3.44490218760666,3.49722072578094,-1.37964670349813,4.37852551075852,0.124352331606218,-0.494208494208494,-0.193905817174515,-0.237642585551331,0.639035656924384,0.25,-0.543378131169415,-1.36957846825004,-1.33171362383687,0.382868686715306,-1.17123125694988,0.631366326730516,0.757666469016447,-1.0319170984456,-1.46006898873724,0.0467895128763061,0.0799701818409082,1147.0000000001,0.343216459439037,0.0656183627607745,958.0000000001,0.402019449606528,0.745235908945565,0.0223757048391717,-0.188992816589962,-0.100394707620572,1.48197824136153,0.344949391990116,-1.31207141497125,1.01907325318895,-1.79048863184487,-0.883422211901312,-2.84705674917409,-0.55958241934214,0.0189331966659981,536.0000000001,0.405927734475172,0.0189331966659981,536.0000000001,0.405927734475172,0.0818072284596034,0.352946515690928,1e-10,-0.929231199979543,-1.10016987831208,-0.187126344143319,-0.563262370193063,0,0.0363195055765458,0.676414028971747,0.668054363157539,0.679057765258309,0.983288553053659,0.456062969681475,-0.776352353484824,6.60254931593714,0.156063440195899,1.24392955883265,1.1246880361356,0.103338457548789,1.4471413106402,-0.765829244143176,-0.515474115370463,-0.187943216701152,1147.0000000001,0.0546875001,0.0103050726147788,0.0120706321243929,0.0121879783596177,0.0121879783596177,0.749164926136569,0.907941099139862,3890.35750079468,0.0312500660060792,348,2,"SNETWORK (2 43 3890.35750079468 0.749164926136569 57000100 348)",57
29,57000101,-0.724686835164158,62,-0.361841926944517,-0.698245294676348,-0.562675121066356,-0.564925299345405,-0.567713055283144,0.0985808448764741,0.131453757654353,0.978309300556092,0.245696106481772,0.89299182230825,-1.16833103354159,0.899519190479719,0.89299182230825,0.89299182230825,0.00127941330069202,-0.376151601429593,-0.495536296658504,0.88292537588394,-0.820112747441372,0.888230940044412,-1.64368450082736,-1.9192718638702,0.441336230309614,-0.724686835164158,-0.5,-0.160296602435569,-0.0732991008727902,-0.0727717085103341,0.0975874713630539,-0.0700806482373881,-0.714869132088207,1.84613566464845,0.228735915782548,-0.795283078133316,0.242279353816148,0.0399850261056294,6185.0000000001,2.39580174065593,0.129277274654259,1623.0000000001,0.335455929801742,2.73125767035768,0.0648959115567946,-0.442315545107816,-0.495639703865459,0.0962316023966205,-0.355486158859496,-0.55320292753092,1.26076032628368,-0.596859865364547,1.38961152864392,-0.456260283169717,-0.62440371651443,0.110713934848428,477.0000000001,2.11242187510052,0.110713934848428,477.0000000001,2.11242187510052,1.1086654449598,0.694287241081382,1e-10,0.737109091136298,0.628169177820529,0.204250701321651,0.636534532574137,-0.118644023962116,-0.921164041933264,-0.323585971028251,-0.331945636842457,-0.320942234741691,-0.498230283215138,-0.663854147167055,0.573043526826148,-0.303230393593325,-0.596576997286991,0.283266046590711,0.259941894778976,-1.8766889804515,0.860012672691251,0.381149216548435,0.0298560398926649,1.12690762318558,6185.0000000001,0.208333333433333,0.0569253275940399,0.00797058386275474,0.0501920944524053,0.0501920944524053,0.75434127937025,0.050901335215855,1388.25430826439,0.25,79,2,"SNETWORK (2 29 1388.25430826439 0.75434127937025 57000101 79)",57
41,57000102,-0.253273199705125,75,-0.407894617963011,-0.251052105764176,0,0,0,0.534354061428397,0.641654823329892,0.118143409809859,-0.244275978252546,0.73301478539572,0.0101122368563424,0.018999322583059,0.73301478539572,0.73301478539572,0.481798439916753,-0.586839477279529,-0.729951983958269,-0.237558390918803,-0.759072236915322,-0.606217616580312,0,0,-0.712927756653993,-0.253273199705125,0,0.465327968307222,1.36957390466115,1.38778377796669,-0.290723599437655,1.49010452077039,-0.250737595741888,-0.282043716945736,-0.234522575869726,0.80379631430884,0.217491238981753,0.0799701241440398,4204.0000000001,5.84736244067091,0.110280807258261,396.0000000001,0.279286961727696,6.1266494022986,0.112356846649838,-0.989615726648566,-0.106992219136199,-0.526628940614017,-0.138348116147578,0.440269154582988,-0.551907784991858,0.368126927239877,-0.694679107439007,0.632275096355127,0.474113240226438,0.076662428935605,752.0000000001,2.306005859475,0.076662428935605,752.0000000001,2.306005859475,1.20017634658869,0.47653666617098,1e-10,-0.687394425525197,-0.812806693421583,-1.22456404702523,-0.457047353086957,-0.305084586862669,-0.363341583505644,0,0,0,0.370640426004617,1.14579769493778,-0.428815713996282,-1.85645771984294,0.156063440195899,-0.418934893225442,-0.299695829790157,-0.260264248363966,-0.38963630961166,2.00707005886495,0.845206368251931,-0.187943216701152,4204.0000000001,0.5078125001,0.107234992787533,0.00512185376230484,0.0422899254512337,0.0422899254512337,0.453300110446747,0.718032636360184,2530.67593696604,0.0625,235,2,"SNETWORK (2 41 2530.67593696604 0.453300110446747 57000102 235)",57
43,57000103,0.292767426932877,73,0.0756580730554828,0.31473676207772,0.354270929498081,0.350983481983268,0.358474665810763,-0.526437109382433,-0.548411805402482,-0.109480611649024,-0.697728490974528,-0.181763547873474,0.343648396587716,-0.171225182571144,-0.181763547873474,-0.181763547873474,0.0255435990880591,2.99351210229285,3.02689922521117,-0.362168376168872,3.55493485941375,0.124352331606218,-0.494208494208494,-0.193905817174515,-0.237642585551331,0.292767426932877,0.25,-0.224948851072091,-0.324616567992726,-0.321043605377659,0.134168454661012,-0.303620622932489,0.287018500235161,0.0161717546210143,-0.66300518134715,-0.961701670805017,0.0757738998236226,0.0799701818409082,718.0000000001,0.34793670735306,0.118201857698887,2085.0000000001,1.57611000926809,1.92404671652115,0.0478328581788434,-0.288844234794698,-0.313801715022634,0.463354178459366,0.497511449770183,0.0466977111541346,0.136894381802964,0.0514447707695254,-0.650536324406775,0.0853909932234217,-0.00727816837895839,0.0874977661334967,765.0000000001,2.67743164072613,0.0874977661334967,765.0000000001,2.67743164072613,1.15559115323138,1.1453846587951,1e-10,-0.663223544041959,-0.549163162357917,0.132667259978228,-0.55038745632805,0,0.0363195055765448,0.676414028971749,0.66805436315754,0.679057765258309,-1.48022988696053,-0.22153071178371,-0.0372136732906376,1.60268369455904,-1.618612022483,0.916290493825558,0.800934509229165,0.682500129802259,0.910946807400498,0.248517216606263,0.399404489829039,0.690343216317104,2085.0000000001,0.541666666766667,0.00864989763315745,0.039182960445686,0.0665624210622553,0.0665624210622553,0.565655929042789,0.96055180853734,3622.67864121181,0.0312500660060792,328,2,"SNETWORK (2 43 3622.67864121181 0.565655929042789 57000103 328)",57
28,57000104,-0.382780068449186,86,-0.361841926944517,-0.698245294676348,-0.562675121066356,-0.564925299345405,-0.567713055283144,0.279586968915887,0.37927525340493,1.06704469509691,-0.521761376689013,0.419020606091106,-0.776201053781414,0.831451686848358,0.419020606091106,0.419020606091106,-0.0609354156921035,-0.744038964846729,-0.748649577380553,1.35036102434525,-1.39032512855787,0.393782383419688,-1.16859716859717,-1.44967682363804,0.0792141951837772,-0.382780068449186,-0.5,-0.212762500019838,-2.13026553118492,-2.0438368402967,-0.129579606466652,-1.70975798543274,-0.376287742804257,0.267620722223476,-0.497044164816186,1.24598116095403,0.161217535362236,0.0399850261056294,6671.0000000001,1.71948338449415,0.093565587594937,3549.0000000001,0.530905120306072,2.25038850470022,0.0775699533116715,-0.821295862787335,-1.75502222148646,-0.276747826901565,0.644220119039611,1.13326096131469,0.864720661333703,1.76592976159796,0.260778055756348,2.96492178158275,1.89061908220383,0.00057530642827553,519.0000000001,0.0119433594750029,0.00057530642827553,519.0000000001,0.0119433594750029,0.115728537301242,0.67745174558159,1e-10,-2.39333788294231,-2.01497913141509,0.0989639838455743,-0.816293717283816,-0.118644023962116,-0.921164041933265,-0.323585971028253,-0.331945636842457,-0.32094223474169,0.0515549188141393,0.966885389326755,-0.943837175597337,-9.52505365478106,-6.04995923440296,1.36354842824763,1.62883883587253,0.900863031362417,1.37269392156447,-0.150772313521006,0.949381166620266,-0.187943216701152,6671.0000000001,0.0989583334333333,0.059269875136247,0.0183000780754245,0.000411682616586124,0.000411682616586124,0.0482837512074079,4.07906951825134,1654.48717089876,0.125,2,2,"SNETWORK (2 28 1654.48717089876 0.0482837512074079 57000104 2)",57
28,57000105,-0.197588632389752,95,-0.361841926944517,-0.698245294676348,-0.562675121066356,-0.564925299345405,-0.567713055283144,0.265181484061937,0.356449653239242,1.07157055467146,-0.564365223565775,0.27399716207024,-0.818732188707368,0.824947083701664,0.27399716207024,0.27399716207024,-0.0983435050018533,-0.81536792085044,-0.824386420378544,1.2978151172206,-1.46090467468535,0.393782383419688,-1.16859716859717,-1.44967682363804,0.0792141951837772,-0.197588632389752,-0.5,-0.476249978916424,2.43654904061054,2.50228531681774,1.02245919387786,2.92690408253572,-0.178187926254933,3.1959039214761,-0.537021136606629,-0.425849384956025,0.114289683580724,0.0399850261056294,14792.0000000001,2.70289200559166,0.0430202237676292,9789.0000000001,0.673295571862941,3.3761875773546,0.0511649806661357,-0.742627560417012,0.316150963647003,3.21237854346634,1.30393600452702,-2.17385613861854,1.06077820161233,-1.49077127184514,0.357863944408122,-1.96356597426637,-1.27270471802688,0.125313078090136,811.0000000001,4.065156250101,0.125313078090136,811.0000000001,4.065156250101,1.81159547418203,1.00880838600965,1e-10,-0.377631682626984,-0.558264706331515,-0.0298292873938225,-0.0104026886205104,0.163105427025753,-0.753964085062822,-0.323585971028253,-0.331945636842458,-0.320942234741691,1.21483607052519,-0.512612910887513,1.65464424559984,1.39130321790429,0.156063440195899,-0.488670568386843,-0.475884769235204,0.183869015838463,-0.589691252698302,0.998276038829153,0.795371213376838,0.33222030854832,14792.0000000001,0.661458333433333,0.0409614139525387,0.010203566613597,0.0616060677229135,0.0616060677229135,0.170441330514817,0.424931143700891,1751.46591349164,0.125,9,2,"SNETWORK (2 28 1751.46591349164 0.170441330514817 57000105 9)",57
29,57000106,-1.14271155782162,23,-0.361841926944517,-0.698245294676348,-0.695629464068801,-0.700108350003007,-0.706051805186474,-0.163562800127256,-0.182913020419556,0.848661946014497,0.727203113143844,0.796431099794108,-1.32154116541024,0.869452611196216,0.796431099794108,0.796431099794108,-0.159781704155719,0.544728451485702,0.548384807902253,0.98846424806502,0.251046485652278,0.326424870466322,-1,-1.13573407202215,0,-1.14271155782162,-0.5,0.888570198941641,-0.193161040231674,-0.191421847440368,-0.645746156678602,-0.182751422766193,-1.13303529015615,0.0528816239325007,0.689316555637799,0.256055916526693,2.87071462166911,0.0399850261056294,378.0000000001,1.73490854794044,0.859899886210996,47.0000000001,0.064616066325922,1.79952461416636,0.0436902441458581,-0.0579760097801022,-0.114032951894175,-0.239927347709775,-0.0464691984621697,0.210711464513994,0.135006378989942,0.231101964547122,0.777530877636947,0.277098225649358,0.336939162564384,4.68408203135,18.0000000001,3.37253906260083,4.68408203135,18.0000000001,3.37253906260083,1.48418190473508,1.56750308261609,1e-10,-0.422763555730753,-0.836015441956218,-1.33674850386289,-0.484036315719484,-0.118644023962116,-0.921164041933264,-0.487990783359437,-0.503664629107672,-0.505590738712639,0.417657059375874,-1.04168650389061,1.08807490687558,-1.25807480125228,0.0566993947429422,0.290094934132849,0.40776124304876,0.31779995698627,0.280259213766158,-1.93035418998604,-0.740207268653143,-0.187943216701152,378.0000000001,1.40364583343333,0.0421214454417009,0.00156879860415722,0.0818810998988743,0.0818810998988743,0.277224209190337,1.06302097609153,945.625711248796,0.25,48,2,"SNETWORK (2 29 945.625711248796 0.277224209190337 57000106 48)",57
28,57000107,0.891274550749662,127,-0.111841926944517,-0.494736954820113,-0.562675121066356,-0.564925299345405,-0.567713055283144,0.163835352399801,0.361789862804914,1.15054093075568,-1.02536042715229,-1.85302726059697,-1.40881202742446,0.253825723103983,-1.85302726059697,-1.85302726059697,-0.664798015437436,-1.51403587978306,-1.3625799000934,0.372145609556974,-2.03748924849445,0.393782383419688,-1.16859716859717,-1.44967682363804,0.0792141951837772,0.891274550749662,-0.5,-0.781880889912514,-0.761377185906499,-0.747820222723838,0.917989609464661,-0.685726667004088,0.88848033474065,1.49845128400832,-0.971461468870795,-0.30948683409518,0.0717114519959529,0.0399850261056294,11499.0000000001,1.31838834513468,0.0548004429601365,4278.0000000001,0.374817288134092,1.69320563316877,0.0455441263559842,-0.327272726065157,-0.640966500693956,2.16720942854927,2.06326412035623,-0.0586184356169638,1.29092270318072,-0.073701869962835,-0.445502378189901,-0.938220184714285,-0.30198931125446,0.0235753899694391,517.0000000001,0.48753906260012,0.0235753899694391,517.0000000001,0.48753906260012,0.120386485126821,0.327431822410272,1e-10,-0.239197329502852,-0.391104666002629,-0.158985085394362,0.0646103071845646,0.474576257488161,-0.569126424378404,-0.32358597102825,-0.331945636842457,-0.320942234741688,0.717345660123066,0.0420954814936554,0.837127974967979,1.94932177632077,0.156063440195899,-0.655689209599243,-0.74941707094257,-0.32817717071285,-0.646828561305471,0.176033670823144,0.408538996308214,-0.187943216701152,11499.0000000001,0.104166666766667,0.0354622286082595,0.0100818976477247,0.0131139066534914,0.0131139066534914,0.62692107870613,0.156098400338998,2113.85711549234,0.125,35,2,"SNETWORK (2 28 2113.85711549234 0.62692107870613 57000107 35)",57
35,57000108,1.11331956127492,108,0.953947685431969,0.757894567769832,0.623124281295046,0.615977027310147,0.618989232093641,0.106204535535003,0.0876665757971902,0.0212651365484245,-0.176081977598173,-0.0044985720924243,0.984395983094273,-0.18497113191911,-0.0044985720924243,-0.0044985720924243,-0.699172376171317,0.138706931478004,0.0756686861867486,-1.13652847577389,0.359102399956564,-1.11917098445596,0.839124839124839,1.32040627885503,-1.18821292775665,1.11331956127492,0.5,-0.0904877809916715,-0.227028127024689,-0.22486728844492,0,-0.214158776731432,1.09940824766896,-0.324767350645851,-0.168362529813307,0.491712470514982,0.152250675655271,0.0799702643258065,395.0000000001,0.384603636243606,0.0876088020802175,1984.0000000001,1.11159470993366,1.49619834607727,0.0365480984480857,0.306454736036719,-0.379172813576473,-0.167236156462558,0.038213784501435,0.227187342600317,-0.221104815742301,0.250704418711183,-0.279821744482182,0.314440271448862,0.216506557486016,0.0600624000512806,449.0000000001,1.07872070322462,0.0600624000512806,449.0000000001,1.07872070322462,0.39984950545264,0.0373059985613426,1e-10,0.118702295894915,0.21331776660859,0.154321731399894,-0.182231409954182,0.949152514976322,0.46488922884255,0.67641402897175,0.668054363157545,0.67905776525831,-0.800893385341185,0.277319664663198,-1.18323431982325,-0.173522570011936,-0.602026010921538,0.71729817325251,0.919332287195909,1.11179004080185,0.564523833176861,0.100409349099655,0.104749437094672,0.396540154072556,1984.0000000001,0.2812500001,0.0093948316121327,0.027153266735953,0.0263502432374121,0.0263502432374121,0.298818108176436,0.833550421590304,5512.49761070232,0.0156249669969604,105,2,"SNETWORK (2 35 5512.49761070232 0.298818108176436 57000108 105)",57
41,57000109,0.216761361247446,106,-0.184210513107001,-0.196491445985551,0,0,0,0.581797814150647,0.548369263785045,-0.100443898544477,-0.629360454997946,0.614490563289691,0.316304725954689,-0.0487138842012706,0.614490563289691,0.614490563289691,0.398435892467334,-0.359107118232594,-0.494765873773671,-0.401518069249834,-0.441106654890093,-0.606217616580312,0,0,-0.712927756653993,0.216761361247446,0,-0.61806493584324,-0.294354970523319,-0.291251329735872,0.705518147924343,-0.27604304610093,0.215614692909392,0.893965239550014,-0.597183978945637,-0.171547894800376,0.140317932186719,0.0799701241440398,1987.0000000001,1.78306256500042,0.0625616915766778,551.0000000001,0.220452800687354,2.00351536558777,0.0495376557517636,-0.902154948177591,0.222676711463974,1.00557594551316,1.0521607060422,0.0810102883390104,0.794064614857748,0.0897030065269349,0.0393211959784417,0.19513426979766,0.0723775942460804,0.00260695922479575,612.0000000001,0.063818359475,0.00260695922479575,612.0000000001,0.063818359475,0.140250855288125,0.645314800413445,1e-10,0.507724393727568,0.57505501178297,0.0778170691568137,0.983395592306483,0.473709235135794,0.00287008170532477,0,0,0,0.708775633064404,0.870954653371941,-1.65433336376008,-0.368937099004502,0.140909757493239,-1.11337919591714,-0.98459550672892,-1.38296849169001,-0.896709677224133,1.11944282617745,0.380861458023738,-0.151106068403428,1987.0000000001,0.143229166766667,0.0440868789264728,0.00545077672529079,0.00157793245084975,0.00157793245084975,0.65592002549614,2.03792597242864,2875.10825903555,0.0625,258,2,"SNETWORK (2 41 2875.10825903555 0.65592002549614 57000109 258)",57
41,57000110,-0.325029921992595,70,-0.407894617963011,-0.251052105764176,0,0,0,0.523190135932549,0.656134829627048,0.159425508445092,-0.214474169677478,0.722287357433033,-0.0163456481063056,0.0250267776023508,0.722287357433033,0.722287357433033,0.479377595827748,-0.51227283941091,-0.629526057565841,-0.133645999804607,-0.698963969376968,-0.606217616580312,0,0,-0.712927756653993,-0.325029921992595,0,0.55413415567161,0.640687403142469,0.642761793284466,-0.420803618866773,0.652575623801686,-0.321566041874258,-0.0828571604434204,-0.206411711489432,0.612596923834667,0.108358627490858,0.0799701241440398,1558.0000000001,1.0796586977,0.117824663424444,2349.0000000001,1.77000610211761,2.84966479971761,0.0595546328243535,0.603233217660471,0.795536896595818,-0.499053673090099,0.584532784162011,1.21742988506379,-0.197887175211268,1.15467810490202,-0.300089936176585,1.28144509981749,1.05333222973332,0.047312898189172,785.0000000001,1.4856250001,0.047312898189172,785.0000000001,1.4856250001,0.812366413018629,0.166751200438158,1e-10,-0.703357069689899,-1.13100595396812,-1.20876769633538,-0.724930185326225,-0.305084586862669,-0.363341583505644,0,0,-1.55600483282998e-15,-1.15954042798359,0.214464377920063,-0.961300265770108,2.29484906788395,0.156063440195899,1.51873151526884,1.76816515675799,1.19030022090395,1.47568114925774,-0.0392235802246878,1.21354177307273,-0.187943216701152,2349.0000000001,0.5937500001,0.0225635931678174,0.0369910395565361,0.0310478099925964,0.0310478099925964,0.421139751343601,0.246793664351571,2476.00674434603,0.0625,231,2,"SNETWORK (2 41 2476.00674434603 0.421139751343601 57000110 231)",57
43,57000111,0.243513164275243,69,0.0756580730554828,0.31473676207772,0.354270929498081,0.350983481983268,0.358474665810763,-0.627310907579113,-0.598882351466683,-0.175632927626877,-0.448363719900591,-0.142108298124238,0.629244268292613,-0.487512902792988,-0.142108298124238,-0.142108298124238,0.209339420715588,2.66065807402997,2.56864046597036,-0.852329234018198,3.29397256335975,-0.963730569948188,1.15057915057915,3.24099722991689,-0.29467680608365,0.243513164275243,0.25,-0.629072420363339,-0.352416811066285,-0.348387680799125,0.713260793368125,-0.328826167089204,0.239298594666015,0.420931636961001,-0.427163418044247,-1.53621917666797,0.0502644274185329,0.0799701818409082,1663.0000000001,0.534575627162129,0.0630198594034696,1921.0000000001,0.774213892722968,1.3087895197851,0.0327006324257524,-0.0699460284875782,0.00842402948576715,1.50510053267937,1.23893561169938,-0.272819916661887,0.479612762165195,-0.31044113768605,0.0390294525074463,-0.270425929975223,-0.250352795760727,0.028465305618241,884.0000000001,1.00653320322543,0.028465305618241,884.0000000001,1.00653320322543,0.365725075001394,0.00419477230298437,1e-10,-0.704540488878385,-0.732694587880387,-0.00824748702436386,-0.574402495194574,0,0.0363195055765448,0.67641402897175,0.668054363157543,0.67905776525831,-1.06417886830497,-0.0864297448265349,-0.586112043969641,2.85672384825407,-1.06360091675762,0.493013829036366,0.298389244268609,-0.0353485851089439,0.610858511144663,-0.241206733358855,-0.0868691663781952,-0.187943215836961,1921.0000000001,0.8515625001,0.0133565869591264,0.019344045366626,0.0251486367395315,0.0251486367395315,0.535611326120601,0.0146146941115148,3578.8535145194,0.0312500660060792,324,2,"SNETWORK (2 43 3578.8535145194 0.535611326120601 57000111 324)",57
37,57000112,0.604247661599782,62,0.638158073055483,0.521052073640444,0.623124281295046,0.615977027310147,0.618989232093641,-0.492700837451494,-0.51838919265529,-0.151239234374147,1.71955600108598,-0.499186301070904,0.128034213612557,-0.420899545473552,-0.499186301070904,-0.499186301070904,-0.662299958109708,-0.217091671709396,-0.145001544761028,-0.65402232939956,-0.20086777546416,1.08031088082902,-1.42471042471043,-0.650969529085872,0.922053231939164,0.604247661599782,0.5,1.5323563051714,0.131969032212102,0.131423212054026,-0.815824568912297,0.128473918643739,0.59897393930074,0.609200104775134,1.62223209145489,-0.237805562742318,0.135740541240995,0.0799702643258065,637.0000000001,0.55297572987871,0.115485881205391,961.0000000001,0.70975643999673,1.26273216977544,0.0289152408550286,0.340256895714685,1.87971566525392,-0.1939716117805,0.26601324625055,0.502621146592814,0.482163215004978,0.521756193179976,1.58527825895221,0.355298561699364,0.670904247826257,0.042892136933159,239.0000000001,0.410048828224854,0.042892136933159,239.0000000001,0.410048828224854,0.0837553493537429,0.430055651570591,1e-10,0.145744402442656,-0.475493771034931,-1.19317909974817,-0.221841414910722,0.881355976037885,0.430873575621596,0.676414028971749,0.668054363157543,0.67905776525831,0.356735124354467,-1.7306435683574,0.461523943882888,-0.776054432671996,-0.159582752359318,0.429767466776631,0.411357177606687,0.439514455921698,0.410123107463944,-1.24861730381924,-1.02646775917868,-0.187943216701152,961.0000000001,0.8281250001,0.0126625635603699,0.0162526771946587,0.00938968759273396,0.00938968759273396,0.729636263338193,0.732166027802217,4972.37625946987,0.0312499339939208,173,2,"SNETWORK (2 37 4972.37625946987 0.729636263338193 57000112 173)",57
37,57000113,0.305854619759447,34,0.638158073055483,0.521052073640444,0.623124281295046,0.615977027310147,0.618989232093641,-0.573620904901894,-0.599744087390221,-0.166066664449174,1.96049050115211,-0.372732233422747,0.0915782588672834,-0.461875367326511,-0.372732233422747,-0.372732233422747,-0.635248251321334,0.00608537214387384,0.116014876986638,-0.551854403460703,0.0373412639732882,0.55958549222798,-0.876876876876878,-0.0954139735303178,0.476341360371778,0.305854619759447,0.5,-1.2022913874149,0.143321004515567,0.142752277060389,2.30719176435734,0.139665109716622,0.303933267135498,0.676784990073035,1.85108972777367,-1.04985404574198,0.169915849012816,0.0799702643258065,1507.0000000001,1.63758632818508,0.0769285214837559,1806.0000000001,0.888509740088185,2.52609606817327,0.0577269763579113,-0.657825093948,0.754637855636051,-0.123417595064704,0.971076974189941,1.27607306518423,0.525593764244144,1.32238871244234,1.72121052950104,1.54262952014971,3.63172454746619,0.0286999470770189,582.0000000001,0.668134765724763,0.0286999470770189,582.0000000001,0.668134765724763,0.425922933914589,0.268063534201674,1e-10,0.376546034365374,0.220303771887403,0.325894026063861,0.229258090644229,0.881355976037885,0.430873575621596,0.67641402897175,0.668054363157543,0.67905776525831,-0.184224261104399,-0.00806248443075033,0.6888916816399,0.561204068858968,-0.396020182888403,-0.343431027497103,-0.299007064153713,0.194146482232897,-0.423508511834416,0.436066222446575,-0.064980381847294,-0.0149505221223395,1806.0000000001,0.0651041667666667,0.0374225304715948,0.0203044457863165,0.0152683820064389,0.0152683820064389,0.392685462678985,0.128035126641588,4630.3318131642,0.0312499339939208,149,2,"SNETWORK (2 37 4630.3318131642 0.392685462678985 57000113 149)",57
28,57000114,0.485075442663296,116,-0.111841926944517,-0.494736954820113,-0.562675121066356,-0.564925299345405,-0.567713055283144,0.205676843454512,0.392917732917516,1.03849478561743,-0.931506658591428,-1.19276542768716,-1.72335201484786,0.539247794966644,-1.19276542768716,-1.19276542768716,-0.425955103775704,-1.21550205128051,-1.11688305708026,0.908368489768865,-1.83040477138241,0.393782383419688,-1.16859716859717,-1.44967682363804,0.0792141951837772,0.485075442663296,-0.5,-0.702378487972119,-0.477845354453006,-0.471458146436621,0.821714818883416,-0.441028594528049,0.489724957897748,1.18756103048943,-0.884112180277983,-0.533494649389401,0.0929598095266449,0.0399850261056294,12949.0000000001,1.92453680605488,0.0750059449615491,3270.0000000001,0.392137345553318,2.3166741515082,0.0592066583384751,0.156656384212943,1.28359627035903,1.34969835829747,2.1283615647172,0.928924287725088,1.02901086337603,1.07522293092097,-0.389345421853695,1.98178010246809,0.682329140882993,0.0535570674581933,476.0000000001,1.01972656260025,0.0535570674581933,476.0000000001,1.01972656260025,0.371961831703171,0.0293327801549123,1e-10,0.457306534048117,-0.047858704029227,-0.123792780337616,0.511998452592512,0.474576257488162,-0.569126424378405,-0.323585971028253,-0.331945636842457,-0.32094223474169,1.39653557098902,0.439970348779846,1.70866884728653,-0.219433371433932,0.156063440195899,-0.0753205371838006,-0.307593529750168,0.796617168836579,-0.273001960289054,0.59181249422961,0.214618308261468,0.265576286542017,12949.0000000001,0.2109375001,0.0491849027919075,0.0100217554465676,0.0260608951180935,0.0260608951180935,0.467921451739712,0.100301502272487,1987.63012259216,0.125,27,2,"SNETWORK (2 28 1987.63012259216 0.467921451739712 57000114 27)",57
34,57000115,1.35051757338947,123,0.953947685431969,0.757894567769832,0.437324878933644,0.435074700654595,0.432286944716856,0.141600214483292,0.0301438734127052,-0.0414172812493044,-1.05105500212323,-0.615513238165526,0.0440351412647828,0.434443381597636,-0.615513238165526,-0.615513238165526,-0.976735385353425,-0.240310699983311,-0.24569862383093,-0.889337825890814,-0.162915499024307,-1.11917098445596,0.839124839124839,1.32040627885503,-1.18821292775665,1.35051757338947,0.5,-1.30995532711402,-0.798084844157722,-0.783410098398526,2.49158015643541,-0.716524138993503,1.34944985776436,1.79104172608142,-0.599687474298873,0.620285388004068,0.0817361909654372,0.0799702643258065,384.0000000001,0.200725561284588,0.0872347096112117,2231.0000000001,1.24464629722156,1.44537185840615,0.0391363899382586,-1.94537727991562,-1.48393943538594,0.487553392976275,2.12636661653193,2.1005000825014,1.45565725178279,2.57737088810805,0.566093492154415,2.05724234731135,2.01683345550192,0.0169561107687898,314.0000000001,0.212968750099924,0.0169561107687898,314.0000000001,0.212968750099924,0.00940822375535623,0.529893739217996,1e-10,-1.10075930673406,-0.911769948359641,-0.0494188573941454,-0.428825300112429,0.949152514976323,0.464889228842547,0.676414028971749,0.668054363157545,0.679057765258312,0.600066578333808,0.205361501801637,0.835663641023072,-0.152983188794652,0.156063440195899,0.03019395926769,0.137470627461372,-0.0736754937861119,0.0827963557648613,0.797546131235326,0.855964554239458,3.74161714148311,2231.0000000001,0.6328125001,0.00543505380146907,0.0337013360367895,0.00576656309963815,0.00576656309963815,0.0023897637870709,3.13915421233621,5687.58650431263,0.00781248349848019,96,2,"SNETWORK (2 34 5687.58650431263 0.0023897637870709 57000115 96)",57
28,57000116,0.514694711585627,117,-0.111841926944517,-0.494736954820113,-0.562675121066356,-0.564925299345405,-0.567713055283144,0.187293422901717,0.394697601579577,1.0411755286614,-0.934319069398325,-1.30557157310356,-1.75582488783516,0.49146979110697,-1.30557157310356,-1.30557157310356,-0.447075878703947,-1.29985101393882,-1.17571259520539,0.810617885884102,-1.90392472098648,0.393782383419688,-1.16859716859717,-1.44967682363804,0.0792141951837772,0.514694711585627,-0.5,-0.857167653021264,1.61457993114753,1.64129426198918,1.64249925453402,1.79660731129617,0.518749105880511,1.41502401552751,-0.88552677029361,0.172576425804129,0.0959225318558329,0.0399850261056294,22673.0000000001,3.47715769054202,0.0549828428957815,3715.0000000001,0.326573374919917,3.80373106536193,0.0667640907518622,0.677623973702232,0.129469254493541,2.02624403219946,1.11384440123055,-1.00167339618884,0.551157126513287,-0.795141121725192,-0.790577488232812,-0.196274102344167,-0.0958006334198013,0.0378377414828904,903.0000000001,1.36669921885034,0.0378377414828904,903.0000000001,1.36669921885034,0.53598253164184,0.0277691732709801,1e-10,-0.628684119626025,-0.524727476377271,-0.00526869246199066,0.0205515057000206,0.474576257488161,-0.569126424378404,-0.32358597102825,-0.331945636842455,-0.32094223474169,1.21415964476552,-0.545585812961092,1.5858449616252,-0.468649154130526,0.156063440195899,-0.330229022744547,-0.510644847670514,0.331806325538907,-0.445018765692281,0.468767596202672,0.210208552436718,0.928209614968669,22673.0000000001,0.901041666766667,0.0610319886638737,0.00573210198798849,0.0239886650683053,0.0239886650683053,0.484029766423547,1.06307251966791,2000.41822884136,0.125,28,2,"SNETWORK (2 28 2000.41822884136 0.484029766423547 57000116 28)",57
29,57000117,-0.482320096647335,80,-0.361841926944517,-0.698245294676348,-0.562675121066356,-0.564925299345405,-0.567713055283144,0.000652845500957738,0.0579754521822871,0.936985843086378,-0.14169607863612,1.03525168104962,-1.30136391336092,1.08625675019175,1.03525168104962,1.03525168104962,0.0370562036895251,-0.595487671814092,-0.607540144046544,1.76729073244662,-1.3291880942933,-0.606217616580312,0,0,-0.712927756653993,-0.482320096647335,-0.5,0.822783868535313,0.803645309144341,0.80809576821612,-0.553409707606007,0.830619479278074,-0.479512144435071,-0.611826048657517,-0.124648408586232,0.747282843695998,3.05702194194944,0.0399850261056294,3693.0000000001,18.0498097704332,0.179855756137816,10847.0000000001,3.11909603899635,21.1689058093295,0.429656190928953,-1.40943280623544,1.03567164952017,-0.435455661964406,0.182259826981251,0.709224953297033,-0.774622866802188,0.653871767966405,-0.818621172776292,2.25295541159956,2.05468062663935,0.160110319948824,893.0000000001,5.7191406251014,0.160110319948824,893.0000000001,5.7191406251014,2.59346594722488,2.50985190283733,1e-10,-0.333721457247921,0.238524973125717,0.158978307776317,0.358490794134358,-0.118644023962116,-0.921164041933264,-0.323585971028251,-0.331945636842457,-0.32094223474169,0.278286736111072,1.12002309561475,-0.40941250666863,-0.624925212557386,0.156063440195899,-0.417824392785958,-0.363533032561136,-0.435329329417108,-0.341461551882682,0.723938997071708,0.34918801786757,-0.187943216204658,10847.0000000001,0.8750000001,0.366349237934034,0.0633069528949195,0.116078941344331,0.116078941344331,0.967503002880164,1.14902300108224,1586.00760721686,0.25,93,2,"SNETWORK (2 29 1586.00760721686 0.967503002880164 57000117 93)",57
41,57000118,-0.87428558614871,19,-0.407894617963011,-0.251052105764176,-0.192309249631537,-0.194095720002018,-0.196546296696359,0.498493620532694,0.818022612825715,0.508325160097722,0.260012252086683,0.282213885347988,-0.228344199505791,0.014287048253772,0.282213885347988,0.282213885347988,0.53484136853031,0.660348441783561,0.538432087741147,0.336088741410131,0.571389554045784,-0.606217616580312,0,0,-0.712927756653993,-0.87428558614871,0,0.248097638507526,0.0942397108866407,0.0937972918175229,-0.264174843874535,0.0914390442117921,-0.867455973150331,0.134793619659426,0.246888724401678,-0.098831998507344,0.0745757328379408,0.0799701241440398,1202.0000000001,0.573267783858921,0.0746313927951183,686.0000000001,0.327416982147869,0.90068476590679,0.0207651678065602,1.06420558622731,-0.270926458280322,-0.478533648458077,-0.335750164705182,0.13951609596607,0.129884463170142,0.145544381581823,0.449505498037354,0.239587616017715,0.210197138765465,0.0355092965920343,204.0000000001,0.289755859475,0.0355092965920343,204.0000000001,0.289755859475,0.247055890857507,0.504715461499751,1e-10,-0.224421156948002,0,-0.961529578915387,-0.154245094839154,-0.305084586862668,-0.363341583505644,-0.487990783359436,-0.503664629107672,-0.505590738712637,-0.299496375992756,-0.274152056276506,-0.00639656583914435,1.07462588870732,0.156063440195899,0.263844614465152,0.197015294369542,-0.848089079051203,0.561957677348693,0.274061240284058,0.267149501707808,-0.187943216701152,1202.0000000001,0.919270833433333,0.0132166126512188,0.00754855505534136,0.00668028287176675,0.00668028287176675,0.0776029363442142,1.63924509938806,1892.0306683628,0.0625,198,2,"SNETWORK (2 41 1892.0306683628 0.0776029363442142 57000118 198)",57
35,57000119,1.09908313969296,107,0.953947685431969,0.757894567769832,0.623124281295046,0.615977027310147,0.618989232093641,0.101112351411439,0.0796217890536732,0.0185578877184044,-0.173126857827065,-0.00198708486729309,0.980655506850837,-0.181964784473814,-0.00198708486729309,-0.00198708486729309,-0.705326116362889,0.156940251364561,0.0999513638737279,-1.12539544654129,0.377784154928967,-1.11917098445596,0.839124839124839,1.32040627885503,-1.18821292775665,1.09908313969296,0.5,0.313046440653683,-0.332224827530754,-0.328529407315577,-0.355472224207984,-0.310531024648701,1.08752799650757,0.0414887643715304,-0.166408421745209,0.351987380533081,0.122787478280164,0.0799702643258065,387.0000000001,0.303893986962997,0.0964880897143146,2732.0000000001,1.68582102047911,1.98971500734211,0.0495332683238448,-0.397206884267172,0.060650553158338,-0.333291124400971,0.267440006490642,0.693334636067598,0.161604004548384,0.781634623618849,0.0837347365271527,0.992160593735968,0.833159851551822,0.0752634291832182,724.0000000001,2.17962890634923,0.0752634291832182,724.0000000001,2.17962890634923,0.920270151840899,0.806412190035718,1e-10,-0.171794349027338,-0.349893779774238,-1.23268799482786,-0.258979194622759,0.949152514976322,0.464889228842547,0.676414028971749,0.668054363157542,0.67905776525831,0.13987893848447,0.0573319867564812,0.714761144881289,-0.658774046920605,-5.27535422705007,0.561746163130085,0.836690218340242,0.188688822222154,0.630806173681312,-1.11522371936908,-0.687158999164939,-0.187943216701152,2732.0000000001,0.434895833433333,0.00756533589388901,0.0419679323299558,0.0542611091783112,0.0542611091783112,0.256717611429878,1.45998025511849,5502.04493218264,0.0156249669969604,104,2,"SNETWORK (2 35 5502.04493218264 0.256717611429878 57000119 104)",57
37,57000120,0.63099946462758,64,0.638158073055483,0.521052073640444,0.623124281295046,0.615977027310147,0.618989232093641,-0.473255701467531,-0.499665649517666,-0.149829390966727,1.70732131793469,-0.502429144047674,0.153335512185211,-0.424992729557742,-0.502429144047674,-0.502429144047674,-0.661224679608995,-0.240439692094221,-0.171455432240361,-0.674562919575108,-0.223039638036839,1.08031088082902,-1.42471042471043,-0.650969529085872,0.922053231939164,0.63099946462758,0.5,1.52741236596179,2.05830128715321,2.10413273710724,-0.744020162591208,2.3864535636461,0.620802548375533,-0.538493782225022,1.6152973106341,-0.158192405826054,0.266089997053832,0.0799702643258065,561.0000000001,0.95465944084402,0.138726639935064,1572.0000000001,1.39466361475285,2.34932305549687,0.0380910837031605,-0.117465287945283,1.95386225218391,0.320643528762013,-0.170361386019136,-0.556642756513383,-0.946564992746105,-0.406412790536363,0.145229461009042,-0.25030456575101,-0.686908257561915,0.032412400986194,603.0000000001,0.781787109474722,0.032412400986194,603.0000000001,0.781787109474722,0.259483240258939,0.339509256781452,1e-10,-0.361214977647136,-0.481008430486987,-1.18827859915804,-0.386241371389886,0.881355976037885,0.430873575621595,0.676414028971749,0.668054363157543,0.67905776525831,-0.702948169391496,-1.24721562892665,0.307354036164338,0.278318682954789,0.156063440195899,0.0565442900756143,0.0642100614737607,0.0414176442856195,0.082622522618873,-1.02308171752728,-1.09303799690047,-0.187943216701152,1572.0000000001,0.119791666766667,0.0154785066644587,0.0226125769387018,0.012675616524793,0.012675616524793,0.753826925133446,1.30977257618446,4996.93260865597,0.0312499339939208,174,2,"SNETWORK (2 37 4996.93260865597 0.753826925133446 57000120 174)",57
28,57000121,0.926637160451955,128,-0.111841926944517,-0.494736954820113,-0.562675121066356,-0.564925299345405,-0.567713055283144,0.156200395404373,0.358242264470977,1.15164984948941,-1.027779518131,-1.88485356029876,-1.41165958037355,0.243858067310352,-1.88485356029876,-1.88485356029876,-0.673815044149064,-1.52742376474145,-1.36867831558222,0.370564743386565,-2.05304975113097,0.393782383419688,-1.16859716859717,-1.44967682363804,0.0792141951837772,0.926637160451955,-0.5,-0.687547723230154,-1.52598567075452,-1.47982682749265,0.585208510132255,-1.28791712911015,0.934793952976202,2.26012656453143,-0.97487293362941,0.330198331641519,0.0668430096490812,0.0399850261056294,10156.0000000001,1.08535910348611,0.0574300743935778,4881.0000000001,0.448170174908533,1.53352927829464,0.047367599558058,-0.0797727065519788,-0.314948560261712,1.75321231145905,1.40562624170761,-0.363352183875173,1.91069015959729,-0.513141977071282,0.0209316856970806,-0.674535081673084,-0.232848261567514,0.175215425425682,403.0000000001,2.82447265635069,0.175215425425682,403.0000000001,2.82447265635069,1.22510029139542,1.71523286126584,1e-10,-1.71542937418635,-1.88296186014917,-0.160004653658456,-0.652389414765652,0.474576257488161,-0.569126424378405,-0.323585971028251,-0.331945636842457,-0.32094223474169,1.30784014170046,0.379859758617798,1.65220609372748,7.76648866228713,0.156063440195899,-0.550501948337176,-0.828221907749284,-0.275863537266645,-0.538490384346525,0.0719098970785954,0.440223924600733,5.04785390035202,10156.0000000001,0.401041666766667,0.0335245345546151,0.0138430649034429,0.0872422139986941,0.0872422139986941,0.639775541426582,0.0528284823521972,2124.06204619255,0.125,36,2,"SNETWORK (2 28 2124.06204619255 0.639775541426582 57000121 36)",57
35,57000122,1.08369771897713,106,0.953947685431969,0.757894567769832,0.623124281295046,0.615977027310147,0.618989232093641,0.101112351411439,0.0796217890536732,0.0194121759322463,-0.171118490208773,0,0.979437771752985,-0.180821108329135,0,0,-0.711916662489244,0.170888810135031,0.118741468282463,-1.11562817893796,0.391730831134792,-1.11917098445596,0.839124839124839,1.32040627885503,-1.18821292775665,1.08369771897713,0.5,0.153594600680394,-0.807969638654648,-0.792986375936343,-0.288835796185161,-0.724783501451224,1.07447546511435,0.285726713350417,-0.163019985196151,0.195969882690828,0.140515733928053,0.0799702643258065,211.0000000001,0.189611412379484,0.117477249588146,2182.0000000001,1.6393269475544,1.82893835983388,0.0496107115553476,0.0817193051807276,0.339826983804119,0.0210072136256256,0.467000424664646,0.513299086908026,0.499905515907995,0.629217225661217,0.386894281690984,0.940450729960917,0.791359684368964,0.111418833474506,506.0000000001,2.2551171875992,0.111418833474506,506.0000000001,2.2551171875992,0.955954925568036,0.996819441506148,1e-10,-0.451876003500345,-0.403510132610361,-1.2653769622541,-0.217132702281217,0.949152514976322,0.464889228842546,0.676414028971749,0.668054363157543,0.67905776525831,0.218635735536647,0.433173212240881,0.447430871939558,1.07285630487542,-2.87904571876724,0.539003851456911,0.803348282251249,0.28264917825899,0.5791898139353,-1.05955240609925,-0.422536636675199,-0.187943216701152,2182.0000000001,0.1328125001,0.00514328818856812,0.0444674232667795,0.0611709888917725,0.0611709888917725,0.205581564313768,1.69955589331417,5489.3489142594,0.0156249669969604,103,2,"SNETWORK (2 35 5489.3489142594 0.205581564313768 57000122 103)",57
29,57000123,-0.462458060157921,82,-0.361841926944517,-0.698245294676348,-0.562675121066356,-0.564925299345405,-0.567713055283144,0,0.0562487525976859,0.934768557371667,-0.161616161616162,1.04906017584503,-1.34733916878216,1.11183212376498,1.04906017584503,1.04906017584503,0.0301257113488233,-0.609701305634565,-0.620991691122236,1.79902695556616,-1.35503989598765,-0.606217616580312,0,0,-0.712927756653993,-0.462458060157921,-0.5,0.844613103566032,-0.0877438824970965,-0.0870935097988607,-0.621946691645992,-0.083784973680125,-0.459283677778851,0.510293746524878,-0.155111440085533,-0.0750801643893119,6.85525745502372,0.0399850261056294,2884.0000000001,31.6092208897392,0.104557427934338,3302.0000000001,0.551984300166773,32.161205189806,0.766154162802027,0.625679444161162,-0.848861842520652,1.14409878107484,-0.404652260248051,-1.81434850042802,0.472650063752145,-1.96109381680372,0.372076668558273,-3.24866149593498,-3.0224927144927,0.0168800675566702,476.0000000001,0.321396484475079,0.0168800675566702,476.0000000001,0.321396484475079,0.0418476681255104,0.477817600921086,1e-10,2.57878315311275,1.67497978386981,-0.189855723871902,4.12179184951462,0.177966116763023,-0.745145233155835,-0.178331149934657,-0.189046423999479,-0.18730165094911,0.645270548324941,-0.351855974573461,0.927172836710861,-0.150044883677425,-0.556035517645295,-0.794399558376941,-0.727320430811062,0.149040001042988,-0.935970256336125,0.349743590336803,0.0412578324302059,0.892495050203809,3302.0000000001,0.2109375001,0.753004622230897,0.013149540471129,0.00765640631093572,0.00765640631093572,0.989313456328679,1.98137706983835,1606.24148903239,0.25,95,2,"SNETWORK (2 29 1606.24148903239 0.989313456328679 57000123 95)",57
43,57000124,-0.404247992577665,20,0.0756580730554828,0.31473676207772,0.118081199488201,0.12698938418892,0.129762766215853,-1.13948580855249,-1.0092171950602,-0.274351773707938,0.399867037013832,-0.403296125744066,0.0270988827785627,-0.515298956278916,-0.403296125744066,-0.403296125744066,0.351713759313994,3.11085510310639,3.00831387148387,0.301888774402474,3.50976944614064,0,0.0216216216216217,1.64542936288088,0.287072243346007,-0.404247992577665,0.25,0.465010434930234,-0.156005927015456,-0.154689021360454,-0.436885949236807,-0.148079037635599,-0.401694303282612,-0.133364930011989,0.385900156262851,0.38410932593625,2.01577576023224,0.0799701818409082,1354.0000000001,17.4548872898635,0.071632079582795,520.0000000001,0.238213883204688,17.6931011729682,0.426702286734226,0.326170093002924,0.0432144827383516,-0.353132233572323,-0.246027691010512,0.103054782397265,-0.045803365284318,0.111872301743713,0.396344569759827,0.162222462805767,0.141504737286755,0.0242089065059381,501.0000000001,0.485146484475205,0.0242089065059381,501.0000000001,0.485146484475205,0.339420826528081,0.366387183167263,1e-10,-0.106754535915478,0.281730980728664,-0.797388546343094,0.353298516664853,-3.01077401207183e-16,0.0363195055765458,-1.4637901463605e-15,0,-1.55600483282998e-15,0.1476799602186,-0.0832745402022951,-0.259602421696871,0.0500437258032509,0.00623203674621426,-0.190541898233198,-0.0588777053931695,-0.329741879015595,-0.105375912185996,0.575894695574759,0.638207294030432,-0.187943216701152,1354.0000000001,0.145833333433333,0.420957312497942,0.00574497413628427,0.0117002164975411,0.0117002164975411,0.14944916813034,1.14974026770906,3015.57079976471,0.0312500660060792,290,2,"SNETWORK (2 43 3015.57079976471 0.14944916813034 57000124 290)",57
41,57000125,-0.222964393529562,77,-0.407894617963011,-0.251052105764176,0,0,0,0.532324911762759,0.640694360333084,0.118143409809859,-0.246047657832634,0.734022270895705,0.00805785600475066,0.0200326110340825,0.734022270895705,0.734022270895705,0.481263167298006,-0.592573398646989,-0.737100435822363,-0.240298711248382,-0.765159141397316,-0.606217616580312,0,0,-0.712927756653993,-0.222964393529562,0,0.434751915835265,0.660896827428754,0.663226241937239,-0.341382440449482,0.674379866660542,-0.223676606056212,-0.490974839605821,-0.236200345423143,0.444243842413314,0.199440827622297,0.0799701241440398,3533.0000000001,4.50622885568529,0.0572543003309092,382.0000000001,0.139870785418792,4.64609964100408,0.0967464389909374,0.118192571799717,-0.167518175398117,-0.712625710506002,-0.493109726258191,0.224414441958955,-0.607280773537915,0.212675266280309,-0.756535237142442,0.131285843226452,0.0453562766866927,0.124673652021855,787.0000000001,3.9247265626,0.124673652021855,787.0000000001,3.9247265626,1.96537699842453,1.56320652063958,1e-10,0.304367481618883,-0.000517478225002822,-0.894779791660229,0.0918470967975918,-0.305084586862669,-0.363341583505644,0,-1.49871635330658e-15,0,0.0372074404877684,0.909655307044001,-0.909150870621122,-0.0878304387227157,-0.160908476575343,-1.01656057169472,-0.867911866899076,-0.165058467191144,-1.11025857447341,1.98635681242175,0.883758345976168,-0.0363741026850981,3533.0000000001,0.598958333433333,0.093833888272062,0.0029125506188754,0.0817251776521647,0.0817251776521647,0.46546547512394,0.235255802050233,2551.35576403816,0.0625,237,2,"SNETWORK (2 41 2551.35576403816 0.46546547512394 57000125 237)",57
28,57000126,-0.308382923021294,90,-0.361841926944517,-0.698245294676348,-0.562675121066356,-0.564925299345405,-0.567713055283144,0.262650921199344,0.361603900694827,1.06091012410362,-0.532924002255498,0.389996371425765,-0.80612344610796,0.844467773358077,0.389996371425765,0.389996371425765,-0.066780743896895,-0.799537352979484,-0.814082946834065,1.3300539782791,-1.45098787070262,0.393782383419688,-1.16859716859717,-1.44967682363804,0.0792141951837772,-0.308382923021294,-0.5,0.158194311466047,-0.437367236180057,-0.431794916004974,-0.252243159854942,-0.405088843619577,-0.307489270631859,-0.590225204985163,-0.503110453162267,0.795240053709984,0.0881630102030111,0.0399850261056294,631.0000000001,0.0889427462795704,0.101582385176993,13800.0000000001,2.24126008907581,2.33020283525538,0.0591193797331702,-0.297794672738791,-0.236251005809842,1.24347713215312,0.118645114379597,-1.31310207303902,-0.477064618833463,-1.51247652750263,-0.976310763968628,-1.23917535635085,-0.853311865044256,0.157939925169703,807.0000000001,5.09830078135125,0.157939925169703,807.0000000001,5.09830078135125,2.29998291942018,2.87550681561687,1e-10,-0.579423477117439,-0.418393434733067,-0.0238053093155733,-0.0614006455590614,-0.118644023962116,-0.921164041933263,-0.323585971028253,-0.33194563684246,-0.32094223474169,0.912016823578792,-0.0782557267705641,1.47266915050047,0.0157881046073721,0.156063440195899,-0.594887479293776,-0.526437285054301,0.414973402992469,-0.775127158993952,0.889926711197641,0.274526692957329,-0.187943216674246,13800.0000000001,0.651041666766667,0.00225655891310256,0.0568628207200677,0.129348559199905,0.129348559199905,0.10022310907032,1.48527515855219,1695.72090887216,0.125,6,2,"SNETWORK (2 28 1695.72090887216 0.10022310907032 57000126 6)",57
29,57000127,-1.32342380473202,4,-0.361841926944517,-0.698245294676348,-0.88766904750336,-0.89062955707874,-0.905942372439505,-0.197460822741331,-0.173846495323255,0.827785952377469,1.04816601577456,0.506427755284687,-1.21872357190575,0.58104877673757,0.506427755284687,0.506427755284687,-0.322029278113993,0.579193372058838,0.471513934659218,0.334468864921737,0.474844507651738,0.234887737478411,-0.657228657228657,-0.00923361034164302,0.265103506548374,-1.32342380473202,-0.5,1.19152658270457,10.5909232919662,11.6335760317121,0.276055278832247,29.7572435736303,-1.30332856097192,-0.820196090902687,0.987133810346246,0.920634868536316,0.0536530288299068,0.0399850261056294,12963.0000000001,1.11197373623583,0.0950747320761675,83426.0000000001,12.6812275783106,13.7932013144464,0.0492709873921319,1.39313674860917,0.611587418149915,-0.914417618617024,-0.500721724497912,0.428940960414708,-2.16073933442389,0.0784931405188818,-2.60099305542403,0.120592982664547,0.0992069015253767,0.586407035187335,4988.0000000001,116.999931640754,0.586407035187335,4988.0000000001,116.999931640754,55.1980528025084,10.827817579934,1e-10,-0.346646518878329,-0.181435364422199,-0.91014190083879,-0.443181131299943,-0.118644023962116,-0.921164041933264,-0.642157328871708,-0.655861193874932,-0.670337298852447,-0.186336315620618,-0.964471511811299,0.786316727588465,-0.764446981632441,-0.763153715369105,0.654504237351468,0.732337268938919,0.251524229193197,0.721869137962703,-1.98732806471753,-1.45435098958197,-0.187943216701152,83426.0000000001,11.5390625001,0.00397210499388182,0.0452988822982501,0.417937940124968,0.417937940124968,0.0563581261632816,8.3344600788944,740.724963468528,0.25,39,2,"SNETWORK (2 29 740.724963468528 0.0563581261632816 57000127 39)",57
41,57000128,-0.155109443016473,84,-0.407894617963011,-0.251052105764176,0,0,0,0.441033405092278,0.520634823030538,4.954603006273e-05,-0.398927246273904,0.796960678919976,-0.160766616037494,0.185201806430538,0.796960678919976,0.796960678919976,0.467480414962687,-0.220965868338045,-0.313370218446839,0.0583024729760195,-0.404391802819858,-0.606217616580312,0,0,-0.712927756653993,-0.155109443016473,0,-0.62155807032424,-0.531344295110727,-0.523800746563392,0.66459398098673,-0.488138556392189,-0.154134947233216,-0.0842717615285133,-0.378063985525125,-0.661306272909952,0.180698400351287,0.0799701241440398,2527.0000000001,2.92021675859395,0.176008158432821,335.0000000001,0.377079693311595,3.29729645180555,0.0850850909845962,1.2513833142585,-0.633217422464908,0.0860330510495205,1.15286990113581,1.24068874955639,0.0980214036904132,1.4504292607876,-0.23311398368751,0.269702082216483,0.158572917447077,0.0902357787832649,487.0000000001,1.75779296885,0.0902357787832649,487.0000000001,1.75779296885,0.941025487245749,0.561106669302651,1e-10,0.640668265218554,0.636541206949913,0.120154114333529,1.01459761360751,-0.18806758057752,-0.210049396832236,0,0,0,0.302120805744499,-0.612526318330719,0.52961167202132,0.105718260705325,-0.00884482446524582,-0.77706969654354,-0.596372259524272,0.365144233379775,-0.973687047700091,0.463461438969614,0.131009848618136,0.390890197975957,2527.0000000001,0.182291666766667,0.0753547374154537,0.00973035346914246,0.0453589711125416,0.0453589711125416,0.509532719788629,0.816012096151958,2626.26539670365,0.0625,242,2,"SNETWORK (2 41 2626.26539670365 0.509532719788629 57000128 242)",57
41,57000129,-0.757980833106758,30,-0.407894617963011,-0.251052105764176,-0.192309249631537,-0.194095720002018,-0.196546296696359,0.539807974156929,0.867680569392531,0.495703584323709,0.200258964559447,0.370156136384698,-0.149297452489937,0.0217831672435327,0.370156136384698,0.370156136384698,0.541244238635782,0.453268350945322,0.337676725564629,0.370710123207418,0.314220355912498,-0.606217616580312,0,0,-0.712927756653993,-0.757980833106758,0,0.063283465694052,0.849963511808423,0.855221527065329,-0.00818879798977872,0.882163626184812,-0.755818603698287,-0.401468082909138,0.18570606135373,-0.521267972519573,0.059687565570326,0.0799701241440398,801.0000000001,0.305753840531155,0.0942044304303273,2604.0000000001,1.56880096179898,1.87455480223014,0.037732244702107,0.907384812536784,0.705683712236139,-0.311433380940775,-0.711971460687197,-0.478513775225115,-0.553749473677067,-0.435804243962647,-0.275607802699977,-0.281250630307761,-0.411880513360031,0.0256500954851744,860.0000000001,0.88236328135,0.0256500954851744,860.0000000001,0.88236328135,0.527192905616184,0.199383639629219,1e-10,-0.194424306063769,-0.280550061069062,-1.18935573118662,-0.386241371389886,-0.305084586862669,-0.363341583505644,-0.200374472521826,-0.20681066190661,-0.207601888336802,-0.800310125402908,0.281003634009261,-0.248540404669919,0.732702690164201,0.156063440195899,0.642680687098932,0.660013245729455,-0.138410731796211,0.812543370959814,-0.00942466814325037,0.162362187054472,-0.187943216701152,2604.0000000001,0.7890625001,0.00615440993353311,0.0315778346685738,0.0177607755815993,0.0177607755815993,0.151068980999756,0.498105586996752,2016.91513664324,0.0625,204,2,"SNETWORK (2 41 2016.91513664324 0.151068980999756 57000129 204)",57
43,57000130,-0.284501388884996,29,0.0756580730554828,0.31473676207772,0.118081199488201,0.12698938418892,0.129762766215853,-1.16925894236001,-1.08300962512165,-0.322553023380438,0.219368042937995,-0.473734709366289,0.00884189758109511,-0.485879841682433,-0.473734709366289,-0.473734709366289,0.365505516059205,3.17567210472543,3.06158017710205,0.295955122182625,3.58889284110157,0,0.0216216216216217,1.64542936288088,0.287072243346007,-0.284501388884996,0.25,1.08199909343564,-0.14014462269852,-0.138995190815248,-0.710820718994904,-0.133208472989129,-0.287501075125117,-0.882448386962198,0.205859034460071,0.772810004482628,0.323117702218144,0.0799701818409082,410.0000000001,0.84722892488547,0.147662377287011,1604.0000000001,1.51471311503368,2.36194203981915,0.0568002140017014,0.105442308339141,-0.583758290857752,-1.0459127000194,-0.663455322146903,0.409600289834556,-0.941191083967653,0.445941747576035,-0.702169575758558,0.460313507166641,0.470407980842166,0.0340539914366337,505.0000000001,0.687890625100291,0.0340539914366337,505.0000000001,0.687890625100291,0.215096552110885,0.232955263884195,1e-10,2.44201237637116,1.86383891437305,0.201242733911055,3.45999709861096,0.453784045044134,0.00427703364895521,0.336799288848921,0.33271594407588,0.338156842614374,-0.147092984115879,0.729982673401684,-0.690120006473282,-0.229896363845526,0.046821408950832,-0.295998840850073,-0.325622934837479,-0.687803912880196,-0.132147116806639,-0.0368004696676598,-1.02904152187619,1.61497307734644,1604.0000000001,0.135416666766667,0.0203742443050149,0.0364259695966865,0.0165424612390732,0.0165424612390732,0.22279581521249,1.06437398400158,3122.55926984579,0.0312500660060792,297,2,"SNETWORK (2 43 3122.55926984579 0.22279581521249 57000130 297)",57
37,57000131,0.386796763099106,41,0.638158073055483,0.521052073640444,0.623124281295046,0.615977027310147,0.618989232093641,-0.572256944371621,-0.58799406922542,-0.171612919294252,1.92056679823737,-0.398066727792863,0.102818171997729,-0.470263047293483,-0.398066727792863,-0.398066727792863,-0.64759208766537,-0.0374718695941836,0.0652463697381192,-0.587473556958608,-0.00477034752845489,0.55958549222798,-0.876876876876878,-0.0954139735303178,0.476341360371778,0.386796763099106,0.5,-0.489186309259025,0.0576679072930415,0.0573658613343694,0.559858495135065,0.0557741006657466,0.382396904274341,0.400100808450949,1.81314910765688,-1.23842409728862,0.126565696478605,0.0799702643258065,178.0000000001,0.144076476029731,0.0901118060589394,2100.0000000001,1.21020251262307,1.3542789885528,0.0314288030499038,-0.0413311500891924,-0.328220574666878,-0.226706822048464,0.15693374153174,0.439033526745358,0.350833916138213,0.461700778058716,1.55329003697372,0.439285041570686,0.923379415649206,0.0431826637904762,420.0000000001,0.725468750099742,0.0431826637904762,420.0000000001,0.725468750099742,0.453025819626363,0.224867111450149,1e-10,0.539745601735232,0.223427508520429,0.324097919134942,0.662538231845163,0.881355976037885,0.430873575621597,0.676414028971749,0.668054363157543,0.67905776525831,0.108256768253291,-0.547369782364243,-1.38774860938957,0.411232998049853,-0.495309794285987,-0.49021318011051,-0.454639705860457,-0.909245725900832,-0.298742624077662,-0.362334098364839,-0.173310865906092,0.0321246793004101,2100.0000000001,0.356770833433333,0.0033435881456636,0.0280852148042402,0.0168359803145905,0.0168359803145905,0.472320412764598,2.13224704226013,4711.17059542952,0.0312499339939208,156,2,"SNETWORK (2 37 4711.17059542952 0.472320412764598 57000131 156)",57
35,57000132,1.17669532263897,113,0.953947685431969,0.757894567769832,0.437324878933644,0.435074700654595,0.432286944716856,0.127173845239842,0.175220764227151,0.0158825245112671,-0.57068966717485,-0.17611959456705,0.938854664596606,-0.363512536626651,-0.17611959456705,-0.17611959456705,-0.90831305416409,0.0936096888514422,0.0388899407689569,-1.2616976188292,0.340151515588497,-1.11917098445596,0.839124839124839,1.32040627885503,-1.18821292775665,1.17669532263897,0.5,0.0569152259577787,-0.632776192059805,-0.622790527506089,-0.191171535821973,-0.576249796231945,1.16897529882199,0.557417935834122,-0.541991940126655,0.803438315148011,0.0950505577147275,0.0799702643258065,275.0000000001,0.167164642929963,0.102929982655288,1848.0000000001,1.2164686693888,1.38363331221876,0.0363632861291378,0.808995017723562,-1.15249371712015,0.238284242624882,0.424970563602389,0.220743369685477,0.660622121930017,0.261235532606235,0.0199130639842469,0.620284021805412,1.01330747178467,0.0818477282932128,733.0000000001,2.39977539072415,0.0818477282932128,733.0000000001,2.39977539072415,1.02433766207775,1.04910769911988,1e-10,-0.44287737598425,0.127809007425749,0.0894808217823485,-0.128501311669628,0.949152514976322,0.464889228842546,0.676414028971747,0.668054363157542,0.679057765258313,-0.167272412972231,0.443771890532234,0.234599628617577,0.512425870860823,-1.5083030371284,-0.145452615736044,0.00257464026906758,-0.00786546608042011,-0.139131005261973,0.0824765482511341,-0.307980540424217,-0.187943216701152,1848.0000000001,0.458333333433333,0.00439325626807607,0.0319700297610618,0.0630685299136985,0.0630685299136985,0.542193872081698,2.42793756518418,5572.92275568096,0.0156249669969604,109,2,"SNETWORK (2 35 5572.92275568096 0.542193872081698 57000132 109)",57
43,57000133,0.653042232755262,97,0,0.230175963096256,0.354270929498081,0.350983481983268,0.358474665810763,0.0832710513187514,-0.022484040598436,0.156216829996804,-1.08871276514281,-0.0120194617130217,0.949155443535758,-0.80495678265344,-0.0120194617130217,-0.0120194617130217,-0.67747461150044,3.42696685291158,3.47843282364493,-1.39191024383463,4.36051807680458,0.124352331606218,-0.494208494208494,-0.193905817174515,-0.237642585551331,0.653042232755262,0.25,-0.621046128978503,-2.29092980956595,-2.19152780809722,0.338405424483381,-1.81457600905138,0.649936093106589,1.55176842233406,-1.03255201908052,-1.44198810015528,0.0625917008106628,0.0799701818409082,1191.0000000001,0.476743389353994,0.0664122586638369,769.0000000001,0.326610961398846,0.803354350652841,0.0285128077424755,0.503968301286434,-0.187958772112361,1.31731841756992,0.710372677888015,-0.678096197903623,1.7987365031708,-1.09789973912469,-0.275408649306901,-2.28114682163538,-0.614183356969993,0.0451258830195206,438.0000000001,0.790605468850334,0.0451258830195206,438.0000000001,0.790605468850334,0.483817209116951,0.0844285803698879,1e-10,-0.791656306756484,-0.278725584987578,-0.187088948449744,-0.482555398396983,0.514355203049639,0,0.676414028971746,0.668054363157543,0.67905776525831,0.345880449804046,0.387314871312821,-0.638532686733981,4.13087706893636,-3.72408315055339,1.29651520813809,1.23748794464889,0.139317398256606,1.4986707710536,-0.494913104534596,-0.358344510863145,-0.187943216596357,1191.0000000001,0.309895833433333,0.0169206683741322,0.0115921392683433,0.0280603218692406,0.0280603218692406,0.756310381582841,0.854915839503519,3900.78035414438,0.0312500660060792,349,2,"SNETWORK (2 43 3900.78035414438 0.756310381582841 57000133 349)",57
43,57000134,0.367854109613999,80,0.0756580730554828,0.31473676207772,0.354270929498081,0.350983481983268,0.358474665810763,-0.550046142686417,-0.561733090198619,-0.150829509333484,-0.724442912933609,-0.137060798286197,0.434985922496007,-0.196911139305673,-0.137060798286197,-0.137060798286197,0.00403365055672897,2.97914669683995,3.02332030561328,-0.477980187054442,3.57010085313846,0.124352331606218,-0.494208494208494,-0.193905817174515,-0.237642585551331,0.367854109613999,0.25,-0.456895277888966,-0.195095361035685,-0.193333030510383,0.463544512152722,-0.184550295763952,0.366052503772678,0.523232107696801,-0.687349288592812,-0.937311586464041,0.0778357002384237,0.0799701818409082,1407.0000000001,0.700372523426738,0.0790149305184559,791.0000000001,0.399707052966469,1.10007957629321,0.0267178843967816,-0.167856030816956,0.736028078585372,0.201150173559425,0.610855830203978,0.47530817115222,0.511991853340893,0.522651758332617,-0.365087300080543,0.456489905212622,0.185230160578327,0.00637684334454993,711.0000000001,0.181357421975077,0.00637684334454993,711.0000000001,0.181357421975077,0.0243515112785418,0.567421813105071,1e-10,0.0195170969804031,-0.248902710149963,0.0558011933519602,-0.225552775057726,0,0.0363195055765458,0.676414028971747,0.668054363157542,0.67905776525831,-0.443923772173914,-0.384641274064336,0.610673491552785,-0.220251796838325,0.156063440195899,-0.506986170963634,-0.574710484165323,-0.336239495285191,-0.47170678467786,0.14381979415719,-0.493316994078413,0.325102642917666,1407.0000000001,0.401041666766667,0.0170101076757035,0.00970777662107808,0.00440466918837688,0.00440466918837688,0.619470387442417,0.875601788183325,3701.17611589486,0.0312500660060792,335,2,"SNETWORK (2 43 3701.17611589486 0.619470387442417 57000134 335)",57
37,57000135,0.663721651189452,67,0.638158073055483,0.521052073640444,0.623124281295046,0.615977027310147,0.618989232093641,-0.452599231193964,-0.473800263027638,-0.156047735071325,1.61084657742135,-0.496940530469205,0.213355155752994,-0.471317453469067,-0.496940530469205,-0.496940530469205,-0.70220283303278,-0.36794041138927,-0.317089271617911,-0.869959444670003,-0.320871898379395,1.08031088082902,-1.42471042471043,-0.650969529085872,0.922053231939164,0.663721651189452,0.5,1.63931694878827,1.50811627601203,1.53095156535958,-0.793429517457536,1.66179763030831,0.654084412205158,-0.710827744072374,1.59051237766264,-0.0416478434231146,0.0440201187264555,0.0799702643258065,120.0000000001,0.0337823236076114,0.209481904378244,7568.0000000001,10.1387566313941,10.1725389549017,0.181985045467552,3.04391008951726,0.700704705341119,-0.0978224425025689,0.164890811889994,0.275961113865006,-1.02940131731622,0.226050481820316,0.0301227855903964,0.353578023971967,0.738712557666577,0.12844572497674,1293.0000000001,6.64321289072264,0.12844572497674,1293.0000000001,6.64321289072264,3.03029281836559,2.58609996509142,1e-10,-0.0389803833942257,-0.202049670598328,-1.00151723993766,0.166122656221666,0.881355976037885,0.430873575621596,0.676414028971749,0.668054363157543,0.67905776525831,0.553460969523358,0.514847879761933,-1.83425309701612,-0.44518827495987,-3.28276418030935,-0.823641388280699,-0.697430473487189,-1.06403737547984,-0.645114121792939,-0.424922119100788,-1.57413330911927,-0.187943216701152,7568.0000000001,1.91666666676667,0.000604360199894049,0.181380685167658,0.118845983746821,0.118845983746821,0.79056474586738,0.256230244354811,5034.22579070757,0.0312499339939208,175,2,"SNETWORK (2 37 5034.22579070757 0.79056474586738 57000135 175)",57
43,57000136,0.183812131931461,64,0.0756580730554828,0.31473676207772,0.354270929498081,0.350983481983268,0.358474665810763,-0.65981928925997,-0.610608725722063,-0.161222172037028,-0.400086321519816,-0.232136997623892,0.489166330756992,-0.430595390988522,-0.232136997623892,-0.232136997623892,0.221483445471182,2.59957462043439,2.50153184063752,-0.65690620834042,3.16639964824906,-0.963730569948188,1.15057915057915,3.24099722991689,-0.29467680608365,0.183812131931461,0.25,0.761542947707461,-0.199436237002978,-0.197621566161795,-0.593650627757333,-0.188584982406032,0.175009459347458,-0.974196592893209,-0.381748499054199,0.267190792994088,0.055069350970789,0.0799701818409082,1006.0000000001,0.354294250067154,0.0604105334630362,2138.0000000001,0.825993323711955,1.18028757367911,0.0286883324499422,-0.204235887773756,-0.325558302151101,0.313417994660239,-0.868063254492228,-1.41420164140835,-1.07316641011877,-1.56001165319407,-1.49324795198191,-1.40062931590556,-1.10571573420802,0.0973686607197034,1062.0000000001,4.13622070322675,0.0973686607197034,1062.0000000001,4.13622070322675,1.84518901860832,2.08155100818357,1e-10,-1.51537550505757,-1.71682958689415,-1.58044264828219,-0.723691050423724,3.01077401207183e-16,0.0363195055765458,0.676414028971749,0.668054363157542,0.67905776525831,-0.0198623264072473,0.827539651619485,-0.324194318213383,5.30403699141766,0.156063440195899,0.633137626666704,0.368529839921574,-0.269780000323483,0.836624976902433,-1.05175791364392,-0.77998590885629,-0.187943216701152,2138.0000000001,1.31510416676667,0.0086115548619304,0.0200767774880118,0.100535900623085,0.100535900623085,0.498653655451216,0.859410752542317,3524.94451117737,0.0312500660060792,321,2,"SNETWORK (2 43 3524.94451117737 0.498653655451216 57000136 321)",57
41,57000137,-0.0110213840638411,92,-0.407894617963011,-0.251052105764176,0,0,0,0.477557352948576,0.52349272976688,-0.0679852573293975,-0.466846271119186,0.796431068161677,0.0441115726866334,0.140428022405853,0.796431068161677,0.796431068161677,0.454254701696736,-0.233206959258717,-0.357817011731202,-0.219268756284893,-0.341521772496494,-0.606217616580312,0,0,-0.712927756653993,-0.0110213840638411,0,-0.519887727318043,0.0266979170910717,0.0265457719890812,0.603014301414456,0.0257508713343902,-0.0128895816919715,-0.239304353297373,-0.442625215889465,0.528723903725483,0.105095189235978,0.0799701241440398,3373.0000000001,2.26701668577213,0.0656323393090411,242.0000000001,0.101575457949649,2.36859214362178,0.0552751290585099,-0.210776234007686,-0.05472051527075,-0.325974556614351,0.147457737651733,0.541228605960228,-0.195294367433831,0.572390246135893,-0.601049651901499,0.715380129009708,0.443318940557581,0.0479398257115257,603.0000000001,1.15630859385,0.0479398257115257,603.0000000001,1.15630859385,0.656692164683969,0.0547814947651938,1e-10,-0.53266877342137,-0.121777749430039,0.109162345992926,-0.206240404260206,-0.0153687120790803,0.0161864707896487,0,0,0,0.48148216111475,0.707435279272378,-0.958331701772971,-0.713619267009451,0.156063440195899,-0.860407998409716,-0.669744399720177,-0.524868982192619,-0.832271014815986,1.0279110660926,1.09616715818788,-0.169301391456666,3373.0000000001,0.119791666766667,0.0529046927704919,0.00237043618801796,0.0269844290458261,0.0269844290458261,0.561338212451557,0.857012051494732,2714.32922858068,0.0625,248,2,"SNETWORK (2 41 2714.32922858068 0.561338212451557 57000137 248)",57
41,57000138,0.401492876183215,116,0.342105382036989,0,0,0,0,0.601213594710422,0.554860761970975,-0.154775251747726,-0.774704313987567,0.580231671713232,0.667091248149506,-0.0156410407456052,0.580231671713232,0.580231671713232,0.347590450406712,-0.475123869723058,-0.5966938698083,-0.493252835207107,-0.554156267275436,-0.606217616580312,0,0,-0.712927756653993,0.401492876183215,0,0.208877387215645,-0.250428907253016,-0.247956191802365,-0.271349357960007,-0.235750988686924,0.398535814951518,-0.0697759986978339,-0.732978040957316,0.586914812952447,0.122587065115756,0.0799701241440398,2756.0000000001,2.16062501478753,0.0838543576583506,1164.0000000001,0.624214935421195,2.78483995010873,0.0683134765006713,-0.609826856525948,-0.667873082392101,-0.306357723745052,0.261160541208646,0.668540863692206,0.0386213759589361,0.742771480104789,-0.880640352893944,0.682958664975865,0.319221443605533,0.0481900229933968,761.0000000001,1.466904296975,0.0481900229933968,761.0000000001,1.466904296975,0.803516773790305,0.302768406208313,1e-10,0.986529606688052,0.365861021783941,-0.0780535878085416,0.438962028070939,0.915254083867404,-0.0283081595192618,0,1.49871635330658e-15,0,0.140377936922154,0.673363793642458,-1.54413602553623,-0.0826678100593631,-0.164827449775416,-0.789226864719298,-0.772244735441235,-0.945602222469855,-0.636802387333888,0.673338127190481,-0.0419027337046987,0.00817515942864366,2756.0000000001,0.5312500001,0.05300118089411,0.0153122955065613,0.0359838747883157,0.0359838747883157,0.719890302358175,0.80512118569598,2983.85093123363,0.0625,264,2,"SNETWORK (2 41 2983.85093123363 0.719890302358175 57000138 264)",57
41,57000139,-0.222964393529562,77,-0.407894617963011,-0.251052105764176,0,0,0,0.532324911762759,0.640694360333084,0.118143409809859,-0.246047657832634,0.734022270895705,0.00805785600475066,0.0200326110340825,0.734022270895705,0.734022270895705,0.481263167298006,-0.592573398646989,-0.737100435822363,-0.240298711248382,-0.765159141397316,-0.606217616580312,0,0,-0.712927756653993,-0.222964393529562,0,0.434751915835265,0.660896827428754,0.663226241937239,-0.341382440449482,0.674379866660542,-0.223676606056212,-0.490974839605821,-0.236200345423143,0.444243842413314,0.199440827622297,0.0799701241440398,3533.0000000001,4.50622885568529,0.0572543003309092,382.0000000001,0.139870785418792,4.64609964100408,0.0967464389909374,0.118192571799717,-0.167518175398117,-0.712625710506002,-0.493109726258191,0.224414441958955,-0.607280773537915,0.212675266280309,-0.756535237142442,0.131285843226452,0.0453562766866927,0.124673652021855,787.0000000001,3.9247265626,0.124673652021855,787.0000000001,3.9247265626,1.96537699842453,1.56320652063958,1e-10,0.304367481618883,-0.000517478225002822,-0.894779791660229,0.0918470967975918,-0.305084586862669,-0.363341583505644,0,-1.49871635330658e-15,0,0.0372074404877684,0.909655307044001,-0.909150870621122,-0.0878304387227157,-0.160908476575343,-1.01656057169472,-0.867911866899076,-0.165058467191144,-1.11025857447341,1.98635681242175,0.883758345976168,-0.0363741026850981,3533.0000000001,0.598958333433333,0.093833888272062,0.0029125506188754,0.0817251776521647,0.0817251776521647,0.46546547512394,0.235255802050233,2551.35576403816,0.0625,237,2,"SNETWORK (2 41 2551.35576403816 0.46546547512394 57000139 237)",57
29,57000140,-0.919060659657306,45,-0.361841926944517,-0.698245294676348,-0.562675121066356,-0.564925299345405,-0.567713055283144,-0.0273468304355504,0.00207454654990481,0.924122897863954,0.405829487152712,0.875023113488195,-1.24433004762786,0.832511019660789,0.875023113488195,0.875023113488195,-0.0386918088615674,-0.0221592053654833,-0.0630762585326182,0.497553923767826,-0.289420622731438,0.888230940044412,-1.64368450082736,-1.9192718638702,0.441336230309614,-0.919060659657306,-0.5,-0.362831708501998,1.15944074525572,1.17156463644757,0.572466353183262,1.23754308042929,-0.914437088673792,-0.193081968760323,0.383903281519862,-0.30746077947003,1.22250675920419,0.0399850261056294,1754.0000000001,3.42827477847582,2.66487274747163,269.0000000001,1.14610266175097,4.57437744012679,0.0871070526842594,0.760275083240994,1.42532979117486,-0.0868257586162457,0.0834914058042979,0.17984527883596,-0.421539645587378,0.156909583068131,0.0238890825807412,0.519755918949954,0.60058158890302,1.8427734376,100.0000000001,7.37109375010181,1.8427734376,100.0000000001,7.37109375010181,3.37437620902126,3.17902400780623,1e-10,0.499041343250517,0.222519849021955,0.0994703870668753,0.217870138662218,-0.118644023962116,-0.921164041933263,-0.323585971028251,-0.331945636842457,-0.32094223474169,-0.084732379605036,-0.242330852084727,0.834776107953122,0.337147856319504,-3.28690191960656,0.409424683305134,0.546695317414471,0.0742680073381438,0.484276100925583,-0.398716873082285,-0.33898472917095,0.460397703691177,1754.0000000001,1.19010416676667,0.0652825253946521,0.0218245271896074,0.140363198993294,0.140363198993294,0.546231703495464,0.796357464921087,1195.18796175905,0.25,64,2,"SNETWORK (2 29 1195.18796175905 0.546231703495464 57000140 64)",57
37,57000141,0.107346604365387,18,0.638158073055483,0.521052073640444,0.649161038498292,0.645874990233288,0.652741863980251,-0.609279682569421,-0.629036701459788,-0.162679597306308,2.0563387145055,-0.323891899956219,0.0634727715750052,-0.465022699432697,-0.323891899956219,-0.323891899956219,-0.616644114929243,0.0839008614194822,0.223395167268119,-0.465162505335291,0.106141048146685,0.143005181347151,-0.438610038610039,0.349030470914128,0.119771863117871,0.107346604365387,0.5,1.06206671405199,0.146539203705117,0.145964671217457,-0.690086740867457,0.142841794360483,0.108435830725316,0,1.94039312443458,-0.588423510299156,0.369909039000916,0.0799702643258065,1226.0000000001,2.90029701580269,3.37394275804393,146.0000000001,3.15026891463607,6.05056593033876,0.138189040613266,0.806496750415059,0.32231839890563,-0.233372922400929,0.937143342033738,1.33466851706539,0,1.38232824263991,1.28702179115774,1.53804595669978,3.68953440972246,0.0678274264211382,123.0000000001,0.333710937599881,0.0678274264211382,123.0000000001,0.333710937599881,0.267834308263129,0.478775801345119,1e-10,-0.0271843863473077,-0.776209096274447,0.330953422677859,-0.466948343185967,0.881355976037885,0.430873575621596,0.759851542316229,0.755531634235258,0.765632711522822,0.0382381373884867,-1.52182029145537,0.489694638770566,1.3462940437278,-1.12172806730506,0.25576827993072,0.460275429941531,1.02669715700215,0.0504857696540442,-0.137128439053753,0.430152313458128,-0.0519570475982599,1226.0000000001,1.13020833343333,0.0662399627447126,0.0719490777685531,0.0076216332147415,0.0076216332147415,0.204025792968572,0.490718331187963,4438.82019740291,0.0312499339939208,137,2,"SNETWORK (2 37 4438.82019740291 0.204025792968572 57000141 137)",57
41,57000142,-0.721241951894966,34,-0.407894617963011,-0.251052105764176,0,0,0,0.564180703617349,0.897232143594909,0.486850764835037,0.174867211049155,0.409419609145456,-0.124731628583636,0.0263175030991038,0.409419609145456,0.409419609145456,0.539649962629326,0.366309842021761,0.2499219319135,0.360710125768019,0.213081046575249,-0.606217616580312,0,0,-0.712927756653993,-0.721241951894966,0,0.189072895526698,4.01254593873729,4.19336065272436,0.335173627404312,5.6088661046552,-0.717469988752957,-0.798880301249026,0.169125750472901,0.627192372040554,0.0965912061593708,0.0799701241440398,904.0000000001,0.558420764267163,0.0973887709160195,3234.0000000001,2.01420856962716,2.57262933379432,0.0294439820840082,-1.09434404543478,0.0149514534825023,-1.00466455013349,-0.572996810136904,0.475296541288934,-1.52998170838974,0.251950952199014,-1.57945182977414,0.413900982560111,0.398830313863102,0.00170975281685681,1271.0000000001,0.086923828225,0.00170975281685681,1271.0000000001,0.086923828225,0.151173258216771,0.661382067065693,1e-10,-0.737108837754802,-0.614081875141223,0.0765820493941598,-0.505077430820005,-0.305084586862668,-0.363341583505644,0,0,0,-0.429459994443067,-0.135231233420754,-0.0660781348317433,0.00362209005071961,0.156063440195899,0.389824482716127,0.411788696046144,-0.24506805847743,0.546998494904445,-0.514110232475115,-0.229738310829756,-0.187943216701152,3234.0000000001,1.8593750001,0.00639117758018525,0.023052804403823,0.000994851296987362,0.000994851296987362,0.178777602316376,0.246097297407687,2064.01684813641,0.0625,208,2,"SNETWORK (2 41 2064.01684813641 0.178777602316376 57000142 208)",57
43,57000143,-0.489899400438949,13,0.0756580730554828,0.31473676207772,0.118081199488201,0.12698938418892,0.129762766215853,-1.09526091612524,-0.946030420450574,-0.243138937963399,0.471928102527689,-0.337826346544652,-0.0420180334579586,-0.517136563336466,-0.337826346544652,-0.337826346544652,0.366133933368729,2.97996583811314,2.88765662166732,0.240243963010274,3.37054488706883,0,0.0216216216216217,1.64542936288088,0.287072243346007,-0.489899400438949,0.25,-0.0934637409866154,-0.0231526020554932,-0.023003423766741,0.0317019472496507,-0.0222336651626957,-0.48538444055041,0.315917544979103,0.480845464265153,-0.554894851367547,0.0808866708608104,0.0799701818409082,700.0000000001,0.362102202684434,0.0973166805760694,1100.0000000001,0.684598806568614,1.04670100915305,0.0246466413505445,-0.310567384462564,-0.25174940297307,1.09272799637771,0.87788285417776,-0.229174275859183,0.308031030791923,-0.245338706032901,0.790673134095812,-0.117365748079358,-0.153556589938285,0.00685648651032064,499.0000000001,0.136855468850058,0.00685648651032064,499.0000000001,0.136855468850058,0.0453884470967418,0.599996543171656,1e-10,0.735156879984631,0.848454059116601,-0.874456351353634,1.55556764467656,0,0.0363195055765458,0,0,0,0.390911299639477,1.01686203193147,-0.283432909824221,-0.185066389387276,0.156063440195899,-0.995457315205424,-0.893697561887015,-0.685602137401536,-0.946307902868039,1.33347482321109,0.392716202166024,1.26666651208298,1100.0000000001,0.151041666766667,0.00852641108200004,0.0161202301685445,0.00322253213886682,0.00322253213886682,0.0933248202908993,0.165887753847579,2933.70396128585,0.0312500660060792,284,2,"SNETWORK (2 43 2933.70396128585 0.0933248202908993 57000143 284)",57
37,57000144,0.0184829619829522,10,0.638158073055483,0.521052073640444,0.649161038498292,0.645874990233288,0.652741863980251,-0.604225860313688,-0.623910593189016,-0.153359527832033,2.1167985854409,-0.286350970259614,0.0885434462257652,-0.479029180177784,-0.286350970259614,-0.286350970259614,-0.604353541082316,0.136297238901081,0.287042977935411,-0.445290425625993,0.163217828674644,0.143005181347151,-0.438610038610039,0.349030470914128,0.119771863117871,0.0184829619829522,0.5,0.988416964440846,0.102041685178427,0.101574440449393,-0.666583422598296,0.0990772801270011,0.0184536450390743,0.398222379065764,2.00152644131919,0.317103985765998,0.192514976846747,0.0799702643258065,2477.0000000001,3.04963307882819,0.133695049213349,38.0000000001,0.0324904693397386,3.08212354806793,0.0709583023575547,-0.311953250638647,-0.61867308916383,-0.397167793870099,1.19803403889969,1.90195767866053,0.337334044894027,1.9857198072215,1.6182122463234,2.0696717286717,5.11441803088265,0.172685103082955,418.0000000001,2.88729492197397,0.172685103082955,418.0000000001,2.88729492197397,1.47496295348792,1.14291654149573,1e-10,-1.25581472816926,-1.66587143941321,-1.5478760273152,-0.64966936254065,0.881355976037885,0.430873575621597,0.759869106100602,0.755550048397726,0.765650935743888,0.878377394244964,0.909429659000545,-1.80296946992037,1.16891431305679,0.156063440195899,0.462126818779569,0.849025038983784,0.446636123481436,0.445854495939708,0.137282530786409,0.175701252093329,-0.187943216701152,2477.0000000001,0.361979166766667,0.070210289239607,0.000748013017947696,0.0664728530782335,0.0664728530782335,0.108371892666701,1.04376378422603,4341.72030833388,0.0312499339939208,131,2,"SNETWORK (2 37 4341.72030833388 0.108371892666701 57000144 131)",57
29,57000145,-1.03570737832891,34,-0.361841926944517,-0.698245294676348,-0.695629464068801,-0.700108350003007,-0.706051805186474,-0.0922938171590436,-0.0794351716534078,0.899705560208108,0.433476738438834,0.898677533390615,-1.21470532328898,0.811795508756119,0.898677533390615,0.898677533390615,-0.132044099553875,0.0974316057259041,0.130494040197755,0.63725949632679,-0.185496445819,0.888230940044412,-1.64368450082736,-1.9192718638702,0.441336230309614,-1.03570737832891,-0.5,1.47567035577246,2.68435548811604,2.76484958948587,-0.69979286128227,3.30096991629774,-1.02609450097877,-0.554786725838629,0.415438769635661,0.825608265171236,2.9456149846196,0.0399850261056294,1837.0000000001,8.65127071972045,1.9785393025313,116.0000000001,0.366942010906648,9.01821273052709,0.130756919188098,-0.00528286395068139,-0.474620826301702,-0.824899155053918,-0.0961481581518923,0.831711256226631,-1.08035900470072,0.55071409792337,-0.711717839335031,0.650239169424265,0.785030767009121,6.21312825530833,75.0000000001,18.6393847657296,6.21312825530833,75.0000000001,18.6393847657296,8.70111578403763,6.7583312421267,1e-10,-0.909740286511717,-1.42556312019321,-1.10398675113925,-0.573906841233574,-0.118644023962116,-0.921164041933264,-0.487990783359437,-0.503664629107672,-0.505590738712639,0.970358945201275,1.52448984319313,-0.841886710016905,-0.58161888271501,-4.75623303914345,0.573927243026331,1.55160022811475,1.80053311458327,0.213312729253869,-1.70622573977393,-0.667972410219627,-0.187943216701152,1837.0000000001,1.25520833343333,0.125436551488519,0.00532036759957829,0.270256269008629,0.270256269008629,0.408456347600461,1.46528551708941,1067.37171645025,0.25,56,2,"SNETWORK (2 29 1067.37171645025 0.408456347600461 57000145 56)",57
43,57000146,0.0142364215819554,53,0.0756580730554828,0.31473676207772,0.354270929498081,0.350983481983268,0.358474665810763,-0.788087098542088,-0.713951534347766,-0.148047221514284,-0.304290318763096,-0.466389358621228,0.204536269899402,-0.362935439096105,-0.466389358621228,-0.466389358621228,0.202081732384999,2.68888599172255,2.58243049955581,-0.208267723409647,3.14787750183739,-0.963730569948188,1.15057915057915,3.24099722991689,-0.29467680608365,0.0142364215819554,0.25,0.757357989978197,0.0813256149252764,0.0809282414366395,-0.572985396669909,0.0788189754278984,0.0150874162596789,0.00239149926240221,-0.27550620939222,0.0849553883526773,0.158203633966894,0.0799701818409082,720.0000000001,0.728459006716336,0.137773789769718,620.0000000001,0.546278942542582,1.27473794915892,0.0294572616806088,0.755139220354812,0.108135830227396,0.619090716390112,-0.301183258456449,-1.05842815571513,0.0188670683178727,-1.10972094897377,-0.174904150756686,-0.917716568452559,-0.794348788232926,0.0155433104612167,263.0000000001,0.163515625100069,0.0155433104612167,263.0000000001,0.163515625100069,0.187379685169201,0.58467369856812,1e-10,-0.863871022139593,-0.916165883730983,0.0152574531761952,-0.61971252070262,-3.01077401207183e-16,0.0363195055765458,0.676414028971747,0.668054363157543,0.67905776525831,-0.789035325639508,-0.125187960490833,0.182366540103505,1.49517719595472,-0.887024663879224,1.66533784310316,1.88631416065465,0.683728364791641,1.78186861530704,-1.39184227029242,-0.157335826575081,-0.187943216701152,720.0000000001,0.7656250001,0.0168335833451021,0.0126236782355067,0.00377859821440143,0.00377859821440143,0.409938633876359,0.389734205389276,3395.5386717956,0.0312500660060792,314,2,"SNETWORK (2 43 3395.5386717956 0.409938633876359 57000146 314)",57
29,57000147,-0.919060659657306,45,-0.361841926944517,-0.698245294676348,-0.562675121066356,-0.564925299345405,-0.567713055283144,-0.0273468304355504,0.00207454654990481,0.924122897863954,0.405829487152712,0.875023113488195,-1.24433004762786,0.832511019660789,0.875023113488195,0.875023113488195,-0.0386918088615674,-0.0221592053654833,-0.0630762585326182,0.497553923767826,-0.289420622731438,0.888230940044412,-1.64368450082736,-1.9192718638702,0.441336230309614,-0.919060659657306,-0.5,-0.362831708501998,1.15944074525572,1.17156463644757,0.572466353183262,1.23754308042929,-0.914437088673792,-0.193081968760323,0.383903281519862,-0.30746077947003,1.22250675920419,0.0399850261056294,1754.0000000001,3.42827477847582,2.66487274747163,269.0000000001,1.14610266175097,4.57437744012679,0.0871070526842594,0.760275083240994,1.42532979117486,-0.0868257586162457,0.0834914058042979,0.17984527883596,-0.421539645587378,0.156909583068131,0.0238890825807412,0.519755918949954,0.60058158890302,1.8427734376,100.0000000001,7.37109375010181,1.8427734376,100.0000000001,7.37109375010181,3.37437620902126,3.17902400780623,1e-10,0.499041343250517,0.222519849021955,0.0994703870668753,0.217870138662218,-0.118644023962116,-0.921164041933263,-0.323585971028251,-0.331945636842457,-0.32094223474169,-0.084732379605036,-0.242330852084727,0.834776107953122,0.337147856319504,-3.28690191960656,0.409424683305134,0.546695317414471,0.0742680073381438,0.484276100925583,-0.398716873082285,-0.33898472917095,0.460397703691177,1754.0000000001,1.19010416676667,0.0652825253946521,0.0218245271896074,0.140363198993294,0.140363198993294,0.546231703495464,0.796357464921087,1195.18796175905,0.25,64,2,"SNETWORK (2 29 1195.18796175905 0.546231703495464 57000147 64)",57
43,57000148,0.557748744958109,92,0,0.230175963096256,0.354270929498081,0.350983481983268,0.358474665810763,-0.157428006259861,-0.196537768004475,0.0230850445021096,-0.961016087825185,0.107261358075746,1.01458115655484,-0.631796888457514,0.107261358075746,0.107261358075746,-0.30086350361242,3.17379694866025,3.32114833331871,-1.13572333924434,3.9864007501471,0.124352331606218,-0.494208494208494,-0.193905817174515,-0.237642585551331,0.557748744958109,0.25,-0.68217431302224,-1.82755514266777,-1.76295785340164,0.518873588487714,-1.50404034797875,0.55580061104142,1.15380784432002,-0.911874331770705,-1.73929512692101,0.0882892699903116,0.0799701818409082,1641.0000000001,0.926558133072199,0.06961042873651,942.0000000001,0.419354566820661,1.34591269979286,0.0439100496125123,1.23184349780971,0.736082663251238,0.797360473015261,1.23001303263448,0.508580743899899,1.41899665847693,0.74762960901557,-0.158206336829405,1.31689585771235,0.410831863677729,0.0278361693266949,531.0000000001,0.59124023447525,0.0278361693266949,531.0000000001,0.59124023447525,0.389573398555495,0.157270600923471,1e-10,0.208801351975565,0.312756740479969,-0.0135684959096556,0.30971723545981,0.447603613811161,0.00654576740339065,0.676414028971749,0.668054363157543,0.679057765258312,-0.161285898201974,0.164128562009533,0.64730511721237,0.126227325085618,-0.167878906992605,0.755722466256967,0.699897110481428,0.511664136282971,0.769933695608519,-0.458374269972261,-0.688245588752599,0.51918103622179,1641.0000000001,0.0677083334333333,0.0302287165462623,0.0136813329662499,0.0192890578795571,0.0192890578795571,0.716413048631412,0.417592438869178,3842.58335697274,0.0312500660060792,345,2,"SNETWORK (2 43 3842.58335697274 0.716413048631412 57000148 345)",57
41,57000149,-0.431919408231281,62,-0.407894617963011,-0.251052105764176,0,0,0,0.481513475881999,0.611074702915732,0.177227459363511,-0.166231578361144,0.629706185542473,-0.102933358009433,0.0469251903154974,0.629706185542473,0.629706185542473,0.487583346114165,-0.316509659480768,-0.440743999417179,0.00289049004144464,-0.503114626457791,-0.606217616580312,0,0,-0.712927756653993,-0.431919408231281,0,-0.544879515937096,-0.419772253807221,-0.414538093706752,0.558319217983263,-0.389386663349652,-0.42709865181272,0.158506448252916,-0.157088576363188,-0.775973365196257,0.124691197455606,0.0799701241440398,1106.0000000001,0.881955071002423,0.077584246237996,682.0000000001,0.338386835239149,1.22034190614157,0.0308631430737887,1.11327299961067,2.63587253580958,-0.253666685984861,-0.40348622972252,-0.180945851075048,0.286916481363087,-0.208976522743874,0.206839002096208,0.464106718933824,0.35582066716404,0.0359076235303653,219.0000000001,0.31455078135,0.0359076235303653,219.0000000001,0.31455078135,0.258776931024807,0.469584964796764,1e-10,0.358924792855353,-0.272117896639427,0.0349885499358378,-0.435008885503935,-0.305084586862669,-0.363341583505644,-1.4637901463605e-15,0,0,-1.52130778465283,-0.945070761889994,-0.0183945792804303,0.597251898735804,0.00918296418128516,-0.401457606310769,-0.414269051871076,-0.257985206389338,-0.369918149239344,-0.618157708503086,-0.641453681770744,-0.187943216701152,1106.0000000001,0.880208333433333,0.022305146873152,0.00855799610063678,0.00795516869999626,0.00795516869999626,0.365588201417152,0.92615622829077,2381.57501323479,0.0625,225,2,"SNETWORK (2 41 2381.57501323479 0.365588201417152 57000149 225)",57
37,57000150,0.55028762628202,56,0.638158073055483,0.521052073640444,0.623124281295046,0.615977027310147,0.618989232093641,-0.506542393997322,-0.536278126844738,-0.159782112741674,1.76630188863132,-0.461873390599197,0.129748275842735,-0.43511804082876,-0.461873390599197,-0.461873390599197,-0.674953378760812,-0.153805573676313,-0.0652333881771037,-0.61306415352073,-0.136668918266142,1.08031088082902,-1.42471042471043,-0.650969529085872,0.922053231939164,0.55028762628202,0.5,0.234816911181127,0.742024306070773,0.745490741032712,-0.17987510929154,0.762693417598311,0.539065389711993,-0.835387117445949,1.67001891602928,0.153716678378077,0.0669741299912502,0.0799702643258065,41.0000000001,0.0175609497903909,0.150426579271164,1683.0000000001,1.61907049040666,1.63663144009705,0.0335872713958572,0.0435629730555889,0.931084052321157,-0.6473560139525,-0.512733328061398,0.123487679492757,-1.04262937198865,0.115812906027618,0.0485835018158277,-0.164605816645136,-0.506339595606259,0.131926780623256,215.0000000001,1.1345703125996,0.131926780623256,215.0000000001,1.1345703125996,0.426250698330452,0.0471902427145596,1e-10,-0.511906866601245,-0.0634557970655212,-1.20459015812284,-0.0901243970550901,0.881355976037885,0.430873575621596,0.676414028971749,0.668054363157543,0.67905776525831,-0.705039167885739,-1.02528429139716,0.448372972601708,-0.0118713365238786,-0.105897762840546,0.416386518158006,0.513543333349319,0.923719981911484,0.264885728707434,-1.55260005056057,-1.22359835771544,-0.187943216701152,1683.0000000001,0.8906250001,0.000360389252613357,0.0332268820432439,0.023283874401324,0.023283874401324,0.656318197056755,0.139446721002103,4897.94985259867,0.0312499339939208,167,2,"SNETWORK (2 37 4897.94985259867 0.656318197056755 57000150 167)",57
29,57000151,-0.816190671065503,54,-0.361841926944517,-0.698245294676348,-0.562675121066356,-0.564925299345405,-0.567713055283144,0.0610067193833568,0.0929100123827647,0.970120330559494,0.294878488538034,0.868028540340988,-1.15146835723955,0.833202909324295,0.868028540340988,0.868028540340988,-0.00138864437541225,-0.279847862363345,-0.395673238041132,0.600004659074153,-0.626016333197532,0.888230940044412,-1.64368450082736,-1.9192718638702,0.441336230309614,-0.816190671065503,-0.5,0.509776589302233,0.0388359454800853,0.0386216518697246,-0.446722865653673,0.0374983607563164,-0.811199895862339,-0.284232505048971,0.276009540258245,-0.131250844077406,0.348008018562256,0.0399850261056294,3888.0000000001,2.16326773348589,0.331627407357963,4976.0000000001,2.63830835526788,4.80157608865377,0.111808514594544,-0.340275959391352,-0.22774072523758,-0.185206708653307,-0.753280367501806,-0.697984424207575,-0.243730312610928,-0.737634094913378,0.118625648945591,-0.676016805220293,-0.883541158934756,0.128745089855969,712.0000000001,3.6666601563509,0.128745089855969,712.0000000001,3.6666601563509,1.62321864666451,1.6639482476614,1e-10,-0.312882991976965,-0.34467362279372,-1.17938265632806,-0.122807335678623,-0.118644023962116,-0.921164041933264,-0.323585971028251,-0.331945636842457,-0.32094223474169,-0.160310064789012,0.295342979844548,-0.589129867761307,0.856160161638756,-1.8233616654723,1.00071692438894,1.23206649070393,-1.05363528868418,1.47409416387368,-1.15207094526846,-0.568366395727196,-0.187943216701152,4976.0000000001,0.403645833433333,0.0503734080774939,0.0614351064170501,0.0853810952208041,0.0853810952208041,0.658350660279115,1.4733506947523,1299.20238430169,0.25,73,2,"SNETWORK (2 29 1299.20238430169 0.658350660279115 57000151 73)",57
37,57000152,0.686798725196981,69,0.638158073055483,0.521052073640444,0.623124281295046,0.615977027310147,0.618989232093641,-0.449242477822913,-0.471328286310112,-0.152241947230382,1.60440030908673,-0.500433508926236,0.213341792193538,-0.46664166067133,-0.500433508926236,-0.500433508926236,-0.700445427563537,-0.377132527630497,-0.329717874153608,-0.872297985170265,-0.331204433732729,1.08031088082902,-1.42471042471043,-0.650969529085872,0.922053231939164,0.686798725196981,0.5,1.598896047633,-0.0140687022665042,-0.0139799655554573,-0.833136444628847,-0.0135210963989673,0.675812525326416,-0.776206948670443,1.51265071140719,0.651247323484875,0.0867226218271161,0.0799702643258065,283.0000000001,0.156955267825657,0.119909292652746,3695.0000000001,2.83350736200594,2.99046262973159,0.0703013314927392,0.472106415847244,1.43454046506524,-0.835229295063196,-0.0770762481006912,0.822960255605255,-0.813698588693969,0.876923305038556,0.257975830789821,0.388813681514899,0.716520474436564,0.115682312334204,823.0000000001,3.80826171884865,0.115682312334204,823.0000000001,3.80826171884865,1.69015644990325,1.77818018054317,1e-10,0.17067892174889,-0.41919856388987,0.306894052343818,-0.026003699271026,0.881355976037885,0.430873575621597,0.676414028971749,0.668054363157543,0.67905776525831,1.04460523986046,0.561973710611852,-2.31356520754514,-1.70977045164474,-1.85059361835775,-0.276598043201878,-0.0819307179111951,-0.314673074430822,-0.209506700596175,-0.719098970785949,-1.57413330911927,-0.187943216159882,3695.0000000001,0.692708333433333,0.00368978504559238,0.0666115463471468,0.0895265723996067,0.0895265723996067,0.814105333487875,1.35829383530654,5058.12223862403,0.0312499339939208,176,2,"SNETWORK (2 37 5058.12223862403 0.814105333487875 57000152 176)",57
36,57000153,0.844088899851721,86,0.638158073055483,0.521052073640444,0.623124281295046,0.615977027310147,0.618989232093641,-0.187506024192576,-0.183927118269175,-0.0135541149767798,0.412578576947977,-0.339800767948414,0.421488487238495,-0.706748562411694,-0.339800767948414,-0.339800767948414,-0.816831873195122,0.0511662051015767,0.0116931685307799,-1.17177265135889,0.264316397507863,0,0.0216216216216217,1.64542936288088,0.287072243346008,0.844088899851721,0.5,0.0450003606466475,0.942961843468985,0.950015808375291,0.0232801692047108,0.986930814388814,0.833649598325601,-0.24729475666112,0.386729171806892,0.0871542239985848,0.0872979263280215,0.0799702643258065,671.0000000001,0.374613573532418,0.137828506006345,3540.0000000001,3.1203217064315,3.49493527986392,0.0691848331155831,-1.16142580413342,-0.544370862326795,-0.181561921033042,-0.653656455030992,-0.597764147133313,-0.421988031366934,-0.535489376210306,0.0255779042079674,-0.58317096662848,-0.103763694453986,0.134060157837151,788.0000000001,4.2255761719735,0.134060157837151,788.0000000001,4.2255761719735,1.88742908065121,1.61620274406672,1e-10,-0.118699308926538,-0.156228573727741,0.100056561015624,0.0940775396220941,0.88877101056304,0.434593949105238,0.676414028971749,0.668054363157543,0.679057765258312,0.383483304091984,-0.539959220676343,-1.83457528667818,-0.195564279726464,-0.470845129232817,-0.446062273048716,-0.310315262812359,-0.672245074458517,-0.310858872589652,-0.688764417542156,-1.35618002759638,-0.187943216701152,3540.0000000001,0.6015625001,0.00741575321104185,0.0617690798045412,0.0836484107555327,0.0836484107555327,0.069697487375346,0.584388848103117,5260.17274392335,0.0156249669969604,116,2,"SNETWORK (2 36 5260.17274392335 0.069697487375346 57000153 116)",57
41,57000154,-0.513778131578283,55,-0.407894617963011,-0.251052105764176,0,0,0,0.478140669478336,0.621469971405691,0.215950173078975,-0.139736440908047,0.5831167827105,-0.187839415603887,0.0451777041116943,0.5831167827105,0.5831167827105,0.495450431695236,-0.248886029003274,-0.373294766781833,0.0168438126167803,-0.42618416518838,-0.606217616580312,0,0,-0.712927756653993,-0.513778131578283,0,-0.341991074519942,0.576181261153058,0.57751743777553,0.434702403738837,0.583495046247172,-0.51368753854926,-0.202135716625666,-0.134343284809606,-0.870197451605407,0.115664335853914,0.0799701241440398,1386.0000000001,1.02522275706291,0.169289999469601,805.0000000001,0.871530766657758,1.89675352362067,0.040101595011843,-0.268560350544748,-0.276555632159388,-0.0183798068233452,0.311065440975979,0.383099644324713,-0.292488760325767,0.367937931643402,-0.31325319585695,0.0697941209779965,-0.00066068096065822,0.0244529885178322,715.0000000001,0.69935546885,0.0244529885178322,715.0000000001,0.69935546885,0.440681565429021,0.281357813454249,1e-10,0.0955027100670915,-0.103227362264145,0.158809218680083,-0.284487239932784,-0.305084586862669,-0.363341583505645,0,0,0,-0.810912399024708,-1.18059268047035,0.07959279272389,1.02748212644111,0.156063440195899,-0.392366185113426,-0.320283413537291,-0.295239446581418,-0.349366511536767,0.947454154791338,0.761547275239469,0.0662065390712722,1386.0000000001,0.411458333433333,0.0216754929854129,0.0184261019264301,0.0147859325734312,0.0147859325734312,0.316220878749393,0.316353235393763,2297.65581123204,0.0625,221,2,"SNETWORK (2 41 2297.65581123204 0.316220878749393 57000154 221)",57
43,57000155,0.385305568714069,81,0.0756580730554828,0.31473676207772,0.354270929498081,0.350983481983268,0.358474665810763,-0.571274189361352,-0.576994874534489,-0.154406894698375,-0.728219479425544,-0.13841732147924,0.451680761737129,-0.205179030815993,-0.13841732147924,-0.13841732147924,0,2.98705567623266,3.0351235624487,-0.483562250047292,3.58111496590017,0.124352331606218,-0.494208494208494,-0.193905817174515,-0.237642585551331,0.385305568714069,0.25,-0.535734077529049,-0.182222091381373,-0.180611597006642,0.588689146905699,-0.172566936356461,0.380501826055904,0.227711655002568,-0.689050086355786,-0.241420880138275,0.0513994469554379,0.0799701818409082,1504.0000000001,0.494381769509044,0.0653807726600647,832.0000000001,0.347880063320183,0.842261832729227,0.0204088384306815,-0.520814938978893,-0.168547738668245,0.0487309401530266,0.49034748043436,0.521272292981692,0.280452782099763,0.57198199468793,-0.571211786072568,0.547207863325049,0.234267735428749,0.0326005261192411,929.0000000001,1.21143554697551,0.0326005261192411,929.0000000001,1.21143554697551,0.462586384489538,0.120084713214273,1e-10,-0.421307708176719,-0.533153161591356,0.0548533314846317,-0.426842684268427,0,0.0363195055765448,0.676414028971747,0.668054363157543,0.67905776525831,-0.173077013766369,-0.21829020863333,-0.382143601739177,1.43839240044092,0.156063440195899,0.315489214491131,0.255402762555335,-0.210615812798977,0.451309329842117,0.0173467073336485,0.159869745890026,0.157849563121974,1504.0000000001,0.9687500001,0.0119793598791114,0.00842947845157006,0.0293542830345808,0.0293542830345808,0.628173132767549,0.482362208713312,3713.87053949678,0.0312500660060792,336,2,"SNETWORK (2 43 3713.87053949678 0.628173132767549 57000155 336)",57
41,57000156,-0.325029921992595,70,-0.407894617963011,-0.251052105764176,0,0,0,0.523190135932549,0.656134829627048,0.159425508445092,-0.214474169677478,0.722287357433033,-0.0163456481063056,0.0250267776023508,0.722287357433033,0.722287357433033,0.479377595827748,-0.51227283941091,-0.629526057565841,-0.133645999804607,-0.698963969376968,-0.606217616580312,0,0,-0.712927756653993,-0.325029921992595,0,0.55413415567161,0.640687403142469,0.642761793284466,-0.420803618866773,0.652575623801686,-0.321566041874258,-0.0828571604434204,-0.206411711489432,0.612596923834667,0.108358627490858,0.0799701241440398,1558.0000000001,1.0796586977,0.117824663424444,2349.0000000001,1.77000610211761,2.84966479971761,0.0595546328243535,0.603233217660471,0.795536896595818,-0.499053673090099,0.584532784162011,1.21742988506379,-0.197887175211268,1.15467810490202,-0.300089936176585,1.28144509981749,1.05333222973332,0.047312898189172,785.0000000001,1.4856250001,0.047312898189172,785.0000000001,1.4856250001,0.812366413018629,0.166751200438158,1e-10,-0.703357069689899,-1.13100595396812,-1.20876769633538,-0.724930185326225,-0.305084586862669,-0.363341583505644,0,0,-1.55600483282998e-15,-1.15954042798359,0.214464377920063,-0.961300265770108,2.29484906788395,0.156063440195899,1.51873151526884,1.76816515675799,1.19030022090395,1.47568114925774,-0.0392235802246878,1.21354177307273,-0.187943216701152,2349.0000000001,0.5937500001,0.0225635931678174,0.0369910395565361,0.0310478099925964,0.0310478099925964,0.421139751343601,0.246793664351571,2476.00674434603,0.0625,231,2,"SNETWORK (2 41 2476.00674434603 0.421139751343601 57000156 231)",57
28,57000157,0.153615445634472,108,-0.111841926944517,-0.494736954820113,-0.562675121066356,-0.564925299345405,-0.567713055283144,0.286313903756571,0.401296931961288,1.08176916150021,-0.829038141581215,-0.482080961689894,-1.31072990155189,0.781243633258972,-0.482080961689894,-0.482080961689894,-0.211637720174997,-0.911383497479308,-0.897306061621499,1.44953849742516,-1.61802570491172,0.393782383419688,-1.16859716859717,-1.44967682363804,0.0792141951837772,0.153615445634472,-0.5,-0.787315594861109,0.745387996757524,0.748905473589571,1.26690275748824,0.766382322465236,0.171728629433971,2.50622584512567,-0.78720947446336,-0.278233364248112,0.280995685793908,0.0399850261056294,17614.0000000001,7.91320486986225,0.0490709926959931,3476.0000000001,0.272708940707042,8.1859138104693,0.167891570891837,1.93417862854947,3.40643550457088,1.71892251577939,2.1308407435688,0.482304060503497,1.30790665541978,0.449536887982699,0.076911863092081,-0.851220181918375,0.0610786985706053,0.0447207776035261,709.0000000001,1.26828125010031,0.0447207776035261,709.0000000001,1.26828125010031,0.709623809646017,0.0279912975627643,1e-10,1.27444473238337,1.08629400651286,-0.0920529834305346,2.75364789226175,0.474576257488161,-0.569126424378404,-0.32358597102825,-0.331945636842455,-0.320942234741688,0.931453449461008,0.772478515792615,1.04118699694825,-0.315208891184039,0.156063440195899,-0.581739902201462,-0.578552422362729,0.406606280331464,-0.757594068315922,0.418252264203216,0.468033330591497,1.40394388351927,17614.0000000001,0.395833333433333,0.1622983611065,0.00559320968533733,0.026012212710896,0.026012212710896,0.355509944651322,0.0212564943603101,1898.38861443351,0.125,20,2,"SNETWORK (2 28 1898.38861443351 0.355509944651322 57000157 20)",57
43,57000158,0.360849420200078,79,0.0756580730554828,0.31473676207772,0.354270929498081,0.350983481983268,0.358474665810763,-0.55614467675589,-0.561635995337519,-0.150829509333484,-0.722361450479989,-0.138206348115155,0.430193022082475,-0.196528530996278,-0.138206348115155,-0.138206348115155,0.00557760595170272,2.99229383071214,3.03602944805497,-0.466516350661407,3.58261335612697,0.124352331606218,-0.494208494208494,-0.193905817174515,-0.237642585551331,0.360849420200078,0.25,-0.24974692755645,-0.0349205404173522,-0.034689386342437,0.209098797566176,-0.0334998849053646,0.355984659704261,0.651632392477255,-0.685559667735834,-0.588502641855862,0.0369633947057888,0.0799701818409082,895.0000000001,0.211568521056457,0.0568362689288105,1224.0000000001,0.444900755929689,0.656469276886145,0.0154906358254694,0.817141770550893,-0.115151528531433,0.487022274937077,-0.320612307880328,-0.935563740725507,0.55828611393927,-1.00190450983367,-0.321852988848379,-1.04130451988565,-0.586467573727092,0.0359070864746959,822.0000000001,1.1806250001005,0.0359070864746959,822.0000000001,1.1806250001005,0.448021641784596,0.0788832715380768,1e-10,-0.436996374705818,-0.379949056665268,0.126618402237074,-0.409011230793409,0,0.0363195055765458,0.676414028971749,0.668054363157542,0.67905776525831,-0.889000370628669,-0.392768340031057,0.0125769824124366,0.417798487920934,0.156063440195899,0.609520984395574,0.517471012821371,0.32515160797227,0.649828796200069,-0.0237239387247323,0.0939621726685595,-0.187943216701152,1224.0000000001,0.690104166766667,0.00499235989406472,0.0104982758314047,0.027859082595495,0.027859082595495,0.612431011454731,2.23190004378557,3690.90799734809,0.0312500660060792,334,2,"SNETWORK (2 43 3690.90799734809 0.612431011454731 57000158 334)",57
43,57000159,-0.404247992577665,20,0.0756580730554828,0.31473676207772,0.118081199488201,0.12698938418892,0.129762766215853,-1.13948580855249,-1.0092171950602,-0.274351773707938,0.399867037013832,-0.403296125744066,0.0270988827785627,-0.515298956278916,-0.403296125744066,-0.403296125744066,0.351713759313994,3.11085510310639,3.00831387148387,0.301888774402474,3.50976944614064,0,0.0216216216216217,1.64542936288088,0.287072243346007,-0.404247992577665,0.25,0.465010434930234,-0.156005927015456,-0.154689021360454,-0.436885949236807,-0.148079037635599,-0.401694303282612,-0.133364930011989,0.385900156262851,0.38410932593625,2.01577576023224,0.0799701818409082,1354.0000000001,17.4548872898635,0.071632079582795,520.0000000001,0.238213883204688,17.6931011729682,0.426702286734226,0.326170093002924,0.0432144827383516,-0.353132233572323,-0.246027691010512,0.103054782397265,-0.045803365284318,0.111872301743713,0.396344569759827,0.162222462805767,0.141504737286755,0.0242089065059381,501.0000000001,0.485146484475205,0.0242089065059381,501.0000000001,0.485146484475205,0.339420826528081,0.366387183167263,1e-10,-0.106754535915478,0.281730980728664,-0.797388546343094,0.353298516664853,-3.01077401207183e-16,0.0363195055765458,-1.4637901463605e-15,0,-1.55600483282998e-15,0.1476799602186,-0.0832745402022951,-0.259602421696871,0.0500437258032509,0.00623203674621426,-0.190541898233198,-0.0588777053931695,-0.329741879015595,-0.105375912185996,0.575894695574759,0.638207294030432,-0.187943216701152,1354.0000000001,0.145833333433333,0.420957312497942,0.00574497413628427,0.0117002164975411,0.0117002164975411,0.14944916813034,1.14974026770906,3015.57079976471,0.0312500660060792,290,2,"SNETWORK (2 43 3015.57079976471 0.14944916813034 57000159 290)",57
42,57000160,-1.01917530223315,3,-0.407894617963011,-0.251052105764176,-0.192309249631537,-0.194095720002018,-0.196546296696359,0.542145867937022,0.970632824780026,0.727044943963875,0.702730266134815,0.0187955854498473,-0.365082504859328,0.0907608626933033,0.0187955854498473,0.0187955854498473,0.578904995766395,1.0899351205474,0.873639823460982,0.439452421176846,1.05596741247556,-0.606217616580312,0,0,-0.712927756653993,-1.01917530223315,0,0.0972722757609791,0.0964088871384519,0.0959593853641632,-0.138548147462481,0.0935616449618047,-1.01379998936221,-0.366646217733944,0.668660251665433,0.00304401085688543,0.150341313962219,0.0799701241440398,1747.0000000001,1.67968090719289,0.0946617757620981,160.0000000001,0.0968612722541474,1.77654217934703,0.0409419668460427,-1.3713197230395,0.845544786088567,-0.167527781813428,-0.153554910371112,0,-0.343601102352331,-0.000340420055128438,0.304733108814146,0.63160548197772,0.874291178266989,0.0755092076892857,343.0000000001,1.035986328225,0.0755092076892857,343.0000000001,1.035986328225,0.599813497531033,0.0308955152670251,1e-10,-2.61706946689702,-2.59438749056495,-1.85537189550666,-0.839069621247839,-0.305084586862669,-0.363341583505644,-0.487990783359437,-0.503664629107672,-0.505590738712639,-0.363650218653798,-1.18348503373706,0.307740954345647,14.1775523157799,0.156063440195899,-0.0453053167003287,0.323625698504173,-0.359994932110825,0.0716572101459954,-1.0165444541565,0.914198632763441,-0.187943216701152,1747.0000000001,0.557291666766667,0.0387097140982642,0.00223225264777857,0.0238752101081135,0.0238752101081135,0.383468404372256,0.477568914182484,1721.09717113115,0.0625,275,2,"SNETWORK (2 42 1721.09717113115 0.383468404372256 57000160 275)",57
41,57000161,-0.936741964508452,11,-0.407894617963011,-0.251052105764176,-0.192309249631537,-0.194095720002018,-0.196546296696359,0.472413134940647,0.794021637114154,0.515421772385083,0.286232413730691,0.271162737601278,-0.250445114200933,0.0108306440775623,0.271162737601278,0.271162737601278,0.538172917725787,0.725715026626293,0.590869765855677,0.266849940430376,0.668847757582617,-0.606217616580312,0,0,-0.712927756653993,-0.936741964508452,0,0.314470780715796,0.661628423746815,0.663967282089458,-0.253416964603629,0.675170650598265,-0.932323113774037,-0.881942156192915,0.268650382432766,0.672326339167172,0.0579683890882337,0.0799701241440398,1547.0000000001,0.573504835594284,0.0446164937464065,2027.0000000001,0.578368623881574,1.15187345937586,0.0239824869674653,-0.168872336347539,-0.347118498010449,-0.942327778955394,-0.639337630987476,0.318309751980575,-1.09188033937042,0.3013172343231,-0.841530588736339,0.501187938189042,0.530396656742636,0.0394593254968254,945.0000000001,1.4915625001,0.0394593254968254,945.0000000001,1.4915625001,0.815173184354477,0.166948077843819,1e-10,-1.28389478467398,-1.77472890931994,-1.5478760273152,-0.715530893748715,-0.305084586862669,-0.363341583505644,-0.487990783359437,-0.50366462910767,-0.505590738712637,0.42791640092561,1.09604436311159,-0.025376146172444,-0.717766388357002,0.156063440195899,0.533701867079156,0.38969060784299,-2.07139886127706,1.20345094925392,-0.268027798202035,0.578455807130595,-0.187943216701152,2027.0000000001,1.01041666676667,0.01194061038121,0.0120418764862554,0.0310549546742243,0.0310549546742243,0.0274791433970921,0.138521112691064,1806.82554727932,0.0625,191,2,"SNETWORK (2 41 1806.82554727932 0.0274791433970921 57000161 191)",57
37,57000162,0.578760010202909,60,0.638158073055483,0.521052073640444,0.623124281295046,0.615977027310147,0.618989232093641,-0.494281516763301,-0.519962593568805,-0.151986156793945,1.72566116018907,-0.496136378252366,0.11571798463654,-0.417800844562056,-0.496136378252366,-0.496136378252366,-0.664250046757514,-0.200894994633777,-0.125813895912959,-0.635874352109823,-0.186575950245295,1.08031088082902,-1.42471042471043,-0.650969529085872,0.922053231939164,0.578760010202909,0.5,1.01780648784431,1.61656570272508,1.64335503782065,-0.587274332556877,1.79914584567962,0.575152499103444,0.0170958548850722,1.64873098116621,0.301051661077123,0.0518773619553366,0.0799702643258065,175.0000000001,0.0580594602268674,0.212612604165375,1925.0000000001,2.61744040635816,2.67549986648503,0.0469443988981512,-1.36748174536028,1.86942812210966,0.255800552606223,0.00263387077973461,-0.296857689719513,-0.347251202465856,-0.233948523432493,0.82570765353643,-0.157711126328943,-0.464080576692075,0.106752905615161,404.0000000001,1.72512695322439,0.106752905615161,404.0000000001,1.72512695322439,0.705418269042109,0.145293993908817,1e-10,-0.19215692757741,-0.315763909272576,-1.13425363347965,-0.146574547564647,0.881355976037885,0.430873575621596,0.676414028971749,0.668054363157545,0.67905776525831,0.387184761040436,-1.75087663735288,0.606709072890471,0.403165334722233,-2.14303845465619,0.586082198129002,0.684548575704623,1.1710721999203,0.396024463985868,-1.25188593550463,-1.54524740871156,-0.187943216701152,1925.0000000001,0.3984375001,0.00101871298311206,0.0459256858150392,0.0302691279048101,0.0302691279048101,0.706706205460182,0.197827936850764,4949.09957060224,0.0312499339939208,171,2,"SNETWORK (2 37 4949.09957060224 0.706706205460182 57000162 171)",57
28,57000163,0.682434458923481,121,-0.111841926944517,-0.494736954820113,-0.562675121066356,-0.564925299345405,-0.567713055283144,0.187199177520193,0.400384080423716,1.04114760107585,-0.94448273221533,-1.37625744251709,-1.74305848031164,0.470541758149808,-1.37625744251709,-1.37625744251709,-0.460280495934958,-1.3168818351207,-1.17848842318931,0.806142405964885,-1.92302891626841,0.393782383419688,-1.16859716859717,-1.44967682363804,0.0792141951837772,0.682434458923481,-0.5,-0.505673067621425,0.163857317346255,0.163256765766224,0.606364018022331,0.159967401072948,0.688734529016255,2.50604720762643,-0.895471667077885,-0.387107094569738,0.097070601591022,0.0399850261056294,19346.0000000001,3.00243538499037,0.0510770249730034,2696.0000000001,0.220160927562928,3.2225963124533,0.0733721105993739,0.679922557790471,0.0403932232019126,1.49819679206821,2.71640604821048,1.46214633939251,1.48608778016593,1.50970570425722,-0.0588017969064815,1.32193999570691,0.437218783238563,0.0209026006915824,692.0000000001,0.578583984475142,0.0209026006915824,692.0000000001,0.578583984475142,0.163425184409912,0.325797756293148,1e-10,-0.166524231254574,-0.186473621935168,-0.00813869959059005,0.135676204983136,0.474576257488161,-0.569126424378404,-0.323585971028251,-0.331945636842457,-0.320942234741688,0.262046942998624,-1.25463799665871,0.30221391586288,1.17904777443721,0.156063440195899,-1.19120917754264,-1.27823714785465,-0.738245976760084,-1.15989745413397,-0.427891634149924,-0.252641892484996,-0.187943216701152,19346.0000000001,0.3515625001,0.0683594839300664,0.00501262656930753,0.0131732069176671,0.0131732069176671,0.539933206280166,0.894310842268169,2044.79898142871,0.125,31,2,"SNETWORK (2 28 2044.79898142871 0.539933206280166 57000163 31)",57
41,57000164,0.346383152867045,113,-0.184210513107001,-0.196491445985551,0,0,0,0.556782601995988,0.504560686116727,-0.14401023909366,-0.673495812710148,0.531959123770837,0.333992450329549,0.0580844022010339,0.531959123770837,0.531959123770837,0.375654482470121,-0.357567009010607,-0.501466840840835,-0.242721766810047,-0.483604131087193,-0.606217616580312,0,0,-0.712927756653993,0.346383152867045,0,-0.42567146124686,-0.10582263929072,-0.10500947413482,0.433497666861688,-0.100888026056099,0.342521822693944,1.10841176080357,-0.640085533349782,-1.32932340368215,0.15086871731816,0.0799701241440398,2315.0000000001,2.23360170476031,0.0704391319984173,523.0000000001,0.235597796034305,2.46919950069461,0.0590137746786895,0.0292747341823513,0.200812520571254,0.514459536453301,-0.137947200884864,-0.760507857132915,0.872230250399941,-0.825147827909713,0.027512490575388,-0.729995191303489,-0.329553671722127,0.00466486732103004,466.0000000001,0.0869531251,0.00466486732103004,466.0000000001,0.0869531251,0.151187107417442,0.631530179190521,1e-10,1.65057738642119,1.38811053964081,-0.500182892890994,2.46866499836797,0.511647949964731,-0.0649121358189584,0.261210984811386,0.257982730448682,0.262232239750229,-0.219657074936786,-0.114121776730724,0.336853911591198,-0.0452420747788738,-0.368249676126972,-0.704729306045464,-0.70036487527901,-0.176530202667097,-0.744481358896227,0.271059959292896,-0.746724237376846,1.15453678854855,2315.0000000001,0.236979166766667,0.0533829961757475,0.00563077840294195,0.00207817639539734,0.00207817639539734,0.700644348046606,0.346093543492432,2951.13485427564,0.0625,262,2,"SNETWORK (2 41 2951.13485427564 0.700644348046606 57000164 262)",57
43,57000165,0.541676360364502,91,0,0.230175963096256,0.354270929498081,0.350983481983268,0.358474665810763,-0.168323400168355,-0.205968373355658,0.0230850445021096,-0.960323427242793,0.110650123591382,1.01478288868672,-0.632857191587172,0.110650123591382,0.110650123591382,-0.299890619120207,3.18306001365413,3.33080141263899,-1.12164132516016,3.99353728213812,0.124352331606218,-0.494208494208494,-0.193905817174515,-0.237642585551331,0.541676360364502,0.25,-0.755519884895732,-1.55934230164509,-1.51130348542982,0.700884440092028,-1.31239005137321,0.537638505650239,1.31133739439562,-0.911045316226663,-2.35882155099106,0.0578700423020658,0.0799701818409082,1284.0000000001,0.475198421007626,0.0697774148881764,956.0000000001,0.42660793919887,0.901806360106496,0.0280238946504646,0.817201208106972,-0.0846563989869409,1.0970105490575,0.85535406093912,-0.253866383997163,1.43074350366365,-0.362003677241992,-0.146610208893567,-1.16294201964652,-0.443462915811398,0.0263527593826594,643.0000000001,0.677792968850286,0.0263527593826594,643.0000000001,0.677792968850286,0.430488553735813,0.108398863974311,1e-10,-0.925974201361932,-1.26838593497541,-0.0132872792489778,-0.588764370942589,0,0.0363195055765458,0.676414028971749,0.668054363157545,0.67905776525831,0.2459616268685,0.514574562640196,-0.717052446858332,6.51468158366754,-0.48791623719976,0.988663679974784,0.921817364618656,1.1958591863566,0.857646815050522,-0.460254868722537,-0.517042650542451,1.33102693218558,1284.0000000001,0.223958333433333,0.0147669289424469,0.0132569656080177,0.0210626133565609,0.0210626133565609,0.708946640214477,1.47961771615956,3831.69233951923,0.0312500660060792,344,2,"SNETWORK (2 43 3831.69233951923 0.708946640214477 57000165 344)",57
29,57000166,-0.822505823226193,53,-0.361841926944517,-0.698245294676348,-0.562675121066356,-0.564925299345405,-0.567713055283144,0.0294652277333167,0.0604933768907347,0.962263265586781,0.359295922700471,0.867677391757051,-1.23518742679582,0.864958609880083,0.867677391757051,0.867677391757051,0.00576112330847643,-0.1719660730773,-0.267805017372151,0.533339532265201,-0.478462110744219,0.888230940044412,-1.64368450082736,-1.9192718638702,0.441336230309614,-0.822505823226193,-0.5,0.354316284840005,0.0966779869355323,0.0962276161997949,-0.341710221947262,0.0938250232244626,-0.820279953215362,-0.801839309687802,0.338106752200016,0.350130567068565,1.48318914385272,0.0399850261056294,4596.0000000001,10.8986153131702,0.323781939350667,1640.0000000001,0.848967829623016,11.7475831426932,0.270720214030774,-0.232311613770977,-0.145318808077258,-0.294079687817973,-0.692434062726101,-0.496431444285324,-0.871670877095357,-0.519220427511718,-0.510115369204074,-0.47063928202067,-0.628183167484024,0.0664404115680504,536.0000000001,1.42448242197535,0.0664404115680504,536.0000000001,1.42448242197535,0.78346313121987,0.215774153162721,1e-10,1.6220504887143,1.31536749448535,-0.489014492835646,3.16784535596417,0.17303483948888,-0.748071625184859,-0.323585971028251,-0.331945636842457,-0.32094223474169,-0.021533784983107,-0.669576663344889,0.793658897802925,-0.306499723179849,-0.662285952235112,-0.24275061003347,-0.172055621638831,-0.639669733478991,-0.0831019074876225,0.300344040754522,-0.270780879674979,1.23442802849148,4596.0000000001,0.0546875001,0.251155955509353,0.0195642584214204,0.0328268530905323,0.0328268530905323,0.646396372953197,0.404614586674143,1288.11221428241,0.25,72,2,"SNETWORK (2 29 1288.11221428241 0.646396372953197 57000166 72)",57
37,57000167,-0.00608530640961316,8,0.638158073055483,0.521052073640444,0.649161038498292,0.645874990233288,0.652741863980251,-0.605538695961655,-0.625750968617569,-0.149697769358065,2.12571615535089,-0.284770526454777,0.0797919151824283,-0.473847513164822,-0.284770526454777,-0.284770526454777,-0.604577432538632,0.158378733172517,0.313895942784303,-0.418752936395502,0.182200584610811,0.143005181347151,-0.438610038610039,0.349030470914128,0.119771863117871,-0.00608530640961316,0.5,1.84754164193181,-0.0862368946342666,-0.0855996461699379,-0.875025890411935,-0.0823568613063368,-0.00861067712300098,0.683685239632083,2.00536557282671,-1.0508539890146,0.173525558887454,0.0799702643258065,1961.0000000001,2.17619649848488,0.0693885321797563,4.0000000001,0.00177502624075785,2.17797152462563,0.0518702379530349,-0.220001572317019,0.0552292112880102,1.21643615826206,0.34098247475248,-1.00706490407551,0.594821095907156,-1.08853565587528,1.84294276409935,-1.10523286882948,-2.95471663850932,0.185894691880822,146.0000000001,1.08562500009961,0.185894691880822,146.0000000001,1.08562500009961,0.623278659866568,0.0236613671825436,1e-10,-0.207596377008913,-0.312919970479348,0.213764294558043,-0.279029001801279,0.881355976037885,0.430873575621597,0.843324969095806,0.843044929020692,0.852244106229465,0.0987740970620736,-0.629318897540716,1.02076487417346,0.137489499719699,0.156063440195899,0.539572904090524,0.749262587403467,1.40713778047427,0.278707243293369,-0.245080877872144,0.596290086227904,-0.187943216701152,1961.0000000001,1.0703125001,0.0518279641010232,4.22737520117566e-05,0.0258550795247178,0.0258550795247178,0.084488079296137,1.12697374576237,4317.47544616403,0.0312499339939208,129,2,"SNETWORK (2 37 4317.47544616403 0.084488079296137 57000167 129)",57
43,57000168,-0.569807237898761,6,0.0756580730554828,0.31473676207772,0.118081199488201,0.12698938418892,0.129762766215853,-1.11587952735696,-0.991998057360622,-0.23899024312142,0.541806765101045,-0.249591108040557,-0.16702224318523,-0.514820226440514,-0.249591108040557,-0.249591108040557,0.380464514819886,2.86832825348997,2.79733925017911,0.208421076816326,3.24599899273406,0,0.0216216216216217,1.64542936288088,0.287072243346007,-0.569807237898761,0.25,0.820035616072493,0.0738212112963747,0.0734522806231585,-0.601451954790147,0.0714985841145524,-0.565659181233901,-0.351205974097563,0.508272061847191,0.694231385690344,1.33035596969855,0.0799701818409082,530.0000000001,4.50920415325877,2.03361431016,436.0000000001,5.67036799387638,10.1795721470352,0.235552240086945,-0.105654191905348,-0.0511356981399832,-0.24123079658973,-0.667830985524944,-0.525682164603438,-0.321837122305089,-0.552103090162619,0.217175518349604,-0.506791048740412,-0.812517705261664,0.823811849058333,30.0000000001,0.988574218850418,0.823811849058333,30.0000000001,0.988574218850418,0.357235514990494,0.0584485525701204,1e-10,-0.33478740747081,-0.225507312217965,0.111883921038787,0.420888792175921,3.01077401207183e-16,0.0363195055765467,0,1.49871635330658e-15,0,1.27412324296498,0.00172614886558889,0.0457349760835859,-1.88136933714222,0.156063440195899,0.00845722076267994,0.398019100905185,0.587966483430259,-0.119678192163251,-1.4311809743988,-0.799157534449474,-0.187943216701152,530.0000000001,1.37239583343333,0.104341628852719,0.131210611134226,0.0228753103036963,0.0228753103036963,0.0381413350483719,1.4833875624463,2853.20952977861,0.0312500660060792,278,2,"SNETWORK (2 43 2853.20952977861 0.0381413350483719 57000168 278)",57
29,57000169,-0.953848654981907,42,-0.361841926944517,-0.698245294676348,-0.695629464068801,-0.700108350003007,-0.706051805186474,-0.046321495091257,-0.0206692685297265,0.917025219467954,0.415627675793079,0.884713537785288,-1.24400449003365,0.827897718634181,0.884713537785288,0.884713537785288,-0.0748869457387826,0.0228647008498477,0.00391266971247675,0.534136369211235,-0.245824847687664,0.888230940044412,-1.64368450082736,-1.9192718638702,0.441336230309614,-0.953848654981907,-0.5,0.00077041450616383,1.04397988315427,1.05324608983779,0.0844512145782505,1.10269043820062,-0.947938657562582,-0.443220563282608,0.390716341804425,-0.437948268394525,0.426138665174837,0.0399850261056294,6606.0000000001,4.50074363586367,1.10658334595337,260.0000000001,0.459994081051795,4.96073771681546,0.0964391473892474,1.78614658852208,1.2118588823766,0.407702693512077,-0.0416564180589796,-0.495344677834762,-0.639872180216128,-0.435379380260666,-0.203737697419277,-0.85313306452729,-1.21800399606578,0.143210783927728,394.0000000001,2.25700195322555,0.143210783927728,394.0000000001,2.25700195322555,0.956845890811799,0.520275632533719,1e-10,-0.254105402301515,-0.245910960697906,0.22092245988987,0.131457101754131,-0.118644023962116,-0.921164041933265,-0.44869410628582,-0.46261988064814,-0.461455136127798,0.99357231957356,0.319951144510734,-0.252666372894363,0.781929658606086,-10.8374566875642,0.881875361102358,1.54582260668687,1.19309690443971,0.734176522598331,-1.50156079414427,-1.62045477152428,-0.187943216701152,6606.0000000001,0.424479166766667,0.0874966392474266,0.00894250804182087,0.0438772126686252,0.0438772126686252,0.509568673139626,0.248396431900801,1161.17512360462,0.25,62,2,"SNETWORK (2 29 1161.17512360462 0.509568673139626 57000169 62)",57
41,57000170,-0.782893870125939,28,-0.407894617963011,-0.251052105764176,-0.192309249631537,-0.194095720002018,-0.196546296696359,0.544213724928677,0.872303752874329,0.496999381622977,0.20495791825909,0.364055552716809,-0.149416539916219,0.0198007544789796,0.364055552716809,0.364055552716809,0.539001001427071,0.477600719383025,0.363950025842661,0.376436824907017,0.341706487977859,-0.606217616580312,0,0,-0.712927756653993,-0.782893870125939,0,0.156378317420968,0.554770425746638,0.555887198855062,-0.13462237648589,0.560738503161557,-0.776931403966559,-0.463313999175204,0.197016201990295,0.536022467985102,0.197035353669036,0.0799701241440398,905.0000000001,1.14037654462251,0.123290364680319,1076.0000000001,0.848392747997761,1.98876929252027,0.0422089581071022,1.02462007662062,1.043845223699,-0.75221014702734,-0.374161261649393,0.393189498050653,-0.553464460313954,0.37902652476299,-0.265617136740806,0.299812481675469,0.272732811228327,0.074481201271875,280.0000000001,0.834189453225,0.074481201271875,280.0000000001,0.834189453225,0.504420203313981,0.20093294964275,1e-10,-0.0351883272224557,0.0934038371370422,0.0793258328819241,-0.317659787956818,-0.305084586862669,-0.363341583505644,-0.242475441883946,-0.250263948301371,-0.251221420457761,-1.08182097804555,0.316274732032498,-0.259014865820745,0.538561874492841,-0.109629257722519,0.701369873905347,0.588968171332329,-0.0123006404059034,0.847034007033372,0.799813296656432,0.645697651468744,-0.187943216701152,1076.0000000001,0.721354166766667,0.0242029610289573,0.0180059969781448,0.0177045511166712,0.0177045511166712,0.138067174063985,0.571393495535705,1994.81344662478,0.0625,203,2,"SNETWORK (2 41 1994.81344662478 0.138067174063985 57000170 203)",57
43,57000171,-0.0793360260790838,46,0.0756580730554828,0.31473676207772,0.354270929498081,0.350983481983268,0.358474665810763,-0.851974733860315,-0.765098611636207,-0.144389841936295,-0.212187345543652,-0.531338812252543,0.124086865861424,-0.353246227291496,-0.531338812252543,-0.531338812252543,0.217300487584466,2.89613080481069,2.79827657258682,0.0290289538948152,3.32931786872909,-0.963730569948188,1.15057915057915,3.24099722991689,-0.29467680608365,-0.0793360260790838,0.25,0.495490618132716,-0.487718474039349,-0.481124674105681,-0.482444326456941,-0.449756016413899,-0.0806445154351879,-0.542773490796954,-0.199644707623982,0.74332112410185,0.133065030894335,0.0799701818409082,861.0000000001,0.732695047996015,0.0471082953787067,314.0000000001,0.0945982719514186,0.827293319847433,0.0211806006847587,0.0287683505450381,-0.0566289166102248,-0.602327088263773,-0.608950487799493,-0.0396369387794649,-0.406660241836462,-0.0475934359357347,-0.501667325987069,0.0270896179486993,-0.0432440346780594,0.0526077836648148,270.0000000001,0.56816406260024,0.0526077836648148,270.0000000001,0.56816406260024,0.378664844827515,0.28796110504236,1e-10,0.00443406706652378,0.215986416629718,-1.01886944761666,-0.0571996760115572,0,0.0363195055765458,0.676414028971747,0.668054363157543,0.67905776525831,-0.80314709297045,-0.0930989700211497,0.128103796258232,-0.0108271749043929,0.156063440195899,0.585690872513826,0.614390924406321,0.703325007723838,0.520834333886591,-0.212560600486452,-0.383897924538691,-0.187943216701152,861.0000000001,0.747395833433333,0.0187586685272087,0.00242193205755006,0.0145462991023612,0.0145462991023612,0.355446518764468,0.128542594865585,3316.05272036862,0.0312500660060792,308,2,"SNETWORK (2 43 3316.05272036862 0.355446518764468 57000171 308)",57
36,57000172,0.844088899851721,86,0.638158073055483,0.521052073640444,0.623124281295046,0.615977027310147,0.618989232093641,-0.187506024192576,-0.183927118269175,-0.0135541149767798,0.412578576947977,-0.339800767948414,0.421488487238495,-0.706748562411694,-0.339800767948414,-0.339800767948414,-0.816831873195122,0.0511662051015767,0.0116931685307799,-1.17177265135889,0.264316397507863,0,0.0216216216216217,1.64542936288088,0.287072243346008,0.844088899851721,0.5,0.0450003606466475,0.942961843468985,0.950015808375291,0.0232801692047108,0.986930814388814,0.833649598325601,-0.24729475666112,0.386729171806892,0.0871542239985848,0.0872979263280215,0.0799702643258065,671.0000000001,0.374613573532418,0.137828506006345,3540.0000000001,3.1203217064315,3.49493527986392,0.0691848331155831,-1.16142580413342,-0.544370862326795,-0.181561921033042,-0.653656455030992,-0.597764147133313,-0.421988031366934,-0.535489376210306,0.0255779042079674,-0.58317096662848,-0.103763694453986,0.134060157837151,788.0000000001,4.2255761719735,0.134060157837151,788.0000000001,4.2255761719735,1.88742908065121,1.61620274406672,1e-10,-0.118699308926538,-0.156228573727741,0.100056561015624,0.0940775396220941,0.88877101056304,0.434593949105238,0.676414028971749,0.668054363157543,0.679057765258312,0.383483304091984,-0.539959220676343,-1.83457528667818,-0.195564279726464,-0.470845129232817,-0.446062273048716,-0.310315262812359,-0.672245074458517,-0.310858872589652,-0.688764417542156,-1.35618002759638,-0.187943216701152,3540.0000000001,0.6015625001,0.00741575321104185,0.0617690798045412,0.0836484107555327,0.0836484107555327,0.069697487375346,0.584388848103117,5260.17274392335,0.0156249669969604,116,2,"SNETWORK (2 36 5260.17274392335 0.069697487375346 57000172 116)",57
29,57000173,-0.784043098881324,57,-0.361841926944517,-0.698245294676348,-0.562675121066356,-0.564925299345405,-0.567713055283144,0.0685164518763054,0.101741269466517,0.976841754997305,0.28564069363518,0.868269189287832,-1.1545671771238,0.850380756410659,0.868269189287832,0.868269189287832,0.00390872458679381,-0.308709119772848,-0.43659253231224,0.637169669576666,-0.670885830463021,0.888230940044412,-1.64368450082736,-1.9192718638702,0.441336230309614,-0.784043098881324,-0.5,0.0627832634257799,-0.108024753705837,-0.10719108447303,-0.132855656763218,-0.10296758137965,-0.779978211120659,0.184597234675098,0.271097952134222,-1.07401148509858,0.857575943097442,0.0399850261056294,7134.0000000001,9.78138740757083,0.037787885650993,996.0000000001,0.060173697173536,9.84156110464437,0.235306200225605,0.239911362798923,-0.406754083555422,1.47888150827996,-0.606887629215901,-2.4370722457338,0.225026923741815,-2.64361187394691,0.555697378824655,-2.43163969176397,-3.07302580655376,0.201777273929057,419.0000000001,3.38178710947583,0.201777273929057,419.0000000001,3.38178710947583,1.70871899520263,1.5392730233137,1e-10,0.896674481215065,0.645251320578184,-0.792795744515909,0.532549958292533,-0.118644023962116,-0.921164041933264,-0.323585971028251,-0.331945636842458,-0.320942234741691,-0.763946350920539,0.416716645647172,-0.901558270037796,-0.00144173113235711,-1.63614346693532,-0.874378649731832,-0.948055388739522,-2.16005619140828,-0.410608730544777,0.858174516845632,0.563177084907011,1.97504755865658,7134.0000000001,0.3593750001,0.233867480815176,0.00143871931042982,0.0808566309641201,0.0808566309641201,0.693927218651755,0.0241237847906669,1332.20728624994,0.25,75,2,"SNETWORK (2 29 1332.20728624994 0.693927218651755 57000173 75)",57
41,57000174,0.191733401352726,105,-0.184210513107001,-0.196491445985551,0,0,0,0.590044808320454,0.559002774586338,-0.100443898544477,-0.626680311035928,0.619919331373439,0.314183790248835,-0.0550822770053764,0.619919331373439,0.619919331373439,0.400061276322209,-0.354069730807647,-0.488466038135023,-0.4093954830994,-0.43288651536758,-0.606217616580312,0,0,-0.712927756653993,0.191733401352726,0,-0.232794014341814,-0.202261979669703,-0.200412927831772,0.162235321628718,-0.191209753466911,0.19300646095766,1.12183775037119,-0.595884529977794,-0.570734515598819,0.191158354322376,0.0799701241440398,3306.0000000001,4.04158457519434,0.0627371368654237,460.0000000001,0.184560205665817,4.22614478076016,0.102773902748188,0.258150519293524,1.00615366956826,0.845651461130337,1.66594977762875,0.963285635236538,0.908499721004712,1.06155070589808,0.13597773395405,0.907843386410375,0.518001090604347,0.0531946657050955,628.0000000001,1.3362500001,0.0531946657050955,628.0000000001,1.3362500001,0.741753955200974,0.206649581342688,1e-10,-0.179106883264992,0.416267669631607,-0.0410347874832011,0.750680013056251,0.576088984693388,-0.00435912850375997,1.4637901463605e-15,2.99743270661316e-15,0,0.447340318191953,0.14665960770416,-0.892060010231979,-0.190507594449942,0.156063440195899,-0.665079549435087,-0.588934658852547,-0.891751188711606,-0.506822656079519,0.971676305765567,0.308977938833274,0.0265667217833688,3306.0000000001,0.184895833433333,0.0982856577857891,0.00448824486239864,0.0324957223524624,0.0324957223524624,0.649410922460677,0.283831499458756,2864.04347563285,0.0625,257,2,"SNETWORK (2 41 2864.04347563285 0.649410922460677 57000174 257)",57
41,57000175,-0.662000611053338,41,-0.407894617963011,-0.251052105764176,0,0,0,0.541954644720395,0.829080125456842,0.390063509510953,0.0384757290339647,0.516391716554627,-0.0708934812036673,-0.000710297214336864,0.516391716554627,0.516391716554627,0.508829865569333,0.123428901533411,0.00889684211425668,0.258617716746879,-0.0487012399295549,-0.606217616580312,0,0,-0.712927756653993,-0.662000611053338,0,-0.711456787435213,-0.41391086174282,-0.408787197384426,0.852391390311078,-0.38414502250514,-0.657872927488679,0.411473424252434,0.0429443210790361,-1.3857183043837,0.167455991349898,0.0799701241440398,2467.0000000001,2.64195477570598,0.0691294734109431,1362.0000000001,0.602137804937316,3.24409258054329,0.0819583109911438,-0.152857130687811,0.34663688494979,0.259469686444529,0.538876713229151,0.3277958091229,0.489511608391979,0.374207754910033,0.588605436389679,0.762123186501944,0.747857851041743,0.151409846580175,744.0000000001,4.50595703135,0.151409846580175,744.0000000001,4.50595703135,2.24013590692291,2.44809771394305,1e-10,-0.268365799534965,0.122459184971765,0.181534253075439,-0.214660477036715,-0.305084586862668,-0.363341583505643,-1.4637901463605e-15,0,0,-1.15492193292498,-0.241314860003229,0.0191716771777687,0.923502186109649,-0.745596771199404,0.202563052577772,0.25314791915345,0.2111381682165,0.20701154199185,0.820219047319334,0.819059919762814,-0.0347224544351844,2467.0000000001,0.486979166766667,0.0667459838121724,0.0152123270789714,0.113837881648513,0.113837881648513,0.225024728697027,0.73561776522547,2142.63204805122,0.0625,212,2,"SNETWORK (2 41 2142.63204805122 0.225024728697027 57000175 212)",57
43,57000176,0.27703700796892,72,0.0756580730554828,0.31473676207772,0.354270929498081,0.350983481983268,0.358474665810763,-0.526437109382433,-0.548411805402482,-0.109480611649024,-0.696813065179709,-0.182769320060779,0.339058215591879,-0.170226182333511,-0.182769320060779,-0.182769320060779,0.0266615707383933,3.00160189124553,3.03352747126249,-0.358110282014516,3.5634706448787,0.124352331606218,-0.494208494208494,-0.193905817174515,-0.237642585551331,0.27703700796892,0.25,0.097427735591865,-0.321221822453013,-0.317702920360303,-0.189066889874143,-0.300534272401768,0.275569848538815,0.530865236062069,-0.662215642733777,-0.174396272374941,0.0472471755839347,0.0799701818409082,2008.0000000001,0.606730357605955,0.0472803192016506,895.0000000001,0.270619819772054,0.877350177278009,0.0217980697082673,-0.326023919699283,-0.349309951006173,-0.00348322929294613,1.28827553289765,1.54047559673793,0.552915527164276,1.73474123796266,-0.281564407138348,1.67194288546443,1.45423446586396,0.00346001373375431,871.0000000001,0.120546875100051,0.00346001373375431,871.0000000001,0.120546875100051,0.167067524186081,0.606265575389893,1e-10,-0.810704272017293,-1.09103385610616,0.0621429874634586,-0.661552968483662,3.01077401207183e-16,0.0363195055765458,0.676414028971749,0.668054363157543,0.679057765258312,-1.01789071448567,-0.448117384127947,0.177882545573869,3.39609798249398,0.156063440195899,0.822434973331964,0.597641028027033,0.191465799595541,0.933280536614748,0.202064263400464,0.674292400330958,0.058569977624224,2008.0000000001,0.817708333433333,0.015074426278574,0.00672364332969333,0.00299502894130842,0.00299502894130842,0.558066085922273,0.169928092637928,3611.60757339994,0.0312500660060792,327,2,"SNETWORK (2 43 3611.60757339994 0.558066085922273 57000176 327)",57
41,57000177,-0.966476156306323,7,-0.407894617963011,-0.251052105764176,-0.192309249631537,-0.194095720002018,-0.196546296696359,0.468325540731621,0.788321015589259,0.517861038157277,0.29538319097244,0.267327867585465,-0.270832195880886,0.01257266099456,0.267327867585465,0.267327867585465,0.539527286882247,0.745342077599989,0.611399775430932,0.249511852071877,0.697143120020807,-0.606217616580312,0,0,-0.712927756653993,-0.966476156306323,0,0.274475876653128,1.85849084301644,1.89513370283854,-0.0764739730301088,2.11514035979982,-0.961883812896548,-0.288611175512711,0.657531046961099,-0.115124854451258,0.0521956314401461,0.0799701241440398,2470.0000000001,0.824492382738118,0.0862990383585045,4034.0000000001,2.2263702447954,3.05086262743352,0.0512639219579611,-1.46043899375027,-0.406947619016546,-0.196324594364221,-0.0776635639274342,0.127596855410121,-0.665083367284283,0.099897478968437,-0.0430103803044254,0.148962167024622,0.496722833436787,0.00657103541003937,1270.0000000001,0.33380859385,0.00657103541003937,1270.0000000001,0.33380859385,0.26788047226542,0.53423507192697,1e-10,-0.0267462183162014,-0.18842596213093,0.20913116988978,-0.37955004291638,-0.305084586862669,-0.363341583505644,-0.487990783359439,-0.503664629107672,-0.505590738712639,-0.487473105719534,-0.108312839128577,0.192937568903149,-0.0485962475135995,-0.257090841183781,0.571983436873082,0.405334003620587,-1.12379215230033,0.994202947738179,0.469380502361173,0.204991521672231,-0.0879979483050888,4034.0000000001,1.85677083343333,0.013854020399793,0.0374099014581681,0.00560901612291609,0.00560901612291609,0.00252761503907695,0.0139559013491549,1764.41060080459,0.0625,188,2,"SNETWORK (2 41 1764.41060080459 0.00252761503907695 57000177 188)",57
43,57000178,0.0739374539257374,56,0.0756580730554828,0.31473676207772,0.354270929498081,0.350983481983268,0.358474665810763,-0.742167482847524,-0.673181957924267,-0.151325856297055,-0.320952460511385,-0.445412237318023,0.269175635561296,-0.377827022998149,-0.445412237318023,-0.445412237318023,0.199442649871668,2.62914474147955,2.51065046110293,-0.300576557326832,3.10224854145732,-0.963730569948188,1.15057915057915,3.24099722991689,-0.29467680608365,0.0739374539257374,0.25,0.780286224252487,-0.0602182631319226,-0.0597968146937365,-0.592801088254898,-0.0576402840237747,0.073969812579891,-0.0203359506599397,-0.298264659922691,0.665726998100932,0.411751989280667,0.0799701818409082,591.0000000001,1.5562499584304,0.420932730384116,699.0000000001,1.88168116625035,3.43793112458075,0.0814946931065176,0.335912156806499,0.317573532297157,-0.296608915849679,-0.218748636015156,0.0703099414137579,0.0349516199900314,0.0749373027373054,-0.188005597711448,0.0890974272580465,0.0463981036915879,0.0232412604837025,158.0000000001,0.146884765725062,0.0232412604837025,158.0000000001,0.146884765725062,0.179517955588689,0.592851085813677,1e-10,1.21820102132943,0.69982100530437,-0.611131534706858,0.0943253666025943,0,0.0363195055765458,0.676414028971747,0.668054363157543,0.679057765258309,-2.10692620208932,-0.608695895653441,0.0814694894878153,-0.00347137948991169,-0.663931229613931,-0.331723334521895,-0.45210841737392,0.310093930869429,-0.440941960510414,-0.219067489386328,-0.575559153269373,1.39402989796944,699.0000000001,1.0390625001,0.0368902424171448,0.0446044505893729,0.00348184080731305,0.00348184080731305,0.432850777865074,1.0554321622476,3428.95990274682,0.0312500660060792,316,2,"SNETWORK (2 43 3428.95990274682 0.432850777865074 57000178 316)",57
43,57000179,-0.614927080033972,3,0.0756580730554828,0.31473676207772,0.118081199488201,0.12698938418892,0.129762766215853,-1.13438516565131,-1.01097789975312,-0.239824417963042,0.54651616092002,-0.242977316894822,-0.163101889618784,-0.513378537068701,-0.242977316894822,-0.242977316894822,0.381682313886944,2.88391613126002,2.82801769882498,0.252625496068187,3.25228366960324,0,0.0216216216216217,1.64542936288088,0.287072243346007,-0.614927080033972,0.25,0.405935434240041,-0.747919196345525,-0.734761048214375,-0.452668095071269,-0.67438561998224,-0.610566508967992,-0.221279200426213,0.512792170408751,0.498520719339009,0.239018587274749,0.0799701818409082,329.0000000001,0.502902435673709,0.0663292840253036,274.0000000001,0.116228340756406,0.619130776330114,0.0166130686059727,0.191850910228745,-1.5403184867378,-0.503455972114054,-0.635224494574614,-0.190412142564905,0.0183176189925822,-0.233894703199494,0.549909872983925,0.285229082574971,0.307234254674499,0.0951291349071808,94.0000000001,0.357685546975151,0.0951291349071808,94.0000000001,0.357685546975151,0.279167570811789,0.424322678066111,1e-10,-0.483756465079208,-0.680677730156416,-1.23689681948955,-0.150781561672651,0,0.0363195055765467,-1.4637901463605e-15,1.49871635330658e-15,0,0.820024265366583,1.26512446425027,0.0734681005297559,-3.68898047181655,0.156063440195899,0.710150081189517,1.33548780017663,1.99660561546172,0.319250166459705,-2.15460578412441,-0.596571523394219,-0.187943216701152,329.0000000001,1.20572916676667,0.0134943261339367,0.00311874237203601,0.00959773721800032,0.00959773721800032,0.0148935465550297,0.0636109872139059,2819.29870464047,0.0312500660060792,277,2,"SNETWORK (2 43 2819.29870464047 0.0148935465550297 57000179 277)",57
41,57000180,-0.740414451131149,32,-0.407894617963011,-0.251052105764176,0,0,0,0.546242666000559,0.86847452856649,0.494176212925424,0.193603853838175,0.378719885806005,-0.148142434919385,0.0241996270280444,0.378719885806005,0.378719885806005,0.541187458078503,0.424158999871414,0.306054664401198,0.367189215217828,0.280412128866429,-0.606217616580312,0,0,-0.712927756653993,-0.740414451131149,0,-0.331854913384692,1.17314816534955,1.185634412751,0.528600819598061,1.25373522714211,-0.737465473574227,-0.138409319242035,0.180106916687228,-0.972010460421093,0.129361499829272,0.0799701241440398,1580.0000000001,1.30712664674345,0.0870173724890692,2434.0000000001,1.35450957152009,2.66163621816355,0.0505595813813056,0.777721434406068,0.150452782494742,-0.608968710081795,-0.284324277415389,0.345649969475865,-0.375328964365435,0.299403378991557,-0.0937844826503056,0.498406214492686,0.501305839429259,0.0434288293751982,883.0000000001,1.5339062501,0.0434288293751982,883.0000000001,1.5339062501,0.835189895723289,0.114113489887991,1e-10,0.316663986902332,0.0270683238290569,0.198827701725792,-0.282002925567282,-0.305084586862669,-0.363341583505643,1.4637901463605e-15,0,1.55600483282998e-15,-2.16637572430542,0.0445794647432212,-0.24942326411256,0.185206320564942,-0.122746617597933,0.407723106811042,0.220316018117483,-0.113909350951758,0.532692260254566,0.545687178609715,0.744845233510015,0.496586748876235,2434.0000000001,0.848958333433333,0.0248297552788832,0.0257298260024224,0.0291375873225835,0.0291375873225835,0.164245943329456,0.308564538146237,2039.31457221666,0.0625,206,2,"SNETWORK (2 41 2039.31457221666 0.164245943329456 57000180 206)",57
36,57000181,0.983238078153161,97,0.750000250966976,0.505263045179887,0.623124281295046,0.615977027310147,0.618989232093641,-0.146027674584025,-0.132741983833841,-0.0230638492502557,0.30064601911604,-0.362549396758977,0.602134704038539,-0.597290334057135,-0.362549396758977,-0.362549396758977,-0.748965659235189,0.0151710546717576,-0.0680362429069764,-1.2399369448645,0.24032777993354,0,0.0216216216216217,1.64542936288088,0.287072243346008,0.983238078153161,0.5,0.541174823013605,-0.0849092733856573,-0.0842835302928761,-0.475184757338781,-0.0810984139816875,0.975423687466835,-0.16519017165477,0.280901389916934,0.813360601887794,0.506377708462436,0.0799702643258065,2295.0000000001,7.43214768191947,0.0671384190872632,1259.0000000001,0.540572442264287,7.97272012408375,0.189831716680779,-0.319127800975132,-0.213154840821863,-0.367021089382112,0.311179309640093,0.788025619196267,-0.0944874076092354,0.850310703504687,0.267609482887298,0.761370408923491,0.917980658480662,0.0430146288751678,745.0000000001,1.28183593759954,0.0430146288751678,745.0000000001,1.28183593759954,0.49586601369982,0.152226669242488,1e-10,-0.0100426294308829,-0.0559425893746841,-1.10901958818827,-0.119089930971119,0.949152514976322,0.464889228842547,0.676414028971749,0.668054363157543,0.67905776525831,-0.364141047672856,0.612093082037605,-0.177494343204213,0.486947202280384,-2.91648366680188,-0.10117701614025,0.145588186271433,0.261757679845723,-0.159838782500207,1.07471318054846,1.13900138769941,-0.187943216701152,2295.0000000001,0.489583333433333,0.176960601950327,0.0128711146304525,0.030520714712971,0.030520714712971,0.723751799747607,1.73052400763845,5385.41121457312,0.0156249669969604,123,2,"SNETWORK (2 36 5385.41121457312 0.723751799747607 57000181 123)",57
29,57000182,-0.568772932018915,74,-0.361841926944517,-0.698245294676348,-0.562675121066356,-0.564925299345405,-0.567713055283144,0.0227572359640194,0.0791579147839245,0.943264778884492,-0.0822421318630829,1.08033421121196,-1.31935066359698,1.05805783505138,1.08033421121196,1.08033421121196,0.0712690489073753,-0.556788596211685,-0.587906923580735,1.55670382783255,-1.22413882843954,0.286010362694301,-0.898841698841699,-0.947368421052628,-0.0475285171102662,-0.568772932018915,-0.5,0.145478047740284,-0.0843773129635996,-0.0837561650007242,-0.201883923452898,-0.0805940882079954,-0.56417843928736,-0.324342231696666,-0.0760917838638046,0.150157461043839,0.405682267434207,0.0399850261056294,5485.0000000001,3.55760250581949,0.155062735821983,3625.0000000001,0.898690639848169,4.45629314556766,0.106094879294429,-0.244494159100701,-0.316195621890328,0.879292112539864,0.344172337848198,-0.620522392241549,-0.255421838404714,-0.670766386301218,-0.214758307319427,-0.689172908613064,-0.731235744748695,0.0433000312794051,664.0000000001,1.15004882822528,0.0433000312794051,664.0000000001,1.15004882822528,0.653733052140881,0.0656878600154475,1e-10,-1.25637868539288,-1.4197275754615,-1.46505846241919,-0.545926570679046,-0.118644023962116,-0.921164041933264,-0.323585971028251,-0.331945636842457,-0.320942234741691,1.19820633417916,1.72832421184874,-0.924439209937104,1.0280335439295,0.156063440195899,0.256031218512039,0.239727341019989,-1.31424054594023,0.677707814163818,1.3662880444933,0.812609596917266,-0.187943216701152,5485.0000000001,0.278645833433333,0.0846989629598298,0.0213959162345996,0.0273802210726966,0.0273802210726966,0.895537204162566,0.219962985415309,1519.2438661764,0.25,88,2,"SNETWORK (2 29 1519.2438661764 0.895537204162566 57000182 88)",57
29,57000183,-1.13237994063252,24,-0.361841926944517,-0.698245294676348,-0.695629464068801,-0.700108350003007,-0.706051805186474,-0.160843330270661,-0.178522861553418,0.848661946014497,0.724763137926474,0.796977157526764,-1.31851902519985,0.868714061287847,0.796977157526764,0.796977157526764,-0.157040592734321,0.536144022699763,0.537632153987139,0.984239755184053,0.241969034602307,0.326424870466322,-1,-1.13573407202215,0,-1.13237994063252,-0.5,0.813835665039016,-0.087844397042367,-0.0871931465333481,-0.60909807628004,-0.0838802138512778,-1.12197073126962,-0.228252491657998,0.683200921128382,0.232674513087759,0.597808326385094,0.0399850261056294,4951.0000000001,4.73205356001919,0.0653069312027345,2313.0000000001,0.24150697293893,4.97356053285812,0.11848383886823,-0.414139343111697,-0.0676390770537429,-0.116959099147591,0.0489063986743479,0.183384882371336,-0.155924880664297,0.197435756615556,0.500026940778497,0.20497654255098,0.225254186850381,0.106081248627795,796.0000000001,3.37762695322583,0.106081248627795,796.0000000001,3.37762695322583,1.48658704925149,1.52846280916251,1e-10,-2.00176589280992,-2.0597715519428,0.24765136182996,-0.839323492788839,-0.118644023962116,-0.921164041933264,-0.487990783359437,-0.503664629107672,-0.505590738712639,-3.39459858530049,-0.117822898539348,-0.463691694885482,1.07913308210692,0.156063440195899,1.8609984489939,2.30320172495746,0.921243740020581,1.94584235389032,-2.64105440179567,-2.26640184617849,-0.187943216701152,4951.0000000001,0.622395833433333,0.11273048097902,0.00575335778920993,0.0804643282609164,0.0804643282609164,0.289475561250759,0.436576809136336,956.991472637303,0.25,49,2,"SNETWORK (2 29 956.991472637303 0.289475561250759 57000183 49)",57
28,57000184,-0.0981637566886515,99,-0.361841926944517,-0.698245294676348,-0.562675121066356,-0.564925299345405,-0.567713055283144,0.259860285547122,0.362164151882365,1.09730888216571,-0.603060237105723,0.108587829248482,-0.752009243094689,0.755031471925494,0.108587829248482,0.108587829248482,-0.143614390172218,-0.822246168402177,-0.817703613463585,1.3414526274171,-1.48130967467725,0.393782383419688,-1.16859716859717,-1.44967682363804,0.0792141951837772,-0.0981637566886515,-0.5,-0.486684736731703,1.04657133668341,1.05589784719099,0.748821434465401,1.10568719501152,-0.089632197716977,1.35216413311913,-0.563151574965046,0.18610747391728,1.11152548728435,0.0399850261056294,12197.0000000001,21.6754047010191,0.133795207950168,4231.0000000001,0.905062038778623,22.5804667396977,0.438771379622558,1.50787926380811,0.700638674003816,1.67489740847741,2.39755247843428,0.863535982539599,0.678084692870328,0.762457698013939,0,0.656304586965209,0.412180607212938,0.078928665858452,562.0000000001,1.77431640635044,0.078928665858452,562.0000000001,1.77431640635044,0.728671076968045,0.261260529453437,1e-10,0.0410774298720975,0.194219645135487,0.0826154080760217,0.74968266057375,-0.0162404278606988,-0.860394174267142,-0.323585971028251,-0.331945636842457,-0.32094223474169,0.672869221772524,0.659645450809389,-0.174903842882765,0.35934001136313,0.0465623498408332,-0.41186803446012,-0.322396421375495,-0.372278809427857,-0.351418693888914,0.510612039267139,0.54256864003864,-0.0212354273541637,12197.0000000001,0.0130208334333333,0.421184704993456,0.017586674529102,0.0344775538193273,0.0344775538193273,0.227627199547178,1.73299086225587,1796.86476392959,0.125,12,2,"SNETWORK (2 28 1796.86476392959 0.227627199547178 57000184 12)",57
37,57000185,0.484845596912219,50,0.638158073055483,0.521052073640444,0.623124281295046,0.615977027310147,0.618989232093641,-0.528984824741206,-0.553035633334522,-0.171316797244394,1.82722817423024,-0.423238799570258,0.171840346867297,-0.45833328313847,-0.423238799570258,-0.423238799570258,-0.670620904457543,-0.139993814886063,-0.0474910340239841,-0.635666589682044,-0.113850198200731,0.55958549222798,-0.876876876876878,-0.0954139735303178,0.476341360371778,0.484845596912219,0.5,-0.336233946165003,-0.326979792474459,-0.323368985145511,0.271762788425409,-0.305768073465294,0.478107842557826,-0.284453818581719,1.72378649559997,-0.198272852956092,0.211011310778817,0.0799702643258065,155.0000000001,0.209167639513001,0.128496219498793,1597.0000000001,1.31235801557986,1.52152565499286,0.0378420742063513,1.19784306746815,2.33910206753287,0.397400670738307,0.576557869672628,0.200722933639363,-0.153998754727348,0.22521157217121,1.04988692889348,-0.0956638382319625,-0.341289284846614,0.0401239305315476,210.0000000001,0.33704101572488,0.0401239305315476,210.0000000001,0.33704101572488,0.0492431412833586,0.457806932771817,1e-10,0.440308066834127,0.397646308959244,0.319203272167002,0.517196774622517,0.881355976037885,0.430873575621596,0.676414028971747,0.668054363157543,0.679057765258309,-0.0401349389795563,0.624384603719457,-1.19775020343099,0.225468047752897,-1.86135920262243,-0.387019914020724,-0.219471451319896,-0.493312751880936,-0.290103040704211,-0.359559741254774,-1.05683610743299,-0.0739594575506495,1597.0000000001,0.903645833433333,0.00520223716627027,0.032639836940081,0.00838259351667306,0.00838259351667306,0.584412360541007,1.57017549529136,4824.95702400454,0.0312499339939208,164,2,"SNETWORK (2 37 4824.95702400454 0.584412360541007 57000185 164)",57
29,57000186,-0.585305008114676,73,-0.361841926944517,-0.698245294676348,-0.562675121066356,-0.564925299345405,-0.567713055283144,0.0368986112419,0.0946665992255821,0.943326684201666,-0.0750788380009607,1.07833279337382,-1.32388069761874,1.05660457147932,1.07833279337382,1.07833279337382,0.0726013874823447,-0.529620275531475,-0.560945351862218,1.52452289411161,-1.1826825226829,0.286010362694301,-0.898841698841699,-0.947368421052628,-0.0475285171102662,-0.585305008114676,-0.5,-0.238801978110743,-0.10876973151864,-0.107929092530638,0.184036393715003,-0.103670915069543,-0.578972397669097,0.367484145238032,-0.0738876552348055,0.557365606521874,0.181299688816526,0.0399850261056294,5844.0000000001,1.69395563285219,0.0621822496199883,1299.0000000001,0.129142843970986,1.82309847672318,0.0435951072358788,-0.328630658633027,-0.316971756967131,-0.332879885022339,0.0317602426596434,0.414913012665068,0.371402160168514,0.449252368632931,0.370306120309177,0.468906684463466,0.454040059608592,0.128179592084612,593.0000000001,3.04041992197575,0.128179592084612,593.0000000001,3.04041992197575,1.54734810899222,1.31463407900041,1e-10,0.367454086720393,0.293694413871991,0.0477341647698557,0.332009574583832,-0.118644023962116,-0.921164041933264,-0.323585971028251,-0.331945636842455,-0.32094223474169,0.108932187108231,-0.238929233182018,0.355306162072131,0.139229428519322,-0.193740804765251,0.0329144198565313,-0.0140568448288359,-1.20405063492243,0.38868099946851,0.816251160195525,0.784539448643412,0.0574046493949323,5844.0000000001,0.0937500001,0.0405069601232085,0.00308814701267034,0.0727044830171455,0.0727044830171455,0.883575177678411,0.709268595944251,1508.14651642501,0.25,87,2,"SNETWORK (2 29 1508.14651642501 0.883575177678411 57000186 87)",57
43,57000187,0.302182693736143,74,0.0756580730554828,0.31473676207772,0.354270929498081,0.350983481983268,0.358474665810763,-0.527129173128973,-0.544384851693068,-0.117570417630088,-0.698936296110659,-0.180798151264699,0.346758782981992,-0.171121165732235,-0.180798151264699,-0.180798151264699,0.0265315602920712,2.98205829807092,3.01568747521324,-0.372831462102793,3.54422130797751,0.124352331606218,-0.494208494208494,-0.193905817174515,-0.237642585551331,0.302182693736143,0.25,-0.63495523332232,-0.321033540177347,-0.317517625980866,0.729992021081776,-0.300363040670263,0.297428414912041,0.498765199062495,-0.663906571264084,-1.21550641552599,0.0717138066461465,0.0799701818409082,1251.0000000001,0.573741482284575,0.0719083663941711,1136.0000000001,0.522412932461884,1.09615441464646,0.0272334129899243,-0.200412732139779,-0.279657634892614,0.300058007510808,0.0144528475895531,-0.341637962306099,0.529273571835809,-0.386177744650908,-0.305038490348184,-0.311410852416961,-0.217411985622155,0.0388157413449732,746.0000000001,1.15826171885049,0.0388157413449732,746.0000000001,1.15826171885049,0.437450085272926,0.104161733836329,1e-10,-0.145842677076897,-0.245489784539541,0.0618238723337206,-0.354803612229355,-3.01077401207183e-16,0.0363195055765448,0.676414028971749,0.668054363157543,0.679057765258309,-1.24996634112687,-0.322228111876091,0.284766810873993,0.0043180684951046,-0.45123004379765,0.242696451589799,0.152146191068109,0.310283493084037,0.227140996192366,0.455488413232067,0.356938409657138,0.226987058101553,1251.0000000001,0.4921875001,0.0142543226292389,0.0129790902606854,0.0287764380663255,0.0287764380663255,0.573046253880438,0.215653046034276,3633.45867791746,0.0312500660060792,329,2,"SNETWORK (2 43 3633.45867791746 0.573046253880438 57000187 329)",57
41,57000188,-0.13995363843021,85,-0.407894617963011,-0.251052105764176,0,0,0,0.437818454415172,0.491866313531051,-0.00812101515197496,-0.41027434928193,0.791018856871282,-0.12557816787991,0.175221520423888,0.791018856871282,0.791018856871282,0.464633025403792,-0.220550570852001,-0.321590124880858,0.0112308671094886,-0.390751735060579,-0.606217616580312,0,0,-0.712927756653993,-0.13995363843021,0,-0.763806833808684,-1.98812806762919,-1.91237119089718,0.631191354587158,-1.61452608608224,-0.141643473751265,0.108709261998702,-0.387232502672917,-0.963135358963773,0.159119744747482,0.0799701241440398,2544.0000000001,2.58878938693749,0.0431070921740125,158.0000000001,0.0435573404425104,2.63234672728,0.0884212699814794,0.24508579836372,1.13481516089084,0.132498602077209,-0.0798170552921585,-0.249142369881338,0.680989557184098,-0.384971063739748,0.266309622232067,0.0971196610757547,0.0288990701890585,0.0531923855447439,371.0000000001,0.7893750001,0.0531923855447439,371.0000000001,0.7893750001,0.48323554268864,0.0418550727142711,1e-10,0.644339575058712,0.225740321527179,0.118818042609088,0.358490794134358,-0.155012908409639,-0.166747802155993,0,-1.49871635330658e-15,-1.55600483282998e-15,0.214314516484251,-1.15357570113902,0.867664290678798,0.137346609224312,0.0838439544400985,-0.721474993521409,-0.545819774736572,0.509924476760368,-0.947795453658237,-0.131308135102733,-0.136911289169162,0.830825885016151,2544.0000000001,0.4843750001,0.0869581665197613,0.00146310336171805,0.0265153291517436,0.0265153291517436,0.516672229181399,0.68591156204664,2638.40180391708,0.0625,243,2,"SNETWORK (2 41 2638.40180391708 0.516672229181399 57000188 243)",57
41,57000189,-0.793688211435667,27,-0.407894617963011,-0.251052105764176,-0.192309249631537,-0.194095720002018,-0.196546296696359,0.536401491161501,0.859490604078274,0.49710426982089,0.212765142813385,0.350006591456024,-0.169687580217,0.020611969777312,0.350006591456024,0.350006591456024,0.539569137767095,0.502342005450381,0.391064450295549,0.377890166933685,0.37086971116558,-0.606217616580312,0,0,-0.712927756653993,-0.793688211435667,0,0.446344346455624,1.06540663617761,1.07517676170957,-0.308647571853287,1.12750941012405,-0.788910787967642,-0.397892186934705,0.197733366230776,0.417008337849269,0.142562679222937,0.0799701241440398,95.0000000001,0.086613381311154,0.208835552071395,2405.0000000001,3.21199643489514,3.2986098161063,0.0638807836217708,1.15232562731239,0.287425552161337,-0.467314408382932,-0.518732101309477,-0.0849501772771546,-0.597855452081111,-0.0731932205973075,-0.312950178442446,-0.210515129322011,-0.333106494013518,0.148583804959835,272.0000000001,1.616591796975,0.148583804959835,272.0000000001,1.616591796975,0.654111596959148,0.173889821855422,1e-10,0.421303902206974,0.085614681477543,-0.874544766230668,-0.257250450319757,-0.305084586862668,-0.363341583505643,-0.248566514587015,-0.256550655966791,-0.257532164467828,-1.6075928675007,-0.84990799946454,0.0437503541956002,-0.182672511274852,0.0914417719920122,0.27674855481952,0.302565612063449,-0.178876313693856,0.397747963066362,-0.36920910044196,-0.246999397243837,1.18748246334186,2405.0000000001,0.7421875001,0.00167735226773114,0.0622034312540397,0.031306870584734,0.031306870584734,0.131661868000585,2.02433623250488,1983.92510704353,0.0625,202,2,"SNETWORK (2 41 1983.92510704353 0.131661868000585 57000189 202)",57
29,57000190,-0.933641849865877,44,-0.361841926944517,-0.698245294676348,-0.695629464068801,-0.700108350003007,-0.706051805186474,-0.0429846169967429,-0.0142885115167538,0.924617202739601,0.411262869912077,0.877754963887108,-1.24623114086822,0.831595301936259,0.877754963887108,0.877754963887108,-0.0518534181370534,0,-0.0331037953906736,0.509656103466118,-0.266318776908726,0.888230940044412,-1.64368450082736,-1.9192718638702,0.441336230309614,-0.933641849865877,-0.5,0.0373391525862043,0.0795812163777358,0.0791903056978789,-0.0855536546203577,0.0771164888188814,-0.92544207966074,0.0897315581744779,0.386360720453985,0.101033701888036,0.92446536119561,0.0399850261056294,1008.0000000001,1.4898616488073,2.57244091952197,84.0000000001,0.345477255630523,1.83533890433782,0.0424252101131451,1.56772636327318,1.73410486538361,-0.205905095795752,0.413390621124678,0.667965263031556,0.0955305535952998,0.699947733737114,0.528591608659513,0.922052621696233,1.13101614605574,0.149142795238889,162.0000000001,0.966445312600237,0.149142795238889,162.0000000001,0.966445312600237,0.566940111540067,0.0731968394452611,1e-10,0.21830921059281,0.210200178492194,0.100002731099307,0.392412867660392,-0.118644023962116,-0.921164041933263,-0.405788377193844,-0.417805535283672,-0.413266069040296,0.545812602856356,-0.0948199375439378,0.332723896833791,0.372319983735284,-5.71449219271211,0.51633693695426,0.810981382216414,0.412634814419259,0.51801424012553,-1.01647973362899,-0.64875224829329,0.214330559275264,1008.0000000001,1.02864583343333,0.0344392488989311,0.00798596111421401,0.0223400949298077,0.0223400949298077,0.533964433661443,0.431027398336063,1183.8074332154,0.25,63,2,"SNETWORK (2 29 1183.8074332154 0.533964433661443 57000190 63)",57
35,57000191,1.17669532263897,113,0.953947685431969,0.757894567769832,0.437324878933644,0.435074700654595,0.432286944716856,0.127173845239842,0.175220764227151,0.0158825245112671,-0.57068966717485,-0.17611959456705,0.938854664596606,-0.363512536626651,-0.17611959456705,-0.17611959456705,-0.90831305416409,0.0936096888514422,0.0388899407689569,-1.2616976188292,0.340151515588497,-1.11917098445596,0.839124839124839,1.32040627885503,-1.18821292775665,1.17669532263897,0.5,0.0569152259577787,-0.632776192059805,-0.622790527506089,-0.191171535821973,-0.576249796231945,1.16897529882199,0.557417935834122,-0.541991940126655,0.803438315148011,0.0950505577147275,0.0799702643258065,275.0000000001,0.167164642929963,0.102929982655288,1848.0000000001,1.2164686693888,1.38363331221876,0.0363632861291378,0.808995017723562,-1.15249371712015,0.238284242624882,0.424970563602389,0.220743369685477,0.660622121930017,0.261235532606235,0.0199130639842469,0.620284021805412,1.01330747178467,0.0818477282932128,733.0000000001,2.39977539072415,0.0818477282932128,733.0000000001,2.39977539072415,1.02433766207775,1.04910769911988,1e-10,-0.44287737598425,0.127809007425749,0.0894808217823485,-0.128501311669628,0.949152514976322,0.464889228842546,0.676414028971747,0.668054363157542,0.679057765258313,-0.167272412972231,0.443771890532234,0.234599628617577,0.512425870860823,-1.5083030371284,-0.145452615736044,0.00257464026906758,-0.00786546608042011,-0.139131005261973,0.0824765482511341,-0.307980540424217,-0.187943216701152,1848.0000000001,0.458333333433333,0.00439325626807607,0.0319700297610618,0.0630685299136985,0.0630685299136985,0.542193872081698,2.42793756518418,5572.92275568096,0.0156249669969604,109,2,"SNETWORK (2 35 5572.92275568096 0.542193872081698 57000191 109)",57
41,57000192,-0.90126443193062,16,-0.407894617963011,-0.251052105764176,-0.192309249631537,-0.194095720002018,-0.196546296696359,0.48391629050186,0.805947605307502,0.511092619452762,0.272939595820368,0.275481048241523,-0.236145523175478,0.0131056192739677,0.275481048241523,0.275481048241523,0.536214252245932,0.694560755503197,0.568112815480835,0.304536302871055,0.621089791879305,-0.606217616580312,0,0,-0.712927756653993,-0.90126443193062,0,0.25125196530025,2.03873274908017,2.08362310178709,-0.0308994545164434,2.35945937394681,-0.894622095659205,-0.113746812120814,0.256136195410807,0.00639451086884926,0.070781590064334,0.0799701241440398,1975.0000000001,0.894011187043171,0.152349330083222,3067.0000000001,2.98820139327731,3.88221258022048,0.0631652684596277,-0.299674477897156,-0.256774536944193,-0.318515881011564,0.0404328755136927,0.40780576531299,-0.551851391103397,0.30385421466328,-0.21437453898047,0.0922932680374157,0.0294014783783215,0.0202880040193729,893.0000000001,0.7246875001,0.0202880040193729,893.0000000001,0.7246875001,0.232491148152649,0.363886196744097,1e-10,-0.146226388511032,-0.0738028602095856,0.0864604970093905,-0.194858496838695,-0.305084586862669,-0.363341583505644,-0.487990783359436,-0.50366462910767,-0.505590738712639,0,0.522391554569095,0.0479206649768233,1.19358716725035,-0.178899891198868,0.327798387950587,0.152469302672489,-1.16841650012951,0.72213088007451,0.107357510189836,0.200258187907766,-0.187943216701152,3067.0000000001,0.8750000001,0.0145459465122907,0.048619321847337,0.0117909773021618,0.0117909773021618,0.0585067239408213,0.843364662490785,1859.56913673483,0.0625,195,2,"SNETWORK (2 41 1859.56913673483 0.0585067239408213 57000192 195)",57
43,57000193,-0.0385776472204081,49,0.0756580730554828,0.31473676207772,0.354270929498081,0.350983481983268,0.358474665810763,-0.831534493393918,-0.751287903722858,-0.15844821393811,-0.245358477956686,-0.504819678574102,0.229157677658135,-0.383194357750351,-0.504819678574102,-0.504819678574102,0.209926231699455,2.78996617284676,2.68372013779815,-0.149719527494053,3.2523403282835,-0.963730569948188,1.15057915057915,3.24099722991689,-0.29467680608365,-0.0385776472204081,0.25,0.965129295384553,-0.37065810457486,-0.3663166023335,-0.683556057905679,-0.34529812003556,-0.0401912696585886,-0.509955757810774,-0.220692491158812,0.684680417395213,0.0577448044693727,0.0799701818409082,321.0000000001,0.118542508485134,1.70986703403434,269.0000000001,2.94151308916557,3.06005559755071,0.0767084755490367,-0.0455319735815239,0.014844053159708,-0.565175354958597,-0.426191538646794,0.134098336975749,-0.394547112277075,0.151156263381416,-0.51348888306632,0.173735078624477,0.0933163257826815,0.0326505963171053,95.0000000001,0.124072265725052,0.0326505963171053,95.0000000001,0.124072265725052,0.0514313149892202,0.603091860080938,1e-10,-2.52586962897183,-2.29384711113496,0.215087221403509,-0.854676676458855,0,0.0363195055765448,0.676414028971747,0.668054363157545,0.679057765258309,-2.67328564842715,-0.133977942312324,-0.178719535018712,-4.70940537485906,-12.5076272007858,1.05510237752526,1.46092244902946,0.994793100276987,0.988771312512557,-1.79468152834189,0.0297072710756055,10.9964825501645,321.0000000001,1.2031250001,0.00297158492862146,0.0737368905204152,0.00311020307916448,0.00311020307916448,0.378132864611745,0.208728557070836,3349.14458660229,0.0312500660060792,311,2,"SNETWORK (2 43 3349.14458660229 0.378132864611745 57000193 311)",57
43,57000194,-0.103214757218418,44,0.0756580730554828,0.31473676207772,0.125190979814175,0.126908484697204,0.131153005061719,-0.845156536446301,-0.759360298921914,-0.137503761405303,-0.205935996769904,-0.535921891732787,0.105291454182636,-0.346396428244509,-0.535921891732787,-0.535921891732787,0.220353674780905,2.92611399802859,2.83169261572376,0.0646021574202955,3.35521942596103,-0.963730569948188,1.15057915057915,3.24099722991689,-0.29467680608365,-0.103214757218418,0.25,0.205758658548701,-0.639973373206065,-0.629801927318443,-0.310220432451235,-0.582442299217015,-0.105963058806123,-0.736477955161441,-0.189969569865943,0.731548501505516,0.570872996764987,0.0799701818409082,298.0000000001,1.0879575007103,0.260531037806076,296.0000000001,0.493182146454734,1.58113964706504,0.0416079523410253,-0.101839266400658,-0.00757061494652705,-0.646026234108469,-0.651858434163372,-0.0403230366000323,-0.625361228538746,-0.0500357525442073,-0.722860914211211,-0.0472152537510167,-0.106196607443445,0.0101651279409091,55.0000000001,0.0223632813500095,0.0101651279409091,55.0000000001,0.0223632813500095,0.0995111233163111,0.672579581707062,1e-10,-1.0218634949947,-1.08505011582548,-1.02485075021475,-0.728647590033729,0,0.0363195055765458,0.338207014485873,0.334027181578772,0.339529300316022,-1.8651171305162,0.146338307924345,-0.187735517102217,-1.24901188998789,-0.508478832441976,1.55835104191338,1.72678828015029,0.151661942291535,1.7999177412192,-1.28784088404393,0.340010855613014,-0.187943216701152,298.0000000001,1.30729166676667,0.0286297822033298,0.0129781700376955,0.000588493457860643,0.000588493457860643,0.340997795372342,0.332646223719083,3294.97681749038,0.0312500660060792,306,2,"SNETWORK (2 43 3294.97681749038 0.340997795372342 57000194 306)",57
43,57000195,-0.236856046484902,34,0.0756580730554828,0.31473676207772,0.125190979814175,0.126908484697204,0.131153005061719,-1.12629378434222,-1.0573671090755,-0.231668373768596,-0.116224268877611,-0.617049004224122,-0.140236680891184,-0.284750400306533,-0.617049004224122,-0.617049004224122,0.263617591115767,3.19157893310447,3.09532344630849,0.500045837766468,3.55091926979472,-0.963730569948188,1.15057915057915,3.24099722991689,-0.29467680608365,-0.236856046484902,0.25,0.238069657733877,0.989286870371847,0.997321728156798,-0.153003382916498,1.03976089452885,-0.23540725003427,0.311783988143722,-0.113486306439674,-0.0269446983335683,0.104176596510116,0.0799701818409082,1044.0000000001,0.695547556209099,0.149869254725606,758.0000000001,0.726503848198287,1.42205140430739,0.0279177314465176,0.60618216435288,1.39746579530581,0.924686165340989,-0.894762439413398,-2.04057007928593,0.037454035062642,-1.81569244703027,0.0270474526305227,-1.78944629317629,-1.68212378241781,0.0490268140128989,564.0000000001,1.10604492197547,0.0490268140128989,564.0000000001,1.10604492197547,0.632931552734173,0.0904524700222482,1e-10,1.72475376698939,0.80644220351244,-0.5313548555403,0.486496451842987,0,0.0363195055765458,0.336346002964375,0.332189169926776,0.337661012733853,-0.771591097168642,-0.573865567449547,0.432497636083384,-0.00307636478629443,0.128771542942236,0.39973155427598,0.297592798033748,0.733726645377779,0.29639518283598,-1.67338983638373,-1.13298966730174,0.676947087451152,1044.0000000001,0.0182291667666667,0.0136549985132245,0.0142627328332931,0.0217138880456365,0.0217138880456365,0.263590016932161,1.9885778403058,3182.06450156113,0.0312500660060792,301,2,"SNETWORK (2 43 3182.06450156113 0.263590016932161 57000195 301)",57
41,57000196,-0.90126443193062,16,-0.407894617963011,-0.251052105764176,-0.192309249631537,-0.194095720002018,-0.196546296696359,0.48391629050186,0.805947605307502,0.511092619452762,0.272939595820368,0.275481048241523,-0.236145523175478,0.0131056192739677,0.275481048241523,0.275481048241523,0.536214252245932,0.694560755503197,0.568112815480835,0.304536302871055,0.621089791879305,-0.606217616580312,0,0,-0.712927756653993,-0.90126443193062,0,0.25125196530025,2.03873274908017,2.08362310178709,-0.0308994545164434,2.35945937394681,-0.894622095659205,-0.113746812120814,0.256136195410807,0.00639451086884926,0.070781590064334,0.0799701241440398,1975.0000000001,0.894011187043171,0.152349330083222,3067.0000000001,2.98820139327731,3.88221258022048,0.0631652684596277,-0.299674477897156,-0.256774536944193,-0.318515881011564,0.0404328755136927,0.40780576531299,-0.551851391103397,0.30385421466328,-0.21437453898047,0.0922932680374157,0.0294014783783215,0.0202880040193729,893.0000000001,0.7246875001,0.0202880040193729,893.0000000001,0.7246875001,0.232491148152649,0.363886196744097,1e-10,-0.146226388511032,-0.0738028602095856,0.0864604970093905,-0.194858496838695,-0.305084586862669,-0.363341583505644,-0.487990783359436,-0.50366462910767,-0.505590738712639,0,0.522391554569095,0.0479206649768233,1.19358716725035,-0.178899891198868,0.327798387950587,0.152469302672489,-1.16841650012951,0.72213088007451,0.107357510189836,0.200258187907766,-0.187943216701152,3067.0000000001,0.8750000001,0.0145459465122907,0.048619321847337,0.0117909773021618,0.0117909773021618,0.0585067239408213,0.843364662490785,1859.56913673483,0.0625,195,2,"SNETWORK (2 41 1859.56913673483 0.0585067239408213 57000196 195)",57
43,57000197,0.203214476918721,66,0.0756580730554828,0.31473676207772,0.354270929498081,0.350983481983268,0.358474665810763,-0.65571242716084,-0.604871227723503,-0.161222172037028,-0.401196666875509,-0.234584379173023,0.490445554822412,-0.430936885702229,-0.234584379173023,-0.234584379173023,0.220730209453913,2.59348396523928,2.49678118650732,-0.660204605255819,3.1600410977542,-0.963730569948188,1.15057915057915,3.24099722991689,-0.29467680608365,0.203214476918721,0.25,-0.187898248736391,-0.184479225897079,-0.182842475029764,0.112383504808675,-0.174669999798977,0.206137305896835,0.983537036163151,-0.382712394111358,-0.375326619309014,0.078263276597873,0.0799701818409082,1880.0000000001,0.940961904407786,0.0659400968590949,1804.0000000001,0.760750557588603,1.70171246189639,0.0412509417442976,-0.353548902496282,-0.191735139167177,1.23273780366945,0.321914415952602,-1.0574332051446,0.818910565470866,-1.16353015641152,0.387587915718787,-1.11576304508514,-0.78396857436512,0.0332538834729868,683.0000000001,0.908496093850384,0.0332538834729868,683.0000000001,0.908496093850384,0.319381033158315,0.0819426459157701,1e-10,1.4219597121197,0.94152319698245,0.12033796776939,0.620697784064121,0.438710913498586,0.232716204406219,0.676414028971749,0.668054363157543,0.67905776525831,-1.29514372393794,-0.360825218705555,0.370240171809204,-0.346088016599145,-0.363667646478845,-0.562763742609583,-0.54672717471847,0.218247248104125,-0.685078429336297,0.191186365874359,-0.183464701966457,1.34019594423675,1880.0000000001,0.3281250001,0.0228097081472463,0.0184412334970513,0.0220227095873812,0.0220227095873812,0.513849316605642,2.87027166053932,3547.10994890981,0.0312500660060792,322,2,"SNETWORK (2 43 3547.10994890981 0.513849316605642 57000197 322)",57
43,57000198,0.00516592340530495,52,0.0756580730554828,0.31473676207772,0.354270929498081,0.350983481983268,0.358474665810763,-0.808645943310998,-0.736224802388787,-0.151778377595802,-0.286194125959805,-0.47361992755134,0.209726129436488,-0.36815440813748,-0.47361992755134,-0.47361992755134,0.210388806231335,2.74579125779949,2.64352178947722,-0.185673497073642,3.20957937442685,-0.963730569948188,1.15057915057915,3.24099722991689,-0.29467680608365,0.00516592340530495,0.25,0.140397708615876,-0.14551512155722,-0.144309840441246,-0.204743541555222,-0.138248160219087,0,-0.320134949277756,-0.27405872193437,0.239648171957981,0.189030214171348,0.0799701818409082,599.0000000001,0.724126122305114,0.4780475207808,442.0000000001,1.35129293306168,2.0754190552668,0.0499581643547902,0.133426296035704,-0.270945809629491,-0.0168135775682415,-0.417741636494252,-0.487264179945621,-0.236119395992211,-0.532819241033287,-0.417741542873015,-0.382351049866103,-0.34522161300363,0.0945018824596014,138.0000000001,0.52165039072522,0.0945018824596014,138.0000000001,0.52165039072522,0.136511571107326,0.342782359696952,1e-10,0.827295300465417,0.673377488716933,0.138443523906196,0.367412565432367,-3.01077401207183e-16,0.0363195055765458,0.676414028971747,0.668054363157543,0.67905776525831,-0.345426342587352,0.588282966610204,-0.267095564582003,-0.225095612405064,0.091561979911019,0.320298616965006,0.257320159765314,-0.27679022515563,0.474624893357229,-0.645930058567042,-0.546628392232183,1.31114302457367,599.0000000001,1.09114583343333,0.0174307023269573,0.0325274619278329,0.0125568356104044,0.0125568356104044,0.40209464494689,0.404803090903442,3384.09688940633,0.0312500660060792,313,2,"SNETWORK (2 43 3384.09688940633 0.40209464494689 57000198 313)",57
41,57000199,-0.731114107203422,33,-0.407894617963011,-0.251052105764176,0,0,0,0.544765210996152,0.866877486941701,0.489555278084032,0.187282890935544,0.391426030694354,-0.14651115873758,0.0261899190216678,0.391426030694354,0.391426030694354,0.541998522588922,0.397554568519497,0.281735078839384,0.360708797093379,0.250422478561714,-0.606217616580312,0,0,-0.712927756653993,-0.731114107203422,0,0.201584016369448,2.3934472952198,2.45675341698566,0.0680129138295919,2.86348927524436,-0.726387861672734,-0.609749216751164,0.174402500205609,0.115866163893014,0.0598373180799402,0.0799701241440398,143.0000000001,0.0547222186436351,0.10774535338941,3098.0000000001,2.13469337512157,2.1894155936652,0.0334360991248006,0.0319572931452368,0.699826289368078,-0.791924915205033,-0.130627127495418,0.732263268568966,-1.0822301281211,0.510600516043553,-0.908057893083769,0.906811493662123,0.975314341306076,0.00350692608757833,1117.0000000001,0.156689453225,0.00350692608757833,1117.0000000001,0.156689453225,0.184152821412988,0.62285732261214,1e-10,0.674600070233765,0.577494688204406,0.198162908981563,0.0935879302215936,-0.305084586862669,-0.363341583505645,-1.4637901463605e-15,-1.49871635330658e-15,0,-1.22876680780785,-0.589756192060524,0.00778112092761319,-0.142885667535484,0.115053954197195,0.0206537971476444,-0.0101639597710775,-0.322723086597873,0.138395575427758,-0.229200785386633,0.0130094751115223,-0.0397654789895032,3098.0000000001,1.45833333343333,0.000835701327541162,0.0326003976972594,0.00239291438602487,0.00239291438602487,0.172158882277259,1.91885059074024,2052.7657274771,0.0625,207,2,"SNETWORK (2 41 2052.7657274771 0.172158882277259 57000199 207)",57
37,57000200,0.260160163246543,30,0.638158073055483,0.521052073640444,0.623124281295046,0.615977027310147,0.618989232093641,-0.585658999210992,-0.610563670576002,-0.16854106108826,1.9938078232358,-0.356021546413073,0.078192834973132,-0.469024870855222,-0.356021546413073,-0.356021546413073,-0.627152993504007,0.0186196559374143,0.132349265783729,-0.546737489030322,0.0508965764159849,0.143005181347151,-0.438610038610039,0.349030470914128,0.119771863117871,0.260160163246543,0.5,-0.295882329594663,-0.409326642175409,-0.404288647211944,0.206816322056471,-0.380041746937788,0.258276730822178,-0.148129333002321,1.88337527757217,0.304167499728685,0.137285910153727,0.0799702643258065,544.0000000001,0.477619366941884,0.722154620323124,1028.0000000001,4.74766831887312,5.225287685715,0.131901912706169,-0.249200782385714,-0.382562282548711,-0.445929828377687,0.582583922617577,1.20745711342886,0.00464667705987258,1.3810532495624,1.26815769335836,1.41996253777701,3.33779741818861,0.0101018538554825,114.0000000001,0.0460644532249836,0.0101018538554825,114.0000000001,0.0460644532249836,0.0883071199740477,0.656753974912971,1e-10,-0.449086095200584,0.0886102067743824,0.327836625052971,0.466694471644967,0.881355976037885,0.430873575621596,0.676414028971749,0.668054363157542,0.67905776525831,0.970272836962658,0.146817784157689,-0.931415991324883,-0.591168726205407,-2.5716113329487,-0.356663487671959,-0.119938272044695,-0.806899038338186,-0.170814072714778,-0.34193871188724,-1.09726868282986,-0.0151570386004372,1028.0000000001,1.15364583343333,0.0120565434430769,0.119845369163092,0.00116280477476284,0.00116280477476284,0.347543399480396,1.71630342768831,4584.5073427025,0.0312499339939208,146,2,"SNETWORK (2 37 4584.5073427025 0.347543399480396 57000200 146)",57
36,57000201,0.936282273006298,93,0.638158073055483,0.521052073640444,0.623124281295046,0.615977027310147,0.618989232093641,-0.172347674628826,-0.16212468919172,-0.0306264527258279,0.345484479529965,-0.338574727259178,0.473941792624682,-0.672939433415307,-0.338574727259178,-0.338574727259178,-0.727080005989292,-0.000492757954306967,-0.0793690566078603,-1.28320966973951,0.233684374225002,0,0.0216216216216217,1.64542936288088,0.287072243346008,0.936282273006298,0.5,-0.131829804499174,0.263210583198782,0.262630087473844,0.115596032951554,0.259230349176102,0.925138015003858,0.264135376038091,0.336919154535735,-0.075081239789856,0.16287592954811,0.0799702643258065,1199.0000000001,1.24891577747171,0.103841420102985,2385.0000000001,1.58385734761759,2.8327731249893,0.0633547934715562,1.40490479634326,1.55289377206387,0.314482215484671,-0.151901824928277,-0.517461783459123,0.190539034690195,-0.524920367214521,0.577145428034915,-0.806876285933415,-1.09305348254146,0.0760363257949844,643.0000000001,1.95565429697431,0.0760363257949844,643.0000000001,1.95565429697431,0.814393012716466,0.516441879599122,1e-10,-0.0291198242821296,0.0590846713702326,-0.981927566120065,0.07996349085458,0.920427574682472,0.450477092707269,0.676414028971749,0.668054363157543,0.67905776525831,-0.363126276216436,-0.829630078272781,-1.56387037946106,-0.0948999570300373,-1.51193421606619,-0.275254739075117,-0.00942356435252252,0.347064993331559,-0.38516206538472,-0.364532313749251,-0.561077751958084,-0.187943216701152,2385.0000000001,0.223958333433333,0.0279319230751856,0.0354228702963706,0.0437380857634017,0.0437380857634017,0.484475512727247,0.373773887922953,5339.59453592376,0.0156249669969604,121,2,"SNETWORK (2 36 5339.59453592376 0.484475512727247 57000201 121)",57
29,57000202,-1.27233357906273,8,-0.361841926944517,-0.698245294676348,-0.88766904750336,-0.89062955707874,-0.905942372439505,-0.182141401631433,-0.162289947173914,0.834546001498213,1.04154919282418,0.517971940723946,-1.21478438708054,0.582568975510069,0.517971940723946,0.517971940723946,-0.322591617450679,0.555315967675932,0.443917237376942,0.327217859414638,0.448330433968183,0.234887737478411,-0.657228657228657,-0.00923361034164302,0.265103506548374,-1.27233357906273,-0.5,0.995139462026838,6.61750657963786,7.08071707630371,-0.104126977544351,12.0464065193522,-1.26464974897687,-0.976437084652426,0.980577350111029,0.8667308867493,0.033550303690064,0.0399850261056294,255.0000000001,0.0136782772890613,0.0894655970325431,56588.0000000001,8.09422317162015,8.10790144880921,0.0584521502260952,3.14034621524728,1.59837898034824,-1.11460684430408,-0.883481225663301,0.204100208553229,-1.97032435022831,0.073990890093753,-1.96309590146202,0.0888820902546933,0.0427337431755864,0.494579106930538,2966.0000000001,58.6768652344894,0.494579106930538,2966.0000000001,58.6768652344894,27.6276088432876,10.9678049981019,1e-10,-2.08499729626203,-2.36288616899754,0.150839624717485,-0.86952211704687,-0.118644023962116,-0.921164041933264,-0.796323874383979,-0.808058563259408,-0.835083858992255,-4.13542411498666,-0.30485965025988,-0.334688366126266,1.26378487979712,0.156063440195899,0.466471290372781,0.355975985350076,-0.413002923088294,0.681123646262432,-3.14442368134583,-1.51847720620444,17.2639674751711,56588.0000000001,6.2734375001,9.86105611642136e-05,0.058353539564931,0.423018083940231,0.423018083940231,0.0991049397212932,3.37645377770527,780.381817718021,0.25,41,2,"SNETWORK (2 29 780.381817718021 0.0991049397212932 57000202 41)",57
41,57000203,0.249483547809318,108,-0.184210513107001,-0.196491445985551,0,0,0,0.573387513165597,0.523422658967367,-0.127149588761551,-0.642451391934507,0.578044609919228,0.307029092670507,-0.0250414644349019,0.578044609919228,0.578044609919228,0.391576218114144,-0.351745458636134,-0.492067848249954,-0.34513443800823,-0.448051167517969,-0.606217616580312,0,0,-0.712927756653993,0.249483547809318,0,-0.60123377895561,-0.138180132222475,-0.137050910835076,0.707319755071066,-0.131363802053597,0.249350083917681,1.1104178079428,-0.607648655317049,-0.376333821535308,0.148189707000541,0.0799701241440398,2934.0000000001,2.78056907246534,0.0447382227719702,1271.0000000001,0.363646838956047,3.14421591132139,0.0755856738624817,0.0545538148252147,-0.605933845234761,0.884733492271796,0.993454798376723,0.151085184812108,0.882891687285873,0.163917743671616,0.0944654632264313,0.171197368616673,0.0605709578236388,0.0471826841753425,657.0000000001,1.2399609376,0.0471826841753425,657.0000000001,1.2399609376,0.69623624899791,0.132591584710135,1e-10,0.186212816322921,0.308587205718203,-0.0467253503100691,0.728145891512228,0.915254083867404,-0.0283081595192628,0,-1.49871635330658e-15,0,0.660992163731763,0.304757225876635,-0.499698848522949,-0.0837272561696331,0.156063440195899,-0.587694262191206,-0.531747253103538,-0.705217706865076,-0.466767127226538,0.573553234274547,0.223805921732398,-0.187943216701152,2934.0000000001,0.260416666766667,0.0668437514191609,0.00874192234332078,0.0298081574377915,0.0298081574377915,0.668927922411009,0.399704064067919,2897.22030137125,0.0625,259,2,"SNETWORK (2 41 2897.22030137125 0.668927922411009 57000203 259)",57
37,57000204,0.221700241898638,26,0.638158073055483,0.521052073640444,0.623124281295046,0.615977027310147,0.618989232093641,-0.589526465605128,-0.614441974241078,-0.16824963142729,2.00891756990999,-0.348560041941984,0.0666147692145283,-0.46285409669285,-0.348560041941984,-0.348560041941984,-0.626793803229661,0.037238796762638,0.15543294878834,-0.524523806864413,0.0669468989970232,0.143005181347151,-0.438610038610039,0.349030470914128,0.119771863117871,0.221700241898638,0.5,-0.764239222293449,-0.689505125263683,-0.678009929852862,0.897708443131747,-0.624847880802169,0.220346434763286,0.0945992248555067,1.89505386956164,0.369528955742159,0.0781522086168948,0.0799702643258065,594.0000000001,0.296882612028229,0.14325667962937,492.0000000001,0.450751359667518,0.747633971595747,0.0198507612879428,-0.895379213708182,-0.262555030708353,0.250992439176135,0.693480576085578,0.534819329652703,0.304558988820265,0.642045867964681,1.54629385510398,0.11741736803344,0.151149585726093,0.00637113141009615,260.0000000001,0.0662597657249765,0.00637113141009615,260.0000000001,0.0662597657249765,0.141404955343973,0.640317281511814,1e-10,0.452214776884002,-0.0991028440748716,0.328606806789722,-0.13989530821214,0.881355976037885,0.430873575621596,0.676414028971749,0.668054363157545,0.67905776525831,0.0974831969917033,-0.647325676587432,0.983083252267364,0.542214920956267,0.119110502141215,-0.202958308152868,-0.101361487715484,0.45600727031386,-0.330245956638727,-0.384143620791575,-0.204198821752675,0.0139433027356359,594.0000000001,0.7734375001,0.00788266191068004,0.0119680992772627,0.00175929242642494,0.00175929242642494,0.304154926729572,2.34364391821178,4540.46297150923,0.0312499339939208,143,2,"SNETWORK (2 37 4540.46297150923 0.304154926729572 57000204 143)",57
28,57000205,0.0296192689223318,103,-0.361841926944517,-0.698245294676348,-0.562675121066356,-0.564925299345405,-0.567713055283144,0.291522283009456,0.389149154666243,1.0887092302158,-0.626823020000139,0.0260715842061211,-0.797583360917626,0.780079882723032,0.0260715842061211,0.0260715842061211,-0.172592576046045,-0.870484389078551,-0.869487577194379,1.39445534310319,-1.55376358834833,0.393782383419688,-1.16859716859717,-1.44967682363804,0.0792141951837772,0.0296192689223318,-0.5,-0.606022819296573,2.23102837542189,2.28554844783349,1.22593817816859,2.62879647143714,0.0304407573336218,-0.14224975191136,-0.59412780656304,0.343762627554827,0.103406891479163,0.0399850261056294,12027.0000000001,1.98838994892916,0.14690339297737,7173.0000000001,1.68471880234981,3.67310875117897,0.0577450857200626,-1.13773131163928,-1.70739911119374,0.0255297882593539,0.763413908357678,0.920161981196061,-0.618014641971974,0.659289085656742,-1.27571162724096,0.278958638075837,0.120676890453703,0.0829961125700479,939.0000000001,3.11733398447577,0.0829961125700479,939.0000000001,3.11733398447577,1.36354151769603,0.661651102396048,1e-10,-0.542025174845149,0.0967919751022483,0.0779763870824774,0.220831973307221,-0.118644023962116,-0.921164041933265,-0.323585971028253,-0.331945636842458,-0.320942234741691,0.709446643361682,1.34446913999359,-0.459279951153934,-0.566133998791044,0.156063440195899,-0.914783199943125,-0.794403408601919,-0.454290781376472,-0.91441852376987,0.893126267722023,0.437222659537665,1.27723448925769,12027.0000000001,0.994791666766667,0.0312595557666196,0.026485529853443,0.049007728883941,0.049007728883941,0.281919225748825,1.14303476456553,1839.96624370438,0.125,15,2,"SNETWORK (2 28 1839.96624370438 0.281919225748825 57000205 15)",57
36,57000206,0.862686784710212,88,0.638158073055483,0.521052073640444,0.623124281295046,0.615977027310147,0.618989232093641,-0.175094031337918,-0.172685938479011,-0.0101656140035657,0.407437573529924,-0.347050815381939,0.430928799006483,-0.697533273156165,-0.347050815381939,-0.347050815381939,-0.819894154086503,0.0441563624005176,0.00235854335987268,-1.17257360258706,0.256161918923507,0,0.0216216216216217,1.64542936288088,0.287072243346008,0.862686784710212,0.5,-0.981857442655581,-0.7559534850306,-0.742557956670494,1.38073032819539,-0.681159342434034,0.857841348632999,0.692319066270272,0.382225511966445,-0.202797600745539,0.206801858565604,0.0799702643258065,123.0000000001,0.162673425120558,0.278932566535285,706.0000000001,1.25939216101113,1.42206558603169,0.0382135188519759,1.09081689664886,0.957320734174706,1.28410197254646,-0.158321347383383,-1.60094679376744,0.79265464785715,-1.9534129676473,1.13294494871106,-0.724346464361493,-1.03771434126068,0.0562928398700472,106.0000000001,0.238681640724915,0.0562928398700472,106.0000000001,0.238681640724915,0.00274675823294257,0.512058200998301,1e-10,0.690333818137302,0.173904792228422,0.220191141524018,0.292393525066792,0.915254083867404,0.447881402232072,0.676414028971747,0.668054363157542,0.67905776525831,0.0508698102002716,-1.03519160509625,-1.80161565755542,-0.512776131450156,-0.161875492364246,-0.943098071244112,-0.854817662900036,-0.902562680535153,-0.827303486559766,-0.55991407301028,-1.48954841960348,0.668103440253768,706.0000000001,1.17447916676667,0.00437133423308218,0.0338421845188937,0.00641381483386148,0.00641381483386148,0.186695076225189,1.99835581047228,5282.57546923239,0.0156249669969604,118,2,"SNETWORK (2 36 5282.57546923239 0.186695076225189 57000206 118)",57
35,57000207,1.1397265956761,110,0.953947685431969,0.757894567769832,0.623124281295046,0.615977027310147,0.618989232093641,0.100376662328349,0.0774479337384918,0.00711892902687539,-0.211936734679671,0.0232098807948134,0.985843145668265,-0.138004192371437,0.0232098807948134,0.0232098807948134,-0.71247336567252,0.0376972040521606,-0.0554080226743238,-1.27170428949244,0.276119275397329,-1.11917098445596,0.839124839124839,1.32040627885503,-1.18821292775665,1.1397265956761,0.5,-0.139794305026366,-0.423976931721818,-0.418662844254273,0.0243062131613363,-0.393143435962869,1.12544484474035,-0.391274392533336,-0.176619787811498,0.116113057934605,0.0587970835720289,0.0799702643258065,271.0000000001,0.101901866145064,0.096673677949151,2139.0000000001,1.32244033731039,1.42434220335546,0.0360497406896683,0.158532985122402,-0.0775868741251811,-0.540435495621518,-0.144422309734063,0.438414385447012,-0.245293437056708,0.501852753653042,-0.31288808021538,0.300694719569983,0.234501322009325,0.0752545258112873,536.0000000001,1.61345703134943,0.0752545258112873,536.0000000001,1.61345703134943,0.652629732487154,0.436477798094986,1e-10,-0.275510741807104,-0.789010459167065,0.0286030314878581,-0.416192168667416,0.949152514976322,0.464889228842548,0.67641402897175,0.668054363157543,0.67905776525831,0.437219483472768,-0.153127846380639,1.19433529615154,-0.100625408721789,-3.1386426848358,0.433501974966243,0.701011078847511,0.519648860383402,0.393005851125366,-0.514239067028457,-0.672183558767654,-0.187943216701152,2139.0000000001,0.0546875001,0.00257911043296442,0.0334706301567039,0.0408361890114453,0.0408361890114453,0.396231023355593,0.364408065855969,5536.6832133607,0.0156249669969604,106,2,"SNETWORK (2 35 5536.6832133607 0.396231023355593 57000207 106)",57
28,57000208,-0.169116018847352,96,-0.361841926944517,-0.698245294676348,-0.562675121066356,-0.564925299345405,-0.567713055283144,0.265181484061937,0.356449653239242,1.07157055467146,-0.566314419174516,0.261166136028457,-0.814969738536491,0.819587401344675,0.261166136028457,0.261166136028457,-0.100570091764528,-0.820863924834358,-0.829445643447247,1.29383664444314,-1.46636487316173,0.393782383419688,-1.16859716859717,-1.44967682363804,0.0792141951837772,-0.169116018847352,-0.5,-0.260878802300872,0.93165449203493,0.938477715858755,0.38450772763964,0.974100861604153,-0.151077766211722,3.34057075091353,-0.538340324039806,-0.795535976494612,0.235372156204196,0.0399850261056294,16289.0000000001,6.12977134494424,0.0569232104301258,2870.0000000001,0.261195714912748,6.39096705975699,0.126770683825961,0.682000898760024,-0.696390973851179,1.69868578056489,2.99874744469475,1.59038369834931,1.56702085111123,1.43203558656698,0.755012602531831,0.604289793953566,0.329324956562734,0.00733879440970149,603.0000000001,0.177011718850043,0.00733879440970149,603.0000000001,0.177011718850043,0.0264058093779859,0.59204235838778,1e-10,-0.0295398249369901,0.501567235599371,-0.0301151431351403,1.28322997134878,0.157061401918917,-0.757550820489079,-0.323585971028251,-0.331945636842458,-0.32094223474169,1.02736468280789,-0.301497019542243,1.48682799411455,0.199310207144661,0.156063440195899,-0.730502237245476,-0.671014099318208,0.0820020850881406,-0.843695432825716,0.526793048305178,0.174269792330612,-0.0224145650178154,16289.0000000001,0.119791666766667,0.121589627550266,0.00518105617569565,0.00351118952796714,0.00351118952796714,0.18376389652172,0.149438371060057,1762.04246311538,0.125,10,2,"SNETWORK (2 28 1762.04246311538 0.18376389652172 57000208 10)",57
28,57000209,-0.29529292719776,91,-0.361841926944517,-0.698245294676348,-0.562675121066356,-0.564925299345405,-0.567713055283144,0.270157354059566,0.36638764226512,1.06289918945679,-0.534277997062284,0.385518684203879,-0.805260523020938,0.841480994146457,0.385518684203879,0.385518684203879,-0.0682422950348312,-0.804011441677046,-0.819137294557772,1.32500336594936,-1.45492434252604,0.393782383419688,-1.16859716859717,-1.44967682363804,0.0792141951837772,-0.29529292719776,-0.5,-0.645313711976048,-0.304278305237115,-0.301023887720413,0.751931427520081,-0.285102414315637,-0.290599403171478,1.30521776061618,-0.508183238753187,-0.376742384125367,0.230138116712823,0.0399850261056294,7545.0000000001,2.77614767515443,0.0564618413928062,8629.0000000001,0.778951237507692,3.55509891256213,0.088058426357614,-0.316208288805735,-0.287877297623649,1.84481548610003,-0.554672813092611,-2.82213639876157,1.045499117581,-3.17170651210572,0.391061374181131,-2.78456011796923,-1.79958500003076,0.0563875872219023,686.0000000001,1.54727539072538,0.0563875872219023,686.0000000001,1.54727539072538,0.621344388173389,0.36729137484318,1e-10,0.993819879899155,0.887787172980659,0.0925872171580896,2.1007567789746,0.174340238660513,-0.747296955759842,-0.323585971028251,-0.331945636842455,-0.32094223474169,0.863976505022199,-0.174452409169394,1.42822178866022,-0.183274580210924,0.107872527174334,-0.820037987163184,-0.810712970116812,0.201944273194797,-0.979959691408848,0.639916160908234,-0.417405113199492,2.51551497592931,8629.0000000001,0.3359375001,0.0687641051187298,0.0192943211388843,0.0383254135090278,0.0383254135090278,0.114208161038033,0.888488486758433,1706.82339438812,0.125,7,2,"SNETWORK (2 28 1706.82339438812 0.114208161038033 57000209 7)",57
43,57000210,-0.430080642222664,17,0.0756580730554828,0.31473676207772,0.118081199488201,0.12698938418892,0.129762766215853,-1.12703075030543,-0.991555052628379,-0.267492272094211,0.4273367722713,-0.38690355693645,-0.0446711503335458,-0.517612891247942,-0.38690355693645,-0.38690355693645,0.356848046462289,3.06228193671722,2.96265686137686,0.280369211309258,3.45772507749328,0,0.0216216216216217,1.64542936288088,0.287072243346007,-0.430080642222664,0.25,0.614795308550736,-0.240405436268458,-0.238068368419689,-0.526833439612226,-0.226513073631074,-0.429746396172246,-0.66461719119205,0.408405296488198,0.667991601211367,2.05288298099428,0.0799701818409082,1044.0000000001,13.7063197450627,0.0838975335413966,399.0000000001,0.214081064111258,13.920400809074,0.34085822287595,-0.299135591068887,-0.304511157976664,-0.52523075318995,-0.716067587406716,-0.25840874048069,-0.616287454545207,-0.288020021337569,-0.164483619456005,-0.210558437544722,-0.365178076459215,0.00829674596776859,242.0000000001,0.0803125001000339,0.00829674596776859,242.0000000001,0.0803125001000339,0.072117404390439,0.634606110254036,1e-10,0.193818539555378,-0.12866741006937,0.221833520255419,0.00791232969450791,-3.01077401207183e-16,0.0363195055765458,0,0,0,0.270722030522885,-1.92839857811612,0.276432687671014,-0.887717993874339,0.156063440195899,-0.317414891027398,-0.253786700631338,-0.447565755312116,-0.221393370346643,-0.0292597190211103,0.162490789981581,-0.187943216644022,1044.0000000001,0.8203125001,0.335616183267877,0.00524203950807365,0.00196655084809464,0.00196655084809464,0.124491544684709,2.58828514538835,2979.165891626,0.0312500660060792,287,2,"SNETWORK (2 43 2979.165891626 0.124491544684709 57000210 287)",57
28,57000211,0.58978139426675,119,-0.111841926944517,-0.494736954820113,-0.562675121066356,-0.564925299345405,-0.567713055283144,0.181042444053783,0.389001948348127,1.03295900071945,-0.941489324673336,-1.33190756939525,-1.74614819358509,0.481784475240055,-1.33190756939525,-1.33190756939525,-0.452133084364579,-1.31091705614273,-1.1813858709229,0.806132884937923,-1.9158985069355,0.393782383419688,-1.16859716859717,-1.44967682363804,0.0792141951837772,0.58978139426675,-0.5,-0.676708456769542,0.452847175498332,0.453095935596799,0.969756535012687,0.453576002563003,0.602970738693704,2.60592307781742,-0.893547166707788,0.325161917234844,0.0932556408228758,0.0399850261056294,15565.0000000001,2.32069999309025,0.0371612069715551,4513.0000000001,0.268132778959145,2.5888327719494,0.0559594428172044,-1.05232644337128,2.18852537500565,2.78142507940969,1.98371986203277,-0.833214078688796,1.43816528527325,-0.816541553891452,-0.0906976693893267,-0.808309821921693,-0.334384293384658,0.0343986769705595,563.0000000001,0.77465820322519,0.0343986769705595,563.0000000001,0.77465820322519,0.256113268096053,0.227380143760447,1e-10,-1.07009631841237,-1.11100033829821,-0.00671977170081156,-0.282256797108282,0.474576257488161,-0.569126424378405,-0.323585971028251,-0.331945636842458,-0.320942234741691,1.67672032501956,-1.20154725996399,1.17735637050469,2.33990325438122,0.156063440195899,-1.10764886940601,-1.22135787343234,-0.347436499108402,-1.16736580012327,-0.454339804269305,-0.084392323010017,-0.138135721422977,15565.0000000001,0.0156250001,0.0501635639558064,0.00579587876139806,0.0167447823646905,0.0167447823646905,0.514132584480775,1.3927141232416,2024.3163239104,0.125,29,2,"SNETWORK (2 28 2024.3163239104 0.514132584480775 57000211 29)",57
36,57000212,0.983238078153161,97,0.750000250966976,0.505263045179887,0.623124281295046,0.615977027310147,0.618989232093641,-0.146027674584025,-0.132741983833841,-0.0230638492502557,0.30064601911604,-0.362549396758977,0.602134704038539,-0.597290334057135,-0.362549396758977,-0.362549396758977,-0.748965659235189,0.0151710546717576,-0.0680362429069764,-1.2399369448645,0.24032777993354,0,0.0216216216216217,1.64542936288088,0.287072243346008,0.983238078153161,0.5,0.541174823013605,-0.0849092733856573,-0.0842835302928761,-0.475184757338781,-0.0810984139816875,0.975423687466835,-0.16519017165477,0.280901389916934,0.813360601887794,0.506377708462436,0.0799702643258065,2295.0000000001,7.43214768191947,0.0671384190872632,1259.0000000001,0.540572442264287,7.97272012408375,0.189831716680779,-0.319127800975132,-0.213154840821863,-0.367021089382112,0.311179309640093,0.788025619196267,-0.0944874076092354,0.850310703504687,0.267609482887298,0.761370408923491,0.917980658480662,0.0430146288751678,745.0000000001,1.28183593759954,0.0430146288751678,745.0000000001,1.28183593759954,0.49586601369982,0.152226669242488,1e-10,-0.0100426294308829,-0.0559425893746841,-1.10901958818827,-0.119089930971119,0.949152514976322,0.464889228842547,0.676414028971749,0.668054363157543,0.67905776525831,-0.364141047672856,0.612093082037605,-0.177494343204213,0.486947202280384,-2.91648366680188,-0.10117701614025,0.145588186271433,0.261757679845723,-0.159838782500207,1.07471318054846,1.13900138769941,-0.187943216701152,2295.0000000001,0.489583333433333,0.176960601950327,0.0128711146304525,0.030520714712971,0.030520714712971,0.723751799747607,1.73052400763845,5385.41121457312,0.0156249669969604,123,2,"SNETWORK (2 36 5385.41121457312 0.723751799747607 57000212 123)",57
37,57000213,0.471755830710195,49,0.638158073055483,0.521052073640444,0.623124281295046,0.615977027310147,0.618989232093641,-0.531806819559549,-0.55580779208735,-0.173257172010751,1.83433577678926,-0.418365117412921,0.175529298201742,-0.463210237999034,-0.418365117412921,-0.418365117412921,-0.667681136106192,-0.1386651093016,-0.0451024211122785,-0.640484875379315,-0.110915981496055,0.55958549222798,-0.876876876876878,-0.0954139735303178,0.476341360371778,0.471755830710195,0.5,-0.609074139437352,0.382554180268535,0.382375521695836,0.827289243048532,0.380780643209528,0.466939182984468,0.615088303142091,1.73315568714532,-0.859514601833397,0.244042534505272,0.0799702643258065,695.0000000001,1.08469438764711,0.23480880222613,2277.0000000001,3.41927842153474,4.50397280908185,0.0985937074778242,2.56273824176472,2.74748508480894,-0.294293775757042,0.738051364395644,1.07780996550708,0.416977247054593,1.07033140702371,1.57729869742391,0.748477854381481,1.62265376597491,0.0197347006208333,546.0000000001,0.431005859474847,0.0197347006208333,546.0000000001,0.431005859474847,0.313827503689191,0.42881020043515,1e-10,0.378650129843344,0.295723379603596,0.319581558091305,0.515461985759015,0.881355976037885,0.430873575621596,0.676414028971749,0.668054363157543,0.67905776525831,0.273132434236706,0.740881444265258,-1.44246214899977,-0.351511898878521,-0.170973803987698,-0.657643988642649,-0.514438215397725,-0.858641394067925,-0.507040892984934,-0.200159865681228,-1.22259332263521,0.622042715216914,2277.0000000001,0.0286458334333333,0.0237443798121782,0.074849327565646,0.00943488501808639,0.00943488501808639,0.572246082858852,1.00400778626775,4812.60683013276,0.0312499339939208,163,2,"SNETWORK (2 37 4812.60683013276 0.572246082858852 57000213 163)",57
41,57000214,-0.269575430049809,74,-0.407894617963011,-0.251052105764176,0,0,0,0.530040578894393,0.642339327897725,0.121476033313363,-0.243907023369463,0.731402097159562,0.0101432396015458,0.0186301364077278,0.731402097159562,0.731402097159562,0.482021544403595,-0.581167788940167,-0.72305336333998,-0.232127032551436,-0.753809433590697,-0.606217616580312,0,0,-0.712927756653993,-0.269575430049809,0,0.651602347630644,0.587035839446421,0.588488135298299,-0.481938742968991,0.595064617705022,-0.268271442627584,-0.146635945393827,-0.230173534007731,0.316682876836258,0.255113469912506,0.0799701241440398,2667.0000000001,4.35122904402073,0.0851424643343123,1299.0000000001,0.707311804268525,5.05854084818925,0.106740611966643,-0.100827872154473,0.00229853091073474,-0.29196236074691,-0.81828448320572,-0.645026939149186,-0.242965717191958,-0.6167390916532,-0.371990449646961,-0.240290895946749,-0.264638672615737,0.014483463914069,478.0000000001,0.276923828225,0.014483463914069,478.0000000001,0.276923828225,0.240989940963914,0.527776757055697,1e-10,-1.18530268897308,-1.36375280154573,0.144757897561603,-0.749446922714249,-0.305084586862669,-0.363341583505644,0,0,0,-1.74522050602357,0.197043905540663,-0.361945450826771,1.11293893844998,0.156063440195899,0.564249704680415,0.684677079738967,0.884918144022273,0.44726366749545,1.05903666606658,1.51869094380382,-0.187943216701152,2667.0000000001,0.205729166766667,0.0918155777461878,0.014925034120455,0.00584338838850748,0.00584338838850748,0.447075341502444,0.0693432191570797,2520.0944913006,0.0625,234,2,"SNETWORK (2 41 2520.0944913006 0.447075341502444 57000214 234)",57
29,57000215,-1.32342380473202,4,-0.361841926944517,-0.698245294676348,-0.88766904750336,-0.89062955707874,-0.905942372439505,-0.197460822741331,-0.173846495323255,0.827785952377469,1.04816601577456,0.506427755284687,-1.21872357190575,0.58104877673757,0.506427755284687,0.506427755284687,-0.322029278113993,0.579193372058838,0.471513934659218,0.334468864921737,0.474844507651738,0.234887737478411,-0.657228657228657,-0.00923361034164302,0.265103506548374,-1.32342380473202,-0.5,1.19152658270457,10.5909232919662,11.6335760317121,0.276055278832247,29.7572435736303,-1.30332856097192,-0.820196090902687,0.987133810346246,0.920634868536316,0.0536530288299068,0.0399850261056294,12963.0000000001,1.11197373623583,0.0950747320761675,83426.0000000001,12.6812275783106,13.7932013144464,0.0492709873921319,1.39313674860917,0.611587418149915,-0.914417618617024,-0.500721724497912,0.428940960414708,-2.16073933442389,0.0784931405188818,-2.60099305542403,0.120592982664547,0.0992069015253767,0.586407035187335,4988.0000000001,116.999931640754,0.586407035187335,4988.0000000001,116.999931640754,55.1980528025084,10.827817579934,1e-10,-0.346646518878329,-0.181435364422199,-0.91014190083879,-0.443181131299943,-0.118644023962116,-0.921164041933264,-0.642157328871708,-0.655861193874932,-0.670337298852447,-0.186336315620618,-0.964471511811299,0.786316727588465,-0.764446981632441,-0.763153715369105,0.654504237351468,0.732337268938919,0.251524229193197,0.721869137962703,-1.98732806471753,-1.45435098958197,-0.187943216701152,83426.0000000001,11.5390625001,0.00397210499388182,0.0452988822982501,0.417937940124968,0.417937940124968,0.0563581261632816,8.3344600788944,740.724963468528,0.25,39,2,"SNETWORK (2 29 740.724963468528 0.0563581261632816 57000215 39)",57
37,57000216,0.686798725196981,69,0.638158073055483,0.521052073640444,0.623124281295046,0.615977027310147,0.618989232093641,-0.449242477822913,-0.471328286310112,-0.152241947230382,1.60440030908673,-0.500433508926236,0.213341792193538,-0.46664166067133,-0.500433508926236,-0.500433508926236,-0.700445427563537,-0.377132527630497,-0.329717874153608,-0.872297985170265,-0.331204433732729,1.08031088082902,-1.42471042471043,-0.650969529085872,0.922053231939164,0.686798725196981,0.5,1.598896047633,-0.0140687022665042,-0.0139799655554573,-0.833136444628847,-0.0135210963989673,0.675812525326416,-0.776206948670443,1.51265071140719,0.651247323484875,0.0867226218271161,0.0799702643258065,283.0000000001,0.156955267825657,0.119909292652746,3695.0000000001,2.83350736200594,2.99046262973159,0.0703013314927392,0.472106415847244,1.43454046506524,-0.835229295063196,-0.0770762481006912,0.822960255605255,-0.813698588693969,0.876923305038556,0.257975830789821,0.388813681514899,0.716520474436564,0.115682312334204,823.0000000001,3.80826171884865,0.115682312334204,823.0000000001,3.80826171884865,1.69015644990325,1.77818018054317,1e-10,0.17067892174889,-0.41919856388987,0.306894052343818,-0.026003699271026,0.881355976037885,0.430873575621597,0.676414028971749,0.668054363157543,0.67905776525831,1.04460523986046,0.561973710611852,-2.31356520754514,-1.70977045164474,-1.85059361835775,-0.276598043201878,-0.0819307179111951,-0.314673074430822,-0.209506700596175,-0.719098970785949,-1.57413330911927,-0.187943216159882,3695.0000000001,0.692708333433333,0.00368978504559238,0.0666115463471468,0.0895265723996067,0.0895265723996067,0.814105333487875,1.35829383530654,5058.12223862403,0.0312499339939208,176,2,"SNETWORK (2 37 5058.12223862403 0.814105333487875 57000216 176)",57
37,57000217,-0.00608530640961316,8,0.638158073055483,0.521052073640444,0.649161038498292,0.645874990233288,0.652741863980251,-0.605538695961655,-0.625750968617569,-0.149697769358065,2.12571615535089,-0.284770526454777,0.0797919151824283,-0.473847513164822,-0.284770526454777,-0.284770526454777,-0.604577432538632,0.158378733172517,0.313895942784303,-0.418752936395502,0.182200584610811,0.143005181347151,-0.438610038610039,0.349030470914128,0.119771863117871,-0.00608530640961316,0.5,1.84754164193181,-0.0862368946342666,-0.0855996461699379,-0.875025890411935,-0.0823568613063368,-0.00861067712300098,0.683685239632083,2.00536557282671,-1.0508539890146,0.173525558887454,0.0799702643258065,1961.0000000001,2.17619649848488,0.0693885321797563,4.0000000001,0.00177502624075785,2.17797152462563,0.0518702379530349,-0.220001572317019,0.0552292112880102,1.21643615826206,0.34098247475248,-1.00706490407551,0.594821095907156,-1.08853565587528,1.84294276409935,-1.10523286882948,-2.95471663850932,0.185894691880822,146.0000000001,1.08562500009961,0.185894691880822,146.0000000001,1.08562500009961,0.623278659866568,0.0236613671825436,1e-10,-0.207596377008913,-0.312919970479348,0.213764294558043,-0.279029001801279,0.881355976037885,0.430873575621597,0.843324969095806,0.843044929020692,0.852244106229465,0.0987740970620736,-0.629318897540716,1.02076487417346,0.137489499719699,0.156063440195899,0.539572904090524,0.749262587403467,1.40713778047427,0.278707243293369,-0.245080877872144,0.596290086227904,-0.187943216701152,1961.0000000001,1.0703125001,0.0518279641010232,4.22737520117566e-05,0.0258550795247178,0.0258550795247178,0.084488079296137,1.12697374576237,4317.47544616403,0.0312499339939208,129,2,"SNETWORK (2 37 4317.47544616403 0.084488079296137 57000217 129)",57
28,57000218,0.79747506033451,125,-0.111841926944517,-0.494736954820113,-0.562675121066356,-0.564925299345405,-0.567713055283144,0.156862202639002,0.35069881159383,1.1460272462088,-1.02075545252664,-1.77990220240383,-1.37604989897798,0.277578026542237,-1.77990220240383,-1.77990220240383,-0.649814567550605,-1.48211656866287,-1.34381844989688,0.390872733122568,-2.00456605172752,0.393782383419688,-1.16859716859717,-1.44967682363804,0.0792141951837772,0.79747506033451,-0.5,-0.720853058385131,0.0833776534397965,0.0829727926381215,0.977031612916682,0.0808223789698801,0.797479215354963,1.24655927899389,-0.968388847767086,0.322601119689123,0.0684224790497958,0.0399850261056294,10621.0000000001,1.16187385504176,0.0342008535120279,3978.0000000001,0.21751864425579,1.37939249919755,0.0318639059772827,1.72342032484569,1.42015383349411,2.10823045071465,0.260363075434716,-1.9874839282426,0.897601914647356,-2.08270194191727,-0.751647867777848,-2.53608400161734,-0.727918566635239,0.0243603970136997,646.0000000001,0.629472656350155,0.0243603970136997,646.0000000001,0.629472656350155,0.187481245974235,0.288112896492097,1e-10,-0.293246149321843,-0.308303947284194,-0.0365086604277542,0.231978142869232,0.474576257488161,-0.569126424378406,-0.323585971028251,-0.331945636842457,-0.32094223474169,1.23468301251127,0.810524408784039,1.22441327340217,0.225379470629949,-0.258060906346595,-0.500926000511682,-0.61892524148533,-0.0716582506437193,-0.53551383491303,0.209723490674045,0.207365738630516,0.295643772078078,10621.0000000001,0.231770833433333,0.0268392347931143,0.00502467108416839,0.0145407905902057,0.0145407905902057,0.597524602013953,0.150645517222868,2090.51977234564,0.125,33,2,"SNETWORK (2 28 2090.51977234564 0.597524602013953 57000218 33)",57
41,57000219,0.518484363481434,123,0.342105382036989,0,0,0,0,0.670018267069125,0.631036120874558,-0.201302278563951,-0.929056241254725,0.781117382580021,0.705315803902739,0.402924291279497,0.781117382580021,0.781117382580021,0.394347222518408,-0.253787428344955,-0.351392737119976,-0.1197437972511,-0.393904256995781,-0.606217616580312,0,0,-0.712927756653993,0.518484363481434,0,0.204852633246004,-0.0156907018825517,-0.0155913540172425,-0.242433562640236,-0.015077812679857,0.516480737684842,0.974545797744325,-0.778517970227815,-0.667763694710633,0.121154057937099,0.0799701241440398,3744.0000000001,2.9008771960729,0.546600779180466,438.0000000001,1.5310870958363,4.43196429180921,0.104219307932781,2.69550910938021,1.24780589742924,0.849930044318056,0.386163429647138,-0.487508773575778,0.764448400695718,-0.52052599795921,-0.343217360177183,-0.260643437324815,0.0331543942603238,0.039142341930104,529.0000000001,0.828251953225,0.039142341930104,529.0000000001,0.828251953225,0.501613431978133,0.152101176554613,1e-10,0,0.262618387540792,-0.00246173318888062,0.18989591266819,0.915254083867405,-0.0283081595192628,1.4637901463605e-15,0,1.55600483282998e-15,-0.344446620956216,-0.630396760430143,0.725324121144741,0.304976194554539,0.156063440195899,0.0111243989129522,0.113723439123929,0.68489295474773,-0.142533917477382,0.312172087732098,0.0384824417130077,-0.187943216701152,3744.0000000001,0.0729166667666667,0.0682152187096256,0.0360040891231554,0.0194766563050414,0.0194766563050414,0.765953467617497,0.230798179817727,3062.15341679272,0.0625,268,2,"SNETWORK (2 41 3062.15341679272 0.765953467617497 57000219 268)",57
28,57000220,0.891274550749662,127,-0.111841926944517,-0.494736954820113,-0.562675121066356,-0.564925299345405,-0.567713055283144,0.163835352399801,0.361789862804914,1.15054093075568,-1.02536042715229,-1.85302726059697,-1.40881202742446,0.253825723103983,-1.85302726059697,-1.85302726059697,-0.664798015437436,-1.51403587978306,-1.3625799000934,0.372145609556974,-2.03748924849445,0.393782383419688,-1.16859716859717,-1.44967682363804,0.0792141951837772,0.891274550749662,-0.5,-0.781880889912514,-0.761377185906499,-0.747820222723838,0.917989609464661,-0.685726667004088,0.88848033474065,1.49845128400832,-0.971461468870795,-0.30948683409518,0.0717114519959529,0.0399850261056294,11499.0000000001,1.31838834513468,0.0548004429601365,4278.0000000001,0.374817288134092,1.69320563316877,0.0455441263559842,-0.327272726065157,-0.640966500693956,2.16720942854927,2.06326412035623,-0.0586184356169638,1.29092270318072,-0.073701869962835,-0.445502378189901,-0.938220184714285,-0.30198931125446,0.0235753899694391,517.0000000001,0.48753906260012,0.0235753899694391,517.0000000001,0.48753906260012,0.120386485126821,0.327431822410272,1e-10,-0.239197329502852,-0.391104666002629,-0.158985085394362,0.0646103071845646,0.474576257488161,-0.569126424378404,-0.32358597102825,-0.331945636842457,-0.320942234741688,0.717345660123066,0.0420954814936554,0.837127974967979,1.94932177632077,0.156063440195899,-0.655689209599243,-0.74941707094257,-0.32817717071285,-0.646828561305471,0.176033670823144,0.408538996308214,-0.187943216701152,11499.0000000001,0.104166666766667,0.0354622286082595,0.0100818976477247,0.0131139066534914,0.0131139066534914,0.62692107870613,0.156098400338998,2113.85711549234,0.125,35,2,"SNETWORK (2 28 2113.85711549234 0.62692107870613 57000220 35)",57
43,57000221,0.0315729578064867,54,0.0756580730554828,0.31473676207772,0.354270929498081,0.350983481983268,0.358474665810763,-0.775949078141318,-0.703717867903401,-0.148825619339066,-0.305386741293013,-0.465750779578137,0.206873687209709,-0.363811240873691,-0.465750779578137,-0.465750779578137,0.202581752900811,2.67654810726772,2.56656107616864,-0.214554624019323,3.1348855742068,-0.963730569948188,1.15057915057915,3.24099722991689,-0.29467680608365,0.0315729578064867,0.25,0.378273587251453,0.128804847010849,0.128266087310106,-0.35502647247122,0.125358527237003,0.0330027572224987,0.65975793661378,-0.29182663047948,0.0211433604815213,1.07051928308334,0.0799701818409082,610.0000000001,4.17619236979978,0.302975659259386,788.0000000001,1.5268280238663,5.70302039356608,0.130667514976893,0.770197833147007,0.679087842335563,-0.243844442486162,0.00151957539697415,0.263327110374046,0.518013248359771,0.273373006604718,0.251562936411824,0.306285984123396,0.205907668436075,0.0138456425958426,451.0000000001,0.249775390725106,0.0138456425958426,451.0000000001,0.249775390725106,0.228156348342815,0.531098291899494,1e-10,0.183047259516901,0.0847652221522228,0.134859836093698,-0.175799997582176,0,0.0363195055765458,0.67641402897175,0.668054363157545,0.67905776525831,-0.645774955908357,-0.742368028217731,0.451302331387597,0.0012800968873,0.0601471957705235,0.795241945497034,0.890826981884642,0.97597059748621,0.691556444236907,-0.563038543170222,-0.336567207913882,-0.0635443493969168,788.0000000001,0.276041666766667,0.0956848548572103,0.0349826600196826,0.00572284987929911,0.00572284987929911,0.417536822372457,0.863006439131528,3406.62191274695,0.0312500660060792,315,2,"SNETWORK (2 43 3406.62191274695 0.417536822372457 57000221 315)",57
35,57000222,1.07589114280989,105,0.953947685431969,0.757894567769832,0.623124281295046,0.615977027310147,0.618989232093641,0.0909928517518745,0.073897986745118,0.0189951644132754,-0.166750203621327,-8.12971971442871e-05,0.976901066426208,-0.179845692067319,-8.12971971442871e-05,-8.12971971442871e-05,-0.707466480179839,0.195802315483572,0.151425906072495,-1.09308231906332,0.415213199056784,-1.11917098445596,0.839124839124839,1.32040627885503,-1.18821292775665,1.07589114280989,0.5,0.0594165662589027,-1.10646195689439,-1.08064149042308,-0.247531919243295,-0.967549902739975,1.06202131344466,0.498356083625876,-0.160059215396003,-0.433112192147551,0.0528842496100585,0.0799702643258065,151.0000000001,0.0510693529803486,0.609668319072649,2472.0000000001,9.63827150745693,9.68934086033727,0.277394309065307,0.385716123506813,-0.0880858730522215,0.257271117102398,-0.304191855989903,-0.661871824517795,0.752754834811206,-0.862452645856429,0.604589153871469,-0.893189659664491,-0.868007172064947,0.150347837567784,388.0000000001,2.33339843759917,0.150347837567784,388.0000000001,2.33339843759917,0.992959989759074,1.15199810484036,1e-10,0.049586991936588,0.0608997167917524,0.155392456081494,-0.0408491398590409,0.949152514976322,0.464889228842546,0.67641402897175,0.668054363157543,0.67905776525831,-0.349541514476022,0.436128583346537,0.195046413828086,0.365586249630585,0.0438034769952586,0.504696604656241,0.747818849131219,0.566595965219248,0.463243063459021,-1.06496864372947,-0.81217483044593,-0.187943216701152,2472.0000000001,0.440104166766667,0.00146205485552531,0.275932254109782,0.0668024230386048,0.0668024230386048,0.153048952632654,1.10345943272114,5476.30615837441,0.0156249669969604,102,2,"SNETWORK (2 35 5476.30615837441 0.153048952632654 57000222 102)",57
36,57000223,1.02801595465872,101,0.750000250966976,0.505263045179887,0.623124281295046,0.615977027310147,0.618989232093641,-0.157640342072958,-0.152265045227477,-0.0391179125779811,0.280666764126447,-0.360654685073685,0.616891535823529,-0.588036936537258,-0.360654685073685,-0.360654685073685,-0.738334793260138,-0.0333864609698596,-0.134928895061488,-1.28623928720332,0.195220452563258,0,0.0216216216216217,1.64542936288088,0.287072243346008,1.02801595465872,0.5,0.414694946128202,-0.231278143974523,-0.229061911846713,-0.412658623884468,-0.218086928887988,1.01311262993292,-0.606009250577392,0.265400115141048,0.0635119911193423,2.71853797520266,0.0799702643258065,18.0000000001,0.312942805145457,0.162587735077823,2719.0000000001,2.82718384419836,3.14012664924382,0.0767635807171531,-0.149113525948902,-0.178026470492143,0.0588362084364409,-0.568872248345117,-0.756767416760382,-0.543657201573646,-0.840097695212128,-0.198003696209,-0.70840013827248,-0.949883842360665,0.0922201339724874,398.0000000001,1.46814453134948,0.0922201339724874,398.0000000001,1.46814453134948,0.583937697162473,0.300189383343259,1e-10,2.69056691574804,1.76379616911942,-0.155564283656751,3.01731162127202,0.932204401012061,0.218306302507474,0.533547311345163,0.521506081152588,0.523029282427178,-0.815322114269119,0.392689559577472,-0.79280260624395,-0.27800990221505,-1.95449149284063,-0.881995834896444,-0.844805967160407,-0.722043282568509,-0.804576328102421,0.0587984057639756,-0.626481878695697,1.79345679178999,2719.0000000001,0.4140625001,0.00765020425218037,0.0691133763649727,0.0358902820409904,0.0358902820409904,0.967397988486946,2.04172959369882,5432.06464301194,0.0156249669969604,127,2,"SNETWORK (2 36 5432.06464301194 0.967397988486946 57000223 127)",57
41,57000224,0.537656862717618,124,0.342105382036989,0,0,0,0,0.658426085141638,0.636636758175026,-0.222590357121178,-0.93279103926933,0.787133090635956,0.734330902835765,0.394903749935336,0.787133090635956,0.787133090635956,0.390753130065201,-0.290772450325183,-0.396434484675109,-0.169560713733778,-0.424200188715921,-0.606217616580312,0,0,-0.712927756653993,0.537656862717618,0,-0.219802401432777,0.222576419723612,0.221952971385305,0.213197321498418,0.218423456168325,0.538129605147429,0.898388227433166,-0.882167941442553,-0.62128846786161,0.111362471239358,0.0799701241440398,2727.0000000001,1.94213554451951,0.0521349543612588,409.0000000001,0.136366547267035,2.07850209168655,0.0468263669842326,0.757492439154023,2.46103260982847,-0.133897848032495,0.913921837057151,1.14394140542218,0.648531999110081,1.1688138308662,-0.69848030830334,0.638153362619069,0.426728381334294,0.0654499177082862,531.0000000001,1.3901562501,0.0654499177082862,531.0000000001,1.3901562501,0.767236484434333,0.17421556722328,1e-10,0.947688674422106,1.14984272590164,-0.124502956667698,2.43648375826594,0.915254083867404,-0.0283081595192628,-0.0156825286183622,-0.0218799837009559,-0.0254430054864909,0.33579588095123,0.910971778569855,0.231618496282809,-0.257813802993202,0.130578389872657,-0.930941558335665,-0.793858640429018,-0.500324401063191,-0.920885142715515,0.916800618177713,-0.266285478529893,2.98619168326832,2727.0000000001,0.0677083334333333,0.0437541785067336,0.00307218837749901,0.0313186918850875,0.0313186918850875,0.773029356831118,0.413739416699111,3074.18167646285,0.0625,269,2,"SNETWORK (2 41 3074.18167646285 0.773029356831118 57000224 269)",57
43,57000225,-0.0385776472204081,49,0.0756580730554828,0.31473676207772,0.354270929498081,0.350983481983268,0.358474665810763,-0.831534493393918,-0.751287903722858,-0.15844821393811,-0.245358477956686,-0.504819678574102,0.229157677658135,-0.383194357750351,-0.504819678574102,-0.504819678574102,0.209926231699455,2.78996617284676,2.68372013779815,-0.149719527494053,3.2523403282835,-0.963730569948188,1.15057915057915,3.24099722991689,-0.29467680608365,-0.0385776472204081,0.25,0.965129295384553,-0.37065810457486,-0.3663166023335,-0.683556057905679,-0.34529812003556,-0.0401912696585886,-0.509955757810774,-0.220692491158812,0.684680417395213,0.0577448044693727,0.0799701818409082,321.0000000001,0.118542508485134,1.70986703403434,269.0000000001,2.94151308916557,3.06005559755071,0.0767084755490367,-0.0455319735815239,0.014844053159708,-0.565175354958597,-0.426191538646794,0.134098336975749,-0.394547112277075,0.151156263381416,-0.51348888306632,0.173735078624477,0.0933163257826815,0.0326505963171053,95.0000000001,0.124072265725052,0.0326505963171053,95.0000000001,0.124072265725052,0.0514313149892202,0.603091860080938,1e-10,-2.52586962897183,-2.29384711113496,0.215087221403509,-0.854676676458855,0,0.0363195055765448,0.676414028971747,0.668054363157545,0.679057765258309,-2.67328564842715,-0.133977942312324,-0.178719535018712,-4.70940537485906,-12.5076272007858,1.05510237752526,1.46092244902946,0.994793100276987,0.988771312512557,-1.79468152834189,0.0297072710756055,10.9964825501645,321.0000000001,1.2031250001,0.00297158492862146,0.0737368905204152,0.00311020307916448,0.00311020307916448,0.378132864611745,0.208728557070836,3349.14458660229,0.0312500660060792,311,2,"SNETWORK (2 43 3349.14458660229 0.378132864611745 57000225 311)",57
43,57000226,-0.477498941868646,14,0.0756580730554828,0.31473676207772,0.118081199488201,0.12698938418892,0.129762766215853,-1.10997965047854,-0.963895750363216,-0.244432646482882,0.462645058441061,-0.354279394022621,-0.0603110827116023,-0.516702730027393,-0.354279394022621,-0.354279394022621,0.362917420786932,3.01195014994152,2.91875811423925,0.25399332763927,3.40493472753228,0,0.0216216216216217,1.64542936288088,0.287072243346007,-0.477498941868646,0.25,0.410730097677788,0.0647695258521467,0.0644371218848631,-0.382826760748072,0.0626816925325795,-0.468752953288831,1.14938075297211,0.440822436055597,-0.0795075884295146,0.4129017243644,0.0799701818409082,1554.0000000001,4.10349470113874,0.0982574416540668,884.0000000001,0.555486978439804,4.65898167947855,0.107983120742901,0.152700965478069,-0.299607157456872,-0.825895762196727,0.295775202973782,1.29239017209996,0.846759418023033,1.35820543754161,1.22171594358331,1.30833672389226,1.76647131469148,0.00249958048330078,256.0000000001,0.0255957032250108,0.00249958048330078,256.0000000001,0.0255957032250108,0.0979830948423536,0.672448730128181,1e-10,0.63193349257105,0.719735450500656,-0.769498039600454,1.29288313446729,0,0.0363195055765448,-1.4637901463605e-15,0,0,0.318783280900758,0.743741894158681,-0.364872943842186,-0.296405582361381,0.156063440195899,-0.855290807720298,-0.736640573225575,-0.613005054846805,-0.802715720952701,1.55321191352004,0.391249157418923,0.0446637411336091,1554.0000000001,0.783854166766667,0.0951083721408573,0.0128747485020436,0.000593242062041461,0.000593242062041461,0.101063989242071,1.0025638337972,2944.99284603688,0.0312500660060792,285,2,"SNETWORK (2 43 2944.99284603688 0.101063989242071 57000226 285)",57
41,57000227,-0.912285815994461,14,-0.407894617963011,-0.251052105764176,-0.192309249631537,-0.194095720002018,-0.196546296696359,0.479567318632491,0.802258134178313,0.512953364806211,0.277864795438882,0.27274932742319,-0.235411808557898,0.0130911543627441,0.27274932742319,0.27274932742319,0.537231921782054,0.710474707145533,0.578064554369877,0.292185444460487,0.643562433519951,-0.606217616580312,0,0,-0.712927756653993,-0.912285815994461,0,0.298673746939142,2.60707278796641,2.68282208495811,0.000451595235604537,3.18255756997389,-0.908577241841273,-0.645572806065468,0.260376675713463,0.104687957745362,0.0851529313604074,0.0799701241440398,1410.0000000001,0.767846226870644,0.126474049353533,4468.0000000001,3.61385003993419,4.38169626670484,0.0644130158765061,-0.606672972611111,-0.378949449822259,0.0232944349573584,-0.813289923740089,-1.02157889477832,-1.15710647237218,-0.677483283893095,-0.935516764160835,-0.554343554606599,-0.766842410673454,0.0249123979849597,1117.0000000001,1.1130859376,0.0249123979849597,1117.0000000001,1.1130859376,0.416094617839087,0.237903442230943,1e-10,-0.89564545287933,-0.842326515043027,-1.25171055391887,-0.517214908304017,-0.305084586862669,-0.363341583505644,-0.487990783359436,-0.50366462910767,-0.505590738712639,0.0329314914005458,0.953092737292562,-0.065756464206999,0.961654092137523,0.156063440195899,0.559874186136039,0.224861904008926,-1.19188508894311,0.998353508552521,0.37937130450434,0.0504880728489356,-0.187943216701152,4468.0000000001,1.45833333343333,0.0112877041468764,0.0531253116296297,0.0163628918323792,0.0163628918323792,0.0463219341722384,0.125865254551172,1838.85628907176,0.0625,193,2,"SNETWORK (2 41 1838.85628907176 0.0463219341722384 57000227 193)",57
41,57000228,0.216761361247446,106,-0.184210513107001,-0.196491445985551,0,0,0,0.581797814150647,0.548369263785045,-0.100443898544477,-0.629360454997946,0.614490563289691,0.316304725954689,-0.0487138842012706,0.614490563289691,0.614490563289691,0.398435892467334,-0.359107118232594,-0.494765873773671,-0.401518069249834,-0.441106654890093,-0.606217616580312,0,0,-0.712927756653993,0.216761361247446,0,-0.61806493584324,-0.294354970523319,-0.291251329735872,0.705518147924343,-0.27604304610093,0.215614692909392,0.893965239550014,-0.597183978945637,-0.171547894800376,0.140317932186719,0.0799701241440398,1987.0000000001,1.78306256500042,0.0625616915766778,551.0000000001,0.220452800687354,2.00351536558777,0.0495376557517636,-0.902154948177591,0.222676711463974,1.00557594551316,1.0521607060422,0.0810102883390104,0.794064614857748,0.0897030065269349,0.0393211959784417,0.19513426979766,0.0723775942460804,0.00260695922479575,612.0000000001,0.063818359475,0.00260695922479575,612.0000000001,0.063818359475,0.140250855288125,0.645314800413445,1e-10,0.507724393727568,0.57505501178297,0.0778170691568137,0.983395592306483,0.473709235135794,0.00287008170532477,0,0,0,0.708775633064404,0.870954653371941,-1.65433336376008,-0.368937099004502,0.140909757493239,-1.11337919591714,-0.98459550672892,-1.38296849169001,-0.896709677224133,1.11944282617745,0.380861458023738,-0.151106068403428,1987.0000000001,0.143229166766667,0.0440868789264728,0.00545077672529079,0.00157793245084975,0.00157793245084975,0.65592002549614,2.03792597242864,2875.10825903555,0.0625,258,2,"SNETWORK (2 41 2875.10825903555 0.65592002549614 57000228 258)",57
28,57000229,0.891274550749662,127,-0.111841926944517,-0.494736954820113,-0.562675121066356,-0.564925299345405,-0.567713055283144,0.163835352399801,0.361789862804914,1.15054093075568,-1.02536042715229,-1.85302726059697,-1.40881202742446,0.253825723103983,-1.85302726059697,-1.85302726059697,-0.664798015437436,-1.51403587978306,-1.3625799000934,0.372145609556974,-2.03748924849445,0.393782383419688,-1.16859716859717,-1.44967682363804,0.0792141951837772,0.891274550749662,-0.5,-0.781880889912514,-0.761377185906499,-0.747820222723838,0.917989609464661,-0.685726667004088,0.88848033474065,1.49845128400832,-0.971461468870795,-0.30948683409518,0.0717114519959529,0.0399850261056294,11499.0000000001,1.31838834513468,0.0548004429601365,4278.0000000001,0.374817288134092,1.69320563316877,0.0455441263559842,-0.327272726065157,-0.640966500693956,2.16720942854927,2.06326412035623,-0.0586184356169638,1.29092270318072,-0.073701869962835,-0.445502378189901,-0.938220184714285,-0.30198931125446,0.0235753899694391,517.0000000001,0.48753906260012,0.0235753899694391,517.0000000001,0.48753906260012,0.120386485126821,0.327431822410272,1e-10,-0.239197329502852,-0.391104666002629,-0.158985085394362,0.0646103071845646,0.474576257488161,-0.569126424378404,-0.32358597102825,-0.331945636842457,-0.320942234741688,0.717345660123066,0.0420954814936554,0.837127974967979,1.94932177632077,0.156063440195899,-0.655689209599243,-0.74941707094257,-0.32817717071285,-0.646828561305471,0.176033670823144,0.408538996308214,-0.187943216701152,11499.0000000001,0.104166666766667,0.0354622286082595,0.0100818976477247,0.0131139066534914,0.0131139066534914,0.62692107870613,0.156098400338998,2113.85711549234,0.125,35,2,"SNETWORK (2 28 2113.85711549234 0.62692107870613 57000229 35)",57
41,57000230,0.537656862717618,124,0.342105382036989,0,0,0,0,0.658426085141638,0.636636758175026,-0.222590357121178,-0.93279103926933,0.787133090635956,0.734330902835765,0.394903749935336,0.787133090635956,0.787133090635956,0.390753130065201,-0.290772450325183,-0.396434484675109,-0.169560713733778,-0.424200188715921,-0.606217616580312,0,0,-0.712927756653993,0.537656862717618,0,-0.219802401432777,0.222576419723612,0.221952971385305,0.213197321498418,0.218423456168325,0.538129605147429,0.898388227433166,-0.882167941442553,-0.62128846786161,0.111362471239358,0.0799701241440398,2727.0000000001,1.94213554451951,0.0521349543612588,409.0000000001,0.136366547267035,2.07850209168655,0.0468263669842326,0.757492439154023,2.46103260982847,-0.133897848032495,0.913921837057151,1.14394140542218,0.648531999110081,1.1688138308662,-0.69848030830334,0.638153362619069,0.426728381334294,0.0654499177082862,531.0000000001,1.3901562501,0.0654499177082862,531.0000000001,1.3901562501,0.767236484434333,0.17421556722328,1e-10,0.947688674422106,1.14984272590164,-0.124502956667698,2.43648375826594,0.915254083867404,-0.0283081595192628,-0.0156825286183622,-0.0218799837009559,-0.0254430054864909,0.33579588095123,0.910971778569855,0.231618496282809,-0.257813802993202,0.130578389872657,-0.930941558335665,-0.793858640429018,-0.500324401063191,-0.920885142715515,0.916800618177713,-0.266285478529893,2.98619168326832,2727.0000000001,0.0677083334333333,0.0437541785067336,0.00307218837749901,0.0313186918850875,0.0313186918850875,0.773029356831118,0.413739416699111,3074.18167646285,0.0625,269,2,"SNETWORK (2 41 3074.18167646285 0.773029356831118 57000230 269)",57
41,57000231,-0.907694506966849,15,-0.407894617963011,-0.251052105764176,-0.192309249631537,-0.194095720002018,-0.196546296696359,0.48391629050186,0.805947605307502,0.512578379194908,0.27693892752473,0.272830948011412,-0.235947668598878,0.0131809468327103,0.272830948011412,0.272830948011412,0.537036645369186,0.707144862655903,0.575392681366319,0.296227202685585,0.638448717362953,-0.606217616580312,0,0,-0.712927756653993,-0.907694506966849,0,0.276640767277971,2.57582256785918,2.64968964334746,0.0177862205081483,3.13513103359899,-0.902076189551499,0.0438531807665135,0.25864955999671,0.165291841751584,0.0550121053175794,0.0799701241440398,1754.0000000001,0.617082731705623,0.213729041169812,5629.0000000001,7.69396710579513,8.31104983740075,0.122859451356839,-0.263926698046797,-0.571536652142928,-0.129160126928478,-0.606618555123474,-0.591189151282882,-0.546173389024999,-0.392761304662966,-0.206226290727938,-0.437758848099228,-0.622215629807028,0.0889954733051935,1473.0000000001,5.24361328135,0.0889954733051935,1473.0000000001,5.24361328135,2.3686749547443,1.44717985214613,1e-10,0.0264689357164107,-0.118669976957996,-1.05552068555671,-0.258731367642259,-0.305084586862669,-0.363341583505644,-0.487990783359437,-0.50366462910767,-0.505590738712639,-0.519353670844055,0.361457152318072,0.0216888703414413,1.14414656213171,0.0299406298581724,0.330030634194093,-0.0935911710437684,-0.982231859814899,0.674866093507695,0.163931586525771,0,-0.187943216701152,5629.0000000001,2.38541666676667,0.00912212623787619,0.113737325018963,0.0775145695127582,0.0775145695127582,0.0523750291261552,1.33690207544714,1849.14590719828,0.0625,194,2,"SNETWORK (2 41 1849.14590719828 0.0523750291261552 57000231 194)",57
43,57000232,-0.335131923052127,25,0.0756580730554828,0.31473676207772,0.118081199488201,0.12698938418892,0.129762766215853,-1.17519030886073,-1.08650835399021,-0.302228741990423,0.252932495179222,-0.482659155492495,-0.0551375848911426,-0.492641684915423,-0.482659155492495,-0.482659155492495,0.375170288063019,3.20409218780577,3.0925291104774,0.345394974926975,3.60905681248667,0,0.0216216216216217,1.64542936288088,0.287072243346007,-0.335131923052127,0.25,1.19565679401496,-0.117498050335251,-0.116574501198722,-0.743830797317544,-0.111904463672801,-0.331334752597281,0.348829794436933,0.235338432436878,0.493125367596551,0.0567493161519113,0.0799701818409082,1013.0000000001,0.367642950806762,0.109706246447734,1163.0000000001,0.815956932292345,1.18359988299911,0.0283475118914585,0.654237624517439,1.83400178222426,-0.158181745046934,0.467291579264657,0.686893081107102,0.35935994809148,0.745391356507749,0.64580132641869,1.06488594513979,1.21472755401093,0.0470292501680828,459.0000000001,0.863457031350365,0.0470292501680828,459.0000000001,0.863457031350365,0.518255554783787,0.11894178252581,1e-10,0.028918427867409,0.0468689715101653,-1.04134663805408,0.0443126730255443,0,0.0363195055765458,0.166807205765744,0.173955828124107,0.172207282955285,-0.0275447718583245,-1.86916724084361,-0.193350710129105,-0.401445705192178,0.156063440195899,-0.660721779697827,-0.600398976588425,-0.0645466262627066,-0.723284051454175,-1.51664510202128,-0.578561109287815,-0.187943216701152,1163.0000000001,0.255208333433333,0.00880514017514052,0.019542371616318,0.0206800108114525,0.0206800108114525,0.192289534578544,1.59600553232152,3078.06070825191,0.0312500660060792,294,2,"SNETWORK (2 43 3078.06070825191 0.192289534578544 57000232 294)",57
29,57000233,-0.605511813230706,71,-0.361841926944517,-0.698245294676348,-0.562675121066356,-0.564925299345405,-0.567713055283144,0.0594119193992521,0.0958417555556422,0.929224643325795,-0.0202925185695689,1.13877625068556,-1.42542381883312,1.10220290912993,1.13877625068556,1.13877625068556,0.0948290685273537,-0.466477875841451,-0.521447400783641,1.27176109702276,-1.03664080078514,0.286010362694301,-0.898841698841699,-0.947368421052628,-0.0475285171102662,-0.605511813230706,-0.5,0.213865548287337,-0.150622681670686,-0.149363472831961,-0.264370510842249,-0.143036692384077,-0.603437917314133,-0.393984047096833,-0.0137873180360227,-0.449424405301259,0.105565595105894,0.0399850261056294,11135.0000000001,1.87934878232267,0.0585935150206167,2856.0000000001,0.267548499857631,2.1468972820803,0.0517262892752232,-0.322542057142785,-0.295849900278454,0.0143555357610218,-0.362763354984212,-0.462649525747616,-0.314289072438109,-0.506420706743174,-0.210622749713877,-0.413655615801754,-0.483755089843228,0.0918819305435484,930.0000000001,3.41800781260084,0.0918819305435484,930.0000000001,3.41800781260084,1.72584122363136,1.58047366288075,1e-10,1.50246378752555,1.01595869106857,0.0595603495364783,2.41394963672191,0.176453816734808,-0.746042684769694,-0.323585971028251,-0.331945636842457,-0.32094223474169,0.467799052472366,-0.903947711254818,1.04934390204919,-0.468225459065598,-0.124905302398635,-0.548360416437224,-0.60381603223299,-1.28310765844783,-0.266253965399851,0.4497335404689,0.0027339799176751,0.952306211615999,11135.0000000001,0.971354166766667,0.0452801069647288,0.00644618221049448,0.0823518022946629,0.0823518022946629,0.861105240624835,0.77220175601542,1487.30082186769,0.25,85,2,"SNETWORK (2 29 1487.30082186769 0.861105240624835 57000233 85)",57
41,57000234,-0.614467388531818,45,-0.407894617963011,-0.251052105764176,0,0,0,0.540601969789501,0.836633571200495,0.380265860170641,0.0310026522983105,0.520251441516528,-0.0646771285584605,-0.00072130368769312,0.520251441516528,0.520251441516528,0.515358248064688,0.089032501554329,-0.0318993483289701,0.242446010372019,-0.0852993575931542,-0.606217616580312,0,0,-0.712927756653993,-0.614467388531818,0,-0.555382636836485,1.19666455054137,1.20978379984242,0.900251348830186,1.2816054607867,-0.611478299925091,0.333865826277084,0.0259856896126326,-1.03160145153981,0.0589940357504586,0.0799701241440398,306.0000000001,0.115447643473526,0.108955516961433,1843.0000000001,1.2841924131192,1.39964005649272,0.0264753358763427,-0.0908936637354434,-0.258451785953068,0.708605011986543,0.289384179778466,-0.485503362116752,0.000686423816155805,-0.414896802997556,0.133452414930945,-0.252938498211527,-0.329621751470939,0.0341954725542026,232.0000000001,0.317333984475,0.0341954725542026,232.0000000001,0.317333984475,0.260092605088486,0.523388680124154,1e-10,0.523675539688929,0.663995206354538,0.060020425939758,0.568944257063069,-0.305084586862669,-0.363341583505644,0,0,0,-0.901947984330013,0.249739167237038,0.0369986149083311,-0.00738510215032582,-1.14459734719938,0.402050094250273,0.304372824523575,-0.00280217158754804,0.496338650996074,1.66549899382721,1.27259598131594,1.45058936975418,1843.0000000001,0.846354166766667,0.00218378654493435,0.0242915492314084,0.00600263171320345,0.00600263171320345,0.250659511148199,0.616667893715203,2186.20845387121,0.0625,215,2,"SNETWORK (2 41 2186.20845387121 0.250659511148199 57000234 215)",57
29,57000235,-1.09954283119511,28,-0.361841926944517,-0.698245294676348,-0.695629464068801,-0.700108350003007,-0.706051805186474,-0.136799841346988,-0.155551488239431,0.854236065133745,0.71161999039325,0.809398499559131,-1.31731262863357,0.876159464461451,0.809398499559131,0.809398499559131,-0.140229881815355,0.488024267892776,0.481326134402748,0.953654138165885,0.192995953560872,0.326424870466322,-1,-1.13573407202215,0,-1.09954283119511,-0.5,1.3785842267402,0.109198604213898,0.108710166685432,-0.782507888084825,0.106093218301572,-1.09006228824291,-0.130732830932464,0.676331935192039,0.304885553633675,0.0797052378436195,0.0399850261056294,6372.0000000001,0.812002552314193,0.0494169416861225,1246.0000000001,0.0984438685417064,0.910446420755899,0.0209338216439336,-0.252800521912403,-0.416604056138799,-0.111667236950361,0.768957656261955,1.04282083397444,-0.110225167166146,1.08721127439972,0.539594714520052,1.12970507880365,1.65030824060703,0.0264245936388514,740.0000000001,0.782167968850192,0.0264245936388514,740.0000000001,0.782167968850192,0.259663279867875,0.193223546327348,1e-10,0.466297015123897,-0.146511939136087,-0.932828771900441,-0.267894921360268,-0.118644023962116,-0.921164041933264,-0.487990783359437,-0.503664629107672,-0.505590738712639,-0.842985171410191,-1.03171337515797,0.423977609587604,0.0261701610997014,-0.575513676465035,0.25645230647041,0,0.532259269475301,0.183694634221298,-0.00653726337078099,-0.18770322672746,0.401499897447149,6372.0000000001,0.4765625001,0.0186703095707979,0.00226351197313569,0.0179843253855638,0.0179843253855638,0.334947236524341,1.20237615515829,999.176221597772,0.25,52,2,"SNETWORK (2 29 999.176221597772 0.334947236524341 57000235 52)",57
43,57000236,0.541676360364502,91,0,0.230175963096256,0.354270929498081,0.350983481983268,0.358474665810763,-0.168323400168355,-0.205968373355658,0.0230850445021096,-0.960323427242793,0.110650123591382,1.01478288868672,-0.632857191587172,0.110650123591382,0.110650123591382,-0.299890619120207,3.18306001365413,3.33080141263899,-1.12164132516016,3.99353728213812,0.124352331606218,-0.494208494208494,-0.193905817174515,-0.237642585551331,0.541676360364502,0.25,-0.755519884895732,-1.55934230164509,-1.51130348542982,0.700884440092028,-1.31239005137321,0.537638505650239,1.31133739439562,-0.911045316226663,-2.35882155099106,0.0578700423020658,0.0799701818409082,1284.0000000001,0.475198421007626,0.0697774148881764,956.0000000001,0.42660793919887,0.901806360106496,0.0280238946504646,0.817201208106972,-0.0846563989869409,1.0970105490575,0.85535406093912,-0.253866383997163,1.43074350366365,-0.362003677241992,-0.146610208893567,-1.16294201964652,-0.443462915811398,0.0263527593826594,643.0000000001,0.677792968850286,0.0263527593826594,643.0000000001,0.677792968850286,0.430488553735813,0.108398863974311,1e-10,-0.925974201361932,-1.26838593497541,-0.0132872792489778,-0.588764370942589,0,0.0363195055765458,0.676414028971749,0.668054363157545,0.67905776525831,0.2459616268685,0.514574562640196,-0.717052446858332,6.51468158366754,-0.48791623719976,0.988663679974784,0.921817364618656,1.1958591863566,0.857646815050522,-0.460254868722537,-0.517042650542451,1.33102693218558,1284.0000000001,0.223958333433333,0.0147669289424469,0.0132569656080177,0.0210626133565609,0.0210626133565609,0.708946640214477,1.47961771615956,3831.69233951923,0.0312500660060792,344,2,"SNETWORK (2 43 3831.69233951923 0.708946640214477 57000236 344)",57
28,57000237,0.891274550749662,127,-0.111841926944517,-0.494736954820113,-0.562675121066356,-0.564925299345405,-0.567713055283144,0.163835352399801,0.361789862804914,1.15054093075568,-1.02536042715229,-1.85302726059697,-1.40881202742446,0.253825723103983,-1.85302726059697,-1.85302726059697,-0.664798015437436,-1.51403587978306,-1.3625799000934,0.372145609556974,-2.03748924849445,0.393782383419688,-1.16859716859717,-1.44967682363804,0.0792141951837772,0.891274550749662,-0.5,-0.781880889912514,-0.761377185906499,-0.747820222723838,0.917989609464661,-0.685726667004088,0.88848033474065,1.49845128400832,-0.971461468870795,-0.30948683409518,0.0717114519959529,0.0399850261056294,11499.0000000001,1.31838834513468,0.0548004429601365,4278.0000000001,0.374817288134092,1.69320563316877,0.0455441263559842,-0.327272726065157,-0.640966500693956,2.16720942854927,2.06326412035623,-0.0586184356169638,1.29092270318072,-0.073701869962835,-0.445502378189901,-0.938220184714285,-0.30198931125446,0.0235753899694391,517.0000000001,0.48753906260012,0.0235753899694391,517.0000000001,0.48753906260012,0.120386485126821,0.327431822410272,1e-10,-0.239197329502852,-0.391104666002629,-0.158985085394362,0.0646103071845646,0.474576257488161,-0.569126424378404,-0.32358597102825,-0.331945636842457,-0.320942234741688,0.717345660123066,0.0420954814936554,0.837127974967979,1.94932177632077,0.156063440195899,-0.655689209599243,-0.74941707094257,-0.32817717071285,-0.646828561305471,0.176033670823144,0.408538996308214,-0.187943216701152,11499.0000000001,0.104166666766667,0.0354622286082595,0.0100818976477247,0.0131139066534914,0.0131139066534914,0.62692107870613,0.156098400338998,2113.85711549234,0.125,35,2,"SNETWORK (2 28 2113.85711549234 0.62692107870613 57000237 35)",57
41,57000238,-0.782893870125939,28,-0.407894617963011,-0.251052105764176,-0.192309249631537,-0.194095720002018,-0.196546296696359,0.544213724928677,0.872303752874329,0.496999381622977,0.20495791825909,0.364055552716809,-0.149416539916219,0.0198007544789796,0.364055552716809,0.364055552716809,0.539001001427071,0.477600719383025,0.363950025842661,0.376436824907017,0.341706487977859,-0.606217616580312,0,0,-0.712927756653993,-0.782893870125939,0,0.156378317420968,0.554770425746638,0.555887198855062,-0.13462237648589,0.560738503161557,-0.776931403966559,-0.463313999175204,0.197016201990295,0.536022467985102,0.197035353669036,0.0799701241440398,905.0000000001,1.14037654462251,0.123290364680319,1076.0000000001,0.848392747997761,1.98876929252027,0.0422089581071022,1.02462007662062,1.043845223699,-0.75221014702734,-0.374161261649393,0.393189498050653,-0.553464460313954,0.37902652476299,-0.265617136740806,0.299812481675469,0.272732811228327,0.074481201271875,280.0000000001,0.834189453225,0.074481201271875,280.0000000001,0.834189453225,0.504420203313981,0.20093294964275,1e-10,-0.0351883272224557,0.0934038371370422,0.0793258328819241,-0.317659787956818,-0.305084586862669,-0.363341583505644,-0.242475441883946,-0.250263948301371,-0.251221420457761,-1.08182097804555,0.316274732032498,-0.259014865820745,0.538561874492841,-0.109629257722519,0.701369873905347,0.588968171332329,-0.0123006404059034,0.847034007033372,0.799813296656432,0.645697651468744,-0.187943216701152,1076.0000000001,0.721354166766667,0.0242029610289573,0.0180059969781448,0.0177045511166712,0.0177045511166712,0.138067174063985,0.571393495535705,1994.81344662478,0.0625,203,2,"SNETWORK (2 41 1994.81344662478 0.138067174063985 57000238 203)",57
37,57000239,0.260160163246543,30,0.638158073055483,0.521052073640444,0.623124281295046,0.615977027310147,0.618989232093641,-0.585658999210992,-0.610563670576002,-0.16854106108826,1.9938078232358,-0.356021546413073,0.078192834973132,-0.469024870855222,-0.356021546413073,-0.356021546413073,-0.627152993504007,0.0186196559374143,0.132349265783729,-0.546737489030322,0.0508965764159849,0.143005181347151,-0.438610038610039,0.349030470914128,0.119771863117871,0.260160163246543,0.5,-0.295882329594663,-0.409326642175409,-0.404288647211944,0.206816322056471,-0.380041746937788,0.258276730822178,-0.148129333002321,1.88337527757217,0.304167499728685,0.137285910153727,0.0799702643258065,544.0000000001,0.477619366941884,0.722154620323124,1028.0000000001,4.74766831887312,5.225287685715,0.131901912706169,-0.249200782385714,-0.382562282548711,-0.445929828377687,0.582583922617577,1.20745711342886,0.00464667705987258,1.3810532495624,1.26815769335836,1.41996253777701,3.33779741818861,0.0101018538554825,114.0000000001,0.0460644532249836,0.0101018538554825,114.0000000001,0.0460644532249836,0.0883071199740477,0.656753974912971,1e-10,-0.449086095200584,0.0886102067743824,0.327836625052971,0.466694471644967,0.881355976037885,0.430873575621596,0.676414028971749,0.668054363157542,0.67905776525831,0.970272836962658,0.146817784157689,-0.931415991324883,-0.591168726205407,-2.5716113329487,-0.356663487671959,-0.119938272044695,-0.806899038338186,-0.170814072714778,-0.34193871188724,-1.09726868282986,-0.0151570386004372,1028.0000000001,1.15364583343333,0.0120565434430769,0.119845369163092,0.00116280477476284,0.00116280477476284,0.347543399480396,1.71630342768831,4584.5073427025,0.0312499339939208,146,2,"SNETWORK (2 37 4584.5073427025 0.347543399480396 57000239 146)",57
29,57000240,-1.23295427471052,14,-0.361841926944517,-0.698245294676348,-0.88766904750336,-0.89062955707874,-0.905942372439505,-0.154202069709367,-0.135640159348326,0.83973833368909,1.03882031897194,0.5201293868895,-1.21555202417441,0.586152489460961,0.5201293868895,0.5201293868895,-0.322777023274054,0.550203594405779,0.438172313017964,0.327868640847987,0.442036301666737,0.234887737478411,-0.657228657228657,-0.00923361034164302,0.265103506548374,-1.23295427471052,-0.5,0.981029705722504,5.62098232079516,5.96460114873086,-0.211652005469266,9.23074859582162,-1.22735100518993,-1.10227851719933,0.977998190640678,0.695265383313529,1.44129345835725,0.0399850261056294,13143.0000000001,30.2859840283892,0.0629007693714623,11593.0000000001,1.16586041940655,31.4518444476958,0.270538354588799,0.301954869638196,0.573288447961339,-0.775903185146902,-1.09940631677107,-0.412594732829332,-1.99217239110664,-0.154383521367538,-2.02697565787354,-0.216254376225974,-0.487126902893313,0.379796285680698,2356.0000000001,35.7920019532338,0.379796285680698,2356.0000000001,35.7920019532338,16.8094903956863,7.79483387625888,1e-10,1.37759252746649,0.792350796816314,0.148854149508041,0.793016114798293,-0.118644023962116,-0.921164041933264,-0.609234332532863,-0.623358896259277,-0.635154890254672,-0.30002005750291,0.0627935575587649,-0.756496429173259,0.286760043855489,-0.547024827720566,-0.630497774718614,-0.735704441781515,-0.553910488860053,-0.557074963284811,0.241744944475993,0.352046212622119,0.625619197977122,13143.0000000001,4.68489583343333,0.260510009094673,0.0100283453941261,0.307870952636639,0.307870952636639,0.170333143363942,2.11777558677574,846.461280845168,0.25,43,2,"SNETWORK (2 29 846.461280845168 0.170333143363942 57000240 43)",57
29,57000241,-0.919060659657306,45,-0.361841926944517,-0.698245294676348,-0.562675121066356,-0.564925299345405,-0.567713055283144,-0.0273468304355504,0.00207454654990481,0.924122897863954,0.405829487152712,0.875023113488195,-1.24433004762786,0.832511019660789,0.875023113488195,0.875023113488195,-0.0386918088615674,-0.0221592053654833,-0.0630762585326182,0.497553923767826,-0.289420622731438,0.888230940044412,-1.64368450082736,-1.9192718638702,0.441336230309614,-0.919060659657306,-0.5,-0.362831708501998,1.15944074525572,1.17156463644757,0.572466353183262,1.23754308042929,-0.914437088673792,-0.193081968760323,0.383903281519862,-0.30746077947003,1.22250675920419,0.0399850261056294,1754.0000000001,3.42827477847582,2.66487274747163,269.0000000001,1.14610266175097,4.57437744012679,0.0871070526842594,0.760275083240994,1.42532979117486,-0.0868257586162457,0.0834914058042979,0.17984527883596,-0.421539645587378,0.156909583068131,0.0238890825807412,0.519755918949954,0.60058158890302,1.8427734376,100.0000000001,7.37109375010181,1.8427734376,100.0000000001,7.37109375010181,3.37437620902126,3.17902400780623,1e-10,0.499041343250517,0.222519849021955,0.0994703870668753,0.217870138662218,-0.118644023962116,-0.921164041933263,-0.323585971028251,-0.331945636842457,-0.32094223474169,-0.084732379605036,-0.242330852084727,0.834776107953122,0.337147856319504,-3.28690191960656,0.409424683305134,0.546695317414471,0.0742680073381438,0.484276100925583,-0.398716873082285,-0.33898472917095,0.460397703691177,1754.0000000001,1.19010416676667,0.0652825253946521,0.0218245271896074,0.140363198993294,0.140363198993294,0.546231703495464,0.796357464921087,1195.18796175905,0.25,64,2,"SNETWORK (2 29 1195.18796175905 0.546231703495464 57000241 64)",57
41,57000242,-0.505512093530403,56,-0.407894617963011,-0.251052105764176,0,0,0,0.479905081460919,0.616156948810425,0.211599592688671,-0.144108208201937,0.590511452387601,-0.171888526649005,0.045238588971728,0.590511452387601,0.590511452387601,0.494119147046927,-0.256738977158324,-0.382246845508002,0.0169803197902461,-0.435610107857824,-0.606217616580312,0,0,-0.712927756653993,-0.505512093530403,0,-0.466644613004579,-0.344581924423989,-0.340683784106437,0.451071086055586,-0.321735002506549,-0.502432412401651,0.000772408850079231,-0.138659429229377,-0.361797184296679,0.0660361033161223,0.0799701241440398,1255.0000000001,0.530005898448474,0.0744106566696999,962.0000000001,0.457789416425777,0.987795314774252,0.024645641520626,0.671499371122524,-0.261029866234658,-0.0445559607083797,-0.190436675414998,-0.183185111840266,0.128209470254504,-0.208553503946989,0.0837442725826161,-0.161214004403289,-0.216766472374584,0.00828688225501238,808.0000000001,0.26783203135,0.00828688225501238,808.0000000001,0.26783203135,0.236692072355896,0.50465576121654,1e-10,-0.0486710920216989,-0.170926515120392,0.158669543939465,-0.393168437722893,-0.305084586862668,-0.363341583505644,0,0,0,-1.79986721534851,-0.361368671648797,-0.0123727151091185,0.73670895649774,0.156063440195899,0.609366729766976,0.460759443536406,0.270949396363563,0.664165468530021,1.21854554135369,1.14185574765699,0.270589510039785,1255.0000000001,0.653645833433333,0.013223726745273,0.011421914675353,0.00668244939521929,0.00668244939521929,0.323234455211832,2.85324049927294,2309.57814584747,0.0625,222,2,"SNETWORK (2 41 2309.57814584747 0.323234455211832 57000242 222)",57
43,57000243,-0.614927080033972,3,0.0756580730554828,0.31473676207772,0.118081199488201,0.12698938418892,0.129762766215853,-1.13438516565131,-1.01097789975312,-0.239824417963042,0.54651616092002,-0.242977316894822,-0.163101889618784,-0.513378537068701,-0.242977316894822,-0.242977316894822,0.381682313886944,2.88391613126002,2.82801769882498,0.252625496068187,3.25228366960324,0,0.0216216216216217,1.64542936288088,0.287072243346007,-0.614927080033972,0.25,0.405935434240041,-0.747919196345525,-0.734761048214375,-0.452668095071269,-0.67438561998224,-0.610566508967992,-0.221279200426213,0.512792170408751,0.498520719339009,0.239018587274749,0.0799701818409082,329.0000000001,0.502902435673709,0.0663292840253036,274.0000000001,0.116228340756406,0.619130776330114,0.0166130686059727,0.191850910228745,-1.5403184867378,-0.503455972114054,-0.635224494574614,-0.190412142564905,0.0183176189925822,-0.233894703199494,0.549909872983925,0.285229082574971,0.307234254674499,0.0951291349071808,94.0000000001,0.357685546975151,0.0951291349071808,94.0000000001,0.357685546975151,0.279167570811789,0.424322678066111,1e-10,-0.483756465079208,-0.680677730156416,-1.23689681948955,-0.150781561672651,0,0.0363195055765467,-1.4637901463605e-15,1.49871635330658e-15,0,0.820024265366583,1.26512446425027,0.0734681005297559,-3.68898047181655,0.156063440195899,0.710150081189517,1.33548780017663,1.99660561546172,0.319250166459705,-2.15460578412441,-0.596571523394219,-0.187943216701152,329.0000000001,1.20572916676667,0.0134943261339367,0.00311874237203601,0.00959773721800032,0.00959773721800032,0.0148935465550297,0.0636109872139059,2819.29870464047,0.0312500660060792,277,2,"SNETWORK (2 43 2819.29870464047 0.0148935465550297 57000243 277)",57
37,57000244,0.55028762628202,56,0.638158073055483,0.521052073640444,0.623124281295046,0.615977027310147,0.618989232093641,-0.506542393997322,-0.536278126844738,-0.159782112741674,1.76630188863132,-0.461873390599197,0.129748275842735,-0.43511804082876,-0.461873390599197,-0.461873390599197,-0.674953378760812,-0.153805573676313,-0.0652333881771037,-0.61306415352073,-0.136668918266142,1.08031088082902,-1.42471042471043,-0.650969529085872,0.922053231939164,0.55028762628202,0.5,0.234816911181127,0.742024306070773,0.745490741032712,-0.17987510929154,0.762693417598311,0.539065389711993,-0.835387117445949,1.67001891602928,0.153716678378077,0.0669741299912502,0.0799702643258065,41.0000000001,0.0175609497903909,0.150426579271164,1683.0000000001,1.61907049040666,1.63663144009705,0.0335872713958572,0.0435629730555889,0.931084052321157,-0.6473560139525,-0.512733328061398,0.123487679492757,-1.04262937198865,0.115812906027618,0.0485835018158277,-0.164605816645136,-0.506339595606259,0.131926780623256,215.0000000001,1.1345703125996,0.131926780623256,215.0000000001,1.1345703125996,0.426250698330452,0.0471902427145596,1e-10,-0.511906866601245,-0.0634557970655212,-1.20459015812284,-0.0901243970550901,0.881355976037885,0.430873575621596,0.676414028971749,0.668054363157543,0.67905776525831,-0.705039167885739,-1.02528429139716,0.448372972601708,-0.0118713365238786,-0.105897762840546,0.416386518158006,0.513543333349319,0.923719981911484,0.264885728707434,-1.55260005056057,-1.22359835771544,-0.187943216701152,1683.0000000001,0.8906250001,0.000360389252613357,0.0332268820432439,0.023283874401324,0.023283874401324,0.656318197056755,0.139446721002103,4897.94985259867,0.0312499339939208,167,2,"SNETWORK (2 37 4897.94985259867 0.656318197056755 57000244 167)",57
43,57000245,0.360849420200078,79,0.0756580730554828,0.31473676207772,0.354270929498081,0.350983481983268,0.358474665810763,-0.55614467675589,-0.561635995337519,-0.150829509333484,-0.722361450479989,-0.138206348115155,0.430193022082475,-0.196528530996278,-0.138206348115155,-0.138206348115155,0.00557760595170272,2.99229383071214,3.03602944805497,-0.466516350661407,3.58261335612697,0.124352331606218,-0.494208494208494,-0.193905817174515,-0.237642585551331,0.360849420200078,0.25,-0.24974692755645,-0.0349205404173522,-0.034689386342437,0.209098797566176,-0.0334998849053646,0.355984659704261,0.651632392477255,-0.685559667735834,-0.588502641855862,0.0369633947057888,0.0799701818409082,895.0000000001,0.211568521056457,0.0568362689288105,1224.0000000001,0.444900755929689,0.656469276886145,0.0154906358254694,0.817141770550893,-0.115151528531433,0.487022274937077,-0.320612307880328,-0.935563740725507,0.55828611393927,-1.00190450983367,-0.321852988848379,-1.04130451988565,-0.586467573727092,0.0359070864746959,822.0000000001,1.1806250001005,0.0359070864746959,822.0000000001,1.1806250001005,0.448021641784596,0.0788832715380768,1e-10,-0.436996374705818,-0.379949056665268,0.126618402237074,-0.409011230793409,0,0.0363195055765458,0.676414028971749,0.668054363157542,0.67905776525831,-0.889000370628669,-0.392768340031057,0.0125769824124366,0.417798487920934,0.156063440195899,0.609520984395574,0.517471012821371,0.32515160797227,0.649828796200069,-0.0237239387247323,0.0939621726685595,-0.187943216701152,1224.0000000001,0.690104166766667,0.00499235989406472,0.0104982758314047,0.027859082595495,0.027859082595495,0.612431011454731,2.23190004378557,3690.90799734809,0.0312500660060792,334,2,"SNETWORK (2 43 3690.90799734809 0.612431011454731 57000245 334)",57
37,57000246,0.75499564133972,76,0.638158073055483,0.521052073640444,0.623124281295046,0.615977027310147,0.618989232093641,-0.404573738656525,-0.427859589712641,-0.13543181292383,1.55228369149803,-0.515974092944041,0.222087183928987,-0.437137982084562,-0.515974092944041,-0.515974092944041,-0.693182633960178,-0.430721080745529,-0.399604693276075,-0.89804187882891,-0.388065093322867,1.08031088082902,-1.42471042471043,-0.650969529085872,0.922053231939164,0.75499564133972,0.5,1.1476777480836,0.88418964150926,0.890081612012657,-0.681287237352082,0.9205219773817,0.741909774167809,-0.62131278044617,1.4693609671848,0.235027489478326,0.0881676146696214,0.0799702643258065,490.0000000001,0.276288133779763,0.189028873784075,1582.0000000001,1.91245703754973,2.18874517122949,0.0437868682432548,-1.69787330981766,-0.564374783321703,-0.52447099240742,-0.969984470470916,-0.58482010788561,-0.802329926557032,-0.529531037551563,0.251025944101054,-0.372191896609898,-0.918090252984855,0.063457345806619,559.0000000001,1.4189062500995,0.063457345806619,559.0000000001,1.4189062500995,0.560661807235924,0.0933996335514725,1e-10,0.341848459849022,0.33430211784779,-0.906066290165195,0.377809209492378,0.881355976037885,0.430873575621596,0.912092986877557,0.894966857296134,0.902794475583813,0.0163613178741843,-0.0809370598984056,0.842550601615864,-0.410837721848426,-0.186232670235739,0.489517693341254,0.757017780240735,1.40960743064685,0.219824737014178,-0.7511619254516,0.146760408881813,0.165876160230528,1582.0000000001,0.00520833343333333,0.00552727299575889,0.0382595951474959,0.0283858814154717,0.0283858814154717,0.901090372279331,1.91423623310402,5146.42222002218,0.0312499339939208,181,2,"SNETWORK (2 37 5146.42222002218 0.901090372279331 57000246 181)",57
37,57000247,0.386796763099106,41,0.638158073055483,0.521052073640444,0.623124281295046,0.615977027310147,0.618989232093641,-0.572256944371621,-0.58799406922542,-0.171612919294252,1.92056679823737,-0.398066727792863,0.102818171997729,-0.470263047293483,-0.398066727792863,-0.398066727792863,-0.64759208766537,-0.0374718695941836,0.0652463697381192,-0.587473556958608,-0.00477034752845489,0.55958549222798,-0.876876876876878,-0.0954139735303178,0.476341360371778,0.386796763099106,0.5,-0.489186309259025,0.0576679072930415,0.0573658613343694,0.559858495135065,0.0557741006657466,0.382396904274341,0.400100808450949,1.81314910765688,-1.23842409728862,0.126565696478605,0.0799702643258065,178.0000000001,0.144076476029731,0.0901118060589394,2100.0000000001,1.21020251262307,1.3542789885528,0.0314288030499038,-0.0413311500891924,-0.328220574666878,-0.226706822048464,0.15693374153174,0.439033526745358,0.350833916138213,0.461700778058716,1.55329003697372,0.439285041570686,0.923379415649206,0.0431826637904762,420.0000000001,0.725468750099742,0.0431826637904762,420.0000000001,0.725468750099742,0.453025819626363,0.224867111450149,1e-10,0.539745601735232,0.223427508520429,0.324097919134942,0.662538231845163,0.881355976037885,0.430873575621597,0.676414028971749,0.668054363157543,0.67905776525831,0.108256768253291,-0.547369782364243,-1.38774860938957,0.411232998049853,-0.495309794285987,-0.49021318011051,-0.454639705860457,-0.909245725900832,-0.298742624077662,-0.362334098364839,-0.173310865906092,0.0321246793004101,2100.0000000001,0.356770833433333,0.0033435881456636,0.0280852148042402,0.0168359803145905,0.0168359803145905,0.472320412764598,2.13224704226013,4711.17059542952,0.0312499339939208,156,2,"SNETWORK (2 37 4711.17059542952 0.472320412764598 57000247 156)",57
28,57000248,0.514694711585627,117,-0.111841926944517,-0.494736954820113,-0.562675121066356,-0.564925299345405,-0.567713055283144,0.187293422901717,0.394697601579577,1.0411755286614,-0.934319069398325,-1.30557157310356,-1.75582488783516,0.49146979110697,-1.30557157310356,-1.30557157310356,-0.447075878703947,-1.29985101393882,-1.17571259520539,0.810617885884102,-1.90392472098648,0.393782383419688,-1.16859716859717,-1.44967682363804,0.0792141951837772,0.514694711585627,-0.5,-0.857167653021264,1.61457993114753,1.64129426198918,1.64249925453402,1.79660731129617,0.518749105880511,1.41502401552751,-0.88552677029361,0.172576425804129,0.0959225318558329,0.0399850261056294,22673.0000000001,3.47715769054202,0.0549828428957815,3715.0000000001,0.326573374919917,3.80373106536193,0.0667640907518622,0.677623973702232,0.129469254493541,2.02624403219946,1.11384440123055,-1.00167339618884,0.551157126513287,-0.795141121725192,-0.790577488232812,-0.196274102344167,-0.0958006334198013,0.0378377414828904,903.0000000001,1.36669921885034,0.0378377414828904,903.0000000001,1.36669921885034,0.53598253164184,0.0277691732709801,1e-10,-0.628684119626025,-0.524727476377271,-0.00526869246199066,0.0205515057000206,0.474576257488161,-0.569126424378404,-0.32358597102825,-0.331945636842455,-0.32094223474169,1.21415964476552,-0.545585812961092,1.5858449616252,-0.468649154130526,0.156063440195899,-0.330229022744547,-0.510644847670514,0.331806325538907,-0.445018765692281,0.468767596202672,0.210208552436718,0.928209614968669,22673.0000000001,0.901041666766667,0.0610319886638737,0.00573210198798849,0.0239886650683053,0.0239886650683053,0.484029766423547,1.06307251966791,2000.41822884136,0.125,28,2,"SNETWORK (2 28 2000.41822884136 0.484029766423547 57000248 28)",57
37,57000249,0.316991845184869,35,0.638158073055483,0.521052073640444,0.623124281295046,0.615977027310147,0.618989232093641,-0.575272353928701,-0.600749415853601,-0.167650408416966,1.95336201435443,-0.374543564443404,0.0950497938636906,-0.46578122801074,-0.374543564443404,-0.374543564443404,-0.637402517397404,0.00104520569911091,0.110795020318316,-0.560003085668195,0.0335948681532702,0.55958549222798,-0.876876876876878,-0.0954139735303178,0.476341360371778,0.316991845184869,0.5,-0.625479429652113,0.520924152480994,0.521720269262576,0.886463974501178,0.524939221833754,0.315773118086927,-0.107810466434,1.84464511884201,-0.129507619795364,0.0892078972071257,0.0799702643258065,529.0000000001,0.301797776632437,0.128899014267784,2793.0000000001,2.30238312477784,2.60418090131027,0.0556071661108753,1.44340913755601,-0.618512363051436,0.217676227585271,0.634462460312855,0.482835628139475,-0.191085736769322,0.468093216354479,1.06504359016062,0.648300487504192,1.43874094842491,0.092919418592268,388.0000000001,1.44210937509949,0.092919418592268,388.0000000001,1.44210937509949,0.571630374166801,0.159741060757262,1e-10,-0.0378002354662123,0.163534996913722,0.325777682785847,0.199301248806199,0.881355976037885,0.430873575621595,0.676414028971749,0.668054363157542,0.67905776525831,0.275407932368878,-0.0614692504814795,0.888124659465971,0.579080062316988,-0.247373776906682,-0.00156288692932696,0.0601926177913433,0.534504827921255,-0.117015863804876,0.248128086080031,-0.0831329249215674,-0.155726652481359,2793.0000000001,0.440104166766667,0.00644429849460647,0.0491628675162688,0.0307934120030478,0.0307934120030478,0.405825642939448,2.05699791245323,4643.67063198509,0.0312499339939208,150,2,"SNETWORK (2 37 4643.67063198509 0.405825642939448 57000249 150)",57
28,57000250,0.637889231165963,120,-0.111841926944517,-0.494736954820113,-0.562675121066356,-0.564925299345405,-0.567713055283144,0.181042444053783,0.389001948348127,1.03867214471086,-0.942091486888179,-1.34374896282486,-1.74065334530461,0.479141679997502,-1.34374896282486,-1.34374896282486,-0.453802709625798,-1.30956170013565,-1.17811771362192,0.807032072640674,-1.91452769706288,0.393782383419688,-1.16859716859717,-1.44967682363804,0.0792141951837772,0.637889231165963,-0.5,-0.549172861377738,0.560175104440148,0.561346052069937,0.757385224173545,0.566474794930116,0.649832127412099,2.89507235434239,-0.893912328316473,-0.0116958770845855,0.0818311069756391,0.0399850261056294,15157.0000000001,1.98301702077393,0.0592965841365387,7451.0000000001,0.706380991979835,2.68939801265377,0.0570235001470742,0.0596609822761394,-0.980803913414956,2.40510108840826,2.44502890749243,0.123873644370446,1.51913084042858,0.119671141165732,-0.0287575585697302,-0.0760361168282279,-0.0683298629730361,0.0983290295672819,745.0000000001,2.93020507822572,0.0983290295672819,745.0000000001,2.93020507822572,1.27508205661456,1.02322783662207,1e-10,-0.245278429502305,-0.200920755761843,-0.127322379696282,0.321353014422321,0.474576257488161,-0.569126424378405,-0.32358597102825,-0.331945636842455,-0.32094223474169,1.14231184719008,0,0.957834182663964,-0.274872975047593,0.156063440195899,-0.629632640088854,-0.7698786500703,-0.106006109558326,-0.676019786646998,0.27437103947292,0.0406938278917988,-0.187943216701152,15157.0000000001,0.489583333433333,0.0420460529248228,0.0149774471222514,0.0621293496278652,0.0621293496278652,0.526692714116061,0.717621645486945,2034.28758877779,0.125,30,2,"SNETWORK (2 28 2034.28758877779 0.526692714116061 57000250 30)",57
43,57000251,0.183812131931461,64,0.0756580730554828,0.31473676207772,0.354270929498081,0.350983481983268,0.358474665810763,-0.65981928925997,-0.610608725722063,-0.161222172037028,-0.400086321519816,-0.232136997623892,0.489166330756992,-0.430595390988522,-0.232136997623892,-0.232136997623892,0.221483445471182,2.59957462043439,2.50153184063752,-0.65690620834042,3.16639964824906,-0.963730569948188,1.15057915057915,3.24099722991689,-0.29467680608365,0.183812131931461,0.25,0.761542947707461,-0.199436237002978,-0.197621566161795,-0.593650627757333,-0.188584982406032,0.175009459347458,-0.974196592893209,-0.381748499054199,0.267190792994088,0.055069350970789,0.0799701818409082,1006.0000000001,0.354294250067154,0.0604105334630362,2138.0000000001,0.825993323711955,1.18028757367911,0.0286883324499422,-0.204235887773756,-0.325558302151101,0.313417994660239,-0.868063254492228,-1.41420164140835,-1.07316641011877,-1.56001165319407,-1.49324795198191,-1.40062931590556,-1.10571573420802,0.0973686607197034,1062.0000000001,4.13622070322675,0.0973686607197034,1062.0000000001,4.13622070322675,1.84518901860832,2.08155100818357,1e-10,-1.51537550505757,-1.71682958689415,-1.58044264828219,-0.723691050423724,3.01077401207183e-16,0.0363195055765458,0.676414028971749,0.668054363157542,0.67905776525831,-0.0198623264072473,0.827539651619485,-0.324194318213383,5.30403699141766,0.156063440195899,0.633137626666704,0.368529839921574,-0.269780000323483,0.836624976902433,-1.05175791364392,-0.77998590885629,-0.187943216701152,2138.0000000001,1.31510416676667,0.0086115548619304,0.0200767774880118,0.100535900623085,0.100535900623085,0.498653655451216,0.859410752542317,3524.94451117737,0.0312500660060792,321,2,"SNETWORK (2 43 3524.94451117737 0.498653655451216 57000251 321)",57
43,57000252,0.482549942398412,88,0,0.230175963096256,0.354270929498081,0.350983481983268,0.358474665810763,-0.189782348576964,-0.220019973734987,0.0298421516824795,-0.957591072684112,0.121460331953083,1.00656651651263,-0.632006981114925,0.121460331953083,0.121460331953083,-0.292847879057556,3.2199940168013,3.36638131385127,-1.09008732913062,4.02887023243494,0.124352331606218,-0.494208494208494,-0.193905817174515,-0.237642585551331,0.482549942398412,0.25,-0.395862661170476,0.0639924543438883,0.0636632993219348,0.420585543920717,0.0619254314634245,0.478909159042368,1.1936905125843,-0.892978040957316,-0.95323755158898,0.0886517498214944,0.0799701818409082,1784.0000000001,1.01143581458604,0.0535907125088236,1634.0000000001,0.560012535696963,1.571448350183,0.036427191886842,0.851640259757188,1.50122577610051,0.738729222686124,1.13537161237515,0.461639541014942,0.872852152392558,0.484955565616677,-0.541445524036703,0.470882445639254,0.159576991284459,0.00219965340837408,818.0000000001,0.0719726563500304,0.00219965340837408,818.0000000001,0.0719726563500304,0.144105549474708,0.642822643191116,1e-10,-0.617423712816283,-1.02244781297388,-0.012337391917282,-0.554848341977055,0,0.0363195055765467,0.676414028971749,0.668054363157543,0.679057765258309,0.20999220755632,0.353388585257638,-0.672147864176864,3.15468727363195,0.156063440195899,0.554087949777305,0.482030139968272,-0.244046048528296,0.737787078579239,-0.339278003160022,-0.204571079174936,2.39548968207056,1784.0000000001,0.6796875001,0.0234457380622263,0.0129814537246158,0.00166837284374624,0.00166837284374624,0.681895145574824,0.850244215351747,3792.23316667304,0.0312500660060792,342,2,"SNETWORK (2 43 3792.23316667304 0.681895145574824 57000252 342)",57
43,57000253,0.328015113759632,76,0.0756580730554828,0.31473676207772,0.354270929498081,0.350983481983268,0.358474665810763,-0.568213803620646,-0.565424207923051,-0.139371062427827,-0.718804168494037,-0.143216485830174,0.421413372265078,-0.196809978719232,-0.143216485830174,-0.143216485830174,0.00796725023547714,3.02550622262236,3.06942779193205,-0.441229368939465,3.61524856157272,0.124352331606218,-0.494208494208494,-0.193905817174515,-0.237642585551331,0.328015113759632,0.25,-0.764842736549231,0.0506217569501398,0.0503513109545984,1.06003644280472,0.0489289801584972,0.324050942010519,-0.0117859714850234,-0.667699646352496,0,0.117739167432464,0.0799701818409082,1369.0000000001,1.03081463132086,0.0572153642177075,973.0000000001,0.356025965214079,1.38684059643494,0.0322252842961561,-0.0144952265943314,-0.173349022613881,-0.678727703693824,0.308952387750145,1.13915308244052,0.0141005776900064,1.20014028549477,-0.772941348184071,1.3222399893882,0.657987284813537,0.0260195459619077,802.0000000001,0.834707031350353,0.0260195459619077,802.0000000001,0.834707031350353,0.284499513070029,0.154333439691655,1e-10,-0.994537673689379,-0.813260828627476,0.0571852029487156,-0.588020890001088,3.01077401207183e-16,0.0363195055765467,0.67641402897175,0.668054363157543,0.679057765258312,-0.362070435502233,0.232204311178208,-0.575553639489063,2.83339120510537,-0.658270158985731,0.904017534074979,0.835367307050881,0.475131017807381,0.952206594681175,-0.0404542977815942,0.348394345721655,-0.108378427755402,1369.0000000001,0.638020833433333,0.0239524964386213,0.00827278775753479,0.0193956474692611,0.0193956474692611,0.588868343530218,1.37188597762724,3656.53786738906,0.0312500660060792,331,2,"SNETWORK (2 43 3656.53786738906 0.588868343530218 57000253 331)",57
41,57000254,0.294833235695606,110,-0.184210513107001,-0.196491445985551,0,0,0,0.564809006160844,0.513430554030506,-0.132957298620817,-0.649997563505489,0.555044385777075,0.305362177693267,-0.00984811496287917,0.555044385777075,0.555044385777075,0.386837703796414,-0.361647719787835,-0.504009420032314,-0.325388336609501,-0.465399680075614,-0.606217616580312,0,0,-0.712927756653993,0.294833235695606,0,-0.407192126720244,-0.152405298575164,-0.151127081489803,0.39856757458507,-0.144706951598636,0.294126211875126,0.410867889635947,-0.617073772514187,0.377626901072918,0.203168147986351,0.0799701241440398,2182.0000000001,2.83508384393028,0.101140599654991,1454.0000000001,0.940471132782375,3.77555497661266,0.0909955700257298,-0.165212891309339,-0.146801798758476,-0.270859482362356,0.876211924603796,1.34640971690915,0.416563225257916,1.4709665326905,-0.316683522405347,1.40675251645125,0.755891385271658,0.00987394687901024,586.0000000001,0.2314453126,0.00987394687901024,586.0000000001,0.2314453126,0.219491365123379,0.53508644369498,1e-10,0.333358514368524,0.615999099785189,-0.933448054387228,1.04331532054304,0.915254083867404,-0.0283081595192638,-1.4637901463605e-15,1.49871635330658e-15,0,0.334685836757829,-0.340241583457846,0.123658488053918,-0.334498341048267,0.156063440195899,-0.354357984822208,-0.286089065128607,-0.184004368461627,-0.334947017182073,0.234171954809494,-0.160025498251332,0.170956368805091,2182.0000000001,0.0755208334333333,0.0683290461300214,0.0226665237957084,0.00557811983896178,0.00557811983896178,0.681517052445127,0.233300288091414,2918.6204845143,0.0625,260,2,"SNETWORK (2 41 2918.6204845143 0.681517052445127 57000254 260)",57
41,57000255,0.435131642752431,118,0.342105382036989,0,0,0,0,0.625951170544112,0.552412321535239,-0.169512758588241,-0.796831164853219,0.567592376441928,0.649042634781438,0.0809728047389462,0.567592376441928,0.567592376441928,0.336074992491595,-0.497792328870585,-0.615661642732182,-0.421167043243781,-0.60137483632708,-0.606217616580312,0,0,-0.712927756653993,0.435131642752431,0,0.101241363318721,0.0559957205322475,0.0557010404760649,-0.147050707425119,0.0541488546323332,0.433009683138621,-0.0188543263170925,-0.756677358335389,1.01539594948593,0.131423742994018,0.0799701241440398,1425.0000000001,1.19768948098373,0.0857658288649657,588.0000000001,0.322512947338578,1.5202024282223,0.0352900089058086,0.593317353826848,-0.443709146188626,-0.300213082334411,-0.279399810723835,0.00353273697181391,0.00637347628710183,0.00329856634270156,-0.961494850922002,0.211924525714759,0.0697609108916241,0.0107416339931406,441.0000000001,0.189482421975,0.0107416339931406,441.0000000001,0.189482421975,0.0205106662926805,0.567587714238914,1e-10,-0.026979621559025,-0.326412301653755,0.0363788889233519,-0.246104280757746,0.915254083867404,-0.0283081595192628,0,0,0,0.108379145145736,-0.302242327923346,1.03131500067534,0.764566767482026,0.0165095629419482,0.534942022051324,0.536013277260285,0.811672392963622,0.432790188358004,0.751785287639857,0.955351207257107,-0.187943216701152,1425.0000000001,0.302083333433333,0.0278031869605793,0.00748682184522932,0.00439864863574387,0.00439864863574387,0.733146974057357,0.682906623289455,3006.38586426403,0.0625,265,2,"SNETWORK (2 41 3006.38586426403 0.733146974057357 57000255 265)",57
29,57000256,-0.724686835164158,62,-0.361841926944517,-0.698245294676348,-0.562675121066356,-0.564925299345405,-0.567713055283144,0.0985808448764741,0.131453757654353,0.978309300556092,0.245696106481772,0.89299182230825,-1.16833103354159,0.899519190479719,0.89299182230825,0.89299182230825,0.00127941330069202,-0.376151601429593,-0.495536296658504,0.88292537588394,-0.820112747441372,0.888230940044412,-1.64368450082736,-1.9192718638702,0.441336230309614,-0.724686835164158,-0.5,-0.160296602435569,-0.0732991008727902,-0.0727717085103341,0.0975874713630539,-0.0700806482373881,-0.714869132088207,1.84613566464845,0.228735915782548,-0.795283078133316,0.242279353816148,0.0399850261056294,6185.0000000001,2.39580174065593,0.129277274654259,1623.0000000001,0.335455929801742,2.73125767035768,0.0648959115567946,-0.442315545107816,-0.495639703865459,0.0962316023966205,-0.355486158859496,-0.55320292753092,1.26076032628368,-0.596859865364547,1.38961152864392,-0.456260283169717,-0.62440371651443,0.110713934848428,477.0000000001,2.11242187510052,0.110713934848428,477.0000000001,2.11242187510052,1.1086654449598,0.694287241081382,1e-10,0.737109091136298,0.628169177820529,0.204250701321651,0.636534532574137,-0.118644023962116,-0.921164041933264,-0.323585971028251,-0.331945636842457,-0.320942234741691,-0.498230283215138,-0.663854147167055,0.573043526826148,-0.303230393593325,-0.596576997286991,0.283266046590711,0.259941894778976,-1.8766889804515,0.860012672691251,0.381149216548435,0.0298560398926649,1.12690762318558,6185.0000000001,0.208333333433333,0.0569253275940399,0.00797058386275474,0.0501920944524053,0.0501920944524053,0.75434127937025,0.050901335215855,1388.25430826439,0.25,79,2,"SNETWORK (2 29 1388.25430826439 0.75434127937025 57000256 79)",57
35,57000257,1.31630419244256,121,0.953947685431969,0.757894567769832,0.437324878933644,0.435074700654595,0.432286944716856,0.123420541972939,0.146216210619196,-0.0414434411906622,-0.615771777039868,-0.203028416576107,0.936124421449496,-0.285387079796859,-0.203028416576107,-0.203028416576107,-0.910335790968124,-0.138751218143864,-0.246936639517293,-1.50347648990057,0.129942625375736,-1.11917098445596,0.839124839124839,1.32040627885503,-1.18821292775665,1.31630419244256,0.5,-0.683840984456733,-0.384964324121259,-0.380370581597661,0.80609036411672,-0.358179775360906,1.3027484106667,0.933795383465362,-0.584656632946788,-1.47990779874201,0.0912762815241657,0.0799702643258065,324.0000000001,0.189129820791406,0.0972966637104615,3265.0000000001,2.03159996049466,2.22072978118606,0.055812250872484,-1.00595843253385,-0.362588853053987,2.1732703136772,0.973349469220543,-1.39478910850536,0.845924039174756,-1.5912720300394,0.103772683672096,-1.52202616814105,-0.898407423695112,0.0584253947940104,480.0000000001,1.1217675782246,0.0584253947940104,480.0000000001,1.1217675782246,0.420198597637532,0.0880764259838519,1e-10,0.764001587587494,0.842323831410097,-0.0405129373476974,1.05174143788005,0.949152514976323,0.464889228842547,0.544290901816155,0.532526525607705,0.534762638867335,-0.0604838271510448,0.560565735329268,-1.19856002250264,0.0557300051417964,-2.76582847223521,-0.492997309686206,-0.356461230281338,-0.109520056063688,-0.516152109426539,0.795478708552034,0.232055756002491,1.97148558034463,3265.0000000001,0.200520833433333,0.00475328474039796,0.0510589660320861,0.0281927021972539,0.0281927021972539,0.915392234076,0.797285706736147,5665.58015413117,0.0156249669969604,113,2,"SNETWORK (2 35 5665.58015413117 0.915392234076 57000257 113)",57
41,57000258,-0.740414451131149,32,-0.407894617963011,-0.251052105764176,0,0,0,0.546242666000559,0.86847452856649,0.494176212925424,0.193603853838175,0.378719885806005,-0.148142434919385,0.0241996270280444,0.378719885806005,0.378719885806005,0.541187458078503,0.424158999871414,0.306054664401198,0.367189215217828,0.280412128866429,-0.606217616580312,0,0,-0.712927756653993,-0.740414451131149,0,-0.331854913384692,1.17314816534955,1.185634412751,0.528600819598061,1.25373522714211,-0.737465473574227,-0.138409319242035,0.180106916687228,-0.972010460421093,0.129361499829272,0.0799701241440398,1580.0000000001,1.30712664674345,0.0870173724890692,2434.0000000001,1.35450957152009,2.66163621816355,0.0505595813813056,0.777721434406068,0.150452782494742,-0.608968710081795,-0.284324277415389,0.345649969475865,-0.375328964365435,0.299403378991557,-0.0937844826503056,0.498406214492686,0.501305839429259,0.0434288293751982,883.0000000001,1.5339062501,0.0434288293751982,883.0000000001,1.5339062501,0.835189895723289,0.114113489887991,1e-10,0.316663986902332,0.0270683238290569,0.198827701725792,-0.282002925567282,-0.305084586862669,-0.363341583505643,1.4637901463605e-15,0,1.55600483282998e-15,-2.16637572430542,0.0445794647432212,-0.24942326411256,0.185206320564942,-0.122746617597933,0.407723106811042,0.220316018117483,-0.113909350951758,0.532692260254566,0.545687178609715,0.744845233510015,0.496586748876235,2434.0000000001,0.848958333433333,0.0248297552788832,0.0257298260024224,0.0291375873225835,0.0291375873225835,0.164245943329456,0.308564538146237,2039.31457221666,0.0625,206,2,"SNETWORK (2 41 2039.31457221666 0.164245943329456 57000258 206)",57
37,57000259,0.75981679611841,77,0.638158073055483,0.521052073640444,0.623124281295046,0.615977027310147,0.618989232093641,-0.397581060574524,-0.421527724053733,-0.141318187830016,1.54550327534476,-0.518455334642184,0.226388868776883,-0.441616911073629,-0.518455334642184,-0.518455334642184,-0.695715198431773,-0.447733008998137,-0.421959751611116,-0.923576062986239,-0.401266790555488,1.08031088082902,-1.42471042471043,-0.650969529085872,0.922053231939164,0.75981679611841,0.5,0.769336434238728,1.03254999930482,1.04155234198762,-0.509839953157139,1.08948920038907,0.747821291612093,-0.52239965147906,1.45830742659758,0.110528234058778,0.0539338082768389,0.0799702643258065,753.0000000001,0.259724622944291,0.0876770336408901,1713.0000000001,0.960506420859895,1.22023104370419,0.0237705315267495,-1.07289507512261,-1.57364390095639,-0.189451815791222,-0.58384963636485,-0.514296892168897,-0.721838591480588,-0.453039498466149,0.338247692818326,-0.404970541641393,-0.983850487294708,0.0705277842903188,643.0000000001,1.81397460947436,0.0705277842903188,643.0000000001,1.81397460947436,0.747418278274902,0.284939553130617,1e-10,-0.151226375267588,-0.148271665869593,-1.0213195763856,0.0420882747615421,0.881355976037885,0.430873575621596,0.67641402897175,0.668054363157545,0.67905776525831,0.319591694583224,-0.10012853098977,-1.89170401180461,-0.743665887334007,-2.2991686648027,-0.0738469462433976,0.104762232134218,-0.365742969031609,0.0399984318475768,-0.732471228417305,-1.35459019027646,-0.187943216701152,1713.0000000001,0.223958333433333,0.00505952732638681,0.0187110041003627,0.0353368656579151,0.0353368656579151,0.911975319686057,1.37534621413206,5157.47171389937,0.0312499339939208,182,2,"SNETWORK (2 37 5157.47171389937 0.911975319686057 57000259 182)",57
43,57000260,-0.274971199206191,30,0.0756580730554828,0.31473676207772,0.118081199488201,0.12698938418892,0.129762766215853,-1.16590301109269,-1.10444710459729,-0.249748899496613,-0.0567598799852418,-0.664100529606664,-0.274056930554894,-0.285213660925131,-0.664100529606664,-0.664100529606664,0.28045848199965,3.31279228507985,3.23829745545199,0.716905988395751,3.63523840243771,0,0.0216216216216217,1.64542936288088,0.287072243346007,-0.274971199206191,0.25,0.661943802247154,0.0406976673033917,0.0404742291109809,-0.529793747679224,0.0393024005217909,-0.279363242666908,-1.06144032297003,0.200444115470022,0.765522807542824,0.421818795448194,0.0799701818409082,389.0000000001,1.04937737026522,0.397902795743036,672.0000000001,1.7100248814206,2.75940225158582,0.0642333560579942,0.90590807445533,0.0824366474419308,-0.794283322761253,-0.828934926176647,-0.0777149723325734,-1.26072329780483,-0.0825031683817891,-1.13037569356541,0.0211507398114133,0.103550504020761,0.0190325597535853,258.0000000001,0.196416015725083,0.0190325597535853,258.0000000001,0.196416015725083,0.0172330221340028,0.562806158026952,1e-10,0.897400894597876,0.100465156141883,-0.740895984088163,-0.125285605483625,3.01077401207183e-16,0.0363195055765448,0.166971822146753,0.174127499238369,0.172377228489549,-0.759567265542013,-1.34204582482443,-0.438868088895365,0.394843400682477,0.098225321438361,-0.323033159297008,-0.311803633923895,0.542424316644755,-0.493053590274298,-1.4801385584588,-1.81820606416751,0.676082420303132,672.0000000001,0.778645833433333,0.0244274027520967,0.0398059532058975,0.00457217132467855,0.00457217132467855,0.230193097286042,0.164183261948403,3133.34945485481,0.0312500660060792,298,2,"SNETWORK (2 43 3133.34945485481 0.230193097286042 57000260 298)",57
41,57000261,-0.166935287209084,83,-0.407894617963011,-0.251052105764176,0,0,0,0.446085470442015,0.516600028349885,0.0117602219584789,-0.394513710502684,0.801320305852358,-0.16339473751888,0.184283218970597,0.801320305852358,0.801320305852358,0.467732780750654,-0.223159072453176,-0.313357991171121,0.0680790472679952,-0.409740972253798,-0.606217616580312,0,0,-0.712927756653993,-0.166935287209084,0,-0.602636593089443,0.353637880920895,0.35332429740481,0.809653078584401,0.351095138159702,-0.164704812429978,1.22914225960023,-0.375787482523234,-1.24180945820156,0.114795177549159,0.0799701241440398,4491.0000000001,3.29702498394335,0.0716197594975142,278.0000000001,0.127330719545013,3.42435570338836,0.0753509450454239,-0.673837517577928,0.00535705807549988,-0.100647397693619,0.626093306063051,0.857709123753447,0.808982272263049,0.856182693399027,0.388711776008698,0.867155046194621,0.842910803221645,0.012195790989733,543.0000000001,0.264892578225,0.012195790989733,543.0000000001,0.264892578225,0.0151371764326809,0.52817857835438,1e-10,0.0216751469313757,0.31846298155163,0.00100995642093337,0.561267665228061,-0.240234971807711,-0.278388638525331,-1.4637901463605e-15,0,-1.55600483282998e-15,0.412906028147054,0.0749680186469114,-0.00237513591279576,-0.0579773176208298,-0.212150253196573,-0.884154116834513,-0.715192098821684,0.134988899006569,-1.03660511203552,1.06292966539116,0.846677432529796,-0.187943216701152,4491.0000000001,0.0364583334333333,0.0725491069174559,0.00280183802796798,0.00582880629240153,0.00582880629240153,0.503558217423876,0.322467825375497,2616.10937762626,0.0625,241,2,"SNETWORK (2 41 2616.10937762626 0.503558217423876 57000261 241)",57
41,57000262,0.152813788502667,103,-0.184210513107001,-0.196491445985551,0,0,0,0.591613913398623,0.562612729237763,-0.0959953334534983,-0.608987880180161,0.648290986854126,0.266541979758127,-0.00971119514282268,0.648290986854126,0.648290986854126,0.409275212586822,-0.319764853309749,-0.441842804395299,-0.346806363951129,-0.409358981139954,-0.606217616580312,0,0,-0.712927756653993,0.152813788502667,0,0.132673104021366,-0.17781067752237,-0.17625105098982,-0.202042202172242,-0.168454233472474,0.153843734714279,0.554884456691007,-0.566530142281438,0.485377532355442,0.127571755684029,0.0799701241440398,1610.0000000001,1.31351775483197,0.10217181679794,1652.0000000001,1.07943550264182,2.39295325737379,0.0579375843102807,0.392416838149432,-0.277716648511017,1.69871780113427,-0.0594644758010474,-2.02753070499926,0.530089529689324,-2.22743458945869,-0.131460160262697,-2.21025026237547,-1.33876573072718,0.0256008830907319,526.0000000001,0.538642578225,0.0256008830907319,526.0000000001,0.538642578225,0.144544107495998,0.329427623336656,1e-10,0.686548432786757,0.467772749280565,-0.779446791987637,0.920767900965921,0.454883633821259,0.0041993897941144,1.4637901463605e-15,0,1.55600483282998e-15,0.279021404620376,-0.422851680370885,1.07950269992435,0.145209528038716,0.156063440195899,-0.635032850907688,-0.517193581000837,0.023764193636479,-0.717054113325038,0.5510112407952,-0.756965854249112,1.34066004872329,1652.0000000001,0.0807291667666667,0.0318025625010254,0.0261350217092553,0.0130414790320283,0.0130414790320283,0.635733195145047,0.341360109673402,2840.79279280235,0.0625,256,2,"SNETWORK (2 41 2840.79279280235 0.635733195145047 57000262 256)",57
41,57000263,0.0864528353715793,99,-0.184210513107001,-0.196491445985551,0,0,0,0.528315895815401,0.502077131567079,-0.096910849715457,-0.572165486707182,0.72322480097418,0.173516502367325,0.0856343445403034,0.72322480097418,0.72322480097418,0.416174932689297,-0.222461749230334,-0.328734191503958,-0.206455412796724,-0.332252612890159,-0.606217616580312,0,0,-0.712927756653993,0.0864528353715793,0,-0.787570645857066,0.368865119921767,0.368619605644601,1.18053512744661,0.366708626188411,0.0894814799188557,1.10002783516929,-0.51542396578666,-0.434811862707556,0.169057977688331,0.0799701241440398,3187.0000000001,3.44566675030895,0.0557716174674425,796.0000000001,0.283910756140014,3.72957750634896,0.0818429410582884,1.69084889529163,1.11179026768574,-0.135890930001712,1.83911513136105,2.19071672884253,0.729808371555882,2.18062587624409,0.120311610351438,2.5532021120484,1.63979858938726,0.00318599837700151,662.0000000001,0.084365234475,0.00318599837700151,662.0000000001,0.084365234475,0.149963761358232,0.637780963666686,1e-10,-0.179906066290344,0.177923141943219,0.0891765546647563,0.4000894594954,-3.01077401207183e-16,0.0363195055765448,0,-1.49871635330658e-15,0,0.553339527279584,-0.339260514503152,0.90786533360387,0.693977698739475,-0.00898318398682406,0.223245947112756,0.16933304108347,0.396275900282102,0.181487996872355,-0.1373966785708,0.306996519963197,0.276313976768388,3187.0000000001,0.2734375001,0.0756127201879535,0.00623022077033484,0.00185133540845213,0.00185133540845213,0.609366985070678,0.888765376119409,2795.9730377557,0.0625,253,2,"SNETWORK (2 41 2795.9730377557 0.609366985070678 57000263 253)",57
34,57000264,1.4070063712121,125,0.953947685431969,0.757894567769832,0.437324878933644,0.435074700654595,0.432286944716856,0.133831310873909,0.0286732954084846,-0.0409554031225043,-1.05257259013289,-0.623738393757776,0.0526373137554494,0.429137014517773,-0.623738393757776,-0.623738393757776,-0.984299242944747,-0.254115025254834,-0.261404683733655,-0.90168720853504,-0.175967871338692,-1.11917098445596,0.839124839124839,1.32040627885503,-1.18821292775665,1.4070063712121,0.5,-0.934092051266999,-0.711813004962557,-0.699695781190816,1.26994785830468,-0.643826029074548,1.3993469556523,1.86485950078616,-0.998460399703923,-0.951355242169897,0.0742739654822892,0.0799702643258065,873.0000000001,0.414675060426752,0.0419057672584253,932.0000000001,0.249773736084614,0.664448796411366,0.0177132527611908,-1.1476346228508,-1.0892510919855,1.77332096439604,0.490862777861364,-1.54084008139787,1.4658236229023,-1.86514757668299,-0.402397922385152,-1.48462097602448,-0.45443257405072,0.000589093457271095,557.0000000001,0.0131250000999953,0.000589093457271095,557.0000000001,0.0131250000999953,0.103878237927687,0.679154388777209,1e-10,-0.950964116868257,-1.05290168761976,-0.0501011214262576,-0.492939953335993,0.949152514976322,0.464889228842547,0.587902933609681,0.577262405596155,0.582392480631549,0.489939222966725,0.164468679179322,0.202287583046714,4.20903069770793,0.156063440195899,-1.00608506859075,-0.823769315053399,-0.574741337961029,-0.988358757346508,1.24121647500471,0.91328115579246,-0.187943216701152,932.0000000001,1e-10,0.0110546428206941,0.00665860984049668,0.00034989369003101,0.00034989369003101,0.0533999917376111,0.522572768884139,5708.93180556229,0.00781248349848019,97,2,"SNETWORK (2 34 5708.93180556229 0.0533999917376111 57000264 97)",57
37,57000265,0.484845596912219,50,0.638158073055483,0.521052073640444,0.623124281295046,0.615977027310147,0.618989232093641,-0.528984824741206,-0.553035633334522,-0.171316797244394,1.82722817423024,-0.423238799570258,0.171840346867297,-0.45833328313847,-0.423238799570258,-0.423238799570258,-0.670620904457543,-0.139993814886063,-0.0474910340239841,-0.635666589682044,-0.113850198200731,0.55958549222798,-0.876876876876878,-0.0954139735303178,0.476341360371778,0.484845596912219,0.5,-0.336233946165003,-0.326979792474459,-0.323368985145511,0.271762788425409,-0.305768073465294,0.478107842557826,-0.284453818581719,1.72378649559997,-0.198272852956092,0.211011310778817,0.0799702643258065,155.0000000001,0.209167639513001,0.128496219498793,1597.0000000001,1.31235801557986,1.52152565499286,0.0378420742063513,1.19784306746815,2.33910206753287,0.397400670738307,0.576557869672628,0.200722933639363,-0.153998754727348,0.22521157217121,1.04988692889348,-0.0956638382319625,-0.341289284846614,0.0401239305315476,210.0000000001,0.33704101572488,0.0401239305315476,210.0000000001,0.33704101572488,0.0492431412833586,0.457806932771817,1e-10,0.440308066834127,0.397646308959244,0.319203272167002,0.517196774622517,0.881355976037885,0.430873575621596,0.676414028971747,0.668054363157543,0.679057765258309,-0.0401349389795563,0.624384603719457,-1.19775020343099,0.225468047752897,-1.86135920262243,-0.387019914020724,-0.219471451319896,-0.493312751880936,-0.290103040704211,-0.359559741254774,-1.05683610743299,-0.0739594575506495,1597.0000000001,0.903645833433333,0.00520223716627027,0.032639836940081,0.00838259351667306,0.00838259351667306,0.584412360541007,1.57017549529136,4824.95702400454,0.0312499339939208,164,2,"SNETWORK (2 37 4824.95702400454 0.584412360541007 57000265 164)",57
43,57000266,-0.122390059451566,42,0.0756580730554828,0.31473676207772,0.125190979814175,0.126908484697204,0.131153005061719,-0.850791604775371,-0.777287655464733,-0.134563370666936,-0.195636586401576,-0.541149153154175,0.0714573602118358,-0.333495224559241,-0.541149153154175,-0.541149153154175,0.225151619069503,2.95982996615353,2.86878199459449,0.120536906023446,3.37989927767297,-0.963730569948188,1.15057915057915,3.24099722991689,-0.29467680608365,-0.122390059451566,0.25,0.234019274582962,-0.0217765418999191,-0.0216366782934568,-0.265932022918875,-0.0209147496128092,-0.127018058272381,-0.982224064221959,-0.188650382432766,0.835549292305787,0.0607147189750469,0.0799701818409082,2007.0000000001,0.779287171484592,0.0734321264626339,1476.0000000001,0.693152234713995,1.47243940609859,0.0346629075905484,-0.477786596961823,-0.244828365094342,-0.690251536127274,-0.931490154404368,-0.325544167511619,-1.11854416049767,-0.348172820291466,-1.3143721713254,-0.373472645754168,-0.404424156820722,0.0464142472348235,878.0000000001,1.63006835947569,0.0464142472348235,878.0000000001,1.63006835947569,0.660482229267813,0.368621212365887,1e-10,-0.80678030005251,-0.95933011620702,-1.08668687970834,-0.662544276405662,0,0.0363195055765458,0.224493829552468,0.221719355174308,0.225371531661113,-1.09350387805483,-0.617906362846039,0.302041968287139,-0.130874350089189,-0.336186922196848,1.48010971231268,1.56315163958855,0.992952563638239,1.48360898837303,-1.25312663564478,0.161768562797879,-0.187943216701152,2007.0000000001,0.8359375001,0.0183453112027764,0.016317596287772,0.0383736733166212,0.0383736733166212,0.325275050370022,0.745922077447176,3272.04253896243,0.0312500660060792,304,2,"SNETWORK (2 43 3272.04253896243 0.325275050370022 57000266 304)",57
28,57000267,0.981057346514894,129,-0.111841926944517,-0.494736954820113,-0.562675121066356,-0.564925299345405,-0.567713055283144,0.170977548215406,0.370350072065241,1.15164984948941,-1.02802316758209,-1.89048350566095,-1.41229175637388,0.241364267296937,-1.89048350566095,-1.89048350566095,-0.674852230791938,-1.52966080455721,-1.36911538667663,0.370692104965461,-2.0557582202426,0.124352331606218,-0.494208494208494,-0.193905817174515,-0.237642585551331,0.981057346514894,-0.5,-0.769727745369446,-1.12558126685732,-1.09896513467595,0.816754779978726,-0.98266991720442,0.990864295270677,1.83215680159543,-0.975386133728103,0.950250985044494,0.0736819415205099,0.0399850261056294,12053.0000000001,1.41987784462987,0.0418377816822615,3139.0000000001,0.209968782432736,1.6298466269626,0.0468221977555627,-2.96453817916742,-0.0876561418314198,0.600238275377426,2.12048626926203,1.93170655567519,1.57835347373927,2.51392889083634,-0.234416946535661,0.08133422398468,-0.017329505794917,0.0734876314667705,562.0000000001,1.65200195322541,0.0734876314667705,562.0000000001,1.65200195322541,0.670850664169513,0.618965696412594,1e-10,-2.25287557723114,-1.77156197199835,-0.0395066498498955,-0.762080054159262,0.474576257488161,-0.569126424378405,-0.323585971028253,-0.331945636842455,-0.320942234741691,0.362243534295994,0.286564132468294,0.401395933667956,0.967663393920452,0.156063440195899,-0.673379562325224,-0.813895666648469,-0.223643461888325,-0.695399858557007,0.0719098970785957,0.393968114847527,5.72845326732951,12053.0000000001,0.0130208334333333,0.0407902191455321,0.00603197851003066,0.0474586753757991,0.0474586753757991,0.653278186253549,0.0928975166752934,2134.78155720792,0.125,37,2,"SNETWORK (2 28 2134.78155720792 0.653278186253549 57000267 37)",57
41,57000268,-0.782893870125939,28,-0.407894617963011,-0.251052105764176,-0.192309249631537,-0.194095720002018,-0.196546296696359,0.544213724928677,0.872303752874329,0.496999381622977,0.20495791825909,0.364055552716809,-0.149416539916219,0.0198007544789796,0.364055552716809,0.364055552716809,0.539001001427071,0.477600719383025,0.363950025842661,0.376436824907017,0.341706487977859,-0.606217616580312,0,0,-0.712927756653993,-0.782893870125939,0,0.156378317420968,0.554770425746638,0.555887198855062,-0.13462237648589,0.560738503161557,-0.776931403966559,-0.463313999175204,0.197016201990295,0.536022467985102,0.197035353669036,0.0799701241440398,905.0000000001,1.14037654462251,0.123290364680319,1076.0000000001,0.848392747997761,1.98876929252027,0.0422089581071022,1.02462007662062,1.043845223699,-0.75221014702734,-0.374161261649393,0.393189498050653,-0.553464460313954,0.37902652476299,-0.265617136740806,0.299812481675469,0.272732811228327,0.074481201271875,280.0000000001,0.834189453225,0.074481201271875,280.0000000001,0.834189453225,0.504420203313981,0.20093294964275,1e-10,-0.0351883272224557,0.0934038371370422,0.0793258328819241,-0.317659787956818,-0.305084586862669,-0.363341583505644,-0.242475441883946,-0.250263948301371,-0.251221420457761,-1.08182097804555,0.316274732032498,-0.259014865820745,0.538561874492841,-0.109629257722519,0.701369873905347,0.588968171332329,-0.0123006404059034,0.847034007033372,0.799813296656432,0.645697651468744,-0.187943216701152,1076.0000000001,0.721354166766667,0.0242029610289573,0.0180059969781448,0.0177045511166712,0.0177045511166712,0.138067174063985,0.571393495535705,1994.81344662478,0.0625,203,2,"SNETWORK (2 41 1994.81344662478 0.138067174063985 57000268 203)",57
41,57000269,-0.825261169242154,24,-0.407894617963011,-0.251052105764176,-0.192309249631537,-0.194095720002018,-0.196546296696359,0.528498821730681,0.854482147691656,0.503488453614882,0.229120982394587,0.319010981928048,-0.179424291632528,0.0178962283334293,0.319010981928048,0.319010981928048,0.535513158763448,0.565207234142186,0.450102348134267,0.372191748102764,0.447592948553109,-0.606217616580312,0,0,-0.712927756653993,-0.825261169242154,0,0.403940311166774,0.836267915973343,0.841281104243352,-0.301795488366547,0.866879065465334,-0.819948734513169,-0.397289798307868,0.214491323299613,0.518223244728991,0.121525826501893,0.0799701241440398,258.0000000001,0.200513597334422,0.112457941509271,1325.0000000001,0.952931201086957,1.15344479832138,0.0232743807241928,3.44436541004685,1.17882330375431,-0.570793509404124,-0.357657109230217,0.202729493420243,-0.546368459362133,0.186573209703397,-0.243185120267948,0.302735921904944,0.286075861445016,0.0235438583920792,101.0000000001,0.0951171876,0.0235438583920792,101.0000000001,0.0951171876,0.0651189416517283,0.63590845507582,1e-10,0.72724371833642,0.758062309221973,-0.733115176812055,0.0797156638740797,-0.305084586862669,-0.363341583505645,-0.246967780900193,-0.254900574114584,-0.255875774231969,-2.1478681053945,-0.0494325765683626,-0.160940850675149,0.197202562773589,0.0190401279564791,0.399482588741918,0.183424367313438,-0.373251171131332,0.592560423778174,1.23181953838946,0.716166499075692,0.773817563268265,1325.0000000001,1.1875000001,0.00404599317588177,0.019228387448311,0.00191928875069825,0.00191928875069825,0.109973947387383,0.436701439321041,1947.05794689373,0.0625,201,2,"SNETWORK (2 41 1947.05794689373 0.109973947387383 57000269 201)",57
43,57000270,0.0142364215819554,53,0.0756580730554828,0.31473676207772,0.354270929498081,0.350983481983268,0.358474665810763,-0.788087098542088,-0.713951534347766,-0.148047221514284,-0.304290318763096,-0.466389358621228,0.204536269899402,-0.362935439096105,-0.466389358621228,-0.466389358621228,0.202081732384999,2.68888599172255,2.58243049955581,-0.208267723409647,3.14787750183739,-0.963730569948188,1.15057915057915,3.24099722991689,-0.29467680608365,0.0142364215819554,0.25,0.757357989978197,0.0813256149252764,0.0809282414366395,-0.572985396669909,0.0788189754278984,0.0150874162596789,0.00239149926240221,-0.27550620939222,0.0849553883526773,0.158203633966894,0.0799701818409082,720.0000000001,0.728459006716336,0.137773789769718,620.0000000001,0.546278942542582,1.27473794915892,0.0294572616806088,0.755139220354812,0.108135830227396,0.619090716390112,-0.301183258456449,-1.05842815571513,0.0188670683178727,-1.10972094897377,-0.174904150756686,-0.917716568452559,-0.794348788232926,0.0155433104612167,263.0000000001,0.163515625100069,0.0155433104612167,263.0000000001,0.163515625100069,0.187379685169201,0.58467369856812,1e-10,-0.863871022139593,-0.916165883730983,0.0152574531761952,-0.61971252070262,-3.01077401207183e-16,0.0363195055765458,0.676414028971747,0.668054363157543,0.67905776525831,-0.789035325639508,-0.125187960490833,0.182366540103505,1.49517719595472,-0.887024663879224,1.66533784310316,1.88631416065465,0.683728364791641,1.78186861530704,-1.39184227029242,-0.157335826575081,-0.187943216701152,720.0000000001,0.7656250001,0.0168335833451021,0.0126236782355067,0.00377859821440143,0.00377859821440143,0.409938633876359,0.389734205389276,3395.5386717956,0.0312500660060792,314,2,"SNETWORK (2 43 3395.5386717956 0.409938633876359 57000270 314)",57
37,57000271,0.471755830710195,49,0.638158073055483,0.521052073640444,0.623124281295046,0.615977027310147,0.618989232093641,-0.531806819559549,-0.55580779208735,-0.173257172010751,1.83433577678926,-0.418365117412921,0.175529298201742,-0.463210237999034,-0.418365117412921,-0.418365117412921,-0.667681136106192,-0.1386651093016,-0.0451024211122785,-0.640484875379315,-0.110915981496055,0.55958549222798,-0.876876876876878,-0.0954139735303178,0.476341360371778,0.471755830710195,0.5,-0.609074139437352,0.382554180268535,0.382375521695836,0.827289243048532,0.380780643209528,0.466939182984468,0.615088303142091,1.73315568714532,-0.859514601833397,0.244042534505272,0.0799702643258065,695.0000000001,1.08469438764711,0.23480880222613,2277.0000000001,3.41927842153474,4.50397280908185,0.0985937074778242,2.56273824176472,2.74748508480894,-0.294293775757042,0.738051364395644,1.07780996550708,0.416977247054593,1.07033140702371,1.57729869742391,0.748477854381481,1.62265376597491,0.0197347006208333,546.0000000001,0.431005859474847,0.0197347006208333,546.0000000001,0.431005859474847,0.313827503689191,0.42881020043515,1e-10,0.378650129843344,0.295723379603596,0.319581558091305,0.515461985759015,0.881355976037885,0.430873575621596,0.676414028971749,0.668054363157543,0.67905776525831,0.273132434236706,0.740881444265258,-1.44246214899977,-0.351511898878521,-0.170973803987698,-0.657643988642649,-0.514438215397725,-0.858641394067925,-0.507040892984934,-0.200159865681228,-1.22259332263521,0.622042715216914,2277.0000000001,0.0286458334333333,0.0237443798121782,0.074849327565646,0.00943488501808639,0.00943488501808639,0.572246082858852,1.00400778626775,4812.60683013276,0.0312499339939208,163,2,"SNETWORK (2 37 4812.60683013276 0.572246082858852 57000271 163)",57
28,57000272,-0.197588632389752,95,-0.361841926944517,-0.698245294676348,-0.562675121066356,-0.564925299345405,-0.567713055283144,0.265181484061937,0.356449653239242,1.07157055467146,-0.564365223565775,0.27399716207024,-0.818732188707368,0.824947083701664,0.27399716207024,0.27399716207024,-0.0983435050018533,-0.81536792085044,-0.824386420378544,1.2978151172206,-1.46090467468535,0.393782383419688,-1.16859716859717,-1.44967682363804,0.0792141951837772,-0.197588632389752,-0.5,-0.476249978916424,2.43654904061054,2.50228531681774,1.02245919387786,2.92690408253572,-0.178187926254933,3.1959039214761,-0.537021136606629,-0.425849384956025,0.114289683580724,0.0399850261056294,14792.0000000001,2.70289200559166,0.0430202237676292,9789.0000000001,0.673295571862941,3.3761875773546,0.0511649806661357,-0.742627560417012,0.316150963647003,3.21237854346634,1.30393600452702,-2.17385613861854,1.06077820161233,-1.49077127184514,0.357863944408122,-1.96356597426637,-1.27270471802688,0.125313078090136,811.0000000001,4.065156250101,0.125313078090136,811.0000000001,4.065156250101,1.81159547418203,1.00880838600965,1e-10,-0.377631682626984,-0.558264706331515,-0.0298292873938225,-0.0104026886205104,0.163105427025753,-0.753964085062822,-0.323585971028253,-0.331945636842458,-0.320942234741691,1.21483607052519,-0.512612910887513,1.65464424559984,1.39130321790429,0.156063440195899,-0.488670568386843,-0.475884769235204,0.183869015838463,-0.589691252698302,0.998276038829153,0.795371213376838,0.33222030854832,14792.0000000001,0.661458333433333,0.0409614139525387,0.010203566613597,0.0616060677229135,0.0616060677229135,0.170441330514817,0.424931143700891,1751.46591349164,0.125,9,2,"SNETWORK (2 28 1751.46591349164 0.170441330514817 57000272 9)",57
43,57000273,0.0962100678044966,57,0.0756580730554828,0.31473676207772,0.354270929498081,0.350983481983268,0.358474665810763,-0.708611160764912,-0.64157703219097,-0.14917314407798,-0.353653697554456,-0.346460011048948,0.376215124219693,-0.394799766191369,-0.346460011048948,-0.346460011048948,0.20454328266166,2.62875327541396,2.53109838882892,-0.425522362254956,3.1366661641634,-0.963730569948188,1.15057915057915,3.24099722991689,-0.29467680608365,0.0962100678044966,0.25,0.88308636487882,0.0654202236426926,0.0650851128731834,-0.628305243835346,0.0633150437361331,0.0942331287773106,-0.286847096012185,-0.338073854757793,0.695392336588182,0.439153315429751,0.0799701818409082,494.0000000001,1.38739230274448,0.296471214420695,766.0000000001,1.45233722139231,2.83972952403679,0.0658098669239281,0.578096028527031,0.294089354930383,-0.310766109323517,-0.0198109651800665,0.317125179140135,-0.252863920308445,0.332932649222413,-0.514790864633712,0.485120272099388,0.361121793042634,0.0383021764392857,70.0000000001,0.107246093850045,0.0383021764392857,70.0000000001,0.107246093850045,0.0593853725742012,0.620308930070271,1e-10,-0.384996766285454,0.323667501854216,0.00800261024732662,-0.163414693117663,3.01077401207183e-16,0.0363195055765467,0.676414028971752,0.668054363157546,0.679057765258312,-1.36117733637608,0.140470668452399,-0.840266601233438,-0.179747162790479,-0.447529875064124,0.113849142760343,-0.0190547632573329,-0.556400296622643,0.309375877375113,-0.303603102718839,-0.708189198635882,-0.187943216701152,766.0000000001,1.26822916676667,0.0321523940572337,0.0336574727666944,0.00248539555883214,0.00248539555883214,0.440600189362151,0.548148365595636,3440.26372798061,0.0312500660060792,317,2,"SNETWORK (2 43 3440.26372798061 0.440600189362151 57000273 317)",57
43,57000274,-0.268084235664773,31,0.0756580730554828,0.31473676207772,0.125190979814175,0.126908484697204,0.131153005061719,-1.15064346489882,-1.07979516797366,-0.235473059405707,-0.0747342480629869,-0.65317989880908,-0.197984135910952,-0.280575008507599,-0.65317989880908,-0.65317989880908,0.273079371893598,3.32706869746465,3.25141790954211,0.661116626522282,3.6678839414829,-0.963730569948188,1.15057915057915,3.24099722991689,-0.29467680608365,-0.268084235664773,0.25,0.643842625663553,0.271214354857848,0.270647965357622,-0.502830787315235,0.267302567702323,-0.270063264814998,-0.80131830644538,-0.06039970392302,0.485292150033073,0.596323323511155,0.0799701818409082,411.0000000001,1.56739978809209,0.817373727100656,439.0000000001,2.29478160677601,3.86218139476809,0.0862532678381911,2.14208842480753,0.817546891914127,-0.746703799941834,-0.99692538560012,-0.312639088227849,-0.905767393663051,-0.316679572713759,-0.906376291629785,-0.132411744733827,-0.0901690102662848,0.0289384558845745,94.0000000001,0.108808593850046,0.0289384558845745,94.0000000001,0.108808593850046,0.0586467485384514,0.62183542759718,1e-10,0.434614285105071,-0.0176035270948458,0.1676773044657,-0.147318028506147,0,0.0363195055765458,0,0,0,-0.269410569504007,-1.5278540849358,0.291013836202791,0.310505599804716,0.0922872603124716,0.183447983054407,-0.0382787333094368,0.979317288876865,-0.020944554402957,-2.05270069842535,-2.48064137343513,-0.187943216701152,439.0000000001,1.20572916676667,0.03500440288825,0.0512488648499411,0.00242999895911034,0.00242999895911034,0.237799832519444,0.535651003941894,3144.44516266572,0.0312500660060792,299,2,"SNETWORK (2 43 3144.44516266572 0.237799832519444 57000274 299)",57
37,57000275,-0.0136618072042628,7,0.638158073055483,0.521052073640444,0.649161038498292,0.645874990233288,0.652741863980251,-0.613960194640579,-0.634308143915375,-0.149697769358065,2.12674296375192,-0.284873466004131,0.0791907333848958,-0.473511118560929,-0.284873466004131,-0.284873466004131,-0.604131544523988,0.161506270008404,0.318186803533921,-0.414593110654394,0.184777112713241,0.143005181347151,-0.438610038610039,0.349030470914128,0.119771863117871,-0.0136618072042628,0.5,3.91035988776905,0.0108523772340353,0.0107879672899107,-0.986755521199577,0.0104528362180474,-0.0165691611617047,0.364085382159093,2.00687227568057,-0.703218396016788,0.231234427435669,0.0799702643258065,2371.0000000001,3.50623572444572,0.191205180350108,32.0000000001,0.039129715978947,3.54536544032467,0.0829733580603445,0.0758159748894656,0.739318505814443,0.64223682466039,0.104924261291484,-0.612379011483393,0.336153095171124,-0.650542570761875,1.61928603859606,-0.706094202911086,-1.94263790473509,0.157350152459959,241.0000000001,1.51685546884946,0.157350152459959,241.0000000001,1.51685546884946,0.827129660932917,0.289420227690202,1e-10,-1.10393257061019,-0.483433078186751,0.213828585810655,-0.316916307015317,0.881355976037885,0.430873575621597,0.843324969095807,0.843044929020692,0.852244106229465,-0.0537192567728799,-0.32450459244345,0.945987343178475,-0.817176652097264,0.156063440195899,0.633187010566913,0.884738101535928,1.5066105028292,0.360954797100466,-0.294176851689995,0.878505810441165,-0.187943216334773,2371.0000000001,0.822916666766667,0.0820575923002876,0.000915765660056952,0.0354994693508039,0.0354994693508039,0.0737691984541734,1.1018295660615,4306.59452926034,0.0312499339939208,128,2,"SNETWORK (2 37 4306.59452926034 0.0737691984541734 57000275 128)",57
43,57000276,0.639035656924384,96,0,0.230175963096256,0.354270929498081,0.350983481983268,0.358474665810763,0.0671805692117108,-0.0413408077058048,0.156893847776237,-1.08794352901865,-0.00519584733667271,0.947981225616378,-0.805731918724174,-0.00519584733667271,-0.00519584733667271,-0.676469213358005,3.44490218760666,3.49722072578094,-1.37964670349813,4.37852551075852,0.124352331606218,-0.494208494208494,-0.193905817174515,-0.237642585551331,0.639035656924384,0.25,-0.543378131169415,-1.36957846825004,-1.33171362383687,0.382868686715306,-1.17123125694988,0.631366326730516,0.757666469016447,-1.0319170984456,-1.46006898873724,0.0467895128763061,0.0799701818409082,1147.0000000001,0.343216459439037,0.0656183627607745,958.0000000001,0.402019449606528,0.745235908945565,0.0223757048391717,-0.188992816589962,-0.100394707620572,1.48197824136153,0.344949391990116,-1.31207141497125,1.01907325318895,-1.79048863184487,-0.883422211901312,-2.84705674917409,-0.55958241934214,0.0189331966659981,536.0000000001,0.405927734475172,0.0189331966659981,536.0000000001,0.405927734475172,0.0818072284596034,0.352946515690928,1e-10,-0.929231199979543,-1.10016987831208,-0.187126344143319,-0.563262370193063,0,0.0363195055765458,0.676414028971747,0.668054363157539,0.679057765258309,0.983288553053659,0.456062969681475,-0.776352353484824,6.60254931593714,0.156063440195899,1.24392955883265,1.1246880361356,0.103338457548789,1.4471413106402,-0.765829244143176,-0.515474115370463,-0.187943216701152,1147.0000000001,0.0546875001,0.0103050726147788,0.0120706321243929,0.0121879783596177,0.0121879783596177,0.749164926136569,0.907941099139862,3890.35750079468,0.0312500660060792,348,2,"SNETWORK (2 43 3890.35750079468 0.749164926136569 57000276 348)",57
43,57000277,0.221927284652751,67,0.0756580730554828,0.31473676207772,0.354270929498081,0.350983481983268,0.358474665810763,-0.627310907579113,-0.598882351466683,-0.174862805877392,-0.446136067776316,-0.141497329505702,0.624192945367684,-0.486811536934354,-0.141497329505702,-0.141497329505702,0.210920849033515,2.67033753173156,2.57677556943735,-0.843241187998254,3.30300055441442,-0.963730569948188,1.15057915057915,3.24099722991689,-0.29467680608365,0.221927284652751,0.25,-0.542776677937713,-0.305599305253531,-0.302324586604748,0.576573454390494,-0.286307210971513,0.218137880215994,1.29411597348888,-0.425337610000822,-0.463979951666123,0.0450399348343573,0.0799701818409082,1020.0000000001,0.293801555262343,0.0680194812528743,1224.0000000001,0.532440274587498,0.826241829749841,0.0204705624932863,0.0807707636412312,-0.339079369220349,1.25859348722789,0.922360442205812,-0.366328764847794,1.03957612406669,-0.412821142263021,0.509061362710151,-0.429778915301369,-0.273222145353817,0.027092266899812,931.0000000001,1.00891601572543,0.027092266899812,931.0000000001,1.00891601572543,0.366851476655912,1e-10,1e-10,-0.791241262249438,-1.08273084644088,0.112676597332788,-0.626156022195626,0,0.0363195055765458,0.676414028971747,0.668054363157543,0.679057765258312,-0.269293410594901,-0.157325081117558,-0.0480089552296735,3.07948111883385,0.156063440195899,0.390259378428564,0.200911117418185,0.0830682340971946,0.459627018056437,-0.676201979760016,-1.0830931608934,2.02262269599017,1224.0000000001,0.973958333433333,0.00727908325428661,0.0131914791389997,0.024996408444001,0.024996408444001,0.521032029374411,1.51280664352417,3557.58714835564,0.0312500660060792,323,2,"SNETWORK (2 43 3557.58714835564 0.521032029374411 57000277 323)",57
41,57000278,-0.721241951894966,34,-0.407894617963011,-0.251052105764176,0,0,0,0.564180703617349,0.897232143594909,0.486850764835037,0.174867211049155,0.409419609145456,-0.124731628583636,0.0263175030991038,0.409419609145456,0.409419609145456,0.539649962629326,0.366309842021761,0.2499219319135,0.360710125768019,0.213081046575249,-0.606217616580312,0,0,-0.712927756653993,-0.721241951894966,0,0.189072895526698,4.01254593873729,4.19336065272436,0.335173627404312,5.6088661046552,-0.717469988752957,-0.798880301249026,0.169125750472901,0.627192372040554,0.0965912061593708,0.0799701241440398,904.0000000001,0.558420764267163,0.0973887709160195,3234.0000000001,2.01420856962716,2.57262933379432,0.0294439820840082,-1.09434404543478,0.0149514534825023,-1.00466455013349,-0.572996810136904,0.475296541288934,-1.52998170838974,0.251950952199014,-1.57945182977414,0.413900982560111,0.398830313863102,0.00170975281685681,1271.0000000001,0.086923828225,0.00170975281685681,1271.0000000001,0.086923828225,0.151173258216771,0.661382067065693,1e-10,-0.737108837754802,-0.614081875141223,0.0765820493941598,-0.505077430820005,-0.305084586862668,-0.363341583505644,0,0,0,-0.429459994443067,-0.135231233420754,-0.0660781348317433,0.00362209005071961,0.156063440195899,0.389824482716127,0.411788696046144,-0.24506805847743,0.546998494904445,-0.514110232475115,-0.229738310829756,-0.187943216701152,3234.0000000001,1.8593750001,0.00639117758018525,0.023052804403823,0.000994851296987362,0.000994851296987362,0.178777602316376,0.246097297407687,2064.01684813641,0.0625,208,2,"SNETWORK (2 41 2064.01684813641 0.178777602316376 57000278 208)",57
28,57000279,-0.0981637566886515,99,-0.361841926944517,-0.698245294676348,-0.562675121066356,-0.564925299345405,-0.567713055283144,0.259860285547122,0.362164151882365,1.09730888216571,-0.603060237105723,0.108587829248482,-0.752009243094689,0.755031471925494,0.108587829248482,0.108587829248482,-0.143614390172218,-0.822246168402177,-0.817703613463585,1.3414526274171,-1.48130967467725,0.393782383419688,-1.16859716859717,-1.44967682363804,0.0792141951837772,-0.0981637566886515,-0.5,-0.486684736731703,1.04657133668341,1.05589784719099,0.748821434465401,1.10568719501152,-0.089632197716977,1.35216413311913,-0.563151574965046,0.18610747391728,1.11152548728435,0.0399850261056294,12197.0000000001,21.6754047010191,0.133795207950168,4231.0000000001,0.905062038778623,22.5804667396977,0.438771379622558,1.50787926380811,0.700638674003816,1.67489740847741,2.39755247843428,0.863535982539599,0.678084692870328,0.762457698013939,0,0.656304586965209,0.412180607212938,0.078928665858452,562.0000000001,1.77431640635044,0.078928665858452,562.0000000001,1.77431640635044,0.728671076968045,0.261260529453437,1e-10,0.0410774298720975,0.194219645135487,0.0826154080760217,0.74968266057375,-0.0162404278606988,-0.860394174267142,-0.323585971028251,-0.331945636842457,-0.32094223474169,0.672869221772524,0.659645450809389,-0.174903842882765,0.35934001136313,0.0465623498408332,-0.41186803446012,-0.322396421375495,-0.372278809427857,-0.351418693888914,0.510612039267139,0.54256864003864,-0.0212354273541637,12197.0000000001,0.0130208334333333,0.421184704993456,0.017586674529102,0.0344775538193273,0.0344775538193273,0.227627199547178,1.73299086225587,1796.86476392959,0.125,12,2,"SNETWORK (2 28 1796.86476392959 0.227627199547178 57000279 12)",57
35,57000280,1.31630419244256,121,0.953947685431969,0.757894567769832,0.437324878933644,0.435074700654595,0.432286944716856,0.123420541972939,0.146216210619196,-0.0414434411906622,-0.615771777039868,-0.203028416576107,0.936124421449496,-0.285387079796859,-0.203028416576107,-0.203028416576107,-0.910335790968124,-0.138751218143864,-0.246936639517293,-1.50347648990057,0.129942625375736,-1.11917098445596,0.839124839124839,1.32040627885503,-1.18821292775665,1.31630419244256,0.5,-0.683840984456733,-0.384964324121259,-0.380370581597661,0.80609036411672,-0.358179775360906,1.3027484106667,0.933795383465362,-0.584656632946788,-1.47990779874201,0.0912762815241657,0.0799702643258065,324.0000000001,0.189129820791406,0.0972966637104615,3265.0000000001,2.03159996049466,2.22072978118606,0.055812250872484,-1.00595843253385,-0.362588853053987,2.1732703136772,0.973349469220543,-1.39478910850536,0.845924039174756,-1.5912720300394,0.103772683672096,-1.52202616814105,-0.898407423695112,0.0584253947940104,480.0000000001,1.1217675782246,0.0584253947940104,480.0000000001,1.1217675782246,0.420198597637532,0.0880764259838519,1e-10,0.764001587587494,0.842323831410097,-0.0405129373476974,1.05174143788005,0.949152514976323,0.464889228842547,0.544290901816155,0.532526525607705,0.534762638867335,-0.0604838271510448,0.560565735329268,-1.19856002250264,0.0557300051417964,-2.76582847223521,-0.492997309686206,-0.356461230281338,-0.109520056063688,-0.516152109426539,0.795478708552034,0.232055756002491,1.97148558034463,3265.0000000001,0.200520833433333,0.00475328474039796,0.0510589660320861,0.0281927021972539,0.0281927021972539,0.915392234076,0.797285706736147,5665.58015413117,0.0156249669969604,113,2,"SNETWORK (2 35 5665.58015413117 0.915392234076 57000280 113)",57
41,57000281,0.361309111702232,114,0.342105382036989,0,0,0,0,0.641475982942121,0.577077976475598,-0.12189756511499,-0.741004114195017,0.588680677528738,0.577197134599251,0.00830622276404252,0.588680677528738,0.588680677528738,0.368944639837268,-0.396870108878967,-0.513721730658806,-0.368140188937559,-0.49556067711665,-0.606217616580312,0,0,-0.712927756653993,0.361309111702232,0,-0.310767262182994,-0.116374116905846,-0.115461373345317,0.273266071703049,-0.110844949724671,0.362851492583676,0.551595392903331,-0.700422732132577,0.456257948442251,0.132300082255776,0.0799701241440398,990.0000000001,0.837627347063373,0.163028113106539,1466.0000000001,1.52845272809961,2.36608007506298,0.0566567418227725,-0.580365459532043,0.0124879170534732,0.250798860279436,1.03955992521383,0.942715108385793,0.510538737435985,1.02308352892596,-0.392218746433347,0.955719138587832,0.581160613761472,0.0736957375476987,239.0000000001,0.7045312501,0.0736957375476987,239.0000000001,0.7045312501,0.22296289809148,0.223921819979906,1e-10,1.19715152524716,1.19486173741401,0.05036515176057,2.13441893639913,0.915254083867404,-0.0283081595192638,0,0,-1.55600483282998e-15,-0.0592441513054541,-0.0703869693395718,0.389157306999842,-0.158015610943088,0.0627226505118233,-0.459373401524717,-0.42298910387238,0.126729966865728,-0.54031157294977,0.433083262928678,-0.0731401202465683,1.41744482001944,1466.0000000001,0.8281250001,0.0200573246691904,0.0365994170535821,0.0168702849448139,0.0168702849448139,0.706729644435203,0.322311574037515,2961.47921141889,0.0625,263,2,"SNETWORK (2 41 2961.47921141889 0.706729644435203 57000281 263)",57
43,57000282,-0.268084235664773,31,0.0756580730554828,0.31473676207772,0.125190979814175,0.126908484697204,0.131153005061719,-1.15064346489882,-1.07979516797366,-0.235473059405707,-0.0747342480629869,-0.65317989880908,-0.197984135910952,-0.280575008507599,-0.65317989880908,-0.65317989880908,0.273079371893598,3.32706869746465,3.25141790954211,0.661116626522282,3.6678839414829,-0.963730569948188,1.15057915057915,3.24099722991689,-0.29467680608365,-0.268084235664773,0.25,0.643842625663553,0.271214354857848,0.270647965357622,-0.502830787315235,0.267302567702323,-0.270063264814998,-0.80131830644538,-0.06039970392302,0.485292150033073,0.596323323511155,0.0799701818409082,411.0000000001,1.56739978809209,0.817373727100656,439.0000000001,2.29478160677601,3.86218139476809,0.0862532678381911,2.14208842480753,0.817546891914127,-0.746703799941834,-0.99692538560012,-0.312639088227849,-0.905767393663051,-0.316679572713759,-0.906376291629785,-0.132411744733827,-0.0901690102662848,0.0289384558845745,94.0000000001,0.108808593850046,0.0289384558845745,94.0000000001,0.108808593850046,0.0586467485384514,0.62183542759718,1e-10,0.434614285105071,-0.0176035270948458,0.1676773044657,-0.147318028506147,0,0.0363195055765458,0,0,0,-0.269410569504007,-1.5278540849358,0.291013836202791,0.310505599804716,0.0922872603124716,0.183447983054407,-0.0382787333094368,0.979317288876865,-0.020944554402957,-2.05270069842535,-2.48064137343513,-0.187943216701152,439.0000000001,1.20572916676667,0.03500440288825,0.0512488648499411,0.00242999895911034,0.00242999895911034,0.237799832519444,0.535651003941894,3144.44516266572,0.0312500660060792,299,2,"SNETWORK (2 43 3144.44516266572 0.237799832519444 57000282 299)",57
29,57000283,-0.749255103556723,60,-0.361841926944517,-0.698245294676348,-0.562675121066356,-0.564925299345405,-0.567713055283144,0.0968768557796792,0.124514040850351,0.974702792536597,0.257116304325126,0.881320675576939,-1.18266672537218,0.902261457373684,0.881320675576939,0.881320675576939,0.00591847016932623,-0.327848995639889,-0.445390849439998,0.833459163917952,-0.748570098465461,0.888230940044412,-1.64368450082736,-1.9192718638702,0.441336230309614,-0.749255103556723,-0.5,0.136071838825575,-0.280278265593297,-0.277383290273175,-0.216696067223345,-0.263164773629735,-0.742148245612047,0.346091142055795,0.239499958878197,-0.182266143173631,1.55594149757329,0.0399850261056294,9078.0000000001,22.5828218114031,0.0304791416498867,1989.0000000001,0.0969242122693984,22.6797460235725,0.559344760738981,-0.347229035473152,0.12994813395634,-0.384780067645438,-0.565012716831868,-0.238451362997387,0.4018463856411,-0.267848943984531,0.686551480116524,-0.209316245265406,-0.339844466269986,0.171590946888747,471.0000000001,3.23277343760079,0.171590946888747,471.0000000001,3.23277343760079,1.63827734419323,1.50820196981552,1e-10,0.558498315402018,0.638432284865122,0.0852450591711972,0.592959295929593,-0.118644023962116,-0.921164041933263,-0.323585971028253,-0.331945636842458,-0.32094223474169,-0.512531536166923,-0.624453539242741,0.673859134044431,-0.184017358174295,-0.195301332975434,0.204896994751006,0.159229565285286,-1.57827531526407,0.688941577998653,0.190145178346627,0.0359460476435365,0.489550630675738,9078.0000000001,0.223958333433333,0.556954343647542,0.0023904169914383,0.0797290623416812,0.0797290623416812,0.730580690419406,0.30963421553023,1366.21125676004,0.25,77,2,"SNETWORK (2 29 1366.21125676004 0.730580690419406 57000283 77)",57
28,57000284,-0.359243302939503,87,-0.361841926944517,-0.698245294676348,-0.562675121066356,-0.564925299345405,-0.567713055283144,0.276239145530059,0.376415154330249,1.06704469509691,-0.521897124240336,0.419404168682276,-0.776411490843861,0.831802345079345,0.419404168682276,0.419404168682276,-0.0591627964738216,-0.746207776665997,-0.751410146186435,1.34885904031407,-1.39249862006545,0.393782383419688,-1.16859716859717,-1.44967682363804,0.0792141951837772,-0.359243302939503,-0.5,-0.357425279121404,-1.71626271879519,-1.65884954512109,0.080717024985065,-1.42561231867167,-0.359950314720126,-0.266315683647488,-0.497044164816186,0.171701184186271,3.55174594190511,0.0399850261056294,3702.0000000001,21.0219535895392,0.211157314950887,5254.0000000001,1.773744103873,22.7956976933122,0.72883229371747,-0.319421386702122,-0.768636255830255,0.0113291950055321,0.250446873528501,0.279294553539853,0.225531253506751,0.400396252074863,-0.288025506132539,1.00539362720566,0.603146948126627,0.100988424149233,424.0000000001,1.71276367197542,0.100988424149233,424.0000000001,1.71276367197542,0.69957390635973,0.820189829547138,1e-10,-0.0647988036236798,0.296251391936779,-0.0218655882867555,0.664025193728164,-0.118644023962116,-0.921164041933264,-0.323585971028253,-0.331945636842457,-0.320942234741691,0.665605562364901,0.8671865207973,-0.139843925021498,-0.870836961577805,-0.325240074637786,-0.0906289123484297,0.0319370511008349,0.247626679593402,-0.143785106725544,0.753778115206967,0.616173323792759,-0.187943216701152,5254.0000000001,0.346354166766667,0.672121505430966,0.0567107881865042,0.0547610997565278,0.0547610997565278,0.0591959621475537,0.287658502404557,1663.15018224757,0.125,3,2,"SNETWORK (2 28 1663.15018224757 0.0591959621475537 57000284 3)",57
41,57000285,-0.936741964508452,11,-0.407894617963011,-0.251052105764176,-0.192309249631537,-0.194095720002018,-0.196546296696359,0.472413134940647,0.794021637114154,0.515421772385083,0.286232413730691,0.271162737601278,-0.250445114200933,0.0108306440775623,0.271162737601278,0.271162737601278,0.538172917725787,0.725715026626293,0.590869765855677,0.266849940430376,0.668847757582617,-0.606217616580312,0,0,-0.712927756653993,-0.936741964508452,0,0.314470780715796,0.661628423746815,0.663967282089458,-0.253416964603629,0.675170650598265,-0.932323113774037,-0.881942156192915,0.268650382432766,0.672326339167172,0.0579683890882337,0.0799701241440398,1547.0000000001,0.573504835594284,0.0446164937464065,2027.0000000001,0.578368623881574,1.15187345937586,0.0239824869674653,-0.168872336347539,-0.347118498010449,-0.942327778955394,-0.639337630987476,0.318309751980575,-1.09188033937042,0.3013172343231,-0.841530588736339,0.501187938189042,0.530396656742636,0.0394593254968254,945.0000000001,1.4915625001,0.0394593254968254,945.0000000001,1.4915625001,0.815173184354477,0.166948077843819,1e-10,-1.28389478467398,-1.77472890931994,-1.5478760273152,-0.715530893748715,-0.305084586862669,-0.363341583505644,-0.487990783359437,-0.50366462910767,-0.505590738712637,0.42791640092561,1.09604436311159,-0.025376146172444,-0.717766388357002,0.156063440195899,0.533701867079156,0.38969060784299,-2.07139886127706,1.20345094925392,-0.268027798202035,0.578455807130595,-0.187943216701152,2027.0000000001,1.01041666676667,0.01194061038121,0.0120418764862554,0.0310549546742243,0.0310549546742243,0.0274791433970921,0.138521112691064,1806.82554727932,0.0625,191,2,"SNETWORK (2 41 1806.82554727932 0.0274791433970921 57000285 191)",57
37,57000286,-0.0136618072042628,7,0.638158073055483,0.521052073640444,0.649161038498292,0.645874990233288,0.652741863980251,-0.613960194640579,-0.634308143915375,-0.149697769358065,2.12674296375192,-0.284873466004131,0.0791907333848958,-0.473511118560929,-0.284873466004131,-0.284873466004131,-0.604131544523988,0.161506270008404,0.318186803533921,-0.414593110654394,0.184777112713241,0.143005181347151,-0.438610038610039,0.349030470914128,0.119771863117871,-0.0136618072042628,0.5,3.91035988776905,0.0108523772340353,0.0107879672899107,-0.986755521199577,0.0104528362180474,-0.0165691611617047,0.364085382159093,2.00687227568057,-0.703218396016788,0.231234427435669,0.0799702643258065,2371.0000000001,3.50623572444572,0.191205180350108,32.0000000001,0.039129715978947,3.54536544032467,0.0829733580603445,0.0758159748894656,0.739318505814443,0.64223682466039,0.104924261291484,-0.612379011483393,0.336153095171124,-0.650542570761875,1.61928603859606,-0.706094202911086,-1.94263790473509,0.157350152459959,241.0000000001,1.51685546884946,0.157350152459959,241.0000000001,1.51685546884946,0.827129660932917,0.289420227690202,1e-10,-1.10393257061019,-0.483433078186751,0.213828585810655,-0.316916307015317,0.881355976037885,0.430873575621597,0.843324969095807,0.843044929020692,0.852244106229465,-0.0537192567728799,-0.32450459244345,0.945987343178475,-0.817176652097264,0.156063440195899,0.633187010566913,0.884738101535928,1.5066105028292,0.360954797100466,-0.294176851689995,0.878505810441165,-0.187943216334773,2371.0000000001,0.822916666766667,0.0820575923002876,0.000915765660056952,0.0354994693508039,0.0354994693508039,0.0737691984541734,1.1018295660615,4306.59452926034,0.0312499339939208,128,2,"SNETWORK (2 37 4306.59452926034 0.0737691984541734 57000286 128)",57
29,57000287,-0.637659385414886,68,-0.361841926944517,-0.698245294676348,-0.562675121066356,-0.564925299345405,-0.567713055283144,0.0572585812857555,0.108775664628946,0.945697865260681,0.00307694449665504,1.11940428576033,-1.39352888174422,1.08093198210986,1.11940428576033,1.11940428576033,0.102092459197721,-0.439714986798921,-0.501494041140008,1.16347250761991,-0.974415905548189,0.286010362694301,-0.898841698841699,-0.947368421052628,-0.0475285171102662,-0.637659385414886,-0.5,0.30355298633634,-0.36845413935279,-0.364150929109791,-0.352492723650937,-0.34331073625416,-0.634547727830406,-0.495710853459118,-0.000753351426926556,0.177562789277145,2.84388940309924,0.0399850261056294,6585.0000000001,29.9407894956356,0.108274988265484,852.0000000001,0.147489976225842,30.0882794717615,0.753943644640824,-0.465993245413398,-0.248008837624614,-0.290220812258638,-0.6043601171602,-0.398775767696528,-0.378204973957002,-0.454522137715959,-0.262602494078786,-0.399578897329526,-0.488459150046689,0.108787415619593,504.0000000001,2.19315429697554,0.108787415619593,504.0000000001,2.19315429697554,1.14682922560694,0.825545127553968,1e-10,0.46347436322293,0.633004238334341,0.0573353853519127,0.662284360304162,-0.118644023962116,-0.921164041933264,-0.323585971028251,-0.331945636842457,-0.320942234741691,-0.29473513341112,0.452198260144521,-0.033217636489593,0.10611727472508,-0.0215501894320574,-0.576743749451658,-0.582669927917461,-1.30321230269041,-0.293883691001544,1.30664793696906,1.37151390113978,1.21882420639433,6585.0000000001,0.138020833433333,0.750247882201263,0.00369576233956112,0.0549554435368785,0.0549554435368785,0.826971423351789,0.927544771773075,1455.63437227984,0.25,83,2,"SNETWORK (2 29 1455.63437227984 0.826971423351789 57000287 83)",57
43,57000288,-0.335131923052127,25,0.0756580730554828,0.31473676207772,0.118081199488201,0.12698938418892,0.129762766215853,-1.17519030886073,-1.08650835399021,-0.302228741990423,0.252932495179222,-0.482659155492495,-0.0551375848911426,-0.492641684915423,-0.482659155492495,-0.482659155492495,0.375170288063019,3.20409218780577,3.0925291104774,0.345394974926975,3.60905681248667,0,0.0216216216216217,1.64542936288088,0.287072243346007,-0.335131923052127,0.25,1.19565679401496,-0.117498050335251,-0.116574501198722,-0.743830797317544,-0.111904463672801,-0.331334752597281,0.348829794436933,0.235338432436878,0.493125367596551,0.0567493161519113,0.0799701818409082,1013.0000000001,0.367642950806762,0.109706246447734,1163.0000000001,0.815956932292345,1.18359988299911,0.0283475118914585,0.654237624517439,1.83400178222426,-0.158181745046934,0.467291579264657,0.686893081107102,0.35935994809148,0.745391356507749,0.64580132641869,1.06488594513979,1.21472755401093,0.0470292501680828,459.0000000001,0.863457031350365,0.0470292501680828,459.0000000001,0.863457031350365,0.518255554783787,0.11894178252581,1e-10,0.028918427867409,0.0468689715101653,-1.04134663805408,0.0443126730255443,0,0.0363195055765458,0.166807205765744,0.173955828124107,0.172207282955285,-0.0275447718583245,-1.86916724084361,-0.193350710129105,-0.401445705192178,0.156063440195899,-0.660721779697827,-0.600398976588425,-0.0645466262627066,-0.723284051454175,-1.51664510202128,-0.578561109287815,-0.187943216701152,1163.0000000001,0.255208333433333,0.00880514017514052,0.019542371616318,0.0206800108114525,0.0206800108114525,0.192289534578544,1.59600553232152,3078.06070825191,0.0312500660060792,294,2,"SNETWORK (2 43 3078.06070825191 0.192289534578544 57000288 294)",57
41,57000289,-0.907694506966849,15,-0.407894617963011,-0.251052105764176,-0.192309249631537,-0.194095720002018,-0.196546296696359,0.48391629050186,0.805947605307502,0.512578379194908,0.27693892752473,0.272830948011412,-0.235947668598878,0.0131809468327103,0.272830948011412,0.272830948011412,0.537036645369186,0.707144862655903,0.575392681366319,0.296227202685585,0.638448717362953,-0.606217616580312,0,0,-0.712927756653993,-0.907694506966849,0,0.276640767277971,2.57582256785918,2.64968964334746,0.0177862205081483,3.13513103359899,-0.902076189551499,0.0438531807665135,0.25864955999671,0.165291841751584,0.0550121053175794,0.0799701241440398,1754.0000000001,0.617082731705623,0.213729041169812,5629.0000000001,7.69396710579513,8.31104983740075,0.122859451356839,-0.263926698046797,-0.571536652142928,-0.129160126928478,-0.606618555123474,-0.591189151282882,-0.546173389024999,-0.392761304662966,-0.206226290727938,-0.437758848099228,-0.622215629807028,0.0889954733051935,1473.0000000001,5.24361328135,0.0889954733051935,1473.0000000001,5.24361328135,2.3686749547443,1.44717985214613,1e-10,0.0264689357164107,-0.118669976957996,-1.05552068555671,-0.258731367642259,-0.305084586862669,-0.363341583505644,-0.487990783359437,-0.50366462910767,-0.505590738712639,-0.519353670844055,0.361457152318072,0.0216888703414413,1.14414656213171,0.0299406298581724,0.330030634194093,-0.0935911710437684,-0.982231859814899,0.674866093507695,0.163931586525771,0,-0.187943216701152,5629.0000000001,2.38541666676667,0.00912212623787619,0.113737325018963,0.0775145695127582,0.0775145695127582,0.0523750291261552,1.33690207544714,1849.14590719828,0.0625,194,2,"SNETWORK (2 41 1849.14590719828 0.0523750291261552 57000289 194)",57
35,57000290,1.31630419244256,121,0.953947685431969,0.757894567769832,0.437324878933644,0.435074700654595,0.432286944716856,0.123420541972939,0.146216210619196,-0.0414434411906622,-0.615771777039868,-0.203028416576107,0.936124421449496,-0.285387079796859,-0.203028416576107,-0.203028416576107,-0.910335790968124,-0.138751218143864,-0.246936639517293,-1.50347648990057,0.129942625375736,-1.11917098445596,0.839124839124839,1.32040627885503,-1.18821292775665,1.31630419244256,0.5,-0.683840984456733,-0.384964324121259,-0.380370581597661,0.80609036411672,-0.358179775360906,1.3027484106667,0.933795383465362,-0.584656632946788,-1.47990779874201,0.0912762815241657,0.0799702643258065,324.0000000001,0.189129820791406,0.0972966637104615,3265.0000000001,2.03159996049466,2.22072978118606,0.055812250872484,-1.00595843253385,-0.362588853053987,2.1732703136772,0.973349469220543,-1.39478910850536,0.845924039174756,-1.5912720300394,0.103772683672096,-1.52202616814105,-0.898407423695112,0.0584253947940104,480.0000000001,1.1217675782246,0.0584253947940104,480.0000000001,1.1217675782246,0.420198597637532,0.0880764259838519,1e-10,0.764001587587494,0.842323831410097,-0.0405129373476974,1.05174143788005,0.949152514976323,0.464889228842547,0.544290901816155,0.532526525607705,0.534762638867335,-0.0604838271510448,0.560565735329268,-1.19856002250264,0.0557300051417964,-2.76582847223521,-0.492997309686206,-0.356461230281338,-0.109520056063688,-0.516152109426539,0.795478708552034,0.232055756002491,1.97148558034463,3265.0000000001,0.200520833433333,0.00475328474039796,0.0510589660320861,0.0281927021972539,0.0281927021972539,0.915392234076,0.797285706736147,5665.58015413117,0.0156249669969604,113,2,"SNETWORK (2 35 5665.58015413117 0.915392234076 57000290 113)",57
37,57000291,0.52445497663702,54,0.638158073055483,0.521052073640444,0.623124281295046,0.615977027310147,0.618989232093641,-0.507805145135686,-0.539399132216399,-0.162069399705814,1.78158567062771,-0.447549751884408,0.143769454403503,-0.439970612507244,-0.447549751884408,-0.447549751884408,-0.671719211993194,-0.147391212497959,-0.056474762569781,-0.616457510891339,-0.128054196782587,1.08031088082902,-1.42471042471043,-0.650969529085872,0.922053231939164,0.52445497663702,0.5,0,0.756246922158,0.759931286886191,0.0436912247854178,0.778306029688619,0.517037713242097,0.175476600334159,1.69662307755572,-0.294413392751603,0.0643413501607158,0.0799702643258065,412.0000000001,0.169529174608108,0.115024027275624,2077.0000000001,1.52785495621697,1.69738413072508,0.0347452730474556,-0.240357794653617,0.0802161282593059,-0.546855024358126,-0.42162870445446,0.118731204886446,-0.00821814385047596,0.11112896615709,1.17708536984042,0.632217847541775,1.33559551175311,0.05329908677822,559.0000000001,1.19176757822458,0.05329908677822,559.0000000001,1.19176757822458,0.453288954439099,0.0165624855741962,1e-10,0.581409040646138,0.411156673049156,-0.824147276674935,0.658566955596659,0.881355976037885,0.430873575621597,0.676414028971747,0.668054363157543,0.679057765258312,0.758372935788282,1.30462940426346,-0.735470271392576,-0.0278153550532551,-0.434953904271384,-0.654023244428942,-0.554273781125086,-0.681852387222273,-0.550174482627999,-0.160759880765712,-1.10279911428376,0.945265824421354,2077.0000000001,0.00520833343333333,0.00347024420375126,0.0312750287437043,0.0243953557976399,0.0243953557976399,0.630601789277007,0.721140987840559,4871.84469290537,0.0312499339939208,166,2,"SNETWORK (2 37 4871.84469290537 0.630601789277007 57000291 166)",57
34,57000292,1.4316895624802,126,0.953947685431969,0.757894567769832,0.437324878933644,0.435074700654595,0.432286944716856,0.133831310873909,0.0286732954084846,-0.0409554031225043,-1.05327917354106,-0.630024232731386,0.05240137316901,0.428992803558146,-0.630024232731386,-0.630024232731386,-0.987781724850068,-0.252542171709707,-0.260671393367235,-0.902319622686786,-0.173912261498447,-1.11917098445596,0.839124839124839,1.32040627885503,-1.18821292775665,1.4316895624802,0.5,-0.831192115968566,-0.52174895507509,-0.514419470126932,1.07463398786545,-0.479721693826154,1.42588706757184,1.85294413337902,-0.998894645941278,-0.171149906982334,0.0460179641161319,0.0799702643258065,833.0000000001,0.245148626099444,0.0363209400562564,1742.0000000001,0.404633925114322,0.649782551113765,0.0167383238636036,-1.20352978899924,-1.06833047867624,0.725748189713141,1.74951371533296,1.28940804589056,1.40123829839018,1.50486205554808,-0.454371973948532,1.63758417751528,0.418025011968886,0.0090663244006993,715.0000000001,0.259296875099908,0.0090663244006993,715.0000000001,0.259296875099908,0.0124919791046094,0.504738200574593,1e-10,-0.242826938005016,-0.207771994520906,-0.050723974291071,-0.23001970526723,0.949152514976322,0.464889228842547,0.617713762130222,0.607841436019799,0.614949663195257,-0.603471038674466,0.0595394265903649,0.12330956435737,0.608377466863196,0.156063440195899,-1.20932394757948,-1.06120442057526,-0.617186251714238,-1.21338787505803,0.866813274887463,0.580521169197148,0.275701597862435,1742.0000000001,0.411458333433333,0.00631500040402645,0.0104233233595772,0.00667945767067415,0.00667945767067415,0.0774929249531399,0.291852558031678,5719.01352717255,0.00781248349848019,98,2,"SNETWORK (2 34 5719.01352717255 0.0774929249531399 57000292 98)",57
41,57000293,-0.936741964508452,11,-0.407894617963011,-0.251052105764176,-0.192309249631537,-0.194095720002018,-0.196546296696359,0.472413134940647,0.794021637114154,0.515421772385083,0.286232413730691,0.271162737601278,-0.250445114200933,0.0108306440775623,0.271162737601278,0.271162737601278,0.538172917725787,0.725715026626293,0.590869765855677,0.266849940430376,0.668847757582617,-0.606217616580312,0,0,-0.712927756653993,-0.936741964508452,0,0.314470780715796,0.661628423746815,0.663967282089458,-0.253416964603629,0.675170650598265,-0.932323113774037,-0.881942156192915,0.268650382432766,0.672326339167172,0.0579683890882337,0.0799701241440398,1547.0000000001,0.573504835594284,0.0446164937464065,2027.0000000001,0.578368623881574,1.15187345937586,0.0239824869674653,-0.168872336347539,-0.347118498010449,-0.942327778955394,-0.639337630987476,0.318309751980575,-1.09188033937042,0.3013172343231,-0.841530588736339,0.501187938189042,0.530396656742636,0.0394593254968254,945.0000000001,1.4915625001,0.0394593254968254,945.0000000001,1.4915625001,0.815173184354477,0.166948077843819,1e-10,-1.28389478467398,-1.77472890931994,-1.5478760273152,-0.715530893748715,-0.305084586862669,-0.363341583505644,-0.487990783359437,-0.50366462910767,-0.505590738712637,0.42791640092561,1.09604436311159,-0.025376146172444,-0.717766388357002,0.156063440195899,0.533701867079156,0.38969060784299,-2.07139886127706,1.20345094925392,-0.268027798202035,0.578455807130595,-0.187943216701152,2027.0000000001,1.01041666676667,0.01194061038121,0.0120418764862554,0.0310549546742243,0.0310549546742243,0.0274791433970921,0.138521112691064,1806.82554727932,0.0625,191,2,"SNETWORK (2 41 1806.82554727932 0.0274791433970921 57000293 191)",57
37,57000294,0.0455795336373651,12,0.638158073055483,0.521052073640444,0.649161038498292,0.645874990233288,0.652741863980251,-0.602910966929594,-0.623140500129859,-0.153359527832033,2.11561166454344,-0.286775193236114,0.0882500068698856,-0.478229012135186,-0.286775193236114,-0.286775193236114,-0.604238525587479,0.133267219827043,0.282668530002558,-0.447377763301951,0.160180681404321,0.143005181347151,-0.438610038610039,0.349030470914128,0.119771863117871,0.0455795336373651,0.5,0.326096908577444,-0.172056103700266,-0.170561941132704,-0.348739454622026,-0.163084523571286,0.0394031387140831,-0.761664748296891,1.99610823258492,0.175674072263153,0.17692430688488,0.0799702643258065,1172.0000000001,1.32608748457759,0.697294706814825,71.0000000001,0.316615213574271,1.64270269805186,0.039731513478813,1.10261471869797,0.401616718526906,0.122829184023271,-0.367504887237929,-0.567992657458012,-0.76086291538888,-0.623983201268649,0.526411973791868,-0.569097946212851,-1.58869218989121,0.0569960651275735,68.0000000001,0.155029296974945,0.0569960651275735,68.0000000001,0.155029296974945,0.183368033374978,0.585471584117463,1e-10,-0.0844919069364359,-0.174832344521908,0.333902622015357,-0.0886434797325886,0.881355976037885,0.430873575621595,0.757504757403862,0.753071226060187,0.763197682367006,0.441043170574344,0.857823099482299,-1.5823287741007,0.108958149409078,0.156063440195899,0.121492853557342,0.247160804440688,-0.0498598143754102,0.182612286157135,-0.13723312550963,-0.169032451965605,0.193424159397375,1172.0000000001,1.2734375001,0.03207364466905,0.00765786870976292,0.00374964294547919,0.00374964294547919,0.131189130431393,0.629680889076553,4364.88247159979,0.0312499339939208,133,2,"SNETWORK (2 37 4364.88247159979 0.131189130431393 57000294 133)",57
43,57000295,-0.440874983532393,16,0.0756580730554828,0.31473676207772,0.118081199488201,0.12698938418892,0.129762766215853,-1.12703075030543,-0.991555052628379,-0.259463580734913,0.43627174571351,-0.377837795207354,-0.0307159481190121,-0.521037203407746,-0.377837795207354,-0.377837795207354,0.357452979078126,3.04757019978696,2.95005325468852,0.271792113934265,3.44253865939086,0,0.0216216216216217,1.64542936288088,0.287072243346007,-0.440874983532393,0.25,0.60057834098113,-0.14548119819662,-0.144276272607755,-0.512269088778776,-0.138216341399193,-0.440712971689904,-0.762189513048676,0.409754091619377,0.697448659257814,2.00214426550706,0.0799701818409082,799.0000000001,10.2305342316844,0.155423502912783,750.0000000001,0.745476782251867,10.9760110138362,0.26420592542523,-0.315907378786719,-0.123092946832507,-0.662045317838553,-0.783462174806757,-0.179330776867485,-0.767149688754408,-0.196621295622973,-0.332610804102842,-0.170052556641584,-0.315085960145733,0.0298451207140351,342.0000000001,0.408281250100173,0.0298451207140351,342.0000000001,0.408281250100173,0.0829197809134516,0.417982400434418,1e-10,0.489801576887284,0.284568105109897,-0.980133345868061,0.51992287140802,0,0.0363195055765448,0,0,0,0.344572649194189,1.1479821710928,-0.606159479298343,-0.102930345723198,0.156063440195899,-0.816662466190656,-0.694470248818315,-0.7483768531911,-0.72153211427049,1.65719626449308,0.507787036635097,-0.187943216701152,799.0000000001,0.559895833433333,0.246261393127657,0.0179445321975733,0.00982782591182169,0.00982782591182169,0.117440162102984,1.23098866362125,2968.88025943439,0.0312500660060792,286,2,"SNETWORK (2 43 2968.88025943439 0.117440162102984 57000295 286)",57
41,57000296,-0.943858773800948,10,-0.407894617963011,-0.251052105764176,-0.192309249631537,-0.194095720002018,-0.196546296696359,0.463818929157942,0.786094002966261,0.514751341549907,0.289055266656921,0.272661410872216,-0.261939107800749,0.0118568070103222,0.272661410872216,0.272661410872216,0.538753043656862,0.72533691395388,0.591438361679581,0.260609601935735,0.670135938374983,-0.606217616580312,0,0,-0.712927756653993,-0.943858773800948,0,0.683685498180152,-0.0395134965448498,-0.0392492211680651,-0.546482548563963,-0.037890702914369,-0.940671131187317,-0.680434611630997,0.269403733859692,0.194138744414302,0.0678136017073857,0.0799701241440398,1206.0000000001,0.523021639521953,0.0961966740055621,2821.0000000001,1.73547627766594,2.2584979170879,0.0533376049025941,-0.362302755995486,0.140448908647884,-0.872274910613654,-0.627520772365885,0.249406773987236,-0.680519500725126,0.266537750906082,-0.344261488934711,0.491213850511693,0.518148251160756,0.00320756900800562,890.0000000001,0.114189453225,0.00320756900800562,890.0000000001,0.114189453225,0.0561031120153607,0.614485040214704,1e-10,-0.192702456641307,-1.22739345410234,-1.17685049710856,-0.598417534061098,-0.305084586862669,-0.363341583505645,-0.487990783359436,-0.50366462910767,-0.505590738712639,0.432466283942145,-1.90895973701166,0.213112080171645,-0.538518718665219,0.156063440195899,-0.697718906120825,-0.571744641620292,-1.074931879599,-0.495730284231944,-0.542592859774852,-0.0843256446425803,-0.187943216701152,2821.0000000001,0.8671875001,0.012351891625341,0.0409857131772531,0.00269674453874567,0.00269674453874567,0.0211230871976549,0.301211855374277,1796.02092723275,0.0625,190,2,"SNETWORK (2 41 1796.02092723275 0.0211230871976549 57000296 190)",57
35,57000297,1.32893449676394,122,0.953947685431969,0.757894567769832,0.437324878933644,0.435074700654595,0.432286944716856,0.102528885876007,0.124667972087079,-0.0585341766398716,-0.629858196019464,-0.21685422729167,0.936626553637311,-0.248941251501326,-0.21685422729167,-0.21685422729167,-0.899489545023017,-0.155014830882881,-0.275096840308185,-1.54513498706538,0.122137728135684,-1.11917098445596,0.839124839124839,1.32040627885503,-1.18821292775665,1.32893449676394,0.5,-0.556276763730065,-0.406902407724795,-0.40190945068281,0.579196381133227,-0.377870508828482,1.3231614012749,2.26639200809203,-0.598598568961263,-1.2768126705126,0.0723498237920152,0.0799702643258065,490.0000000001,0.226720410508089,0.0528574685598985,1820.0000000001,0.615226181927226,0.841946592335315,0.021243968833269,-1.60019360218627,-0.938221705374038,1.71343958869711,0.875676087169736,-0.996339544297816,1.55967757080514,-1.14162378959608,0.648700679420707,-1.34805623800835,-0.803074289886556,0.065511582872943,474.0000000001,1.24209960947456,0.065511582872943,474.0000000001,1.24209960947456,0.477081881190672,0.174819717633993,1e-10,2.68092316040319,1.60166508487334,-0.0432948215239398,3.15447478813815,0.949152514976322,0.464889228842547,0.598016787676988,0.586732774017087,0.579627963523127,-0.175171292988106,0.805186639465136,-0.41895702483285,-0.111521923631077,-1.88675182342474,-0.733485720358718,-0.700246631924139,-0.753071859440868,-0.62352800690278,0.395504433932273,-0.416472544356042,2.68654849751092,1820.0000000001,0.216145833433333,0.00572060194117066,0.0155233667920984,0.0313406165052615,0.0313406165052615,0.957301840606411,0.882805818527571,5675.98543857676,0.0156249669969604,114,2,"SNETWORK (2 35 5675.98543857676 0.957301840606411 57000297 114)",57
41,57000298,-0.960620695647787,8,-0.407894617963011,-0.251052105764176,-0.192309249631537,-0.194095720002018,-0.196546296696359,0.466828009358511,0.788581663098492,0.516149535088214,0.290673795153464,0.272281548596518,-0.268300391260244,0.0120584213731492,0.272281548596518,0.272281548596518,0.539094055382419,0.725780714949509,0.592966276534364,0.259823242839801,0.670886694858914,-0.606217616580312,0,0,-0.712927756653993,-0.960620695647787,0,0.510813690740975,1.35314128499941,1.3708345803441,-0.324890167944259,1.47001591377569,-0.95614213907379,-0.183178119778769,0.27149601118513,-0.0320551809527206,0.0576140350765051,0.0799701241440398,2723.0000000001,1.00330152565382,0.0784061783248789,3162.0000000001,1.58550527176393,2.58880679731775,0.0476161118702064,0.57044415881283,-1.35559535282515,-0.66516666177096,-0.271597047168586,0.439849476883948,-0.457179350106334,0.36882995197194,-0.101672354149362,-0.0654093920244553,0.138208358403156,0.00950805580807869,1309.0000000001,0.497841796975,0.00950805580807869,1309.0000000001,0.497841796975,0.345422146818449,0.436471942104529,1e-10,-0.645350542473418,-1.33056497971025,0.0882828865981381,-0.652395459326152,-0.305084586862669,-0.363341583505645,-0.487990783359437,-0.503664629107672,-0.505590738712639,0.229051395064601,-1.90321420802816,0.142292330908054,-0.405081136340563,0.156063440195899,-0.677365988974128,-0.49072085531595,-0.41474272765624,-0.648859193137769,0.175479382120727,-0.0901034412970204,-0.187943216701152,3162.0000000001,1.95833333343333,0.0184537979548463,0.0291623138153601,0.00915684039046754,0.00915684039046754,0.00867863316477291,0.451285520453753,1774.86667791631,0.0625,189,2,"SNETWORK (2 41 1774.86667791631 0.00867863316477291 57000298 189)",57
41,57000299,-0.90126443193062,16,-0.407894617963011,-0.251052105764176,-0.192309249631537,-0.194095720002018,-0.196546296696359,0.48391629050186,0.805947605307502,0.511092619452762,0.272939595820368,0.275481048241523,-0.236145523175478,0.0131056192739677,0.275481048241523,0.275481048241523,0.536214252245932,0.694560755503197,0.568112815480835,0.304536302871055,0.621089791879305,-0.606217616580312,0,0,-0.712927756653993,-0.90126443193062,0,0.25125196530025,2.03873274908017,2.08362310178709,-0.0308994545164434,2.35945937394681,-0.894622095659205,-0.113746812120814,0.256136195410807,0.00639451086884926,0.070781590064334,0.0799701241440398,1975.0000000001,0.894011187043171,0.152349330083222,3067.0000000001,2.98820139327731,3.88221258022048,0.0631652684596277,-0.299674477897156,-0.256774536944193,-0.318515881011564,0.0404328755136927,0.40780576531299,-0.551851391103397,0.30385421466328,-0.21437453898047,0.0922932680374157,0.0294014783783215,0.0202880040193729,893.0000000001,0.7246875001,0.0202880040193729,893.0000000001,0.7246875001,0.232491148152649,0.363886196744097,1e-10,-0.146226388511032,-0.0738028602095856,0.0864604970093905,-0.194858496838695,-0.305084586862669,-0.363341583505644,-0.487990783359436,-0.50366462910767,-0.505590738712639,0,0.522391554569095,0.0479206649768233,1.19358716725035,-0.178899891198868,0.327798387950587,0.152469302672489,-1.16841650012951,0.72213088007451,0.107357510189836,0.200258187907766,-0.187943216701152,3067.0000000001,0.8750000001,0.0145459465122907,0.048619321847337,0.0117909773021618,0.0117909773021618,0.0585067239408213,0.843364662490785,1859.56913673483,0.0625,195,2,"SNETWORK (2 41 1859.56913673483 0.0585067239408213 57000299 195)",57
43,57000300,0.315040040811636,75,0.0756580730554828,0.31473676207772,0.354270929498081,0.350983481983268,0.358474665810763,-0.533858957963233,-0.547538235299707,-0.125489047544229,-0.701769591156221,-0.174572950889356,0.357395340687337,-0.173973619386589,-0.174572950889356,-0.174572950889356,0.0250089685628007,2.9709878592853,3.00587864606578,-0.391334836991729,3.53615684097441,0.124352331606218,-0.494208494208494,-0.193905817174515,-0.237642585551331,0.315040040811636,0.25,-0.687198089092562,-0.298440600802227,-0.295275250942493,0.830344162799787,-0.279774878762285,0.311370855823753,0.329957686439212,-0.665317871535488,-0.321549064298467,0.0427793485243681,0.0799701818409082,1162.0000000001,0.317904342049737,0.0680084406684278,1114.0000000001,0.484511593636268,0.802415935586005,0.0198546391653526,-0.173084176473727,-0.198446287340412,-0.0305281726760807,0.46738439442154,0.582253575463293,0.394169501675509,0.65229282956315,-0.424881443818603,0.767972899228858,0.356839326906828,0.0715184868658423,647.0000000001,1.85089843760078,0.0715184868658423,647.0000000001,1.85089843760078,0.764872887520382,0.573200182204587,1e-10,0.874174797848978,0.748925685445268,0.0611977474827213,0.433026269659933,0.424487111611926,0.22634866795022,0.67641402897175,0.668054363157543,0.67905776525831,-1.03110070323673,-0.3610514004925,0.385444034366894,-0.292018240498656,0.0198124140179341,-0.624412537464361,-0.629735654611628,-0.119463472072778,-0.666343931973613,0.355424598124741,-0.3202672476454,1.65212498773877,1162.0000000001,0.2343750001,0.00786609000093887,0.0119885490644138,0.0457978447311682,0.0457978447311682,0.580434025551081,1.66737384804597,3644.23499039791,0.0312500660060792,330,2,"SNETWORK (2 43 3644.23499039791 0.580434025551081 57000300 330)",57
43,57000301,0.541676360364502,91,0,0.230175963096256,0.354270929498081,0.350983481983268,0.358474665810763,-0.168323400168355,-0.205968373355658,0.0230850445021096,-0.960323427242793,0.110650123591382,1.01478288868672,-0.632857191587172,0.110650123591382,0.110650123591382,-0.299890619120207,3.18306001365413,3.33080141263899,-1.12164132516016,3.99353728213812,0.124352331606218,-0.494208494208494,-0.193905817174515,-0.237642585551331,0.541676360364502,0.25,-0.755519884895732,-1.55934230164509,-1.51130348542982,0.700884440092028,-1.31239005137321,0.537638505650239,1.31133739439562,-0.911045316226663,-2.35882155099106,0.0578700423020658,0.0799701818409082,1284.0000000001,0.475198421007626,0.0697774148881764,956.0000000001,0.42660793919887,0.901806360106496,0.0280238946504646,0.817201208106972,-0.0846563989869409,1.0970105490575,0.85535406093912,-0.253866383997163,1.43074350366365,-0.362003677241992,-0.146610208893567,-1.16294201964652,-0.443462915811398,0.0263527593826594,643.0000000001,0.677792968850286,0.0263527593826594,643.0000000001,0.677792968850286,0.430488553735813,0.108398863974311,1e-10,-0.925974201361932,-1.26838593497541,-0.0132872792489778,-0.588764370942589,0,0.0363195055765458,0.676414028971749,0.668054363157545,0.67905776525831,0.2459616268685,0.514574562640196,-0.717052446858332,6.51468158366754,-0.48791623719976,0.988663679974784,0.921817364618656,1.1958591863566,0.857646815050522,-0.460254868722537,-0.517042650542451,1.33102693218558,1284.0000000001,0.223958333433333,0.0147669289424469,0.0132569656080177,0.0210626133565609,0.0210626133565609,0.708946640214477,1.47961771615956,3831.69233951923,0.0312500660060792,344,2,"SNETWORK (2 43 3831.69233951923 0.708946640214477 57000301 344)",57
37,57000302,0.221700241898638,26,0.638158073055483,0.521052073640444,0.623124281295046,0.615977027310147,0.618989232093641,-0.589526465605128,-0.614441974241078,-0.16824963142729,2.00891756990999,-0.348560041941984,0.0666147692145283,-0.46285409669285,-0.348560041941984,-0.348560041941984,-0.626793803229661,0.037238796762638,0.15543294878834,-0.524523806864413,0.0669468989970232,0.143005181347151,-0.438610038610039,0.349030470914128,0.119771863117871,0.221700241898638,0.5,-0.764239222293449,-0.689505125263683,-0.678009929852862,0.897708443131747,-0.624847880802169,0.220346434763286,0.0945992248555067,1.89505386956164,0.369528955742159,0.0781522086168948,0.0799702643258065,594.0000000001,0.296882612028229,0.14325667962937,492.0000000001,0.450751359667518,0.747633971595747,0.0198507612879428,-0.895379213708182,-0.262555030708353,0.250992439176135,0.693480576085578,0.534819329652703,0.304558988820265,0.642045867964681,1.54629385510398,0.11741736803344,0.151149585726093,0.00637113141009615,260.0000000001,0.0662597657249765,0.00637113141009615,260.0000000001,0.0662597657249765,0.141404955343973,0.640317281511814,1e-10,0.452214776884002,-0.0991028440748716,0.328606806789722,-0.13989530821214,0.881355976037885,0.430873575621596,0.676414028971749,0.668054363157545,0.67905776525831,0.0974831969917033,-0.647325676587432,0.983083252267364,0.542214920956267,0.119110502141215,-0.202958308152868,-0.101361487715484,0.45600727031386,-0.330245956638727,-0.384143620791575,-0.204198821752675,0.0139433027356359,594.0000000001,0.7734375001,0.00788266191068004,0.0119680992772627,0.00175929242642494,0.00175929242642494,0.304154926729572,2.34364391821178,4540.46297150923,0.0312499339939208,143,2,"SNETWORK (2 37 4540.46297150923 0.304154926729572 57000302 143)",57
41,57000303,-0.0110213840638411,92,-0.407894617963011,-0.251052105764176,0,0,0,0.477557352948576,0.52349272976688,-0.0679852573293975,-0.466846271119186,0.796431068161677,0.0441115726866334,0.140428022405853,0.796431068161677,0.796431068161677,0.454254701696736,-0.233206959258717,-0.357817011731202,-0.219268756284893,-0.341521772496494,-0.606217616580312,0,0,-0.712927756653993,-0.0110213840638411,0,-0.519887727318043,0.0266979170910717,0.0265457719890812,0.603014301414456,0.0257508713343902,-0.0128895816919715,-0.239304353297373,-0.442625215889465,0.528723903725483,0.105095189235978,0.0799701241440398,3373.0000000001,2.26701668577213,0.0656323393090411,242.0000000001,0.101575457949649,2.36859214362178,0.0552751290585099,-0.210776234007686,-0.05472051527075,-0.325974556614351,0.147457737651733,0.541228605960228,-0.195294367433831,0.572390246135893,-0.601049651901499,0.715380129009708,0.443318940557581,0.0479398257115257,603.0000000001,1.15630859385,0.0479398257115257,603.0000000001,1.15630859385,0.656692164683969,0.0547814947651938,1e-10,-0.53266877342137,-0.121777749430039,0.109162345992926,-0.206240404260206,-0.0153687120790803,0.0161864707896487,0,0,0,0.48148216111475,0.707435279272378,-0.958331701772971,-0.713619267009451,0.156063440195899,-0.860407998409716,-0.669744399720177,-0.524868982192619,-0.832271014815986,1.0279110660926,1.09616715818788,-0.169301391456666,3373.0000000001,0.119791666766667,0.0529046927704919,0.00237043618801796,0.0269844290458261,0.0269844290458261,0.561338212451557,0.857012051494732,2714.32922858068,0.0625,248,2,"SNETWORK (2 41 2714.32922858068 0.561338212451557 57000303 248)",57
36,57000304,0.936282273006298,93,0.638158073055483,0.521052073640444,0.623124281295046,0.615977027310147,0.618989232093641,-0.172347674628826,-0.16212468919172,-0.0306264527258279,0.345484479529965,-0.338574727259178,0.473941792624682,-0.672939433415307,-0.338574727259178,-0.338574727259178,-0.727080005989292,-0.000492757954306967,-0.0793690566078603,-1.28320966973951,0.233684374225002,0,0.0216216216216217,1.64542936288088,0.287072243346008,0.936282273006298,0.5,-0.131829804499174,0.263210583198782,0.262630087473844,0.115596032951554,0.259230349176102,0.925138015003858,0.264135376038091,0.336919154535735,-0.075081239789856,0.16287592954811,0.0799702643258065,1199.0000000001,1.24891577747171,0.103841420102985,2385.0000000001,1.58385734761759,2.8327731249893,0.0633547934715562,1.40490479634326,1.55289377206387,0.314482215484671,-0.151901824928277,-0.517461783459123,0.190539034690195,-0.524920367214521,0.577145428034915,-0.806876285933415,-1.09305348254146,0.0760363257949844,643.0000000001,1.95565429697431,0.0760363257949844,643.0000000001,1.95565429697431,0.814393012716466,0.516441879599122,1e-10,-0.0291198242821296,0.0590846713702326,-0.981927566120065,0.07996349085458,0.920427574682472,0.450477092707269,0.676414028971749,0.668054363157543,0.67905776525831,-0.363126276216436,-0.829630078272781,-1.56387037946106,-0.0948999570300373,-1.51193421606619,-0.275254739075117,-0.00942356435252252,0.347064993331559,-0.38516206538472,-0.364532313749251,-0.561077751958084,-0.187943216701152,2385.0000000001,0.223958333433333,0.0279319230751856,0.0354228702963706,0.0437380857634017,0.0437380857634017,0.484475512727247,0.373773887922953,5339.59453592376,0.0156249669969604,121,2,"SNETWORK (2 36 5339.59453592376 0.484475512727247 57000304 121)",57
35,57000305,1.17669532263897,113,0.953947685431969,0.757894567769832,0.437324878933644,0.435074700654595,0.432286944716856,0.127173845239842,0.175220764227151,0.0158825245112671,-0.57068966717485,-0.17611959456705,0.938854664596606,-0.363512536626651,-0.17611959456705,-0.17611959456705,-0.90831305416409,0.0936096888514422,0.0388899407689569,-1.2616976188292,0.340151515588497,-1.11917098445596,0.839124839124839,1.32040627885503,-1.18821292775665,1.17669532263897,0.5,0.0569152259577787,-0.632776192059805,-0.622790527506089,-0.191171535821973,-0.576249796231945,1.16897529882199,0.557417935834122,-0.541991940126655,0.803438315148011,0.0950505577147275,0.0799702643258065,275.0000000001,0.167164642929963,0.102929982655288,1848.0000000001,1.2164686693888,1.38363331221876,0.0363632861291378,0.808995017723562,-1.15249371712015,0.238284242624882,0.424970563602389,0.220743369685477,0.660622121930017,0.261235532606235,0.0199130639842469,0.620284021805412,1.01330747178467,0.0818477282932128,733.0000000001,2.39977539072415,0.0818477282932128,733.0000000001,2.39977539072415,1.02433766207775,1.04910769911988,1e-10,-0.44287737598425,0.127809007425749,0.0894808217823485,-0.128501311669628,0.949152514976322,0.464889228842546,0.676414028971747,0.668054363157542,0.679057765258313,-0.167272412972231,0.443771890532234,0.234599628617577,0.512425870860823,-1.5083030371284,-0.145452615736044,0.00257464026906758,-0.00786546608042011,-0.139131005261973,0.0824765482511341,-0.307980540424217,-0.187943216701152,1848.0000000001,0.458333333433333,0.00439325626807607,0.0319700297610618,0.0630685299136985,0.0630685299136985,0.542193872081698,2.42793756518418,5572.92275568096,0.0156249669969604,109,2,"SNETWORK (2 35 5572.92275568096 0.542193872081698 57000305 109)",57
29,57000306,-0.777727946720634,58,-0.361841926944517,-0.698245294676348,-0.562675121066356,-0.564925299345405,-0.567713055283144,0.0717029825489753,0.101160450609254,0.971543860201435,0.267711574741209,0.885079561415931,-1.17115237654565,0.881267958079743,0.885079561415931,0.885079561415931,0.010578833623824,-0.304380207095301,-0.423673672349296,0.754188181084766,-0.698387519020397,0.888230940044412,-1.64368450082736,-1.9192718638702,0.441336230309614,-0.777727946720634,-0.5,0.110207114486799,-0.120645159180835,-0.119691149994033,-0.1762355194371,-0.114870078866502,-0.766245397054082,1.54856717269226,0.264212517476766,-0.517696298462365,0.548442009797465,0.0399850261056294,6648.0000000001,5.82930112080129,0.32956043237542,1683.0000000001,0.886776030168396,6.71607715086968,0.16094287895661,0.670186471582342,0.205926724947041,-0.600739489909684,0.172526302762785,0.867495991880727,1.12388029976778,0.942106131763006,1.30989066200791,0.898123297135302,1.04579800636264,0.14362415441701,485.0000000001,2.78630859385068,0.14362415441701,485.0000000001,2.78630859385068,1.4272247587782,1.15112130006117,1e-10,0.518232326925431,-0.105429907902524,0.0856112210280027,-0.049027430215549,-0.118644023962116,-0.921164041933264,-0.32358597102825,-0.331945636842455,-0.32094223474169,0.398495742762682,0.725599161150008,-1.51658282327086,0.604676879111585,0.100411000927929,-0.315578953033395,-0.393902988091599,-2.60738500057439,0.359153425066319,0.717414004087114,0.391802951781414,0.206871201418583,6648.0000000001,0.1875000001,0.139692335723125,0.0212505431334849,0.0667706037906004,0.0667706037906004,0.707975450624879,0.994861591607332,1345.24003983905,0.25,76,2,"SNETWORK (2 29 1345.24003983905 0.707975450624879 57000306 76)",57
37,57000307,0.396671721404526,42,0.638158073055483,0.521052073640444,0.623124281295046,0.615977027310147,0.618989232093641,-0.569404946249779,-0.584616332527073,-0.172087835898403,1.9110992767092,-0.401601893588865,0.112266885822038,-0.463489912416902,-0.401601893588865,-0.401601893588865,-0.650105262621395,-0.0408173961559257,0.0625541428239868,-0.578109338895383,-0.0113835285832768,0.55958549222798,-0.876876876876878,-0.0954139735303178,0.476341360371778,0.396671721404526,0.5,-0.457432185984598,-0.0919807052692718,-0.0912930672018394,0.483119524126445,-0.0877980151386021,0.391216319819098,-0.214585765491092,1.80625380376676,-0.650528608656634,0.0598479783963551,0.0799702643258065,103.0000000001,0.0394224646076067,0.18212076545489,2801.0000000001,3.26234312785858,3.30176559236619,0.078715689811862,0,-0.0523532180020092,0.57774858877941,0.374784265738395,-0.230644710206287,-0.141253686062852,-0.250120320099913,1.09736765501558,-0.286956008499022,-0.790652034630151,0.163689907746501,593.0000000001,3.88272460947362,0.163689907746501,593.0000000001,3.88272460947362,1.72535650160692,1.86193496720684,1e-10,0.787654117741957,0.582464277016831,0.323306563684245,0.897484253919898,0.881355976037885,0.430873575621596,0.676414028971749,0.668054363157543,0.67905776525831,-0.363284544159943,0.0547793441341549,-0.402628007505968,-0.497839148330232,-0.380791156598858,-0.195707664820808,-0.219324290098813,-0.416516091642179,-0.0881459757644462,-0.0511445420002057,-0.406759471730349,1.2400257578036,2801.0000000001,0.0937500001,0.000939850633590187,0.0777758390782718,0.0925660338529036,0.0925660338529036,0.483614208933442,0.608514808816835,4722.63511858751,0.0312499339939208,157,2,"SNETWORK (2 37 4722.63511858751 0.483614208933442 57000307 157)",57
36,57000308,0.837314056188877,85,0.638158073055483,0.521052073640444,0.623124281295046,0.615977027310147,0.618989232093641,-0.187506024192576,-0.183927118269175,-0.0135541149767798,0.413497483449241,-0.339033237365974,0.419855752583127,-0.708499542953261,-0.339033237365974,-0.339033237365974,-0.816932327856977,0.0547903372859658,0.0163912215897908,-1.16832559724087,0.267684753144251,0,0.0216216216216217,1.64542936288088,0.287072243346008,0.837314056188877,0.5,-0.0225835417096669,-0.17902142933285,-0.17744790075839,-0.0617971330260271,-0.169583319010109,0.82277299721035,-0.695691156828268,1.32717493214903,0.16001019121249,0.084687116611712,0.0799702643258065,464.0000000001,0.251299942125374,0.114249178418679,1250.0000000001,0.913314095372006,1.16461403739738,0.0282034915192354,-0.577091988097781,0.117690837825329,-0.258347907985057,-0.27739356553469,-0.0426738015395705,-0.670356981208556,-0.0477744857040463,0.332583095527478,0.489246490870836,1.77594762139101,0.0835405355240544,423.0000000001,1.4135058594745,0.0835405355240544,423.0000000001,1.4135058594745,0.558108937912366,0.254464111348083,1e-10,-0.834336124893348,-0.932077582198697,0.100166778800051,-0.374357765446874,0.881355976037885,0.430873575621597,0.676414028971749,0.668054363157543,0.67905776525831,0.180391925080732,-0.519244065827185,-2.06888346280696,-2.34654997084727,-2.85392214763459,0.114647197177897,0.334819262894536,0.0137344691635984,0.157619059562626,-1.11133477303283,-1.84932789803519,-0.187943216701152,1250.0000000001,0.348958333433333,0.00608573787674277,0.0221177535424926,0.034230911786381,0.034230911786381,0.00513579631049443,0.00311934509891412,5247.81045642127,0.0156249669969604,115,2,"SNETWORK (2 36 5247.81045642127 0.00513579631049443 57000308 115)",57
43,57000309,0.482549942398412,88,0,0.230175963096256,0.354270929498081,0.350983481983268,0.358474665810763,-0.189782348576964,-0.220019973734987,0.0298421516824795,-0.957591072684112,0.121460331953083,1.00656651651263,-0.632006981114925,0.121460331953083,0.121460331953083,-0.292847879057556,3.2199940168013,3.36638131385127,-1.09008732913062,4.02887023243494,0.124352331606218,-0.494208494208494,-0.193905817174515,-0.237642585551331,0.482549942398412,0.25,-0.395862661170476,0.0639924543438883,0.0636632993219348,0.420585543920717,0.0619254314634245,0.478909159042368,1.1936905125843,-0.892978040957316,-0.95323755158898,0.0886517498214944,0.0799701818409082,1784.0000000001,1.01143581458604,0.0535907125088236,1634.0000000001,0.560012535696963,1.571448350183,0.036427191886842,0.851640259757188,1.50122577610051,0.738729222686124,1.13537161237515,0.461639541014942,0.872852152392558,0.484955565616677,-0.541445524036703,0.470882445639254,0.159576991284459,0.00219965340837408,818.0000000001,0.0719726563500304,0.00219965340837408,818.0000000001,0.0719726563500304,0.144105549474708,0.642822643191116,1e-10,-0.617423712816283,-1.02244781297388,-0.012337391917282,-0.554848341977055,0,0.0363195055765467,0.676414028971749,0.668054363157543,0.679057765258309,0.20999220755632,0.353388585257638,-0.672147864176864,3.15468727363195,0.156063440195899,0.554087949777305,0.482030139968272,-0.244046048528296,0.737787078579239,-0.339278003160022,-0.204571079174936,2.39548968207056,1784.0000000001,0.6796875001,0.0234457380622263,0.0129814537246158,0.00166837284374624,0.00166837284374624,0.681895145574824,0.850244215351747,3792.23316667304,0.0312500660060792,342,2,"SNETWORK (2 43 3792.23316667304 0.681895145574824 57000309 342)",57
34,57000310,1.35051757338947,123,0.953947685431969,0.757894567769832,0.437324878933644,0.435074700654595,0.432286944716856,0.141600214483292,0.0301438734127052,-0.0414172812493044,-1.05105500212323,-0.615513238165526,0.0440351412647828,0.434443381597636,-0.615513238165526,-0.615513238165526,-0.976735385353425,-0.240310699983311,-0.24569862383093,-0.889337825890814,-0.162915499024307,-1.11917098445596,0.839124839124839,1.32040627885503,-1.18821292775665,1.35051757338947,0.5,-1.30995532711402,-0.798084844157722,-0.783410098398526,2.49158015643541,-0.716524138993503,1.34944985776436,1.79104172608142,-0.599687474298873,0.620285388004068,0.0817361909654372,0.0799702643258065,384.0000000001,0.200725561284588,0.0872347096112117,2231.0000000001,1.24464629722156,1.44537185840615,0.0391363899382586,-1.94537727991562,-1.48393943538594,0.487553392976275,2.12636661653193,2.1005000825014,1.45565725178279,2.57737088810805,0.566093492154415,2.05724234731135,2.01683345550192,0.0169561107687898,314.0000000001,0.212968750099924,0.0169561107687898,314.0000000001,0.212968750099924,0.00940822375535623,0.529893739217996,1e-10,-1.10075930673406,-0.911769948359641,-0.0494188573941454,-0.428825300112429,0.949152514976323,0.464889228842547,0.676414028971749,0.668054363157545,0.679057765258312,0.600066578333808,0.205361501801637,0.835663641023072,-0.152983188794652,0.156063440195899,0.03019395926769,0.137470627461372,-0.0736754937861119,0.0827963557648613,0.797546131235326,0.855964554239458,3.74161714148311,2231.0000000001,0.6328125001,0.00543505380146907,0.0337013360367895,0.00576656309963815,0.00576656309963815,0.0023897637870709,3.13915421233621,5687.58650431263,0.00781248349848019,96,2,"SNETWORK (2 34 5687.58650431263 0.0023897637870709 57000310 96)",57
43,57000311,0.472445138341915,87,0,0.230175963096256,0.354270929498081,0.350983481983268,0.358474665810763,-0.241570652285854,-0.25719862830476,0.0285327817859646,-0.93987775758968,0.115626000643308,0.968043902668167,-0.570626747458969,0.115626000643308,0.115626000643308,-0.251627413074235,3.35412976445703,3.50269109777614,-0.939165180837721,4.14704745735884,0.124352331606218,-0.494208494208494,-0.193905817174515,-0.237642585551331,0.472445138341915,0.25,-0.143249238535876,-0.157648671336036,-0.156313983499847,0.0662103283082052,-0.149616803181538,0.466647886141022,1.21049803067887,-0.890632453326754,-1.86758808180178,0.0452433704886765,0.0799701818409082,1887.0000000001,0.545987897725716,0.0783498210743277,1811.0000000001,0.907428937956054,1.45341683558177,0.0350622398352755,1.65036993704391,0.983731268493306,1.13559110103389,0.0312688229908407,-1.20854955398081,0.947630141880004,-1.32321790757579,-0.473588026208132,-1.09692545202045,-0.437132365387773,0.0217210648412258,983.0000000001,0.854072265725361,0.0217210648412258,983.0000000001,0.854072265725361,0.293653834713103,0.121046065249984,1e-10,0.896717805692937,0.694985903906455,-0.00642714201163675,0.738046881611238,0.616806262910661,0.15672320922846,0.676414028971749,0.668054363157543,0.67905776525831,-0.288850082975458,0.25696120173537,0.552712077711808,-0.0287353731883802,0.156063440195899,0.522906457774912,0.471193865652077,0.197649554831347,0.58323009326818,-0.355422565461055,-0.567387128060653,0.978613881034545,1887.0000000001,1.1093750001,0.0131714165487606,0.0218908231865149,0.0206036463852299,0.0206036463852299,0.674105435234897,1.24180662201252,3780.87055877209,0.0312500660060792,341,2,"SNETWORK (2 43 3780.87055877209 0.674105435234897 57000311 341)",57
35,57000312,1.17669532263897,113,0.953947685431969,0.757894567769832,0.437324878933644,0.435074700654595,0.432286944716856,0.127173845239842,0.175220764227151,0.0158825245112671,-0.57068966717485,-0.17611959456705,0.938854664596606,-0.363512536626651,-0.17611959456705,-0.17611959456705,-0.90831305416409,0.0936096888514422,0.0388899407689569,-1.2616976188292,0.340151515588497,-1.11917098445596,0.839124839124839,1.32040627885503,-1.18821292775665,1.17669532263897,0.5,0.0569152259577787,-0.632776192059805,-0.622790527506089,-0.191171535821973,-0.576249796231945,1.16897529882199,0.557417935834122,-0.541991940126655,0.803438315148011,0.0950505577147275,0.0799702643258065,275.0000000001,0.167164642929963,0.102929982655288,1848.0000000001,1.2164686693888,1.38363331221876,0.0363632861291378,0.808995017723562,-1.15249371712015,0.238284242624882,0.424970563602389,0.220743369685477,0.660622121930017,0.261235532606235,0.0199130639842469,0.620284021805412,1.01330747178467,0.0818477282932128,733.0000000001,2.39977539072415,0.0818477282932128,733.0000000001,2.39977539072415,1.02433766207775,1.04910769911988,1e-10,-0.44287737598425,0.127809007425749,0.0894808217823485,-0.128501311669628,0.949152514976322,0.464889228842546,0.676414028971747,0.668054363157542,0.679057765258313,-0.167272412972231,0.443771890532234,0.234599628617577,0.512425870860823,-1.5083030371284,-0.145452615736044,0.00257464026906758,-0.00786546608042011,-0.139131005261973,0.0824765482511341,-0.307980540424217,-0.187943216701152,1848.0000000001,0.458333333433333,0.00439325626807607,0.0319700297610618,0.0630685299136985,0.0630685299136985,0.542193872081698,2.42793756518418,5572.92275568096,0.0156249669969604,109,2,"SNETWORK (2 35 5572.92275568096 0.542193872081698 57000312 109)",57
28,57000313,0.110331796132424,107,-0.111841926944517,-0.494736954820113,-0.562675121066356,-0.564925299345405,-0.567713055283144,0.286313903756571,0.401296931961288,1.08387188378638,-0.828627418220802,-0.476665124871324,-1.3104335791655,0.78244289409504,-0.476665124871324,-0.476665124871324,-0.210828185941698,-0.904935541257838,-0.890872672612611,1.45086383868901,-1.61068973910242,0.393782383419688,-1.16859716859717,-1.44967682363804,0.0792141951837772,0.110331796132424,-0.5,-0.829216654815762,1.20346745305798,1.21677248769675,1.47275897199653,1.28968937209932,0.129240053797927,2.27115913988643,-0.619652931984538,0.0559702071033253,0.198333053797496,0.0399850261056294,21070.0000000001,6.68119888435737,0.0431863920678541,3026.0000000001,0.208934718204097,6.89013360246146,0.130173773422636,3.72496374984954,2.41942463430561,2.40527389362979,1.96685420548942,-0.39152636426878,1.07158598260315,-0.333849247278338,0.226791282021585,0.34320994070524,0.579582883404703,0.0495967962809962,788.0000000001,1.56329101572538,0.0495967962809962,788.0000000001,1.56329101572538,0.849080643995785,0.12506209131241,1e-10,-1.31269824864702,-1.45547804028046,0.0285877824573514,-0.532809874394033,0.474576257488161,-0.569126424378407,-0.323585971028253,-0.331945636842457,-0.320942234741693,1.66373682622343,-0.142798975304313,1.24517083517848,5.20477080140113,0.156063440195899,0.34846516429611,0.299754556251763,0.255690991638481,0.364785244920685,1.23554277707768,1.12872559688025,-0.158736295508674,21070.0000000001,0.6015625001,0.126226415810673,0.0039473575119632,0.0295349121003382,0.0295349121003382,0.340042260986339,0.63545084092766,1886.10909382448,0.125,19,2,"SNETWORK (2 28 1886.10909382448 0.340042260986339 57000313 19)",57
43,57000314,0.385305568714069,81,0.0756580730554828,0.31473676207772,0.354270929498081,0.350983481983268,0.358474665810763,-0.571274189361352,-0.576994874534489,-0.154406894698375,-0.728219479425544,-0.13841732147924,0.451680761737129,-0.205179030815993,-0.13841732147924,-0.13841732147924,0,2.98705567623266,3.0351235624487,-0.483562250047292,3.58111496590017,0.124352331606218,-0.494208494208494,-0.193905817174515,-0.237642585551331,0.385305568714069,0.25,-0.535734077529049,-0.182222091381373,-0.180611597006642,0.588689146905699,-0.172566936356461,0.380501826055904,0.227711655002568,-0.689050086355786,-0.241420880138275,0.0513994469554379,0.0799701818409082,1504.0000000001,0.494381769509044,0.0653807726600647,832.0000000001,0.347880063320183,0.842261832729227,0.0204088384306815,-0.520814938978893,-0.168547738668245,0.0487309401530266,0.49034748043436,0.521272292981692,0.280452782099763,0.57198199468793,-0.571211786072568,0.547207863325049,0.234267735428749,0.0326005261192411,929.0000000001,1.21143554697551,0.0326005261192411,929.0000000001,1.21143554697551,0.462586384489538,0.120084713214273,1e-10,-0.421307708176719,-0.533153161591356,0.0548533314846317,-0.426842684268427,0,0.0363195055765448,0.676414028971747,0.668054363157543,0.67905776525831,-0.173077013766369,-0.21829020863333,-0.382143601739177,1.43839240044092,0.156063440195899,0.315489214491131,0.255402762555335,-0.210615812798977,0.451309329842117,0.0173467073336485,0.159869745890026,0.157849563121974,1504.0000000001,0.9687500001,0.0119793598791114,0.00842947845157006,0.0293542830345808,0.0293542830345808,0.628173132767549,0.482362208713312,3713.87053949678,0.0312500660060792,336,2,"SNETWORK (2 43 3713.87053949678 0.628173132767549 57000314 336)",57
43,57000315,0.472445138341915,87,0,0.230175963096256,0.354270929498081,0.350983481983268,0.358474665810763,-0.241570652285854,-0.25719862830476,0.0285327817859646,-0.93987775758968,0.115626000643308,0.968043902668167,-0.570626747458969,0.115626000643308,0.115626000643308,-0.251627413074235,3.35412976445703,3.50269109777614,-0.939165180837721,4.14704745735884,0.124352331606218,-0.494208494208494,-0.193905817174515,-0.237642585551331,0.472445138341915,0.25,-0.143249238535876,-0.157648671336036,-0.156313983499847,0.0662103283082052,-0.149616803181538,0.466647886141022,1.21049803067887,-0.890632453326754,-1.86758808180178,0.0452433704886765,0.0799701818409082,1887.0000000001,0.545987897725716,0.0783498210743277,1811.0000000001,0.907428937956054,1.45341683558177,0.0350622398352755,1.65036993704391,0.983731268493306,1.13559110103389,0.0312688229908407,-1.20854955398081,0.947630141880004,-1.32321790757579,-0.473588026208132,-1.09692545202045,-0.437132365387773,0.0217210648412258,983.0000000001,0.854072265725361,0.0217210648412258,983.0000000001,0.854072265725361,0.293653834713103,0.121046065249984,1e-10,0.896717805692937,0.694985903906455,-0.00642714201163675,0.738046881611238,0.616806262910661,0.15672320922846,0.676414028971749,0.668054363157543,0.67905776525831,-0.288850082975458,0.25696120173537,0.552712077711808,-0.0287353731883802,0.156063440195899,0.522906457774912,0.471193865652077,0.197649554831347,0.58323009326818,-0.355422565461055,-0.567387128060653,0.978613881034545,1887.0000000001,1.1093750001,0.0131714165487606,0.0218908231865149,0.0206036463852299,0.0206036463852299,0.674105435234897,1.24180662201252,3780.87055877209,0.0312500660060792,341,2,"SNETWORK (2 43 3780.87055877209 0.674105435234897 57000315 341)",57
29,57000316,-1.16142739817413,21,-0.361841926944517,-0.698245294676348,-0.695629464068801,-0.700108350003007,-0.706051805186474,-0.171679531998096,-0.187798657901034,0.848325885751941,0.737857555569478,0.787233212246999,-1.33364027426443,0.87136699814923,0.787233212246999,0.787233212246999,-0.161210550513728,0.578764568337644,0.578577075155839,1.00289064838208,0.287699400490166,0.326424870466322,-1,-1.13573407202215,0,-1.16142739817413,-0.5,0.971283297397283,-0.252634067964409,-0.250131095692847,-0.679509711550867,-0.237781143486667,-1.15469935459589,-0.53440180716588,0.693573484661568,0.41605660836771,0.655305650599132,0.0399850261056294,4176.0000000001,4.37521267366099,0.819976695969017,1102.0000000001,1.44470065560722,5.81991332916821,0.1428220203702,-0.310663648778411,-0.236233767973543,-0.0662756981608814,-0.620315337890819,-0.676632698151185,-0.451192486963561,-0.75418285627591,0.210478061055155,-0.613495876444891,-1.05581791609987,1.40669307012315,216.0000000001,12.153828125103,1.40669307012315,216.0000000001,12.153828125103,5.63526745124932,7.52993455566986,1e-10,-1.03356953227198,-1.50781563554185,-1.22589196390731,-0.661800795464162,-0.118644023962116,-0.921164041933264,-0.487990783359437,-0.503664629107672,-0.505590738712639,0.314698189809015,-1.15036933343092,1.00936078235677,-2.2424684872885,0.156063440195899,0.89536162584019,0.899607451449192,0.643935989682351,0.896931467894371,-0.353012222022193,-0.279343767005047,-0.187943216701152,4176.0000000001,0.888020833433333,0.10736873176938,0.0354532885008201,0.298257755516717,0.298257755516717,0.252530589300168,0.0585403303774241,922.717073075149,0.25,46,2,"SNETWORK (2 29 922.717073075149 0.252530589300168 57000316 46)",57
43,57000317,0.639035656924384,96,0,0.230175963096256,0.354270929498081,0.350983481983268,0.358474665810763,0.0671805692117108,-0.0413408077058048,0.156893847776237,-1.08794352901865,-0.00519584733667271,0.947981225616378,-0.805731918724174,-0.00519584733667271,-0.00519584733667271,-0.676469213358005,3.44490218760666,3.49722072578094,-1.37964670349813,4.37852551075852,0.124352331606218,-0.494208494208494,-0.193905817174515,-0.237642585551331,0.639035656924384,0.25,-0.543378131169415,-1.36957846825004,-1.33171362383687,0.382868686715306,-1.17123125694988,0.631366326730516,0.757666469016447,-1.0319170984456,-1.46006898873724,0.0467895128763061,0.0799701818409082,1147.0000000001,0.343216459439037,0.0656183627607745,958.0000000001,0.402019449606528,0.745235908945565,0.0223757048391717,-0.188992816589962,-0.100394707620572,1.48197824136153,0.344949391990116,-1.31207141497125,1.01907325318895,-1.79048863184487,-0.883422211901312,-2.84705674917409,-0.55958241934214,0.0189331966659981,536.0000000001,0.405927734475172,0.0189331966659981,536.0000000001,0.405927734475172,0.0818072284596034,0.352946515690928,1e-10,-0.929231199979543,-1.10016987831208,-0.187126344143319,-0.563262370193063,0,0.0363195055765458,0.676414028971747,0.668054363157539,0.679057765258309,0.983288553053659,0.456062969681475,-0.776352353484824,6.60254931593714,0.156063440195899,1.24392955883265,1.1246880361356,0.103338457548789,1.4471413106402,-0.765829244143176,-0.515474115370463,-0.187943216701152,1147.0000000001,0.0546875001,0.0103050726147788,0.0120706321243929,0.0121879783596177,0.0121879783596177,0.749164926136569,0.907941099139862,3890.35750079468,0.0312500660060792,348,2,"SNETWORK (2 43 3890.35750079468 0.749164926136569 57000317 348)",57
28,57000318,0.58978139426675,119,-0.111841926944517,-0.494736954820113,-0.562675121066356,-0.564925299345405,-0.567713055283144,0.181042444053783,0.389001948348127,1.03295900071945,-0.941489324673336,-1.33190756939525,-1.74614819358509,0.481784475240055,-1.33190756939525,-1.33190756939525,-0.452133084364579,-1.31091705614273,-1.1813858709229,0.806132884937923,-1.9158985069355,0.393782383419688,-1.16859716859717,-1.44967682363804,0.0792141951837772,0.58978139426675,-0.5,-0.676708456769542,0.452847175498332,0.453095935596799,0.969756535012687,0.453576002563003,0.602970738693704,2.60592307781742,-0.893547166707788,0.325161917234844,0.0932556408228758,0.0399850261056294,15565.0000000001,2.32069999309025,0.0371612069715551,4513.0000000001,0.268132778959145,2.5888327719494,0.0559594428172044,-1.05232644337128,2.18852537500565,2.78142507940969,1.98371986203277,-0.833214078688796,1.43816528527325,-0.816541553891452,-0.0906976693893267,-0.808309821921693,-0.334384293384658,0.0343986769705595,563.0000000001,0.77465820322519,0.0343986769705595,563.0000000001,0.77465820322519,0.256113268096053,0.227380143760447,1e-10,-1.07009631841237,-1.11100033829821,-0.00671977170081156,-0.282256797108282,0.474576257488161,-0.569126424378405,-0.323585971028251,-0.331945636842458,-0.320942234741691,1.67672032501956,-1.20154725996399,1.17735637050469,2.33990325438122,0.156063440195899,-1.10764886940601,-1.22135787343234,-0.347436499108402,-1.16736580012327,-0.454339804269305,-0.084392323010017,-0.138135721422977,15565.0000000001,0.0156250001,0.0501635639558064,0.00579587876139806,0.0167447823646905,0.0167447823646905,0.514132584480775,1.3927141232416,2024.3163239104,0.125,29,2,"SNETWORK (2 28 2024.3163239104 0.514132584480775 57000318 29)",57
28,57000319,-0.434215062745087,84,-0.361841926944517,-0.698245294676348,-0.562675121066356,-0.564925299345405,-0.567713055283144,0.268174376013764,0.374103139526312,1.07054903841405,-0.517434858578897,0.423806684675061,-0.767780761494941,0.82826273836071,0.423806684675061,0.423806684675061,-0.0713511337202558,-0.708523748829217,-0.706007358732521,1.35935800949035,-1.3503903735499,0.393782383419688,-1.16859716859717,-1.44967682363804,0.0792141951837772,-0.434215062745087,-0.5,0.0373245327200836,-3.33129148122243,-3.12351588870904,-0.451548987777918,-2.42613584640089,-0.425747835547781,0.431337886811396,-0.489553417221811,0.518747211239943,6.41483809889687,0.0399850261056294,6774.0000000001,69.474536461591,0.157193886222136,1555.0000000001,0.390805628326033,69.865342089817,2.99873048107942,0.263679413132292,-1.45585075368811,0.645619096538312,1.12785140229196,0.599052595165375,1.36898386699219,1.15633867957506,0.677127057884226,-0.445514798605073,0.765186173260606,0.0210539166296053,342.0000000001,0.288017578225071,0.0210539166296053,342.0000000001,0.288017578225071,0.246234171617769,0.348146583351134,1e-10,-0.178071397795641,0.0814072511796698,-1.04792955254145,0.198056069343198,-0.118644023962116,-0.921164041933264,-0.323585971028254,-0.331945636842457,-0.32094223474169,-0.0789071225226093,0.769492562865344,-0.356800040036239,6.61075433378582e-05,-4.18667472328782,-0.179041071623622,-0.0477421162974437,-0.153917006319714,-0.139085206736082,0.71392584931618,0.519403288993279,-0.187943216701152,6774.0000000001,0.559895833433333,2.98195648811762,0.0167739928617941,0.0123621679182852,0.0123621679182852,0.0161576923250948,1.15132606696231,1628.98286070748,0.125,1,2,"SNETWORK (2 28 1628.98286070748 0.0161576923250948 57000319 1)",57
37,57000320,0.766017025403562,78,0.638158073055483,0.521052073640444,0.623124281295046,0.615977027310147,0.618989232093641,-0.388786117564588,-0.413573202014077,-0.141318187830016,1.54253423274788,-0.520481423903685,0.229052787788174,-0.438370293902856,-0.520481423903685,-0.520481423903685,-0.694155442480091,-0.451929754181891,-0.427505756046299,-0.924424669881668,-0.406045770885676,1.08031088082902,-1.42471042471043,-0.650969529085872,0.922053231939164,0.766017025403562,0.5,0.290699516534454,0.848151110709121,0.853376436031008,-0.213679025157241,0.880138836491366,0.753316992759385,-0.17607338089249,1.45661649806728,-0.245421639012592,0.0474957945197976,0.0799702643258065,579.0000000001,0.17586960250245,0.0819085963690202,2577.0000000001,1.34989803029219,1.52576763269464,0.0307216171450868,0.348489471602601,-0.999693180833031,0.559860337390948,-0.491016057664016,-1.25385092227689,-0.332904120807448,-1.14402922402407,0.752340513870094,-1.05211647669466,-2.35775506407882,0.0248763714430851,846.0000000001,0.841816406349701,0.0248763714430851,846.0000000001,0.841816406349701,0.287860252432381,0.221721598063288,1e-10,0.693603266406967,0.795709376815378,0.303089774280701,1.26366977357076,0.881355976037884,0.430873575621595,0.765110594596083,0.753451715157838,0.763259927327823,0.434953220487067,-0.172051700898693,-1.09238478312724,-0.0392252951473114,0.0780333206695436,-0.0493424855485174,0.0812847249681911,-0.0220797457440606,-0.0235339048440693,-0.566618590424921,-1.13552981760347,0.0751907160325328,2577.0000000001,0.752604166766667,0.00354116738319565,0.0271804496618912,0.0169501310046112,0.0169501310046112,0.921079811080984,0.451372814073693,5166.71383682052,0.0312499339939208,183,2,"SNETWORK (2 37 5166.71383682052 0.921079811080984 57000320 183)",57
29,57000321,-0.568772932018915,74,-0.361841926944517,-0.698245294676348,-0.562675121066356,-0.564925299345405,-0.567713055283144,0.0227572359640194,0.0791579147839245,0.943264778884492,-0.0822421318630829,1.08033421121196,-1.31935066359698,1.05805783505138,1.08033421121196,1.08033421121196,0.0712690489073753,-0.556788596211685,-0.587906923580735,1.55670382783255,-1.22413882843954,0.286010362694301,-0.898841698841699,-0.947368421052628,-0.0475285171102662,-0.568772932018915,-0.5,0.145478047740284,-0.0843773129635996,-0.0837561650007242,-0.201883923452898,-0.0805940882079954,-0.56417843928736,-0.324342231696666,-0.0760917838638046,0.150157461043839,0.405682267434207,0.0399850261056294,5485.0000000001,3.55760250581949,0.155062735821983,3625.0000000001,0.898690639848169,4.45629314556766,0.106094879294429,-0.244494159100701,-0.316195621890328,0.879292112539864,0.344172337848198,-0.620522392241549,-0.255421838404714,-0.670766386301218,-0.214758307319427,-0.689172908613064,-0.731235744748695,0.0433000312794051,664.0000000001,1.15004882822528,0.0433000312794051,664.0000000001,1.15004882822528,0.653733052140881,0.0656878600154475,1e-10,-1.25637868539288,-1.4197275754615,-1.46505846241919,-0.545926570679046,-0.118644023962116,-0.921164041933264,-0.323585971028251,-0.331945636842457,-0.320942234741691,1.19820633417916,1.72832421184874,-0.924439209937104,1.0280335439295,0.156063440195899,0.256031218512039,0.239727341019989,-1.31424054594023,0.677707814163818,1.3662880444933,0.812609596917266,-0.187943216701152,5485.0000000001,0.278645833433333,0.0846989629598298,0.0213959162345996,0.0273802210726966,0.0273802210726966,0.895537204162566,0.219962985415309,1519.2438661764,0.25,88,2,"SNETWORK (2 29 1519.2438661764 0.895537204162566 57000321 88)",57
29,57000322,-0.648106155101034,67,-0.361841926944517,-0.698245294676348,-0.562675121066356,-0.564925299345405,-0.567713055283144,0.0572585812857555,0.108775664628946,0.945697865260681,0.003985408878586,1.11764020236629,-1.39450323918804,1.08070034234025,1.11764020236629,1.11764020236629,0.0992128672174921,-0.431395476569746,-0.492593098555602,1.15592674501905,-0.962365135191611,0.286010362694301,-0.898841698841699,-0.947368421052628,-0.0475285171102662,-0.648106155101034,-0.5,0.232098439684947,-0.188139021749604,-0.186459367302191,-0.282380339197506,-0.178078206299853,-0.646361014608822,-0.643166465938849,0,0.345829099317094,1.70065132208601,0.0399850261056294,4645.0000000001,12.6297794004372,0.18553871618864,5259.0000000001,1.56002832380499,14.1898077241422,0.344199648442877,-0.254381677726166,-0.630581593542287,-0.498653548289268,-0.567852180244724,-0.112402514639277,-0.600202081680367,-0.124585803957715,-0.495765400151967,-0.197595554570364,-0.273155620856839,0.143805886712458,588.0000000001,3.38231445322583,0.143805886712458,588.0000000001,3.38231445322583,1.48880292135874,1.57199747975206,1e-10,-0.935186365112693,-0.930056616892717,0.177356566675408,-0.642984078627643,-0.118644023962115,-0.921164041933264,-0.323585971028253,-0.331945636842458,-0.320942234741691,-0.983665890463418,-0.645124531238162,0.529900832217348,2.07061672147671,-4.87086988903778,1.1819893372303,1.14090022762778,-1.80924028689477,1.88729539656036,-1.13050070630008,1.57580215129046,-0.187943216701152,5259.0000000001,0.0807291667666667,0.306358318081975,0.0378413302609024,0.0820442015841003,0.0820442015841003,0.815403277836953,0.658423452767219,1444.90243175763,0.25,82,2,"SNETWORK (2 29 1444.90243175763 0.815403277836953 57000322 82)",57
41,57000323,-0.662000611053338,41,-0.407894617963011,-0.251052105764176,0,0,0,0.541954644720395,0.829080125456842,0.390063509510953,0.0384757290339647,0.516391716554627,-0.0708934812036673,-0.000710297214336864,0.516391716554627,0.516391716554627,0.508829865569333,0.123428901533411,0.00889684211425668,0.258617716746879,-0.0487012399295549,-0.606217616580312,0,0,-0.712927756653993,-0.662000611053338,0,-0.711456787435213,-0.41391086174282,-0.408787197384426,0.852391390311078,-0.38414502250514,-0.657872927488679,0.411473424252434,0.0429443210790361,-1.3857183043837,0.167455991349898,0.0799701241440398,2467.0000000001,2.64195477570598,0.0691294734109431,1362.0000000001,0.602137804937316,3.24409258054329,0.0819583109911438,-0.152857130687811,0.34663688494979,0.259469686444529,0.538876713229151,0.3277958091229,0.489511608391979,0.374207754910033,0.588605436389679,0.762123186501944,0.747857851041743,0.151409846580175,744.0000000001,4.50595703135,0.151409846580175,744.0000000001,4.50595703135,2.24013590692291,2.44809771394305,1e-10,-0.268365799534965,0.122459184971765,0.181534253075439,-0.214660477036715,-0.305084586862668,-0.363341583505643,-1.4637901463605e-15,0,0,-1.15492193292498,-0.241314860003229,0.0191716771777687,0.923502186109649,-0.745596771199404,0.202563052577772,0.25314791915345,0.2111381682165,0.20701154199185,0.820219047319334,0.819059919762814,-0.0347224544351844,2467.0000000001,0.486979166766667,0.0667459838121724,0.0152123270789714,0.113837881648513,0.113837881648513,0.225024728697027,0.73561776522547,2142.63204805122,0.0625,212,2,"SNETWORK (2 41 2142.63204805122 0.225024728697027 57000323 212)",57
35,57000324,1.31630419244256,121,0.953947685431969,0.757894567769832,0.437324878933644,0.435074700654595,0.432286944716856,0.123420541972939,0.146216210619196,-0.0414434411906622,-0.615771777039868,-0.203028416576107,0.936124421449496,-0.285387079796859,-0.203028416576107,-0.203028416576107,-0.910335790968124,-0.138751218143864,-0.246936639517293,-1.50347648990057,0.129942625375736,-1.11917098445596,0.839124839124839,1.32040627885503,-1.18821292775665,1.31630419244256,0.5,-0.683840984456733,-0.384964324121259,-0.380370581597661,0.80609036411672,-0.358179775360906,1.3027484106667,0.933795383465362,-0.584656632946788,-1.47990779874201,0.0912762815241657,0.0799702643258065,324.0000000001,0.189129820791406,0.0972966637104615,3265.0000000001,2.03159996049466,2.22072978118606,0.055812250872484,-1.00595843253385,-0.362588853053987,2.1732703136772,0.973349469220543,-1.39478910850536,0.845924039174756,-1.5912720300394,0.103772683672096,-1.52202616814105,-0.898407423695112,0.0584253947940104,480.0000000001,1.1217675782246,0.0584253947940104,480.0000000001,1.1217675782246,0.420198597637532,0.0880764259838519,1e-10,0.764001587587494,0.842323831410097,-0.0405129373476974,1.05174143788005,0.949152514976323,0.464889228842547,0.544290901816155,0.532526525607705,0.534762638867335,-0.0604838271510448,0.560565735329268,-1.19856002250264,0.0557300051417964,-2.76582847223521,-0.492997309686206,-0.356461230281338,-0.109520056063688,-0.516152109426539,0.795478708552034,0.232055756002491,1.97148558034463,3265.0000000001,0.200520833433333,0.00475328474039796,0.0510589660320861,0.0281927021972539,0.0281927021972539,0.915392234076,0.797285706736147,5665.58015413117,0.0156249669969604,113,2,"SNETWORK (2 35 5665.58015413117 0.915392234076 57000324 113)",57
41,57000325,-0.11573013866426,87,-0.407894617963011,-0.251052105764176,0,0,0,0.456627181604854,0.502941342755168,-0.023494359885825,-0.425850510619635,0.776342604228331,-0.0793377658624757,0.164716213309166,0.776342604228331,0.776342604228331,0.46037299799206,-0.218368149969315,-0.330527785036295,-0.0503218801068821,-0.370955602626076,-0.606217616580312,0,0,-0.712927756653993,-0.11573013866426,0,-0.62490337330127,1.34360197453299,1.36099853029947,1.06333454182052,1.45838086135129,-0.113468576252892,0.812716910857015,-0.402858787729254,-0.896884949975503,0.101613807286197,0.0799701241440398,4511.0000000001,2.93144054226835,0.0789825666103137,276.0000000001,0.139410621586569,3.07085116375492,0.0565789457379879,-1.37891028287578,0.166670811678561,0.753303345143895,0.146384137157951,-0.720383541080127,0.285017671048864,-0.600123553170041,-0.0977009391865827,-0.374755353962999,-0.320808260886751,0.0407986112111111,657.0000000001,1.0721875001,0.0407986112111111,657.0000000001,1.0721875001,0.616926493159304,0.144443993975541,1e-10,0.00831025652217814,0.251527663396682,0.275559071159725,0.426588812727427,-0.152469027198194,-0.163415319260905,1.4637901463605e-15,0,1.55600483282998e-15,0.437678151599192,-0.176401914263587,0,0.592406972304599,0.156063440195899,-0.757120406111865,-0.582587400882243,0.177975868125134,-0.90035872806204,1.04727803288718,0.980268925400222,0.347238096453559,4511.0000000001,0.260416666766667,0.0540103724463589,0.00256857319162898,0.0197545354832596,0.0197545354832596,0.529482160662902,0.57847600778757,2660.17732605492,0.0625,245,2,"SNETWORK (2 41 2660.17732605492 0.529482160662902 57000325 245)",57
37,57000326,0.789554020534755,81,0.638158073055483,0.521052073640444,0.623124281295046,0.615977027310147,0.618989232093641,-0.377055283166114,-0.402362458030631,-0.148684112831057,1.45895899031667,-0.54720697139504,0.270921316777102,-0.475839115182711,-0.54720697139504,-0.54720697139504,-0.689702258342869,-0.480624224056603,-0.48318772564588,-1.09826787532521,-0.39180258619985,1.08031088082902,-1.42471042471043,-0.650969529085872,0.922053231939164,0.789554020534755,0.5,-0.383328742111601,1.30397185661452,1.32016039731198,0.631676528932991,1.41025257932503,0.780649236923741,1.00112749533402,1.37639608520438,-1.31574019864261,0.353367156003707,0.0799702643258065,414.0000000001,0.935585719269916,0.0993844731107681,2071.0000000001,1.31630248149321,2.25188820066312,0.0417854286587398,0.363139214228616,0.502343664906915,0.290900124668514,0.505778032359754,0.249504337065221,0.409380590227684,0.211799426960161,1.40743840984416,0.274834396023743,0.538283824046588,0.0924951036101541,357.0000000001,1.32083007822453,0.0924951036101541,357.0000000001,1.32083007822453,0.514299299791988,0.0134318715772461,1e-10,1.07575194951392,1.10852250181396,-0.734612092330476,2.01286282474401,0.910939293671602,0.445716526131025,0.893974156645075,0.877521986547132,0.885593756829862,-0.0308824777216865,-0.00904716326283105,0.465337215616102,-0.134719576061725,-0.135174653864618,-0.382349203408322,-0.178370586752646,0.747434109335729,-0.616949235825661,-0.111029319607207,-0.500005325033479,1.41120808334085,2071.0000000001,0.520833333433333,0.0173604756307066,0.0244249529280332,0.0245089657887571,0.0245089657887571,0.954757071160029,0.225034494767897,5200.90019208157,0.0312499339939208,185,2,"SNETWORK (2 37 5200.90019208157 0.954757071160029 57000326 185)",57
28,57000327,-0.29529292719776,91,-0.361841926944517,-0.698245294676348,-0.562675121066356,-0.564925299345405,-0.567713055283144,0.270157354059566,0.36638764226512,1.06289918945679,-0.534277997062284,0.385518684203879,-0.805260523020938,0.841480994146457,0.385518684203879,0.385518684203879,-0.0682422950348312,-0.804011441677046,-0.819137294557772,1.32500336594936,-1.45492434252604,0.393782383419688,-1.16859716859717,-1.44967682363804,0.0792141951837772,-0.29529292719776,-0.5,-0.645313711976048,-0.304278305237115,-0.301023887720413,0.751931427520081,-0.285102414315637,-0.290599403171478,1.30521776061618,-0.508183238753187,-0.376742384125367,0.230138116712823,0.0399850261056294,7545.0000000001,2.77614767515443,0.0564618413928062,8629.0000000001,0.778951237507692,3.55509891256213,0.088058426357614,-0.316208288805735,-0.287877297623649,1.84481548610003,-0.554672813092611,-2.82213639876157,1.045499117581,-3.17170651210572,0.391061374181131,-2.78456011796923,-1.79958500003076,0.0563875872219023,686.0000000001,1.54727539072538,0.0563875872219023,686.0000000001,1.54727539072538,0.621344388173389,0.36729137484318,1e-10,0.993819879899155,0.887787172980659,0.0925872171580896,2.1007567789746,0.174340238660513,-0.747296955759842,-0.323585971028251,-0.331945636842455,-0.32094223474169,0.863976505022199,-0.174452409169394,1.42822178866022,-0.183274580210924,0.107872527174334,-0.820037987163184,-0.810712970116812,0.201944273194797,-0.979959691408848,0.639916160908234,-0.417405113199492,2.51551497592931,8629.0000000001,0.3359375001,0.0687641051187298,0.0192943211388843,0.0383254135090278,0.0383254135090278,0.114208161038033,0.888488486758433,1706.82339438812,0.125,7,2,"SNETWORK (2 28 1706.82339438812 0.114208161038033 57000327 7)",57
41,57000328,-0.693228800233209,38,-0.407894617963011,-0.251052105764176,0,0,0,0.554494372738463,0.864017689124677,0.433052980922422,0.11510696210903,0.445221985184011,-0.139680680330038,0.0120166071839177,0.445221985184011,0.445221985184011,0.52658411619547,0.236739497136363,0.117258513379663,0.296198672554104,0.0762293794065194,-0.606217616580312,0,0,-0.712927756653993,-0.693228800233209,0,-0.0952508846776237,0.680678170207365,0.683268132991753,0.136975492504705,0.695797407215753,-0.687088048897661,-0.056326345816757,0.105222468953039,-0.285744588965333,0.355072614592502,0.0799701241440398,4890.0000000001,11.1040542891561,0.0804783065111963,571.0000000001,0.293880301156924,11.397934590213,0.236499815573548,0.0186372070833931,-0.5876945722997,-0.132875571507621,0.0157525165359894,0.162635767980955,-0.18406697076759,0.153818969668128,0.0307197015645086,0.1200587567177,0.0815750318435935,0.261233669994559,1144.0000000001,11.954052734475,0.261233669994559,1144.0000000001,11.954052734475,5.76099511133307,6.14611416429086,1e-10,1.62214789584738,1.55717882092267,-0.487478699452846,2.74299133210024,-0.0774198871405973,-0.423431754837278,1.4637901463605e-15,0,0,-0.755776283975991,-0.232480540725082,0.0819372828881561,-0.087758088546688,0.148159111206281,-0.36185326486644,-0.375597739670078,-0.218075990359868,-0.334540557690224,0.767329807055394,0.487079510337015,1.53392674928095,4890.0000000001,1.52864583343333,0.23040198815038,0.00609782732316805,0.248038909461115,0.248038909461115,0.204930219859622,0.073516538522717,2108.47351857979,0.0625,210,2,"SNETWORK (2 41 2108.47351857979 0.204930219859622 57000328 210)",57
29,57000329,-0.784043098881324,57,-0.361841926944517,-0.698245294676348,-0.562675121066356,-0.564925299345405,-0.567713055283144,0.0685164518763054,0.101741269466517,0.976841754997305,0.28564069363518,0.868269189287832,-1.1545671771238,0.850380756410659,0.868269189287832,0.868269189287832,0.00390872458679381,-0.308709119772848,-0.43659253231224,0.637169669576666,-0.670885830463021,0.888230940044412,-1.64368450082736,-1.9192718638702,0.441336230309614,-0.784043098881324,-0.5,0.0627832634257799,-0.108024753705837,-0.10719108447303,-0.132855656763218,-0.10296758137965,-0.779978211120659,0.184597234675098,0.271097952134222,-1.07401148509858,0.857575943097442,0.0399850261056294,7134.0000000001,9.78138740757083,0.037787885650993,996.0000000001,0.060173697173536,9.84156110464437,0.235306200225605,0.239911362798923,-0.406754083555422,1.47888150827996,-0.606887629215901,-2.4370722457338,0.225026923741815,-2.64361187394691,0.555697378824655,-2.43163969176397,-3.07302580655376,0.201777273929057,419.0000000001,3.38178710947583,0.201777273929057,419.0000000001,3.38178710947583,1.70871899520263,1.5392730233137,1e-10,0.896674481215065,0.645251320578184,-0.792795744515909,0.532549958292533,-0.118644023962116,-0.921164041933264,-0.323585971028251,-0.331945636842458,-0.320942234741691,-0.763946350920539,0.416716645647172,-0.901558270037796,-0.00144173113235711,-1.63614346693532,-0.874378649731832,-0.948055388739522,-2.16005619140828,-0.410608730544777,0.858174516845632,0.563177084907011,1.97504755865658,7134.0000000001,0.3593750001,0.233867480815176,0.00143871931042982,0.0808566309641201,0.0808566309641201,0.693927218651755,0.0241237847906669,1332.20728624994,0.25,75,2,"SNETWORK (2 29 1332.20728624994 0.693927218651755 57000329 75)",57
37,57000330,0.305854619759447,34,0.638158073055483,0.521052073640444,0.623124281295046,0.615977027310147,0.618989232093641,-0.573620904901894,-0.599744087390221,-0.166066664449174,1.96049050115211,-0.372732233422747,0.0915782588672834,-0.461875367326511,-0.372732233422747,-0.372732233422747,-0.635248251321334,0.00608537214387384,0.116014876986638,-0.551854403460703,0.0373412639732882,0.55958549222798,-0.876876876876878,-0.0954139735303178,0.476341360371778,0.305854619759447,0.5,-1.2022913874149,0.143321004515567,0.142752277060389,2.30719176435734,0.139665109716622,0.303933267135498,0.676784990073035,1.85108972777367,-1.04985404574198,0.169915849012816,0.0799702643258065,1507.0000000001,1.63758632818508,0.0769285214837559,1806.0000000001,0.888509740088185,2.52609606817327,0.0577269763579113,-0.657825093948,0.754637855636051,-0.123417595064704,0.971076974189941,1.27607306518423,0.525593764244144,1.32238871244234,1.72121052950104,1.54262952014971,3.63172454746619,0.0286999470770189,582.0000000001,0.668134765724763,0.0286999470770189,582.0000000001,0.668134765724763,0.425922933914589,0.268063534201674,1e-10,0.376546034365374,0.220303771887403,0.325894026063861,0.229258090644229,0.881355976037885,0.430873575621596,0.67641402897175,0.668054363157543,0.67905776525831,-0.184224261104399,-0.00806248443075033,0.6888916816399,0.561204068858968,-0.396020182888403,-0.343431027497103,-0.299007064153713,0.194146482232897,-0.423508511834416,0.436066222446575,-0.064980381847294,-0.0149505221223395,1806.0000000001,0.0651041667666667,0.0374225304715948,0.0203044457863165,0.0152683820064389,0.0152683820064389,0.392685462678985,0.128035126641588,4630.3318131642,0.0312499339939208,149,2,"SNETWORK (2 37 4630.3318131642 0.392685462678985 57000330 149)",57
35,57000331,1.27267554469239,118,0.953947685431969,0.757894567769832,0.437324878933644,0.435074700654595,0.432286944716856,0.128738042396203,0.167249141769959,-0.0148821280173167,-0.592043801209894,-0.181101281340351,0.941705323717128,-0.332773191237633,-0.181101281340351,-0.181101281340351,-0.90257705653689,-0.0554057175569087,-0.140131178519688,-1.4041241692964,0.201815267461823,-1.11917098445596,0.839124839124839,1.32040627885503,-1.18821292775665,1.27267554469239,0.5,-0.749781607266495,-0.576169727279248,-0.56758741380242,0.892986211042425,-0.527271069943721,1.25950660647287,0.450225177628731,-0.562848918496587,-0.60828060211318,0.0705635134466333,0.0799702643258065,157.0000000001,0.0708495197976986,0.0996270223889724,1569.0000000001,0.999671142687338,1.07052066238504,0.0278485060953817,-0.961889160668144,-1.18954609380022,0.245773880265829,0.656843365500696,0.507895499445035,0.564599453165667,0.597498960811031,-0.0957768371530668,0.639931641065034,0.333385213639093,0.0985727418818849,443.0000000001,1.74670898447438,0.0985727418818849,443.0000000001,1.74670898447438,0.715620513535896,0.563307997310467,1e-10,-0.358776122682214,0.11422738835565,0.0851260325960929,0.0866487747675866,0.949152514976323,0.464889228842548,0.67641402897175,0.668054363157543,0.67905776525831,-0.202644975093627,0.135079639326441,-0.271798400955997,0.543225626615899,-5.34478368101078,0.262228869202322,0.40607096742842,0.589508757356838,0.175082103745699,0.507052843258433,0.0784849985689919,0.305108855744744,1569.0000000001,0.2968750001,0.00184307818016307,0.0260054278152186,0.0454388573123918,0.0454388573123918,0.782609954050822,0.441204878427108,5632.61307313522,0.0156249669969604,112,2,"SNETWORK (2 35 5632.61307313522 0.782609954050822 57000331 112)",57
36,57000332,1.02296215113199,100,0.750000250966976,0.505263045179887,0.623124281295046,0.615977027310147,0.618989232093641,-0.15512629372531,-0.150833120670492,-0.0369455995730855,0.28876288731561,-0.358926505896148,0.606928141044251,-0.594083629331558,-0.358926505896148,-0.358926505896148,-0.733084945368905,-0.0192760922821941,-0.115152831614265,-1.27525216351631,0.209017303362466,0,0.0216216216216217,1.64542936288088,0.287072243346008,1.02296215113199,0.5,0.942480610073455,-0.210147459749429,-0.208201173271365,-0.666929124181697,-0.198527511674222,1.0063846165782,-0.605354542774859,0.269305041533021,0.357592368169112,0.273374495506946,0.0799702643258065,81.0000000001,0.141612006229093,0.346761415154018,2854.0000000001,6.3290976628748,6.47070966900389,0.157582196255982,-0.178177476325683,-0.226380531533671,-0.605350848849416,-0.474745483637574,0.123688220884485,-0.547589791797686,0.135654392971543,-0.199024390544196,0.154149675520086,0.1045276607151,0.108097330829167,570.0000000001,2.46461914072412,0.108097330829167,570.0000000001,2.46461914072412,1.05499055956134,0.965137528809401,1e-10,0.427768363387496,0.677623398426516,0.0880593619761794,0.937106347997437,0.949152514976322,0.464889228842548,0.676414028971749,0.668054363157543,0.679057765258309,-0.245661232408782,-0.0699723172839844,-0.889018875583395,-0.32103440755436,-0.0857899832939192,-0.291386736823535,-0.128543551516403,-0.272626208754527,-0.237968912204828,-0.369321192047086,-0.330022467638673,-0.0278591802927464,2854.0000000001,0.0338541667666667,0.00344869914889212,0.15413349700709,0.0600212521872284,0.0600212521872284,0.909534178967895,0.0987641837735507,5420.98486741371,0.0156249669969604,126,2,"SNETWORK (2 36 5420.98486741371 0.909534178967895 57000332 126)",57
41,57000333,0.621009583446621,128,0.342105382036989,0,0,0,0,0.515298765733418,0.434293583869837,-0.229401502455153,-1.06365515945116,0.24717443699688,-0.0139460444282068,0.55388851176039,0.24717443699688,0.24717443699688,0.226569496338249,0.15084511822327,0.048333946289703,0.112052294477249,0.0249878716863472,-0.606217616580312,0,0,-0.712927756653993,0.621009583446621,0,-0.114341339094672,1.0973413685275,1.10788492628985,0.224312329860423,1.16467390688438,0.620695511300631,1.60366849749586,-1.00847438111687,-0.802116531657596,0.085454046737709,0.0799701241440398,4198.0000000001,2.29419646875311,0.0690523933125051,455.0000000001,0.200930410322791,2.4951268789759,0.0480448036722669,1.15314719069908,1.17045810100413,0.884760484817884,0.808460454581166,-0.0657919935418401,0.793940774348877,-0.0559825536962945,-0.978157428261303,0.116640900562657,0.129760948183839,0.024763176855077,714.0000000001,0.707236328225,0.024763176855077,714.0000000001,0.707236328225,0.444407000409333,0.313536791726644,1e-10,0.207702371563636,0.362551939892311,-0.0551475289599894,0.371873451081372,0.915254083867404,-0.0283081595192628,-1.4637901463605e-15,0,0,-0.421101801844388,-0.829903462641955,0.660657099865458,0.242085015851857,0.156063440195899,-0.292155844458427,-0.254428576539247,0.265585911891687,-0.382999958527682,0.154582163015049,-0.163331225469165,1.21574483137736,4198.0000000001,0.408854166766667,0.0441757970810226,0.0038690064912443,0.0136181573576912,0.0136181573576912,0.800311057382903,0.954343871213496,3120.55766802699,0.0625,272,2,"SNETWORK (2 41 3120.55766802699 0.800311057382903 57000333 272)",57
37,57000334,0.578760010202909,60,0.638158073055483,0.521052073640444,0.623124281295046,0.615977027310147,0.618989232093641,-0.494281516763301,-0.519962593568805,-0.151986156793945,1.72566116018907,-0.496136378252366,0.11571798463654,-0.417800844562056,-0.496136378252366,-0.496136378252366,-0.664250046757514,-0.200894994633777,-0.125813895912959,-0.635874352109823,-0.186575950245295,1.08031088082902,-1.42471042471043,-0.650969529085872,0.922053231939164,0.578760010202909,0.5,1.01780648784431,1.61656570272508,1.64335503782065,-0.587274332556877,1.79914584567962,0.575152499103444,0.0170958548850722,1.64873098116621,0.301051661077123,0.0518773619553366,0.0799702643258065,175.0000000001,0.0580594602268674,0.212612604165375,1925.0000000001,2.61744040635816,2.67549986648503,0.0469443988981512,-1.36748174536028,1.86942812210966,0.255800552606223,0.00263387077973461,-0.296857689719513,-0.347251202465856,-0.233948523432493,0.82570765353643,-0.157711126328943,-0.464080576692075,0.106752905615161,404.0000000001,1.72512695322439,0.106752905615161,404.0000000001,1.72512695322439,0.705418269042109,0.145293993908817,1e-10,-0.19215692757741,-0.315763909272576,-1.13425363347965,-0.146574547564647,0.881355976037885,0.430873575621596,0.676414028971749,0.668054363157545,0.67905776525831,0.387184761040436,-1.75087663735288,0.606709072890471,0.403165334722233,-2.14303845465619,0.586082198129002,0.684548575704623,1.1710721999203,0.396024463985868,-1.25188593550463,-1.54524740871156,-0.187943216701152,1925.0000000001,0.3984375001,0.00101871298311206,0.0459256858150392,0.0302691279048101,0.0302691279048101,0.706706205460182,0.197827936850764,4949.09957060224,0.0312499339939208,171,2,"SNETWORK (2 37 4949.09957060224 0.706706205460182 57000334 171)",57
34,57000335,1.4070063712121,125,0.953947685431969,0.757894567769832,0.437324878933644,0.435074700654595,0.432286944716856,0.133831310873909,0.0286732954084846,-0.0409554031225043,-1.05257259013289,-0.623738393757776,0.0526373137554494,0.429137014517773,-0.623738393757776,-0.623738393757776,-0.984299242944747,-0.254115025254834,-0.261404683733655,-0.90168720853504,-0.175967871338692,-1.11917098445596,0.839124839124839,1.32040627885503,-1.18821292775665,1.4070063712121,0.5,-0.934092051266999,-0.711813004962557,-0.699695781190816,1.26994785830468,-0.643826029074548,1.3993469556523,1.86485950078616,-0.998460399703923,-0.951355242169897,0.0742739654822892,0.0799702643258065,873.0000000001,0.414675060426752,0.0419057672584253,932.0000000001,0.249773736084614,0.664448796411366,0.0177132527611908,-1.1476346228508,-1.0892510919855,1.77332096439604,0.490862777861364,-1.54084008139787,1.4658236229023,-1.86514757668299,-0.402397922385152,-1.48462097602448,-0.45443257405072,0.000589093457271095,557.0000000001,0.0131250000999953,0.000589093457271095,557.0000000001,0.0131250000999953,0.103878237927687,0.679154388777209,1e-10,-0.950964116868257,-1.05290168761976,-0.0501011214262576,-0.492939953335993,0.949152514976322,0.464889228842547,0.587902933609681,0.577262405596155,0.582392480631549,0.489939222966725,0.164468679179322,0.202287583046714,4.20903069770793,0.156063440195899,-1.00608506859075,-0.823769315053399,-0.574741337961029,-0.988358757346508,1.24121647500471,0.91328115579246,-0.187943216701152,932.0000000001,1e-10,0.0110546428206941,0.00665860984049668,0.00034989369003101,0.00034989369003101,0.0533999917376111,0.522572768884139,5708.93180556229,0.00781248349848019,97,2,"SNETWORK (2 34 5708.93180556229 0.0533999917376111 57000335 97)",57
41,57000336,-0.757980833106758,30,-0.407894617963011,-0.251052105764176,-0.192309249631537,-0.194095720002018,-0.196546296696359,0.539807974156929,0.867680569392531,0.495703584323709,0.200258964559447,0.370156136384698,-0.149297452489937,0.0217831672435327,0.370156136384698,0.370156136384698,0.541244238635782,0.453268350945322,0.337676725564629,0.370710123207418,0.314220355912498,-0.606217616580312,0,0,-0.712927756653993,-0.757980833106758,0,0.063283465694052,0.849963511808423,0.855221527065329,-0.00818879798977872,0.882163626184812,-0.755818603698287,-0.401468082909138,0.18570606135373,-0.521267972519573,0.059687565570326,0.0799701241440398,801.0000000001,0.305753840531155,0.0942044304303273,2604.0000000001,1.56880096179898,1.87455480223014,0.037732244702107,0.907384812536784,0.705683712236139,-0.311433380940775,-0.711971460687197,-0.478513775225115,-0.553749473677067,-0.435804243962647,-0.275607802699977,-0.281250630307761,-0.411880513360031,0.0256500954851744,860.0000000001,0.88236328135,0.0256500954851744,860.0000000001,0.88236328135,0.527192905616184,0.199383639629219,1e-10,-0.194424306063769,-0.280550061069062,-1.18935573118662,-0.386241371389886,-0.305084586862669,-0.363341583505644,-0.200374472521826,-0.20681066190661,-0.207601888336802,-0.800310125402908,0.281003634009261,-0.248540404669919,0.732702690164201,0.156063440195899,0.642680687098932,0.660013245729455,-0.138410731796211,0.812543370959814,-0.00942466814325037,0.162362187054472,-0.187943216701152,2604.0000000001,0.7890625001,0.00615440993353311,0.0315778346685738,0.0177607755815993,0.0177607755815993,0.151068980999756,0.498105586996752,2016.91513664324,0.0625,204,2,"SNETWORK (2 41 2016.91513664324 0.151068980999756 57000336 204)",57
43,57000337,0.156026023023817,61,0.0756580730554828,0.31473676207772,0.354270929498081,0.350983481983268,0.358474665810763,-0.685415799718457,-0.623905799923129,-0.152536217549713,-0.360131292247074,-0.330534882206546,0.389662687524199,-0.395551970297725,-0.330534882206546,-0.330534882206546,0.206954454738963,2.5872552648435,2.48332711941708,-0.470703897685706,3.09968273495255,-0.963730569948188,1.15057915057915,3.24099722991689,-0.29467680608365,0.156026023023817,0.25,1.21714454148181,-0.494093784183713,-0.487364947747138,-0.765159805895042,-0.455383477813335,0.150477953106252,-0.681709216176679,-0.34322559421005,0.839709242666642,0.0589144097547962,0.0799701818409082,1128.0000000001,0.424997911615646,0.0626147871632943,1318.0000000001,0.527774598868349,0.952772510383996,0.024421213323454,0.167110360126769,0.185757352987925,-1.02424129113287,-0.637194666376368,0.408357003149709,-0.582665165866971,0.473157642577259,-0.862404823354186,0.497667620941437,0.318036530986993,0.0677250783321673,729.0000000001,1.97486328135083,0.0677250783321673,729.0000000001,1.97486328135083,0.823473471956685,0.706055753102274,1e-10,1.32631396326265,1.01082813633243,-0.57989283062195,0.606831562277107,0.440677988018942,0.23359680010207,0.676414028971749,0.668054363157543,0.67905776525831,-1.66711732411861,-0.307078754069265,0.224106176864346,-0.267297309835799,-1.19560746743248,-0.402878994550893,-0.413592164101508,0.403606515978008,-0.548749519477006,0,-0.527758000094586,2.23761536861516,1318.0000000001,0.447916666766667,0.0108934341667273,0.0135277790567267,0.0506191737881071,0.0506191737881071,0.474443349459836,1.0305304806172,3489.62969173768,0.0312500660060792,319,2,"SNETWORK (2 43 3489.62969173768 0.474443349459836 57000337 319)",57
29,57000338,-0.784043098881324,57,-0.361841926944517,-0.698245294676348,-0.562675121066356,-0.564925299345405,-0.567713055283144,0.0685164518763054,0.101741269466517,0.976841754997305,0.28564069363518,0.868269189287832,-1.1545671771238,0.850380756410659,0.868269189287832,0.868269189287832,0.00390872458679381,-0.308709119772848,-0.43659253231224,0.637169669576666,-0.670885830463021,0.888230940044412,-1.64368450082736,-1.9192718638702,0.441336230309614,-0.784043098881324,-0.5,0.0627832634257799,-0.108024753705837,-0.10719108447303,-0.132855656763218,-0.10296758137965,-0.779978211120659,0.184597234675098,0.271097952134222,-1.07401148509858,0.857575943097442,0.0399850261056294,7134.0000000001,9.78138740757083,0.037787885650993,996.0000000001,0.060173697173536,9.84156110464437,0.235306200225605,0.239911362798923,-0.406754083555422,1.47888150827996,-0.606887629215901,-2.4370722457338,0.225026923741815,-2.64361187394691,0.555697378824655,-2.43163969176397,-3.07302580655376,0.201777273929057,419.0000000001,3.38178710947583,0.201777273929057,419.0000000001,3.38178710947583,1.70871899520263,1.5392730233137,1e-10,0.896674481215065,0.645251320578184,-0.792795744515909,0.532549958292533,-0.118644023962116,-0.921164041933264,-0.323585971028251,-0.331945636842458,-0.320942234741691,-0.763946350920539,0.416716645647172,-0.901558270037796,-0.00144173113235711,-1.63614346693532,-0.874378649731832,-0.948055388739522,-2.16005619140828,-0.410608730544777,0.858174516845632,0.563177084907011,1.97504755865658,7134.0000000001,0.3593750001,0.233867480815176,0.00143871931042982,0.0808566309641201,0.0808566309641201,0.693927218651755,0.0241237847906669,1332.20728624994,0.25,75,2,"SNETWORK (2 29 1332.20728624994 0.693927218651755 57000338 75)",57
36,57000339,0.862686784710212,88,0.638158073055483,0.521052073640444,0.623124281295046,0.615977027310147,0.618989232093641,-0.175094031337918,-0.172685938479011,-0.0101656140035657,0.407437573529924,-0.347050815381939,0.430928799006483,-0.697533273156165,-0.347050815381939,-0.347050815381939,-0.819894154086503,0.0441563624005176,0.00235854335987268,-1.17257360258706,0.256161918923507,0,0.0216216216216217,1.64542936288088,0.287072243346008,0.862686784710212,0.5,-0.981857442655581,-0.7559534850306,-0.742557956670494,1.38073032819539,-0.681159342434034,0.857841348632999,0.692319066270272,0.382225511966445,-0.202797600745539,0.206801858565604,0.0799702643258065,123.0000000001,0.162673425120558,0.278932566535285,706.0000000001,1.25939216101113,1.42206558603169,0.0382135188519759,1.09081689664886,0.957320734174706,1.28410197254646,-0.158321347383383,-1.60094679376744,0.79265464785715,-1.9534129676473,1.13294494871106,-0.724346464361493,-1.03771434126068,0.0562928398700472,106.0000000001,0.238681640724915,0.0562928398700472,106.0000000001,0.238681640724915,0.00274675823294257,0.512058200998301,1e-10,0.690333818137302,0.173904792228422,0.220191141524018,0.292393525066792,0.915254083867404,0.447881402232072,0.676414028971747,0.668054363157542,0.67905776525831,0.0508698102002716,-1.03519160509625,-1.80161565755542,-0.512776131450156,-0.161875492364246,-0.943098071244112,-0.854817662900036,-0.902562680535153,-0.827303486559766,-0.55991407301028,-1.48954841960348,0.668103440253768,706.0000000001,1.17447916676667,0.00437133423308218,0.0338421845188937,0.00641381483386148,0.00641381483386148,0.186695076225189,1.99835581047228,5282.57546923239,0.0156249669969604,118,2,"SNETWORK (2 36 5282.57546923239 0.186695076225189 57000339 118)",57
29,57000340,-1.03570737832891,34,-0.361841926944517,-0.698245294676348,-0.695629464068801,-0.700108350003007,-0.706051805186474,-0.0922938171590436,-0.0794351716534078,0.899705560208108,0.433476738438834,0.898677533390615,-1.21470532328898,0.811795508756119,0.898677533390615,0.898677533390615,-0.132044099553875,0.0974316057259041,0.130494040197755,0.63725949632679,-0.185496445819,0.888230940044412,-1.64368450082736,-1.9192718638702,0.441336230309614,-1.03570737832891,-0.5,1.47567035577246,2.68435548811604,2.76484958948587,-0.69979286128227,3.30096991629774,-1.02609450097877,-0.554786725838629,0.415438769635661,0.825608265171236,2.9456149846196,0.0399850261056294,1837.0000000001,8.65127071972045,1.9785393025313,116.0000000001,0.366942010906648,9.01821273052709,0.130756919188098,-0.00528286395068139,-0.474620826301702,-0.824899155053918,-0.0961481581518923,0.831711256226631,-1.08035900470072,0.55071409792337,-0.711717839335031,0.650239169424265,0.785030767009121,6.21312825530833,75.0000000001,18.6393847657296,6.21312825530833,75.0000000001,18.6393847657296,8.70111578403763,6.7583312421267,1e-10,-0.909740286511717,-1.42556312019321,-1.10398675113925,-0.573906841233574,-0.118644023962116,-0.921164041933264,-0.487990783359437,-0.503664629107672,-0.505590738712639,0.970358945201275,1.52448984319313,-0.841886710016905,-0.58161888271501,-4.75623303914345,0.573927243026331,1.55160022811475,1.80053311458327,0.213312729253869,-1.70622573977393,-0.667972410219627,-0.187943216701152,1837.0000000001,1.25520833343333,0.125436551488519,0.00532036759957829,0.270256269008629,0.270256269008629,0.408456347600461,1.46528551708941,1067.37171645025,0.25,56,2,"SNETWORK (2 29 1067.37171645025 0.408456347600461 57000340 56)",57
41,57000341,-0.341676920963895,69,-0.407894617963011,-0.251052105764176,0,0,0,0.523190135932549,0.656134829627048,0.161646870804401,-0.212928736016262,0.720103015263474,-0.0183098304677649,0.025520753450196,0.720103015263474,0.720103015263474,0.479895802082323,-0.498307824155758,-0.613586415295459,-0.125806697401803,-0.684462995035849,-0.606217616580312,0,0,-0.712927756653993,-0.341676920963895,0,0.476692358525541,0.00324719730417392,0.00322755619508124,-0.430007682155289,0.00312555777221299,-0.335080239451831,0.623585484403756,-0.205128711242701,0.278399961715741,0.0500935653023796,0.0799701241440398,197.0000000001,0.0631108032994329,0.0797178823728464,2479.0000000001,1.26382755263993,1.32693835583936,0.0310973019388339,0.881941264174604,1.09833386370522,-0.0992789814600903,-0.00423573457997483,0.0948139754616284,0.528095126185765,0.100254185654939,0.363668278893185,0.235735599127063,0.137065472622957,0.0299720983142857,525.0000000001,0.6294140626,0.0299720983142857,525.0000000001,0.6294140626,0.187453547572822,0.282332631581631,1e-10,-0.586946421425067,-0.556807231444284,-1.24414604618365,-0.444668093182945,-0.305084586862669,-0.363341583505644,0,0,0,-0.508188934860142,-0.249789204085986,0.343925089764218,0.640795137453619,0.156063440195899,0.965347638605223,1.02115780775893,0.954681379237956,0.895115920096627,0.518923391218356,0.917960456316027,-0.187943216701152,2479.0000000001,0.0833333334333333,0.00147902552360126,0.0296182763152326,0.0147505564207338,0.0147505564207338,0.414151940892371,2.32207996611394,2464.12820921136,0.0625,230,2,"SNETWORK (2 41 2464.12820921136 0.414151940892371 57000341 230)",57
29,57000342,-0.462458060157921,82,-0.361841926944517,-0.698245294676348,-0.562675121066356,-0.564925299345405,-0.567713055283144,0,0.0562487525976859,0.934768557371667,-0.161616161616162,1.04906017584503,-1.34733916878216,1.11183212376498,1.04906017584503,1.04906017584503,0.0301257113488233,-0.609701305634565,-0.620991691122236,1.79902695556616,-1.35503989598765,-0.606217616580312,0,0,-0.712927756653993,-0.462458060157921,-0.5,0.844613103566032,-0.0877438824970965,-0.0870935097988607,-0.621946691645992,-0.083784973680125,-0.459283677778851,0.510293746524878,-0.155111440085533,-0.0750801643893119,6.85525745502372,0.0399850261056294,2884.0000000001,31.6092208897392,0.104557427934338,3302.0000000001,0.551984300166773,32.161205189806,0.766154162802027,0.625679444161162,-0.848861842520652,1.14409878107484,-0.404652260248051,-1.81434850042802,0.472650063752145,-1.96109381680372,0.372076668558273,-3.24866149593498,-3.0224927144927,0.0168800675566702,476.0000000001,0.321396484475079,0.0168800675566702,476.0000000001,0.321396484475079,0.0418476681255104,0.477817600921086,1e-10,2.57878315311275,1.67497978386981,-0.189855723871902,4.12179184951462,0.177966116763023,-0.745145233155835,-0.178331149934657,-0.189046423999479,-0.18730165094911,0.645270548324941,-0.351855974573461,0.927172836710861,-0.150044883677425,-0.556035517645295,-0.794399558376941,-0.727320430811062,0.149040001042988,-0.935970256336125,0.349743590336803,0.0412578324302059,0.892495050203809,3302.0000000001,0.2109375001,0.753004622230897,0.013149540471129,0.00765640631093572,0.00765640631093572,0.989313456328679,1.98137706983835,1606.24148903239,0.25,95,2,"SNETWORK (2 29 1606.24148903239 0.989313456328679 57000342 95)",57
36,57000343,0.837314056188877,85,0.638158073055483,0.521052073640444,0.623124281295046,0.615977027310147,0.618989232093641,-0.187506024192576,-0.183927118269175,-0.0135541149767798,0.413497483449241,-0.339033237365974,0.419855752583127,-0.708499542953261,-0.339033237365974,-0.339033237365974,-0.816932327856977,0.0547903372859658,0.0163912215897908,-1.16832559724087,0.267684753144251,0,0.0216216216216217,1.64542936288088,0.287072243346008,0.837314056188877,0.5,-0.0225835417096669,-0.17902142933285,-0.17744790075839,-0.0617971330260271,-0.169583319010109,0.82277299721035,-0.695691156828268,1.32717493214903,0.16001019121249,0.084687116611712,0.0799702643258065,464.0000000001,0.251299942125374,0.114249178418679,1250.0000000001,0.913314095372006,1.16461403739738,0.0282034915192354,-0.577091988097781,0.117690837825329,-0.258347907985057,-0.27739356553469,-0.0426738015395705,-0.670356981208556,-0.0477744857040463,0.332583095527478,0.489246490870836,1.77594762139101,0.0835405355240544,423.0000000001,1.4135058594745,0.0835405355240544,423.0000000001,1.4135058594745,0.558108937912366,0.254464111348083,1e-10,-0.834336124893348,-0.932077582198697,0.100166778800051,-0.374357765446874,0.881355976037885,0.430873575621597,0.676414028971749,0.668054363157543,0.67905776525831,0.180391925080732,-0.519244065827185,-2.06888346280696,-2.34654997084727,-2.85392214763459,0.114647197177897,0.334819262894536,0.0137344691635984,0.157619059562626,-1.11133477303283,-1.84932789803519,-0.187943216701152,1250.0000000001,0.348958333433333,0.00608573787674277,0.0221177535424926,0.034230911786381,0.034230911786381,0.00513579631049443,0.00311934509891412,5247.81045642127,0.0156249669969604,115,2,"SNETWORK (2 36 5247.81045642127 0.00513579631049443 57000343 115)",57
28,57000344,0.829852478269766,126,-0.111841926944517,-0.494736954820113,-0.562675121066356,-0.564925299345405,-0.567713055283144,0.171379417050044,0.365589840788823,1.15054093075568,-1.02294829758648,-1.81407842222583,-1.39032058734865,0.26621088189237,-1.81407842222583,-1.81407842222583,-0.655859134103869,-1.49608167660467,-1.3514058600417,0.385048709331409,-2.01963323233037,0.393782383419688,-1.16859716859717,-1.44967682363804,0.0792141951837772,0.829852478269766,-0.5,-1.05000532952875,-0.567600514804293,-0.559221723942,1.61491269206454,-0.519813988347489,0.848453857578403,2.19915701155604,-0.968974422238671,0.846417581459127,0.0870027354550732,0.0399850261056294,13352.0000000001,1.8572655206557,0.0452326702982372,3940.0000000001,0.284933303695872,2.14219882425157,0.0556410484160402,-0.682275533355769,1.56831182863253,1.43040183697508,1.16921640900084,-0.263374325746953,1.57949600843984,-0.312018010661939,-0.211935489177408,-0.760762553274752,-0.265453759089648,0.0458254807187396,599.0000000001,1.09797851572527,0.0458254807187396,599.0000000001,1.09797851572527,0.408953046693561,0.0970589129131555,1e-10,-0.231778524706205,-0.488112429909039,-0.157964269892168,-0.0057000205515057,0.474576257488161,-0.569126424378405,-0.323585971028251,-0.331945636842457,-0.320942234741691,1.19305851576985,0.72375505742199,1.22757380205682,0.0447330289258598,0.156063440195899,-0.482311392391131,-0.60684980710444,0.013905378561713,-0.536776645227729,0.251509956211439,0.468236271150719,0.441967726528589,13352.0000000001,0.1093750001,0.0482402470769181,0.00740080123912212,0.0285186766742232,0.0285186766742232,0.613262901861539,1.96702942997217,2103.01413035782,0.125,34,2,"SNETWORK (2 28 2103.01413035782 0.613262901861539 57000344 34)",57
29,57000345,-1.01974991661084,35,-0.361841926944517,-0.698245294676348,-0.695629464068801,-0.700108350003007,-0.706051805186474,-0.0922938171590436,-0.0794351716534078,0.899705560208108,0.432140147164268,0.898081546821876,-1.21682610840648,0.812846692641246,0.898081546821876,0.898081546821876,-0.12848151986575,0.0932671174152993,0.122665500627837,0.630438977992842,-0.188566594286214,0.888230940044412,-1.64368450082736,-1.9192718638702,0.441336230309614,-1.01974991661084,-0.5,1.32665126734091,2.4491474974476,2.51560182995943,-0.660851969992156,2.94553090382183,-1.01493357670342,-0.832967441058858,0.405296488198043,0.823578778856133,2.2686497795721,0.0399850261056294,914.0000000001,3.31518996136268,0.510731865477987,85.0000000001,0.0694075391919896,3.38459750045467,0.0511772263643612,0.779348789877963,-0.0192481614739102,-0.917603466795596,-0.521412508042697,0.419551101920613,-1.33410151808477,0.291193269907141,-1.0742528454046,0.173229786597763,0.1443303689113,2.10687561045156,160.0000000001,13.4840039063533,2.10687561045156,160.0000000001,13.4840039063533,6.26406732568349,4.92946074633261,1e-10,-0.161841430020784,-0.223482660719371,0.101649863411716,-0.111667210677112,-0.118644023962116,-0.921164041933263,-0.405788377193844,-0.417805535283672,-0.413266069040298,0.195636831077326,0.981578525442055,-0.0662643070488703,0.719262545659175,-2.00369894587728,0.116843941482394,0.596635877373117,0.740076043905244,-0.0343447495655242,-1.11460340471822,-0.0737644353079379,-0.187943216701152,914.0000000001,1.03385416676667,0.0501277409615472,0.00104948530281401,0.203886553360494,0.203886553360494,0.421357872310215,0.282332425005734,1079.34065266854,0.25,57,2,"SNETWORK (2 29 1079.34065266854 0.421357872310215 57000345 57)",57
28,57000346,-0.359243302939503,87,-0.361841926944517,-0.698245294676348,-0.562675121066356,-0.564925299345405,-0.567713055283144,0.276239145530059,0.376415154330249,1.06704469509691,-0.521897124240336,0.419404168682276,-0.776411490843861,0.831802345079345,0.419404168682276,0.419404168682276,-0.0591627964738216,-0.746207776665997,-0.751410146186435,1.34885904031407,-1.39249862006545,0.393782383419688,-1.16859716859717,-1.44967682363804,0.0792141951837772,-0.359243302939503,-0.5,-0.357425279121404,-1.71626271879519,-1.65884954512109,0.080717024985065,-1.42561231867167,-0.359950314720126,-0.266315683647488,-0.497044164816186,0.171701184186271,3.55174594190511,0.0399850261056294,3702.0000000001,21.0219535895392,0.211157314950887,5254.0000000001,1.773744103873,22.7956976933122,0.72883229371747,-0.319421386702122,-0.768636255830255,0.0113291950055321,0.250446873528501,0.279294553539853,0.225531253506751,0.400396252074863,-0.288025506132539,1.00539362720566,0.603146948126627,0.100988424149233,424.0000000001,1.71276367197542,0.100988424149233,424.0000000001,1.71276367197542,0.69957390635973,0.820189829547138,1e-10,-0.0647988036236798,0.296251391936779,-0.0218655882867555,0.664025193728164,-0.118644023962116,-0.921164041933264,-0.323585971028253,-0.331945636842457,-0.320942234741691,0.665605562364901,0.8671865207973,-0.139843925021498,-0.870836961577805,-0.325240074637786,-0.0906289123484297,0.0319370511008349,0.247626679593402,-0.143785106725544,0.753778115206967,0.616173323792759,-0.187943216701152,5254.0000000001,0.346354166766667,0.672121505430966,0.0567107881865042,0.0547610997565278,0.0547610997565278,0.0591959621475537,0.287658502404557,1663.15018224757,0.125,3,2,"SNETWORK (2 28 1663.15018224757 0.0591959621475537 57000346 3)",57
29,57000347,-0.822505823226193,53,-0.361841926944517,-0.698245294676348,-0.562675121066356,-0.564925299345405,-0.567713055283144,0.0294652277333167,0.0604933768907347,0.962263265586781,0.359295922700471,0.867677391757051,-1.23518742679582,0.864958609880083,0.867677391757051,0.867677391757051,0.00576112330847643,-0.1719660730773,-0.267805017372151,0.533339532265201,-0.478462110744219,0.888230940044412,-1.64368450082736,-1.9192718638702,0.441336230309614,-0.822505823226193,-0.5,0.354316284840005,0.0966779869355323,0.0962276161997949,-0.341710221947262,0.0938250232244626,-0.820279953215362,-0.801839309687802,0.338106752200016,0.350130567068565,1.48318914385272,0.0399850261056294,4596.0000000001,10.8986153131702,0.323781939350667,1640.0000000001,0.848967829623016,11.7475831426932,0.270720214030774,-0.232311613770977,-0.145318808077258,-0.294079687817973,-0.692434062726101,-0.496431444285324,-0.871670877095357,-0.519220427511718,-0.510115369204074,-0.47063928202067,-0.628183167484024,0.0664404115680504,536.0000000001,1.42448242197535,0.0664404115680504,536.0000000001,1.42448242197535,0.78346313121987,0.215774153162721,1e-10,1.6220504887143,1.31536749448535,-0.489014492835646,3.16784535596417,0.17303483948888,-0.748071625184859,-0.323585971028251,-0.331945636842457,-0.32094223474169,-0.021533784983107,-0.669576663344889,0.793658897802925,-0.306499723179849,-0.662285952235112,-0.24275061003347,-0.172055621638831,-0.639669733478991,-0.0831019074876225,0.300344040754522,-0.270780879674979,1.23442802849148,4596.0000000001,0.0546875001,0.251155955509353,0.0195642584214204,0.0328268530905323,0.0328268530905323,0.646396372953197,0.404614586674143,1288.11221428241,0.25,72,2,"SNETWORK (2 29 1288.11221428241 0.646396372953197 57000347 72)",57
37,57000348,0.770723257306712,79,0.638158073055483,0.521052073640444,0.623124281295046,0.615977027310147,0.618989232093641,-0.378059524358631,-0.407032238610301,-0.138992922139969,1.53005938085194,-0.53163756109656,0.238415961857649,-0.430319463182204,-0.53163756109656,-0.53163756109656,-0.700203061667274,-0.468861848936791,-0.448142934513708,-0.934517609833468,-0.423464809100853,1.08031088082902,-1.42471042471043,-0.650969529085872,0.922053231939164,0.770723257306712,0.5,-0.26597019344736,0.871295443499731,0.876944876733541,0.380935504469362,0.906043918983293,0.760777318516495,0.598528497536895,1.4495369685007,-1.46225653267743,0.54336639040764,0.0799702643258065,616.0000000001,2.14057547786469,0.0873562940429431,2615.0000000001,1.46090829873475,3.60148377649944,0.0722161640466646,0.506567740109987,0.305639771382827,0.502926574188087,-0.165976222887833,-0.770795120973347,0.27285685386855,-0.699920643840123,1.3220003910927,-0.471734553384573,-1.11448033589579,0.00930466518249641,697.0000000001,0.259414062599908,0.00930466518249641,697.0000000001,0.259414062599908,0.232712735363252,0.545458607925822,1e-10,1.66254743519696,1.36313189206735,0.302623441334691,1.9012016586274,1.25363861190736,0.532751677721388,0.925305499315314,0.907687908754134,0.915337487884212,-0.211080117977993,-0.0327489548698204,0.704753255859648,0.0764286702789045,-2.39155118352546,-0.777526142540858,-0.567924881244194,0.592144114216258,-1.03500986622585,-0.223547510009757,-0.172292339191272,1.67907648952482,2615.0000000001,0.364583333433333,0.0429223506865299,0.0292938132601347,0.00520171396865009,0.00520171396865009,0.93241003580128,0.801748455909546,5178.2153392161,0.0312499339939208,184,2,"SNETWORK (2 37 5178.2153392161 0.93241003580128 57000348 184)",57
41,57000349,-0.472677787089957,59,-0.407894617963011,-0.251052105764176,0,0,0,0.473971610782043,0.607622046540802,0.192418400082734,-0.152005931123781,0.602764178310397,-0.155813899863541,0.0450159574282763,0.602764178310397,0.602764178310397,0.491684878617405,-0.297266626238945,-0.421956767704417,-0.00124373253071384,-0.478960085880162,-0.606217616580312,0,0,-0.712927756653993,-0.472677787089957,0,-0.908747094662715,2.07106631986243,2.11751644784087,1.89308858002963,2.40411264697868,-0.47043521384779,1.46353189315398,-0.145225758697261,-1.81788486098611,0.145555450984612,0.0799701241440398,3448.0000000001,3.20960265362698,0.102073171887053,1419.0000000001,0.926295480178028,4.135898133705,0.0669052114153142,0.287911479860775,0.38661208101492,0.947057958024474,0.9929094611894,0.0761510455642712,0.449421471372982,0.0588263096882727,0.362769636442558,-0.273891386737987,-0.316578658442192,0.0186665573629706,1089.0000000001,0.813115234475,0.0186665573629706,1089.0000000001,0.813115234475,0.49445801163181,0.326340060063298,1e-10,0.142683651246016,-0.0232467348229854,0.157532854106999,-0.265168824574765,-0.305084586862669,-0.363341583505643,0,-1.49871635330658e-15,0,-1.81369228355714,-1.01035381293092,-0.150660793908013,1.22060766862098,0.156063440195899,-0.509207409146542,-0.456314199235904,-0.362601847011198,-0.467229980448016,0.142929420883279,0.264070006944779,0.110779210037498,3448.0000000001,1.38541666676667,0.0519208009567781,0.0149844103585361,0.0131535267122602,0.0131535267122602,0.343194166074037,0.866758956573904,2343.50753308678,0.0625,224,2,"SNETWORK (2 41 2343.50753308678 0.343194166074037 57000349 224)",57
