"rid","pid","elevation.min","WS_ID","ws_mi60_mean","ws_accum_precip_mean","ws_10.min.storm.accum_mean","ws_30.min.storm.accum_mean","ws_60.min.storm.accum_mean","ws_sbs_mean","ws_dnbr.BAER_mean","ws_dnbr.extended_mean","ws_flow.accum_max","ws_slope_mean","ws_aspect.northness_mean","ws_aspect.eastness_mean","ws_slope.northness_mean","ws_slope.eastness_mean","ws_bare.earth_mean","ws_ndvi.max_mean","ws_ndvi.mean_mean","ws_ndvi.min_mean","ws_ndvi.range_mean","ws_RV.Sand","ws_RV.Silt","ws_RV.Clay","ws_Kw","ch_elevation.min","ch_watershed","ch_valley_width","ch_area","ch_channel_width","ch_channel.width.over.valley.width","ch_elevation.mean","ch_slope.median","ch_flow.accumulation.max","ch_curvature.median","ch_sfm.erosion.mean","ch_sfm.erosion.count","ch_sfm.erosion.sum","ch_sfm.deposition.mean","ch_sfm.deposition.count","ch_sfm.deposition.sum","ch_sfm.net.change","ch_sfm.net.change.norm","ch_ch_area","ch_distance.upstream","ch_distance.downstream","ch_slope.upstream","ch_slope.downstream","ch_central.slope.difference","ch_slope.over.width","ch_change.in.slope.over.width","ch_stream.power","ch_slope.over.width.central.diff","ch_stream.power.central.diff","ch_lidar.erosion.mean","ch_lidar.erosion.count","ch_lidar.erosion.sum","ch_lidar.deposition.mean","ch_lidar.deposition.count","ch_lidar.deposition.sum","ch_lidar.net.change","ch_lidar.net.change.norm","ch_lidar.resolution","hs_area","hs_hillslope.length","hs_flow.accumulation.max","hs_elevation.range","hs_mi60.mean","hs_accum.precip.mean","hs_storm.accum.10.min.mean","hs_storm.accum.30.min.mean","hs_storm.accum.60.min.mean","hs_slope.median","hs_aspect.northness.median","hs_aspect.eastness.median","hs_slope.northness.median","hs_slope.eastness.median","hs_curvature.median","hs_bare.earth.mean","hs_ndvi.max.mean","hs_ndvi.mean.mean","hs_ndvi.min.mean","hs_ndvi.range.mean","hs_dnbr.BAER.median","hs_extended.dnbr.median","hs_drainage_density","ch_sfm.net.change.count","ch_sfm.erosion.norm","ch_sfm.deposition.norm","ratio","snapdist","upDist","afv_flow_accum","locID","netID","netgeom","bootstrap_rep"
328,13000001,0.868458487223022,277,0.833942087661095,0.661934694919581,0.679648502105189,0.676245639047415,0.674971766192546,0.855998466882622,1.0248599079338,0.235544095820725,0.0882957781169303,-0.0556179991153219,0.262717031575277,-0.27850739937111,-0.0556179991153219,-0.0556179991153219,-4.22813425708995,-0.0991871544114413,0.0169972419942283,1.08876436034409,-0.353433209580245,-0.560339494672534,0.667148486569063,-0.788859635579387,-0.682989322922567,0.868458487223022,8,0.0832407359048626,-0.915068156082934,-0.891860337745159,-1.16948453705211,0.847771469381293,-0.498553085097794,0.088130560644743,0.250472877252713,0.240741086119101,3686.0000000001,1.71796719988054,0.23214977145819,445.0000000001,0.200003498754773,1.91797069853531,0.0638478926442806,-0.638686947514125,0.322418286486229,0.723384243994391,-0.324644259451362,-0.438933414102977,-0.372110971521198,-0.0250855434716056,-0.782295092893436,0.0967016893196206,-0.386474235127993,-0.466207939889824,0.93412449058913,23.0000000001,21.48486328135,0.93412449058913,23.0000000001,21.48486328135,0.633688385731577,1.07352125878074,1e-10,-1.04077137960944,-1.06339286900538,-0.238554264891411,-0.572694288417692,1,0.955946779738604,1.27717508738715,1.28529677079185,1.31366454417867,0.433197471506029,0.817387617896305,0.190782495737913,0.48130323472436,0.48130323472436,-1.74424593632591,-0.501549103150526,0.281196678765793,0.504921236060874,1.09377494748332,-0.150439532261968,2.46301171780939,0.858738029954235,0,3686.0000000001,0.0571899170595625,0.00665797548471817,0.295943786909537,0.886546646566648,18916.7621033524,2.91038304567337e-11,484,1,"SNETWORK (1 328 18916.7621033524 0.295943786909537 13000001 484)",13
318,13000002,0.505318972739567,191,0.826606769083661,0.576140491778701,0.449959143780463,0.448153051499128,0.45024912066774,0.946214335962973,0.962395472416027,0.590592444431983,0.638194756527569,-0.0355449717767336,0.357799555912706,-0.103588621758498,-0.0355449717767336,-0.0355449717767336,-0.305083891589918,-0.901059307433099,-0.753497621941478,-0.0259094208772476,-0.977547065105662,-0.603050539930755,0.694143931109334,-0.735182512335809,-0.673195464551723,0.505318972739567,8,0.0291892456899102,0.653779010485508,0.662234121826111,0.611246886837121,0.500610682355237,-0.34938811228716,0.638038696771751,0.386507058230605,0.0816017785549548,3010.0000000001,0.475527285171051,0.111836559796285,1752.0000000001,0.379338761912113,0.854866046983165,0.00878005914398355,0.804895103323419,1.02590727057607,0.335270333796131,-0.138969649865374,-0.295908178566325,-0.52277799246278,-0.653733015351355,-0.352975027704287,-0.351178823374438,-0.120520005126409,-0.249249162548662,0.0842916555418103,58.0000000001,4.888916015725,0.0842916555418103,58.0000000001,4.888916015725,0.518120461987855,0.443698258227174,1e-10,0.032588216201754,0.288787263145495,-0.117330887507462,0.521543729891409,1,0.955946779738605,0.975277852907367,0.986233363658323,0.989828666406973,0.352295591302909,-0.469303961937807,-0.0467769713112248,0.3862190709266,0.3862190709266,-0.607022883892322,-0.46686105844867,0.374072075964609,0.34048262391032,0.273714986943981,0.393245113268948,-0.229324067308433,-0.589522426637174,0,3010.0000000001,0.00488399048619561,0.00389606855778794,0.742872384007611,1.32526605093153,18390.2836035899,5.82076609134674e-11,319,1,"SNETWORK (1 318 18390.2836035899 0.742872384007611 13000002 319)",13
56,13000003,-0.482549845215237,100,0,0,0,0,0,-0.188337331361867,-0.0145935618501901,-0.332508548506332,-0.0125453620642237,0.958482411677086,-0.643026074319682,0.907770418700657,0.958482411677086,0.958482411677086,-0.318885552837925,0.23583956840273,0.411618909142057,0.364423646752293,0.061775471492991,0.442037567785408,-0.329724348592432,0,0,-0.482549845215237,2,-0.276284677293366,-0.398017700063332,-0.394103185543793,-0.228122588383995,-0.49343758334671,0.527323666615573,-0.012685367476213,-0.249484661518818,0.297492023977688,2402.0000000001,1.14332134626577,0.252110980945402,10081.0000000001,4.06644927674056,5.20977062290633,0.117350497423424,-0.330880450182704,9.31360465542681,0.0101721691894098,1.67307549946821,0.110881761347033,-3.75656986647546,0.480082322266162,-5.50039989677459,0.507412472045461,-0.503655649082053,-0.535409363456721,1.14269147610446,28.0000000001,31.995361328225,1.14269147610446,28.0000000001,31.995361328225,1.09270810019703,1.38424090148278,1e-10,-0.295483819022412,-0.242114847933179,-0.240626775255808,-0.152459738677594,-0.0232557920329049,-0.145374652181789,-0.0247221470926318,-0.0137666363416772,-0.010171333593027,0.464287868121351,0.810002355763576,-0.0183491565292623,0.518511133733844,0.518511133733844,0.7384198437368,-0.406624961227352,-0.484898188250307,-0.340177801937503,-0.0875845279776967,-0.579505277540691,0.32016566174129,-0.100341027992005,0,10081.0000000001,0.025753404187451,0.0915970931359733,0.958925946686683,0.81879087236555,6322.28750728095,0.00048828125,69,1,"SNETWORK (1 56 6322.28750728095 0.958925946686683 13000003 69)",13
56,13000004,-1.21340384296906,4,0,0,-0.0539298651555209,-0.0526282971591558,-0.0497659234028937,-0.323659641781947,-0.0529461721889036,-0.457611143366578,0.00802371097309498,1.0103374146104,-0.673952556665792,0.910182005095186,1.0103374146104,1.0103374146104,0.0956069721818366,0.151271795580745,0.318262562763149,0.118162381201618,0.0126579100284756,0.396949460069245,-0.3182243350896,0.145121969788322,0.0313608172450206,-1.21340384296906,2,0.466255315054042,0.483818592413277,0.488615401779907,-0.297235741266051,-1.21063774181968,0.421386538597812,0.00784280353022173,0.513740157436233,1.15477774569327,212.0000000001,0.391700611404907,0.0814996196527223,13.0000000001,0.0016951921866952,0.393395803491602,0.00458448191138758,0.557149591145486,2.72854922917373,2.95333162445771,0.594279285762739,-0.0575543435368999,-1.77585165735582,-0.163307753498559,-1.3496340479652,-0.177937119925423,-0.632412338800371,-0.692220116061411,1.24738103703182,11.0000000001,13.72119140635,1.24738103703182,11.0000000001,13.72119140635,0.294629434255391,1.54020567647154,1e-10,-1.35665390322372,-1.51560866201025,-0.853872568652574,-0.722197477302221,-0.0232557920329049,-0.145374652181789,-0.0456386537822689,-0.0156235779160857,0,-3.39961677446279,0.0793607428287859,-0.109464078537641,-2.13382445066416,-2.13382445066416,0.864904134387697,-0.680756635910686,0.41221093247237,0.100381055840508,-0.227462913316906,0.700430847685499,-0.244503231411791,0.922769123802504,0,212.0000000001,0.00456472670159418,1.97551097933959e-05,0.260830076647581,0.927832975052297,5763.87456778715,0.00048828125,3,1,"SNETWORK (1 56 5763.87456778715 0.260830076647581 13000004 3)",13
318,13000005,0.552661697548801,204,0.826606769083661,0.576140491778701,0.449959143780463,0.448153051499128,0.45024912066774,0.951488951095505,0.966003996839221,0.653726597087061,0.635090439791744,-0.0406623325792535,0.365119021553711,-0.106718545105392,-0.0406623325792535,-0.0406623325792535,-0.354453461908538,-0.910562373558138,-0.765487864553675,-0.0385493536571078,-0.985018773563941,-0.603050539930755,0.694143931109334,-0.735182512335809,-0.673195464551723,0.552661697548801,8,-0.836871808877782,-0.493933456551572,-0.487775574531838,0.424025142025357,0.541347438931558,0.880824864258806,0.635051587338874,-0.472357814912587,0.314661782249869,4775.0000000001,2.90888596043952,0.100343484856614,3598.0000000001,0.698971808699124,3.60785776903865,0.0873486596347093,-0.39715482574555,-0.395097338839669,-0.314794822493119,0.734927960915293,1.04314046025899,0.565994930252894,0.756453160286445,0.906271399290369,1.40410227628871,1.53421495246424,3.11424775108922,0.0294935439368056,36.0000000001,1.061767578225,0.0294935439368056,36.0000000001,1.061767578225,0.258239239243183,0.274182951778861,1e-10,-0.30075520707309,-0.388584058905643,-0.29959161234902,-0.42346075228302,1,0.955946779738605,0.975277852907369,0.986233363658323,0.989828666406974,-0.590203912984284,0.554032728627538,0.329416174325665,-0.556070337609911,-0.556070337609911,0.232736797724383,-0.460669356943335,-0.241082619395044,0.0262993825980213,0.750924322830068,-0.679033827515021,0.310836286752901,1.52402520131703,0,4775.0000000001,0.0704260826362176,0.0169225768984917,0.806219021727104,0.689560631951333,18465.3554844254,5.82076609134674e-11,411,1,"SNETWORK (1 318 18465.3554844254 0.806219021727104 13000005 411)",13
318,13000006,0.617163289354035,222,0.826606769083661,0.576140491778701,0.449959143780463,0.448153051499128,0.45024912066774,0.948348239264245,0.963819516135608,0.629557991737441,0.624007626952543,-0.0531273898155857,0.345790156944637,-0.114408348392613,-0.0531273898155857,-0.0531273898155857,-0.748049793816379,-0.882699461734292,-0.738349546163108,-0.00417347161896614,-0.962766942994514,-0.603050539930755,0.694143931109334,-0.735182512335809,-0.673195464551723,0.617163289354035,8,0.177693539513229,0.396292620709794,0.399570684992733,0.00140078019651596,0.606834852467799,-0.152911944258561,0.623842869509232,1.6402095268167,0.213387604852745,4610.0000000001,1.90449324029514,0.0764000236115094,2164.0000000001,0.320081129106591,2.22457436930173,0.0276688021087777,0.441143540315173,-0.302791573589415,2.58073136881666,-0.0747492305848179,-0.139622160175589,-0.284069506241362,-0.430007150219139,-0.230750248125671,0.0418748228696479,0.191390441016909,0.384839626327144,0.482490234475,75.0000000001,36.186767578225,0.482490234475,75.0000000001,36.186767578225,1.27575728506945,0.400684019727531,1e-10,0.0475412800812401,0.128367329743977,-0.23718392282975,0.197825603689106,1,0.955946779738605,0.975277852907369,0.986233363658323,0.989828666406973,0.224140363073965,-0.830951292638731,0.46343490886604,0.24060148051207,0.24060148051207,-0.823367701315024,0.626296256849022,0.192871583889373,0.0239817744161418,-0.334960549326296,0.459815839119199,-0.959399074593247,-0.664320169591204,0,4610.0000000001,0.0236876982489571,0.00398110375982053,0.889043259861422,1.61870354662917,18563.5102020136,5.82076609134674e-11,370,1,"SNETWORK (1 318 18563.5102020136 0.889043259861422 13000006 370)",13
137,13000007,0.45839546817774,135,-0.166057912338905,-0.453200003638288,-0.550040856219537,-0.551846948500872,-0.54975087933226,-0.0283292771621102,-0.0561273280692662,-0.629059160347384,-0.402137194469852,-0.0920887593246262,-0.00804261677829686,0.128119412461899,-0.0920887593246262,-0.0920887593246262,-0.907458151614828,0.153039695214548,0.0473968278285723,-0.688728715012986,0.119072360884311,0,0,0.264817487664191,0.333376028400019,0.45839546817774,1,-0.363202448024048,0.0822631019951802,0.0824145568032205,0.441741363905783,0.445513948720252,-0.233707468407047,-0.402346407284903,-0.314459074678639,0.0812939001516861,1553.0000000001,0.233435423151135,0.30892672279137,6474.0000000001,3.69798816355103,3.93142358660216,0.0617967456600925,0.08131422091781,-0.33624031251077,-0.567757875738194,-0.258083359161482,-0.359743954541479,-0.373582939789566,-0.333169326054459,-0.379148098896486,-1.22144346319913,0.763361979019653,0.375033110920915,0.388104413106757,37.0000000001,14.35986328135,0.388104413106757,37.0000000001,14.35986328135,0.931740396095266,0.896313475566848,1e-10,1.36092407958088,1.38586025433063,0.569300989916845,3.38548385414033,0.0145229886036826,-0.0426412776378902,0.0731772161042934,0.0786853766346204,0.0570927941265616,-0.882889861535048,0.00371393217145064,-0.578673615617499,-0.794844199856576,-0.794844199856576,-0.0197976927146274,0.430670065670083,-0.0992825940531067,-0.0176345699470932,0.0255527991202926,-0.11776954724163,0.552281614758948,-0.130731061324843,17457582953.2267,6474.0000000001,0.00366929411842853,0.0581274514416639,0.547026274329938,1.03721224972628,5159.19075103461,0.001953125,186,1,"SNETWORK (1 137 5159.19075103461 0.547026274329938 13000007 186)",13
56,13000008,-0.503401495781867,96,0,0,0,0,0,-0.211274715101396,-0.0219810542649905,-0.366854576949983,-0.0100620727948735,0.9677339204079,-0.656067443840319,0.913930354887235,0.9677339204079,0.9677339204079,-0.216589137213968,0.222053757167949,0.39557466272737,0.325079906354587,0.0536614869395723,0.442037567785408,-0.329724348592432,0,0,-0.503401495781867,2,0.0386057630643063,-0.404173926633675,-0.400131877691846,-0.711488750035815,-0.519377059680301,-0.136881402906382,-0.0102254336201711,0.575021177739866,0.355529670708124,1228.0000000001,0.698544696910253,0.192891318454473,4870.0000000001,1.50300915271678,2.20155384952704,0.0498202222806021,-0.335275972042508,-0.362812414211638,-0.172680004348111,-0.169906068514023,-0.16695401036212,-0.0934437479195932,0.0184022685497873,-0.126015680130386,0.0209974202619523,0.581879669727432,0.621084961920681,0.912818545486905,21.0000000001,19.169189453225,0.912818545486905,21.0000000001,19.169189453225,0.532557123003539,1.04178001443549,1e-10,-1.24992571099204,-1.35715943058414,-0.414476959855327,-0.587817313472124,-0.023255792032905,-0.14537465218179,-0.0247221470926322,-0.0137666363416776,-0.0101713335930273,1.28408855776569,1.07151357711729,-0.36336799207417,1.6477393427686,1.6477393427686,0.479363891934003,-2.02143185740886,0.31666164209706,0.134435278460417,-0.0415326314228945,0.476810266204879,-0.322216827061936,0.28860205087053,0,4870.0000000001,0.0158077677760303,0.0340124544045718,0.933779241574875,1.48779337183136,6302.17243981997,0.00048828125,76,1,"SNETWORK (1 56 6302.17243981997 0.933779241574875 13000008 76)",13
137,13000009,-0.6731528874402,39,-0.169336007143403,-0.45983907781187,-0.612877153222713,-0.614349237474709,-0.609405455638136,-0.00682952163607305,0.00742581067759339,0.0215477469304588,-0.359885663000775,0.119499013766342,-0.0669512291342957,-0.00984657705734423,0.119499013766342,0.119499013766342,0.560034426234568,-0.0212047440914432,-0.10504127785655,-0.952765495617198,-0.0137126050597308,0.0677281446396492,-0.117429098893948,0.617705950750841,0.326804535448277,-0.6731528874402,1,-0.696861446237558,-0.209898195578126,-0.208854147941797,0.600582655241529,-0.669026472400914,0.943971329110699,-0.360094564991315,0.0507642212457674,0.285111473558814,3564.0000000001,1.87883972671926,0.140572222139054,1209.0000000001,0.314241222273996,2.19308094889325,0.0428937596614265,-0.186505856685605,0.595733000442736,0.211087780200834,0.91713216673931,1.54825288008481,1.37540649424381,0.561929831332215,1.76037171140036,-0.0739522268906665,0.206529857507459,0.114414617944427,0.435489052320395,38.0000000001,16.548583984475,0.435489052320395,38.0000000001,16.548583984475,0.418108733533558,0.330662436543748,1e-10,-0.47297678106807,-0.564478250663768,-0.624288510454227,-0.281186825216063,0,-0.044053220261396,0,3.57648972802931e-16,-0.0227070388776265,0.903726249613999,-1.03976106048959,0.450410953183804,1.0864946789608,1.0864946789608,0.0661195854681801,0.225340739200597,-0.823022084634251,-1.02823288597948,-1.20490667473169,-0.464715038341354,-1.14700821448552,0.375436500896839,0,3564.0000000001,0.0367476173336911,0.00614614222773539,0.230779615559587,0.736123035670435,4609.882461533,0.001953125,164,1,"SNETWORK (1 137 4609.882461533 0.230779615559587 13000009 164)",13
318,13000010,0.366309781354452,161,0.826606769083661,0.576140491778701,0.449959143780463,0.448153051499128,0.45024912066774,0.93118578426876,0.955283387722176,0.451388492042334,0.656549039485588,-0.0237156296817493,0.339014486657439,-0.103144325715532,-0.0237156296817493,-0.0237156296817493,-0.255115021652286,-0.881394312560459,-0.731883039885515,-0.0295902487151553,-0.958215919124587,-0.603050539930755,0.694143931109334,-0.735182512335809,-0.673195464551723,0.366309781354452,8,0.00255008752159021,0.996848035801468,1.01518318682034,1.23322001565992,0.354670587164618,-0.201766970512696,0.656415656605839,0.0624578917856993,0.151095629376594,4430.0000000001,1.29588048444886,0.0880069124728759,1942.0000000001,0.330883668250005,1.62676415259886,0.0129536267064288,1.40997231960294,-0.641142914738399,-0.60376976879731,0.046252943279728,-0.269118025352852,-1.06879606204362,-0.693847947635816,-0.560394901990941,-0.423195323223655,-0.631509154456663,-1.30690785129927,1.02239925996842,95.0000000001,97.1279296876,1.02239925996842,95.0000000001,97.1279296876,4.54642868576676,1.84127543921433,1e-10,-0.808128488799643,-0.921353067327146,1.89689789175843,-0.628050145781018,1,0.955946779738605,0.975277852907368,0.986233363658323,0.989828666406973,-2.70757158812135,-0.0143788124969484,-0.322349818226456,-1.86663528244794,-1.86663528244794,1.43545576988007,-1.06213884696097,-0.0595832718265422,0.0413756558728925,0.234881869131204,-0.171132087792546,0.378080420013401,-0.119137460775648,0,4430.0000000001,0.0103188602324607,0.00263476637396807,0.589568405992425,7.87376716982904,18208.6035905142,5.82076609134674e-11,364,1,"SNETWORK (1 318 18208.6035905142 0.589568405992425 13000010 364)",13
137,13000011,0.594069721812148,155,-0.166057912338905,-0.453200003638288,-0.550040856219537,-0.551846948500872,-0.54975087933226,-0.00670207444411838,-0.0496180021893445,-0.698755750307975,-0.40974264738314,-0.136611645290198,0.0142086179217781,0.118512637677435,-0.136611645290198,-0.136611645290198,-1.62281629562023,0.155276040681194,0.0335087666520313,-0.705945630494274,0.123452903411255,0,0,0.264817487664191,0.333376028400019,0.594069721812148,1,-1.27914842982665,-1.71463892109036,-1.61731559365276,-0.466435910648165,0.580149864345851,0.439319786515534,-0.409868178614537,-0.919229387798163,0.0491090130020021,136.0000000001,0.0123491612430462,0.0921532571174268,483.0000000001,0.0822991150072651,0.0946482761503113,0.00582691129770203,-0.93450974412514,-0.235286119472259,-0.274214535679579,0.541259469370649,1.08080124055347,1.2615644675848,1.56721808491763,5.11807436793534,0.640254838432318,2.25112044122105,1.08023950200712,0.620742797951563,16.0000000001,9.931884765725,0.620742797951563,16.0000000001,9.931884765725,0.129140944133949,0.606650400360295,1e-10,0.0366203242372432,0.19165960577325,-0.18489290165698,0.20400514587331,-1.03276561575505e-16,0,-0.0247221470926329,-0.0137666363416776,-0.0101713335930258,-0.174206172612594,-0.600792185610875,0.862583727008156,-0.175318668839153,-0.175318668839153,-0.367048106964324,0.473374993784269,1.02986159514246,1.10451523035215,0.509457824308745,1.15636544527993,-1.23936008130293,-1.94031916166477,0,483.0000000001,0.000760261764391702,0.00506664943331033,0.612011636170507,1.11761273129295,5272.06782646075,0.001953125,247,1,"SNETWORK (1 137 5272.06782646075 0.612011636170507 13000011 247)",13
137,13000012,-0.835602257376126,31,-0.169336007143403,-0.45983907781187,-0.612877153222713,-0.614349237474709,-0.609405455638136,-0.0250635106363805,0.00121969911818152,-0.000110480485147062,-0.358532499295415,0.136064483775477,-0.0864587143903005,-0.00156455634217024,0.136064483775477,0.136064483775477,0.580907553041747,-0.028554291465635,-0.11280428733222,-0.977622989085417,-0.0175353611059922,0.0677281446396492,-0.117429098893948,0.617705950750841,0.326804535448277,-0.835602257376126,1,-0.989071266918133,-1.45208034861751,-1.38621502660332,-0.559863160764425,-0.840843866449777,1.86185961271301,-0.358694070222593,-0.555237952699461,0.125271869954907,118.0000000001,0.0273320944821169,0.145012513635026,682.0000000001,0.182863572364018,0.210195666746135,0.0105547548711039,-0.85578562077904,-0.893985832318663,2.59567204420613,1.63946737882597,1.57420382532427,-0.659207844178204,2.12597929194679,-2.11115668036736,1.21612775879625,-3.08880424312599,-1.68420661367325,0.86798095713125,8.0000000001,6.94384765635,0.86798095713125,8.0000000001,6.94384765635,0.00135410345966904,0.974981717480359,1e-10,-0.698589023200077,-0.663368897801934,-0.400591501148134,-0.352847043490334,2.06553123151011e-16,-0.0440532202613954,6.84487991150658e-16,1.07294691840879e-15,-0.0227070388776258,0.818261886042854,0.055835191386789,-0.800668186153369,0.969613356122437,0.969613356122437,0.39217118272511,0.205321257732284,-0.511364114938996,-0.51539929486134,-0.914021441659794,-0.193336187224698,-0.233703514743881,-0.229600435521099,0,682.0000000001,0.00137245243057067,0.00918230234053319,0.205676208815694,0.753787636112689,4566.27880901452,0.001953125,144,1,"SNETWORK (1 137 4566.27880901452 0.205676208815694 13000012 144)",13
137,13000013,-1.1387571211766,11,-0.169336007143403,-0.45983907781187,-0.612877153222713,-0.614349237474709,-0.609405455638136,-0.0407975679760179,-0.00518330068881292,-0.00655141049458454,-0.357463261995183,0.147227658425591,-0.0957148157025452,-1.91469803519325e-05,0.147227658425591,0.147227658425591,0.593154741388547,-0.0323090686580168,-0.116580328597896,-0.992405181832339,-0.0192131903406245,0.0677281446396492,-0.117429098893948,0.617705950750841,0.326804535448277,-1.1387571211766,1,0.0210473085489307,0.446600944541442,0.450720193864663,0.115623051389011,-1.14366447128776,0.058160579073592,-0.357648581921086,0.415821703149359,0.319888668554946,6499.0000000001,3.84399432352206,0.317876957599576,3617.0000000001,2.12591012775272,5.96990445117478,0.0715239752632714,0.506908070147105,2.03996874695869,2.4955018024088,0.173237293186846,0.0494053406082893,-0.460282350867494,-0.330923263984501,-0.360368149715106,-1.09002395868609,-0.729120127915158,-0.397718999730932,0.6335937501,70.0000000001,44.3515625001,0.6335937501,70.0000000001,44.3515625001,2.24155284744884,1.26203942634104,1e-10,-0.876335337176427,-1.31618229545182,-0.797044835515366,-0.63870463955212,0,-0.0440532202613966,0,0,-0.0227070388776265,0.0924695746103899,-0.778834832673211,-0.259013251791381,0.0971482674520277,0.0971482674520277,-1.77700370400704,0.439301144075134,0.127318995359574,-0.122017538193359,-0.858895339561528,0.638928911814806,-1.28696888030979,-0.677722517755232,0,6499.0000000001,0.0460539622986257,0.0254700128646457,0.142110884853988,3.03280146792531,4455.86828479654,0.001953125,103,1,"SNETWORK (1 137 4455.86828479654 0.142110884853988 13000013 103)",13
318,13000014,0.549079470304368,202,0.826606769083661,0.576140491778701,0.449959143780463,0.448153051499128,0.45024912066774,0.949460879724089,0.96451712615528,0.639669553045868,0.636126196752875,-0.0393555726258541,0.362067627236453,-0.105627779347761,-0.0393555726258541,-0.0393555726258541,-0.323638285426813,-0.90750583655445,-0.76151938165598,-0.0328150186981649,-0.982830676762138,-0.603050539930755,0.694143931109334,-0.735182512335809,-0.673195464551723,0.549079470304368,8,-0.880972215736514,-0.721365378845047,-0.707551517020232,0.172888583391485,0.53291370444623,0.534513186331457,0.636222468585805,-0.829775410830736,0.326079957503987,8866.0000000001,5.59707535717632,0.0457232478589901,413.0000000001,0.0365591799423649,5.63363453701868,0.161931252623519,-0.536824364894341,-0.101714900328621,-0.044140341304603,0.58822310179181,0.52322927842704,0.323475220076087,0.740439900959833,0.391746549806989,1.39045346219976,0.00383525105811212,0.00358216577649659,0.111808268329167,30.0000000001,3.354248046975,0.111808268329167,30.0000000001,3.354248046975,0.158120888477102,0.151551837898992,1e-10,0.927836510544878,0.620457325833689,0.302475332711492,0.97741417458571,1,0.955946779738606,0.975277852907369,0.986233363658323,0.989828666406973,-0.527372451018245,-0.620742031893569,0.179371724505588,-0.501796564023801,-0.501796564023801,0.139622460012759,0.159609645402572,0.343954738334167,0.394295232593767,0.594130606100528,0.189129217493951,-0.55020630510267,-0.0448336573709185,13736407580.0953,8866.0000000001,0.160880408038612,0.00105084448490774,0.797486380918807,0.0317290909588337,18455.0064620662,5.82076609134674e-11,422,1,"SNETWORK (1 318 18455.0064620662 0.797486380918807 13000014 422)",13
137,13000015,0.554068819422703,148,-0.166057912338905,-0.453200003638288,-0.550040856219537,-0.551846948500872,-0.54975087933226,-0.00280934933658098,-0.045959920411659,-0.669900449112786,-0.408515199068721,-0.127088676884877,0.0221481700035043,0.104054355329958,-0.127088676884877,-0.127088676884877,-1.41829765466226,0.154231166077252,0.037893214076746,-0.698169117869471,0.121441540815846,0,0,0.264817487664191,0.333376028400019,0.554068819422703,1,-0.826094296299875,-0.880071798262422,-0.858771897236068,-0.124132269274219,0.541521686776314,-0.0674244700879549,-0.407018771643977,-0.48385710683148,0.353013560571092,896.0000000001,0.584839561371066,0.251061767891225,1778.0000000001,0.825371908673021,1.41021146994409,0.0457138387968425,-0.621340527609844,0.157076509689354,-0.43960711479271,0.0491528232357911,0.0603551446921333,-0.119710918033123,0.408274341407822,-0.229217661820459,-0.359375737846823,-0.921559093527057,-0.42233369676351,1.4291015626,20.0000000001,28.5820312501,1.4291015626,20.0000000001,28.5820312501,0.943639446090468,1.8109299075221,1e-10,0.416265892082472,0.643716545016679,0.4575768155244,0.675521870362835,0,0,0.0564512491852726,0.0628900817507518,0.0456008136035468,-0.905389934208878,0.176454101246844,-0.677732280458607,-0.812280680236716,-0.812280680236716,-0.313711212316502,0.40726555398594,0.271379703921742,0.51677996041134,0.455928330252063,0.161899205393633,0.532833187622156,-0.228287411252595,26719631319.2646,1778.0000000001,0.0189583349300325,0.02675550376681,0.58871916539913,2.8079979443343,5231.60970011267,0.001953125,216,1,"SNETWORK (1 137 5231.60970011267 0.58871916539913 13000015 216)",13
318,13000016,0.424242672783138,173,0.826606769083661,0.576140491778701,0.449959143780463,0.448153051499128,0.45024912066774,0.935421124791825,0.958066962077645,0.480736512463873,0.642093903078439,-0.0269870236417871,0.344309712636008,-0.103801086103884,-0.0269870236417871,-0.0269870236417871,-0.259371379399275,-0.888120296723109,-0.739060586434366,-0.0272209510575291,-0.96497276513278,-0.603050539930755,0.694143931109334,-0.735182512335809,-0.673195464551723,0.424242672783138,8,-0.506757401424353,0.108539447023722,0.108801370169395,0.745561137350078,0.413470844829806,0.0298144297656612,0.641935397439629,-0.31012262996862,0.352909675234303,4770.0000000001,3.25905181650913,0.356441137556739,4298.0000000001,2.96594814398379,6.22499996039292,0.0959477264851604,0.108341041461112,0.0252586837542162,-0.96652146629334,0.0579773613455446,-0.305330497863799,-1.19813169285622,-0.167612936304536,-1.19995821129117,0.431206609490304,-0.538377347381192,-1.10293004099168,0.522008825331482,54.0000000001,28.1884765626,0.522008825331482,54.0000000001,28.1884765626,1.53567049450766,1.09580205243768,1e-10,-0.736098044821644,-1.02095835395751,-0.673108504680466,-0.596362737521137,1,0.955946779738605,0.975277852907368,0.986233363658323,0.989828666406973,0.36450640796903,0.599567377960418,-0.606335586088767,0.400411447733734,0.400411447733734,1.20106109935568,-0.669098590506354,0.144583910583648,0.159323016895299,-0.131120175758665,0.290722662923393,0.991011611726575,0.33277545601695,0,4770.0000000001,0.0502327090683498,0.0457150173168106,0.649241958806581,0.738295359728351,18279.3225111574,5.82076609134674e-11,375,1,"SNETWORK (1 318 18279.3225111574 0.649241958806581 13000016 375)",13
56,13000017,-1.10505181328515,15,0,0,-0.0539298651555209,-0.0526282971591558,-0.0497659234028937,-0.322310499815675,-0.0525245752557668,-0.462508993757346,0.00785729399344253,1.01044807211559,-0.674251966439559,0.910525869774281,1.01044807211559,1.01044807211559,0.0947383111149252,0.152039163057637,0.319180683376004,0.120689983006185,0.0130655667019644,0.396949460069245,-0.3182243350896,0.145121969788322,0.0313608172450206,-1.10505181328515,2,1.0291190812884,-0.281299711595931,-0.279394369756547,-1.43214995816183,-1.11132728566497,0.565227766075504,0.00766439759870868,2.33402259116505,0.488544720682712,7637.0000000001,5.96962564983924,0.059137138599439,3207.0000000001,0.303444485168065,6.27307013490731,0.129442117735833,-0.243667110766579,-1.1196513800614,-1.46418926913461,0.755521258728108,0.565779750566845,-0.910783870781477,0.414604868286316,-1.21491112213031,0.470760841998905,-0.407057903556608,-0.445581380464535,0.420249245483523,44.0000000001,18.490966796975,0.420249245483523,44.0000000001,18.490966796975,0.502937444789676,0.307958424576078,1e-10,-1.42494694869564,-1.58899982901124,-0.897264298837305,-0.698529028198776,-0.0232557920329049,-0.145374652181789,-0.0456386537822686,-0.0156235779160857,0,-0.864022133438517,-0.578365442826282,0.0473487104924702,-0.780124423493421,-0.780124423493421,1.45877058267006,0.862446424550007,0.165012364893935,0.00139903080069329,-0.130893587481667,0.318127795471911,-0.114195025299542,-0.162691413500796,0,7637.0000000001,0.123180670547241,0.00626144708859243,0.334904162912582,0.875281319022179,5823.1270716721,0.00048828125,21,1,"SNETWORK (1 56 5823.1270716721 0.334904162912582 13000017 21)",13
56,13000018,-0.718271922241454,66,0,0,-0.0539298651555209,-0.0526282971591558,-0.0497659234028937,-0.294941386696449,-0.0424597782280145,-0.460749177906906,-0.00138311547931065,0.996797556566522,-0.675917190326455,0.92611301399688,0.996797556566522,0.996797556566522,-0.0351210086133534,0.176578315975884,0.344955715782728,0.195779501650912,0.0268439377384739,0.396949460069245,-0.3182243350896,0.145121969788322,0.0313608172450206,-0.718271922241454,2,-0.499217618677452,0.0581296226613848,0.0582057704520329,0.651091419981159,-0.727207280086801,-0.104590419421689,-0.000642228528068591,-0.544033662435846,0.457366891615565,9978.0000000001,7.30177094976154,0.0745780345281753,5747.0000000001,0.68575994227338,7.98753089193492,0.127836883514404,0.056947272368147,-0.17392249984855,0.0142577050462972,0.0769144753373411,0.0441138766656073,-0.24886897420357,-0.228930528861641,-0.255739456364646,-0.276435063538802,0.192034463539743,0.210916312254493,1.11650988530408,49.0000000001,54.7089843751,1.11650988530408,49.0000000001,54.7089843751,2.08466877788844,1.34523600088087,1e-10,0.418325733236526,0.508619768635949,-0.00578660886836514,0.847768984637016,-0.0232557920329048,-0.145374652181789,-0.0303046320570851,-0.0142622980478355,-0.00745669962502864,0.248470927587438,-0.239404303856063,0.044624931270899,0.267784879943416,0.267784879943416,-1.09131684004362,-0.473669865664163,-0.563392489964694,-0.564749744510568,-1.1066114436092,-0.165126139118591,-0.615559628761044,-0.747935508743792,0,9978.0000000001,0.116861600192964,0.0109752832214396,0.715777604252029,2.52562118311653,6127.79103987688,0.00048828125,63,1,"SNETWORK (1 56 6127.79103987688 0.715777604252029 13000018 63)",13
137,13000019,0.538930396293056,146,-0.166057912338905,-0.453200003638288,-0.550040856219537,-0.551846948500872,-0.54975087933226,-0.0224359249723681,-0.0530434860008346,-0.674945431481822,-0.406674108656748,-0.114240476912501,0.00289991855221571,0.127179176395681,-0.114240476912501,-0.114240476912501,-1.24736647659704,0.155983776194935,0.0432959372589458,-0.693025420628602,0.122453576075886,0,0,0.264817487664191,0.333376028400019,0.538930396293056,1,-0.825136478742512,-0.622535499746431,-0.612470782722957,0.217157168780591,0.52822784185158,0.078982680410319,-0.406737950531909,-0.43490514524838,0.219279145747049,1587.0000000001,0.64344525382259,0.201180988299261,2621.0000000001,0.974970112237528,1.61841536596012,0.043172021930047,-0.478988473160557,-0.357601857647464,-0.594948821204574,0.0158565931487713,-0.293406168212737,-1.03407023454181,0.341073245935403,-1.7802363799247,-0.426248717186576,-0.415113596578668,-0.19402853123843,1.25566609710521,24.0000000001,30.135986328225,1.25566609710521,24.0000000001,30.135986328225,1.0115045475416,1.55254862182987,1e-10,0.188140812608586,-0.0469175702625625,0.0265561658735468,-0.180596719064369,1.03276561575505e-16,6.2602913664822e-16,-0.0247221470926322,-0.0137666363416772,-0.010171333593027,-0.484366580133722,0.245782845121949,-0.800975347961947,-0.46400681684977,-0.46400681684977,-0.412883656850423,0.257792323216586,0.226702230175285,0.360875260311946,0.213870776762211,0.225261287720626,0.766636200286877,0.435446729821979,3.24438798987714,2621.0000000001,0.0171642170027152,0.0260078048273318,0.582317420217777,2.67835768908802,5220.49011482102,0.001953125,211,1,"SNETWORK (1 137 5220.49011482102 0.582317420217777 13000019 211)",13
137,13000020,-0.278699443172244,66,-0.169336007143403,-0.45983907781187,-0.612877153222713,-0.614349237474709,-0.609405455638136,0.0239200568906319,0.0124200759356966,0.00780434278380849,-0.363922833890785,0.0813909458386428,-0.0309345114242331,-0.0154099692622135,0.0813909458386428,0.0813909458386428,0.511475845291665,0.00450940433354799,-0.0793125777340533,-0.893792983174387,0.00328634339118228,0.0677281446396492,-0.117429098893948,0.617705950750841,0.326804535448277,-0.278699443172244,1,0.185174545310036,0.649886465237806,0.658247898805105,0.335076337701535,-0.279945520117835,0.0614191655901292,-0.364072836724475,0.264230862682029,0.232329549818616,1372.0000000001,0.58938069516933,0.0878642337318367,1140.0000000001,0.185205688411399,0.774586383480729,0.00797856661655297,0.798867822446571,2.00914868323309,0.833316422776142,0.43943087192997,0.0833589648972,-1.13032035140584,-0.426879893288456,-0.761597834548476,-1.25370338219446,-0.834519832206567,-0.4472853029667,0.0284267328724359,39.0000000001,1.108642578225,0.0284267328724359,39.0000000001,1.108642578225,0.256192090856912,0.275772269244098,1e-10,-2.53573643029452,-3.00429199505853,-1.28842680844163,-0.730614495279873,0,-0.044053220261396,0,0,-0.0227070388776269,0.914550005678431,-0.980134508906677,0.889049116307745,1.10152924008778,1.10152924008778,-0.794030332904474,-2.02143185740886,-0.0606577312429712,-0.168533848526392,-0.192680290949606,0.0456523504406439,-0.0659327267394492,2.32155712603588,0,1372.0000000001,0.00607086979590178,0.00190769672065118,0.313979075359045,3.60710051741391,4754.39672494878,0.001953125,155,1,"SNETWORK (1 137 4754.39672494878 0.313979075359045 13000020 155)",13
137,13000021,-0.0672483957741078,84,-0.169336007143403,-0.45983907781187,-0.612877153222713,-0.614349237474709,-0.609405455638136,-0.00952878542941409,-0.0240878749374778,-0.235850142978691,-0.381043267881322,0.00685013355343768,0.000817352234643761,0.0475875392802567,0.00685013355343768,0.00685013355343768,0.260290318622296,0.0795768289050588,-0.0077389028088353,-0.767080852464888,0.0588108318034645,0.0677281446396492,-0.117429098893948,0.617705950750841,0.326804535448277,-0.0672483957741078,1,-0.451478683022904,0.118459411168786,0.118770657343742,0.656901401795626,-0.0551046808267255,1.75919439640907,-0.380200765758633,-0.215630036672418,0.0707049921265713,775.0000000001,0.101318587150411,0.171058678351883,1861.0000000001,0.588611617667595,0.689930204718006,0.0105556380179292,0.118680860019757,0.490769971784265,1.44903325158096,1.79253912897994,1.30607022266399,-1.79291262746595,0.648357888282003,-1.78399306259128,-0.0487427930112911,0.293998481075182,0.161133861492963,0.267642750559559,34.0000000001,9.099853515725,0.267642750559559,34.0000000001,9.099853515725,0.0928040602776328,0.0806077944673657,1e-10,0.151906356435956,0.345027039717618,-0.198628226334892,0.68446214308128,0,-0.0260581155005336,-0.0100986383476241,-0.00562350768998425,-0.0175864230970332,0.60699444419093,-0.766075466226557,0.164328365116929,0.694183167883495,0.694183167883495,0.128321899045955,0.485437750976445,-1.00730747532239,-1.15742878552703,-1.09738150205706,-0.767857180898386,-0.514316634657162,0.305742607938988,0,1861.0000000001,0.00155013117573606,0.00900550674219314,0.371182300028761,3.38874390313935,4853.75652726092,0.001953125,160,1,"SNETWORK (1 137 4853.75652726092 0.371182300028761 13000021 160)",13
319,13000022,-0.0962620822880595,42,0.849676501735058,0.527879359151426,0.449959143780463,0.448153051499128,0.45024912066774,0.864321684538601,0.879995182940432,0.543767851504319,0.775497298944922,-0.0139002503142294,0.367402914113834,-0.0444434559665791,-0.0139002503142294,-0.0139002503142294,0.30056255607066,-0.742674391949364,-0.552258668900852,0.401791145312972,-0.881203637306298,-0.604424467785202,0.699593179675348,-0.759818089809216,-0.694672009762475,-0.0962620822880595,8,0.522678563990265,0.643164252839714,0.651364963157138,-0.18619566191426,-0.115176133376404,-0.602360895941848,0.775469693210321,0.28098355283661,0.135496272145817,9010.0000000001,2.36353185003428,0.204462239450319,4191.0000000001,1.65897597038832,4.0225078203226,0.0416409304705774,0.788499567222903,1.88033149670178,0.165875530916347,-0.534663690280291,-0.570627720909597,-0.111822517214429,-0.80877458965271,-0.0785238971201136,-0.61938174745036,0.133741160089291,0.294773601678259,0.242985026141667,45.0000000001,10.934326171975,0.242985026141667,45.0000000001,10.934326171975,0.172920065352855,0.0438731247781895,1e-10,-2.54002438410516,-2.15285182810139,2.06100289881676,-0.73916312948067,1,0.867841683603147,1.32904696563017,1.34213135648708,1.36723184200025,-5.71105609450575,-0.0699997786201323,0.13957824796833,-2.69445658077745,-2.69445658077745,-3.40775321727264,0.429158735250169,0.708829220734159,0.628277977023861,1.33593868584828,0.302042173227538,0.291208282605235,-0.257129982910492,332117922776.621,9010.0000000001,0.0244672402367906,0.0171736901337868,0.90563459554538,2.14779958874766,17457.4708371027,1.16415321826935e-10,452,1,"SNETWORK (1 319 17457.4708371027 0.90563459554538 13000022 452)",13
318,13000023,0.40796874050498,170,0.826606769083661,0.576140491778701,0.449959143780463,0.448153051499128,0.45024912066774,0.935309896329356,0.95783960170271,0.478791844949073,0.64220993543013,-0.0268495225492448,0.344462059431226,-0.103725957318983,-0.0268495225492448,-0.0268495225492448,-0.258498931663733,-0.888362635854931,-0.739216166667232,-0.0278902288417889,-0.96511666932588,-0.603050539930755,0.694143931109334,-0.735182512335809,-0.673195464551723,0.40796874050498,8,-0.285894154061299,0.379251089066036,0.382264136579059,0.760622157390513,0.402437714001998,0.475869651110554,0.642046675472348,-0.404821744329162,0.071527978278462,1412.0000000001,0.195532956926348,0.31263750723034,2657.0000000001,1.60820702599238,1.80373998281872,0.0227209612501195,0.419412204005151,0.373770278538513,0.657773164015679,0.730856104660939,0.468759809139057,-0.0408205091891109,-0.0761487252746293,-0.0397714358937258,0.54700149208702,0.00383525105811212,0.00358216577649659,0.720366855937264,53.0000000001,38.179443359475,0.720366855937264,53.0000000001,38.179443359475,1.97200098102527,1.39131256309988,1e-10,-0.888445735530894,-1.39982612041618,-0.769139923717245,-0.686564792499801,1,0.955946779738605,0.975277852907368,0.986233363658323,0.989828666406973,-0.629352117925544,0.499964909314739,0.603902024210328,-0.58933275828136,-0.58933275828136,2.43633445290199,-1.02451951321791,-0.318214115277697,0.0124120602617606,1.10105966935164,-0.961654268580576,0.185031225773031,0.173565265954894,0,2657.0000000001,0.00246304720091812,0.0202579139492014,0.631493233213751,1.94168598236862,18258.288557965,5.82076609134674e-11,381,1,"SNETWORK (1 318 18258.288557965 0.631493233213751 13000023 381)",13
137,13000024,0.730345465366747,174,-0.166057912338905,-0.453200003638288,-0.550040856219537,-0.551846948500872,-0.54975087933226,-0.020604563553918,-0.0458350479363593,-0.730532773568227,-0.424811754126462,-0.204083400593798,-0.0240409434494514,0.207099516024714,-0.204083400593798,-0.204083400593798,-3.95255731720745,0.18613009236712,0.0312127087124208,-0.70989430025942,0.153545771461663,0,0,0.264817487664191,0.333376028400019,0.730345465366747,1,-1.40763031167725,-1.36181030262338,-1.30502993576204,0.180164256996292,0.71751922720648,0.515457825195374,-0.424821943863925,-0.916537547457856,0.0972493282293856,190.0000000001,0.034164695656505,0.139135311396406,304.0000000001,0.0782074800780939,0.112372175634599,0.00526335401581968,-0.825013410691224,-0.237524821409867,-1.77563640446329,0.36040223940259,0.61509746748773,0.522520101091527,1.2883966166652,1.63526546532245,0.36880686112647,-1.79743697271372,-0.789064331938472,0.0597098215285714,7.0000000001,0.4179687501,0.0597098215285714,7.0000000001,0.4179687501,0.32286302241605,0.407076648806669,1e-10,0.227515191301282,0.518335866832204,1.72418438129359,0.615427828966323,3.09829684726516e-16,6.2602913664822e-16,0.0390139978084918,0.0464230799448827,0.0336201278729657,-0.546984691318324,-0.0989971488037391,0.0145671910260941,-0.518856224847473,-0.518856224847473,0.15017354157199,0.793291792989333,-0.10191149619656,0.0263427586440723,0.0314203002785007,-0.124306389418446,0.305745424959236,-0.134004567180214,0,304.0000000001,0.00160022606383332,0.00366312785198636,0.672549418851746,0.797669715528234,5377.21962785575,0.001953125,220,1,"SNETWORK (1 137 5377.21962785575 0.672549418851746 13000024 220)",13
137,13000025,0.380238232487436,125,-0.166057912338905,-0.453200003638288,-0.550040856219537,-0.551846948500872,-0.54975087933226,-0.0274680551542399,-0.0587370047989474,-0.586394361781088,-0.399808669709192,-0.0764858449252159,-0.0208045732575074,0.156773132951425,-0.0764858449252159,-0.0764858449252159,-0.777381327860894,0.156809834787143,0.0538577191293387,-0.682067882839652,0.121823103511082,0.0244718896476977,-0.0463928842676715,0.415324305327625,0.335969349634022,0.380238232487436,1,-0.347069636569993,-1.08200946188661,-1.04833093673497,-0.920164893455802,0.364455833774581,-0.302541160362292,-0.400020893353341,-0.027756878924289,0.189021881039875,712.0000000001,0.248845286405983,0.0470583450151312,473.0000000001,0.0411561872886976,0.290001473594681,0.0109622557585174,-0.715559765900576,-0.480538979102345,6.94729063797853,-0.216356221619897,-0.15610914993505,0.0619079074386467,0.321003595606636,0.182517208536377,-0.426161755083619,1.9610502001958,0.956198353850181,0.102364676439286,14.0000000001,1.43310546885,0.102364676439286,14.0000000001,1.43310546885,0.24202198562069,0.165620744780863,1e-10,0.767788346723326,0.619790003579897,0.186057314676363,0.854474991713796,0,0,-0.0247221470926322,-0.0137666363416772,-0.0101713335930273,-0.0118343704123239,-0.204972019229705,0.796613787606648,-0.0122289851523845,-0.0122289851523845,-0.874151966224171,0.521936999761682,0.23806541067173,0.177572530227912,-0.0293275303202978,0.36469993228831,0.500317764799491,0.230095001934324,1491596402.08028,712.0000000001,0.00940652340496881,0.00155573225354863,0.510844748170469,2.95201534684747,5096.34483094333,0.001953125,252,1,"SNETWORK (1 137 5096.34483094333 0.510844748170469 13000025 252)",13
318,13000026,0.45187051252266,178,0.826606769083661,0.576140491778701,0.449959143780463,0.448153051499128,0.45024912066774,0.942499177879622,0.961168966773344,0.557181077608344,0.639403002882797,-0.0328671875698572,0.354945529891206,-0.10350557627349,-0.0328671875698572,-0.0328671875698572,-0.287227619722249,-0.899324117276489,-0.751375832054237,-0.0304696896392208,-0.975285612621819,-0.603050539930755,0.694143931109334,-0.735182512335809,-0.673195464551723,0.45187051252266,8,-1.03769088589033,-0.959580368865752,-0.933805382492812,0.105785621539307,0.433381238032805,0.160671486302787,0.639673892995914,-0.811669037304547,0.117581755350365,182.0000000001,0.041430545318774,0.0840573127263041,4469.0000000001,0.727269169819797,0.768699715038571,0.0264700613751017,-0.660114883892247,-0.328974052929949,-0.134891365175169,-0.191371208126765,0.0526493794033143,0.593062588795268,0.665922292084022,1.35630975652544,1.32473226359502,-0.134817870630054,-0.273211743809911,0.2149609376,25.0000000001,5.3740234376,0.2149609376,25.0000000001,5.3740234376,0.069912249937401,0.00212330153937691,1e-10,-0.377576826326034,-0.501588584822282,-0.46271005904825,-0.292756212245605,1,0.955946779738604,0.975277852907367,0.986233363658323,0.989828666406973,0.772034874151584,-0.277676242724721,-0.0737295698954283,0.907727426881168,0.907727426881168,0.9078398557702,-0.942355539851733,0.0745329327232726,0.129978810564437,-0.34199898975947,0.303988650421116,-0.124913837961769,-0.188324097744275,0,4469.0000000001,0.0014266547122233,0.0250434065628784,0.674851414563511,0.0341315288096666,18309.6721884262,5.82076609134674e-11,384,1,"SNETWORK (1 318 18309.6721884262 0.674851414563511 13000026 384)",13
328,13000027,0.762596559899996,254,0.833942087661095,0.661934694919581,0.584902015722838,0.581791403280787,0.581496445193316,0.835733990695832,0.996952810879209,0.489691100578548,0.101486211126444,-0.0408219479665362,0.222785087858418,-0.25019570374358,-0.0408219479665362,-0.0408219479665362,0.723054897006905,-0.123110944326194,0.000238736627905334,1.00137596828171,-0.365029612572657,-0.560339494672534,0.667148486569063,-0.788859635579387,-0.682989322922567,0.762596559899996,8,0.243824699118784,0.27990146418234,0.281577855076376,-0.23667150510008,0.746578326726228,-0.552232490803866,0.101321274821166,0.121296788062485,0.271924452866715,4143.0000000001,2.1810846340014,0.155185684844662,2851.0000000001,0.856560800995237,3.03764543489664,0.041202746799436,0.298001681719547,0.291709829020121,-0.542173006994665,-0.534755450643487,-0.517588258255248,0.030464850502442,-0.659170557779703,0.0276842635643045,-0.855952273057415,-0.0749510190551815,-0.0934413009238641,0.2073974610375,30.0000000001,6.221923828225,0.2073974610375,30.0000000001,6.221923828225,0.0328823210544829,0.00914464084849406,1e-10,-0.425148305066328,-0.331234092613749,-0.38897871283947,-0.281844906331784,1,0.955946779738605,1.27717508738715,1.28529677079185,1.31366454417867,-0.167841690177942,0.358412333288896,-0.88828696588836,-0.16908611272503,-0.16908611272503,0.279917572232873,-1.2447675892601,0.313631282829497,0.326188038836717,0.772256076459468,0.0573611053198016,0.469778787277577,0.270434121259256,0,4143.0000000001,0.0295843210241843,0.0116184256752517,0.114328606022383,2.63987023068973,18780.6736914901,2.91038304567337e-11,462,1,"SNETWORK (1 328 18780.6736914901 0.114328606022383 13000027 462)",13
318,13000028,0.567888506013278,208,0.826606769083661,0.576140491778701,0.449959143780463,0.448153051499128,0.45024912066774,0.952337405521061,0.96631542283893,0.660843995986666,0.634113273424041,-0.0420250737403426,0.364809497918053,-0.107108921025942,-0.0420250737403426,-0.0420250737403426,-0.377135214174833,-0.910510678012343,-0.7660348434413,-0.0399818890494296,-0.984782654359106,-0.603050539930755,0.694143931109334,-0.735182512335809,-0.673195464551723,0.567888506013278,8,-0.423060475452651,-0.388465190971503,-0.384744197221557,0.0353055958592339,0.555832236188782,0.414005859878888,0.634155782762795,-0.126323461004407,0.22064664362415,7707.0000000001,3.29224393231907,0.085439296050299,998.0000000001,0.165081164619434,3.4573250968385,0.077319324444179,-0.324020488796827,-0.998726940558557,-0.0189146515742319,0.189246360025967,0.181139747836604,-0.210608351303517,0.403267718720289,-0.295405141676478,1.0688152355631,-0.0572430794594205,-0.116467857185204,0.00775737157177419,31.0000000001,0.240478515725,0.00775737157177419,31.0000000001,0.240478515725,0.315111580349283,0.329678748807365,1e-10,-0.180345344694788,-0.117598884585267,-0.130843574915279,-0.0598918018341202,1,0.955946779738605,0.975277852907368,0.986233363658323,0.989828666406973,0.244076939883771,-0.856832432249164,0.0572108721168221,0.262859833740683,0.262859833740683,-0.758466161241479,-0.52981113189007,0.751314923097778,0.947532149277079,0.56621318152375,0.752153202732887,-0.444791770436175,-0.766701360374765,0,7707.0000000001,0.0736274632245424,0.00369186111963666,0.825083435819627,0.647246509790421,18487.7116361925,5.82076609134674e-11,396,1,"SNETWORK (1 318 18487.7116361925 0.825083435819627 13000028 396)",13
328,13000029,0.838296501770523,272,0.833942087661095,0.661934694919581,0.679648502105189,0.676245639047415,0.674971766192546,0.854876717581751,1.0223997781419,0.254740733640279,0.0899601120327641,-0.0507918803985941,0.257331283803712,-0.277679365830277,-0.0507918803985941,-0.0507918803985941,-3.00694114162089,-0.0989077554725612,0.0193201213969009,1.07017888412554,-0.350753254512543,-0.560339494672534,0.667148486569063,-0.788859635579387,-0.682989322922567,0.838296501770523,8,-0.00907592881479104,-0.839030169608887,-0.81984669708302,-1.03700627999308,0.824570023427934,-0.283266591505425,0.0897754403555284,0.0334760692472593,0.150062631797525,3563.0000000001,1.03513669063626,0.0717119361368564,718.0000000001,0.0996839442771855,1.13482063481345,0.0356589167528072,-0.600420836545854,0.0676916430296499,0.843742357222727,-0.380640961916865,-0.144581302538485,0.587723581777002,0.169646028266236,1.22536436104078,0.320852706015835,0.0957067410686966,0.11567725818853,0.610620959151724,29.0000000001,17.7080078126,0.610620959151724,29.0000000001,17.7080078126,0.468743669400238,0.591571052458696,1e-10,-0.229092324434526,-0.223102496585511,-0.28970271123551,-0.224778038067585,1,0.955946779738605,1.27717508738715,1.28529677079185,1.31366454417867,0.0495241853591818,0.689980819866647,-0.117731405907206,0.0516664863831201,0.0516664863831201,0.117635333461335,-0.603904441970221,-0.766079147195955,-0.639670501639114,0.164446689989602,-1.0869378120466,1.94660512321641,0.955240166911455,0,3563.0000000001,0.0325265965765734,0.00313232007623382,0.252962849392986,0.963636541885021,18884.5555031199,2.91038304567337e-11,479,1,"SNETWORK (1 328 18884.5555031199 0.252962849392986 13000029 479)",13
319,13000030,-0.148825010525862,30,0.849676501735058,0.527879359151426,0.423921895297046,0.422083328008158,0.425620192291929,0.864341098392405,0.877992810293952,0.539291339101445,0.777219402857637,-0.0139294216847688,0.366874918735765,-0.0438183875797823,-0.0139294216847688,-0.0139294216847688,0.282362531879166,-0.736886044420461,-0.545221413200917,0.41504605449229,-0.877377610502971,-0.604424467785202,0.699593179675348,-0.759818089809216,-0.694672009762475,-0.148825010525862,8,0.554824082085228,0.973307957928006,0.990869872695048,0.190354186575501,-0.159275400156588,-0.663307387172696,0.777061559935017,1.28333987731405,0.082212945866325,4308.0000000001,0.68568591092525,0.0865501755869522,1543.0000000001,0.258549201348614,0.944235112173864,0.00765109291686178,1.36340260009122,-0.102045044318868,0.00876891981395753,-0.65636274583695,-0.570318862342505,0.25029526955343,-0.924611980488864,0.126275570977118,-0.974553768083276,-0.0261242766195719,-0.0635226095552612,0.0247620928526596,47.0000000001,1.163818359475,0.0247620928526596,47.0000000001,1.163818359475,0.253782426610572,0.281231789286367,1e-10,0.402166684217445,-0.376721653154973,-0.222038848453201,-0.556653159953035,1,0.867841683603147,1.22175774577911,1.23268413022516,1.27579607796359,-1.8638186510654,0.291625977815487,0.516059589528656,-1.44855102264852,-1.44855102264852,1.29561000480601,-1.45573213318916,0.665223694959021,0.853132035784317,1.36477256740231,0.228581997784665,0.749700118926113,0.846792234694027,0,4308.0000000001,0.00555608076829069,0.00209501204857109,0.750995712532842,4.77587647828168,17371.5405935154,1.16415321826935e-10,433,1,"SNETWORK (1 319 17371.5405935154 0.750995712532842 13000030 433)",13
137,13000031,-0.972549051957207,23,-0.169336007143403,-0.45983907781187,-0.612877153222713,-0.614349237474709,-0.609405455638136,-0.0324831718959194,-0.00230730197253404,0.000110480485147062,-0.357999439778738,0.142337732399149,-0.0922555826569605,0.000746102664144295,0.142337732399149,0.142337732399149,0.586860264408141,-0.0308251656920385,-0.115200372848789,-0.9864454186544,-0.018567794802526,0.0677281446396492,-0.117429098893948,0.617705950750841,0.326804535448277,-0.972549051957207,1,-1.32317022412837,-1.21061893445273,-1.16723199946777,0.245615570399622,-0.975961372567151,1.5814033628932,-0.358168207660893,-0.715599419302578,0.144318282366948,1701.0000000001,0.453902954182388,0.0844400516914827,414.0000000001,0.0646377419315727,0.518540696013961,0.0216260730151405,-0.768671147960387,0.168449593318287,-0.259721315058369,1.45502384142137,1.87044133926876,0.690194578244924,1.75760495983755,1.90987270815132,0.938515472444177,-0.418869792373698,-0.225011623094696,0.167329334177381,21.0000000001,3.513916015725,0.167329334177381,21.0000000001,3.513916015725,0.151147789286365,0.0688374730144034,1e-10,-0.0640877244481437,-0.0358790530981632,-0.329213243692431,0.222412156202776,1.03276561575505e-16,-0.0440532202613954,0,-3.57648972802931e-16,-0.0227070388776269,0.721096356495979,-0.816150349674079,0.412152529596027,0.84059763755075,0.84059763755075,0.117294294980117,0.461463714978468,-0.217311676474965,-0.504056581742917,-1.08455621365308,0.289839542541548,-1.20016298208251,0.00508046107184248,0,1701.0000000001,0.0189303143586094,0.00269575855653103,0.180712195967024,0.476136427212114,4522.91727833364,0.001953125,167,1,"SNETWORK (1 137 4522.91727833364 0.180712195967024 13000031 167)",13
319,13000032,-0.0737189691579832,49,0.849676501735058,0.527879359151426,0.449959143780463,0.448153051499128,0.45024912066774,0.865078760174711,0.880418787640394,0.545971227169678,0.774689667823749,-0.0138625505662052,0.366992270797993,-0.0448572708255121,-0.0138625505662052,-0.0138625505662052,0.309411530770145,-0.745740551432595,-0.556083924846739,0.393938149311774,-0.883126324290583,-0.604424467785202,0.699593179675348,-0.759818089809216,-0.694672009762475,-0.0737189691579832,8,0.450627421441711,0.733795005018903,0.744272867960497,0.0306548174000432,-0.0879699407120043,-0.295246190628381,0.77453269278437,0.380535265275685,0.501458685433765,10228.0000000001,9.92967876105592,0.0721496509876848,2503.0000000001,0.349626550460178,10.2793053114161,0.0994855200398203,0.932692710722741,0.102587273482559,-0.0546153336534251,-0.250248065620731,-0.421601841206596,-0.558575520350858,-0.651085058477109,-0.356084586992854,-0.251638394007771,-0.286760659535627,-0.646739940096968,0.241943359475,73.0000000001,17.661865234475,0.241943359475,73.0000000001,17.661865234475,1.07594707278443,0.678565157206677,1e-10,2.83642701131304,1.7192505959033,1.55671573850975,1.68771161922464,0.924419277234147,1.10572467319903,1.34047420371065,1.35313146603219,1.37479161095121,-2.06202272747872,-0.104882140233914,0.0376809497457574,-1.55725639903954,-1.55725639903954,-0.384043139796889,-0.134266625250738,0.0981316757853747,0.114770494993047,0.499912897600823,-0.0939429054267485,-0.0442203461387723,0.688289709428219,12775575914.6436,10228.0000000001,0.0961017524483482,0.00338376749147211,0.985912071388258,2.7040966195296,17502.0796891545,1.16415321826935e-10,445,1,"SNETWORK (1 319 17502.0796891545 0.985912071388258 13000032 445)",13
140,13000033,-0.41877643620925,111,0,0,0,0,0,-0.135433553244063,-0.0140257803729395,-0.488231192758366,-0.0309877770913488,0.977962694999594,-0.705804258568692,0.952121532233823,0.977962694999594,0.977962694999594,-1.24472320819411,0.285053186240116,0.462525173416524,0.467555470952421,0.0955713933007591,0.45221133369877,-0.305856068890666,-0.190739766812213,-0.0312046492625428,-0.41877643620925,2,0.0100102541942234,-0.260638519622813,-0.259010297586979,-0.536518896390659,-0.424356020189381,0.430393878437269,-0.0311437342486909,-0.324642205366288,0.393850591034676,1787.0000000001,1.12609760969948,0.216357015273523,5910.0000000001,2.04587193557911,3.17196954517858,0.0644454762313772,-0.227433934715781,-0.297955818027991,-0.295078575147612,0.461848331047247,0.558216981675387,0.0256447865069325,0.319983251151125,0.0428737255138336,0.321438250206993,-0.0730926846448336,-0.0750375074978126,1.22360321979697,33.0000000001,40.3789062501,1.22360321979697,33.0000000001,40.3789062501,1.45883845663541,1.50478187793894,1e-10,-0.485951890663164,-0.5131692489023,-0.551500625963427,-0.323657133318406,1.03276561575505e-16,0,-0.0247221470926315,-0.0137666363416772,-0.0101713335930266,0.789354057316728,0.805673951623859,-0.621539823951574,0.930804919381631,0.930804919381631,1.1325030919114,-1.57564281575164,0.294804888819803,0.458845027459142,0.260005982181985,0.293457980699577,0.778854276262057,-0.316627934668365,0,5910.0000000001,0.0228791278067728,0.0415663483246044,0.0311299160770384,2.64714535519945,6386.35521354924,0.000244140625,270,1,"SNETWORK (1 140 6386.35521354924 0.0311299160770384 13000033 270)",13
56,13000034,-1.06930873045197,20,0,0,-0.0539298651555209,-0.0526282971591558,-0.0497659234028937,-0.323136842830837,-0.0522240419027982,-0.465133520118305,0.00772435735289176,1.01056909840263,-0.674050393331295,0.91049801334369,1.01056909840263,1.01056909840263,0.0918582657462765,0.152344202256536,0.319544518112109,0.121643493661569,0.0132363089058711,0.396949460069245,-0.3182243350896,0.145121969788322,0.0313608172450206,-1.06930873045197,2,1.10617598499117,0.108584846195592,0.108846985612845,-1.25848661607982,-1.08067827223004,-0.110285707446856,0.00753785576504119,-0.0954607540930049,0.432002442129559,10120.0000000001,6.99498354143672,0.0751585287724673,6346.0000000001,0.76312963682812,7.75811317816484,0.119573991662537,0.108388190554568,-0.0510433740798487,0.093099479061813,-0.24809891640913,0.106865917414461,0.904797148249259,-0.259922561178296,0.911415652305337,-0.307832920927392,0.83964202596384,0.917485813801659,0.64263916025625,56.0000000001,35.98779296885,0.64263916025625,56.0000000001,35.98779296885,1.26706756665898,0.639271238480846,1e-10,-2.54002438413425,-3.10471715277339,1.7662118608827,-0.740999336301119,-0.0232557920329049,-0.145374652181789,-0.0456386537822686,-0.0156235779160857,0,-4.64520884402794,0.0336360414310106,-0.0317615480828841,-2.48694931431391,-2.48694931431391,-3.46588315186901,0.969305175163995,-1.65397719609619,-1.8563025285675,-1.80531532368205,-1.27768090446472,-0.369985207668032,-0.0909905728220415,0,10120.0000000001,0.107812052203202,0.0117619393593342,0.371552580668507,1.94120699829541,5852.44245880616,0.00048828125,22,1,"SNETWORK (1 56 5852.44245880616 0.371552580668507 13000034 22)",13
140,13000035,-0.241530115605988,148,0.016376969797183,0.0406255841243769,0,0,0,-0.0957223196883946,-0.000258902213191754,-0.616369554486038,-0.0513587581223159,0.95947852450132,-0.745434407912737,0.991438809996502,0.95947852450132,0.95947852450132,-3.41659247068847,0.339040982219678,0.522269253221859,0.617328241856874,0.127892388179233,0.45221133369877,-0.305856068890666,-0.190739766812213,-0.0312046492625428,-0.241530115605988,2,0.5584348715543,0.255975048800322,0.257384352047941,-0.650158832683785,-0.25571558498939,-0.314444180728006,-0.0515051523329386,0.15871303039679,0.484072738311831,3814.0000000001,2.95400547776138,0.0608092425070778,2095.0000000001,0.203832580648353,3.15783805830974,0.0436036675508099,0.270063621981124,-0.329286136758658,-0.295661544568518,-0.326281270642753,-0.488279627919279,-0.526110680885215,-0.472989247034016,-0.472157206167608,-0.71301704688849,-0.182825755290771,-0.183869284956489,0.0842440167170635,63.0000000001,5.307373046975,0.0842440167170635,63.0000000001,5.307373046975,0.0728230390491305,0.192616603691621,1e-10,-0.864801010240332,-1.19191550440071,-0.684407278781916,-0.605171394016438,-1.03276561575505e-16,0,-0.0247221470926318,-0.0137666363416772,-0.010171333593027,0.337588407167734,0.691962089671524,-0.563737675848615,0.369199503896552,0.369199503896552,0.484428965772235,-1.94848705173635,-0.32432434125311,-0.482923554673698,-0.534532491445507,-0.135061132398031,-0.147978634291606,0.0231310292813228,0,3814.0000000001,0.0407891317165393,0.00281453573427054,0.244410886551513,0.514158135885165,6600.20003932319,0.000244140625,294,1,"SNETWORK (1 140 6600.20003932319 0.244410886551513 13000035 294)",13
318,13000036,0.295242537304862,144,0.847990630531859,0.546799996361712,0.449959143780463,0.448153051499128,0.45024912066774,0.94058045821658,0.965880614334371,0.626425440678328,0.661895390106059,-0.00630145737761025,0.388564482206695,-0.091820182499636,-0.00630145737761025,-0.00630145737761025,0.0785871483009409,-0.920103758335157,-0.770240007799488,-0.0243471871412845,-0.996005565947855,-0.603050539930755,0.694143931109334,-0.735182512335809,-0.673195464551723,0.295242537304862,8,0.588027283535908,0.714628055161804,0.72460477025419,-0.190428642930857,0.282865532480696,-0.533639851256251,0.662664459761769,0.170732655869596,0.186083458412929,2042.0000000001,0.735652691252731,0.113383318299358,2551.0000000001,0.559975392552185,1.29562808370492,0.0127190882374532,0.901391998886442,-1.27511992589346,-0.493984488186727,-0.534272584415836,-0.723269336188711,-0.575349965162401,-0.784747276385886,-0.37169031754604,-0.63348062481068,-0.349417874610657,-0.727189825767002,0.0208553539602941,85.0000000001,1.772705078225,0.0208553539602941,85.0000000001,1.772705078225,0.382027743225526,0.34919190616457,1e-10,-0.346071334691627,-0.446787257203868,-0.316856358897101,-0.428452538307143,1,0.867841683603147,0.975277852907369,0.986233363658323,0.989828666406973,-0.614746739539058,0.538704802132198,0.51951317837682,-0.576972497127944,-0.576972497127944,0.371660526405548,-0.237865045256323,0.490512361267555,0.634245966256395,1.30117296866348,0.0256809854366675,0.870355865326344,2.03302633027082,5.04991389632741,2551.0000000001,0.00722184980067122,0.00549723833678195,0.496259387427821,4.88487297482789,18098.0233959727,5.82076609134674e-11,334,1,"SNETWORK (1 318 18098.0233959727 0.496259387427821 13000036 334)",13
328,13000037,0.800224012519146,262,0.833942087661095,0.661934694919581,0.679648502105189,0.676245639047415,0.674971766192546,0.844479771396237,1.01556567939559,0.204775367879509,0.09338117903558,-0.0427525948067328,0.243435845556507,-0.268044193370013,-0.0427525948067328,-0.0427525948067328,-0.783572340892825,-0.109487512128809,0.00933721261589929,1.01488460885044,-0.353720096510335,-0.560339494672534,0.667148486569063,-0.788859635579387,-0.682989322922567,0.800224012519146,8,0.167909249900734,0.785459032057346,0.797338338819552,0.565620084304107,0.784035780270535,-0.726606145868878,0.0932232539740147,1.0882852170356,0.306596558609297,6568.0000000001,3.89860954165434,0.0841346898004481,2685.0000000001,0.437349575218716,4.33595911677305,0.040385803271012,1.01929310595745,0.625383325182035,0.926808332483723,-0.675844149480945,-0.519808883096606,0.427197026643076,-0.92409549597006,0.25481984701398,-1.57169078317438,0.0142326411710163,0.01691375875204,0.0240189986795455,55.0000000001,1.321044921975,0.0240189986795455,55.0000000001,1.321044921975,0.24691594973162,0.282338838685357,1e-10,0.869856053509592,0.647695960555556,0.0560738737713132,1.15637050608845,1,0.955946779738604,1.47877399650172,1.48955789819684,1.52155433566113,0.380556151521288,-0.771595679704473,0.368212913961264,0.419151234343471,0.419151234343471,-0.274157278108674,0.272828048737171,0.220550120991646,0.0243991269735831,-0.439149028725542,0.550282375329338,-0.256078120028113,-0.126026790718221,0,6568.0000000001,0.0363122606438808,0.00407354252713126,0.17685651623232,4.87334337737411,18827.5272857545,2.91038304567337e-11,470,1,"SNETWORK (1 328 18827.5272857545 0.17685651623232 13000037 470)",13
56,13000038,-1.06084747361065,21,0,0,-0.0539298651555209,-0.0526282971591558,-0.0497659234028937,-0.323136842830837,-0.0522240419027982,-0.466200763172337,0.0077141819557138,1.01061200359219,-0.674069536854733,0.910516646874337,1.01061200359219,1.01061200359219,0.0914320322158733,0.152390454334884,0.31960283584053,0.121795689460172,0.0132606079387334,0.396949460069245,-0.3182243350896,0.145121969788322,0.0313608172450206,-1.06084747361065,2,1.11999499879035,0.223255050786292,0.22433475261971,-1.19453914012885,-1.07213011439191,-0.231585060594895,0.00753079830868879,0.0404180633275694,0.337750528039453,10937.0000000001,5.91036403861309,0.076783865030672,9017.0000000001,1.10777617622686,7.01814021473995,0.0992998251191221,0.232644520210845,0.195510947075854,-0.0405896406673817,-0.282679712681182,-0.0992589527390934,0.433753485670349,-0.400415449236476,0.401253955251856,-0.513592605741244,0.551771016426091,0.602671084560313,0.933259041178629,62.0000000001,57.862060546975,0.933259041178629,62.0000000001,57.862060546975,2.22237149355872,1.07223192657438,1e-10,-0.71630698647661,-1.24449489102695,-0.881777480450694,-0.630814086467043,-0.0232557920329049,-0.145374652181789,-0.0456386537822682,-0.0156235779160853,0,0.304585530597663,-0.677388243875482,1.0818710819169,0.331301200945527,0.331301200945527,-1.97367688619286,0.602021679935749,-0.729013368062869,-0.782310433418946,-0.981771254366682,-0.451962033315093,-0.427899965940142,-0.283537860464283,0,10937.0000000001,0.0836258747865116,0.0156739502326105,0.375969658048812,1.54297100089025,5855.97571730226,0.00048828125,39,1,"SNETWORK (1 56 5855.97571730226 0.375969658048812 13000038 39)",13
56,13000039,-0.626440517068172,78,0,0,-0.0539298651555209,-0.0526282971591558,-0.0497659234028937,-0.271170866365398,-0.0368687277609131,-0.435665134998846,-0.00392548770001682,0.988446737191466,-0.6733913393088,0.923869169415772,0.988446737191466,0.988446737191466,-0.0499271142184431,0.18691184033377,0.355856547338985,0.227889733196589,0.0325877535330782,0.396949460069245,-0.3182243350896,0.145121969788322,0.0313608172450206,-0.626440517068172,2,-0.0036529213298895,0.22472292545826,0.225816520730135,-0.212611312382926,-0.63002889314571,0.550879654262128,-0.00411860022574833,-0.397658499007393,0.250967307012021,8810.0000000001,3.53763515832887,0.145738812001969,8640.0000000001,2.01469333583112,5.55232849405999,0.0784740896874814,0.234303989931837,2.90285792678263,0.648558534370935,0.330580515862481,0.404952487399296,-0.00789421890041412,0.0566019924496139,-0.00581275760153388,0.0736606463849853,0.720015257546141,0.784795172131405,1.66578144939847,49.0000000001,81.623291015725,1.66578144939847,49.0000000001,81.623291015725,3.26008380523706,2.16353168521512,1e-10,1.50210275598727,0.793826451584275,0.609602948998931,1.72597983864172,-0.0232557920329049,-0.145374652181789,0.0694933085946525,0.0931023968990642,0.104279781821112,0.575096007462601,-0.735509279331382,0.880633636580938,0.654209127366609,0.654209127366609,-0.763916804825805,0.469477087893406,-2.30961130390106,-2.65604754035716,-2.62907910918378,-1.74045988502335,-1.41214781081773,-1.2112023223483,8328185588.5686,8810.0000000001,0.0499993288647588,0.0284747607227226,0.798895747447933,1.79402383510023,6194.27796332006,0.00048828125,65,1,"SNETWORK (1 56 6194.27796332006 0.798895747447933 13000039 65)",13
56,13000040,-0.818039050337173,55,0,0,-0.0539298651555209,-0.0526282971591558,-0.0497659234028937,-0.308691255270535,-0.0462344502192239,-0.472281466081312,0.00170905642762402,1.00275081077736,-0.673845953396737,0.921630318995619,1.00275081077736,1.00275081077736,-0.00163723054359843,0.166622125682433,0.334693868934855,0.16599243472677,0.0211695265391234,0.396949460069245,-0.3182243350896,0.145121969788322,0.0313608172450206,-0.818039050337173,2,-0.195672571738093,-0.0313928624608009,-0.0313706038150577,0.00947286538880103,-0.822098731248985,0.0446005457490832,0.00208818644585144,-0.0477792702864335,0.324187098305906,7924.0000000001,4.11017370599029,0.0560069581744401,7927.0000000001,0.71034745074914,4.82052115663943,0.0824887249309058,-0.0297571560104449,1.0370069892782,1.07310915621068,0.2562195902024,0.165390605836318,-0.423156740096029,-0.0765486464356003,-0.466629353718846,-0.0760850122649053,-0.664869987579608,-0.719057885087942,0.618423786669149,47.0000000001,29.06591796885,0.618423786669149,47.0000000001,29.06591796885,0.964771988286248,0.603195575737342,1e-10,-1.65874906249793,-1.71740033361057,-0.952092242402087,-0.69195463734514,-0.0232557920329049,-0.145374652181789,-0.0456386537822682,-0.0156235779160857,3.8573928898018e-16,0.553945769386909,0.822738733446926,-0.23283784253374,0.627930963819065,0.627930963819065,1.51899327651122,-0.0294035339639388,-0.911710781257213,-0.729471920180225,-0.575725987157926,-0.905332966211054,-0.345854058387985,0.552389082984285,0,7927.0000000001,0.0703332641476885,0.0121554606832173,0.634604636958437,1.01872459229078,6062.86007950418,0.00048828125,82,1,"SNETWORK (1 56 6062.86007950418 0.634604636958437 13000040 82)",13
137,13000041,0.417392082587976,130,-0.166057912338905,-0.453200003638288,-0.550040856219537,-0.551846948500872,-0.54975087933226,-0.0268118133448002,-0.0558951351831372,-0.620543248941281,-0.401531265979836,-0.0880679293549329,-0.011877966862155,0.132089434673082,-0.0880679293549329,-0.0880679293549329,-0.874149413745617,0.155251385500237,0.0504225653450283,-0.685463624118527,0.120769681944532,0,0,0.264817487664191,0.333376028400019,0.417392082587976,1,-0.264459671454546,-0.89626059421962,-0.874090059305232,-0.842097283855272,0.405976637232591,0.119971480787636,-0.401702865741699,1.07552864727086,0.0515794339206776,1798.0000000001,0.171476102103787,0.0948516776599935,737.0000000001,0.129255743161143,0.30073184516493,0.00986916533785695,-0.62942021757976,-0.00915985832146115,5.25651154685273,-0.260383838017632,0.128253861265339,0.860237393927052,0.582083634953721,1.86300534580796,-0.17441440594799,-0.851388253825633,-0.407733195362218,0.2530859376,25.0000000001,6.3271484376,0.2530859376,25.0000000001,6.3271484376,0.580931665860377,0.695165185659048,1e-10,0.239190762806495,0.21265484647477,-0.0957753619927897,0.0739618971033998,0,0,-0.0247221470926318,-0.0137666363416772,-0.0101713335930273,-0.658228660089426,0.104914930012589,-0.82053763407549,-0.613599175007571,-0.613599175007571,-0.799607181984268,0.373318850862861,0.387862705083142,0.382438274625618,0.204460207540448,0.447171682037529,0.949333946738938,0.552414149101619,0,1798.0000000001,0.00562735876758779,0.00424180647026916,0.529336771004415,2.00285896279008,5128.46476375728,0.001953125,251,1,"SNETWORK (1 137 5128.46476375728 0.529336771004415 13000041 251)",13
318,13000042,0.373034935018964,163,0.826606769083661,0.576140491778701,0.449959143780463,0.448153051499128,0.45024912066774,0.931132258966913,0.955283387722176,0.453888238238751,0.643510088598578,-0.0237120074717251,0.339005388218506,-0.103135958364487,-0.0237120074717251,-0.0237120074717251,-0.255105119420993,-0.881351727133747,-0.731845612117175,-0.0294728778469833,-0.958188445488613,-0.603050539930755,0.694143931109334,-0.735182512335809,-0.673195464551723,0.373034935018964,8,-0.328026161341472,0.45684029870264,0.461141336054195,0.970642584870075,0.362333066800833,0.0389918715062741,0.643354766800921,-0.379459962345985,0.157454504136569,9412.0000000001,2.8691042473044,0.200466123049557,2308.0000000001,0.89574855704262,3.76485280424702,0.0447634856212586,0.520593766989443,0.309479194038817,-0.891360229504114,0.602741437502622,0.0932249484346971,-1.72464744660339,-0.346666674672535,-1.33701670397038,0.184089321193414,-1.66634711528923,-3.38244292531853,1.250927734475,55.0000000001,68.801025390725,1.250927734475,55.0000000001,68.801025390725,3.30932198881936,2.18173337780168,1e-10,-0.768729944292948,-1.21154915184014,-0.807240829139069,-0.656058720096433,1,0.955946779738605,0.975277852907368,0.986233363658323,0.989828666406973,-0.0908701040511838,0.397414660487008,-0.799652104762682,-0.092684794194181,-0.092684794194181,1.7745949691478,-1.0146490939685,-0.0769109745581082,0.0542771333416239,0.261850440047882,-0.208241230696125,0.378080420013401,-0.119137460775648,0,9412.0000000001,0.0341131813406483,0.0106503041806103,0.595185546508619,1.57245962017362,18215.2604442739,5.82076609134674e-11,368,1,"SNETWORK (1 318 18215.2604442739 0.595185546508619 13000042 368)",13
319,13000043,-0.166891281861702,25,0.849676501735058,0.527879359151426,0.423921895297046,0.422083328008158,0.425620192291929,0.863482505450611,0.877367572919334,0.53823089017405,0.777919043473277,-0.0139219284912518,0.366536045298209,-0.0440657160180192,-0.0139219284912518,-0.0139219284912518,0.275729591382584,-0.733681264617572,-0.541598587415611,0.421216072937041,-0.875103611078086,-0.604424467785202,0.699593179675348,-0.759818089809216,-0.694672009762475,-0.166891281861702,8,0.595635534942406,0.120632953639675,0.120955559970405,-0.814953248501547,-0.182031727203752,-0.252401568638934,0.777762545890392,0.129393608123295,0.506812059352914,10981.0000000001,10.7745254969001,0.113246002077925,2087.0000000001,0.457566951615724,11.2320924484158,0.171567645296488,0.12095648510493,0.955613121472516,0.00816553668388645,-0.412904236995321,-0.489424281658536,-0.251288515846326,-0.365747144320699,-0.247198625934312,0.247956712135319,-0.0925929260426399,-0.212676296064066,0.295604359119886,44.0000000001,13.006591796975,0.295604359119886,44.0000000001,13.006591796975,0.263421083595932,0.122264536064183,1e-10,0.132063401496034,-0.327620608375032,2.06133716737677,-0.537719684730993,0.99999999999997,0.867841683603182,1.11446852592804,1.12323690396323,1.18436031392693,-1.29707367301544,0.324836272903483,0.707086976388152,-1.09633068969239,-1.09633068969239,1.43120107456722,-1.05857959330806,0.796924871082635,1.10232180870201,1.71296215886744,0.228283338006154,0.146421386924919,0.729611763015894,0,10981.0000000001,0.164578414583178,0.00698923061330922,0.705762039056859,1.54048564011988,17346.4049969279,1.16415321826935e-10,449,1,"SNETWORK (1 319 17346.4049969279 0.705762039056859 13000043 449)",13
137,13000044,0.561600500932819,149,-0.166057912338905,-0.453200003638288,-0.550040856219537,-0.551846948500872,-0.54975087933226,-0.00308644896580886,-0.0460652040483021,-0.669900449112786,-0.408746443175556,-0.127846954758229,0.020790917052595,0.106078413218998,-0.127846954758229,-0.127846954758229,-1.43941868130717,0.154378803991126,0.037432401342131,-0.699704082070301,0.121781961389619,0,0,0.264817487664191,0.333376028400019,0.561600500932819,1,-0.984023805880126,-0.894457934531829,-0.872385359744867,0.105861400708779,0.54419213472651,0.0783049871977344,-0.408749325592343,-0.634868493979973,0.177631788673409,1152.0000000001,0.378364613639772,0.250151126825814,1438.0000000001,0.66511798889895,1.04348260243872,0.0341972957223085,-0.628525276032982,-0.622850823037808,0.174711224317631,-0.217344598292086,-0.0548002124469149,0.368670273895265,0.546235785939031,0.811035645773291,-0.23023650804188,0.722989713887795,0.354318801714796,1.04058159732222,18.0000000001,18.7304687501,1.04058159732222,18.0000000001,18.7304687501,0.513397093575781,1.23211929425346,1e-10,0.308579760100805,0.403383876998288,1.73500409553531,0.369019788178135,0,0,-0.0247221470926315,-0.0137666363416769,-0.0101713335930266,-0.348178067905343,0.199992757722754,-0.683493321623136,-0.340806835973174,-0.340806835973174,0.209993997844614,0.102504424752341,0.45885322585673,0.704859239462513,0.347594465810682,0.46974898431454,0.715997113442469,0.0816727638478427,0,1438.0000000001,0.0123998680124041,0.0217974276099044,0.591859770454625,2.25465807226703,5237.06481036661,0.001953125,234,1,"SNETWORK (1 137 5237.06481036661 0.591859770454625 13000044 234)",13
140,13000045,-0.400419130658216,116,0,0,0,0,0,-0.124795355705997,-0.0123018014226815,-0.470093023637545,-0.0319621534307931,0.974831760731659,-0.701049755608783,0.950017190403395,0.974831760731659,0.974831760731659,-1.30737215080955,0.290062091428962,0.468309197180634,0.483763736244048,0.0982690847568617,0.45221133369877,-0.305856068890666,-0.190739766812213,-0.0312046492625428,-0.400419130658216,2,0.149548688864227,-0.152703149000862,-0.152157715986167,-0.590594564884989,-0.403133899967338,0.618152488540228,-0.0315876974913246,0.084996953814301,0.504796236669016,1333.0000000001,1.07662941345349,0.290177038102686,4623.0000000001,2.14638151479646,3.22301092814995,0.0603934236332642,-0.138503250075893,9.28654710054463,0.271336986909557,2.02729511811395,0.138731845493928,-4.49413243886563,0.349808707003686,-5.47859237548009,0.351293975628756,-0.459537765196264,-0.473299163013866,0.822903103398611,18.0000000001,14.812255859475,0.822903103398611,18.0000000001,14.812255859475,0.342278945392092,0.907825477143602,1e-10,0.545815946138682,0.155334500873719,0.185063692501274,0.381378872546541,0,-6.2602913664822e-16,-0.0247221470926318,-0.0137666363416776,-0.0101713335930273,0.380128222558281,-0.756989258978985,0.590269601308309,0.418650317647049,0.418650317647049,-1.3452412176278,0.410437757855552,-1.3163065561624,-1.52720495767423,-1.69124917422742,-0.881008544740158,-0.642698497167445,-0.716673562903984,0,4623.0000000001,0.0201740973271746,0.0402193262060896,0.0574624090442323,0.0614243680611253,6412.75732227106,0.000244140625,268,1,"SNETWORK (1 140 6412.75732227106 0.0574624090442323 13000045 268)",13
318,13000046,0.468595279066801,181,0.826606769083661,0.576140491778701,0.449959143780463,0.448153051499128,0.45024912066774,0.943807509620753,0.961336222905676,0.571099054940831,0.639078046650339,-0.0337309143488787,0.356109347521804,-0.103260688880667,-0.0337309143488787,-0.0337309143488787,-0.292389409584872,-0.900021728394466,-0.752095374255666,-0.0282306716768371,-0.976248823194029,-0.603050539930755,0.694143931109334,-0.735182512335809,-0.673195464551723,0.468595279066801,8,-0.890418585895645,-1.13524432020589,-1.09772758196348,-0.339467367428355,0.450482774562152,-0.0985308270830687,0.639113892040695,-0.835521374245903,0.231575424706736,1776.0000000001,0.796241395303628,0.0566024982399831,569.0000000001,0.062352976193246,0.858594371396874,0.0338018911607785,-0.738154642306247,0.117691187689985,-0.501491379814588,0.281317745880247,-0.139676338404899,-1.39127004580867,0.576075594156114,-3.53595382096261,1.24030041598562,0.290916861951495,0.590191343276429,0.741315569296429,21.0000000001,15.567626953225,0.741315569296429,21.0000000001,15.567626953225,0.37526788865836,0.786277719321176,1e-10,-0.729518367399617,-1.08070399632623,-0.548449821188618,-0.578742214378751,1,0.955946779738605,0.975277852907368,0.986233363658323,0.989828666406973,0.49238426163422,0.704261470184991,0.519723257988846,0.552459453096198,0.552459453096198,1.49400148416646,-0.838551532870764,0.269280349748637,0.435489903902877,1.0529040156926,-0.14563152347337,1.05875658538966,0.524159044919556,10.5708360959419,1776.0000000001,0.0313471247873452,0.00245476627343329,0.689678057924571,0.323872783434564,18327.2431920921,5.82076609134674e-11,335,1,"SNETWORK (1 318 18327.2431920921 0.689678057924571 13000046 335)",13
137,13000047,0.63408156038196,160,-0.166057912338905,-0.453200003638288,-0.550040856219537,-0.551846948500872,-0.54975087933226,-0.0223172483415663,-0.0482873922195429,-0.712668256137818,-0.416647310845624,-0.164676142833937,-0.00290260331469753,0.1591345068992,-0.164676142833937,-0.164676142833937,-2.51302623101388,0.165810585268397,0.0295227049062375,-0.717669683021791,0.135072217113377,0,0,0.264817487664191,0.333376028400019,0.63408156038196,1,-1.42606889482891,-1.51441459623046,-1.4417758772769,0.00142087233188175,0.619262381889442,0.462335856909096,-0.416857686433686,-0.69343607631874,0.128085801512386,324.0000000001,0.0767332062354462,0.150332706718226,72.0000000001,0.0200135126372303,0.0967467187726765,0.00509785357441237,-0.875873650972409,-0.589183298250712,1.52692751676988,0.274658610322437,1.62095852805856,3.45027581593575,1.39227438841089,11.8909482641645,0.478898542592612,12.3749793521368,5.83400799031777,0.682779948016667,6.0000000001,4.0966796876,0.682779948016667,6.0000000001,4.0966796876,0.483521521813634,1.33531620983953,1e-10,0.428136505401376,0.58674973864429,0.081636756701962,0.863944939476601,0,0,-0.0247221470926318,-0.0137666363416772,-0.010171333593027,-0.189474964783352,-0.591468408871426,0.794770448628312,-0.190218726475601,-0.190218726475601,-0.181805461249164,0.799800671089763,0.460703316160307,0.353976784157439,-0.1617014974229,0.732191799167623,-0.981661839884442,-1.70793137905794,2725707274.97588,324.0000000001,0.00404328587953301,0.00105456759487937,0.627312223910998,0.330172114016023,5298.64435919877,0.001953125,235,1,"SNETWORK (1 137 5298.64435919877 0.627312223910998 13000047 235)",13
137,13000048,-0.835602257376126,31,-0.169336007143403,-0.45983907781187,-0.612877153222713,-0.614349237474709,-0.609405455638136,-0.0250635106363805,0.00121969911818152,-0.000110480485147062,-0.358532499295415,0.136064483775477,-0.0864587143903005,-0.00156455634217024,0.136064483775477,0.136064483775477,0.580907553041747,-0.028554291465635,-0.11280428733222,-0.977622989085417,-0.0175353611059922,0.0677281446396492,-0.117429098893948,0.617705950750841,0.326804535448277,-0.835602257376126,1,-0.989071266918133,-1.45208034861751,-1.38621502660332,-0.559863160764425,-0.840843866449777,1.86185961271301,-0.358694070222593,-0.555237952699461,0.125271869954907,118.0000000001,0.0273320944821169,0.145012513635026,682.0000000001,0.182863572364018,0.210195666746135,0.0105547548711039,-0.85578562077904,-0.893985832318663,2.59567204420613,1.63946737882597,1.57420382532427,-0.659207844178204,2.12597929194679,-2.11115668036736,1.21612775879625,-3.08880424312599,-1.68420661367325,0.86798095713125,8.0000000001,6.94384765635,0.86798095713125,8.0000000001,6.94384765635,0.00135410345966904,0.974981717480359,1e-10,-0.698589023200077,-0.663368897801934,-0.400591501148134,-0.352847043490334,2.06553123151011e-16,-0.0440532202613954,6.84487991150658e-16,1.07294691840879e-15,-0.0227070388776258,0.818261886042854,0.055835191386789,-0.800668186153369,0.969613356122437,0.969613356122437,0.39217118272511,0.205321257732284,-0.511364114938996,-0.51539929486134,-0.914021441659794,-0.193336187224698,-0.233703514743881,-0.229600435521099,0,682.0000000001,0.00137245243057067,0.00918230234053319,0.205676208815694,0.753787636112689,4566.27880901452,0.001953125,144,1,"SNETWORK (1 137 4566.27880901452 0.205676208815694 13000048 144)",13
140,13000049,-0.321280985497697,130,0.016376969797183,0.0406255841243769,0,0,0,-0.0934934136385314,-0.000778698949346903,-0.511386875701511,-0.0471517237471573,0.963770635387176,-0.730401477011211,0.977407011043017,0.963770635387176,0.963770635387176,-2.89484358860211,0.328752194680866,0.511036967729154,0.583947048443809,0.122360878529247,0.45221133369877,-0.305856068890666,-0.190739766812213,-0.0312046492625428,-0.321280985497697,2,0.465718958253619,0.889061924183837,0.903965439776254,0.215515392745968,-0.339389598185324,-0.626356491717382,-0.0473461768917789,0.311601519845741,0.782622577842596,5011.0000000001,6.27475477940374,0.109972581575982,17035.0000000001,2.99741268080684,9.27216746011058,0.0799739646030285,1.20318820213239,-0.189456957016916,0.0500653115597263,-0.515957200141996,-0.655400694931776,-0.412112378876758,-0.885228861874866,-0.236751147521786,-1.62669473260534,-0.0586419442393905,-0.0581297645378453,0.440029046574359,78.0000000001,34.3222656251,0.440029046574359,78.0000000001,34.3222656251,1.19432982555928,0.337426044834752,1e-10,1.12205626964278,0.935193126326699,0.173714609914644,1.7322845767455,-1.03276561575505e-16,-6.2602913664822e-16,0.0705624087924016,0.0874984919697694,0.09448795543854,-0.158245220366766,-0.365175278264074,0.138768224451289,-0.159664260106367,-0.159664260106367,-0.928086568812857,0.385314374718037,-0.813081607863092,-0.973520171391041,-1.19706812551268,-0.455324194441145,-0.301596784967825,-0.629927139437853,76120085.9739398,17035.0000000001,0.0541207887098141,0.0258531757932144,0.138661344881223,3.85756285411128,6494.17092540904,0.000244140625,297,1,"SNETWORK (1 140 6494.17092540904 0.138661344881223 13000049 297)",13
56,13000050,-1.21340384296906,4,0,0,-0.0539298651555209,-0.0526282971591558,-0.0497659234028937,-0.323659641781947,-0.0529461721889036,-0.457611143366578,0.00802371097309498,1.0103374146104,-0.673952556665792,0.910182005095186,1.0103374146104,1.0103374146104,0.0956069721818366,0.151271795580745,0.318262562763149,0.118162381201618,0.0126579100284756,0.396949460069245,-0.3182243350896,0.145121969788322,0.0313608172450206,-1.21340384296906,2,0.466255315054042,0.483818592413277,0.488615401779907,-0.297235741266051,-1.21063774181968,0.421386538597812,0.00784280353022173,0.513740157436233,1.15477774569327,212.0000000001,0.391700611404907,0.0814996196527223,13.0000000001,0.0016951921866952,0.393395803491602,0.00458448191138758,0.557149591145486,2.72854922917373,2.95333162445771,0.594279285762739,-0.0575543435368999,-1.77585165735582,-0.163307753498559,-1.3496340479652,-0.177937119925423,-0.632412338800371,-0.692220116061411,1.24738103703182,11.0000000001,13.72119140635,1.24738103703182,11.0000000001,13.72119140635,0.294629434255391,1.54020567647154,1e-10,-1.35665390322372,-1.51560866201025,-0.853872568652574,-0.722197477302221,-0.0232557920329049,-0.145374652181789,-0.0456386537822689,-0.0156235779160857,0,-3.39961677446279,0.0793607428287859,-0.109464078537641,-2.13382445066416,-2.13382445066416,0.864904134387697,-0.680756635910686,0.41221093247237,0.100381055840508,-0.227462913316906,0.700430847685499,-0.244503231411791,0.922769123802504,0,212.0000000001,0.00456472670159418,1.97551097933959e-05,0.260830076647581,0.927832975052297,5763.87456778715,0.00048828125,3,1,"SNETWORK (1 56 5763.87456778715 0.260830076647581 13000050 3)",13
137,13000051,-1.05122757891168,17,-0.169336007143403,-0.45983907781187,-0.612877153222713,-0.614349237474709,-0.609405455638136,-0.0386978782939306,-0.00336877092343917,-0.00652862936054838,-0.357666769938742,0.145658505048345,-0.0947508039395711,0.000876662561505802,0.145658505048345,0.145658505048345,0.59160765051778,-0.0317612132881065,-0.116132513824086,-0.990294440208473,-0.0189627577646974,0.0677281446396492,-0.117429098893948,0.617705950750841,0.326804535448277,-1.05122757891168,1,-0.913526979287133,-0.152495103199373,-0.151951181587602,1.13007712644772,-1.04462141547077,1.97719528204117,-0.35786900433693,0.0576594370609017,0.252872156644908,3922.0000000001,1.83377457158381,0.268472604880053,4952.0000000001,2.45820420360051,4.29197877508431,0.0804114262520912,-0.138324931104514,-0.305967904974202,-0.611672829010357,1.75994155582852,1.87937093529968,-0.2106461094024,0.950615430724851,-0.25005782197961,0.283892018382173,-1.14740428146807,-0.625716020430001,0.130342705405233,43.0000000001,5.604736328225,0.130342705405233,43.0000000001,5.604736328225,0.549382123803206,0.512304350050679,1e-10,-0.458367591858213,-0.849451238436122,1.62161626378591,-0.512735073396108,0,-0.044053220261396,0,0,-0.0227070388776269,0.545432205471644,0.499314626011032,-0.969934151884317,0.617403932440267,0.617403932440267,0.838357024222593,-0.0593174239119134,-0.50278083301447,-0.373774914837419,-0.214378046615611,-0.538879243152978,-0.127436333066462,-0.130471791079014,0.151834240406881,4952.0000000001,0.0343562809289503,0.046055145223141,0.162137107054261,0.265286299633916,4490.65306293391,0.001953125,190,1,"SNETWORK (1 137 4490.65306293391 0.162137107054261 13000051 190)",13
318,13000052,0.541309942327737,200,0.826606769083661,0.576140491778701,0.449959143780463,0.448153051499128,0.45024912066774,0.948421142766836,0.964257543350557,0.615995608197629,0.636611333431231,-0.0384273930372606,0.360421925152633,-0.10482178904387,-0.0384273930372606,-0.0384273930372606,-0.31664517363702,-0.905473477036776,-0.75906290171079,-0.030025456874615,-0.981246788827839,-0.603050539930755,0.694143931109334,-0.735182512335809,-0.673195464551723,0.541309942327737,8,-0.724950726258183,-0.328977528722181,-0.326343841951218,0.469658167245486,0.532361753223358,0.129513473604614,0.6364986941449,-0.645749516572756,0.30297392479137,6541.0000000001,3.83670778654226,0.0713428544274661,1660.0000000001,0.229280906794993,4.06598869323726,0.0869570127133162,-0.280199029489259,-0.0274674402268919,0.829643536679217,0.251758916175192,0.589379104694096,0.725946846877628,0.171843549431741,1.02156149487011,0.82952388766491,-0.411750294313574,-0.839459368551447,0.126234266593056,54.0000000001,6.816650390725,0.126234266593056,54.0000000001,6.816650390725,0.00690912590366567,0.130060224472732,1e-10,-0.212529763484388,0.0951534400764639,-0.249128683274279,0.0329361573038577,1,0.955946779738605,0.975277852907367,0.986233363658322,0.989828666406972,-0.316132062660408,0.279421556020806,0.11789229358289,-0.3110194099142,-0.3110194099142,0.711457783732977,-0.305968851510668,-0.160630623571571,0.0950877108113353,0.749778218570573,-0.570067737933043,0.228291145408223,0.839136484451617,0,6541.0000000001,0.0820535108576127,0.00490350175570349,0.788159069943913,2.21484649553895,18443.9526981534,5.82076609134674e-11,407,1,"SNETWORK (1 318 18443.9526981534 0.788159069943913 13000052 407)",13
140,13000053,-0.433861970220849,108,0,0,0,0,0,-0.135459371146375,-0.0142007870844491,-0.486705472759686,-0.0307670366203108,0.9779769391022,-0.704792858683003,0.951501058812988,0.9779769391022,0.9779769391022,-1.23737673506024,0.284554442029455,0.462027551518003,0.466142481417422,0.0952766155296481,0.45221133369877,-0.305856068890666,-0.190739766812213,-0.0312046492625428,-0.433861970220849,2,0.282658425576337,-0.110512053768267,-0.110229225003796,-0.69886562486103,-0.441687167194764,0.241805322404588,-0.0308931124847347,-0.203331433588362,0.475059691384128,5195.0000000001,3.94869615405034,0.160676954366074,3606.0000000001,0.927041755432761,4.8757379093831,0.0885214347157953,-0.10177677569923,0.0510444583219598,0.883247315493304,0.406148764891112,0.215563144299661,-0.740897558719867,0.100563254528566,-0.869910406467297,0.0862700673706913,-0.906187052055694,-0.938632370526193,1.49031575530833,45.0000000001,67.064208984475,1.49031575530833,45.0000000001,67.064208984475,2.62425231113861,1.90212579856704,1e-10,-0.490024465344112,-0.164643501771401,1.89977008044674,-0.210839559021449,0,0,-0.0247221470926312,-0.0137666363416772,-0.0101713335930266,0.462657221197141,0.548387921480923,-0.83874266224039,0.516550316212151,0.516550316212151,1.01617499958611,-1.23963240713819,0.161785169572054,0.281539393406961,-0.0898312624925056,0.292820778260273,0.457618864236375,-0.283756978531215,0,5195.0000000001,0.0716905327794685,0.0168309018363268,0.0152733289575863,1.56061926406679,6370.45670604345,0.000244140625,300,1,"SNETWORK (1 140 6370.45670604345 0.0152733289575863 13000053 300)",13
56,13000054,-0.678132196270061,72,0,0,-0.0539298651555209,-0.0526282971591558,-0.0497659234028937,-0.28618846491653,-0.0404431235020432,-0.453613260947735,-0.00239884988470413,0.993821030185551,-0.675587821690052,0.925743750807046,0.993821030185551,0.993821030185551,-0.0341326508306859,0.179447589596177,0.347724863388423,0.205885475488361,0.028283202250173,0.396949460069245,-0.3182243350896,0.145121969788322,0.0313608172450206,-0.678132196270061,2,0.249555248557424,-0.245137323372634,-0.243701989410968,-0.788345598303998,-0.691382639117325,0.381688472762536,-0.00258220839051959,-0.489555694812129,0.257594595636515,9950.0000000001,4.10090596103786,0.0881101709493895,1703.0000000001,0.240082593630214,4.34098855456807,0.0871771522890028,-0.215091958534943,0.497439755552821,-0.142074245387992,0.633504907986073,-0.0588938682615827,-2.18598881621942,0.279250010919227,-2.85100563838773,0.31905266936402,-1.30068204967584,-1.40199962594343,1.16417467281959,37.0000000001,43.074462890725,1.16417467281959,37.0000000001,43.074462890725,1.57656015107719,1.41624621234696,1e-10,0.031367959021326,0.330548073902958,-0.000219513122311598,0.364811279189308,-0.0232557920329047,-0.145374652181789,-0.0247221470926312,-0.0137666363416769,-0.0101713335930262,-0.165054793914427,0.29492256581891,-0.678781935796922,-0.16635294094052,-0.16635294094052,0.315511551654115,-0.522680119646958,-0.32060646966982,-0.224412997141757,-0.319975538653324,-0.239564276358776,-0.245433865152357,-0.657846573818115,0,9950.0000000001,0.0823557350091368,0.00482141717986599,0.756031771875263,1.50282246246934,6159.99069759453,0.00048828125,51,1,"SNETWORK (1 56 6159.99069759453 0.756031771875263 13000054 51)",13
56,13000055,-1.23613651655883,2,0,0,-0.0539298651555209,-0.0526282971591558,-0.0497659234028937,-0.324048383561611,-0.0529461721889036,-0.453230753530476,0.00807196205003563,1.01025563213412,-0.673795089185454,0.910140281484754,1.01025563213412,1.01025563213412,0.0936200537757024,0.150969786171013,0.317910044739467,0.117222285775965,0.0124894989616914,0.396949460069245,-0.3182243350896,0.145121969788322,0.0313608172450206,-1.23613651655883,2,0.354158343006411,0.627787600176256,0.635625710605309,0.0373300038243857,-1.22981809060856,-0.0549805454175983,0.007875628908605,2.04402800176812,2.82136301858755,606.0000000001,2.73559358282322,0.0627600662789378,60.0000000001,0.00602496645317295,2.74161854917639,0.0287072322887616,0.764974594781038,-0.60988755887133,-4.42273936719544,-0.0931802029343946,0.179733673475917,0.764400730840457,-0.477705142697907,0.51840893383137,-0.637528849761649,2.56697923501013,2.80719712962841,0.7455810547875,10.0000000001,7.455810546975,0.7455810547875,10.0000000001,7.455810546975,0.0210045955216379,0.792632369001046,1e-10,-2.54002438391945,-1.39472047249662,1.91115556990188,-0.689062290587755,-0.0232557920329049,-0.145374652181789,-0.0456386537822682,-0.0156235779160857,0,-1.19375804544178,0.130028891562911,-0.30967908900461,-1.02486613058852,-1.02486613058852,-3.40777405299843,-1.8803453582647,-2.25948706085461,-2.55784801810465,-2.78317122011493,-1.59428493058439,-0.0273228878913753,0.869784471254405,0,606.0000000001,0.0286441453278676,6.30868608940071e-05,0.24213698058961,4.16856363468105,5748.92179816629,0.00048828125,1,1,"SNETWORK (1 56 5748.92179816629 0.24213698058961 13000055 1)",13
318,13000056,0.512493405691025,192,0.826606769083661,0.576140491778701,0.449959143780463,0.448153051499128,0.45024912066774,0.946108275288999,0.962395472416027,0.591167194010164,0.638086601902725,-0.0357575426598849,0.358012407909036,-0.103626362671032,-0.0357575426598849,-0.0357575426598849,-0.303671230076325,-0.901343574146057,-0.753828883938549,-0.0260303861450949,-0.977803264762442,-0.603050539930755,0.694143931109334,-0.735182512335809,-0.673195464551723,0.512493405691025,8,-0.109034187622919,0.664861550666442,0.673585811271957,0.887699224075197,0.503311633870065,-0.117815924490878,0.638001604094178,-0.0509019683074765,0.0784835099241871,3085.0000000001,0.46875175499446,0.095308646324457,4178.0000000001,0.770921323108205,1.23967307800267,0.0126279186502113,0.82215025751101,0.248504134889486,1.87918475846399,-0.297593020342259,-0.286460903155349,0.0864897630041702,-0.527281028586325,0.0720257260510315,-0.110698739253615,0.00383525105811212,0.00358216577649659,0.00245768239166667,60.0000000001,0.1474609376,0.00245768239166667,60.0000000001,0.1474609376,0.298169295006652,0.314460530795938,1e-10,0.0343976174318006,0.366721832296404,-0.132078907077563,0.705235035275555,1,0.955946779738605,0.975277852907368,0.986233363658322,0.989828666406973,0.324532544649971,-0.810667488820405,-0.00789709363223798,0.354158614960335,0.354158614960335,-0.747218904907537,-0.11672907504392,0.478344279300586,0.408419801129706,0.0177097129507728,0.664383944452894,-0.648931130609601,-0.952443502003372,0,4178.0000000001,0.00477493549435669,0.00785298305585459,0.74793595711294,1.80222295317799,18396.2844265293,5.82076609134674e-11,380,1,"SNETWORK (1 318 18396.2844265293 0.74793595711294 13000056 380)",13
318,13000057,0.519955526094852,194,0.826606769083661,0.576140491778701,0.449959143780463,0.448153051499128,0.45024912066774,0.945789972999837,0.963279046403554,0.590548764844481,0.637603598775391,-0.0367218577101214,0.358734806436847,-0.103881829851402,-0.0367218577101214,-0.0367218577101214,-0.306952346036431,-0.902607517229201,-0.755387459168326,-0.0267785104086144,-0.978919863143855,-0.603050539930755,0.694143931109334,-0.735182512335809,-0.673195464551723,0.519955526094852,8,-0.410776116144587,-0.000231151286566546,-0.000231153091752381,0.610548503022088,0.505434703380397,-0.24061781701436,0.637758696294142,-0.276926384322513,0.0925380589037851,3887.0000000001,0.696376724926625,0.151643322924676,7417.0000000001,2.17751368340127,2.87389040822789,0.0480455103014903,-0.000221645367918591,-0.100881415479436,1.60907040112705,-0.27155303882136,-0.225648741635969,0.0474230572438668,-0.296258331097364,0.0562251664373139,0.253262194253825,-0.0597705900103628,-0.124899577446056,0.181006716108772,57.0000000001,10.3173828126,0.181006716108772,57.0000000001,10.3173828126,0.145976607164794,0.048461135808778,1e-10,-2.14483127293867,-2.39515810233158,-1.02662889371371,-0.722592325971653,1,0.955946779738604,0.975277852907368,0.986233363658323,0.989828666406973,0.195011121108331,-0.829660915310084,-0.0993886970921274,0.20833700999731,0.20833700999731,-2.400642242748,-2.02143185740886,0.411361253021723,0.211311936186133,0.280820307385854,0.439853111675291,0.315339431885281,0.791025008612031,0,7417.0000000001,0.011641980133311,0.0364035300681793,0.760381836160696,2.1062222489922,18411.033994658,5.82076609134674e-11,353,1,"SNETWORK (1 318 18411.033994658 0.760381836160696 13000057 353)",13
137,13000058,0.755885091917413,177,-0.166057912338905,-0.453200003638288,-0.550040856219537,-0.551846948500872,-0.54975087933226,-0.0204728849412669,-0.0458350479363593,-0.725937019742632,-0.425069749680716,-0.205979274111595,-0.0240247161039565,0.20752153898285,-0.205979274111595,-0.205979274111595,-4.0295055727816,0.186931789401791,0.0314708370011049,-0.70957808036891,0.154271916436192,0,0,0.264817487664191,0.333376028400019,0.755885091917413,1,-1.74763380458917,-1.98150000560202,-1.84373565871828,-0.0789285877016723,0.740854062055604,0.380451532535464,-0.425245719498853,-0.694130584264264,0.132203599397338,225.0000000001,0.05500005737969,0.0969459407029777,119.0000000001,0.021331133642166,0.076331190921856,0.00579520889933182,-1.00037695801834,1.12491683763224,-0.980592616258778,0.874985361638105,0.142607508590662,-2.36372508472847,1.78526335261731,-11.6138515416174,0.760345282028408,-7.60133109278453,-3.38982114457042,0.365094866171429,7.0000000001,2.5556640626,0.365094866171429,7.0000000001,2.5556640626,0.192997046661964,0.225790343223398,1e-10,0.966298655686577,1.19792452849286,0.335851193771595,2.64047182810921,0.00943973522655107,0.00536422033285824,0.0601224073027797,0.0663569680187966,0.0481231716703514,-0.745752034022128,0.0510555656490854,-0.348127747709378,-0.685779334811675,-0.685779334811675,-0.328020654945475,-0.201141245719225,-0.00401357670955585,0.183671817999159,0.12155318747811,-0.0384284656805493,0.182170464888722,-0.668165771551386,16915890959.6661,225.0000000001,0.00417570867792291,0.00161950012140891,0.683368016562542,0.15492058446398,5396.01111620358,0.001953125,145,1,"SNETWORK (1 137 5396.01111620358 0.683368016562542 13000058 145)",13
140,13000059,-0.400419130658216,116,0,0,0,0,0,-0.124795355705997,-0.0123018014226815,-0.470093023637545,-0.0319621534307931,0.974831760731659,-0.701049755608783,0.950017190403395,0.974831760731659,0.974831760731659,-1.30737215080955,0.290062091428962,0.468309197180634,0.483763736244048,0.0982690847568617,0.45221133369877,-0.305856068890666,-0.190739766812213,-0.0312046492625428,-0.400419130658216,2,0.149548688864227,-0.152703149000862,-0.152157715986167,-0.590594564884989,-0.403133899967338,0.618152488540228,-0.0315876974913246,0.084996953814301,0.504796236669016,1333.0000000001,1.07662941345349,0.290177038102686,4623.0000000001,2.14638151479646,3.22301092814995,0.0603934236332642,-0.138503250075893,9.28654710054463,0.271336986909557,2.02729511811395,0.138731845493928,-4.49413243886563,0.349808707003686,-5.47859237548009,0.351293975628756,-0.459537765196264,-0.473299163013866,0.822903103398611,18.0000000001,14.812255859475,0.822903103398611,18.0000000001,14.812255859475,0.342278945392092,0.907825477143602,1e-10,0.545815946138682,0.155334500873719,0.185063692501274,0.381378872546541,0,-6.2602913664822e-16,-0.0247221470926318,-0.0137666363416776,-0.0101713335930273,0.380128222558281,-0.756989258978985,0.590269601308309,0.418650317647049,0.418650317647049,-1.3452412176278,0.410437757855552,-1.3163065561624,-1.52720495767423,-1.69124917422742,-0.881008544740158,-0.642698497167445,-0.716673562903984,0,4623.0000000001,0.0201740973271746,0.0402193262060896,0.0574624090442323,0.0614243680611253,6412.75732227106,0.000244140625,268,1,"SNETWORK (1 140 6412.75732227106 0.0574624090442323 13000059 268)",13
140,13000060,-0.309787358562492,132,0.016376969797183,0.0406255841243769,0,0,0,-0.0895955665058101,0.000127054595633602,-0.504373249311057,-0.0486823004258937,0.962586705866025,-0.728311392697524,0.977309087124756,0.962586705866025,0.962586705866025,-3.1064933099736,0.334335175643386,0.517289309623093,0.602013449350689,0.125367457868062,0.45221133369877,-0.305856068890666,-0.190739766812213,-0.0312046492625428,-0.309787358562492,2,0.441402992154221,1.08259047406732,1.10384953082796,0.536186727740482,-0.324424588997116,-0.501718724250547,-0.0488781373009259,1.5732340489537,0.449493843551269,3641.0000000001,2.61857133450751,0.096482643500281,22100.0000000001,3.41162627073106,6.03019760513857,0.0450619721950492,1.58657796511475,-0.728104492387378,-0.535470397702576,-0.547074535826593,-0.514734132071165,0.0790332732336715,-0.863751963292659,0.0318713457818887,-1.56209807681078,0.0873440225517983,0.0882720500373373,0.344853677140289,121.0000000001,41.727294921975,0.344853677140289,121.0000000001,41.727294921975,1.51772595943425,0.195635354848415,1e-10,0.456948206440822,0.497828019806039,0.133345333675185,0.54337276202262,0,0,-0.0247221470926318,-0.0137666363416772,-0.010171333593027,-0.454599394815917,0.405586028508048,-0.651997456375386,-0.437540344033924,-0.437540344033924,-0.238971545822735,-0.098228528118139,0.0638603396517324,-0.0378216734453847,-0.245274358010709,0.240241283983854,0.464706070478173,-0.0296428970153998,0,22100.0000000001,0.0195678477105581,0.0254941243844911,0.145484596504983,5.00636162422597,6501.01221580381,0.000244140625,281,1,"SNETWORK (1 140 6501.01221580381 0.145484596504983 13000060 281)",13
137,13000061,0.000709029027134515,88,-0.169336007143403,-0.45983907781187,-0.612877153222713,-0.614349237474709,-0.609405455638136,-0.00498762405859112,-0.0224927726692662,-0.238442358392595,-0.381382174255072,0.00291421143809768,0.00516769845671607,0.0464637477457617,0.00291421143809768,0.00291421143809768,0.249072801005511,0.0820507215010823,-0.00525220869874517,-0.761472751602059,0.0604547858293422,0.0677281446396492,-0.117429098893948,0.617705950750841,0.326804535448277,0.000709029027134515,1,-0.200910105896613,0.441348297555878,0.445375666890399,0.70010427244612,0.0267172320504863,1.72130641879277,-0.381582221807893,-0.188056638028664,0.239970345285228,2233.0000000001,0.990794629464802,0.159611864117308,2016.0000000001,0.594967224311385,1.58576185367619,0.0190730213655998,0.499927376648375,0.19718832248732,-0.180031462603539,1.84590783989142,1.9120140436796,-0.372878103751002,0.388960534407357,-0.293237708876296,-0.302678673493778,0.208567754155532,0.10985428767185,0.404491360004661,59.0000000001,23.864990234475,0.404491360004661,59.0000000001,23.864990234475,0.737634477490739,0.284482587623102,1e-10,0.521666992045203,0.312522112921943,1.75234769962677,0.672892756051738,-1.03276561575505e-16,-0.0223939734992886,-0.0245158959071885,-0.0136517852102328,-0.0102759168754519,0.608423465616974,-0.931028862358149,0.344985389347049,0.695983644310168,0.695983644310168,0.333278011598819,0.568628882781053,-0.972438071272559,-1.19761455834328,-1.17807422678758,-0.679695952365577,-0.00521596202959409,0.107563495313368,788063791.535007,2233.0000000001,0.0119169514597036,0.00715606980589627,0.383556208032095,2.79741919814952,4875.24952979948,0.001953125,207,1,"SNETWORK (1 137 4875.24952979948 0.383556208032095 13000061 207)",13
56,13000062,-1.06084747361065,21,0,0,-0.0539298651555209,-0.0526282971591558,-0.0497659234028937,-0.323136842830837,-0.0522240419027982,-0.466200763172337,0.0077141819557138,1.01061200359219,-0.674069536854733,0.910516646874337,1.01061200359219,1.01061200359219,0.0914320322158733,0.152390454334884,0.31960283584053,0.121795689460172,0.0132606079387334,0.396949460069245,-0.3182243350896,0.145121969788322,0.0313608172450206,-1.06084747361065,2,1.11999499879035,0.223255050786292,0.22433475261971,-1.19453914012885,-1.07213011439191,-0.231585060594895,0.00753079830868879,0.0404180633275694,0.337750528039453,10937.0000000001,5.91036403861309,0.076783865030672,9017.0000000001,1.10777617622686,7.01814021473995,0.0992998251191221,0.232644520210845,0.195510947075854,-0.0405896406673817,-0.282679712681182,-0.0992589527390934,0.433753485670349,-0.400415449236476,0.401253955251856,-0.513592605741244,0.551771016426091,0.602671084560313,0.933259041178629,62.0000000001,57.862060546975,0.933259041178629,62.0000000001,57.862060546975,2.22237149355872,1.07223192657438,1e-10,-0.71630698647661,-1.24449489102695,-0.881777480450694,-0.630814086467043,-0.0232557920329049,-0.145374652181789,-0.0456386537822682,-0.0156235779160853,0,0.304585530597663,-0.677388243875482,1.0818710819169,0.331301200945527,0.331301200945527,-1.97367688619286,0.602021679935749,-0.729013368062869,-0.782310433418946,-0.981771254366682,-0.451962033315093,-0.427899965940142,-0.283537860464283,0,10937.0000000001,0.0836258747865116,0.0156739502326105,0.375969658048812,1.54297100089025,5855.97571730226,0.00048828125,39,1,"SNETWORK (1 56 5855.97571730226 0.375969658048812 13000062 39)",13
140,13000063,-0.326806804715283,129,0.016376969797183,0.0406255841243769,0,0,0,-0.0917162656665293,-0.000324312385642464,-0.490444176124803,-0.0464817887265051,0.964082878752672,-0.727583578198722,0.973516531411585,0.964082878752672,0.964082878752672,-2.80910875656629,0.327672087557598,0.509840061432789,0.580874175817986,0.121724787311263,0.45221133369877,-0.305856068890666,-0.190739766812213,-0.0312046492625428,-0.326806804715283,2,0.471525188965278,0.819330854064186,0.832168100926153,0.111700150204152,-0.34393441073389,-0.646444020990147,-0.0466762109189764,0.449699567836011,0.642206411926528,1779.0000000001,1.82797633072149,0.116543918684504,20801.0000000001,3.87876808085876,5.70674441148025,0.0518343282084817,1.07788138857208,0.0365879418552812,-0.409817700163559,-0.626770304855265,-0.578979358947833,0.138043555838046,-0.881177968389651,0.0770236261336116,-1.6128391919795,0.0626190883516633,0.0636208681744982,0.288067395274051,79.0000000001,22.75732421885,0.288067395274051,79.0000000001,22.75732421885,0.689259934633901,0.111036092082745,1e-10,0.867429703633236,0.767155604184577,0.23635148305939,1.01909799550097,0,0,-0.0247221470926318,-0.0137666363416772,-0.010171333593027,-0.698316702701645,0.138445491615025,-0.737938371037061,-0.646913462305812,-0.646913462305812,-0.127397569269002,0.261811701593232,-0.0818470912943544,-0.181283370726539,-0.267628377753596,0.0553618180241198,0.477018132061591,-0.0289914091825223,20504020552.6225,20801.0000000001,0.0166034989594103,0.0352308291490714,0.130412685461142,1.09706142451614,6485.90045883796,0.000244140625,271,1,"SNETWORK (1 140 6485.90045883796 0.130412685461142 13000063 271)",13
137,13000064,0.34271619764787,119,-0.169336007143403,-0.45983907781187,-0.585138056887849,-0.587070912494495,-0.584419668319597,-0.0203837141927799,-0.049894896738039,-0.490926272403121,-0.395521380991775,-0.0621060784621488,-0.0141795266152986,0.131987644129375,-0.0621060784621488,-0.0621060784621488,-0.520298686034658,0.146675767144891,0.0498309351878323,-0.683914967067023,0.112349593280315,0.0244718896476977,-0.0463928842676715,0.415324305327625,0.335969349634022,0.34271619764787,1,-0.688892030046282,-0.572465862956687,-0.564049005190323,0.0624169585004119,0.324723161193283,-0.0560651506732289,-0.395731272906216,-0.471868136051598,0.161703367864222,2036.0000000001,0.608743284500736,0.0584087429324566,1685.0000000001,0.181976416548657,0.790719700949393,0.0203109201016524,-0.448043946150785,-0.354764080189391,-0.70190797433549,-0.285801932021154,-0.144020323234995,0.332319495259665,0.196698064171662,0.571478124186156,-0.543969662500803,-0.150488963114245,-0.0714950503380276,0.362135667167308,26.0000000001,9.41552734385,0.362135667167308,26.0000000001,9.41552734385,0.715808890268357,0.857625667715627,1e-10,-0.773279389790543,-0.838538788560017,0.611447079126103,-0.515765456680205,0,-6.2602913664822e-16,-0.0247221470926318,-0.0137666363416772,-0.010171333593027,0.119123062903429,-0.170951730408836,0.807142084899641,0.125695476389983,0.125695476389983,-0.190582940090734,0.200331840978507,0.413407161029962,0.153781423466369,0.144954288595042,0.511956324220435,1.05783675512747,2.14252912922786,11.1533936547935,2036.0000000001,0.0156365601334137,0.00467435986823862,0.490005764323149,1.68850657012081,5060.14831706827,0.001953125,223,1,"SNETWORK (1 137 5060.14831706827 0.490005764323149 13000064 223)",13
140,13000065,-0.25243802871735,145,0.016376969797183,0.0406255841243769,0,0,0,-0.0955946504635961,-0.000420219097779423,-0.586889594701484,-0.0507830275852145,0.960154145858587,-0.741416104322668,0.98881733740099,0.960154145858587,0.960154145858587,-3.3464691617835,0.337779510223516,0.520997144008636,0.613815135297609,0.127138288165209,0.45221133369877,-0.305856068890666,-0.190739766812213,-0.0312046492625428,-0.25243802871735,2,0.421187105366614,0.0459128149123591,0.0459605175182595,-0.701017899506934,-0.270165391745522,-0.693445117481149,-0.0509781408829953,0.317208243275842,0.300344836346264,9012.0000000001,4.33073226289847,0.0505665548966794,3476.0000000001,0.281230951256975,4.61196321405545,0.0744891310996029,0.0447761249084931,0.161325732566167,1.18267165469562,-0.38012787710013,-0.649321684303031,-0.771157298896267,-0.701308204270595,-0.807442451820869,-1.14727934157129,-0.419991250826037,-0.422332234646955,0.0918143137160714,42.0000000001,3.856201171975,0.0918143137160714,42.0000000001,3.856201171975,0.136199341174113,0.181338500530337,1e-10,0.419659716726833,0.572530722560886,0.0432683328963724,0.721671012409644,0,0,-0.0247221470926315,-0.0137666363416772,-0.010171333593027,-0.192892673350934,0.479081188194006,-0.605141724701897,-0.193543826706082,-0.193543826706082,-0.0639213055984254,-0.358800552385604,-0.137591038896738,-0.145097970219765,-0.343370049689062,0.0189251895229665,0.311096219899809,-0.25055407658847,0,9012.0000000001,0.0699468898346071,0.00454224116499582,0.225857283483584,1.92717288434505,6581.59738571226,0.000244140625,302,1,"SNETWORK (1 140 6581.59738571226 0.225857283483584 13000065 302)",13
318,13000066,0.21102295047184,122,0.847990630531859,0.546799996361712,0.449959143780463,0.448153051499128,0.45024912066774,0.931449261514444,0.963120506314377,0.598374761229573,0.668847812287555,0.00103512707980417,0.390163309704175,-0.0859945518715168,0.00103512707980417,0.00103512707980417,0.125415242628999,-0.896082149363522,-0.745112764401258,0.00575811392640987,-0.976884001571344,-0.603050539930755,0.694143931109334,-0.735182512335809,-0.673195464551723,0.21102295047184,8,0.612356105262353,0.241022648269166,0.242276176770439,-0.723003591761374,0.197475796545106,-0.476965360697257,0.668689722090909,1.78955269652439,0.181805633275318,11477.0000000001,4.03966209035977,0.0957309791359384,5259.0000000001,0.974686594297279,5.01434868455705,0.0700145295287502,0.252852100755131,-0.610646094221233,-0.207047210691358,-0.497165222167481,-0.511148173191162,-0.0664136288859335,-0.586275175112345,-0.0591576023481544,-0.196247637695851,-0.14790968020256,-0.311738974418332,0.0781148275739583,72.0000000001,5.624267578225,0.0781148275739583,72.0000000001,5.624267578225,0.0589834629794422,0.201747768223215,1e-10,0.799771042886518,0.270683466527711,0.11019046261196,0.0567362226304465,1,0.867841683603147,0.975277852907368,0.986233363658323,0.989828666406973,-0.687158908607034,0.469669340355639,0.678995298016899,-0.637684386087268,-0.637684386087268,0.0850526717713354,0.391492796565756,0.248342073837633,0.296836789770778,0.847319145167354,-0.0689060237227607,1.80423134246413,1.72014970261095,2453852357.77259,11477.0000000001,0.0564051401485903,0.0136093892801599,0.379794626937474,3.7156374193728,17960.0014119206,5.82076609134674e-11,373,1,"SNETWORK (1 318 17960.0014119206 0.379794626937474 13000066 373)",13
137,13000067,0.594069721812148,155,-0.166057912338905,-0.453200003638288,-0.550040856219537,-0.551846948500872,-0.54975087933226,-0.00670207444411838,-0.0496180021893445,-0.698755750307975,-0.40974264738314,-0.136611645290198,0.0142086179217781,0.118512637677435,-0.136611645290198,-0.136611645290198,-1.62281629562023,0.155276040681194,0.0335087666520313,-0.705945630494274,0.123452903411255,0,0,0.264817487664191,0.333376028400019,0.594069721812148,1,-1.27914842982665,-1.71463892109036,-1.61731559365276,-0.466435910648165,0.580149864345851,0.439319786515534,-0.409868178614537,-0.919229387798163,0.0491090130020021,136.0000000001,0.0123491612430462,0.0921532571174268,483.0000000001,0.0822991150072651,0.0946482761503113,0.00582691129770203,-0.93450974412514,-0.235286119472259,-0.274214535679579,0.541259469370649,1.08080124055347,1.2615644675848,1.56721808491763,5.11807436793534,0.640254838432318,2.25112044122105,1.08023950200712,0.620742797951563,16.0000000001,9.931884765725,0.620742797951563,16.0000000001,9.931884765725,0.129140944133949,0.606650400360295,1e-10,0.0366203242372432,0.19165960577325,-0.18489290165698,0.20400514587331,-1.03276561575505e-16,0,-0.0247221470926329,-0.0137666363416776,-0.0101713335930258,-0.174206172612594,-0.600792185610875,0.862583727008156,-0.175318668839153,-0.175318668839153,-0.367048106964324,0.473374993784269,1.02986159514246,1.10451523035215,0.509457824308745,1.15636544527993,-1.23936008130293,-1.94031916166477,0,483.0000000001,0.000760261764391702,0.00506664943331033,0.612011636170507,1.11761273129295,5272.06782646075,0.001953125,247,1,"SNETWORK (1 137 5272.06782646075 0.612011636170507 13000067 247)",13
137,13000068,0.304920758299127,113,-0.169336007143403,-0.45983907781187,-0.612877153222713,-0.614349237474709,-0.609405455638136,-0.000707218790364404,-0.0423762099925867,-0.437519197936246,-0.390682651395037,-0.0456933048650833,-0.000138746224651917,0.0919224879741928,-0.0456933048650833,-0.0456933048650833,-0.189080549505415,0.129711516230437,0.0392770825462839,-0.696044803120164,0.0976596804773881,0.0244718896476977,-0.0463928842676715,0.415324305327625,0.335969349634022,0.304920758299127,1,-0.63604419426098,-0.199052925389749,-0.198116274182489,0.505336141800787,0.293114189409816,-0.256474390513085,-0.390865731195356,-0.407900251818847,0.114622848357839,536.0000000001,0.113598691940691,0.0632485576406463,256.0000000001,0.0299383551946204,0.143537047035312,0.00278466660811927,-0.177558054654703,-0.80345312692123,0.0667942318804402,-0.354889516636901,-0.128289269084495,0.586915784491156,-0.202203091997478,0.749539049682199,-1.0041801678153,-0.378262943637874,-0.186421784655596,0.201301126019118,17.0000000001,3.422119140725,0.201301126019118,17.0000000001,3.422119140725,0.15515678820948,0.0182268598488951,1e-10,-0.246965047075275,-0.0213502448518429,0.177503950649283,-0.0146607631975359,0,6.2602913664822e-16,-0.0247221470926318,-0.0137666363416769,-0.010171333593027,0.0136441872905369,-0.321620714200926,0.909018032812257,0.014149055894999,0.014149055894999,-0.59989620567584,0.526833171914804,-0.301238615722057,-0.360715313222383,-0.203134804151713,-0.273110302219026,0.770162366408522,2.18247565533956,0,536.0000000001,0.00220385244986612,0.000580814058253151,0.469006494104355,1.43580559367547,5023.6733919275,0.001953125,140,1,"SNETWORK (1 137 5023.6733919275 0.469006494104355 13000068 140)",13
56,13000069,-0.644401669255059,76,0,0,-0.0539298651555209,-0.0526282971591558,-0.0497659234028937,-0.283800117426564,-0.039609900462519,-0.45023681037224,-0.00295373726952161,0.992746073745361,-0.677906274438485,0.927305679787541,0.992746073745361,0.992746073745361,-0.0334324857337722,0.181044535628471,0.349229667448416,0.21004215359197,0.0292765477130496,0.396949460069245,-0.3182243350896,0.145121969788322,0.0313608172450206,-0.644401669255059,2,0.232703645160401,-0.0187762410378268,-0.0187683599848076,-0.55169022372161,-0.639984352450182,0.71919137274085,-0.00314631251803601,0.0817577082432136,0.911713633958262,2643.0000000001,3.85545461495657,0.191205580496357,9196.0000000001,2.81332242781746,6.66877704267403,0.113044592700419,-0.0178804046891741,0.227257905858482,0.0452674516213343,0.334522976591777,0.72233828118501,0.857813940477707,0.306692288937006,0.952077555931348,0.346766785557307,0.447932437667329,0.484283825593161,1.89838115995577,39.0000000001,74.036865234475,1.89838115995577,39.0000000001,74.036865234475,2.92876563359647,2.51005488388143,1e-10,1.00912262475229,0.715140533667165,1.763128234931,1.83787288922488,-0.0232557920329049,-0.14537465218179,-0.0339287294394997,-0.0145840770232015,-0.0056943844696325,0.525319509822206,-0.598580119541957,0.750624420314743,0.592649452111891,0.592649452111891,-1.06549297930773,0.112177831621569,-2.01607304935032,-2.27893977678801,-2.3276969060714,-1.49884888627042,-1.23123798690239,-1.14990593883554,4474706999.24368,9196.0000000001,0.065355055873579,0.0476895367268401,0.786409614736203,2.75795484225557,6184.29019749919,0.00048828125,50,1,"SNETWORK (1 56 6184.29019749919 0.786409614736203 13000069 50)",13
137,13000070,-0.633782638118592,42,-0.169336007143403,-0.45983907781187,-0.612877153222713,-0.614349237474709,-0.609405455638136,-0.00599741329194396,0.00743523272072579,0.0215477469304588,-0.360034190975711,0.11791833568441,-0.0657505554043927,-0.0103870185061307,0.11791833568441,0.11791833568441,0.559509159867395,-0.0202932338001443,-0.104148251399621,-0.950689050807216,-0.0131093737312941,0.0677281446396492,-0.117429098893948,0.617705950750841,0.326804535448277,-0.633782638118592,1,-1.12485647761488,-0.742199150209924,-0.727507970219394,0.580551136660923,-0.632046103181311,1.92698231947843,-0.360220450317415,-0.41882078711647,0.16069600942375,597.0000000001,0.177384949084291,0.104150659030864,627.0000000001,0.120744374948937,0.298129323933228,0.00870545530572876,-0.548489289372149,-0.391127470137939,-0.045893094328783,1.79401329116907,1.87032086736359,-0.33739872616074,1.45884090728113,-0.622097165167217,0.698883355850573,-1.31998883475008,-0.714627121445146,0.0408593751,25.0000000001,1.0214843751,0.0408593751,25.0000000001,1.0214843751,0.349220057889293,0.378993565740633,1e-10,-0.450195144586398,-0.41074833940407,-0.520166671430987,-0.238848133336864,0,-0.0440532202613966,0,0,-0.0227070388776265,0.720321112456827,0.228121852316731,-0.407526342485699,0.839584499817044,0.839584499817044,1.38062788842627,-0.206964813456358,-0.605986358487956,-0.561074786266903,-0.246813735095257,-0.66135669983129,0.00974358128002863,0.673770832066014,0,627.0000000001,0.00517968748494211,0.00352576772078665,0.239952872374284,0.545798848383129,4625.81605599257,0.001953125,213,1,"SNETWORK (1 137 4625.81605599257 0.239952872374284 13000070 213)",13
56,13000071,-0.990659366645146,31,0,0,-0.0539298651555209,-0.0526282971591558,-0.0497659234028937,-0.321078492476557,-0.0514659356442891,-0.469259034241079,0.00693642054883713,1.01018608798537,-0.672933846622177,0.910609188439706,1.01018608798537,1.01018608798537,0.0823880345497037,0.153806820275103,0.321169379044917,0.126465768049254,0.0140095023186266,0.396949460069245,-0.3182243350896,0.145121969788322,0.0313608172450206,-0.990659366645146,2,0.522721553462225,0.647248030745809,0.655546221986419,-0.181348050785641,-1.00036625165787,-0.224576911619848,0.00674742065357216,0.512195977044313,0.624430516832986,7521.0000000001,7.51414706625172,0.0462408749129961,12880.0000000001,0.952931948245421,8.46707901439714,0.0873855739676322,0.794792224353818,-0.113165929936477,-0.10913186873195,-0.259466234385673,-0.0322863852669344,0.556638139919535,-0.579092680107754,0.37106720063504,-0.818076756079646,0.0636949352963455,0.0689726570431694,0.297420887564888,89.0000000001,26.470458984475,0.297420887564888,89.0000000001,26.470458984475,0.851421808627652,0.12497077007334,1e-10,-0.144791589126027,-0.154577364785656,-0.222675002416546,-0.161794860065471,-0.0232557920329049,-0.145374652181789,-0.0456386537822686,-0.0156235779160857,0,0.143360384522969,-0.817630522705543,0.381562077003092,0.151869480798602,0.151869480798602,-0.0359166855675334,0.714334506488428,-0.830223722782041,-1.02924318773287,-1.15421774496163,-0.500288546623432,-1.12287706520547,-0.342960035616045,0,12880.0000000001,0.07755071759608,0.00983485627155221,0.447737679340223,3.01031372553451,5913.3835798194,0.00048828125,49,1,"SNETWORK (1 56 5913.3835798194 0.447737679340223 13000071 49)",13
56,13000072,-0.678130703116905,73,0,0,-0.0539298651555209,-0.0526282971591558,-0.0497659234028937,-0.28618846491653,-0.0404431235020432,-0.452658439807703,-0.00250831746402187,0.993691034500219,-0.675946935640414,0.926187880162092,0.993691034500219,0.993691034500219,-0.0338218820142855,0.179661717155325,0.347893566076804,0.206328751751231,0.0284318500119206,0.396949460069245,-0.3182243350896,0.145121969788322,0.0313608172450206,-0.678130703116905,2,0.265844299798228,-0.0068175959855033,-0.00681659463356207,-0.578308246836006,-0.670009405663292,0.687502079491629,-0.00268347468283196,0.904113165581,0.917313000953155,6582.0000000001,9.6604066746766,0.223643462340868,5098.0000000001,1.82421499290478,11.4846216674814,0.19294678500847,-0.00652089052328581,-0.206347811000824,0.526818384461811,0.612626151021028,0.411051846859049,-0.831301967899912,0.2820158808156,-0.905088975399617,0.321798636732502,0.44428774887894,0.479373252974429,1.66582728804643,35.0000000001,58.303955078225,1.66582728804643,35.0000000001,58.303955078225,2.2416701319918,2.16359997487411,1e-10,0.458883508340132,0.666976781167167,-0.0244217756209451,1.33913728775881,-0.0232557920329049,-0.145374652181789,-0.0275835088643111,-0.0140206929968624,-0.00877991921222838,0.300361658032365,0.141897472856332,-0.190159428300046,0.326479938642049,0.326479938642049,-0.0716944342178221,-0.389103830054693,-0.769043464722432,-0.76747760289562,-0.879978328218884,-0.5578448424137,-0.549008516596007,-0.660448523675554,0,6582.0000000001,0.162299156450391,0.030647628458079,0.761035204663475,4.37029313482344,6163.99298686558,0.00048828125,14,1,"SNETWORK (1 56 6163.99298686558 0.761035204663475 13000072 14)",13
318,13000073,0.190721816142904,116,0.847990630531859,0.546799996361712,0.449959143780463,0.448153051499128,0.45024912066774,0.930963702197567,0.963179087119529,0.604258846982759,0.669685313123025,0.00175379255553435,0.39228396517964,-0.0835882965969845,0.00175379255553435,0.00175379255553435,0.143743765380888,-0.894235449729925,-0.74271958214355,0.012349200367174,-0.975970386077789,-0.603050539930755,0.694143931109334,-0.735182512335809,-0.673195464551723,0.190721816142904,8,0.343539719625156,0.358146304612041,0.360845401684288,-0.279488340389862,0.175952193766768,-0.572314632419703,0.669522501940493,0.576445774970916,0.308069159572564,10570.0000000001,6.30423701454016,0.101338438694521,3444.0000000001,0.675688726309144,6.9799257407493,0.0893156825718041,0.39287407326523,-0.826879233392192,-1.08566803501637,-0.483621140080696,-0.552123594618865,-0.232927323016216,-0.701471666346396,-0.194317517252704,-0.430671723861068,-0.230268855028214,-0.483315426423068,0.00313507574484127,63.0000000001,0.197509765725,0.00313507574484127,63.0000000001,0.197509765725,0.313235027661868,0.322792528995255,1e-10,0.560381976527224,0.254106985398458,2.0456937688156,0.0455616842703365,1,0.867841683603146,0.975277852907368,0.986233363658323,0.989828666406973,-0.669790045318303,0.435568205353273,0.776371132610949,-0.623251398524016,-0.623251398524016,0.45245903326738,0.229382519546628,0.314647510079435,0.359597911644146,0.874863604493272,0.006358345517658,1.56004175881841,1.49352664052754,0,10570.0000000001,0.0806695160278815,0.00864616644392261,0.346509090865701,4.20028555941829,17920.5548384719,5.82076609134674e-11,358,1,"SNETWORK (1 318 17920.5548384719 0.346509090865701 13000073 358)",13
137,13000074,0.296016256609365,112,-0.169336007143403,-0.45983907781187,-0.612877153222713,-0.614349237474709,-0.609405455638136,-0.000707218790364404,-0.0423762099925867,-0.437519197936246,-0.390645232192511,-0.0455354066077457,4.26675232758695e-05,0.0916093884763083,-0.0455354066077457,-0.0455354066077457,-0.189653612853295,0.129701589693684,0.0392856684886568,-0.69601436678643,0.0976465331733315,0.0244718896476977,-0.0463928842676715,0.415324305327625,0.335969349634022,0.296016256609365,1,-0.492171433802301,0.00774916499884569,0.00775058410071422,0.559730916633297,0.287134686143416,-0.13827289897111,-0.390847348983462,0.349571537217149,0.468910074603408,354.0000000001,0.306923519990702,0.0730888864914478,1074.0000000001,0.145141955837632,0.452065475728334,0.00751265468922554,0.0074516743158259,0.0527588984976226,0.494341831696321,-0.271973179779243,0.0451020534402109,0.792098298660664,-0.225225197654186,0.861938188897047,-1.03500895704814,0.0864999392510302,0.0642716975316709,0.337660845688235,17.0000000001,5.7402343751,0.337660845688235,17.0000000001,5.7402343751,0.0539189031696564,0.184919593610959,1e-10,-0.485861613821135,-0.688487478096293,-0.488331052860929,-0.492225413648121,0,-0.022176090681972,-0.0247221470926315,-0.0137666363416765,-0.0101713335930266,-0.148477986131979,0.267896346920556,-0.902912373097523,-0.150044657453376,-0.150044657453376,0.774370336750396,-0.277271973570073,0.268979082180314,0.0879231982733831,0.0457886905997004,0.368004506839798,1.6119558074541,1.99335695925785,0,1074.0000000001,0.00510061155863152,0.00241204303059402,0.465339142528988,3.61136554242318,5017.30334321711,0.001953125,98,1,"SNETWORK (1 137 5017.30334321711 0.465339142528988 13000074 98)",13
56,13000075,-0.723984253786543,65,0,0,-0.0539298651555209,-0.0526282971591558,-0.0497659234028937,-0.304099157411179,-0.0451433739494087,-0.480826014854122,-0.000409395617103579,1.00016004198867,-0.681611970626213,0.929639389315424,1.00016004198867,1.00016004198867,0.00101858916810506,0.170303381404674,0.337826020730672,0.176666864635387,0.0233146781670511,0.396949460069245,-0.3182243350896,0.145121969788322,0.0313608172450206,-0.723984253786543,2,-0.563610983312447,-0.0721666173974685,-0.072047203030666,0.567395889138093,-0.731818854044563,0.0279354124397379,-0.000512240029670859,-0.151863796621042,1.05821169561478,8255.0000000001,13.9768600744474,0.133716750984061,2815.0000000001,0.602260246081305,14.5791203204287,0.257203501993543,-0.0673951467994915,0.00197463500141886,0.151541248959685,-0.126283523229485,0.384553146923252,1.30618314173319,-0.0632784948559321,1.50676943302155,-0.0633393121364058,1.88674048520988,2.04015871935249,1.44977361515682,33.0000000001,47.842529296975,1.44977361515682,33.0000000001,47.842529296975,1.78479352599323,1.84172678924575,1e-10,1.024226283449,0.574606718251768,0.354609450765526,1.29719344454904,-0.0232557920329048,-0.145374652181789,-0.0348459563895978,-0.0146655162536923,-0.00524835801125777,0.392936921890519,-0.777386128322043,0.574483801244509,0.433673750671584,0.433673750671584,-0.409875469357576,0.655788685954502,-2.11456392056763,-2.39489557707682,-2.49471692929911,-1.54628196003908,-1.37453546910265,-1.13901692670865,7604301476.97321,8255.0000000001,0.246578481939379,0.0106250199541646,0.709403354567931,1.44856479281195,6122.69222228472,0.00048828125,31,1,"SNETWORK (1 56 6122.69222228472 0.709403354567931 13000075 31)",13
56,13000076,-0.482549845215237,100,0,0,0,0,0,-0.188337331361867,-0.0145935618501901,-0.332508548506332,-0.0125453620642237,0.958482411677086,-0.643026074319682,0.907770418700657,0.958482411677086,0.958482411677086,-0.318885552837925,0.23583956840273,0.411618909142057,0.364423646752293,0.061775471492991,0.442037567785408,-0.329724348592432,0,0,-0.482549845215237,2,-0.276284677293366,-0.398017700063332,-0.394103185543793,-0.228122588383995,-0.49343758334671,0.527323666615573,-0.012685367476213,-0.249484661518818,0.297492023977688,2402.0000000001,1.14332134626577,0.252110980945402,10081.0000000001,4.06644927674056,5.20977062290633,0.117350497423424,-0.330880450182704,9.31360465542681,0.0101721691894098,1.67307549946821,0.110881761347033,-3.75656986647546,0.480082322266162,-5.50039989677459,0.507412472045461,-0.503655649082053,-0.535409363456721,1.14269147610446,28.0000000001,31.995361328225,1.14269147610446,28.0000000001,31.995361328225,1.09270810019703,1.38424090148278,1e-10,-0.295483819022412,-0.242114847933179,-0.240626775255808,-0.152459738677594,-0.0232557920329049,-0.145374652181789,-0.0247221470926318,-0.0137666363416772,-0.010171333593027,0.464287868121351,0.810002355763576,-0.0183491565292623,0.518511133733844,0.518511133733844,0.7384198437368,-0.406624961227352,-0.484898188250307,-0.340177801937503,-0.0875845279776967,-0.579505277540691,0.32016566174129,-0.100341027992005,0,10081.0000000001,0.025753404187451,0.0915970931359733,0.958925946686683,0.81879087236555,6322.28750728095,0.00048828125,69,1,"SNETWORK (1 56 6322.28750728095 0.958925946686683 13000076 69)",13
137,13000077,-0.997177330143946,21,-0.169336007143403,-0.45983907781187,-0.612877153222713,-0.614349237474709,-0.609405455638136,-0.0341288729384015,-0.00313752939800013,0.000401973392962535,-0.357929689072276,0.143101115804594,-0.0924781437770125,0.000727920108012245,0.143101115804594,0.143101115804594,0.58711315051977,-0.0309601449463016,-0.115325055812317,-0.987217643250859,-0.0185966893483294,0.0677281446396492,-0.117429098893948,0.617705950750841,0.326804535448277,-0.997177330143946,1,-1.19740423448759,-0.764684777134668,-0.749011776884135,0.687112938364928,-0.998158913122726,1.83697604059612,-0.358082205169529,-0.487276299431159,0.156888134273992,2759.0000000001,0.800348514412785,0.0709612081668655,1115.0000000001,0.146296256275204,0.946644770587989,0.0281167267002234,-0.560880220978656,-0.0845509296337116,-0.0107108136518317,1.6897337531245,1.855565618581,-0.0601223610836532,1.44328273388631,-0.0960402885876254,0.692231117320991,-3.51293914493125,-1.91871960687463,0.0783247515204545,22.0000000001,1.72314453135,0.0783247515204545,22.0000000001,1.72314453135,0.379863310296292,0.434808863383728,1e-10,-0.716690212135968,-0.785369529833488,-0.443524446482119,-0.430555187725664,0,-0.044053220261396,0,-3.57648972802931e-16,-0.0227070388776269,0.810082430890289,0.134355546004807,-0.712155167370989,0.958595674674218,0.958595674674218,0.460749575613771,-0.455971978850628,-0.184755725949114,-0.27276805803952,-0.656391454584373,0.115157272610703,-0.284613942130912,0.293451422615014,0,2759.0000000001,0.023771515000529,0.0043452115996944,0.174927658386177,1.57595111888778,4512.8697589181,0.001953125,199,1,"SNETWORK (1 137 4512.8697589181 0.174927658386177 13000077 199)",13
137,13000078,0.672460262683616,166,-0.166057912338905,-0.453200003638288,-0.550040856219537,-0.551846948500872,-0.54975087933226,-0.01669716648734,-0.0454956043712528,-0.703925973438089,-0.422109037340548,-0.18742372593435,-0.0173045852862411,0.191420494684732,-0.18742372593435,-0.18742372593435,-3.26741208441724,0.183268611844828,0.0355595396675586,-0.702646938470319,0.149861081798262,0,0,0.264817487664191,0.333376028400019,0.672460262683616,1,-1.25286436114776,-0.844020222486718,-0.824586308396635,0.670392692884834,0.664060164887476,1.50206974449387,-0.422155045997177,-0.747798193089979,0.109039445878077,435.0000000001,0.0877021494449148,0.0816835408796237,889.0000000001,0.134268352755638,0.221970502100553,0.00700131531593123,-0.602998196606338,-0.190211091329045,-0.179063173618656,1.50451321137187,1.39443226974786,-0.795481556509961,1.37146356762254,-1.6119212724892,0.444994262506373,-0.514740218310404,-0.22474603337242,0.64880859385,25.0000000001,16.22021484385,0.64880859385,25.0000000001,16.22021484385,1.01298659767541,1.28470624871509,1e-10,0.265181108251925,0.750562007619057,1.72599373345734,1.2090940389889,0,0,-0.0247221470926322,-0.0137666363416776,-0.010171333593027,-0.253850527394092,-0.331138387417959,0.526593458551448,-0.252236329218907,-0.252236329218907,0.0556749827590628,0.744611094799959,0.140202626794954,0.145865311196184,-0.0276813511647609,0.23202407917728,-0.39956897344157,-1.09328799011822,0,889.0000000001,0.00276627023475802,0.00423504498117321,0.646107181477478,0.52724502214854,5331.29047799807,0.001953125,245,1,"SNETWORK (1 137 5331.29047799807 0.646107181477478 13000078 245)",13
318,13000079,0.211021158688054,121,0.847990630531859,0.546799996361712,0.449959143780463,0.448153051499128,0.45024912066774,0.931501783578385,0.963120506314377,0.598374761229573,0.668852571747526,0.0010341069910849,0.390168747492344,-0.0859892346009272,0.0010341069910849,0.0010341069910849,0.125456075133373,-0.896103841925721,-0.745137956349829,0.00562082279019413,-0.976887855069887,-0.603050539930755,0.694143931109334,-0.735182512335809,-0.673195464551723,0.211021158688054,8,0.587526305506466,0.363552015223774,0.366330012952189,-0.576614467657445,0.194213183054705,-0.507374818099747,0.669006158738524,1.73827242143833,0.166388673231102,8552.0000000001,2.75486785966098,0.0740757906429655,6095.0000000001,0.874096389946587,3.62896424950756,0.0462499817129659,0.399632285593883,-0.211949044980453,-0.153047587770526,-0.483471822378763,-0.520869453930375,-0.134827241961479,-0.65473424343602,-0.112157490593791,-0.331097703197581,-0.238738855558246,-0.500658598814462,0.0273701436810811,74.0000000001,2.0253906251,0.0273701436810811,74.0000000001,2.0253906251,0.39306315249527,0.358897532054115,1e-10,-1.99039189722957,-2.00325621799173,-0.853872568652574,-0.711019728790326,1,0.867841683603147,0.975277852907368,0.986233363658323,0.989828666406973,0.186454919232804,0.637188242854813,0.892448543652627,0.198917535056309,0.198917535056309,1.05374469406835,0.969305175163995,0.118225679704159,0.280036089071416,0.194050452927799,0.0892434011729072,1.56050673473567,1.7564996784508,0,8552.0000000001,0.0351099043953509,0.011140077217615,0.375523413985464,4.87232410410983,17954.9396122529,5.82076609134674e-11,331,1,"SNETWORK (1 318 17954.9396122529 0.375523413985464 13000079 331)",13
318,13000080,0.200720831761271,118,0.847990630531859,0.546799996361712,0.449959143780463,0.448153051499128,0.45024912066774,0.931232655956438,0.963389355108662,0.601943797404306,0.669361341606424,0.00147756498204577,0.391499472016135,-0.0845679395863874,0.00147756498204577,0.00147756498204577,0.138154896372166,-0.894958787941833,-0.743624941075852,0.00974980885220166,-0.976325641125334,-0.603050539930755,0.694143931109334,-0.735182512335809,-0.673195464551723,0.200720831761271,8,0.500769876729591,0.232209684884149,0.233375454266088,-0.608719312945949,0.184944375824271,-0.511787761521905,0.669199992597877,0.401662171101209,0.34865824076181,4839.0000000001,3.26636623881716,0.102654057049215,4576.0000000001,0.909434561988303,4.17580080070546,0.0586903568391626,0.242795879435335,0.123574526850567,-0.701937633777279,-0.650058895675075,-0.479766777653827,0.491745460171514,-0.609967775828913,0.451574082464585,-0.241266039930551,0.339246475502329,0.702193390049335,0.00567267932794118,68.0000000001,0.3857421876,0.00567267932794118,68.0000000001,0.3857421876,0.28776295737644,0.309670881576724,1e-10,-0.198368365076549,-0.3154751024923,-0.0566356321505144,-0.383089883447414,1,0.867841683603147,0.975277852907369,0.986233363658323,0.989828666406973,-0.625143449398382,0.470261740963799,0.724623958957675,-0.585777029789501,-0.585777029789501,0.682501632241518,0.739432909925381,0.137142937853324,0.350705825590201,1.14266845252185,-0.369457162597323,1.56088011838978,1.71342370725197,0,4839.0000000001,0.0459083679861527,0.0127819887530098,0.356550040032611,4.30315567843576,17932.454332533,5.82076609134674e-11,404,1,"SNETWORK (1 318 17932.454332533 0.356550040032611 13000080 404)",13
56,13000081,-0.486588941164158,99,0,0,0,0,0,-0.188337331361867,-0.0148435335490153,-0.331968067808317,-0.0124779090280924,0.958561025770018,-0.642532377060665,0.907716302957961,0.958561025770018,0.958561025770018,-0.317732294721516,0.235715144683181,0.411501097884122,0.364489379644125,0.0616476515672238,0.442037567785408,-0.329724348592432,0,0,-0.486588941164158,2,0.156512464443432,-0.342973814829373,-0.340102366813168,-0.780350878555868,-0.499528599050312,0.092304176252549,-0.0126221786228252,-0.601835872733758,0.316279583598355,2481.0000000001,1.25550343475401,0.206790091814382,7603.0000000001,2.51556010778499,3.77106354243901,0.0815018153169534,-0.29068243959672,-0.00197463500141886,-0.385935026069497,0.47985908353923,-0.11708452870273,-1.93314468345821,0.154851598514274,-2.71106985633029,0.172198756442088,-1.96273483010356,-2.07840155764577,0.924230239070588,34.0000000001,31.4238281251,0.924230239070588,34.0000000001,31.4238281251,1.06774781700817,1.05878096664366,1e-10,-0.130151699133819,0.104925121644746,-0.0937028516283927,-0.0171582612854892,-0.0232557920329049,-0.145374652181789,-0.0247221470926315,-0.0137666363416772,-0.0101713335930266,-0.297883043287139,0.6124762580987,0.0134011971053154,-0.293918012138596,-0.293918012138596,0.313501412535772,-0.0917882852881754,-0.615854426745732,-0.611836624032657,-0.0102894187647087,-0.795375105249878,0.32016566174129,0.124410385679981,0,7603.0000000001,0.0271344695698111,0.0543673456471424,0.953096939968141,0.0250938395038247,6317.62483426464,0.00048828125,83,1,"SNETWORK (1 56 6317.62483426464 0.953096939968141 13000081 83)",13
318,13000082,0.642546163986106,228,0.826606769083661,0.576140491778701,0.449959143780463,0.448153051499128,0.45024912066774,0.949130010894598,0.964602940728412,0.648401003298899,0.623266628270954,-0.0542784431152031,0.346653224171855,-0.11522420377771,-0.0542784431152031,-0.0542784431152031,-0.776041862437656,-0.883429343642885,-0.738925350706317,-8.49152786020568e-05,-0.963997335591364,-0.603050539930755,0.694143931109334,-0.735182512335809,-0.673195464551723,0.642546163986106,8,-0.186929576755763,0.0925320437191729,0.092723162792989,0.161088355308804,0.628288850259711,-0.171819823427153,0.623170934013727,0.0646043174597013,0.265968538861679,5298.0000000001,2.728045081351,0.0882618548769845,1207.0000000001,0.206247950469964,2.93429303172096,0.045770864130891,0.09181434540665,-0.0893956922180667,-0.123658554794314,0.0244368577551245,-0.2804486128027,-1.00013638745143,-0.294077493212538,-1.01301361965536,0.245754327965439,0.0857207555084614,0.171551264643886,0.214768629907692,26.0000000001,5.5839843751,0.214768629907692,26.0000000001,5.5839843751,0.0607427311238941,0.0018368047225626,1e-10,1.0347545781107,0.698067207511891,0.116444269360687,1.06248640701354,1,0.955946779738605,0.975277852907369,0.986233363658323,0.989828666406973,-0.288821892438209,0.480685443145129,0.0633911435058533,-0.285389091136358,-0.285389091136358,0.337199381032249,-0.495687422320167,-0.505027562805631,-0.475524201831041,0.0844724473751374,-0.694442371518893,0.969545438602869,0.356523049365802,1172146761.01066,5298.0000000001,0.0425536846996847,0.00321717933120629,0.923666271975642,1.80605200000568,18604.5418136852,5.82076609134674e-11,348,1,"SNETWORK (1 318 18604.5418136852 0.923666271975642 13000082 348)",13
318,13000083,0.415734025826893,171,0.826606769083661,0.576140491778701,0.449959143780463,0.448153051499128,0.45024912066774,0.935309896329356,0.95783960170271,0.481924003326073,0.642195164692291,-0.0268586988331473,0.344424573691309,-0.103764346349928,-0.0268586988331473,-0.0268586988331473,-0.257823992140038,-0.888333669457923,-0.739229082090626,-0.0280998018593838,-0.965060441964724,-0.603050539930755,0.694143931109334,-0.735182512335809,-0.673195464551723,0.415734025826893,8,-0.377105850868917,0.215853036446418,0.216863967587711,0.671684479626408,0.401746522868306,-0.0550887098276661,0.642005807876261,-0.356173940997927,0.0817354767415878,1136.0000000001,0.179762149604522,0.422576270500593,9099.0000000001,7.44402961747804,7.62379176698256,0.108466195710927,0.2243035849878,0.137924463815002,0.349557659690463,0.0540961662413742,0.703307047649113,-0.0142052114164763,-0.28011063379112,0.0165121657463727,0.279181577524841,0.00383525105811212,0.00358216577649659,0.850360945259314,51.0000000001,43.368408203225,0.850360945259314,51.0000000001,43.368408203225,2.19861604249303,1.58497560563618,1e-10,-0.375027890054272,-0.647560193139044,-0.507342008989329,-0.478286934601985,1,0.955946779738605,0.975277852907368,0.986233363658323,0.989828666406973,0.339158291798128,0.167697764524841,0.256182522976198,0.371012359154984,0.371012359154984,1.55119939270168,-0.27835159713029,-0.228425642562849,-0.135740547864467,0.0264415110932919,-0.292198375657813,0.389863980870565,0.297836575793081,0,9099.0000000001,0.00255753528792551,0.105908660323001,0.635084631849577,3.09749054856599,18262.5447120424,5.82076609134674e-11,320,1,"SNETWORK (1 318 18262.5447120424 0.635084631849577 13000083 320)",13
137,13000084,0.393365294321428,127,-0.166057912338905,-0.453200003638288,-0.550040856219537,-0.551846948500872,-0.54975087933226,-0.0240292857263361,-0.0585838189009999,-0.601757315609389,-0.400348293998243,-0.0799942130370472,-0.0195858456929973,0.150801518886174,-0.0799942130370472,-0.0799942130370472,-0.816105485169465,0.157157312652896,0.0537668072302753,-0.681259461101991,0.122053626669061,0.0244718896476977,-0.0463928842676715,0.415324305327625,0.335969349634022,0.393365294321428,1,-0.0918436268465586,0.438805130298152,0.442788350513364,0.498667153511048,0.381857869266637,-0.0759801515428625,-0.400559229558827,0.161062891760195,0.160825062610119,4116.0000000001,1.22395778646316,0.0769849500539794,4160.0000000001,0.592156508439627,1.81611429480279,0.0218849971962663,0.496557216798517,-0.382679962976907,-0.599283941656356,-0.0567657773926332,-0.190753610637703,-0.514440970315664,-0.403588662715736,-0.404886594673702,-1.32231430316641,0.384163017676048,0.188017290636485,0.429209607812766,47.0000000001,20.1728515626,0.429209607812766,47.0000000001,20.1728515626,1.18560812045527,0.957551314243431,1e-10,1.06686521733767,0.582806830083763,0.1711174012391,0.802537946000432,-1.03276561575505e-16,0,-0.0247221470926315,-0.0137666363416776,-0.010171333593027,-0.0842578610097545,-0.433856501971402,1.14441415324665,-0.086032343664692,-0.086032343664692,-0.495974259421156,0.168205857626542,0.689954004639019,0.66630776323517,0.309514389374292,0.800512365064398,-0.410597991052837,-0.199815678139849,4011150926.34738,4160.0000000001,0.0147492438546628,0.00713575324160354,0.516787679810314,0.229753034131136,5106.66747475055,0.001953125,119,1,"SNETWORK (1 137 5106.66747475055 0.516787679810314 13000084 119)",13
137,13000085,0.580418021951166,153,-0.166057912338905,-0.453200003638288,-0.550040856219537,-0.551846948500872,-0.54975087933226,-0.00805231127682099,-0.0469568282718394,-0.686349926336618,-0.409531425832043,-0.132346276562566,0.0168443161300702,0.111063641993993,-0.132346276562566,-0.132346276562566,-1.50186089089085,0.15376032783511,0.0345430588203536,-0.704028064290637,0.121749854322608,0,0,0.264817487664191,0.333376028400019,0.580418021951166,1,-1.18349768697342,-1.5183882303361,-1.44530351504434,-0.37528104701301,0.568697583210896,1.05978473143785,-0.409565200372059,-0.705438383880608,0.110902361350438,313.0000000001,0.0641833639886068,0.161120792837358,279.0000000001,0.0831176275094519,0.147300991398059,0.0077856071818966,-0.87712326201078,-0.325413253393021,0.719583576581226,0.95951409297751,0.83731216258588,-0.688795326785424,1.79030886927152,-2.32324625075969,0.814591681770157,-4.05020558160193,-1.89070544918696,0.502197265725,9.0000000001,4.519775390725,0.502197265725,9.0000000001,4.519775390725,0.10721939683096,0.430043228681854,1e-10,0.118633441771753,0.317347758225048,1.73453253813744,0.286836692355906,-1.03276561575505e-16,-6.2602913664822e-16,-0.0247221470926315,-0.0137666363416772,-0.010171333593027,-0.396292581934143,0.0326957700540335,-0.329509783186727,-0.384954183133551,-0.384954183133551,0.53443444334991,0.260938798088495,0.682246355679687,0.871449252548552,0.477130120822864,0.704576623620013,0.306183953889,-0.111136747738356,0,313.0000000001,0.00339241744422442,0.00439318963767218,0.604703014555626,1.96031791488739,5259.37303166515,0.001953125,240,1,"SNETWORK (1 137 5259.37303166515 0.604703014555626 13000085 240)",13
318,13000086,0.220134045066052,125,0.847990630531859,0.546799996361712,0.449959143780463,0.448153051499128,0.45024912066774,0.93187953754191,0.962980588039762,0.594263408842864,0.668247956211984,0.000529864869427241,0.388587843870684,-0.0876051760038615,0.000529864869427241,0.000529864869427241,0.110276466364915,-0.897263654723873,-0.746675594654152,0.000915244868607264,-0.977388511702448,-0.603050539930755,0.694143931109334,-0.735182512335809,-0.673195464551723,0.220134045066052,8,0.702044095932633,0.484764351799917,0.489578979318158,-0.586339395302169,0.208883426529929,-0.289515697761001,0.668090987189199,2.02632053736283,0.144245063468612,6242.0000000001,1.7431471282172,0.10282481091689,4246.0000000001,0.845253992107081,2.58840112022428,0.0301430101775498,0.558444304480188,-0.685305311263799,-0.4526497725451,-0.138599925822437,-0.500583461135652,-1.15644894502391,-0.553134883206283,-0.878823727082888,-0.13537288041918,-0.274122665140854,-0.574575045121513,0.00293543208529412,85.0000000001,0.24951171885,0.00293543208529412,85.0000000001,0.24951171885,0.293712482374041,0.313748787210355,1e-10,0.948927396113486,0.705147657405568,2.04549295573544,1.14860835907474,1,0.911894231670874,0.975277852907368,0.986233363658323,0.989828666406973,0.19199714447132,-0.694068207048483,-0.656170175798131,0.205015963978439,0.205015963978439,-0.302350433193519,-0.109649716012971,0.433171526457833,0.228921937844714,-0.149287461391426,0.688766277866659,-0.485814724212203,-0.776762665651265,3725618.43017304,6242.0000000001,0.0202996749773334,0.00984333510021632,0.394002493695224,2.3955882333684,17976.8391055783,5.82076609134674e-11,339,1,"SNETWORK (1 318 17976.8391055783 0.394002493695224 13000086 339)",13
318,13000087,0.468595279066801,181,0.826606769083661,0.576140491778701,0.449959143780463,0.448153051499128,0.45024912066774,0.943807509620753,0.961336222905676,0.571099054940831,0.639078046650339,-0.0337309143488787,0.356109347521804,-0.103260688880667,-0.0337309143488787,-0.0337309143488787,-0.292389409584872,-0.900021728394466,-0.752095374255666,-0.0282306716768371,-0.976248823194029,-0.603050539930755,0.694143931109334,-0.735182512335809,-0.673195464551723,0.468595279066801,8,-0.890418585895645,-1.13524432020589,-1.09772758196348,-0.339467367428355,0.450482774562152,-0.0985308270830687,0.639113892040695,-0.835521374245903,0.231575424706736,1776.0000000001,0.796241395303628,0.0566024982399831,569.0000000001,0.062352976193246,0.858594371396874,0.0338018911607785,-0.738154642306247,0.117691187689985,-0.501491379814588,0.281317745880247,-0.139676338404899,-1.39127004580867,0.576075594156114,-3.53595382096261,1.24030041598562,0.290916861951495,0.590191343276429,0.741315569296429,21.0000000001,15.567626953225,0.741315569296429,21.0000000001,15.567626953225,0.37526788865836,0.786277719321176,1e-10,-0.729518367399617,-1.08070399632623,-0.548449821188618,-0.578742214378751,1,0.955946779738605,0.975277852907368,0.986233363658323,0.989828666406973,0.49238426163422,0.704261470184991,0.519723257988846,0.552459453096198,0.552459453096198,1.49400148416646,-0.838551532870764,0.269280349748637,0.435489903902877,1.0529040156926,-0.14563152347337,1.05875658538966,0.524159044919556,10.5708360959419,1776.0000000001,0.0313471247873452,0.00245476627343329,0.689678057924571,0.323872783434564,18327.2431920921,5.82076609134674e-11,335,1,"SNETWORK (1 318 18327.2431920921 0.689678057924571 13000087 335)",13
318,13000088,0.612982321690974,221,0.826606769083661,0.576140491778701,0.449959143780463,0.448153051499128,0.45024912066774,0.950020458586396,0.964233658871384,0.656830690339027,0.625439239687758,-0.0519309761753396,0.349766165195737,-0.112922883703341,-0.0519309761753396,-0.0519309761753396,-0.668782704562656,-0.890564244451234,-0.746434181373992,-0.0149066606496868,-0.968913812453323,-0.603050539930755,0.694143931109334,-0.735182512335809,-0.673195464551723,0.612982321690974,8,-0.00909032508730743,0.188590857428789,0.189367207783388,0.0128705745103182,0.599887654623761,-0.149198573693914,0.625345451204726,0.341588577444342,0.108312364957908,7891.0000000001,1.65470051920982,0.0659251208777501,5402.0000000001,0.68946914520352,2.34416966431334,0.0340362843723724,0.193971789607595,2.48284808916888,0.797055186886416,-0.172634341599965,-0.264943230174288,-0.325047135362055,-0.32757949299269,-0.305511446116736,0.19909630454217,0.419712671714691,0.845076173971671,0.195591517957143,56.0000000001,10.9531250001,0.195591517957143,56.0000000001,10.9531250001,0.173741057153599,0.0267329394309635,1e-10,1.18385259558089,1.16713744980578,0.460068731231954,2.19249514665177,1,0.955946779738604,0.975277852907367,0.986233363658322,0.989828666406972,-0.812794146373344,0.47431947925629,0.243511084757919,-0.739702317811404,-0.739702317811404,0.078220967905744,0.252241081995273,-1.14703377343124,-1.1911030089692,-0.281739019950666,-1.37240243672914,1.69765344158224,1.46685148211908,22673611914.5882,7891.0000000001,0.0240255038335563,0.0100107804388161,0.885587507015318,1.34970194753259,18559.4148012915,5.82076609134674e-11,406,1,"SNETWORK (1 318 18559.4148012915 0.885587507015318 13000088 406)",13
319,13000089,-0.173314465130653,23,0.849676501735058,0.527879359151426,0.423921895297046,0.422083328008158,0.425620192291929,0.86353418549755,0.877255730745643,0.538054753954767,0.777979439379107,-0.0139226873404893,0.366631061841963,-0.0439250302719531,-0.0139226873404893,-0.0139226873404893,0.274968463001178,-0.733522549294069,-0.541362142434748,0.421973114425798,-0.875052396079874,-0.604424467785202,0.699593179675348,-0.759818089809216,-0.694672009762475,-0.173314465130653,8,0.584605031077339,0.460825724290919,0.46519847193337,-0.472500627443606,-0.189497897749984,-0.690052785465928,0.777854949330541,0.156603629222034,0.281586770335637,6688.0000000001,3.64600980761382,0.129691594863647,2449.0000000001,0.614907708489162,4.26091751600298,0.0505116317739512,0.525948515983022,1.1706189473919,-0.47792221161591,-0.492551916650504,-0.622544968996828,-0.381123326500966,-0.822108763660719,-0.295611188318551,-0.65409639024658,-0.356975673221074,-0.806062033225356,0.169148137119231,65.0000000001,10.99462890635,0.169148137119231,65.0000000001,10.99462890635,0.175553636453943,0.0661278504974905,1e-10,-0.344657204105514,-0.632425610867918,-0.441699313347423,-0.569933557883451,1,0.867841683603147,1.11446852592804,1.12323690396323,1.18436031392693,-1.01951412637728,0.341755606621797,0.749389030256713,-0.898792516998382,-0.898792516998382,1.39272990804538,-1.26540911311535,0.653398836332419,0.998547291628687,1.89939487043592,-0.0602254399732721,0.0643754793728004,0.556067402898244,0,6688.0000000001,0.0432221238241273,0.00728950784982385,0.690480280439572,3.97278157618209,17337.9131789916,1.16415321826935e-10,434,1,"SNETWORK (1 319 17337.9131789916 0.690480280439572 13000089 434)",13
328,13000090,0.88383870084327,281,0.833942087661095,0.661934694919581,0.679648502105189,0.676245639047415,0.674971766192546,0.855426514131873,1.0242666206936,0.0129101839221234,0.0880069281325237,-0.0564375639204584,0.260910216559742,-0.27878489269393,-0.0564375639204584,-0.0564375639204584,-4.53222079321929,-0.0975238401739359,0.0179438369080157,1.08634781361772,-0.351527504780215,-0.560339494672534,0.667148486569063,-0.788859635579387,-0.682989322922567,0.88383870084327,8,0.29089602030076,-0.608614905889393,-0.599024934749821,-1.1199336402957,0.867103642106479,-0.293286317321395,0.0878242998644271,-0.431454004088868,0.175538672050761,1289.0000000001,0.438061461118468,0.0564683351649747,33.0000000001,0.00360768205767022,0.441669143076139,0.0116586099193347,-0.470499141760819,-0.836711273547211,-0.186254463961498,-0.527765488599968,-0.293579282586392,0.654796764330856,0.00783046728545012,1.14220699615798,0.135386795817507,1.15827720169675,1.40799711749816,0.781939338335294,17.0000000001,13.2929687501,0.781939338335294,17.0000000001,13.2929687501,0.275927880768309,0.846798338007679,1e-10,0.986044029596093,0.621153200032377,0.231115143087713,1.14309010815804,1,0.955946779738604,1.49113557642077,1.50208271919841,1.53430165797082,0.14702108634137,-0.771235801359852,0.0200810397758148,0.155840566430877,0.155840566430877,-0.296722204820292,-1.7252826933109,0.612476528251232,0.563807009968661,-0.109917442512454,0.910222115019675,-0.00163449124468049,0.115310863440035,5618816989.48777,1289.0000000001,0.0115633789050506,9.52309142841866e-05,0.328284569875363,0.908386511015311,18940.9957922472,2.91038304567337e-11,488,1,"SNETWORK (1 328 18940.9957922472 0.328284569875363 13000090 488)",13
137,13000091,0.207202341325513,103,-0.169336007143403,-0.45983907781187,-0.612877153222713,-0.614349237474709,-0.609405455638136,0.0135806496333113,-0.0204616054072322,-0.269799442178657,-0.383634547656206,-0.0164748932284858,0.0211045288440468,0.0414684733363561,-0.0164748932284858,-0.0164748932284858,0.161384536585818,0.0965339358270163,0.00921209328208093,-0.733774358645759,0.0707470392272613,0.0677281446396492,-0.117429098893948,0.617705950750841,0.326804535448277,0.207202341325513,1,-1.42267195449796,-1.84287619024433,-1.72724841468229,-0.413061789887858,0.196201037078851,0.41479385611345,-0.383813691030387,-1.01402066529392,0.100580528478487,1.0000000001,0.000185973682546264,0.279642660270794,8.0000000001,0.00413647845684694,0.0043224520393932,0.000294206779441028,-0.967775208021911,0.201501001914411,-0.0225524644461362,0.35120016617857,1.5403314257193,3.07563690742418,1.67416455373191,13.7033728756595,0.802363827290078,7.4945257586395,3.81737561454341,0.739677233673718,1e-10,1e-10,0.739677233673718,1e-10,1e-10,0.304609282638464,0.318121945193116,1e-10,-0.265527291550611,-0.221849980956096,-0.286219690348862,-0.188490482301229,0,-0.0371184447834147,-0.0247221470926318,-0.0137666363416772,-0.0101713335930266,0.0601736674298911,-0.0990386663016067,-0.0676001631815424,0.0628860674319945,0.0628860674319945,1.25265346155868,0.223740639041762,-0.750875212562844,-0.867999482643297,-0.757278839314482,-0.595996595661066,1.33739040782138,0.376502742759934,0,8.0000000001,1.26582483627034e-05,0.000281548431078325,0.431679524045911,0.996490779332817,4958.83787981551,0.001953125,196,1,"SNETWORK (1 137 4958.83787981551 0.431679524045911 13000091 196)",13
328,13000092,0.827097853074599,269,0.833942087661095,0.661934694919581,0.679648502105189,0.676245639047415,0.674971766192546,0.845930009366671,1.01784654396138,0.284552808769214,0.0923910472424407,-0.0459031124695983,0.246305408248637,-0.269886930897994,-0.0459031124695983,-0.0459031124695983,-1.0912596478417,-0.108739922802271,0.0108047949765744,1.0342088341884,-0.355511643503776,-0.560339494672534,0.667148486569063,-0.788859635579387,-0.682989322922567,0.827097853074599,8,-0.0274451597902178,0.220161903496473,0.2212126054841,0.0824003350560042,0.812487312681472,-0.612214797080482,0.0922028770869709,2.21151847598403,0.334904507573782,5328.0000000001,3.45457424186717,0.152303535938716,3377.0000000001,0.995750121736972,4.45032436350415,0.0631131298094619,0.229153495852269,-0.691176402429162,-1.0501176836411,-0.590754520100303,-0.440869155310213,0.437255489201838,-0.687061472323116,0.405451701328257,-0.926077429338483,0.0353623538079687,0.0421619486618342,0.534986413143478,46.0000000001,24.6093750001,0.534986413143478,46.0000000001,24.6093750001,0.770143620353974,0.478891957761392,1e-10,0.0605755885787329,0.0510683402465707,-0.159865853072054,-0.0380659798546925,1,0.955946779738605,1.27717508738715,1.28529677079185,1.31366454417867,-0.214703385281723,0.599001364303263,-0.245112808803453,-0.214677140064687,-0.214677140064687,0.327755007922266,-0.463056240717107,-0.695066583472082,-0.663017232805468,0.0573999276912201,-0.936635107213827,1.94660512321641,0.906989098432845,0,5328.0000000001,0.0489917081111011,0.0141214215983608,0.229413301855261,5.76469084154814,18866.9092881459,2.91038304567337e-11,476,1,"SNETWORK (1 328 18866.9092881459 0.229413301855261 13000092 476)",13
318,13000093,-0.0329558809056649,60,0.849676501735058,0.527879359151426,0.449959143780463,0.448153051499128,0.45024912066774,0.909328192134879,0.947652418333854,0.498681294776596,0.6838944346855,0.0167443248162292,0.387432263272504,-0.0895659642639237,0.0167443248162292,0.0167443248162292,0.169730356266258,-0.83934351294792,-0.679512895191172,0.103560633836138,-0.93518100495976,-0.604424467785202,0.699593179675348,-0.759818089809216,-0.694672009762475,-0.0329558809056649,8,0.391825580212736,-0.105174068434111,-0.104918238429601,-0.808814246539662,-0.0465563517346223,-0.313124163653657,0.683735562526663,0.0665070980418942,0.104822935824629,5406.0000000001,1.09708854776867,0.143969173642381,2406.0000000001,0.670616842071582,1.76770538974025,0.0319655895104391,-0.0970484593819805,3.30613711563034,0.662742256857878,-0.0675867148746527,-0.100305659065362,-0.192769232937845,-0.299026651560522,-0.220839605614619,0.282029301447418,0.776441816421261,1.62914194192213,0.274315086670946,37.0000000001,10.149658203225,0.274315086670946,37.0000000001,10.149658203225,0.747870219422095,0.726792020548061,1e-10,0.466444401268258,-0.0108791258119884,-0.190825533800714,-0.235692554133191,1,0.867841683603147,1.15216222552792,1.16418216806137,1.17853025420361,-0.650769660948378,0.543545790201752,0.311629831780099,-0.607352707275551,-0.607352707275551,0.382950969576894,-0.804335090644924,0.585645400534005,0.83494869864617,1.58838889052838,0.00724205065219001,1.1599296566869,1.31204237465851,0,5406.0000000001,0.0198387594828845,0.0121268299275546,0.0530002954094396,1.64081685894991,17572.7185821222,5.82076609134674e-11,322,1,"SNETWORK (1 318 17572.7185821222 0.0530002954094396 13000093 322)",13
137,13000094,0.434554893608064,132,-0.166057912338905,-0.453200003638288,-0.550040856219537,-0.551846948500872,-0.54975087933226,-0.0272204176367974,-0.05608544648258,-0.630034848535637,-0.40169472881192,-0.0888841790050615,-0.0125205966699631,0.133954433577916,-0.0888841790050615,-0.0888841790050615,-0.883808498759289,0.155081969154835,0.0499995881625289,-0.685989779200539,0.120675212814515,0,0,0.264817487664191,0.333376028400019,0.434554893608064,1,-0.339171754051721,-0.805669840862582,-0.7881123935088,-0.677918247032347,0.41965941747721,-0.353575185389892,-0.401895222459025,0.339335656570897,0.0896703488991083,1758.0000000001,0.291477525878102,0.0648743917842599,497.0000000001,0.0596165764500517,0.351094102228153,0.0107567791357318,-0.582945183910757,2.03123241424731,2.26494640723545,-0.20889783199573,-0.238363902794871,-0.155219381486021,0.0730201105758787,-0.288366963117987,-0.699617484344681,-1.5069776609506,-0.723637865664943,0.0557411596394737,19.0000000001,1.05908203135,0.0557411596394737,19.0000000001,1.05908203135,0.258356523786147,0.235079688370405,1e-10,0.342618082900469,0.289007614973628,-0.103555416389955,0.329178594386889,1.03276561575505e-16,0,-0.0247221470926312,-0.0137666363416772,-0.010171333593027,0.019897900857451,-0.62029022165103,0.994652890673818,0.0206568590529889,0.0206568590529889,-0.733758228348239,0.238457103731187,1.20341103060321,1.14147189950841,0.434921325163657,1.42820770250126,-0.724169175457223,-0.336321813172349,0,1758.0000000001,0.00893025351229748,0.00182652552343436,0.537690334200215,1.73901582985964,5142.97458191052,0.001953125,182,1,"SNETWORK (1 137 5142.97458191052 0.537690334200215 13000094 182)",13
318,13000095,0.579684999235938,212,0.826606769083661,0.576140491778701,0.449959143780463,0.448153051499128,0.45024912066774,0.956679095018432,0.968233917632988,0.709189234995947,0.632577937285335,-0.0449235579155382,0.370804775898626,-0.108342650355382,-0.0449235579155382,-0.0449235579155382,-0.383540929646253,-0.918003037013849,-0.774555672054319,-0.042668070153602,-0.991616541005309,-0.603050539930755,0.694143931109334,-0.735182512335809,-0.673195464551723,0.579684999235938,8,-0.0427611250388788,0.041775284568,0.04181484088539,-0.123655205029456,0.570744827337156,0.226989512617337,0.632422931037942,-0.115519373728605,0.0857105557287264,3040.0000000001,0.504448942279752,0.112478320466513,1130.0000000001,0.246068820579118,0.75051776275887,0.0121593540535979,0.040678777622808,-0.132341532958521,1.581494994997,0.134368652703219,0.278398841353773,-0.202420593275261,-0.00579819117751432,-0.290746919686046,0.624982293285687,0.00383525105811212,0.00358216577649659,0.138720703225,30.0000000001,4.16162109385,0.138720703225,30.0000000001,4.16162109385,0.122860889969814,0.111458137861022,1e-10,-1.58164509403127,-1.79688325450254,-0.998723981915593,-0.715619876296801,1,0.955946779738605,0.975277852907368,0.986233363658323,0.989828666406973,-1.5035162811125,0.174493785494936,0.860063388648026,-1.23216746213043,-1.23216746213043,2.77299428171419,-0.170023218197094,0.141038965574013,0.352376482680877,0.175089179003875,0.129654369630742,-0.215545852275736,1.03834735941717,0,3040.0000000001,0.0081727222787525,0.00398663167484537,0.844977444327564,0.307589745954065,18511.2879567332,5.82076609134674e-11,323,1,"SNETWORK (1 318 18511.2879567332 0.844977444327564 13000095 323)",13
56,13000096,-0.774613630339666,60,0,0,-0.0539298651555209,-0.0526282971591558,-0.0497659234028937,-0.305866611462613,-0.0459360389449178,-0.481876141733844,2.70796860381201e-06,1.00118427941391,-0.681015132821192,0.929267197190527,1.00118427941391,1.00118427941391,0.00111204752669204,0.16941899157452,0.337003238861826,0.173250252937839,0.0229102054683815,0.396949460069245,-0.3182243350896,0.145121969788322,0.0313608172450206,-0.774613630339666,2,-0.337240078951843,-0.317441221259247,-0.314995273757573,-0.14314836530262,-0.778873411199815,0.52295958225013,0.000191700209758271,0.0569356678175862,0.304286892367823,2310.0000000001,1.12464435392093,0.189204575684005,3288.0000000001,0.995367431331494,2.12001178515242,0.0449484612820363,-0.271476706713011,1.40781847121443,1.79145475066519,0.130146453050698,0.411644479899664,0.557843575311158,0.416851458039986,0.780446901143773,0.462882139291397,-0.516753500758087,-0.555712819195661,0.669601966694828,29.0000000001,19.41845703135,0.669601966694828,29.0000000001,19.41845703135,0.543443261036784,0.679439981209419,1e-10,-1.830085306982,-2.10091256670631,-1.09694365566511,-0.706416371132068,-0.0232557920329049,-0.145374652181789,-0.0247221470926322,-0.0137666363416772,-0.010171333593027,0.446445853252602,0.301120606542146,-1.17075555790042,0.497112672745723,0.497112672745723,-3.56695480075919,-1.72235815415158,-0.459891235899815,-0.527018153908595,-1.0412286282967,-0.059066626893436,-0.529250792916337,0.0942618744057862,0,3288.0000000001,0.0238446943728033,0.021103766809233,0.671875137014087,1.49255161199702,6092.67307566374,0.00048828125,61,1,"SNETWORK (1 56 6092.67307566374 0.671875137014087 13000096 61)",13
137,13000097,0.316586017357381,115,-0.169336007143403,-0.45983907781187,-0.585138056887849,-0.587070912494495,-0.584419668319597,-0.0193055901003494,-0.0477645347738063,-0.477013727299945,-0.395286362140826,-0.0594047420383526,-0.0146121192924355,0.134822911266971,-0.0594047420383526,-0.0594047420383526,-0.502935186557739,0.145860236557387,0.049334958411672,-0.683465741688073,0.111509415158817,0.0244718896476977,-0.0463928842676715,0.415324305327625,0.335969349634022,0.316586017357381,1,-0.705962838685229,-0.666801871684026,-0.655140919957757,-0.0348606190835438,0.30128702588414,-0.0038016705602427,-0.390961253046452,-0.603431111104476,0.227312329618769,5029.0000000001,2.113693310079,0.0947026909736337,165.0000000001,0.0288923993755723,2.14258570935457,0.059097337931753,-0.505413631270172,1.85543582364962,2.67610832476627,0.25874075154854,-0.340559827482867,-1.63716602779233,0.306563323810835,-2.92381598770219,-0.41387759381482,-0.611128492590056,-0.284701446566913,0.417790339643269,26.0000000001,10.862548828225,0.417790339643269,26.0000000001,10.862548828225,0.779003934463305,0.9405390775427,1e-10,0.247457536110029,0.124498687819668,0.154503257940412,0.0359601202843873,1.03276561575505e-16,0,-0.0247221470926318,-0.0137666363416776,-0.0101713335930266,-0.379670030571665,0.00713609252413564,-0.551026370845502,-0.369779859706231,-0.369779859706231,0.65938690479218,0.372594507883461,0.195365787702935,0.187534498401909,0.429176024654748,0.0731519205377705,1.34204872640697,1.49393682762781,4.21174650205364,5029.0000000001,0.0583004204093212,0.000796917422431813,0.475403883812718,0.683749336691108,5034.78541192998,0.001953125,117,1,"SNETWORK (1 137 5034.78541192998 0.475403883812718 13000097 117)",13
56,13000098,-1.06930873045197,20,0,0,-0.0539298651555209,-0.0526282971591558,-0.0497659234028937,-0.323136842830837,-0.0522240419027982,-0.465133520118305,0.00772435735289176,1.01056909840263,-0.674050393331295,0.91049801334369,1.01056909840263,1.01056909840263,0.0918582657462765,0.152344202256536,0.319544518112109,0.121643493661569,0.0132363089058711,0.396949460069245,-0.3182243350896,0.145121969788322,0.0313608172450206,-1.06930873045197,2,1.10617598499117,0.108584846195592,0.108846985612845,-1.25848661607982,-1.08067827223004,-0.110285707446856,0.00753785576504119,-0.0954607540930049,0.432002442129559,10120.0000000001,6.99498354143672,0.0751585287724673,6346.0000000001,0.76312963682812,7.75811317816484,0.119573991662537,0.108388190554568,-0.0510433740798487,0.093099479061813,-0.24809891640913,0.106865917414461,0.904797148249259,-0.259922561178296,0.911415652305337,-0.307832920927392,0.83964202596384,0.917485813801659,0.64263916025625,56.0000000001,35.98779296885,0.64263916025625,56.0000000001,35.98779296885,1.26706756665898,0.639271238480846,1e-10,-2.54002438413425,-3.10471715277339,1.7662118608827,-0.740999336301119,-0.0232557920329049,-0.145374652181789,-0.0456386537822686,-0.0156235779160857,0,-4.64520884402794,0.0336360414310106,-0.0317615480828841,-2.48694931431391,-2.48694931431391,-3.46588315186901,0.969305175163995,-1.65397719609619,-1.8563025285675,-1.80531532368205,-1.27768090446472,-0.369985207668032,-0.0909905728220415,0,10120.0000000001,0.107812052203202,0.0117619393593342,0.371552580668507,1.94120699829541,5852.44245880616,0.00048828125,22,1,"SNETWORK (1 56 5852.44245880616 0.371552580668507 13000098 22)",13
56,13000099,-1.19621551419478,5,0,0,-0.0539298651555209,-0.0526282971591558,-0.0497659234028937,-0.323659641781947,-0.0529461721889036,-0.46018318578796,0.00801058142834922,1.01035885812574,-0.67396910946395,0.910217287558437,1.01035885812574,1.01035885812574,0.0961006980220111,0.151336453951379,0.318341005792291,0.118394168090518,0.0126883598372114,0.396949460069245,-0.3182243350896,0.145121969788322,0.0313608172450206,-1.19621551419478,2,0.665188223087966,0.570867739869518,0.57742580635867,-0.453503064357375,-1.19952316046157,0.646608694107224,0.0078234365569756,0.439176747320607,0.755392971866795,6726.0000000001,8.12923700505869,0.0779567543733878,169.0000000001,0.0210795064555063,8.1503165114142,0.0890281254825874,0.680170142175526,2.00920639182948,2.83491019600413,0.523599820589948,0.45222951945617,-0.398715964905705,-0.110252181517385,-0.286132945510383,-0.110245584770809,-0.0395795969840723,-0.0438022450658277,0.730197906594141,64.0000000001,46.732666015725,0.730197906594141,64.0000000001,46.732666015725,1.73632302305578,0.769714809453148,1e-10,-1.42785747660722,-1.31664571609515,-0.787323249395246,-0.714833389109721,-0.023255792032905,-0.145374652181789,-0.0456386537822686,-0.0156235779160857,3.8573928898018e-16,-3.80759191311143,0.0226304019216497,-0.127577095082187,-2.26547601520434,-2.26547601520434,0.949590334337401,-0.988023532546469,0.34582233578648,0.0179158853572346,-0.57426776679092,0.788008305338226,-0.244503231411791,0.675486677124501,0,6726.0000000001,0.0887978681978246,0.000230257184762811,0.26732454546962,2.98361974728732,5769.06954971014,0.00048828125,4,1,"SNETWORK (1 56 5769.06954971014 0.26732454546962 13000099 4)",13
137,13000100,-0.256750529175448,69,-0.169336007143403,-0.45983907781187,-0.612877153222713,-0.614349237474709,-0.609405455638136,0.02356285173021,0.0128631934969701,0.00417410261006213,-0.364048549281726,0.0800422971197354,-0.0292672544336747,-0.0170493621296297,0.0800422971197354,0.0800422971197354,0.509385625215092,0.00522044676992351,-0.078586070360529,-0.892111454172466,0.00375039817801355,0.0677281446396492,-0.117429098893948,0.617705950750841,0.326804535448277,-0.256750529175448,1,0.157209478189571,-0.503652304512982,-0.497235913365824,-0.920756098462992,-0.254827817703268,1.80303890172079,-0.364253212178691,-0.138223453552231,0.0667961723239852,180.0000000001,0.0222311243229981,0.138358582416582,4231.0000000001,1.08239673430759,1.10462785853059,0.0269402356146041,-0.403613111469785,0.366249469354707,0.550083639206418,1.57431641636095,1.22665944290276,-1.42369661681313,1.19084912685918,-2.24794445395362,0.470056728573142,-2.93392414979458,-1.57559784415228,0.897892878705769,26.0000000001,23.34521484385,0.897892878705769,26.0000000001,23.34521484385,1.32415315238865,1.65578789330927,1e-10,0.145300991877307,0.063571423572315,0.351284571534172,0.341277656460792,0,-0.044053220261396,-0.0124510797701289,-0.00693348305342988,-0.0163935935848192,0.788139409418783,-0.823820222307625,1.18975153637107,0.929182202543878,0.929182202543878,-0.192159641812215,0.482687050408383,-0.855493656640376,-1.02866886669551,-0.979912615910453,-0.623298215597203,-0.304663912401509,-0.437173900915392,1.52246485648648,4231.0000000001,0.000542184155280039,0.026398051359324,0.324597258938268,0.60955237260896,4772.84010165415,0.001953125,124,1,"SNETWORK (1 137 4772.84010165415 0.324597258938268 13000100 124)",13
318,13000101,0.180863714520904,114,0.847990630531859,0.546799996361712,0.449959143780463,0.448153051499128,0.45024912066774,0.930908047405681,0.963315441427382,0.606083348491087,0.670003376344491,0.00210970814830044,0.39308415124372,-0.0824885834276191,0.00210970814830044,0.00210970814830044,0.149918299604009,-0.893625318866891,-0.742019546001603,0.0146819951825092,-0.975689645939937,-0.603050539930755,0.694143931109334,-0.735182512335809,-0.673195464551723,0.180863714520904,8,0.282291669958326,0.452929510855715,0.457160699590661,-0.0802292743028361,0.168976476472633,-0.381418267373127,0.669947262336772,1.70095530921491,0.348748319550004,11866.0000000001,8.01172048473119,0.0844501543327505,2924.0000000001,0.478065206555966,8.48978569118716,0.101236279388503,0.515354529759443,-1.128722231104,-0.41430509242525,-0.550533104632003,-0.16706125766014,1.10891747039624,-0.599838702987806,0.860154835168674,-0.221170525982009,0.539465432798782,1.12278936342785,0.00839683667786885,61.0000000001,0.51220703135,0.00839683667786885,61.0000000001,0.51220703135,0.282239921625979,0.305612477048595,1e-10,0.563540195836002,0.187600499610231,0.144302024120227,0.0208403053817392,1,0.867841683603147,0.975277852907368,0.986233363658323,0.989828666406973,-0.58101008695698,0.435630227221643,0.8615601369333,-0.54819747614442,-0.54819747614442,-0.664933814427974,0.291404781114147,0.230083945039798,0.217985313102525,0.743461023178016,-0.0404921022595329,1.47122148239949,1.51367817579418,748299969.981322,11866.0000000001,0.095535600317336,0.00570067897116661,0.339487632192569,3.14421040252555,17912.233732131,5.82076609134674e-11,328,1,"SNETWORK (1 318 17912.233732131 0.339487632192569 13000101 328)",13
318,13000102,0.45187051252266,178,0.826606769083661,0.576140491778701,0.449959143780463,0.448153051499128,0.45024912066774,0.942499177879622,0.961168966773344,0.557181077608344,0.639403002882797,-0.0328671875698572,0.354945529891206,-0.10350557627349,-0.0328671875698572,-0.0328671875698572,-0.287227619722249,-0.899324117276489,-0.751375832054237,-0.0304696896392208,-0.975285612621819,-0.603050539930755,0.694143931109334,-0.735182512335809,-0.673195464551723,0.45187051252266,8,-1.03769088589033,-0.959580368865752,-0.933805382492812,0.105785621539307,0.433381238032805,0.160671486302787,0.639673892995914,-0.811669037304547,0.117581755350365,182.0000000001,0.041430545318774,0.0840573127263041,4469.0000000001,0.727269169819797,0.768699715038571,0.0264700613751017,-0.660114883892247,-0.328974052929949,-0.134891365175169,-0.191371208126765,0.0526493794033143,0.593062588795268,0.665922292084022,1.35630975652544,1.32473226359502,-0.134817870630054,-0.273211743809911,0.2149609376,25.0000000001,5.3740234376,0.2149609376,25.0000000001,5.3740234376,0.069912249937401,0.00212330153937691,1e-10,-0.377576826326034,-0.501588584822282,-0.46271005904825,-0.292756212245605,1,0.955946779738604,0.975277852907367,0.986233363658323,0.989828666406973,0.772034874151584,-0.277676242724721,-0.0737295698954283,0.907727426881168,0.907727426881168,0.9078398557702,-0.942355539851733,0.0745329327232726,0.129978810564437,-0.34199898975947,0.303988650421116,-0.124913837961769,-0.188324097744275,0,4469.0000000001,0.0014266547122233,0.0250434065628784,0.674851414563511,0.0341315288096666,18309.6721884262,5.82076609134674e-11,384,1,"SNETWORK (1 318 18309.6721884262 0.674851414563511 13000102 384)",13
137,13000103,-0.955579745420902,24,-0.169336007143403,-0.45983907781187,-0.612877153222713,-0.614349237474709,-0.609405455638136,-0.0324831718959194,-0.00230730197253404,0.000110480485147062,-0.358071980513458,0.141501904761281,-0.0911650783666195,0.000261772803037414,0.141501904761281,0.141501904761281,0.585220569277153,-0.0306442394165451,-0.114976344510952,-0.985318055822251,-0.018537153092452,0.0677281446396492,-0.117429098893948,0.617705950750841,0.326804535448277,-0.955579745420902,1,-1.45643197910228,-1.21743956908388,-1.17349562380087,0.484869107744138,-0.961657535569218,1.54394968800326,-0.358275218394423,-0.719991201705018,0.202734932648786,1617.0000000001,0.606144196530412,0.0969883574909959,999.0000000001,0.179152320210955,0.785296516641367,0.0329228428823393,-0.771350052339678,1.50603649717476,0.186476725520637,1.57654201939193,1.65548191961572,-0.263182040518232,1.74667694790036,-0.683675192258833,0.929801639568592,3.62516594227231,1.98566648745374,0.397974917863158,19.0000000001,7.5615234376,0.397974917863158,19.0000000001,7.5615234376,0.0256213416219269,0.274774499984526,1e-10,-0.00299795673400264,-0.00536453791091361,-0.175026344032204,0.265806988018911,-1.03276561575505e-16,-0.0440532202613966,0,0,-0.0227070388776269,0.759165669087735,-0.673633902101268,0.330192617267237,0.890663016282857,0.890663016282857,0.145297774353202,0.26931461346767,-0.338371095722901,-0.568807278312978,-1.02586438992664,0.0967973343756693,-1.15186063288363,0.0185905423041007,0,1617.0000000001,0.0254120445744453,0.00751079820789398,0.183830418166637,0.503630697298885,4528.33351042733,0.001953125,104,1,"SNETWORK (1 137 4528.33351042733 0.183830418166637 13000103 104)",13
137,13000104,0.314238682602538,114,-0.169336007143403,-0.45983907781187,-0.612877153222713,-0.614349237474709,-0.609405455638136,0.000203962244255509,-0.0425188028034142,-0.437519197936246,-0.390731230710596,-0.0460336302368361,0.00012389531821804,0.091313259519749,-0.0460336302368361,-0.0460336302368361,-0.191120552519675,0.129909954750326,0.0394397763818654,-0.695761123634861,0.0978131127643256,0.0244718896476977,-0.0463928842676715,0.415324305327625,0.335969349634022,0.314238682602538,1,-0.851243162984383,-0.527578774959748,-0.520500858950361,0.399749901880684,0.295981927967051,-0.34291609686711,-0.390933515601718,-0.586709772340385,0.169642615987775,1761.0000000001,0.552372006809903,0.0660740818332887,279.0000000001,0.0340857367304145,0.586457743440317,0.014562960500681,-0.419317261362099,2.57504391470759,-0.818960585701901,-0.0296052621846253,-0.250896308414903,-0.709206261774706,-0.0903323539850741,-1.13280112425341,-0.860682038691662,-1.53877106350165,-0.764193907784345,0.010650634865625,24.0000000001,0.255615234475,0.010650634865625,24.0000000001,0.255615234475,0.293445926594578,0.302254805814618,1e-10,1.66329040352686,1.2105028536708,0.703571955955408,2.30123582818305,0.0077083871191464,-0.064247727032765,0.0411361613861073,0.0417129507535385,0.0115870664591165,-0.934735366168245,0.0436046336560568,-0.723229908206811,-0.834832044259868,-0.834832044259868,-0.19157479624554,0.757533777536725,-0.254106404539908,-0.203106328000649,-0.0922130531514685,-0.266231659582356,0.509881583484498,-0.204323681789889,31129325804.9919,1761.0000000001,0.0137165409639634,0.000846419436717568,0.471680571849565,0.245565498138996,5028.31816217717,0.001953125,184,1,"SNETWORK (1 137 5028.31816217717 0.471680571849565 13000104 184)",13
140,13000105,-0.239033319719462,149,0.016376969797183,0.0406255841243769,0,0,0,-0.0957223196883946,-0.000258902213191754,-0.616312492517821,-0.0513971620406972,0.959525916989519,-0.74553315041036,0.991463430655652,0.959525916989519,0.959525916989519,-3.42061494198155,0.339207765946935,0.522457220634147,0.617803301805365,0.127989364083994,0.45221133369877,-0.305856068890666,-0.190739766812213,-0.0312046492625428,-0.239033319719462,2,0.57574735167948,0.312146479665849,0.314216979085655,-0.61450682813612,-0.250080286976305,-0.313091508694876,-0.0515747421351111,0.269564480666083,0.425925873080766,2266.0000000001,1.54423684517776,0.0927289980652052,2381.0000000001,0.353260390747948,1.89749723582571,0.0251267701186065,0.336439021284339,-0.458188320806468,-0.328432908670551,-0.303914465139554,-0.311026720105456,-0.0916464171976067,-0.49655189804374,-0.078676740927136,-0.752777980974204,0.0480563961836911,0.0482043567956475,0.117070587688028,71.0000000001,8.31201171885,0.117070587688028,71.0000000001,8.31201171885,0.0583970402646249,0.143712121623046,1e-10,1.56368043787857,1.09856814766899,1.89345767556451,1.67798164916733,1.03276561575505e-16,0,-0.0247221470926318,-0.0137666363416769,-0.0101713335930262,-1.70579357850603,0.249868779816907,-0.278788278885641,-1.35674522195483,-1.35674522195483,-0.131841222532822,0.332747473662043,-0.586319064180809,-0.687537191584666,-0.502395274004786,-0.504410317944295,0.353828913601731,0.067210446613958,17485435511.1565,2381.0000000001,0.020448875144573,0.00467789487403353,0.257669064398784,3.53125799459159,6613.49326808862,0.000244140625,272,1,"SNETWORK (1 140 6613.49326808862 0.257669064398784 13000105 272)",13
137,13000106,0.66898620272033,165,-0.166057912338905,-0.453200003638288,-0.550040856219537,-0.551846948500872,-0.54975087933226,-0.0162637465441154,-0.0473609086047569,-0.703925973438089,-0.421821992668544,-0.185455586553242,-0.0202865478326512,0.195765349501437,-0.185455586553242,-0.185455586553242,-3.19901664872042,0.183093469999756,0.0357717092490957,-0.703231593846621,0.149767635734624,0,0,0.264817487664191,0.333376028400019,0.66898620272033,1,-1.30710349685531,-1.01138864946591,-0.982422684289355,0.513230905171897,0.654694145279894,1.3297338164348,-0.422032443208915,-0.818699711032243,0.070741023697113,364.0000000001,0.0476113031668252,0.0736005684210253,722.0000000001,0.0982552376404257,0.145866540707251,0.0052248870659903,-0.684187872683472,-0.184898366185599,1.03844192793109,1.41485189607149,1.00052633936475,-1.57288410312796,1.44527467371969,-3.64234827702279,0.504672094631504,-0.455951332978013,-0.140817971825547,0.535454644197222,18.0000000001,9.63818359385,0.535454644197222,18.0000000001,9.63818359385,0.725532845103145,1.11583341082107,1e-10,0.506743415877602,0.674389225996287,1.58130606871648,0.987144144643019,1.03276561575505e-16,0,-0.0247221470926318,-0.0137666363416776,-0.010171333593027,-0.295724792423424,-0.527155865564772,0.95936196588636,-0.291888800101503,-0.291888800101503,-0.127588362594058,0.715785834397858,0.269425113650849,0.239796751109416,-0.0488461367990501,0.416908248678898,-0.724192127263271,-1.67502469670029,0,722.0000000001,0.00170541973362809,0.00351946723236221,0.643206202285873,0.43644032420235,5326.25158865829,0.001953125,242,1,"SNETWORK (1 137 5326.25158865829 0.643206202285873 13000106 242)",13
140,13000107,-0.379206287508841,119,0,0,0,0,0,-0.122416627132564,-0.0119036469670813,-0.465122839452779,-0.0324330117292378,0.973778392110999,-0.699975544801838,0.949033373040616,0.973778392110999,0.973778392110999,-1.32797755685468,0.291279279126647,0.469531609949537,0.486948825759635,0.099023282608882,0.45221133369877,-0.305856068890666,-0.190739766812213,-0.0312046492625428,-0.379206287508841,2,0.30054864371685,0.38875293279019,0.391912485748925,-0.184879679521286,-0.357486244070703,1.99208627226249,-0.0325837835983648,2.03613352258625,0.828175335744581,6072.0000000001,8.04588902094745,0.959886967146999,4742.0000000001,7.28285439647285,15.3287434173203,0.191728808541673,0.431495350776071,-0.464634209637464,-0.646237505171723,1.96195448074513,-0.0171445513552023,-6.31451714674778,0.518428818042649,-5.14536023782664,0.516594737436793,-1.34595523410417,-1.39154746495467,0.391276041766667,39.0000000001,15.2597656251,0.391276041766667,39.0000000001,15.2597656251,0.361822815142276,0.264794625259559,1e-10,-0.417715196117107,-0.265402354250388,1.89926710028717,-0.276060212817013,1.03276561575505e-16,0,-0.0247221470926318,-0.0137666363416769,-0.0101713335930266,0.437826831204497,0.817158731930005,0.0734096899626609,0.486819797447054,0.486819797447054,1.01862409521288,0.00421747316874144,-0.227789748725611,0.0913925677675285,0.554235304370862,-0.560733460734971,0.793136187629925,-0.546619610692511,0,6072.0000000001,0.100636345252412,0.091092463189261,0.0749855198873438,3.02081593343388,6430.32675932363,0.000244140625,287,1,"SNETWORK (1 140 6430.32675932363 0.0749855198873438 13000107 287)",13
318,13000108,0.220134045066052,125,0.847990630531859,0.546799996361712,0.449959143780463,0.448153051499128,0.45024912066774,0.93187953754191,0.962980588039762,0.594263408842864,0.668247956211984,0.000529864869427241,0.388587843870684,-0.0876051760038615,0.000529864869427241,0.000529864869427241,0.110276466364915,-0.897263654723873,-0.746675594654152,0.000915244868607264,-0.977388511702448,-0.603050539930755,0.694143931109334,-0.735182512335809,-0.673195464551723,0.220134045066052,8,0.702044095932633,0.484764351799917,0.489578979318158,-0.586339395302169,0.208883426529929,-0.289515697761001,0.668090987189199,2.02632053736283,0.144245063468612,6242.0000000001,1.7431471282172,0.10282481091689,4246.0000000001,0.845253992107081,2.58840112022428,0.0301430101775498,0.558444304480188,-0.685305311263799,-0.4526497725451,-0.138599925822437,-0.500583461135652,-1.15644894502391,-0.553134883206283,-0.878823727082888,-0.13537288041918,-0.274122665140854,-0.574575045121513,0.00293543208529412,85.0000000001,0.24951171885,0.00293543208529412,85.0000000001,0.24951171885,0.293712482374041,0.313748787210355,1e-10,0.948927396113486,0.705147657405568,2.04549295573544,1.14860835907474,1,0.911894231670874,0.975277852907368,0.986233363658323,0.989828666406973,0.19199714447132,-0.694068207048483,-0.656170175798131,0.205015963978439,0.205015963978439,-0.302350433193519,-0.109649716012971,0.433171526457833,0.228921937844714,-0.149287461391426,0.688766277866659,-0.485814724212203,-0.776762665651265,3725618.43017304,6242.0000000001,0.0202996749773334,0.00984333510021632,0.394002493695224,2.3955882333684,17976.8391055783,5.82076609134674e-11,339,1,"SNETWORK (1 318 17976.8391055783 0.394002493695224 13000108 339)",13
137,13000109,0.500980954527279,140,-0.166057912338905,-0.453200003638288,-0.550040856219537,-0.551846948500872,-0.54975087933226,-0.0238749821879892,-0.0552608299173229,-0.679255503654104,-0.405669534364388,-0.107151547459315,-0.00478830964246406,0.135969174210007,-0.107151547459315,-0.107151547459315,-1.16069201041605,0.158328904562561,0.0473010753319405,-0.689076345637067,0.124189394940697,0,0,0.264817487664191,0.333376028400019,0.500980954527279,1,-0.409749290070126,-1.78437972838642,-1.6773533681602,-1.36767718045461,0.480072830933689,-0.371683305958415,-0.40563747972161,0.140876079772369,0.072026502751981,611.0000000001,0.0813712303761359,0.114752904267213,651.0000000001,0.13812809392481,0.219499324200946,0.0142703793130062,-0.952989310236937,1.30096091080068,0.13131151231272,-0.282978979282731,-0.153843476109321,0.27165833175887,0.793300085462044,1.21346267059237,0.00770031323800601,-1.88109083561731,-0.891241288344969,0.277750651141667,6.0000000001,1.66650390635,0.277750651141667,6.0000000001,1.66650390635,0.231828892614047,0.0956663774429031,1e-10,0.2933777542086,0.614107886243737,0.15324182705447,0.935865180045375,0,0,-0.0247221470926315,-0.0137666363416769,-0.010171333593027,-0.161612736700088,-0.397236786237874,0.384615222620332,-0.162973833996245,-0.162973833996245,-0.147183751838857,0.393086840184936,0.779190914806546,0.787285934571259,0.233159204484351,0.959701517245508,-0.338047222894865,-0.574783894876459,0,651.0000000001,0.00529021361603504,0.0089801655969712,0.562892800103837,1.48638170487973,5186.75029638153,0.001953125,250,1,"SNETWORK (1 137 5186.75029638153 0.562892800103837 13000109 250)",13
140,13000110,-0.405803376792291,114,0,0,0,0,0,-0.135634662007273,-0.0139847987581609,-0.489122954303005,-0.0310908440176029,0.977719856716039,-0.706518270577419,0.952376933463835,0.977719856716039,0.977719856716039,-1.24407215360869,0.285195488495392,0.462627834375083,0.467818621944328,0.0956736699544063,0.45221133369877,-0.305856068890666,-0.190739766812213,-0.0312046492625428,-0.405803376792291,2,0.0440180419412369,-0.612213784354031,-0.602502312738005,-0.903109219603562,-0.418796176270301,0.0145213805052446,-0.0312505808553284,-0.449249949085093,0.488968286379023,3141.0000000001,2.45735901962179,0.26322418436624,4716.0000000001,1.98618440489767,4.44354342441946,0.117613887962566,-0.472702215123946,0.336227276080826,-0.173755430272403,0.0760334811710082,-0.147675263372317,-0.332914982555174,0.282397494333077,-0.349871978449055,0.282391586485892,0.00383525105811212,0.00358216577649659,1.3492431641625,26.0000000001,35.080322265725,1.3492431641625,26.0000000001,35.080322265725,1.22743605336851,1.69195818739129,1e-10,0.485822633898368,-0.00722288566261543,-0.0157232355668146,0.15232812245445,-1.03276561575505e-16,0,-0.0247221470926318,-0.0137666363416772,-0.010171333593027,0.335198226134245,-0.834488816837749,0.307088565799499,0.366441163151037,0.366441163151037,-1.32764184024514,0.581279640220845,-1.4645949304641,-1.78170358265413,-2.08679504720703,-0.878883886005436,-0.967193946823968,-1.1029465026922,0,4716.0000000001,0.0650425843884635,0.0525713034741023,0.0466858950711981,1.80656553840484,6401.95231820583,0.000244140625,275,1,"SNETWORK (1 140 6401.95231820583 0.0466858950711981 13000110 275)",13
328,13000111,0.800224012519146,262,0.833942087661095,0.661934694919581,0.679648502105189,0.676245639047415,0.674971766192546,0.844479771396237,1.01556567939559,0.204775367879509,0.09338117903558,-0.0427525948067328,0.243435845556507,-0.268044193370013,-0.0427525948067328,-0.0427525948067328,-0.783572340892825,-0.109487512128809,0.00933721261589929,1.01488460885044,-0.353720096510335,-0.560339494672534,0.667148486569063,-0.788859635579387,-0.682989322922567,0.800224012519146,8,0.167909249900734,0.785459032057346,0.797338338819552,0.565620084304107,0.784035780270535,-0.726606145868878,0.0932232539740147,1.0882852170356,0.306596558609297,6568.0000000001,3.89860954165434,0.0841346898004481,2685.0000000001,0.437349575218716,4.33595911677305,0.040385803271012,1.01929310595745,0.625383325182035,0.926808332483723,-0.675844149480945,-0.519808883096606,0.427197026643076,-0.92409549597006,0.25481984701398,-1.57169078317438,0.0142326411710163,0.01691375875204,0.0240189986795455,55.0000000001,1.321044921975,0.0240189986795455,55.0000000001,1.321044921975,0.24691594973162,0.282338838685357,1e-10,0.869856053509592,0.647695960555556,0.0560738737713132,1.15637050608845,1,0.955946779738604,1.47877399650172,1.48955789819684,1.52155433566113,0.380556151521288,-0.771595679704473,0.368212913961264,0.419151234343471,0.419151234343471,-0.274157278108674,0.272828048737171,0.220550120991646,0.0243991269735831,-0.439149028725542,0.550282375329338,-0.256078120028113,-0.126026790718221,0,6568.0000000001,0.0363122606438808,0.00407354252713126,0.17685651623232,4.87334337737411,18827.5272857545,2.91038304567337e-11,470,1,"SNETWORK (1 328 18827.5272857545 0.17685651623232 13000111 470)",13
140,13000112,-0.409208174279919,113,0,0,0,0,0,-0.135433553244063,-0.0140257803729395,-0.488231192758366,-0.0310265092483487,0.977852203675685,-0.706051701834407,0.952243633749811,0.977852203675685,0.977852203675685,-1.2439919065279,0.285099340170927,0.462558798614194,0.467677631044231,0.0955997880390349,0.45221133369877,-0.305856068890666,-0.190739766812213,-0.0312046492625428,-0.409208174279919,2,-0.0612897070889407,-0.376277399835468,-0.372795637998646,-0.570756611809279,-0.41720230697468,0.0935035262625861,-0.0312192326189724,0.182088029976906,0.20614380581651,2245.0000000001,0.740468550233081,0.188498604953908,6275.0000000001,1.89252599283164,2.63299454296473,0.0583471557741801,-0.315197808714278,-0.355125011534756,-0.462760956549106,-0.233209949308711,0.286419309632847,0.457888192907762,0.178296694359745,0.482691537844419,0.171704552928577,0.00383525105811212,0.00358216577649659,1.79591587621607,28.0000000001,50.28564453135,1.79591587621607,28.0000000001,50.28564453135,1.89149047339644,2.35740380022936,1e-10,-0.227372056432364,-0.320117234979171,-0.346914945705809,-0.268692914472729,0,0,-0.0247221470926318,-0.0137666363416772,-0.010171333593027,0.728040243932773,0.831586159041303,-0.415844551554948,0.849683690292372,0.849683690292372,1.18248157504599,-0.941443484535331,-0.0337743827352762,0.148352375090387,0.0817863095118448,-0.0582226040673044,0.785896842846182,-0.428650098533393,0,6275.0000000001,0.0164087821159867,0.0419383735581934,0.041759653746829,2.72652275396303,6397.01305327569,0.000244140625,274,1,"SNETWORK (1 140 6397.01305327569 0.041759653746829 13000112 274)",13
56,13000113,-0.742397136131306,63,0,0,-0.0539298651555209,-0.0526282971591558,-0.0497659234028937,-0.305284258022993,-0.045838898254773,-0.481867685140663,-0.000255615824268921,1.00062149501541,-0.681646221140939,0.930121351179377,1.00062149501541,1.00062149501541,0.00198232617350706,0.169902447099079,0.337442644749964,0.175159048832328,0.0231262745446777,0.396949460069245,-0.3182243350896,0.145121969788322,0.0313608172450206,-0.742397136131306,2,-0.685419460565978,-0.695851463583153,-0.683070150172964,-0.103152537817577,-0.752163014650919,0.444883467653927,-0.000448722922499241,-0.1987378079481,0.633694147388981,4993.0000000001,5.06245580395795,0.0514563286731609,1787.0000000001,0.147123934756258,5.2095797386142,0.146881257377031,-0.522293465324825,0.530349105480562,-0.323218834437078,0.315658687032681,0.658746861822052,0.739824583465252,0.661099131814621,1.37722448066015,0.695943269178562,1.6630206392608,1.79974836702719,1.63613455646161,28.0000000001,45.811767578225,1.63613455646161,28.0000000001,45.811767578225,1.6961050870505,2.11936423484993,1e-10,-0.207355830400826,-0.10693802771981,1.90877442723835,-0.0554200603990058,-0.0232557920329049,-0.145374652181789,-0.0322557394612218,-0.0144355343809378,-0.00650792099540319,0.164712966500952,-0.328001899227475,0.579860695466666,0.175098954546526,0.175098954546526,-1.85023374723368,-0.563662002500403,-0.112742703874106,-0.00139903080069418,-0.776371990805883,0.273408693995254,-0.446574862788742,-0.357232858932901,0,4993.0000000001,0.142733178241385,0.0041480790356456,0.695031065812395,0.635166982484926,6111.19570388993,0.00048828125,67,1,"SNETWORK (1 56 6111.19570388993 0.695031065812395 13000113 67)",13
137,13000114,-0.120737253949659,81,-0.169336007143403,-0.45983907781187,-0.612877153222713,-0.614349237474709,-0.609405455638136,-0.0224643203614343,-0.0264348577051121,-0.218291854803172,-0.379889509136789,0.0172375368665127,-0.0151450035889976,0.0593527654415236,0.0172375368665127,0.0172375368665127,0.302662000092974,0.0726398369581732,-0.0147581647257136,-0.784023909419229,0.0543587552369821,0.0677281446396492,-0.117429098893948,0.617705950750841,0.326804535448277,-0.120737253949659,1,-0.640278022854401,-0.286641067726582,-0.284660329985286,0.381992544668495,-0.112355548400604,1.366182343727,-0.37998296937306,-0.131014027134628,0.200609310595715,839.0000000001,0.311207740714238,0.0802598219132561,3419.0000000001,0.507381510003894,0.818589250618132,0.0169590774145718,-0.247823771281019,0.792428770293044,0.303823982861928,1.03098081946068,1.53839022402911,1.00514785410933,0.820051321317288,1.36591144616946,0.107907336241468,0.833373005935351,0.432151057266582,0.383698219576744,43.0000000001,16.4990234376,0.383698219576744,43.0000000001,16.4990234376,1.02516286568125,0.889749201379643,1e-10,-1.04268615312861,-0.955420899906387,0.103610056985721,-0.503139929713727,-1.03276561575505e-16,-0.0440532202613966,-1.02673198672599e-15,-7.15297945605862e-16,-0.0227070388776265,0.909847176076523,0.119680658012465,-0.806278170126891,1.09499038143135,1.09499038143135,0.472032467436536,-0.323141160114787,-1.12006658924924,-1.1108316289146,-1.09219268667033,-0.922409058546279,-0.399280936832463,1.05078462523597,0,3419.0000000001,0.00644742907462987,0.010511648239942,0.361943895597996,2.70999623738617,4837.70977389657,0.001953125,153,1,"SNETWORK (1 137 4837.70977389657 0.361943895597996 13000114 153)",13
137,13000115,0.253582682262441,107,-0.169336007143403,-0.45983907781187,-0.612877153222713,-0.614349237474709,-0.609405455638136,0.0158859570437667,-0.0204707654226259,-0.270359822144582,-0.383923889998541,-0.0192892393259109,0.0233316736121463,0.0401280588285757,-0.0192892393259109,-0.0192892393259109,0.150425660031862,0.0982972058998365,0.0109946277008363,-0.729632817529371,0.0719003487615815,0.0677281446396492,-0.117429098893948,0.617705950750841,0.326804535448277,0.253582682262441,1,0.242461225819194,-1.36698688971384,-1.30970812535412,-0.00487064518994472,0.241165459018237,1.28470896185732,-0.384125039744353,-0.726942252853692,0.887586455524166,992.0000000001,1.62801980185636,0.361680786635144,50.0000000001,0.033437422180832,1.66145722393719,0.0781309969815034,-0.826833798684721,2.71594921204175,-0.585598217002645,1.26478164870058,1.49894727861048,0.21088553275297,1.76444097965183,0.687234320594521,0.871308558485932,-3.62703764504484,-1.83951653016854,0.533447265725,15.0000000001,8.001708984475,0.533447265725,15.0000000001,8.001708984475,0.0448453444367559,0.476598961414181,1e-10,-0.191545334732478,0.277846830571794,1.75098538171457,0.432394604697897,0,-0.0253487320197203,-0.0247221470926329,-0.0137666363416772,-0.010171333593027,0.343034488143017,-0.343308036730431,0.439413747351774,0.375492419764985,0.375492419764985,0.690785872530795,0.519973915999282,-0.876299166524248,-0.973247580665033,-0.792448420799866,-0.747010663010072,1.19640085317154,0.92111539909244,0,992.0000000001,0.0765585825678268,0.00157241431367661,0.444218512910735,1.00251844711602,4980.61762146463,0.001953125,204,1,"SNETWORK (1 137 4980.61762146463 0.444218512910735 13000115 204)",13
56,13000116,-1.05455217774328,22,0,0,-0.0539298651555209,-0.0526282971591558,-0.0497659234028937,-0.323343517830243,-0.0522240419027982,-0.466200763172337,0.00768628167312907,1.01058877969764,-0.673978835686742,0.910403480404332,1.01058877969764,1.01058877969764,0.0906724543247246,0.152506497344446,0.319724363695951,0.122115795868216,0.0133262330103358,0.396949460069245,-0.3182243350896,0.145121969788322,0.0313608172450206,-1.05455217774328,2,1.08396110442904,0.368804268569339,0.37165992782312,-1.06369326516113,-1.06348768236008,-0.26763613508904,0.00751241609679416,1.80667105337313,0.242778256006369,13124.0000000001,5.09795492892001,0.0609559159632633,10127.0000000001,0.987680896014795,6.0856358248348,0.0772567614849223,0.40622442212871,0.0370338474959868,0.21447180588562,0.0313486301856366,-0.22507931564791,-0.853682692183912,-0.490568277916254,-0.706242372531901,-0.65965305491948,-0.125902348996495,-0.138152727622773,0.835028754440278,72.0000000001,60.1220703126,0.835028754440278,72.0000000001,60.1220703126,2.32107176757806,0.925890071354844,1e-10,0.247822523301501,0.298286033857425,1.91105115715449,0.0637086723052983,-0.0232557920329048,-0.145374652181789,-0.0456386537822682,-0.0156235779160857,3.8573928898018e-16,-0.0836232099638182,0.318369162929161,-0.748492406022789,-0.0853930844241173,-0.0853930844241173,-0.234431181285228,-1.13922863519335,0.699061148487935,0.770064825675174,0.161538246234627,0.888310162979308,0.281624355667012,-0.0909905728220415,0,13124.0000000001,0.0647182149622138,0.0125385464227086,0.385392994457557,2.10919038346297,5863.51352580347,0.00048828125,42,1,"SNETWORK (1 56 5863.51352580347 0.385392994457557 13000116 42)",13
137,13000117,0.296016256609365,112,-0.169336007143403,-0.45983907781187,-0.612877153222713,-0.614349237474709,-0.609405455638136,-0.000707218790364404,-0.0423762099925867,-0.437519197936246,-0.390645232192511,-0.0455354066077457,4.26675232758695e-05,0.0916093884763083,-0.0455354066077457,-0.0455354066077457,-0.189653612853295,0.129701589693684,0.0392856684886568,-0.69601436678643,0.0976465331733315,0.0244718896476977,-0.0463928842676715,0.415324305327625,0.335969349634022,0.296016256609365,1,-0.492171433802301,0.00774916499884569,0.00775058410071422,0.559730916633297,0.287134686143416,-0.13827289897111,-0.390847348983462,0.349571537217149,0.468910074603408,354.0000000001,0.306923519990702,0.0730888864914478,1074.0000000001,0.145141955837632,0.452065475728334,0.00751265468922554,0.0074516743158259,0.0527588984976226,0.494341831696321,-0.271973179779243,0.0451020534402109,0.792098298660664,-0.225225197654186,0.861938188897047,-1.03500895704814,0.0864999392510302,0.0642716975316709,0.337660845688235,17.0000000001,5.7402343751,0.337660845688235,17.0000000001,5.7402343751,0.0539189031696564,0.184919593610959,1e-10,-0.485861613821135,-0.688487478096293,-0.488331052860929,-0.492225413648121,0,-0.022176090681972,-0.0247221470926315,-0.0137666363416765,-0.0101713335930266,-0.148477986131979,0.267896346920556,-0.902912373097523,-0.150044657453376,-0.150044657453376,0.774370336750396,-0.277271973570073,0.268979082180314,0.0879231982733831,0.0457886905997004,0.368004506839798,1.6119558074541,1.99335695925785,0,1074.0000000001,0.00510061155863152,0.00241204303059402,0.465339142528988,3.61136554242318,5017.30334321711,0.001953125,98,1,"SNETWORK (1 137 5017.30334321711 0.465339142528988 13000117 98)",13
318,13000118,0.56415651900653,207,0.826606769083661,0.576140491778701,0.449959143780463,0.448153051499128,0.45024912066774,0.951295411674791,0.966071459159727,0.660843995986666,0.634320391992406,-0.0416197158886281,0.364044956145807,-0.107044461289675,-0.0416197158886281,-0.0416197158886281,-0.376032502414972,-0.909558090444166,-0.764864088403025,-0.0386757838908691,-0.984038246899054,-0.603050539930755,0.694143931109334,-0.735182512335809,-0.673195464551723,0.56415651900653,8,-0.493266795968268,-0.36198619404303,-0.358774069913012,0.0340260495449485,0.550255108926302,0.160037634634359,0.634711516418823,-0.453083975321479,0.28756074444909,5331.0000000001,2.96788865195055,0.0705950877525015,1907.0000000001,0.260636056844104,3.22852470869465,0.0707799408089668,-0.30475127480509,-0.0300913160791569,-0.329510420024356,0.371162739706443,0.47688598895532,0.0724408250745805,0.215893616057804,0.114328495286081,0.875776821100571,-0.17518128863888,-0.356298172950752,0.102738814020455,33.0000000001,3.390380859475,0.102738814020455,33.0000000001,3.390380859475,0.452675687014244,0.471180529580858,1e-10,0.371781456172588,0.456624150810509,-0.0586603329838426,0.635545850196662,1,0.955946779738606,0.975277852907368,0.986233363658322,0.989828666406973,0.139736369170093,-0.751734734771736,-0.0356763596724014,0.147942823345759,0.147942823345759,-0.0319995455093419,-0.355718461631931,0.597839943220532,0.682231401657203,0.562698991986181,0.547193651861209,-0.573726437833664,-0.338551642166384,0,5331.0000000001,0.0650659362307428,0.00571400447822398,0.820800788955815,0.112591719254851,18482.6362862355,5.82076609134674e-11,394,1,"SNETWORK (1 318 18482.6362862355 0.820800788955815 13000118 394)",13
137,13000119,0.463969872032774,136,-0.166057912338905,-0.453200003638288,-0.550040856219537,-0.551846948500872,-0.54975087933226,-0.0273155876915157,-0.0574524712574334,-0.679962050304858,-0.404602594734486,-0.0992925213281114,-0.0143590790461759,0.14643744914317,-0.0992925213281114,-0.0992925213281114,-1.07159665733246,0.161140185544463,0.0514521547186435,-0.684838994408915,0.126334380833991,0,0,0.264817487664191,0.333376028400019,0.463969872032774,1,-0.394032772071462,0.166199990098672,0.166805959829295,0.625148345539514,0.451700540717684,-0.241994013778501,-0.404670444074439,-0.181587203954854,0.139587225813753,4377.0000000001,1.12969073493505,0.293460402496926,8888.0000000001,4.82270724093231,5.95239797576736,0.0878818057094415,0.169510509440003,-0.268315243980719,-0.33562703172872,-0.353487626582504,-0.227280828798928,0.298711948613885,-0.380412450320189,0.289501679058201,-1.29920505935452,0.0113555831185266,0.0134376853266306,0.563951764887946,56.0000000001,31.581298828225,0.563951764887946,56.0000000001,31.581298828225,1.68384352119522,1.15828794952565,1e-10,0.577664261800717,0.40849071763488,-0.0319577994855799,0.553369174678002,0,0,-0.0247221470926318,-0.0137666363416772,-0.010171333593027,-0.0363459938228605,-0.624043442398515,0.978898130098129,-0.0374015108151989,-0.0374015108151989,-0.197717722391637,0.537458841312667,1.03290814710272,0.979051848541409,0.381180357944409,1.22594472908394,-0.69816883787666,-0.891000136325297,0,8888.0000000001,0.0166788682415729,0.0712029373678686,0.550057658036996,0.226296318400481,5164.45614800488,0.001953125,244,1,"SNETWORK (1 137 5164.45614800488 0.550057658036996 13000119 244)",13
137,13000120,-0.689805044745858,38,-0.169336007143403,-0.45983907781187,-0.612877153222713,-0.614349237474709,-0.609405455638136,-0.00682952163607305,0.00735587014816984,0.0215477469304588,-0.359838888997618,0.11985236144308,-0.0664807552731676,-0.0103383278647138,0.11985236144308,0.11985236144308,0.560184662758933,-0.0215336263797007,-0.105301014537571,-0.953326067557451,-0.013955453967806,0.0677281446396492,-0.117429098893948,0.617705950750841,0.326804535448277,-0.689805044745858,1,-0.55919813035434,-0.1194025033665,-0.119071625819843,0.487298723384873,-0.685668989125335,1.47802730489207,-0.360032032645495,0.00393659007098975,0.368869418968863,2659.0000000001,1.81354498779671,0.210906920786657,2899.0000000001,1.1305151607064,2.94406014840311,0.0538077872726576,-0.109610744703995,0.192239789608658,-0.0101030669134883,0.87951452061394,1.3594336455336,0.99251297124382,0.730289699867986,1.18810900057823,0.0826633394354101,-0.473533348717121,-0.255554173997687,0.894496372867857,35.0000000001,31.307373046975,0.894496372867857,35.0000000001,31.307373046975,1.06266193273602,1.0144839449466,1e-10,-0.277784617988952,-0.695890881594096,-0.55459662948732,-0.474999739175168,0,-0.044053220261396,0,0,-0.0227070388776265,0.242774435856279,0.446771268462327,-0.954304306906576,0.261401253884186,0.261401253884186,1.11159696767042,-0.0175373473684637,-0.949396908969755,-0.83427209596721,-0.723090992739149,-0.880884771528958,0.276729593037207,0.607572194812749,0,2899.0000000001,0.0331456688418099,0.0206621183308477,0.227253149602143,4.53722512874216,4603.75712572518,0.001953125,161,1,"SNETWORK (1 137 4603.75712572518 0.227253149602143 13000120 161)",13
318,13000121,0.403492197341375,169,0.826606769083661,0.576140491778701,0.449959143780463,0.448153051499128,0.45024912066774,0.935309896329356,0.95783960170271,0.478791844949073,0.642219126111452,-0.0268455084258744,0.34448223501278,-0.103709975403871,-0.0268455084258744,-0.0268455084258744,-0.258227775074747,-0.88841007342068,-0.739246799493874,-0.0278275570126662,-0.965170597210057,-0.603050539930755,0.694143931109334,-0.735182512335809,-0.673195464551723,0.403492197341375,8,-0.341821160641343,0.3434119874989,0.345901360264662,0.809450523147363,0.402326930848785,0.929734425116648,0.6427602991984,-0.409119671616578,0.0729955803286478,2128.0000000001,0.300730523569598,0.116050814894115,968.0000000001,0.217486784860015,0.518217308329613,0.00670430752399511,0.37458904607367,0.359752023331801,0.436895712668197,0.717142388196793,1.43912205672503,-0.114713050664642,0.154944486284769,-0.211795762823522,0.815570797461733,0.00383525105811212,0.00358216577649659,0.725168864032292,48.0000000001,34.80810546885,0.725168864032292,48.0000000001,34.80810546885,1.82476623068141,1.39846651527429,1e-10,-1.55156076153796,-1.87737114239728,-0.998723981915593,-0.701947839848738,1,0.955946779738604,0.975277852907368,0.986233363658323,0.989828666406973,0.179506180042949,0.698909854278615,0.720294727514225,0.191286875481001,0.191286875481001,1.99408408170576,-0.0774527862365056,-0.86526597269721,-0.453838027155037,1.1064964735646,-1.70139038998946,0.185031225773031,-0.292595552676615,0,2128.0000000001,0.00389062628573151,0.0028136811382636,0.627455617568408,0.751703957503196,18253.5035936559,5.82076609134674e-11,316,1,"SNETWORK (1 318 18253.5035936559 0.627455617568408 13000121 316)",13
56,13000122,-0.742397136131306,63,0,0,-0.0539298651555209,-0.0526282971591558,-0.0497659234028937,-0.305284258022993,-0.045838898254773,-0.481867685140663,-0.000255615824268921,1.00062149501541,-0.681646221140939,0.930121351179377,1.00062149501541,1.00062149501541,0.00198232617350706,0.169902447099079,0.337442644749964,0.175159048832328,0.0231262745446777,0.396949460069245,-0.3182243350896,0.145121969788322,0.0313608172450206,-0.742397136131306,2,-0.685419460565978,-0.695851463583153,-0.683070150172964,-0.103152537817577,-0.752163014650919,0.444883467653927,-0.000448722922499241,-0.1987378079481,0.633694147388981,4993.0000000001,5.06245580395795,0.0514563286731609,1787.0000000001,0.147123934756258,5.2095797386142,0.146881257377031,-0.522293465324825,0.530349105480562,-0.323218834437078,0.315658687032681,0.658746861822052,0.739824583465252,0.661099131814621,1.37722448066015,0.695943269178562,1.6630206392608,1.79974836702719,1.63613455646161,28.0000000001,45.811767578225,1.63613455646161,28.0000000001,45.811767578225,1.6961050870505,2.11936423484993,1e-10,-0.207355830400826,-0.10693802771981,1.90877442723835,-0.0554200603990058,-0.0232557920329049,-0.145374652181789,-0.0322557394612218,-0.0144355343809378,-0.00650792099540319,0.164712966500952,-0.328001899227475,0.579860695466666,0.175098954546526,0.175098954546526,-1.85023374723368,-0.563662002500403,-0.112742703874106,-0.00139903080069418,-0.776371990805883,0.273408693995254,-0.446574862788742,-0.357232858932901,0,4993.0000000001,0.142733178241385,0.0041480790356456,0.695031065812395,0.635166982484926,6111.19570388993,0.00048828125,67,1,"SNETWORK (1 56 6111.19570388993 0.695031065812395 13000122 67)",13
56,13000123,-0.454042868391628,104,0,0,0,0,0,-0.185863033649461,-0.0142670591110138,-0.334172438341945,-0.0129097069309184,0.958098869843848,-0.644832674643856,0.90796772816087,0.958098869843848,0.958098869843848,-0.325820112395278,0.236749935234246,0.412501814185521,0.366224740439206,0.0624139150453337,0.442037567785408,-0.329724348592432,0,0,-0.454042868391628,2,0.761374176414099,0.72888574871839,0.7392342714478,-0.401512623930877,-0.40742017146148,2.06138782670022,-0.013034465375319,1.32960673537349,0.600270682909012,8671.0000000001,8.32791534511208,0.545414794499121,3881.0000000001,3.38680770739793,11.71472305241,0.113791761797253,0.924633551367981,0.177024588965993,0.306171013304152,0.834701536498878,1.92214042399797,0.0427814110462863,0.290507038209022,0.00646262870222311,0.316396648142313,0.00383525105811212,0.00358216577649659,1.54094406664095,58.0000000001,89.374755859475,1.54094406664095,58.0000000001,89.374755859475,3.59860964515432,1.97755101876193,1e-10,-0.711525579735881,-0.936026005808523,0.988800495842202,-0.552842709785425,0,0,-0.0247221470926315,-0.0137666363416772,-0.0101713335930262,0.648057620528137,0.704821922682727,0.186093579417015,0.746253408874917,0.746253408874917,-2.02151232855208,-1.82275122086538,0.616373443401986,0.654131019802885,-0.074908857605528,0.897603071785902,-0.326263811534208,-0.101140969638894,2.26125664999327,8671.0000000001,0.0808937739409594,0.0328979877562936,0.996249572121431,8.22928463548655,6352.14299889189,0.00048828125,87,1,"SNETWORK (1 56 6352.14299889189 0.996249572121431 13000123 87)",13
56,13000124,-0.748465521712529,62,0,0,-0.0539298651555209,-0.0526282971591558,-0.0497659234028937,-0.305471801250624,-0.0459360389449178,-0.481876141733844,-2.76541036207469e-05,1.00113821981225,-0.681098184051756,0.929392060084694,1.00113821981225,1.00113821981225,0.00113170699703053,0.169484752242767,0.337067048251592,0.173603343781361,0.0229274269205163,0.396949460069245,-0.3182243350896,0.145121969788322,0.0313608172450206,-0.748465521712529,2,-0.674531996739447,-0.643341915603796,-0.632543445201087,-0.0527791512006508,-0.758194119552065,0.620483246505004,-0.000202040203949,-0.483887761524404,0.711128220393989,2941.0000000001,3.34628495351257,0.0797738464197211,1707.0000000001,0.217878329168239,3.56416328258081,0.0965810520379692,-0.491516171928573,-0.324245968789477,-0.165577028098397,0.40078105979314,0.18394515627433,-0.84645174715549,0.730277462320222,-1.47699559614439,0.759727360166015,-1.27050367214788,-1.37289148954781,0.944592927731579,19.0000000001,17.9472656251,0.944592927731579,19.0000000001,17.9472656251,0.479192655955164,1.08911696315606,1e-10,0.417664967132156,0.582730611841743,0.0708160199654893,0.977809023255142,-0.0232557920329049,-0.145374652181789,-0.0271915829158128,-0.0139858942366326,-0.00897050369333051,0.129656985627766,0.0650538681395827,-0.452516010034809,0.137045893208307,0.137045893208307,-0.171874890751008,-0.403126488589698,-0.311493917754176,-0.277131912880995,-0.640976343483668,-0.0634465626814374,-0.333394658184099,-0.614246912336654,0,2941.0000000001,0.0906770243870061,0.00590402755096302,0.688473356580856,0.666684073196882,6105.95013541504,0.00048828125,9,1,"SNETWORK (1 56 6105.95013541504 0.688473356580856 13000124 9)",13
140,13000125,-0.379206287508841,119,0,0,0,0,0,-0.122416627132564,-0.0119036469670813,-0.465122839452779,-0.0324330117292378,0.973778392110999,-0.699975544801838,0.949033373040616,0.973778392110999,0.973778392110999,-1.32797755685468,0.291279279126647,0.469531609949537,0.486948825759635,0.099023282608882,0.45221133369877,-0.305856068890666,-0.190739766812213,-0.0312046492625428,-0.379206287508841,2,0.30054864371685,0.38875293279019,0.391912485748925,-0.184879679521286,-0.357486244070703,1.99208627226249,-0.0325837835983648,2.03613352258625,0.828175335744581,6072.0000000001,8.04588902094745,0.959886967146999,4742.0000000001,7.28285439647285,15.3287434173203,0.191728808541673,0.431495350776071,-0.464634209637464,-0.646237505171723,1.96195448074513,-0.0171445513552023,-6.31451714674778,0.518428818042649,-5.14536023782664,0.516594737436793,-1.34595523410417,-1.39154746495467,0.391276041766667,39.0000000001,15.2597656251,0.391276041766667,39.0000000001,15.2597656251,0.361822815142276,0.264794625259559,1e-10,-0.417715196117107,-0.265402354250388,1.89926710028717,-0.276060212817013,1.03276561575505e-16,0,-0.0247221470926318,-0.0137666363416769,-0.0101713335930266,0.437826831204497,0.817158731930005,0.0734096899626609,0.486819797447054,0.486819797447054,1.01862409521288,0.00421747316874144,-0.227789748725611,0.0913925677675285,0.554235304370862,-0.560733460734971,0.793136187629925,-0.546619610692511,0,6072.0000000001,0.100636345252412,0.091092463189261,0.0749855198873438,3.02081593343388,6430.32675932363,0.000244140625,287,1,"SNETWORK (1 140 6430.32675932363 0.0749855198873438 13000125 287)",13
318,13000126,-0.0677441692840836,51,0.849676501735058,0.527879359151426,0.449959143780463,0.448153051499128,0.45024912066774,0.910016031535601,0.947326800730666,0.500299241587205,0.68458915172186,0.016997434761368,0.38884397206775,-0.0888633452712189,0.016997434761368,0.016997434761368,0.154598181800484,-0.835270335418636,-0.67412444406988,0.116902870548225,-0.933005576881628,-0.604424467785202,0.699593179675348,-0.759818089809216,-0.694672009762475,-0.0677441692840836,8,0.336287836527822,0.582103680452454,0.588906561546658,0.00479822113448173,-0.0799739358093119,-0.211251714333927,0.774285845938928,-0.287932513892585,0.404313629578166,8845.0000000001,6.92349751319344,0.0499981100322811,2958.0000000001,0.286326192723908,7.20982370581735,0.0780999623768287,0.696630548233871,0.0374177188586549,2.34565768098733,-0.257907333907579,-0.227403348385211,0.00292148077596841,-0.545448496346466,-0.000475604271883822,-0.0490698068054551,-0.242566446606207,-0.385354804825068,0.452603426946591,66.0000000001,29.871826171975,0.452603426946591,66.0000000001,29.871826171975,1.60918657848339,0.992403038761279,1e-10,-2.54002438411308,-2.35646888905741,1.90308130805438,-0.734293329224339,1,0.867841683603147,1.32904696563017,1.34213135648708,1.36723184200024,-3.39190052725882,0.090744139346274,0.506295470958764,-2.1311631465295,-2.1311631465295,-2.84279754605866,0.969305175163995,-0.951756881221713,-0.999006403684737,-0.707439796268041,-0.892052644453836,0.127116467500921,0.121760339071503,0,8845.0000000001,0.0749983517859838,0.0031016104908449,0.00637275214637401,2.33472089951283,17517.4604421874,5.82076609134674e-11,327,1,"SNETWORK (1 318 17517.4604421874 0.00637275214637401 13000126 327)",13
137,13000127,0.695109390854539,169,-0.166057912338905,-0.453200003638288,-0.550040856219537,-0.551846948500872,-0.54975087933226,-0.008979314094387,-0.0449348867532489,-0.663540759818465,-0.422922904995476,-0.193151369297985,-0.0146997774025846,0.187636077553967,-0.193151369297985,-0.193151369297985,-3.47731503776355,0.184534130883084,0.0352003324304414,-0.70332021498661,0.151161753158847,0,0,0.264817487664191,0.333376028400019,0.695109390854539,1,-1.53061988747639,-1.29274559828302,-1.24235887944605,0.514348873454032,0.681137420821429,1.51632277033155,-0.42296813061973,-0.887824849236513,0.0954584768839507,184.0000000001,0.0324765336443603,0.193304469437713,921.0000000001,0.329184115242416,0.361660648786776,0.0160637626764219,-0.800051643537031,0.556510838962026,1.21730137679419,0.744569821125086,1.66136064143611,2.12702869334185,1.80749460907171,6.19227118406941,0.784887470410061,1.0402413293589,0.480259328922045,0.426304408582143,7.0000000001,2.984130859475,0.426304408582143,7.0000000001,2.984130859475,0.434933734333226,0.95322319651815,1e-10,0.571170920377086,0.491783999078913,0.30514271639952,0.557837705961332,0,6.2602913664822e-16,0.0695902229549555,0.0752979721984816,0.0546282636388491,-0.574216046479215,0.0953032074880452,-0.635540503921823,-0.542364531178795,-0.542364531178795,0.169027184946744,0.584385811210249,0.221701650877894,0.371319644460037,0.263575031580909,0.193154976082149,0.454865451616601,-0.00508046107184248,1628728448.3618,921.0000000001,0.00144249955325837,0.0146212630231635,0.656146679664216,0.888401398442732,5348.72870042184,0.001953125,243,1,"SNETWORK (1 137 5348.72870042184 0.656146679664216 13000127 243)",13
137,13000128,0.749753540124918,176,-0.166057912338905,-0.453200003638288,-0.550040856219537,-0.551846948500872,-0.54975087933226,-0.0204728849412669,-0.0458350479363593,-0.725937019742632,-0.425005086672843,-0.205574750116849,-0.0240009510284036,0.207198960276061,-0.205574750116849,-0.205574750116849,-4.01704395558757,0.186768177703907,0.0314060777611347,-0.709589676098083,0.154116562053268,0,0,0.264817487664191,0.333376028400019,0.749753540124918,1,-1.54452268708841,-2.04417562390219,-1.89556303521533,-0.471366747567068,0.730360099689869,0.122889945756165,-0.425174980808437,-1.05065381956354,0.168912975364064,89.0000000001,0.0277965159592881,0.0913175696365475,93.0000000001,0.0157027110738056,0.0434992269330937,0.00347070841421578,-1.01406103404784,-0.959694205726088,-0.103661730591783,0.338976865243891,0.43293763317926,0.0482220897760943,1.61524214628798,0.331486697777391,0.628755531436609,-3.03400742390801,-1.34989798448561,0.6263427735375,4.0000000001,2.50537109385,0.6263427735375,4.0000000001,2.50537109385,0.195193466284734,0.614993151294262,1e-10,-0.237132720261716,-0.128178313115043,-0.436317649019694,-0.18191288129581,0,6.2602913664822e-16,-0.0247221470926318,-0.0137666363416769,-0.010171333593027,-0.401919816806502,-0.0584348543638417,-0.405182182008893,-0.390072683075748,-0.390072683075748,0.832571355052137,0.484232966303401,-0.173841650518516,-0.0570828067321777,0.0341033160243392,-0.222576218165782,0.498669945946784,0.165011998127382,0,93.0000000001,0.0022178232976239,0.00125288501659188,0.679681007420773,0.546016062386417,5389.606923056,0.001953125,261,1,"SNETWORK (1 137 5389.606923056 0.679681007420773 13000128 261)",13
137,13000129,-1.01197033678719,20,-0.169336007143403,-0.45983907781187,-0.612877153222713,-0.614349237474709,-0.609405455638136,-0.0349512998921123,-0.00313752939800013,0.000401973392962535,-0.357855178905844,0.143894563277896,-0.0930804589450445,0.000783666695040234,0.143894563277896,0.143894563277896,0.587554341467921,-0.031131893884491,-0.115510247013844,-0.988017719806947,-0.0186551831450413,0.0677281446396492,-0.117429098893948,0.617705950750841,0.326804535448277,-1.01197033678719,1,-1.13271069004626,-0.631076562114347,-0.620714158948421,0.77405722251939,-1.01222172629011,1.77429760273532,-0.358058570897093,-0.466882568266098,0.12393318567693,1966.0000000001,0.450514186266292,0.157341384188128,2433.0000000001,0.707819331662578,1.15833351782887,0.0310989766268927,-0.484154308006068,-0.0221611027240449,0.423604725848231,1.73609964133967,1.94228320709521,0.0411419655451029,1.2942291646195,0.0887848549089793,0.571922354633104,-1.49492024326506,-0.81427462577449,0.0662462958974138,29.0000000001,1.921142578225,0.0662462958974138,29.0000000001,1.921142578225,0.388510379782052,0.41681458012595,1e-10,-0.0682785849909128,0.0524631844609225,1.76635786576606,0.265935394090271,0,-0.044053220261396,0,-3.57648972802931e-16,-0.0227070388776265,0.652380763214278,-0.458455062506367,-0.0898341056965382,0.751775744887133,0.751775744887133,0.195132358711017,0.0351699354171415,-0.161638230188802,-0.376685510307716,-0.779672780011326,0.209224156023274,-1.12530703279269,0.0771747782255307,0,2433.0000000001,0.0120954197441234,0.0190035567827693,0.170859666924589,1.56152103422929,4505.80381412627,0.001953125,105,1,"SNETWORK (1 137 4505.80381412627 0.170859666924589 13000129 105)",13
137,13000130,0.654605125537576,163,-0.166057912338905,-0.453200003638288,-0.550040856219537,-0.551846948500872,-0.54975087933226,-0.0182595579822899,-0.0455105338941585,-0.684860212363373,-0.417017399888144,-0.167733642735388,0.00070188886322016,0.155257666902864,-0.167733642735388,-0.167733642735388,-2.57983040623592,0.165657408882699,0.0290585472828153,-0.716312480979607,0.134748871043649,0,0,0.264817487664191,0.333376028400019,0.654605125537576,1,-1.28853358491514,-1.69368692195464,-1.59916401314527,-0.430009664395827,0.646623025603362,1.63437710892325,-0.417212200520225,-0.71226900587851,0.156655785075004,127.0000000001,0.0367864182026517,0.0802033797710403,190.0000000001,0.0281762775280381,0.0649626956306897,0.00393451696032376,-0.928770353902045,-0.740052316023057,0.39364486440271,0.885279880252332,0.841469979075259,-0.466701287116086,2.27089142466189,-1.78366319287644,1.15168935937687,5.79745585783637,2.6653273897277,0.159098307391667,3.0000000001,0.477294921975,0.159098307391667,3.0000000001,0.477294921975,0.325453944592424,0.555143969911082,1e-10,0.516107366432001,0.737132904803226,0.706967456078985,1.14558439609421,0,0,-0.0247221470926318,-0.0137666363416772,-0.010171333593027,-0.258034250275423,-0.502929512104305,0.801282961744754,-0.256222273780627,-0.256222273780627,0.000155690359118223,0.738347881669416,0.341649069047002,0.284708682547805,-0.0671045218321095,0.523525348813423,-0.672774352676085,-1.54233447645891,0.981926817837942,190.0000000001,0.00222799840852394,0.00170651845179982,0.63646782077591,1.01012562893855,5314.54727900442,0.001953125,253,1,"SNETWORK (1 137 5314.54727900442 0.63646782077591 13000130 253)",13
328,13000131,0.874590039015517,279,0.833942087661095,0.661934694919581,0.679648502105189,0.676245639047415,0.674971766192546,0.855903178868371,1.0242666206936,0.235544095820725,0.0881593949708838,-0.0560297428356973,0.261835472238897,-0.278621865765478,-0.0560297428356973,-0.0560297428356973,-4.37659458273128,-0.0982120252714577,0.0176894128834017,1.08837479007988,-0.352448087598256,-0.560339494672534,0.667148486569063,-0.788859635579387,-0.682989322922567,0.874590039015517,8,0.177104614738036,-0.964351953645917,-0.938292291008035,-1.27243859596824,0.85775391125947,-0.24891612475132,0.0880910060637911,-0.150969037889275,0.137207490260949,2793.0000000001,0.741921706546877,0.0741489559543974,103.0000000001,0.0147860302039264,0.756707736650803,0.0261518545018461,-0.662370559689967,0.291561692818811,-0.220707756097135,-0.311444259001633,-0.307853411628696,-0.0582219562551461,0.293607355404983,-0.104914327417085,0.450616002764804,-0.336230401294624,-0.408479302418358,0.835658482242857,21.0000000001,17.5488281251,0.835658482242857,21.0000000001,17.5488281251,0.461791894671858,0.926828229411515,1e-10,-1.63330330073734,-1.62095413663949,-0.441699313347423,-0.667364874679687,1,0.955946779738605,1.27717508738715,1.28529677079185,1.31366454417867,0.490869583441426,0.836767159847292,0.162202741121897,0.550621414934961,0.550621414934961,-1.4199945490193,-2.02143185740886,0.914505647718111,1.19937460079267,1.964592559605,0.25824784271092,2.46301171780939,0.858738029954235,0,2793.0000000001,0.0256408485170355,0.000511005884810635,0.312543063789108,0.550414827932423,18929.2003214439,2.91038304567337e-11,486,1,"SNETWORK (1 328 18929.2003214439 0.312543063789108 13000131 486)",13
318,13000132,0.0133333251948702,71,0.847990630531859,0.546799996361712,0.449959143780463,0.448153051499128,0.45024912066774,0.910832830861429,0.951047539353348,0.523056582311466,0.681335322295243,0.015602983258105,0.386785619893517,-0.0879475817737755,0.015602983258105,0.015602983258105,0.205725276203245,-0.858625077763442,-0.703992237254583,0.055137493267636,-0.947383410973318,-0.604424467785202,0.699593179675348,-0.759818089809216,-0.694672009762475,0.0133333251948702,8,0.852103002629674,-0.265218238544894,-0.263530572730608,-1.31161846368922,-0.000182003667770557,0.0038016705602427,0.681290892471569,-0.491999311762333,0.413517727730199,5722.0000000001,4.58090523546459,0.124208304446824,392.0000000001,0.0942640341542815,4.67516926951887,0.0953131445124764,-0.23105344926064,0.727398634297179,0.335556484251185,0.619649803240888,-0.202401332699121,-2.48602370832597,0.0395063236399486,-3.2924903675742,0.712905437488762,-4.50386447865628,-9.46054213899815,0.207356770933333,27.0000000001,5.5986328126,0.207356770933333,27.0000000001,5.5986328126,0.549115568023744,0.627038630094076,1e-10,-0.576012561331468,-0.552593192276031,2.0474443569597,-0.56191138857523,1,0.867841683603147,1.15216222552828,1.16418216806173,1.17853025420399,-1.2281159029421,0.38954848654904,0.566864574403129,-1.04889750219039,-1.04889750219039,0.0803342262613652,0.406342910206977,0.835545566298487,1.16665173187976,1.60312793891627,0.336372271081791,-0.290352415045286,1.87598900131139,0,5722.0000000001,0.0933913741036475,0.00192177030882887,0.116194037851968,0.681721394231357,17647.6092672949,5.82076609134674e-11,314,1,"SNETWORK (1 318 17647.6092672949 0.116194037851968 13000132 314)",13
137,13000133,0.654605125537576,163,-0.166057912338905,-0.453200003638288,-0.550040856219537,-0.551846948500872,-0.54975087933226,-0.0182595579822899,-0.0455105338941585,-0.684860212363373,-0.417017399888144,-0.167733642735388,0.00070188886322016,0.155257666902864,-0.167733642735388,-0.167733642735388,-2.57983040623592,0.165657408882699,0.0290585472828153,-0.716312480979607,0.134748871043649,0,0,0.264817487664191,0.333376028400019,0.654605125537576,1,-1.28853358491514,-1.69368692195464,-1.59916401314527,-0.430009664395827,0.646623025603362,1.63437710892325,-0.417212200520225,-0.71226900587851,0.156655785075004,127.0000000001,0.0367864182026517,0.0802033797710403,190.0000000001,0.0281762775280381,0.0649626956306897,0.00393451696032376,-0.928770353902045,-0.740052316023057,0.39364486440271,0.885279880252332,0.841469979075259,-0.466701287116086,2.27089142466189,-1.78366319287644,1.15168935937687,5.79745585783637,2.6653273897277,0.159098307391667,3.0000000001,0.477294921975,0.159098307391667,3.0000000001,0.477294921975,0.325453944592424,0.555143969911082,1e-10,0.516107366432001,0.737132904803226,0.706967456078985,1.14558439609421,0,0,-0.0247221470926318,-0.0137666363416772,-0.010171333593027,-0.258034250275423,-0.502929512104305,0.801282961744754,-0.256222273780627,-0.256222273780627,0.000155690359118223,0.738347881669416,0.341649069047002,0.284708682547805,-0.0671045218321095,0.523525348813423,-0.672774352676085,-1.54233447645891,0.981926817837942,190.0000000001,0.00222799840852394,0.00170651845179982,0.63646782077591,1.01012562893855,5314.54727900442,0.001953125,253,1,"SNETWORK (1 137 5314.54727900442 0.63646782077591 13000133 253)",13
318,13000134,0.190721816142904,116,0.847990630531859,0.546799996361712,0.449959143780463,0.448153051499128,0.45024912066774,0.930963702197567,0.963179087119529,0.604258846982759,0.669685313123025,0.00175379255553435,0.39228396517964,-0.0835882965969845,0.00175379255553435,0.00175379255553435,0.143743765380888,-0.894235449729925,-0.74271958214355,0.012349200367174,-0.975970386077789,-0.603050539930755,0.694143931109334,-0.735182512335809,-0.673195464551723,0.190721816142904,8,0.343539719625156,0.358146304612041,0.360845401684288,-0.279488340389862,0.175952193766768,-0.572314632419703,0.669522501940493,0.576445774970916,0.308069159572564,10570.0000000001,6.30423701454016,0.101338438694521,3444.0000000001,0.675688726309144,6.9799257407493,0.0893156825718041,0.39287407326523,-0.826879233392192,-1.08566803501637,-0.483621140080696,-0.552123594618865,-0.232927323016216,-0.701471666346396,-0.194317517252704,-0.430671723861068,-0.230268855028214,-0.483315426423068,0.00313507574484127,63.0000000001,0.197509765725,0.00313507574484127,63.0000000001,0.197509765725,0.313235027661868,0.322792528995255,1e-10,0.560381976527224,0.254106985398458,2.0456937688156,0.0455616842703365,1,0.867841683603146,0.975277852907368,0.986233363658323,0.989828666406973,-0.669790045318303,0.435568205353273,0.776371132610949,-0.623251398524016,-0.623251398524016,0.45245903326738,0.229382519546628,0.314647510079435,0.359597911644146,0.874863604493272,0.006358345517658,1.56004175881841,1.49352664052754,0,10570.0000000001,0.0806695160278815,0.00864616644392261,0.346509090865701,4.20028555941829,17920.5548384719,5.82076609134674e-11,358,1,"SNETWORK (1 318 17920.5548384719 0.346509090865701 13000134 358)",13
137,13000135,-0.644190236434628,41,-0.169336007143403,-0.45983907781187,-0.612877153222713,-0.614349237474709,-0.609405455638136,-0.00599741329194396,0.00742581067759339,0.0215477469304588,-0.36000776776691,0.118163883584711,-0.0658050625916243,-0.0104368588731521,0.118163883584711,0.118163883584711,0.559385490325498,-0.0204768653487298,-0.104294099084923,-0.950876976394656,-0.0132604510792771,0.0677281446396492,-0.117429098893948,0.617705950750841,0.326804535448277,-0.644190236434628,1,-1.17778390674365,-0.591148086542381,-0.5821356482985,0.933832747797036,-0.646612235673665,1.78852266210956,-0.360137566236997,-0.552092064602277,0.14269987868855,1931.0000000001,0.509498866315622,0.113690807454097,523.0000000001,0.10994219016944,0.619441056385062,0.0161371347765461,-0.459723540214376,-0.0561699403835327,-0.420368814448859,1.82243517604725,1.03497055391907,-2.78598283456508,1.26377029196354,-4.71190440043252,0.54139370341562,-5.04375279686559,-2.74043992521509,0.202763671975,25.0000000001,5.069091796975,0.202763671975,25.0000000001,5.069091796975,0.083229376679343,0.0160479830927094,1e-10,-0.538758038014176,-0.195866699254169,1.76513400958697,-0.0781704060922261,0,-0.0440532202613966,-3.42243995575329e-16,0,-0.0227070388776269,0.467269837137113,-0.131091508785568,-0.259782127800404,0.522099564057101,0.522099564057101,1.05137786820779,-0.276701147866644,-0.734275008395007,-0.706453593149174,-0.356017378121921,-0.778442824894809,0.0994275316348666,0.516556312869255,0,1931.0000000001,0.0132730172439287,0.0028641174326174,0.237114857084542,0.661064711552017,4620.88653252993,0.001953125,208,1,"SNETWORK (1 137 4620.88653252993 0.237114857084542 13000135 208)",13
328,13000136,0.802018143360615,264,0.833942087661095,0.661934694919581,0.679648502105189,0.676245639047415,0.674971766192546,0.846312074218571,1.0174988166755,0.267769101787557,0.0925592695344957,-0.0455517835817724,0.247113526204902,-0.269991528705663,-0.0455517835817724,-0.0455517835817724,-1.06541946721245,-0.109784132414181,0.00983994572602312,1.03164468806075,-0.356180289679671,-0.560339494672534,0.667148486569063,-0.788859635579387,-0.682989322922567,0.802018143360615,8,0.0907684720551903,0.339704182799775,0.342142015470962,0.0588989606527058,0.789925495004923,-0.596757732737423,0.0924620334493068,0.650425501818194,0.430621409811916,9433.0000000001,7.86420406641197,0.133551941629894,3491.0000000001,0.902629195113282,8.76683326142525,0.113732337390484,0.370018835145979,-0.311329852803802,0.227101179040805,-0.630977631912377,-0.687631622168708,-0.154090231718711,-0.714254654037964,-0.130165415184802,-0.985931136820468,-0.291494664083135,-0.356593858159747,0.1875000001,61.0000000001,11.4375000001,0.1875000001,61.0000000001,11.4375000001,0.194894923811736,0.0387875487991553,1e-10,-1.5108988750283,-1.64746163867742,-0.319877757295222,-0.67275792967681,1,0.955946779738605,1.27717508738715,1.28529677079185,1.31366454417867,0.373973094110793,0.629306010793341,-0.554060760665359,0.411453037358806,0.411453037358806,-3.28288145595413,-2.02143185740886,0.887870290970714,0.849234611864002,1.12598531494708,0.650400569442225,1.01514276100662,0.245648164607358,0,9433.0000000001,0.102022507184742,0.0117098301057422,0.19487510417225,4.10213954452462,18841.0290261088,2.91038304567337e-11,472,1,"SNETWORK (1 328 18841.0290261088 0.19487510417225 13000136 472)",13
318,13000137,0.6194021581971,223,0.826606769083661,0.576140491778701,0.449959143780463,0.448153051499128,0.45024912066774,0.948623791811881,0.964418370639733,0.629557991737441,0.623896189941513,-0.0533230560318293,0.346200485456974,-0.114605425606514,-0.0533230560318293,-0.0533230560318293,-0.757456777345462,-0.882796344078281,-0.738371778606008,-0.00275292408275086,-0.963044191790471,-0.603050539930755,0.694143931109334,-0.735182512335809,-0.673195464551723,0.6194021581971,8,-0.0548258842260425,0.48630052194562,0.491144153830576,-0.356188228286769,0.610487742345678,-0.0508650335595505,0.623833350149501,1.68374259961002,0.280724641418633,3852.0000000001,2.09351528301042,0.103011568230985,1860.0000000001,0.370943926166805,2.46445920907723,0.0286668833487549,0.560549190222153,0.798281625642322,-0.301024175471065,-0.0360868733940334,-0.143473933659398,-0.42326156020455,-0.411378094769647,-0.322285042679961,0.0713221659887181,-0.673564592854831,-1.35992664556559,0.475490663209756,82.0000000001,38.9902343751,0.475490663209756,82.0000000001,38.9902343751,1.39819168569213,0.390256174317433,1e-10,0.411212022457915,0.247586387421903,-0.171505599122703,0.319843472999012,1,0.955946779738605,0.975277852907368,0.986233363658323,0.989828666406974,0.123382507552793,-0.802579505926207,0.451625758646608,0.130280415448151,0.130280415448151,-0.800570394998193,0.422550573591206,0.0951098210183045,-0.0952557672511082,-0.350779031595679,0.336190268518157,-0.888005748687014,-0.932085996363964,0,3852.0000000001,0.0243520192892881,0.00431486395946678,0.896732116042378,1.12370571680367,18572.6222388282,5.82076609134674e-11,330,1,"SNETWORK (1 318 18572.6222388282 0.896732116042378 13000137 330)",13
137,13000138,0.654605125537576,163,-0.166057912338905,-0.453200003638288,-0.550040856219537,-0.551846948500872,-0.54975087933226,-0.0182595579822899,-0.0455105338941585,-0.684860212363373,-0.417017399888144,-0.167733642735388,0.00070188886322016,0.155257666902864,-0.167733642735388,-0.167733642735388,-2.57983040623592,0.165657408882699,0.0290585472828153,-0.716312480979607,0.134748871043649,0,0,0.264817487664191,0.333376028400019,0.654605125537576,1,-1.28853358491514,-1.69368692195464,-1.59916401314527,-0.430009664395827,0.646623025603362,1.63437710892325,-0.417212200520225,-0.71226900587851,0.156655785075004,127.0000000001,0.0367864182026517,0.0802033797710403,190.0000000001,0.0281762775280381,0.0649626956306897,0.00393451696032376,-0.928770353902045,-0.740052316023057,0.39364486440271,0.885279880252332,0.841469979075259,-0.466701287116086,2.27089142466189,-1.78366319287644,1.15168935937687,5.79745585783637,2.6653273897277,0.159098307391667,3.0000000001,0.477294921975,0.159098307391667,3.0000000001,0.477294921975,0.325453944592424,0.555143969911082,1e-10,0.516107366432001,0.737132904803226,0.706967456078985,1.14558439609421,0,0,-0.0247221470926318,-0.0137666363416772,-0.010171333593027,-0.258034250275423,-0.502929512104305,0.801282961744754,-0.256222273780627,-0.256222273780627,0.000155690359118223,0.738347881669416,0.341649069047002,0.284708682547805,-0.0671045218321095,0.523525348813423,-0.672774352676085,-1.54233447645891,0.981926817837942,190.0000000001,0.00222799840852394,0.00170651845179982,0.63646782077591,1.01012562893855,5314.54727900442,0.001953125,253,1,"SNETWORK (1 137 5314.54727900442 0.63646782077591 13000138 253)",13
56,13000139,-1.19621431967225,6,0,0,-0.0539298651555209,-0.0526282971591558,-0.0497659234028937,-0.32327083287947,-0.0528728562632392,-0.46018318578796,0.00799499009396364,1.0103614606783,-0.674008254441874,0.910239386649222,1.0103614606783,1.0103614606783,0.0962732137626487,0.151395231421427,0.318416961123712,0.118622562689402,0.0127153612231684,0.396949460069245,-0.3182243350896,0.145121969788322,0.0313608172450206,-1.19621431967225,2,0.83770036068894,0.575408202171511,0.582064727324264,-0.649546040490385,-1.18924449555769,0.572924136814078,0.00780702386778397,1.42475652597233,0.456345617319849,4176.0000000001,3.04911887611357,0.0853590409506248,1065.0000000001,0.145451805709342,3.19457068172291,0.0347776083666176,0.686805452573095,1.53909913235758,2.09074710934423,-0.0155784716696092,0.68584604424271,1.63075886943112,-0.145267612676833,1.15398302448621,-0.154710078411617,0.58675506364505,0.64121839763379,0.659894024984259,81.0000000001,53.451416015725,0.659894024984259,81.0000000001,53.451416015725,2.029747625088,0.664977250340355,1e-10,-1.21659865926289,-1.39982612041618,-0.853872568652574,-0.721144547517068,-0.0232557920329049,-0.145374652181789,-0.0456386537822686,-0.0156235779160857,0,-3.75183216158827,0.0013774163136001,-0.147919098356728,-2.24849150918492,-2.24849150918492,1.05444396568581,-0.953311488632843,0.144488200380979,-0.122614846565607,-0.86748709900027,0.666443459900102,-0.244503231411791,0.270678809292422,0,4176.0000000001,0.0331941510758742,0.00158345719074342,0.27510615926735,4.2017132441946,5775.29413005976,0.00048828125,5,1,"SNETWORK (1 56 5775.29413005976 0.27510615926735 13000139 5)",13
137,13000140,-0.919359116045023,26,-0.169336007143403,-0.45983907781187,-0.612877153222713,-0.614349237474709,-0.609405455638136,-0.0291883771958484,-0.000197900276594562,-0.00047501880784515,-0.358215092551187,0.139591101367052,-0.0898308250581898,-0.000142212569624909,0.139591101367052,0.139591101367052,0.583707088538842,-0.0300674787586733,-0.114413045098611,-0.983297390460309,-0.0182484853337134,0.0677281446396492,-0.117429098893948,0.617705950750841,0.326804535448277,-0.919359116045023,1,-1.08613966520222,-0.64494342999863,-0.634087271662125,0.658931013263735,-0.906059380561611,1.88508000279829,-0.358414233871876,-0.272374162423343,1.03152423607081,1384.0000000001,2.63968965836138,0.683470502425983,3379.0000000001,4.27017144489442,6.9098611031558,0.187468745695231,-0.492472536157189,-0.134927485575167,-0.798125958656019,1.42401057445479,1.748038812089,0.454510850299984,1.35190474469734,0.820432368059927,0.617842167056861,-3.33808454270308,-1.81865615212196,0.64665763618871,31.0000000001,20.04638671885,0.64665763618871,31.0000000001,20.04638671885,0.570866519627876,0.645257897408939,1e-10,0.173365902986992,-0.104452090578548,-0.117330887507462,0.199138555768763,-1.03276561575505e-16,-0.044053220261396,3.42243995575329e-16,0,-0.0227070388776265,0.889509295107084,-1.00041252908691,0.720737567940745,1.06682669514616,1.06682669514616,-0.061457895325867,0.204809081630578,-0.81495314710548,-1.1530191940633,-1.76988537839379,-0.165473661444333,-1.33040494901387,-0.814058376424499,0,3379.0000000001,0.071616390201551,0.11585235539368,0.19046986532137,3.36660085899908,4539.86597490927,0.001953125,173,1,"SNETWORK (1 137 4539.86597490927 0.19046986532137 13000140 173)",13
56,13000141,-0.517345125749936,94,0,0,0,0,0,-0.212500624744828,-0.0219971612922592,-0.368079788553273,-0.00967573594072962,0.968814408319465,-0.657681906112919,0.914329284552579,0.968814408319465,0.968814408319465,-0.207614119539966,0.220124193415472,0.393383129117606,0.318931128509207,0.052610166741012,0.442037567785408,-0.329724348592432,0,0,-0.517345125749936,2,0.0766674954836399,-0.570744554261048,-0.562381428365759,-0.899690607297566,-0.534558612926001,-0.22106012884232,-0.00959239619804979,-0.518306412814955,0.307069357160636,413.0000000001,0.202911431245497,0.26605530842847,5334.0000000001,2.27062242349658,2.47353385464208,0.0634543188570403,-0.446959739896703,0.339609785003651,0.0989388192600895,-0.194347541902206,-0.111102057706213,0.134857830215081,0.0517097673487755,0.240743998798726,0.0605187894169646,-0.310827323298467,-0.329905249488844,0.885302734475,25.0000000001,22.132568359475,0.885302734475,25.0000000001,22.132568359475,0.661975285048128,1.00078741464722,1e-10,0.272552505989408,0.049582744706441,0.0188774120503919,0.209394990718649,-0.0232557920329049,-0.145374652181789,-0.0247221470926322,-0.0137666363416772,-0.010171333593027,0.374496271950644,-0.817840591356313,0.334719980534553,0.412064239403381,0.412064239403381,-1.55339664117159,0.331779785267416,-1.8787234754708,-2.19674403465855,-2.49489716240344,-1.22847747575187,-1.30071201389258,-0.898625722246258,0,5334.0000000001,0.00520534886058281,0.0582489698964575,0.917434418619184,0.645261463947884,6289.09807421503,0.00048828125,18,1,"SNETWORK (1 56 6289.09807421503 0.917434418619184 13000141 18)",13
140,13000142,-0.26173013663594,143,0.016376969797183,0.0406255841243769,0,0,0,-0.0956701870503062,-0.000246744873994892,-0.566618952186787,-0.0505119024862147,0.960372714585347,-0.739654634475006,0.987517272664421,0.960372714585347,0.960372714585347,-3.30987839464854,0.337267906887247,0.520431940689845,0.612424617241429,0.126828266072293,0.45221133369877,-0.305856068890666,-0.190739766812213,-0.0312046492625428,-0.26173013663594,2,0.375658875865056,0.29065815923484,0.292461695513021,-0.397425196395476,-0.280010953530394,-0.783530442749832,-0.0505509185833371,1.79059759358172,0.72359457334919,3570.0000000001,4.13317220249589,0.100019791027764,13764.0000000001,2.20267584382573,6.33584804622162,0.0852536360019967,0.310722938535585,0.710412914786382,0.0785016645418533,-0.640417035465282,-0.537275091025824,0.285858252859882,-0.855533214743972,0.251194824333758,-1.53987639998987,-0.0486202525726528,-0.0487027042496341,0.167229817808333,75.0000000001,12.542236328225,0.167229817808333,75.0000000001,12.542236328225,0.243141519894432,0.0689857308537593,1e-10,-2.54002438406252,-2.27161456119375,1.74888024586333,-0.738103779391949,0,-6.2602913664822e-16,-0.0247221470926318,-0.0137666363416776,-0.010171333593027,-4.61295882583174,-0.185215022449018,0.271731439272258,-2.47948680918078,-2.47948680918078,0.79077581075666,0.969305175163995,-1.99269764413648,-2.36439322467833,-2.17488266718402,-1.54535668515478,-0.0900638760194954,-0.52365822682657,0,13764.0000000001,0.0556149635373608,0.0296386723646358,0.218146137892147,4.23752272883599,6573.86585400622,0.000244140625,296,1,"SNETWORK (1 140 6573.86585400622 0.218146137892147 13000142 296)",13
56,13000143,-1.09862438736148,16,0,0,-0.0539298651555209,-0.0526282971591558,-0.0497659234028937,-0.322310499815675,-0.0525245752557668,-0.462508993757346,0.00784350797145949,1.01045114353528,-0.674253173492329,0.910535924730067,1.01045114353528,1.01045114353528,0.0941520527719297,0.152101421837209,0.319245366428057,0.120827499653166,0.0131050753097138,0.396949460069245,-0.3182243350896,0.145121969788322,0.0313608172450206,-1.09862438736148,2,1.03706711463234,-0.162375260699781,-0.161757167397658,-1.3727538861944,-1.10373363918328,0.814706222377719,0.00765487823897754,2.24372809834782,0.501825712138085,6874.0000000001,5.51927991137503,0.0687046142060613,4210.0000000001,0.462794280718039,5.98207419199306,0.112908328161119,-0.146763315411749,-0.951899221072317,-1.14606896273388,0.494748879086608,0.601431926334672,0.0506424643691967,0.460698099869063,0.0694532574863119,0.516248113618673,0.751078240478373,0.820786294747002,0.4260986329125,40.0000000001,17.0439453126,0.4260986329125,40.0000000001,17.0439453126,0.439742400594728,0.316672745145399,1e-10,-0.739421051057982,-0.943878044423906,-0.72250818420374,-0.613325179547802,-0.0232557920329049,-0.145374652181789,-0.0456386537822686,-0.0156235779160853,-3.8573928898018e-16,-0.785508956041693,-0.593960242322094,0.03336426400727,-0.717897507315882,-0.717897507315882,1.04182393949732,0.655727198729616,0.0287725818139041,-0.126307879303827,-0.525226795539274,0.335863902612034,-0.321907577526234,-0.12769019558824,0,6874.0000000001,0.104173343040096,0.00873498502102246,0.340368852848905,0.976517225844509,5827.4983245354,0.00048828125,25,1,"SNETWORK (1 56 5827.4983245354 0.340368852848905 13000143 25)",13
319,13000144,-0.133888937645947,34,0.849676501735058,0.527879359151426,0.423921895297046,0.422083328008158,0.425620192291929,0.864993893196953,0.8797978398137,0.544726363633095,0.776116521098994,-0.0142871836382278,0.368209841813165,-0.0435803411309224,-0.0142871836382278,-0.0142871836382278,0.292408084750125,-0.740581033140058,-0.549556901981023,0.409050891863716,-0.880140227040306,-0.604424467785202,0.699593179675348,-0.759818089809216,-0.694672009762475,-0.133888937645947,8,0.494785323638866,-0.248706599371551,-0.247227984969855,-1.02488586191404,-0.149686189367313,-0.50932667161207,0.775963715154989,0.116693806769188,0.144466554375667,1188.0000000001,0.332271488304968,0.0816671947422674,899.0000000001,0.142140111233825,0.474411599438793,0.00955282673534015,-0.217946276042308,0.422229828287287,1.21550623185204,-0.360396006325469,-0.450271680356979,-0.293525320266302,-0.403167837811534,-0.376297024217793,0.189501582652069,-0.0928111977345234,-0.211339567868388,0.486663818459375,16.0000000001,7.78662109385,0.486663818459375,16.0000000001,7.78662109385,0.0354519187685006,0.40690175606393,1e-10,0.327790541020117,-0.340303958957189,1.9162369090456,-0.543112739728116,1,0.867841683603147,1.22175774577911,1.23268413022516,1.27579607796359,-1.67125258246925,0.350817399924326,0.42120423446135,-1.33604543611474,-1.33604543611474,0.673510026616861,-0.906586903990215,0.351503773163496,0.574022708956549,1.1728214873306,-0.0960721746572569,1.04892636999869,1.13169098167961,0,1188.0000000001,0.00669067098509489,0.00286215565024526,0.811074491819109,2.20444514626862,17404.92536737,1.16415321826935e-10,440,1,"SNETWORK (1 319 17404.92536737 0.811074491819109 13000144 440)",13
318,13000145,0.148165194310379,107,0.847990630531859,0.546799996361712,0.449959143780463,0.448153051499128,0.45024912066774,0.919666573028745,0.957997788407918,0.557864823817304,0.673674397055404,0.00776795268272204,0.385453518859846,-0.0885196354159552,0.00776795268272204,0.00776795268272204,0.166183656734211,-0.881972329554903,-0.731155561536587,0.0171102849486219,-0.964831840140789,-0.603050539930755,0.694143931109334,-0.735182512335809,-0.673195464551723,0.148165194310379,8,0.17582168115388,1.2580247534431,1.28575866114654,1.33914767767268,0.142066614995309,-0.736192597137295,0.673515545093925,1.55350359875396,0.0892961400265575,4972.0000000001,0.859553924049555,0.10023261127702,3477.0000000001,0.674719181316618,1.53427310526617,0.0100687127465742,1.98454598195314,-0.0456703104453098,-0.0868117707668064,-0.520519852044896,-0.72056998056836,-0.58042777193489,-1.01295639276479,-0.255826379925483,-1.41038607984669,-0.189996605348873,-0.401057487239931,0.430410471370161,155.0000000001,66.713623046975,0.430410471370161,155.0000000001,66.713623046975,3.21815991224322,0.959340340893866,1e-10,0.116354678383521,0.40853426113591,-0.196931520812083,0.572431055971404,1,0.867841683603147,1.15216222552792,1.16418216806137,1.17853025420361,0.0436158690898794,-0.627453091303506,-0.64893959026637,0.0454585365887676,0.0454585365887676,-1.15730242438195,0.113854135679468,0.432628975567559,0.333255369445762,0.26775414143364,0.475172969472753,-0.524424563060327,-0.897449312937906,0,4972.0000000001,0.00564084805719517,0.00442786458937908,0.303789015498087,9.41649194895647,17869.9274251988,5.82076609134674e-11,362,1,"SNETWORK (1 318 17869.9274251988 0.303789015498087 13000145 362)",13
56,13000146,-0.704904264439386,68,0,0,-0.0539298651555209,-0.0526282971591558,-0.0497659234028937,-0.291370778682418,-0.0415510470750337,-0.458969087120916,-0.0017837307133655,0.995698768534884,-0.676562154848081,0.927234721219461,0.995698768534884,0.995698768534884,-0.02985440263489,0.177250938688876,0.345491564546107,0.198808141218731,0.0270954363846273,0.396949460069245,-0.3182243350896,0.145121969788322,0.0313608172450206,-0.704904264439386,2,-0.199196648254851,0.171800366515091,0.172447048650847,0.291648770694651,-0.714696502617218,-0.0916915461946136,-0.00185611102068175,-0.249481476615657,0.176143491643818,4711.0000000001,1.32769918195957,0.0769094251705882,12969.0000000001,1.59590133408339,2.92360051594295,0.0429843672869106,0.1755910242119,-0.313093582654802,-0.140217946641643,-0.0602789447976401,0.126381512852398,0.400631823926411,-0.28077592140047,0.385841423149811,-0.3496845689513,0.332700736273825,0.359428646878778,0.859022874198558,52.0000000001,44.669189453225,0.859022874198558,52.0000000001,44.669189453225,1.64620584513513,0.961636113806489,1e-10,-1.26145293772666,-0.816854404696974,1.90832975287085,-0.602279047259052,-0.023255792032905,-0.145374652181789,-0.0247221470926322,-0.0137666363416772,-0.0101713335930277,-0.541399547895855,-0.611127243165265,0.525428827656143,-0.514009022613213,-0.514009022613213,-2.57837661254826,0.286423123553068,-0.118215641119504,-0.0613710687157758,-1.04333725841387,0.402298422741811,-0.495467183924272,-0.612330711846792,0,12969.0000000001,0.019520556532108,0.0234638106548026,0.731780276175455,3.26911514973227,6140.59171590439,0.00048828125,40,1,"SNETWORK (1 56 6140.59171590439 0.731780276175455 13000146 40)",13
137,13000147,-0.574271589954217,46,-0.169336007143403,-0.45983907781187,-0.612877153222713,-0.614349237474709,-0.609405455638136,0.0128643487364176,0.0108661061798792,0.0270717940254085,-0.36136815272188,0.103988106979019,-0.0469236374974523,-0.0181650941796337,0.103988106979019,0.103988106979019,0.533146247981054,-0.00960265083395917,-0.0934079337620942,-0.926022353334364,-0.00605839405865412,0.0677281446396492,-0.117429098893948,0.617705950750841,0.326804535448277,-0.574271589954217,1,-0.753776975796491,-0.090791445974933,-0.0906014921899981,0.903619787560053,-0.563617433565774,1.43676361063,-0.361155317093771,-0.0712902254202299,0.439964076005776,716.0000000001,0.582461981978331,0.423406739089105,1333.0000000001,1.04357882894009,1.62604081081842,0.0290890416778208,-0.0842157815340573,0.0514470843504831,-0.564327455994645,1.11402292245671,1.9245704242326,1.89629476433435,0.69017504696561,2.21581046913046,0.0429623071643883,0.962697744823021,0.527533865566471,0.332744140725,25.0000000001,8.318603515725,0.332744140725,25.0000000001,8.318603515725,0.0586849205064443,0.177594767940812,1e-10,0.628448014098001,0.329305075678959,0.161814831747764,0.873671699382126,0,-0.022412048803901,-0.012144767519916,-0.00676291127078784,-0.0165489129547475,0.732574547067426,-0.892184083107986,-0.456103551769533,0.855627839070934,0.855627839070934,-0.129154064612253,0.562822318128685,-0.990069099597636,-1.21468237810904,-1.3005157586272,-0.640952484736776,-0.631950519565862,-0.737562142396656,11984476896.6857,1333.0000000001,0.0104199480705978,0.018669093507223,0.252759941803551,1.38609400275311,4648.06144327689,0.001953125,106,1,"SNETWORK (1 137 4648.06144327689 0.252759941803551 13000147 106)",13
137,13000148,-0.989707918953207,22,-0.169336007143403,-0.45983907781187,-0.612877153222713,-0.614349237474709,-0.609405455638136,-0.0341288729384015,-0.00230730197253404,0.000401973392962535,-0.357947742196301,0.142913414843372,-0.0924990387446333,0.000821120563854804,0.142913414843372,0.142913414843372,0.587284752969687,-0.0309171580635518,-0.115289718369252,-0.987039999100612,-0.0185785320307438,0.0677281446396492,-0.117429098893948,0.617705950750841,0.326804535448277,-0.989707918953207,1,-1.24594154205978,-1.06038358060988,-1.02819346434773,0.32472245901944,-0.987314849061109,1.78863880518714,-0.358140798469943,-0.709560842909504,0.215820464406499,3039.0000000001,1.21272035522734,0.0352408467055805,81.0000000001,0.00527799172193507,1.21799834684928,0.0452879402763728,-0.706125333603515,-0.262866297353185,-0.0752533429702348,1.49095003555517,1.92058017631388,0.727762642023038,1.70426196594088,1.7920253909898,0.897369437589626,-2.90248059305492,-1.58451610052762,0.247102157029348,23.0000000001,5.683349609475,0.247102157029348,23.0000000001,5.683349609475,0.056403203034246,0.0500067582255781,1e-10,-0.234254478965611,-0.333314813295218,1.76630877152809,-0.162054882359975,0,-0.0440532202613966,-6.84487991150658e-16,-3.57648972802931e-16,-0.0227070388776269,0.789142467231564,-0.263030522908015,-0.0689677672643317,0.930522198337039,0.930522198337039,0.440391996811159,0.134025508474966,-0.0858555290555709,-0.235517365419715,-0.716484543681408,0.279062628327119,-0.778070479465589,0.119891644697665,0,3039.0000000001,0.045091692480747,0.00019624769562581,0.177847133343372,1.19024544514514,4517.94077469172,0.001953125,162,1,"SNETWORK (1 137 4517.94077469172 0.177847133343372 13000148 162)",13
137,13000149,-0.589906682485733,45,-0.169336007143403,-0.45983907781187,-0.612877153222713,-0.614349237474709,-0.609405455638136,0.00902981500690027,0.0102016716179106,0.0275553995623234,-0.360911408684037,0.108319964114768,-0.0532336070681573,-0.0186226750474371,0.108319964114768,0.108319964114768,0.542496239831421,-0.0135154419877196,-0.0972592995634803,-0.934644552049678,-0.00869244644454311,0.0677281446396492,-0.117429098893948,0.617705950750841,0.326804535448277,-0.589906682485733,1,-0.670551888959056,-0.0867285167562526,-0.0865553664636331,0.745907586309012,-0.576749383088802,1.84082290989654,-0.361108869183358,0.421795138319971,1.11942147779566,1218.0000000001,2.52103147605258,1.00343597452808,2958.0000000001,5.48813999571168,8.00917147166426,0.142845027931297,-0.0805660462287495,-0.55731283685713,-0.645415596272197,1.3522091554001,2.02670090844519,1.49006315913408,0.845141472251574,1.73707869926008,0.182782698033043,2.97585949104583,1.62598939332763,0.458925189493939,33.0000000001,15.1445312501,0.458925189493939,33.0000000001,15.1445312501,0.356790242026025,0.365577205776698,1e-10,0.710265612193012,0.495721752328548,1.76459639307133,1.08168311468187,0,-0.0237508656972547,-0.011393439434306,-0.00634452819594514,-0.0169298813802849,0.60522714774238,-0.842336808856957,-0.205466072486926,0.691957637665527,0.691957637665527,-0.198925107166184,0.461702629438087,-1.30442598218987,-1.41426406475125,-1.25905369231139,-1.08560103406265,-0.528430064883815,-0.356985551331006,8060487596.18893,2958.0000000001,0.0449630542465697,0.0978819735847272,0.249014706092856,1.7281884356959,4641.55611281736,0.001953125,181,1,"SNETWORK (1 137 4641.55611281736 0.249014706092856 13000149 181)",13
319,13000150,-0.179580597850378,21,0.849676501735058,0.527879359151426,0.423921895297046,0.422083328008158,0.425620192291929,0.863341902652353,0.876936997382701,0.538054753954767,0.778044266506289,-0.0139198580037299,0.366737640523967,-0.0437726515302283,-0.0139198580037299,-0.0139198580037299,0.27416974223836,-0.733350001255314,-0.54111185950432,0.422767533221191,-0.874990970905128,-0.604424467785202,0.699593179675348,-0.759818089809216,-0.694672009762475,-0.179580597850378,8,0.542129504550875,0.051058294115053,0.0511171790816418,-0.822472337095614,-0.19509304636436,-0.368114620714916,0.777932745477309,0.654065398254101,0.150195230027072,4435.0000000001,1.28961205998042,0.147699313793576,2070.0000000001,0.591913362624378,1.8815254225048,0.0302724637930227,0.0498890508237045,1.87693922095998,0.129548390440705,-0.615655268702728,-0.341917013457104,0.716070587310077,-0.420080685308761,0.75431096910475,0.164275169976449,0.716490455743963,1.60454910768351,0.23886969160641,39.0000000001,9.31591796885,0.23886969160641,39.0000000001,9.31591796885,0.102240134870602,0.0377421675069092,1e-10,-1.18520055145328,-1.37897445462431,-0.268829444998742,-0.695899913887678,0.877007873885224,1.00762971110728,1.11446852592804,1.12323690396323,1.18436031392693,-2.91679662381328,0.173468663155618,0.473368973447502,-1.95381236738353,-1.95381236738353,0.252769850497176,-0.405552340745758,0.414721797341265,0.649647627780232,0.920314184892637,0.117974616061081,0.0249288205469236,0.244715599226036,0,4435.0000000001,0.0207489804793162,0.00952348321370655,0.666279653316864,2.14858717204737,17324.465294843,1.16415321826935e-10,437,1,"SNETWORK (1 319 17324.465294843 0.666279653316864 13000150 437)",13
318,13000151,-0.0483388440274754,56,0.849676501735058,0.527879359151426,0.449959143780463,0.448153051499128,0.45024912066774,0.909434066721336,0.947384012884722,0.49861182428089,0.684149311972877,0.0167582758730852,0.387772682270549,-0.089343592981756,0.0167582758730852,0.0167582758730852,0.165720657975059,-0.837496195299099,-0.677052881797767,0.110143869367219,-0.9342637636142,-0.604424467785202,0.699593179675348,-0.759818089809216,-0.694672009762475,-0.0483388440274754,8,0.520773170158536,0.2765589863712,0.278196757776694,-0.587298625129653,-0.0619882822937717,-0.0136192152964052,0.683993241746972,-0.0630464021729002,0.229541311816166,5442.0000000001,2.41840325184041,0.136336638952499,8683.0000000001,2.29187910738007,4.71028235912048,0.064049796275499,0.294069190204618,0.0767847138884796,1.35689875685989,-0.216487747437135,-0.0683236957231194,0.308326599456197,-0.285900481907553,0.273914773461277,0.300845577061273,-0.0672714508983182,-0.145447178850613,0.442003615459043,47.0000000001,20.774169921975,0.442003615459043,47.0000000001,20.774169921975,1.2118691958479,0.976611615061204,1e-10,-0.92607712014333,-1.24975220069778,-0.881777480450694,-0.715886318894873,1,0.867841683603147,1.32904696563017,1.34213135648708,1.36723184200025,-2.23094610569062,-0.233701013801724,-0.0851258794010762,-1.64455538176218,-1.64455538176218,1.86664023919657,-1.2625881327262,2.5888697290245,3.13535527480867,3.00420373831313,1.98323766110364,-1.16148690405355,-1.58905968576624,0,8683.0000000001,0.0328851273740517,0.0311646688014473,0.0334091232094246,1.85056085884571,17549.5011518405,5.82076609134674e-11,309,1,"SNETWORK (1 318 17549.5011518405 0.0334091232094246 13000151 309)",13
328,13000152,0.88383870084327,281,0.833942087661095,0.661934694919581,0.679648502105189,0.676245639047415,0.674971766192546,0.855426514131873,1.0242666206936,0.0129101839221234,0.0880069281325237,-0.0564375639204584,0.260910216559742,-0.27878489269393,-0.0564375639204584,-0.0564375639204584,-4.53222079321929,-0.0975238401739359,0.0179438369080157,1.08634781361772,-0.351527504780215,-0.560339494672534,0.667148486569063,-0.788859635579387,-0.682989322922567,0.88383870084327,8,0.29089602030076,-0.608614905889393,-0.599024934749821,-1.1199336402957,0.867103642106479,-0.293286317321395,0.0878242998644271,-0.431454004088868,0.175538672050761,1289.0000000001,0.438061461118468,0.0564683351649747,33.0000000001,0.00360768205767022,0.441669143076139,0.0116586099193347,-0.470499141760819,-0.836711273547211,-0.186254463961498,-0.527765488599968,-0.293579282586392,0.654796764330856,0.00783046728545012,1.14220699615798,0.135386795817507,1.15827720169675,1.40799711749816,0.781939338335294,17.0000000001,13.2929687501,0.781939338335294,17.0000000001,13.2929687501,0.275927880768309,0.846798338007679,1e-10,0.986044029596093,0.621153200032377,0.231115143087713,1.14309010815804,1,0.955946779738604,1.49113557642077,1.50208271919841,1.53430165797082,0.14702108634137,-0.771235801359852,0.0200810397758148,0.155840566430877,0.155840566430877,-0.296722204820292,-1.7252826933109,0.612476528251232,0.563807009968661,-0.109917442512454,0.910222115019675,-0.00163449124468049,0.115310863440035,5618816989.48777,1289.0000000001,0.0115633789050506,9.52309142841866e-05,0.328284569875363,0.908386511015311,18940.9957922472,2.91038304567337e-11,488,1,"SNETWORK (1 328 18940.9957922472 0.328284569875363 13000152 488)",13
319,13000153,-0.148825010525862,30,0.849676501735058,0.527879359151426,0.423921895297046,0.422083328008158,0.425620192291929,0.864341098392405,0.877992810293952,0.539291339101445,0.777219402857637,-0.0139294216847688,0.366874918735765,-0.0438183875797823,-0.0139294216847688,-0.0139294216847688,0.282362531879166,-0.736886044420461,-0.545221413200917,0.41504605449229,-0.877377610502971,-0.604424467785202,0.699593179675348,-0.759818089809216,-0.694672009762475,-0.148825010525862,8,0.554824082085228,0.973307957928006,0.990869872695048,0.190354186575501,-0.159275400156588,-0.663307387172696,0.777061559935017,1.28333987731405,0.082212945866325,4308.0000000001,0.68568591092525,0.0865501755869522,1543.0000000001,0.258549201348614,0.944235112173864,0.00765109291686178,1.36340260009122,-0.102045044318868,0.00876891981395753,-0.65636274583695,-0.570318862342505,0.25029526955343,-0.924611980488864,0.126275570977118,-0.974553768083276,-0.0261242766195719,-0.0635226095552612,0.0247620928526596,47.0000000001,1.163818359475,0.0247620928526596,47.0000000001,1.163818359475,0.253782426610572,0.281231789286367,1e-10,0.402166684217445,-0.376721653154973,-0.222038848453201,-0.556653159953035,1,0.867841683603147,1.22175774577911,1.23268413022516,1.27579607796359,-1.8638186510654,0.291625977815487,0.516059589528656,-1.44855102264852,-1.44855102264852,1.29561000480601,-1.45573213318916,0.665223694959021,0.853132035784317,1.36477256740231,0.228581997784665,0.749700118926113,0.846792234694027,0,4308.0000000001,0.00555608076829069,0.00209501204857109,0.750995712532842,4.77587647828168,17371.5405935154,1.16415321826935e-10,433,1,"SNETWORK (1 319 17371.5405935154 0.750995712532842 13000153 433)",13
137,13000154,-0.278699443172244,66,-0.169336007143403,-0.45983907781187,-0.612877153222713,-0.614349237474709,-0.609405455638136,0.0239200568906319,0.0124200759356966,0.00780434278380849,-0.363922833890785,0.0813909458386428,-0.0309345114242331,-0.0154099692622135,0.0813909458386428,0.0813909458386428,0.511475845291665,0.00450940433354799,-0.0793125777340533,-0.893792983174387,0.00328634339118228,0.0677281446396492,-0.117429098893948,0.617705950750841,0.326804535448277,-0.278699443172244,1,0.185174545310036,0.649886465237806,0.658247898805105,0.335076337701535,-0.279945520117835,0.0614191655901292,-0.364072836724475,0.264230862682029,0.232329549818616,1372.0000000001,0.58938069516933,0.0878642337318367,1140.0000000001,0.185205688411399,0.774586383480729,0.00797856661655297,0.798867822446571,2.00914868323309,0.833316422776142,0.43943087192997,0.0833589648972,-1.13032035140584,-0.426879893288456,-0.761597834548476,-1.25370338219446,-0.834519832206567,-0.4472853029667,0.0284267328724359,39.0000000001,1.108642578225,0.0284267328724359,39.0000000001,1.108642578225,0.256192090856912,0.275772269244098,1e-10,-2.53573643029452,-3.00429199505853,-1.28842680844163,-0.730614495279873,0,-0.044053220261396,0,0,-0.0227070388776269,0.914550005678431,-0.980134508906677,0.889049116307745,1.10152924008778,1.10152924008778,-0.794030332904474,-2.02143185740886,-0.0606577312429712,-0.168533848526392,-0.192680290949606,0.0456523504406439,-0.0659327267394492,2.32155712603588,0,1372.0000000001,0.00607086979590178,0.00190769672065118,0.313979075359045,3.60710051741391,4754.39672494878,0.001953125,155,1,"SNETWORK (1 137 4754.39672494878 0.313979075359045 13000154 155)",13
318,13000155,0.431861246474929,174,0.826606769083661,0.576140491778701,0.449959143780463,0.448153051499128,0.45024912066774,0.935421124791825,0.958066962077645,0.480736512463873,0.642072075210299,-0.0270088763619513,0.344265553151063,-0.103777615571779,-0.0270088763619513,-0.0270088763619513,-0.259318998064194,-0.888087444626447,-0.739034525952388,-0.0270698245053553,-0.964961511609767,-0.603050539930755,0.694143931109334,-0.735182512335809,-0.673195464551723,0.431861246474929,8,-0.512090422197414,0.202224276600854,0.203114242368353,0.909594222769412,0.415943094318312,0.0875047198547948,0.641914553324355,-0.513648491942133,0.138365959996534,1486.0000000001,0.398068114213493,0.292860223935819,7057.0000000001,4.00119602791895,4.39926414203244,0.0632291303310481,0.209064286964747,0.898558001682416,0.0383451480432853,-0.0188762428652225,0.0460629278000439,0.0443566824588792,-0.18448907339526,0.0432730332013254,0.409113238455592,0.0991306881645182,0.199185589231927,0.507585492150439,57.0000000001,28.932373046975,0.507585492150439,57.0000000001,28.932373046975,1.56815831290854,1.07431440940773,1e-10,0.604479091334391,0.516341791044651,0.0356353022515124,0.950330123984087,1,0.955946779738605,0.975277852907368,0.986233363658323,0.989828666406973,0.324973950032908,-0.871881103904062,0.111853342442965,0.354666094807144,0.354666094807144,-0.200533044646581,-0.293592775207242,0.821300401257272,0.783494959969433,0.214826229057675,1.0257863697896,-0.432726195796152,-0.747132121219706,8251568207.3356,7057.0000000001,0.00572129788438974,0.0575078323466583,0.653338392302698,0.170815240812141,18284.1771802976,5.82076609134674e-11,390,1,"SNETWORK (1 318 18284.1771802976 0.653338392302698 13000155 390)",13
137,13000156,-0.36232841443956,58,-0.169336007143403,-0.45983907781187,-0.612877153222713,-0.614349237474709,-0.609405455638136,0.0250372213652091,0.0146299363638492,0.0278074840770184,-0.362720003472765,0.0886822760783911,-0.029810202410189,-0.0179651497582474,0.0886822760783911,0.0886822760783911,0.513740739792757,-0.000206022718632224,-0.083635881459146,-0.902099587481986,-0.000155527630859066,0.0677281446396492,-0.117429098893948,0.617705950750841,0.326804535448277,-0.36232841443956,1,-1.18940756370066,-0.848043798412804,-0.828406569019369,0.539732959822303,-0.371587900615724,0.312246098955958,-0.362918039912952,-0.465951183147981,1.18181912006309,69.0000000001,0.150777815698224,0.381055522184861,143.0000000001,0.1007538480655,0.251531663663724,0.00795797034057806,-0.605069496918224,0.60092342877036,0.246700102374319,-0.0347863694675005,1.19795095377147,3.2156571545164,0.691848374909161,6.6498400178593,0.0397030882483793,0.76263501084792,0.414351521060452,1.18839518239167,3.0000000001,3.565185546975,1.18839518239167,3.0000000001,3.565185546975,0.148908720738881,1.45232952659586,1e-10,-0.06201364704726,-0.137356115821556,-0.280260692268229,0.152989413721954,-1.03276561575505e-16,-0.0440532202613954,3.42243995575329e-16,0,-0.0227070388776265,0.86650963118963,-0.841210929918826,0.364059421974486,1.03519954173123,1.03519954173123,-0.568179664705299,0.257058970255964,-0.899382242204655,-1.06550970302496,-0.964980433848867,-0.690045009934061,-0.545005237524962,0.336217026085483,0,143.0000000001,0.00477031540470869,0.00318765483586937,0.28960870130796,0.059837550856173,4712.06632203933,0.001953125,134,1,"SNETWORK (1 137 4712.06632203933 0.28960870130796 13000156 134)",13
137,13000157,0.537212520083525,145,-0.166057912338905,-0.453200003638288,-0.550040856219537,-0.551846948500872,-0.54975087933226,-0.0220222866168938,-0.0525457251182224,-0.685079457250637,-0.406497188041299,-0.113032173231892,0.00184539874291155,0.128863940895393,-0.113032173231892,-0.113032173231892,-1.22981407842863,0.156148525895511,0.0437474523590303,-0.692687103371327,0.122566946735132,0,0,0.264817487664191,0.333376028400019,0.537212520083525,1,-0.806444117087855,-0.92576428896838,-0.901954069118573,-0.209629178064575,0.519953989178026,-0.297456775054671,-0.406709228325823,-0.194964394399995,0.123145003982271,1517.0000000001,0.345413829947004,0.20549348745417,1466.0000000001,0.557018189523488,0.902432019370492,0.0302864550668547,-0.643900194525486,-0.586912880353418,0.644598803520344,0.0498028779497816,-0.510858213014293,-1.70975427452343,0.214753357130421,-3.712877969091,-0.558069866650932,-0.819666510880421,-0.386384120513437,1.15289016007024,21.0000000001,24.210693359475,1.15289016007024,21.0000000001,24.210693359475,0.75273219683949,1.39943473204061,1e-10,0.299420521760715,0.665467681843371,-0.0849521580576405,1.00187232102802,1.03276561575505e-16,6.2602913664822e-16,-0.0247221470926315,-0.0137666363416769,-0.010171333593027,-0.275038754595331,-0.369545262200577,0.567740846228545,-0.272367491428578,-0.272367491428578,-0.157640817621818,0.610367387110313,0.51605599816957,0.56985124161622,0.174198248409249,0.635312864605271,-0.506564206817839,-0.701735082327812,0,1517.0000000001,0.0115924082692089,0.0186940466976458,0.577938480367468,2.23574252730373,5212.8840646311,0.001953125,236,1,"SNETWORK (1 137 5212.8840646311 0.577938480367468 13000157 236)",13
56,13000158,-1.13344578291163,12,0,0,-0.0539298651555209,-0.0526282971591558,-0.0497659234028937,-0.322699525952062,-0.052587847741303,-0.462508993757346,0.00789208728701878,1.01046841322226,-0.67422834088341,0.910440361655272,1.01046841322226,1.01046841322226,0.0953896284005988,0.151858079814561,0.318970362067948,0.12009879606652,0.0129651834914145,0.396949460069245,-0.3182243350896,0.145121969788322,0.0313608172450206,-1.13344578291163,2,1.1355851455372,0.217017274912659,0.218038879905487,-1.21029088004051,-1.1343249729985,0.321941413796029,0.00769919249979494,1.65663723243859,0.341060900164969,14662.0000000001,8.00101586689738,0.181983106701076,5172.0000000001,1.50594660384395,9.50696247064133,0.135141315752301,0.225612496870843,-0.428151939703387,1.01651618429789,0.239462711908103,0.39684913069538,0.240578365372986,-0.0586072309618367,0.224322615251974,-0.0465204724680241,-0.676184652696429,-0.739933646076721,0.869608216466525,59.0000000001,51.306884765725,0.869608216466525,59.0000000001,51.306884765725,1.93609058641609,0.977405981502736,1e-10,-0.775374171733587,-1.13655528258403,-0.897264298837305,-0.637783325990111,-0.0232557920329049,-0.145374652181789,-0.0456386537822682,-0.0156235779160857,0,-0.866130469828478,-0.441221573815897,-0.541462017049193,-0.781773719286749,-0.781773719286749,1.57500148259912,-0.267249559457475,0.0261640074644621,-0.163460013406681,-0.61948998587105,0.380463398229353,-0.114195025299542,-0.0909905728220415,0,14662.0000000001,0.113734309370043,0.0214070062822583,0.315547453817753,4.52834920424198,5807.643472229,0.00048828125,15,1,"SNETWORK (1 56 5807.643472229 0.315547453817753 13000158 15)",13
318,13000159,0.319580079907039,150,0.847990630531859,0.546799996361712,0.449959143780463,0.448153051499128,0.45024912066774,0.941204472436068,0.9662058026842,0.616617766578345,0.659688477753607,-0.0081919520051022,0.385514940379419,-0.0945123878259275,-0.0081919520051022,-0.0081919520051022,0.0716528096860225,-0.924617145130651,-0.774970960405383,-0.0355759308476971,-0.998878055736241,-0.603050539930755,0.694143931109334,-0.735182512335809,-0.673195464551723,0.319580079907039,8,0.688617272752429,1.06067340632758,1.08116934508865,0.100913706307562,0.302608180256909,-0.573660395091277,0.659523727558058,0.705892033524589,0.199501791834877,3207.0000000001,1.23866846750416,0.24992118364745,1603.0000000001,0.775614488064713,2.01428295546888,0.015298533639109,1.54037035834397,-2.21124710409489,-2.2685277077769,-0.59205384053118,-0.629549830106458,-0.123975254347832,-0.895083943869077,-0.0677884243013926,-0.954025508462564,0.158467899769712,0.323614700263756,0.0123758762682243,107.0000000001,1.3242187501,0.0123758762682243,107.0000000001,1.3242187501,0.362441224550629,0.336559320656035,1e-10,-1.28771108607581,-1.31420221243558,0.0423741235063847,-0.631863806100412,1,0.867841683603147,0.975277852907368,0.986233363658323,0.989828666406973,0.247376346972209,0.752626785191294,0.454427737723163,0.266557352967601,0.266557352967601,1.23501246697528,-0.33434942877802,0.0564452397117928,0.0954382745612077,0.953624135179699,-0.381679127194813,-0.0490409222434168,2.09642468596153,0,3207.0000000001,0.00940772052005424,0.00589081301905471,0.521788361449755,7.86387796787338,18128.2776946163,5.82076609134674e-11,351,1,"SNETWORK (1 318 18128.2776946163 0.521788361449755 13000159 351)",13
137,13000160,0.580418021951166,153,-0.166057912338905,-0.453200003638288,-0.550040856219537,-0.551846948500872,-0.54975087933226,-0.00805231127682099,-0.0469568282718394,-0.686349926336618,-0.409531425832043,-0.132346276562566,0.0168443161300702,0.111063641993993,-0.132346276562566,-0.132346276562566,-1.50186089089085,0.15376032783511,0.0345430588203536,-0.704028064290637,0.121749854322608,0,0,0.264817487664191,0.333376028400019,0.580418021951166,1,-1.18349768697342,-1.5183882303361,-1.44530351504434,-0.37528104701301,0.568697583210896,1.05978473143785,-0.409565200372059,-0.705438383880608,0.110902361350438,313.0000000001,0.0641833639886068,0.161120792837358,279.0000000001,0.0831176275094519,0.147300991398059,0.0077856071818966,-0.87712326201078,-0.325413253393021,0.719583576581226,0.95951409297751,0.83731216258588,-0.688795326785424,1.79030886927152,-2.32324625075969,0.814591681770157,-4.05020558160193,-1.89070544918696,0.502197265725,9.0000000001,4.519775390725,0.502197265725,9.0000000001,4.519775390725,0.10721939683096,0.430043228681854,1e-10,0.118633441771753,0.317347758225048,1.73453253813744,0.286836692355906,-1.03276561575505e-16,-6.2602913664822e-16,-0.0247221470926315,-0.0137666363416772,-0.010171333593027,-0.396292581934143,0.0326957700540335,-0.329509783186727,-0.384954183133551,-0.384954183133551,0.53443444334991,0.260938798088495,0.682246355679687,0.871449252548552,0.477130120822864,0.704576623620013,0.306183953889,-0.111136747738356,0,313.0000000001,0.00339241744422442,0.00439318963767218,0.604703014555626,1.96031791488739,5259.37303166515,0.001953125,240,1,"SNETWORK (1 137 5259.37303166515 0.604703014555626 13000160 240)",13
137,13000161,0.146524767255312,98,-0.169336007143403,-0.45983907781187,-0.612877153222713,-0.614349237474709,-0.609405455638136,0.0129079613087637,-0.0193714133559386,-0.250337651841597,-0.38271859779088,-0.0114674642606355,0.0202607927697271,0.0408788093980718,-0.0114674642606355,-0.0114674642606355,0.198880397728154,0.0913225577304502,0.00414484818612012,-0.741535114488717,0.0667585769103771,0.0677281446396492,-0.117429098893948,0.617705950750841,0.326804535448277,0.146524767255312,1,-0.800748436388614,0.0935893772630976,0.0937848366908077,1.32510762800994,0.161022033265329,1.76410629444072,-0.382820066826726,-0.305382299726509,0.064409164081103,130.0000000001,0.015482046294956,0.122364276319539,933.0000000001,0.211092903838874,0.22657495003383,0.00353146308577222,0.0928999906798787,-0.433995859436058,-1.10814035946826,1.24032605226423,1.58842428805754,0.578160273408974,0.669911400960372,0.590218332037418,-0.0363210098821262,-0.421452376643579,-0.209794439181302,0.00378715711219512,41.0000000001,0.1552734376,0.00378715711219512,41.0000000001,0.1552734376,0.311390461667988,0.32376398902272,1e-10,-1.2720252052631,-1.38557924343257,-0.198628226334892,-0.610824471308065,0,-0.044053220261396,-0.0247221470926318,-0.0137666363416772,-0.010171333593027,1.0366525198499,0.758334335367691,-0.658625824532604,1.27483234484052,1.27483234484052,0.408585054758619,0.548738937394022,-0.844052282350664,-0.72240233043076,0.348073358769411,-1.28570445652651,0.355654406626069,-0.246612158308872,0,933.0000000001,0.000241307669261188,0.00329015531651103,0.416576705541943,2.59401325032601,4932.60486463892,0.001953125,188,1,"SNETWORK (1 137 4932.60486463892 0.416576705541943 13000161 188)",13
56,13000162,-0.615730649725944,79,0,0,0,0,0,-0.234257972685269,-0.0269399008719225,-0.376515168302536,-0.00705425821293028,0.974784825337692,-0.655581714880039,0.909659947896466,0.974784825337692,0.974784825337692,-0.150973069986729,0.209085380964637,0.381425578081122,0.293768333097914,0.0452953337800994,0.442037567785408,-0.329724348592432,0,0,-0.615730649725944,2,0.210062828648271,0.508483267447235,0.513754356349547,0.0994726158338119,-0.611043906381444,0.371698193987482,-0.00724784354702504,0.255065308554289,0.327030085955658,14185.0000000001,7.42227482867376,0.199392177231158,7641.0000000001,2.43768900083263,9.8599638294064,0.112815733285178,0.591210868855981,2.18385248168944,3.01523325159081,0.918293097078145,0.58654903876303,-1.09568227619219,-0.201071874803439,-0.818440196559548,-0.248067073975465,-0.000733220315423989,0.0103173162994705,2.02755987458771,61.0000000001,123.68115234385,2.02755987458771,61.0000000001,123.68115234385,5.09685570812546,2.70250319470095,1e-10,0.309208134167157,0.280222836992597,-0.0930165573643518,0.200059869330772,-0.0232557920329049,-0.145374652181789,-0.0247221470926318,-0.0137666363416772,-0.010171333593027,-0.192236646304936,0.519965176780789,-0.477537471480117,-0.192905860948133,-0.192905860948133,0.580650251140909,0.016933999884904,-0.671104568199182,-0.512952841881053,0.0248518329274316,-0.887741703826545,0.0233525255967218,-0.368211056382262,0,14185.0000000001,0.0849241834131904,0.0278915497719874,0.808268710313059,1.54006324653398,6201.77547758696,0.00048828125,68,1,"SNETWORK (1 56 6201.77547758696 0.808268710313059 13000162 68)",13
137,13000163,0.207202341325513,103,-0.169336007143403,-0.45983907781187,-0.612877153222713,-0.614349237474709,-0.609405455638136,0.0135806496333113,-0.0204616054072322,-0.269799442178657,-0.383634547656206,-0.0164748932284858,0.0211045288440468,0.0414684733363561,-0.0164748932284858,-0.0164748932284858,0.161384536585818,0.0965339358270163,0.00921209328208093,-0.733774358645759,0.0707470392272613,0.0677281446396492,-0.117429098893948,0.617705950750841,0.326804535448277,0.207202341325513,1,-1.42267195449796,-1.84287619024433,-1.72724841468229,-0.413061789887858,0.196201037078851,0.41479385611345,-0.383813691030387,-1.01402066529392,0.100580528478487,1.0000000001,0.000185973682546264,0.279642660270794,8.0000000001,0.00413647845684694,0.0043224520393932,0.000294206779441028,-0.967775208021911,0.201501001914411,-0.0225524644461362,0.35120016617857,1.5403314257193,3.07563690742418,1.67416455373191,13.7033728756595,0.802363827290078,7.4945257586395,3.81737561454341,0.739677233673718,1e-10,1e-10,0.739677233673718,1e-10,1e-10,0.304609282638464,0.318121945193116,1e-10,-0.265527291550611,-0.221849980956096,-0.286219690348862,-0.188490482301229,0,-0.0371184447834147,-0.0247221470926318,-0.0137666363416772,-0.0101713335930266,0.0601736674298911,-0.0990386663016067,-0.0676001631815424,0.0628860674319945,0.0628860674319945,1.25265346155868,0.223740639041762,-0.750875212562844,-0.867999482643297,-0.757278839314482,-0.595996595661066,1.33739040782138,0.376502742759934,0,8.0000000001,1.26582483627034e-05,0.000281548431078325,0.431679524045911,0.996490779332817,4958.83787981551,0.001953125,196,1,"SNETWORK (1 137 4958.83787981551 0.431679524045911 13000163 196)",13
140,13000164,-0.434605630485812,107,0,0,0,0,0,-0.135258351725303,-0.0143623229670393,-0.483655876999724,-0.0306805457442981,0.978099222743678,-0.704505592161542,0.951139033866228,0.978099222743678,0.978099222743678,-1.23798988960499,0.284462040224273,0.461951458010453,0.465760471294606,0.0952376059100955,0.45221133369877,-0.305856068890666,-0.190739766812213,-0.0312046492625428,-0.434605630485812,2,0.32866537462602,0.000231151286566546,0.000231153091752381,-0.64301058002416,-0.445253384505784,0.193224120729249,-0.030872924877029,-0.117439472221735,0.394872857765353,6644.0000000001,4.19765642622223,0.14302502619081,3313.0000000001,0.758147058401525,4.95580348452375,0.0828221703316266,0.000221645367918438,3.17610030856074,0.952279246893987,0.320505654042009,0.364598579847832,-0.238915676036612,-0.000524676972446074,-0.11383703342664,-0.0301702450946721,0.00383525105811212,0.00358216577649659,1.51546456483214,35.0000000001,53.041259765725,1.51546456483214,35.0000000001,53.041259765725,2.01183507670813,1.93959207871829,1e-10,-0.221771772656337,-0.208711337840538,1.89979147755242,-0.274609224210644,-1.03276561575505e-16,-6.2602913664822e-16,-0.0247221470926322,-0.0137666363416772,-0.0101713335930273,0.588368052014044,0.519727699467381,-1.03996998961561,0.670791091747925,0.670791091747925,0.252018714753623,-1.80835373521174,0.456012313383982,0.603066893080236,0.296263316063841,0.492121811237238,-0.0880868684228428,-0.291480324886669,0.0851396618362342,6644.0000000001,0.0701518969004481,0.0126702733311785,0.00663930130196377,2.94134021025723,6361.79985243089,0.000244140625,277,1,"SNETWORK (1 140 6361.79985243089 0.00663930130196377 13000164 277)",13
140,13000165,-0.25243802871735,145,0.016376969797183,0.0406255841243769,0,0,0,-0.0955946504635961,-0.000420219097779423,-0.586889594701484,-0.0507830275852145,0.960154145858587,-0.741416104322668,0.98881733740099,0.960154145858587,0.960154145858587,-3.3464691617835,0.337779510223516,0.520997144008636,0.613815135297609,0.127138288165209,0.45221133369877,-0.305856068890666,-0.190739766812213,-0.0312046492625428,-0.25243802871735,2,0.421187105366614,0.0459128149123591,0.0459605175182595,-0.701017899506934,-0.270165391745522,-0.693445117481149,-0.0509781408829953,0.317208243275842,0.300344836346264,9012.0000000001,4.33073226289847,0.0505665548966794,3476.0000000001,0.281230951256975,4.61196321405545,0.0744891310996029,0.0447761249084931,0.161325732566167,1.18267165469562,-0.38012787710013,-0.649321684303031,-0.771157298896267,-0.701308204270595,-0.807442451820869,-1.14727934157129,-0.419991250826037,-0.422332234646955,0.0918143137160714,42.0000000001,3.856201171975,0.0918143137160714,42.0000000001,3.856201171975,0.136199341174113,0.181338500530337,1e-10,0.419659716726833,0.572530722560886,0.0432683328963724,0.721671012409644,0,0,-0.0247221470926315,-0.0137666363416772,-0.010171333593027,-0.192892673350934,0.479081188194006,-0.605141724701897,-0.193543826706082,-0.193543826706082,-0.0639213055984254,-0.358800552385604,-0.137591038896738,-0.145097970219765,-0.343370049689062,0.0189251895229665,0.311096219899809,-0.25055407658847,0,9012.0000000001,0.0699468898346071,0.00454224116499582,0.225857283483584,1.92717288434505,6581.59738571226,0.000244140625,302,1,"SNETWORK (1 140 6581.59738571226 0.225857283483584 13000165 302)",13
56,13000166,-0.818039050337173,55,0,0,-0.0539298651555209,-0.0526282971591558,-0.0497659234028937,-0.308691255270535,-0.0462344502192239,-0.472281466081312,0.00170905642762402,1.00275081077736,-0.673845953396737,0.921630318995619,1.00275081077736,1.00275081077736,-0.00163723054359843,0.166622125682433,0.334693868934855,0.16599243472677,0.0211695265391234,0.396949460069245,-0.3182243350896,0.145121969788322,0.0313608172450206,-0.818039050337173,2,-0.195672571738093,-0.0313928624608009,-0.0313706038150577,0.00947286538880103,-0.822098731248985,0.0446005457490832,0.00208818644585144,-0.0477792702864335,0.324187098305906,7924.0000000001,4.11017370599029,0.0560069581744401,7927.0000000001,0.71034745074914,4.82052115663943,0.0824887249309058,-0.0297571560104449,1.0370069892782,1.07310915621068,0.2562195902024,0.165390605836318,-0.423156740096029,-0.0765486464356003,-0.466629353718846,-0.0760850122649053,-0.664869987579608,-0.719057885087942,0.618423786669149,47.0000000001,29.06591796885,0.618423786669149,47.0000000001,29.06591796885,0.964771988286248,0.603195575737342,1e-10,-1.65874906249793,-1.71740033361057,-0.952092242402087,-0.69195463734514,-0.0232557920329049,-0.145374652181789,-0.0456386537822682,-0.0156235779160857,3.8573928898018e-16,0.553945769386909,0.822738733446926,-0.23283784253374,0.627930963819065,0.627930963819065,1.51899327651122,-0.0294035339639388,-0.911710781257213,-0.729471920180225,-0.575725987157926,-0.905332966211054,-0.345854058387985,0.552389082984285,0,7927.0000000001,0.0703332641476885,0.0121554606832173,0.634604636958437,1.01872459229078,6062.86007950418,0.00048828125,82,1,"SNETWORK (1 56 6062.86007950418 0.634604636958437 13000166 82)",13
140,13000167,-0.309787358562492,132,0.016376969797183,0.0406255841243769,0,0,0,-0.0895955665058101,0.000127054595633602,-0.504373249311057,-0.0486823004258937,0.962586705866025,-0.728311392697524,0.977309087124756,0.962586705866025,0.962586705866025,-3.1064933099736,0.334335175643386,0.517289309623093,0.602013449350689,0.125367457868062,0.45221133369877,-0.305856068890666,-0.190739766812213,-0.0312046492625428,-0.309787358562492,2,0.441402992154221,1.08259047406732,1.10384953082796,0.536186727740482,-0.324424588997116,-0.501718724250547,-0.0488781373009259,1.5732340489537,0.449493843551269,3641.0000000001,2.61857133450751,0.096482643500281,22100.0000000001,3.41162627073106,6.03019760513857,0.0450619721950492,1.58657796511475,-0.728104492387378,-0.535470397702576,-0.547074535826593,-0.514734132071165,0.0790332732336715,-0.863751963292659,0.0318713457818887,-1.56209807681078,0.0873440225517983,0.0882720500373373,0.344853677140289,121.0000000001,41.727294921975,0.344853677140289,121.0000000001,41.727294921975,1.51772595943425,0.195635354848415,1e-10,0.456948206440822,0.497828019806039,0.133345333675185,0.54337276202262,0,0,-0.0247221470926318,-0.0137666363416772,-0.010171333593027,-0.454599394815917,0.405586028508048,-0.651997456375386,-0.437540344033924,-0.437540344033924,-0.238971545822735,-0.098228528118139,0.0638603396517324,-0.0378216734453847,-0.245274358010709,0.240241283983854,0.464706070478173,-0.0296428970153998,0,22100.0000000001,0.0195678477105581,0.0254941243844911,0.145484596504983,5.00636162422597,6501.01221580381,0.000244140625,281,1,"SNETWORK (1 140 6501.01221580381 0.145484596504983 13000167 281)",13
137,13000168,-0.731278686091408,36,-0.169336007143403,-0.45983907781187,-0.612877153222713,-0.614349237474709,-0.609405455638136,-0.00932412417404175,0.00722547880128034,0.0199728122971694,-0.359790966159296,0.120239210267919,-0.0660714424131527,-0.0109249216277075,0.120239210267919,0.120239210267919,0.560412516977609,-0.0218462679145264,-0.105539148764623,-0.953928695655605,-0.0141769813229166,0.0677281446396492,-0.117429098893948,0.617705950750841,0.326804535448277,-0.731278686091408,1,-0.573419652652988,-0.0294795691351727,-0.0294599633389253,0.652135303614031,-0.724080508746857,0.688646894897959,-0.35998279457792,-0.216587697241613,0.405192628695978,1760.0000000001,1.31859537554755,0.532268090673217,4745.0000000001,4.66986141392343,5.98845678937098,0.102327925801571,-0.0279631417910804,-0.329082239655066,0.380762833044013,1.21717940202343,1.11685578565898,-0.693337071641791,0.298672536869235,-0.766720062908717,-0.334454222907401,0.892389732770663,0.487341320410441,1.99626277053269,39.0000000001,77.854248046975,1.99626277053269,39.0000000001,77.854248046975,3.09548028030344,2.65587728712716,1e-10,-0.516370599750082,-0.760030203257395,-0.525525334667329,-0.481837362475091,0,-0.044053220261396,-3.42243995575329e-16,0,-0.0227070388776265,0.328179148378574,0.359886272714329,-1.07727704646176,0.35835325797494,0.35835325797494,0.789278627370282,0.291845405354673,-0.851898428006545,-0.720826743570597,-0.871304209431586,-0.673890503478891,0.218814834765096,-0.0348019657136988,0,4745.0000000001,0.0225315359795153,0.0797963897220554,0.220879337275187,4.88090212154757,4592.68605872786,0.001953125,237,1,"SNETWORK (1 137 4592.68605872786 0.220879337275187 13000168 237)",13
137,13000169,0.680199432990077,167,-0.166057912338905,-0.453200003638288,-0.550040856219537,-0.551846948500872,-0.54975087933226,-0.01669716648734,-0.0450652686946755,-0.663524183295406,-0.422264622445786,-0.188716022721098,-0.0163916513345709,0.190055431011792,-0.188716022721098,-0.188716022721098,-3.30653170121825,0.183444648562071,0.0355518635219847,-0.702223049054183,0.149974486198962,0,0,0.264817487664191,0.333376028400019,0.680199432990077,1,-1.35317160151039,-0.942744493080686,-0.917959201531597,0.713738904703112,0.67083939992695,1.59554320680825,-0.422392373482888,-0.69667671528496,0.0580556015118562,266.0000000001,0.0285537472572634,0.0841838135232107,1427.0000000001,0.222121149689279,0.250674896846542,0.00852215799403903,-0.652092529427858,0.387788533745229,-0.184559209355827,1.49638638340119,1.57319141765656,-0.262498133615703,1.50637189620511,-0.555844416683113,0.552129765388745,-2.2184267604005,-0.991691852838635,0.475726787960577,26.0000000001,12.368896484475,0.475726787960577,26.0000000001,12.368896484475,0.844789900834628,1.02685183924897,1e-10,0.339660724884892,0.70127380252219,1.72585555783225,1.07523712989959,0,0,-0.0247221470926322,-0.0137666363416772,-0.010171333593027,-0.243471813772193,-0.461479588537383,0.985954780730783,-0.242324920864325,-0.242324920864325,0.0206779698977205,0.821300358994318,0.136531117160944,0.153882575496504,0.0254727034370409,0.199947995094086,-0.621351039235594,-1.59788090148571,0,1427.0000000001,0.00097073757643434,0.00755142031760469,0.650016235853002,1.71671657252591,5338.08035518108,0.001953125,246,1,"SNETWORK (1 137 5338.08035518108 0.650016235853002 13000169 246)",13
318,13000170,0.617163289354035,222,0.826606769083661,0.576140491778701,0.449959143780463,0.448153051499128,0.45024912066774,0.948348239264245,0.963819516135608,0.629557991737441,0.624007626952543,-0.0531273898155857,0.345790156944637,-0.114408348392613,-0.0531273898155857,-0.0531273898155857,-0.748049793816379,-0.882699461734292,-0.738349546163108,-0.00417347161896614,-0.962766942994514,-0.603050539930755,0.694143931109334,-0.735182512335809,-0.673195464551723,0.617163289354035,8,0.177693539513229,0.396292620709794,0.399570684992733,0.00140078019651596,0.606834852467799,-0.152911944258561,0.623842869509232,1.6402095268167,0.213387604852745,4610.0000000001,1.90449324029514,0.0764000236115094,2164.0000000001,0.320081129106591,2.22457436930173,0.0276688021087777,0.441143540315173,-0.302791573589415,2.58073136881666,-0.0747492305848179,-0.139622160175589,-0.284069506241362,-0.430007150219139,-0.230750248125671,0.0418748228696479,0.191390441016909,0.384839626327144,0.482490234475,75.0000000001,36.186767578225,0.482490234475,75.0000000001,36.186767578225,1.27575728506945,0.400684019727531,1e-10,0.0475412800812401,0.128367329743977,-0.23718392282975,0.197825603689106,1,0.955946779738605,0.975277852907369,0.986233363658323,0.989828666406973,0.224140363073965,-0.830951292638731,0.46343490886604,0.24060148051207,0.24060148051207,-0.823367701315024,0.626296256849022,0.192871583889373,0.0239817744161418,-0.334960549326296,0.459815839119199,-0.959399074593247,-0.664320169591204,0,4610.0000000001,0.0236876982489571,0.00398110375982053,0.889043259861422,1.61870354662917,18563.5102020136,5.82076609134674e-11,370,1,"SNETWORK (1 318 18563.5102020136 0.889043259861422 13000170 370)",13
318,13000171,0.483672626399594,186,0.826606769083661,0.576140491778701,0.449959143780463,0.448153051499128,0.45024912066774,0.944299200796382,0.961531977516377,0.575734317516803,0.638845653708339,-0.0342901328896605,0.356649565633313,-0.103335985116389,-0.0342901328896605,-0.0342901328896605,-0.296024692219031,-0.900202158837427,-0.752315929037473,-0.0267342686109467,-0.97661601517934,-0.603050539930755,0.694143931109334,-0.735182512335809,-0.673195464551723,0.483672626399594,8,-0.512407938819913,-0.281597193583453,-0.279687693376763,0.172897687021852,0.469433405950813,0.133612781364728,0.638732625270773,-0.675411714048944,0.151298346679919,1341.0000000001,0.392800725748006,0.229594213495987,3316.0000000001,1.47395689003341,1.86675761568141,0.0385283440077115,-0.243899041687525,7.45677690018519,2.12172117616694,0.0367847413325266,0.15373000044793,0.132591380181982,0.142738290557049,0.187585212058285,0.799233047735721,0.912247841892636,1.85402862168376,0.109916068512162,37.0000000001,4.06689453135,0.109916068512162,37.0000000001,4.06689453135,0.126997835667071,0.154370805865603,1e-10,0.639771884008462,0.345435631634847,0.0113219947505695,0.57295752086398,1,0.955946779738606,0.97527785290737,0.986233363658323,0.989828666406975,0.383189364883487,-0.866678111370705,-0.0927778398390366,0.422235096807776,0.422235096807776,-0.961600295061614,0.0370727339830428,0.284279827403537,0.175799113028423,-0.265717805581872,0.547614168135892,-0.499036063514106,-1.08325721245437,0,3316.0000000001,0.00810708434702243,0.030421259560689,0.714184723432606,0.614162686099232,18356.2859564586,5.82076609134674e-11,412,1,"SNETWORK (1 318 18356.2859564586 0.714184723432606 13000171 412)",13
140,13000172,-0.266789942752458,142,0.016376969797183,0.0406255841243769,0,0,0,-0.0956701870503062,-9.63130240085967e-05,-0.567741350853709,-0.0502242013369733,0.960793308635612,-0.737678803616751,0.985986692041893,0.960793308635612,0.960793308635612,-3.28204615780226,0.336822561883819,0.519991161919086,0.610896297479396,0.126599652270338,0.45221133369877,-0.305856068890666,-0.190739766812213,-0.0312046492625428,-0.266789942752458,2,0.392884862261276,0.428899734920163,0.432713098352168,-0.263233131833262,-0.284454244028436,-0.532562936778067,-0.0503111291942473,1.49231513969844,0.549185300774227,2970.0000000001,2.60972854890173,0.0924305447834379,22691.0000000001,3.3557463831562,5.96547493195792,0.0724184646565788,0.483490667165684,0.0640758503589106,-0.349423774362474,-0.777534199030161,-0.736510154151993,0.153067307546497,-0.695575167716672,0.120086407114045,-1.13366499912497,-0.0561201534687571,-0.056394806345654,0.09356689463125,76.0000000001,7.111083984475,0.09356689463125,76.0000000001,7.111083984475,0.005949525097601,0.178727534492614,1e-10,0.518918706988417,0.724822725752281,1.74893584973743,0.977282558362566,0,6.2602913664822e-16,-0.0247221470926318,-0.0137666363416769,-0.010171333593027,-0.296090032911324,0.423473716602473,-0.626494033796359,-0.292232303003085,-0.292232303003085,-0.0747126672987554,-0.310505347366491,-0.084552900136988,-0.142982286477207,-0.333847139764822,0.0855151293830066,0.461561128677399,-0.0892996436092986,0,22691.0000000001,0.0316810541612365,0.0407374103953423,0.208101625705241,5.29331335551162,6563.79478693533,0.000244140625,293,1,"SNETWORK (1 140 6563.79478693533 0.208101625705241 13000172 293)",13
56,13000173,-1.16042504124667,10,0,0,-0.0539298651555209,-0.0526282971591558,-0.0497659234028937,-0.323088484904935,-0.052587847741303,-0.462508993757346,0.00791063276897216,1.0104600022414,-0.674226656321551,0.910382770772644,1.0104600022414,1.0104600022414,0.0953330462218928,0.151784680018262,0.318886494907843,0.119926504290742,0.0129212565446825,0.396949460069245,-0.3182243350896,0.145121969788322,0.0313608172450206,-1.16042504124667,2,1.11062793334894,0.687598302464652,0.696885942803691,-0.831725142588791,-1.14777307137113,0.476618165279085,0.00772249851844706,2.33337625487984,0.715316177687566,12185.0000000001,13.9458041983354,0.0615245808952094,515.0000000001,0.0506962546752098,13.9965004529106,0.140188071791925,0.857993800224926,0.684870587717805,-0.160350903453074,0.327029397696771,0.548343404653782,0.396348193696612,-0.249655182824997,0.255070481329869,-0.293408742165546,-0.0855182174857686,-0.0940569050093748,0.669818717089437,71.0000000001,47.55712890635,0.669818717089437,71.0000000001,47.55712890635,1.77232937774557,0.679762892359532,1e-10,-2.00695151277746,-2.22205531276014,-0.913991336980264,-0.737317292204869,-0.0232557920329049,-0.145374652181789,-0.0456386537822686,-0.0156235779160853,0,-3.25208002935726,-0.022067445776648,-0.196397658237935,-2.08177032866175,-2.08177032866175,-3.65371393420719,-0.739687414877639,-0.121774403950743,-0.31803257566125,-0.282861533060889,0.0093485472175688,0.0112869509566987,-0.165331345985675,0,12185.0000000001,0.139680301182085,0.000507770509840154,0.300974974590513,2.39060138911009,5795.98681974008,0.00048828125,8,1,"SNETWORK (1 56 5795.98681974008 0.300974974590513 13000173 8)",13
137,13000174,0.314238682602538,114,-0.169336007143403,-0.45983907781187,-0.612877153222713,-0.614349237474709,-0.609405455638136,0.000203962244255509,-0.0425188028034142,-0.437519197936246,-0.390731230710596,-0.0460336302368361,0.00012389531821804,0.091313259519749,-0.0460336302368361,-0.0460336302368361,-0.191120552519675,0.129909954750326,0.0394397763818654,-0.695761123634861,0.0978131127643256,0.0244718896476977,-0.0463928842676715,0.415324305327625,0.335969349634022,0.314238682602538,1,-0.851243162984383,-0.527578774959748,-0.520500858950361,0.399749901880684,0.295981927967051,-0.34291609686711,-0.390933515601718,-0.586709772340385,0.169642615987775,1761.0000000001,0.552372006809903,0.0660740818332887,279.0000000001,0.0340857367304145,0.586457743440317,0.014562960500681,-0.419317261362099,2.57504391470759,-0.818960585701901,-0.0296052621846253,-0.250896308414903,-0.709206261774706,-0.0903323539850741,-1.13280112425341,-0.860682038691662,-1.53877106350165,-0.764193907784345,0.010650634865625,24.0000000001,0.255615234475,0.010650634865625,24.0000000001,0.255615234475,0.293445926594578,0.302254805814618,1e-10,1.66329040352686,1.2105028536708,0.703571955955408,2.30123582818305,0.0077083871191464,-0.064247727032765,0.0411361613861073,0.0417129507535385,0.0115870664591165,-0.934735366168245,0.0436046336560568,-0.723229908206811,-0.834832044259868,-0.834832044259868,-0.19157479624554,0.757533777536725,-0.254106404539908,-0.203106328000649,-0.0922130531514685,-0.266231659582356,0.509881583484498,-0.204323681789889,31129325804.9919,1761.0000000001,0.0137165409639634,0.000846419436717568,0.471680571849565,0.245565498138996,5028.31816217717,0.001953125,184,1,"SNETWORK (1 137 5028.31816217717 0.471680571849565 13000174 184)",13
318,13000175,0.319580079907039,150,0.847990630531859,0.546799996361712,0.449959143780463,0.448153051499128,0.45024912066774,0.941204472436068,0.9662058026842,0.616617766578345,0.659688477753607,-0.0081919520051022,0.385514940379419,-0.0945123878259275,-0.0081919520051022,-0.0081919520051022,0.0716528096860225,-0.924617145130651,-0.774970960405383,-0.0355759308476971,-0.998878055736241,-0.603050539930755,0.694143931109334,-0.735182512335809,-0.673195464551723,0.319580079907039,8,0.688617272752429,1.06067340632758,1.08116934508865,0.100913706307562,0.302608180256909,-0.573660395091277,0.659523727558058,0.705892033524589,0.199501791834877,3207.0000000001,1.23866846750416,0.24992118364745,1603.0000000001,0.775614488064713,2.01428295546888,0.015298533639109,1.54037035834397,-2.21124710409489,-2.2685277077769,-0.59205384053118,-0.629549830106458,-0.123975254347832,-0.895083943869077,-0.0677884243013926,-0.954025508462564,0.158467899769712,0.323614700263756,0.0123758762682243,107.0000000001,1.3242187501,0.0123758762682243,107.0000000001,1.3242187501,0.362441224550629,0.336559320656035,1e-10,-1.28771108607581,-1.31420221243558,0.0423741235063847,-0.631863806100412,1,0.867841683603147,0.975277852907368,0.986233363658323,0.989828666406973,0.247376346972209,0.752626785191294,0.454427737723163,0.266557352967601,0.266557352967601,1.23501246697528,-0.33434942877802,0.0564452397117928,0.0954382745612077,0.953624135179699,-0.381679127194813,-0.0490409222434168,2.09642468596153,0,3207.0000000001,0.00940772052005424,0.00589081301905471,0.521788361449755,7.86387796787338,18128.2776946163,5.82076609134674e-11,351,1,"SNETWORK (1 318 18128.2776946163 0.521788361449755 13000175 351)",13
56,13000176,-0.564960060545823,85,0,0,0,0,0,-0.229392103325525,-0.0261239013218046,-0.37244502328102,-0.0079004573717942,0.973794078907397,-0.660911683242418,0.912344154141573,0.973794078907397,0.973794078907397,-0.165101390940159,0.211779620412081,0.383923172486743,0.296685467695792,0.047495017109097,0.442037567785408,-0.329724348592432,0,0,-0.564960060545823,2,0.0307311356512808,1.02870739847312,1.0481095484375,1.23131279449434,-0.546096983291662,0.408028110572981,-0.00809129164458305,0.171069658435309,0.593876510664897,3178.0000000001,3.01974328101784,0.271713993343604,7933.0000000001,3.4488113735395,6.46855465445734,0.0503062015763957,1.47429759141881,1.16204178976949,15.0435174100486,0.47628413766098,0.402969990806765,-0.306639399927763,-0.44562412619252,-0.161576021151079,-0.606501747919606,0.682948490454735,0.729436834600841,1.27827412383311,74.0000000001,94.59228515635,1.27827412383311,74.0000000001,94.59228515635,3.82647218766997,1.58622968582825,1e-10,0.332884711481902,0.344969832181398,1.90650103066705,0.252523379936712,-0.0232557920329048,-0.145374652181789,-0.0247221470926318,-0.0137666363416769,-0.010171333593027,-0.438435041508508,0.368037766540225,-0.47677570764194,-0.42306119193681,-0.42306119193681,0.447691771268572,0.043065241903214,-0.921494138236085,-0.957816283398961,-0.59815356135358,-0.907065091918407,0.0748930369875081,-0.0668572291392999,0,7933.0000000001,0.0234846611050143,0.0268215403713814,0.852255658356292,0.8724172654963,6236.96101872876,0.00048828125,81,1,"SNETWORK (1 56 6236.96101872876 0.852255658356292 13000176 81)",13
137,13000177,0.650084837652502,162,-0.166057912338905,-0.453200003638288,-0.550040856219537,-0.551846948500872,-0.54975087933226,-0.0182595579822899,-0.0455105338941585,-0.678582601697892,-0.416936489068649,-0.167089984051769,0.000264760009586514,0.155764350918937,-0.167089984051769,-0.167089984051769,-2.56601682946204,0.165650763006595,0.029123557497346,-0.71642167884535,0.134756671794579,0,0,0.264817487664191,0.333376028400019,0.650084837652502,1,-1.39882078303994,-1.81494669225071,-1.70347917476392,-0.414623926391775,0.634877019631529,0.796640709538789,-0.417115693907778,-0.680103673574299,0.0875862099552964,77.0000000001,0.0124699239988888,0.0816345419316459,394.0000000001,0.0594713129752793,0.071941236874168,0.00479051507453561,-0.960794885464706,0.368708003742325,-0.919122671092898,1.54176334264619,0.340216755577265,-3.89916958396024,1.92535179874918,-16.8483969180097,0.893702719386555,-10.6907958129065,-4.89735199668433,0.054351806740625,8.0000000001,0.434814453225,0.054351806740625,8.0000000001,0.434814453225,0.323598716367366,0.399094367064477,1e-10,-0.0232664626502827,0.493105878346338,0.103074562994872,0.655663871427001,1.03276561575505e-16,0,-0.0247221470926315,-0.0137666363416776,-0.010171333593027,-0.171527905266135,-0.316445103336761,0.399481797796406,-0.172697482282101,-0.172697482282101,0.169398843612516,0.645856996155297,0.341918818303303,0.284745663655248,-0.0351684003340177,0.507587466705884,-0.362825685603537,-0.999172436048305,0,394.0000000001,0.000830363222090118,0.00396015175244549,0.633918702295236,1.56918212928576,5310.11955819371,0.001953125,238,1,"SNETWORK (1 137 5310.11955819371 0.633918702295236 13000177 238)",13
137,13000178,0.824921553181543,183,-0.166057912338905,-0.453200003638288,-0.550040856219537,-0.551846948500872,-0.54975087933226,-0.012882900444638,-0.0429327089057927,-0.731934108388924,-0.426888683985931,-0.218468286397333,-0.0239494631672456,0.197582668932308,-0.218468286397333,-0.218468286397333,-4.52963468995162,0.189025877927733,0.0287941519239856,-0.716600875510449,0.157191022354269,0,0,0.264817487664191,0.333376028400019,0.824921553181543,1,-0.55754226986901,-1.89662574322076,-1.77271220924517,-1.33495567780733,0.813929009788096,1.20304277589852,-0.427030435321551,-0.664453656610957,0.07633010961149,77.0000000001,0.0108673576255131,0.0558805769908579,395.0000000001,0.0408126995602289,0.051680057085742,0.00366944444945161,-0.980811920693421,0.884994928223718,0.572503494229843,0.359891127078615,1.67138386981867,3.28072729261894,2.25899364340324,15.2441992887593,1.11088074293898,3.12586026350212,1.41610313706496,0.2656250001,1.0000000001,0.2656250001,0.2656250001,1.0000000001,0.2656250001,0.29300877511626,0.0776017832316617,1e-10,0.578213212037914,0.896072602852611,1.72248060714537,1.50073632856546,0,0,0.0251119393450704,0.0332945511949721,0.0240683965095613,-0.446489643966574,-0.15777044609468,0.559459166005384,-0.43028553596874,-0.43028553596874,-0.20915214508327,0.635842227815926,0.518925141564513,0.7237509791394,0.712189580247111,0.36458141789332,-0.279864428359769,-0.891925410450524,0,395.0000000001,0.000771616093156908,0.00289782825629471,0.705582780164434,1.11238892433559,5434.59730662623,0.001953125,157,1,"SNETWORK (1 137 5434.59730662623 0.705582780164434 13000178 157)",13
318,13000179,0.166825963410131,111,0.847990630531859,0.546799996361712,0.449959143780463,0.448153051499128,0.45024912066774,0.924697783649555,0.960999253840087,0.58668046858078,0.671879095930731,0.00480537948563288,0.389851602260889,-0.0849075443037162,0.00480537948563288,0.00480537948563288,0.159088253049432,-0.8875373687186,-0.736491829367629,0.0143578674541039,-0.96981057705241,-0.603050539930755,0.694143931109334,-0.735182512335809,-0.673195464551723,0.166825963410131,8,0.383815470571042,0.659350509562872,0.667940479677056,0.0339105610884848,0.159060127309163,-0.244144881579918,0.671723279434199,2.00924318614229,0.232149739683333,4875.0000000001,2.19104926412081,0.109406165865756,4049.0000000001,0.857627891312727,3.04867715533354,0.0311826941640421,0.813552172306347,-0.226452975178031,0.470376138434747,-0.416609682994574,-0.281650345652837,0.328860601324367,-0.594856136828793,0.215844026006638,-0.210383028648468,0.0143877035440097,0.0257426136457958,0.105509897396348,89.0000000001,9.390380859475,0.105509897396348,89.0000000001,9.390380859475,0.714710680456972,0.475308843725725,1e-10,-0.0173232623595464,0.269603657023122,2.04602530156299,0.0459565329397687,1,0.867841683603146,0.975277852907367,0.986233363658323,0.989828666406973,-0.682049606977181,0.422427501091785,0.832562736379109,-0.633447133426272,-0.633447133426272,-0.49214367133584,0.548452958005439,-0.0256148533806727,-0.152954810762234,0.0272198440356379,-0.0193791519639742,1.25645425380691,1.49414140485868,0,4875.0000000001,0.0224106441582109,0.00877204990583119,0.322970934726334,3.57349843602613,17892.6598512019,5.82076609134674e-11,306,1,"SNETWORK (1 318 17892.6598512019 0.322970934726334 13000179 306)",13
319,13000180,-0.148825010525862,30,0.849676501735058,0.527879359151426,0.423921895297046,0.422083328008158,0.425620192291929,0.864341098392405,0.877992810293952,0.539291339101445,0.777219402857637,-0.0139294216847688,0.366874918735765,-0.0438183875797823,-0.0139294216847688,-0.0139294216847688,0.282362531879166,-0.736886044420461,-0.545221413200917,0.41504605449229,-0.877377610502971,-0.604424467785202,0.699593179675348,-0.759818089809216,-0.694672009762475,-0.148825010525862,8,0.554824082085228,0.973307957928006,0.990869872695048,0.190354186575501,-0.159275400156588,-0.663307387172696,0.777061559935017,1.28333987731405,0.082212945866325,4308.0000000001,0.68568591092525,0.0865501755869522,1543.0000000001,0.258549201348614,0.944235112173864,0.00765109291686178,1.36340260009122,-0.102045044318868,0.00876891981395753,-0.65636274583695,-0.570318862342505,0.25029526955343,-0.924611980488864,0.126275570977118,-0.974553768083276,-0.0261242766195719,-0.0635226095552612,0.0247620928526596,47.0000000001,1.163818359475,0.0247620928526596,47.0000000001,1.163818359475,0.253782426610572,0.281231789286367,1e-10,0.402166684217445,-0.376721653154973,-0.222038848453201,-0.556653159953035,1,0.867841683603147,1.22175774577911,1.23268413022516,1.27579607796359,-1.8638186510654,0.291625977815487,0.516059589528656,-1.44855102264852,-1.44855102264852,1.29561000480601,-1.45573213318916,0.665223694959021,0.853132035784317,1.36477256740231,0.228581997784665,0.749700118926113,0.846792234694027,0,4308.0000000001,0.00555608076829069,0.00209501204857109,0.750995712532842,4.77587647828168,17371.5405935154,1.16415321826935e-10,433,1,"SNETWORK (1 319 17371.5405935154 0.750995712532842 13000180 433)",13
137,13000181,0.361548300240039,123,-0.166057912338905,-0.453200003638288,-0.550040856219537,-0.551846948500872,-0.54975087933226,-0.0256750664347385,-0.0564747235625126,-0.566086271465618,-0.39908802182196,-0.0720596773584572,-0.020686688584657,0.158173382281123,-0.0720596773584572,-0.0720596773584572,-0.728850870693683,0.156389482868063,0.0541829600524293,-0.681343254058281,0.121328680805234,0.0244718896476977,-0.0463928842676715,0.415324305327625,0.335969349634022,0.361548300240039,1,-0.493996677795038,-0.80546806735903,-0.787920201101741,-0.493565941112676,0.344835172151956,-0.308777846217929,-0.399136577659696,0.188230812420276,0.243251743556197,3629.0000000001,1.63222593570051,0.0644498477161598,468.0000000001,0.055770571288262,1.68799650688878,0.051708728581038,-0.58283817636711,1.47190100857163,-0.196683957467,-0.184318757512609,-0.423718802191872,-0.734597944960053,0.120389522264051,-1.44445462699567,-0.637858562119804,-1.13071182852685,-0.545076979654413,0.0605468751,20.0000000001,1.2109375001,0.0605468751,20.0000000001,1.2109375001,0.357493949283806,0.408323677361999,1e-10,0.714710428234838,0.749386300123205,0.112637672023976,1.20817593557867,0,0,-0.0247221470926315,-0.0137666363416769,-0.010171333593027,-0.41090255962345,0.0175648702150981,-0.529262076056603,-0.398224042662929,-0.398224042662929,-0.164211051282791,0.591485625223821,0.194012047984975,0.206459811300284,0.148755166713848,0.214458324310415,0.728080853876156,0.469411395769932,855538083.396166,3629.0000000001,0.050000297621609,0.00170843085942896,0.50283511897163,1.62539348733844,5082.4324129217,0.001953125,165,1,"SNETWORK (1 137 5082.4324129217 0.50283511897163 13000181 165)",13
137,13000182,0.0858982286934918,94,-0.169336007143403,-0.45983907781187,-0.612877153222713,-0.614349237474709,-0.609405455638136,0.00578355855552762,-0.0206071633642193,-0.24739778413583,-0.38223214815805,-0.00615649080018776,0.013980270546435,0.0438722871900363,-0.00615649080018776,-0.00615649080018776,0.219571339244406,0.0881308042369502,0.000792200865669202,-0.749612813385538,0.0647459628089774,0.0677281446396492,-0.117429098893948,0.617705950750841,0.326804535448277,0.0858982286934918,1,-0.125502386817243,0.671470823304806,0.680357304920512,0.930798299108867,0.104728549878778,1.69689860557157,-0.382401050871664,-0.25333700094838,0.27272039732745,1908.0000000001,0.962129067779667,0.152806886193969,2736.0000000001,0.773030026483812,1.73515909416348,0.0175886363945772,0.832507803114631,-0.623754337628715,-0.292718941687999,1.43162692129918,1.77940416745765,0.520853043112947,0.217938767314583,0.34054324107937,-0.481974007333468,-1.00788446816537,-0.511997108003249,0.377114572932661,62.0000000001,23.381103515725,0.377114572932661,62.0000000001,23.381103515725,0.716501935294959,0.243697103399299,1e-10,-0.816040391679658,-0.569733176001819,1.60712154237956,-0.296833105011288,1.03276561575505e-16,-0.0227041176243236,-0.0247221470926318,-0.0137666363416776,-0.0101713335930266,0.95321540522198,-1.01730344090133,0.321129694745659,1.15566890412871,1.15566890412871,-1.44681487187078,0.762290451038884,-1.17240602632594,-1.49426223874576,-1.51011833768494,-0.779604671465357,-0.57142424101177,0.0591268882893199,0,2736.0000000001,0.00975273005095361,0.00783590624362361,0.402942310956891,2.70997719997573,4908.92244536206,0.001953125,139,1,"SNETWORK (1 137 4908.92244536206 0.402942310956891 13000182 139)",13
56,13000183,-0.774615123492822,59,0,0,-0.0539298651555209,-0.0526282971591558,-0.0497659234028937,-0.308379768161883,-0.0465153554784899,-0.478890689503481,0.000851040678488919,1.00227788435218,-0.677747263851516,0.925412451464704,1.00227788435218,1.00227788435218,-0.000818871185909542,0.167946209755722,0.335747972783048,0.169484027158548,0.0219861118156707,0.396949460069245,-0.3182243350896,0.145121969788322,0.0313608172450206,-0.774615123492822,2,-0.262289282997381,-0.164303798682693,-0.163670655494289,-0.0612624989796982,-0.788825558917531,0.382259811159746,0.000662087881990467,-0.430930485631795,0.148736550879043,5791.0000000001,1.37813338499714,0.0595773520732191,3183.0000000001,0.303415538228955,1.6815489231261,0.031784185616891,-0.148403291430488,1.71989640273292,0.519103600995081,0.475672980504217,0.413862289179498,-0.392354213107603,0.223000789182523,-0.475872213989937,0.264141416379144,-0.730276594528649,-0.786866914980161,0.445296749091936,31.0000000001,13.80419921885,0.445296749091936,31.0000000001,13.80419921885,0.29825459285608,0.345273780851446,1e-10,0.962342658821306,0.738150735470314,0.16302570765465,1.06156509345153,-0.0232557920329048,-0.145374652181789,-0.0360494800667491,-0.0147723584477982,-0.00466310245922123,-0.0603185270961957,0.182118205349241,-0.729599868901645,-0.0618280273258619,-0.0618280273258619,0.142322519535494,-0.335008439806104,-0.337068498757555,-0.290733911934474,-0.396458416896151,-0.222705044594474,-0.185777609801791,-0.133724808062357,8867354205.92406,5791.0000000001,0.0260491066140166,0.00573507890287432,0.663671409754215,1.13468739432284,6086.11084309569,0.00048828125,56,1,"SNETWORK (1 56 6086.11084309569 0.663671409754215 13000183 56)",13
137,13000184,-0.0107958327190687,87,-0.169336007143403,-0.45983907781187,-0.612877153222713,-0.614349237474709,-0.609405455638136,-0.00498762405859112,-0.0224927726692662,-0.235850142978691,-0.381349186273898,0.00333772648027318,0.00499526077653895,0.0464618626172621,0.00333772648027318,0.00333772648027318,0.249992957587332,0.0817739582340208,-0.00553649605462354,-0.762132704684476,0.0602747846043816,0.0677281446396492,-0.117429098893948,0.617705950750841,0.326804535448277,-0.0107958327190687,1,-0.205465225871241,0.506104518722292,0.511329001015492,0.81280966580495,0.0167376245990498,1.82871770845102,-0.381557602774106,-0.134992070710822,0.101654994081965,956.0000000001,0.179690019586621,0.158757271043653,2422.0000000001,0.710959903341028,0.890649922827649,0.0102086802585798,0.587898901290614,-0.185834359596508,-0.438900744279667,1.62514739698711,1.91779294104598,0.314316269714275,0.377666507605251,0.23290707693947,-0.313958728127467,0.279971368199784,0.146091866392414,0.36944580088125,48.0000000001,17.7333984376,0.36944580088125,48.0000000001,17.7333984376,0.469852541442801,0.232272293734958,1e-10,-0.619926337441079,-0.461528030497181,1.75249525700659,-0.24476444307478,0,-0.0440532202613954,-0.021853818904543,-0.012169403887979,-0.0116257679690625,0.862990496373025,-0.706678464139589,0.406368783457797,1.03038106216348,1.03038106216348,-0.973619058508934,0.515982970582033,-1.38676521166033,-1.62136281014719,-1.78152548813192,-0.929848429435674,-0.72246028360356,0.32045546863907,0,2422.0000000001,0.00205961724109285,0.00814906291748691,0.38053792574847,3.23783666794807,4870.00688949809,0.001953125,205,1,"SNETWORK (1 137 4870.00688949809 0.38053792574847 13000184 205)",13
137,13000185,-0.589906682485733,45,-0.169336007143403,-0.45983907781187,-0.612877153222713,-0.614349237474709,-0.609405455638136,0.00902981500690027,0.0102016716179106,0.0275553995623234,-0.360911408684037,0.108319964114768,-0.0532336070681573,-0.0186226750474371,0.108319964114768,0.108319964114768,0.542496239831421,-0.0135154419877196,-0.0972592995634803,-0.934644552049678,-0.00869244644454311,0.0677281446396492,-0.117429098893948,0.617705950750841,0.326804535448277,-0.589906682485733,1,-0.670551888959056,-0.0867285167562526,-0.0865553664636331,0.745907586309012,-0.576749383088802,1.84082290989654,-0.361108869183358,0.421795138319971,1.11942147779566,1218.0000000001,2.52103147605258,1.00343597452808,2958.0000000001,5.48813999571168,8.00917147166426,0.142845027931297,-0.0805660462287495,-0.55731283685713,-0.645415596272197,1.3522091554001,2.02670090844519,1.49006315913408,0.845141472251574,1.73707869926008,0.182782698033043,2.97585949104583,1.62598939332763,0.458925189493939,33.0000000001,15.1445312501,0.458925189493939,33.0000000001,15.1445312501,0.356790242026025,0.365577205776698,1e-10,0.710265612193012,0.495721752328548,1.76459639307133,1.08168311468187,0,-0.0237508656972547,-0.011393439434306,-0.00634452819594514,-0.0169298813802849,0.60522714774238,-0.842336808856957,-0.205466072486926,0.691957637665527,0.691957637665527,-0.198925107166184,0.461702629438087,-1.30442598218987,-1.41426406475125,-1.25905369231139,-1.08560103406265,-0.528430064883815,-0.356985551331006,8060487596.18893,2958.0000000001,0.0449630542465697,0.0978819735847272,0.249014706092856,1.7281884356959,4641.55611281736,0.001953125,181,1,"SNETWORK (1 137 4641.55611281736 0.249014706092856 13000185 181)",13
318,13000186,0.67987529160315,238,0.826606769083661,0.576140491778701,0.449959143780463,0.448153051499128,0.45024912066774,0.949769510886071,0.965349637698991,0.670367196816763,0.621477071322108,-0.0564326893863026,0.345405883303328,-0.117471717550365,-0.0564326893863026,-0.0564326893863026,-0.826588526752365,-0.880502542308388,-0.735922340061392,0.0110745734692873,-0.962640324272606,-0.603050539930755,0.694143931109334,-0.735182512335809,-0.673195464551723,0.67987529160315,8,1.21975150265128,1.56845091269044,1.60906355115074,-0.0280325706139144,0.685281966350934,-0.414815159978247,0.621321552195614,1.71671182137769,0.0686950752110516,2260.0000000001,0.300568430535656,0.183679715795059,7516.0000000001,2.67274355842692,2.97331198886258,0.0155100732933813,2.82768453620385,1.99860025899908,0.961573340244928,-0.550125469278218,-0.51727018512317,0.069085733862056,-0.933408845786363,0.0141464585133417,-1.11420411395983,-0.00534578584545821,-0.0147384202349154,0.00355843331917808,73.0000000001,0.2597656251,0.00355843331917808,73.0000000001,0.2597656251,0.315953896612384,0.323423240101848,1e-10,0.114208395857945,0.268618001598607,-0.281101644773622,0.314322011930529,1,0.955946779738605,0.975277852907368,0.986233363658323,0.989828666406973,0.159328727785651,-0.662725770549252,0.986682878391379,0.169226298138441,0.169226298138441,0.00968977993740868,0.362875896734703,0.277793677750787,0.150698314491686,0.208577606404722,0.296790985987926,-0.768039348606297,-0.901168084020153,0,7516.0000000001,0.0015678941104384,0.0139421790829429,0.967713426313885,5.16710630565891,18656.7419436475,5.82076609134674e-11,415,1,"SNETWORK (1 318 18656.7419436475 0.967713426313885 13000186 415)",13
137,13000187,-0.246186178940816,70,-0.169336007143403,-0.45983907781187,-0.612877153222713,-0.614349237474709,-0.609405455638136,0.0249008865560116,0.0128631934969701,0.00638077295695191,-0.364174921149904,0.0785582103629577,-0.0275518002262424,-0.0191035911276579,0.0785582103629577,0.0785582103629577,0.507008022035687,0.00599735338645254,-0.0777751998809958,-0.890163028570223,0.00424236775701418,0.0677281446396492,-0.117429098893948,0.617705950750841,0.326804535448277,-0.246186178940816,1,0.129292261600766,-0.447307126212804,-0.442308817842846,-0.845466579920612,-0.241753696538073,1.66831424779858,-0.364273071532613,-0.21990676444817,0.0781153208286619,312.0000000001,0.0450638362116355,0.155967677947876,4036.0000000001,1.16391993939307,1.2089837755047,0.0282608807780741,-0.365521173371025,-0.526569850074217,0.391101500594009,0.977698898230636,1.88537814910958,2.17793009158688,1.08603797760575,3.32898620390793,0.382299992182433,3.03051401302788,1.63235985167799,0.88045654306875,20.0000000001,17.609130859475,0.88045654306875,20.0000000001,17.609130859475,1.07364403084987,1.62981152909332,1e-10,0.988777053221694,0.263117014796285,1.61836171626392,0.538769404364362,0,-0.0220264420822819,-0.0123611654167386,-0.00688341417650337,-0.0164391862353271,0.61390143181338,-0.859005711567969,0.697832774471966,0.702893253201561,0.702893253201561,-0.111138923668489,0.56657189356769,-0.922208226972931,-1.05470275850067,-0.92374062459282,-0.741844310354826,-0.22519831198774,0.288460884697591,7025282682.56039,4036.0000000001,0.00105340015404334,0.0272074805240307,0.327935411612377,1.56324766205585,4778.63834452774,0.001953125,168,1,"SNETWORK (1 137 4778.63834452774 0.327935411612377 13000187 168)",13
56,13000188,-0.626440517068172,78,0,0,-0.0539298651555209,-0.0526282971591558,-0.0497659234028937,-0.271170866365398,-0.0368687277609131,-0.435665134998846,-0.00392548770001682,0.988446737191466,-0.6733913393088,0.923869169415772,0.988446737191466,0.988446737191466,-0.0499271142184431,0.18691184033377,0.355856547338985,0.227889733196589,0.0325877535330782,0.396949460069245,-0.3182243350896,0.145121969788322,0.0313608172450206,-0.626440517068172,2,-0.0036529213298895,0.22472292545826,0.225816520730135,-0.212611312382926,-0.63002889314571,0.550879654262128,-0.00411860022574833,-0.397658499007393,0.250967307012021,8810.0000000001,3.53763515832887,0.145738812001969,8640.0000000001,2.01469333583112,5.55232849405999,0.0784740896874814,0.234303989931837,2.90285792678263,0.648558534370935,0.330580515862481,0.404952487399296,-0.00789421890041412,0.0566019924496139,-0.00581275760153388,0.0736606463849853,0.720015257546141,0.784795172131405,1.66578144939847,49.0000000001,81.623291015725,1.66578144939847,49.0000000001,81.623291015725,3.26008380523706,2.16353168521512,1e-10,1.50210275598727,0.793826451584275,0.609602948998931,1.72597983864172,-0.0232557920329049,-0.145374652181789,0.0694933085946525,0.0931023968990642,0.104279781821112,0.575096007462601,-0.735509279331382,0.880633636580938,0.654209127366609,0.654209127366609,-0.763916804825805,0.469477087893406,-2.30961130390106,-2.65604754035716,-2.62907910918378,-1.74045988502335,-1.41214781081773,-1.2112023223483,8328185588.5686,8810.0000000001,0.0499993288647588,0.0284747607227226,0.798895747447933,1.79402383510023,6194.27796332006,0.00048828125,65,1,"SNETWORK (1 56 6194.27796332006 0.798895747447933 13000188 65)",13
137,13000189,0.500980954527279,140,-0.166057912338905,-0.453200003638288,-0.550040856219537,-0.551846948500872,-0.54975087933226,-0.0238749821879892,-0.0552608299173229,-0.679255503654104,-0.405669534364388,-0.107151547459315,-0.00478830964246406,0.135969174210007,-0.107151547459315,-0.107151547459315,-1.16069201041605,0.158328904562561,0.0473010753319405,-0.689076345637067,0.124189394940697,0,0,0.264817487664191,0.333376028400019,0.500980954527279,1,-0.409749290070126,-1.78437972838642,-1.6773533681602,-1.36767718045461,0.480072830933689,-0.371683305958415,-0.40563747972161,0.140876079772369,0.072026502751981,611.0000000001,0.0813712303761359,0.114752904267213,651.0000000001,0.13812809392481,0.219499324200946,0.0142703793130062,-0.952989310236937,1.30096091080068,0.13131151231272,-0.282978979282731,-0.153843476109321,0.27165833175887,0.793300085462044,1.21346267059237,0.00770031323800601,-1.88109083561731,-0.891241288344969,0.277750651141667,6.0000000001,1.66650390635,0.277750651141667,6.0000000001,1.66650390635,0.231828892614047,0.0956663774429031,1e-10,0.2933777542086,0.614107886243737,0.15324182705447,0.935865180045375,0,0,-0.0247221470926315,-0.0137666363416769,-0.010171333593027,-0.161612736700088,-0.397236786237874,0.384615222620332,-0.162973833996245,-0.162973833996245,-0.147183751838857,0.393086840184936,0.779190914806546,0.787285934571259,0.233159204484351,0.959701517245508,-0.338047222894865,-0.574783894876459,0,651.0000000001,0.00529021361603504,0.0089801655969712,0.562892800103837,1.48638170487973,5186.75029638153,0.001953125,250,1,"SNETWORK (1 137 5186.75029638153 0.562892800103837 13000189 250)",13
137,13000190,0.580418021951166,153,-0.166057912338905,-0.453200003638288,-0.550040856219537,-0.551846948500872,-0.54975087933226,-0.00805231127682099,-0.0469568282718394,-0.686349926336618,-0.409531425832043,-0.132346276562566,0.0168443161300702,0.111063641993993,-0.132346276562566,-0.132346276562566,-1.50186089089085,0.15376032783511,0.0345430588203536,-0.704028064290637,0.121749854322608,0,0,0.264817487664191,0.333376028400019,0.580418021951166,1,-1.18349768697342,-1.5183882303361,-1.44530351504434,-0.37528104701301,0.568697583210896,1.05978473143785,-0.409565200372059,-0.705438383880608,0.110902361350438,313.0000000001,0.0641833639886068,0.161120792837358,279.0000000001,0.0831176275094519,0.147300991398059,0.0077856071818966,-0.87712326201078,-0.325413253393021,0.719583576581226,0.95951409297751,0.83731216258588,-0.688795326785424,1.79030886927152,-2.32324625075969,0.814591681770157,-4.05020558160193,-1.89070544918696,0.502197265725,9.0000000001,4.519775390725,0.502197265725,9.0000000001,4.519775390725,0.10721939683096,0.430043228681854,1e-10,0.118633441771753,0.317347758225048,1.73453253813744,0.286836692355906,-1.03276561575505e-16,-6.2602913664822e-16,-0.0247221470926315,-0.0137666363416772,-0.010171333593027,-0.396292581934143,0.0326957700540335,-0.329509783186727,-0.384954183133551,-0.384954183133551,0.53443444334991,0.260938798088495,0.682246355679687,0.871449252548552,0.477130120822864,0.704576623620013,0.306183953889,-0.111136747738356,0,313.0000000001,0.00339241744422442,0.00439318963767218,0.604703014555626,1.96031791488739,5259.37303166515,0.001953125,240,1,"SNETWORK (1 137 5259.37303166515 0.604703014555626 13000190 240)",13
137,13000191,-0.852462500739391,30,-0.169336007143403,-0.45983907781187,-0.612877153222713,-0.614349237474709,-0.609405455638136,-0.0258890512326556,0.00121969911818152,0.000182983650605915,-0.358480801712979,0.136664658246562,-0.0870791542274051,-0.00116962060454988,0.136664658246562,0.136664658246562,0.58120766163025,-0.0287714024520051,-0.113028468068806,-0.978447775996095,-0.0176355924356391,0.0677281446396492,-0.117429098893948,0.617705950750841,0.326804535448277,-0.852462500739391,1,-0.840570037638065,-0.655092813389165,-0.643867020300271,0.197507032726838,-0.852740774059402,1.50304577406791,-0.358670107696374,-0.260248837976885,0.401999508880609,308.0000000001,0.228935732798872,0.535332327130509,662.0000000001,0.655267764875185,0.884203497574058,0.0241735629170095,-0.498507256251516,2.49729044464062,-1.84984347413899,1.75996838173005,1.7492380706578,-0.555508831575517,1.19955891741851,-0.971881016192121,0.492441563185622,-9.9148150136735,-5.4123457495687,1.30948036605395,19.0000000001,24.880126953225,1.30948036605395,19.0000000001,24.880126953225,0.781968034730927,1.63272022894549,1e-10,-0.26312517902868,-0.2083191344739,1.76600847425333,-0.0191325046326503,-1.03276561575505e-16,-0.044053220261396,3.42243995575329e-16,-3.57648972802931e-16,-0.0227070388776269,0.794904220140476,-0.710631887403323,0.533827409748926,0.938227817394887,0.938227817394887,-0.129254672472896,0.172971272157837,-0.578867303788235,-0.775606187474989,-1.24062762987708,-0.117569758856907,-1.02160837676951,-0.350557563047302,0,662.0000000001,0.00625895773005203,0.0179146050869575,0.202112692071532,0.852279730368965,4560.08911741444,0.001953125,100,1,"SNETWORK (1 137 4560.08911741444 0.202112692071532 13000191 100)",13
137,13000192,0.537212520083525,145,-0.166057912338905,-0.453200003638288,-0.550040856219537,-0.551846948500872,-0.54975087933226,-0.0220222866168938,-0.0525457251182224,-0.685079457250637,-0.406497188041299,-0.113032173231892,0.00184539874291155,0.128863940895393,-0.113032173231892,-0.113032173231892,-1.22981407842863,0.156148525895511,0.0437474523590303,-0.692687103371327,0.122566946735132,0,0,0.264817487664191,0.333376028400019,0.537212520083525,1,-0.806444117087855,-0.92576428896838,-0.901954069118573,-0.209629178064575,0.519953989178026,-0.297456775054671,-0.406709228325823,-0.194964394399995,0.123145003982271,1517.0000000001,0.345413829947004,0.20549348745417,1466.0000000001,0.557018189523488,0.902432019370492,0.0302864550668547,-0.643900194525486,-0.586912880353418,0.644598803520344,0.0498028779497816,-0.510858213014293,-1.70975427452343,0.214753357130421,-3.712877969091,-0.558069866650932,-0.819666510880421,-0.386384120513437,1.15289016007024,21.0000000001,24.210693359475,1.15289016007024,21.0000000001,24.210693359475,0.75273219683949,1.39943473204061,1e-10,0.299420521760715,0.665467681843371,-0.0849521580576405,1.00187232102802,1.03276561575505e-16,6.2602913664822e-16,-0.0247221470926315,-0.0137666363416769,-0.010171333593027,-0.275038754595331,-0.369545262200577,0.567740846228545,-0.272367491428578,-0.272367491428578,-0.157640817621818,0.610367387110313,0.51605599816957,0.56985124161622,0.174198248409249,0.635312864605271,-0.506564206817839,-0.701735082327812,0,1517.0000000001,0.0115924082692089,0.0186940466976458,0.577938480367468,2.23574252730373,5212.8840646311,0.001953125,236,1,"SNETWORK (1 137 5212.8840646311 0.577938480367468 13000192 236)",13
56,13000193,-0.980477782723364,32,0,0,-0.0539298651555209,-0.0526282971591558,-0.0497659234028937,-0.320688619257429,-0.0514659356442891,-0.469259034241079,0.00687323461474818,1.01007760986885,-0.672575328243904,0.910498576768928,1.01007760986885,1.01007760986885,0.0800671027267851,0.154050880984258,0.321442193191507,0.127197700218537,0.0141487897405878,0.396949460069245,-0.3182243350896,0.145121969788322,0.0313608172450206,-0.980477782723364,2,0.480529539799816,0.537291327035937,0.543141341717841,-0.25427612915142,-0.99163391151111,-0.243435684968811,0.00674200446613892,1.6539856512648,0.732548718068444,5364.0000000001,6.28702611718707,0.0849039641268507,17978.0000000001,2.4422455445375,8.72927166162457,0.0977619909612793,0.631783991267951,-0.250672095964066,-0.104855676995963,-0.217158631674671,-0.21780996239519,-0.0923333504936747,-0.546184064536817,-0.0694534178940591,-0.757724139024992,-0.243308471017982,-0.265994254185862,0.567006779913218,87.0000000001,49.32958984385,0.567006779913218,87.0000000001,49.32958984385,1.84973717610145,0.526595370155731,1e-10,0.0497392113650821,0.0131529856834124,-0.132906537527963,0.00992899946791734,-0.0232557920329048,-0.145374652181789,-0.0456386537822686,-0.0156235779160857,0,0.0868781032942274,-0.811368237801862,0.260749178192204,0.0911907063360558,0.0911907063360558,-0.782824906111258,0.765032104221243,-0.759962565314859,-0.995735681275637,-1.23445348350608,-0.364683376905314,-1.06797564013859,-0.762245685401594,0,17978.0000000001,0.0704104779454126,0.0273515129158667,0.455870049917913,1.94610443290892,5919.88873355865,0.00048828125,24,1,"SNETWORK (1 56 5919.88873355865 0.455870049917913 13000193 24)",13
318,13000194,0.148165194310379,107,0.847990630531859,0.546799996361712,0.449959143780463,0.448153051499128,0.45024912066774,0.919666573028745,0.957997788407918,0.557864823817304,0.673674397055404,0.00776795268272204,0.385453518859846,-0.0885196354159552,0.00776795268272204,0.00776795268272204,0.166183656734211,-0.881972329554903,-0.731155561536587,0.0171102849486219,-0.964831840140789,-0.603050539930755,0.694143931109334,-0.735182512335809,-0.673195464551723,0.148165194310379,8,0.17582168115388,1.2580247534431,1.28575866114654,1.33914767767268,0.142066614995309,-0.736192597137295,0.673515545093925,1.55350359875396,0.0892961400265575,4972.0000000001,0.859553924049555,0.10023261127702,3477.0000000001,0.674719181316618,1.53427310526617,0.0100687127465742,1.98454598195314,-0.0456703104453098,-0.0868117707668064,-0.520519852044896,-0.72056998056836,-0.58042777193489,-1.01295639276479,-0.255826379925483,-1.41038607984669,-0.189996605348873,-0.401057487239931,0.430410471370161,155.0000000001,66.713623046975,0.430410471370161,155.0000000001,66.713623046975,3.21815991224322,0.959340340893866,1e-10,0.116354678383521,0.40853426113591,-0.196931520812083,0.572431055971404,1,0.867841683603147,1.15216222552792,1.16418216806137,1.17853025420361,0.0436158690898794,-0.627453091303506,-0.64893959026637,0.0454585365887676,0.0454585365887676,-1.15730242438195,0.113854135679468,0.432628975567559,0.333255369445762,0.26775414143364,0.475172969472753,-0.524424563060327,-0.897449312937906,0,4972.0000000001,0.00564084805719517,0.00442786458937908,0.303789015498087,9.41649194895647,17869.9274251988,5.82076609134674e-11,362,1,"SNETWORK (1 318 17869.9274251988 0.303789015498087 13000194 362)",13
137,13000195,0.726922440911841,173,-0.166057912338905,-0.453200003638288,-0.550040856219537,-0.551846948500872,-0.54975087933226,-0.0144884568648067,-0.0453168338997511,-0.727498146634919,-0.423917303890657,-0.19942185406568,-0.0192378486250032,0.197837675576122,-0.19942185406568,-0.19942185406568,-3.72725815804846,0.185208770846221,0.0330907320568072,-0.707233391505646,0.152315707082556,0,0,0.264817487664191,0.333376028400019,0.726922440911841,1,-1.33232102988181,-1.27533846525571,-1.22648927786646,0.169645970205351,0.712328850377461,0.578402273476067,-0.424125553461524,-0.847179513209946,0.0715796501444412,1.0000000001,0.000132351004999022,0.128547376514918,2075.0000000001,0.493194997643198,0.493327348548197,0.0216211118464045,-0.793557713110288,-1.7282207084137,0.262219606712726,0.468477169116263,0.560405270219251,0.0124100863561583,1.25291952157383,0.0727957673864713,0.342035980806438,-0.515746536316198,-0.218919048258685,0.371599469966071,14.0000000001,5.202392578225,0.371599469966071,14.0000000001,5.202392578225,0.531810766821044,0.871724684475009,1e-10,0.990925375591645,0.803702054960653,0.306868545525691,1.16977931009023,0.011186450510944,0.00635680888443509,0.0758219226153097,0.0811829249724543,0.0589099043039185,-0.700202269705548,0.12877691655672,-0.691829111534493,-0.648469804357865,-0.648469804357865,-0.511617752345589,0.337218149312328,0.209172274290099,0.459165495698034,0.223887583227993,0.19653290445861,0.383414495544131,-0.665450962793186,12923040262.3237,2075.0000000001,5.80055761295812e-06,0.0216153111887915,0.669137750364522,0.291054657660425,5371.2936908408,0.001953125,178,1,"SNETWORK (1 137 5371.2936908408 0.669137750364522 13000195 178)",13
137,13000196,0.538930396293056,146,-0.166057912338905,-0.453200003638288,-0.550040856219537,-0.551846948500872,-0.54975087933226,-0.0224359249723681,-0.0530434860008346,-0.674945431481822,-0.406674108656748,-0.114240476912501,0.00289991855221571,0.127179176395681,-0.114240476912501,-0.114240476912501,-1.24736647659704,0.155983776194935,0.0432959372589458,-0.693025420628602,0.122453576075886,0,0,0.264817487664191,0.333376028400019,0.538930396293056,1,-0.825136478742512,-0.622535499746431,-0.612470782722957,0.217157168780591,0.52822784185158,0.078982680410319,-0.406737950531909,-0.43490514524838,0.219279145747049,1587.0000000001,0.64344525382259,0.201180988299261,2621.0000000001,0.974970112237528,1.61841536596012,0.043172021930047,-0.478988473160557,-0.357601857647464,-0.594948821204574,0.0158565931487713,-0.293406168212737,-1.03407023454181,0.341073245935403,-1.7802363799247,-0.426248717186576,-0.415113596578668,-0.19402853123843,1.25566609710521,24.0000000001,30.135986328225,1.25566609710521,24.0000000001,30.135986328225,1.0115045475416,1.55254862182987,1e-10,0.188140812608586,-0.0469175702625625,0.0265561658735468,-0.180596719064369,1.03276561575505e-16,6.2602913664822e-16,-0.0247221470926322,-0.0137666363416772,-0.010171333593027,-0.484366580133722,0.245782845121949,-0.800975347961947,-0.46400681684977,-0.46400681684977,-0.412883656850423,0.257792323216586,0.226702230175285,0.360875260311946,0.213870776762211,0.225261287720626,0.766636200286877,0.435446729821979,3.24438798987714,2621.0000000001,0.0171642170027152,0.0260078048273318,0.582317420217777,2.67835768908802,5220.49011482102,0.001953125,211,1,"SNETWORK (1 137 5220.49011482102 0.582317420217777 13000196 211)",13
318,13000197,0.602082595258417,217,0.826606769083661,0.576140491778701,0.449959143780463,0.448153051499128,0.45024912066774,0.950873115581419,0.964963831827995,0.662310710041104,0.626648142520223,-0.0506663979666428,0.353062735375199,-0.111977947079821,-0.0506663979666428,-0.0506663979666428,-0.624626410255431,-0.893776714185064,-0.749371516393828,-0.0161302335919118,-0.971834238659695,-0.603050539930755,0.694143931109334,-0.735182512335809,-0.673195464551723,0.602082595258417,8,-0.0437814262541362,-0.339381739349259,-0.336572360926763,-0.553675749897384,0.587116647004802,0.174250273608661,0.62648826675314,2.06607917644376,0.138174127943718,2908.0000000001,0.777911972926344,0.0991356322670467,1398.0000000001,0.268315816230818,1.04622778905716,0.0225505951077802,-0.288002207306305,0.188844590250476,-1.03044079243228,0.0378519388154049,-0.103937989390452,-0.556242250142603,0.210151957688653,-0.770563944615074,0.863647638672973,-0.21888993482544,-0.443173496727395,0.477820763321154,26.0000000001,12.42333984385,0.477820763321154,26.0000000001,12.42333984385,0.237949013310504,0.393727518894258,1e-10,-0.352235975891168,-0.665834482864889,0.0893640060648414,-0.560858458790078,1,0.955946779738605,0.975277852907368,0.986233363658323,0.989828666406973,-2.73715071143883,0.200822818757276,0.0500244569027828,-1.8793210487538,-1.8793210487538,-1.8222363701728,-1.71322613267807,2.11414226223904,2.27521080307334,1.9698808577055,1.87163862612908,-0.0562802670274307,0.354110997698601,0,2908.0000000001,0.0167672642956614,0.0057833307121188,0.867887965556907,0.393481869480736,18538.4391360464,5.82076609134674e-11,420,1,"SNETWORK (1 318 18538.4391360464 0.867887965556907 13000197 420)",13
318,13000198,0.454556868868883,179,0.826606769083661,0.576140491778701,0.449959143780463,0.448153051499128,0.45024912066774,0.942771412112754,0.961168966773344,0.562181335733204,0.639364763083725,-0.0329723628974673,0.354994274336795,-0.103510725761044,-0.0329723628974673,-0.0329723628974673,-0.286358018084153,-0.899372146767006,-0.751464672563406,-0.0301602613944393,-0.975378790980779,-0.603050539930755,0.694143931109334,-0.735182512335809,-0.673195464551723,0.454556868868883,8,-0.985838457885599,-1.08419838501163,-1.05036694764394,-0.139820231141731,0.43769270150612,-0.172445449665157,0.639223692931387,-0.674618275048983,0.0697615170281875,1474.0000000001,0.19907774871811,0.0823083604882105,2265.0000000001,0.360928750907784,0.560006499525894,0.0212040167751816,-0.716506364802121,0.139089866941131,-0.328110056682303,-0.169122515490035,0.181797224112298,0.881898535597297,0.462037804564236,2.20533502567367,1.13059352892473,0.557051788153861,1.13421672813058,0.466851128572222,27.0000000001,12.60498046885,0.466851128572222,27.0000000001,12.60498046885,0.245881713307306,0.377385138620898,1e-10,-0.0774229212938202,0.0874308241055492,-0.202063532442791,0.271062006489322,1,0.955946779738605,0.975277852907368,0.986233363658322,0.989828666406973,0.480139415728382,-0.736708205451953,-0.331508908006922,0.537626291480331,0.537626291480331,0.262471966564233,-0.224699219047287,0.201609546462028,0.127422023873939,-0.206733088976068,0.406138453108515,-0.495732632102622,-0.93945253439306,0,2265.0000000001,0.0075378551957585,0.0136661614794231,0.679250860538866,0.388325680047274,18314.8859566054,5.82076609134674e-11,399,1,"SNETWORK (1 318 18314.8859566054 0.679250860538866 13000198 399)",13
318,13000199,0.591774019826947,215,0.826606769083661,0.576140491778701,0.449959143780463,0.448153051499128,0.45024912066774,0.951511755995389,0.964908600311918,0.661579649868811,0.627252101578528,-0.0496065216454222,0.35530902459157,-0.111724557648872,-0.0496065216454222,-0.0496065216454222,-0.626366841925142,-0.89228710953006,-0.747381631906185,-0.008610271010759,-0.971381420057266,-0.603050539930755,0.694143931109334,-0.735182512335809,-0.673195464551723,0.591774019826947,8,0.069443245856217,-0.461937593082248,-0.456589677337054,-0.797546196967296,0.577420018180749,-0.028672328751371,0.627089299431337,0.657812934464024,0.189622240587166,5532.0000000001,2.03086365190535,0.134347446729258,488.0000000001,0.126928328429552,2.1577919802349,0.0509983344093667,-0.375564212047988,-0.234591749837882,-0.286281646168355,-0.1360734781957,-0.165981788436148,-0.194232835247005,0.143676305990976,-0.286088697695615,0.791814143099766,-0.400795483574098,-0.794534584300952,0.325016902143269,26.0000000001,8.450439453225,0.325016902143269,26.0000000001,8.450439453225,0.0644425253428323,0.166082855807373,1e-10,-0.456497194540272,-0.821353196831987,-0.0684788244688249,-0.657638114774162,1,0.955946779738605,0.975277852907368,0.986233363658323,0.989828666406973,-3.56489712058473,0.154033203339782,0.225097851140894,-2.18926205963007,-2.18926205963007,0.553772386911537,-1.88948757656006,2.61974061124509,2.7956012125946,2.3418259385575,2.36291011557258,-0.135913059651583,0.2699056892184,0,5532.0000000001,0.0479984467478813,0.00299988756148535,0.857906984337388,1.76206814086584,18526.6107097919,5.82076609134674e-11,403,1,"SNETWORK (1 318 18526.6107097919 0.857906984337388 13000199 403)",13
328,13000200,0.827097853074599,269,0.833942087661095,0.661934694919581,0.679648502105189,0.676245639047415,0.674971766192546,0.845930009366671,1.01784654396138,0.284552808769214,0.0923910472424407,-0.0459031124695983,0.246305408248637,-0.269886930897994,-0.0459031124695983,-0.0459031124695983,-1.0912596478417,-0.108739922802271,0.0108047949765744,1.0342088341884,-0.355511643503776,-0.560339494672534,0.667148486569063,-0.788859635579387,-0.682989322922567,0.827097853074599,8,-0.0274451597902178,0.220161903496473,0.2212126054841,0.0824003350560042,0.812487312681472,-0.612214797080482,0.0922028770869709,2.21151847598403,0.334904507573782,5328.0000000001,3.45457424186717,0.152303535938716,3377.0000000001,0.995750121736972,4.45032436350415,0.0631131298094619,0.229153495852269,-0.691176402429162,-1.0501176836411,-0.590754520100303,-0.440869155310213,0.437255489201838,-0.687061472323116,0.405451701328257,-0.926077429338483,0.0353623538079687,0.0421619486618342,0.534986413143478,46.0000000001,24.6093750001,0.534986413143478,46.0000000001,24.6093750001,0.770143620353974,0.478891957761392,1e-10,0.0605755885787329,0.0510683402465707,-0.159865853072054,-0.0380659798546925,1,0.955946779738605,1.27717508738715,1.28529677079185,1.31366454417867,-0.214703385281723,0.599001364303263,-0.245112808803453,-0.214677140064687,-0.214677140064687,0.327755007922266,-0.463056240717107,-0.695066583472082,-0.663017232805468,0.0573999276912201,-0.936635107213827,1.94660512321641,0.906989098432845,0,5328.0000000001,0.0489917081111011,0.0141214215983608,0.229413301855261,5.76469084154814,18866.9092881459,2.91038304567337e-11,476,1,"SNETWORK (1 328 18866.9092881459 0.229413301855261 13000200 476)",13
56,13000201,-0.490602519358888,98,0,0,0,0,0,-0.21045708009226,-0.0219810542649905,-0.369170648967831,-0.0101136062580006,0.967529740367281,-0.656576274752422,0.914039776541929,0.967529740367281,0.967529740367281,-0.214860059964792,0.222118119412945,0.395603515358688,0.324827161930425,0.0537565929921136,0.442037567785408,-0.329724348592432,0,0,-0.490602519358888,2,0.0880560991774059,-0.256928897354313,-0.255348002070082,-0.624003539638478,-0.505040823775257,-0.127470770213265,-0.0102914126307214,0.333862400488883,0.378246270107571,4666.0000000001,2.82383535346614,0.194361212640243,6400.0000000001,1.99025881651041,4.81409416987655,0.097537029257115,-0.224493141530337,-0.384870372290571,-0.34713408386123,0.0625810805477084,-0.140523651783296,-0.735243009054191,-0.0651137798745101,-0.961505130976381,-0.0789888089428371,-0.74740914135753,-0.786675109384068,1.15220199102742,31.0000000001,35.71826171885,1.15220199102742,31.0000000001,35.71826171885,1.25529646343792,1.39840950919158,1e-10,1.38911091909681,0.705343173668693,0.560372598404391,1.52151243091151,-0.0118190624061658,-0.0738823293560647,0.125606604154017,0.145997557787107,0.154947767612218,0.487253489841794,-0.785457838290099,0.425257392752966,0.546236983456576,0.546236983456576,0.147268413709323,0.618982734680961,-1.79676453877275,-2.12204460170643,-2.05459605679727,-1.34280105312667,-1.16759298441431,-0.957179940231734,6100948089.15852,6400.0000000001,0.0572129462953462,0.0403240828617688,0.946584003302588,0.501597225163698,6312.41507975349,0.00048828125,80,1,"SNETWORK (1 56 6312.41507975349 0.946584003302588 13000201 80)",13
140,13000202,-0.419717843612715,110,0,0,0,0,0,-0.135459371146375,-0.0142007870844491,-0.486705472759686,-0.0309277094241369,0.978051133627072,-0.705495681203358,0.951937223556151,0.978051133627072,0.978051133627072,-1.2443224438069,0.284921150494758,0.462406739016634,0.467101385111583,0.0955037396867544,0.45221133369877,-0.305856068890666,-0.190739766812213,-0.0312046492625428,-0.419717843612715,2,0.109431749459759,-0.245806683231886,-0.244363284232292,-0.637318513207554,-0.429408312797355,0.523565631963727,-0.0310185054301587,-0.477061518768348,0.205992550451167,4524.0000000001,1.49105647656063,0.172558061761048,6991.0000000001,1.93016545461419,3.42122193107482,0.0687405970121587,-0.215627810286674,-0.297044278294798,0.478029169218077,0.386882402407814,0.482406707862029,0.0391560473226236,0.36437967189901,0.0599103784551877,0.366880822532018,-0.160663558950836,-0.165812568874558,1.25714789506528,36.0000000001,45.25732421885,1.25714789506528,36.0000000001,45.25732421885,1.67189116004413,1.55475617990323,1e-10,-0.272561025242541,-0.206770809146846,-0.460710269475823,-0.246998708716445,0,0,-0.0247221470926318,-0.0137666363416772,-0.0101713335930273,0.352195976780194,0.624628845137288,-0.660696240158793,0.386103521518765,0.386103521518765,1.08752847010548,-1.04809287852065,-0.0161774834027081,0.0845799989980266,-0.332168950705458,0.176770511775164,0.462110781489706,-0.301356661083589,0,6991.0000000001,0.0299589194415223,0.0387816774706364,0.0253178411444923,1.81926849785144,6380.52777311435,0.000244140625,276,1,"SNETWORK (1 140 6380.52777311435 0.0253178411444923 13000202 276)",13
318,13000203,0.376166327997414,164,0.826606769083661,0.576140491778701,0.449959143780463,0.448153051499128,0.45024912066774,0.931078728628576,0.955283387722176,0.453888238238751,0.64348793249182,-0.0237215896775002,0.338976106846367,-0.103105678656139,-0.0237215896775002,-0.0237215896775002,-0.255094670399975,-0.881303213578799,-0.7318073438135,-0.0291917116193859,-0.95817842484395,-0.603050539930755,0.694143931109334,-0.735182512335809,-0.673195464551723,0.376166327997414,8,-0.207249629194672,0.197417211454829,0.198266269918332,0.34187604743227,0.368164666550602,0.655430632744937,0.643335563954567,-0.559192607143066,0.120165079178575,5735.0000000001,1.33420025844352,0.0793970266815147,1777.0000000001,0.273149863578226,1.60735012192174,0.023184867460006,0.20372548476568,3.60975537694166,0.332372420221742,1.29005291034304,0.0555824266300928,-3.44011413663747,0.126227066198185,-3.23054537046269,0.784272605449267,-2.17937313958678,-4.45625547242228,1.34467605074655,58.0000000001,77.9912109376,1.34467605074655,58.0000000001,77.9912109376,3.7106803570715,2.32139806760789,1e-10,0.211371850082806,0.269096001143914,-0.117716097599172,0.417014767500744,1,0.955946779738606,0.975277852907369,0.986233363658323,0.989828666406973,0.264620011026582,-0.776183133926837,-0.0245579107335491,0.285946032354601,0.285946032354601,-0.258956903418914,-0.560584022633908,1.0575690408713,0.973872725656138,0.267729171511092,1.31707345484974,-0.879298498289474,-1.19513663872509,0,5735.0000000001,0.0192448773925627,0.00393998996744331,0.600346247202988,1.40913358263647,18221.3763727825,5.82076609134674e-11,329,1,"SNETWORK (1 318 18221.3763727825 0.600346247202988 13000203 329)",13
319,13000204,-0.183168262272054,20,0.849676501735058,0.527879359151426,0.423921895297046,0.422083328008158,0.425620192291929,0.863370808211841,0.876374812515462,0.53698466231599,0.778836798651005,-0.0142168742180148,0.366217626078036,-0.0441546440746474,-0.0142168742180148,-0.0142168742180148,0.26800786154457,-0.73009035418741,-0.537813615102378,0.428120085673312,-0.872556930080975,-0.604424467785202,0.699593179675348,-0.759818089809216,-0.694672009762475,-0.183168262272054,8,0.540981978086592,0.0906194542883343,0.0908028435557356,-0.786111748906188,-0.19627260786211,-0.344224516084562,0.778680999977556,0.0119767785724692,0.110529530687508,1592.0000000001,0.340667505701699,0.119006994472699,1477.0000000001,0.340300277980734,0.680967783582433,0.0106373244636215,0.0898526861372987,0.113420002606543,-0.947865429777378,-0.37906036401841,-0.420864420047651,-0.173395141701859,-0.419883521279142,-0.173184988977611,0.165077379723413,-0.367651877733468,-0.828821130618971,0.1097656251,30.0000000001,3.2929687501,0.1097656251,30.0000000001,3.2929687501,0.160797108502904,0.154594933970818,1e-10,0.883692959391056,0.64454290904097,0.17599644968044,0.179023744690208,0.752353662680459,1.14930699599469,1.21488456242916,1.22567270023913,1.26993850185446,-2.42894923667,-0.133016645761072,-0.244625028958554,-1.7409887144839,-1.7409887144839,-0.279291258216089,-0.598620410093832,0.843051344876126,0.733128973022369,0.746845719267604,0.783539029555676,-0.276300842655791,0.478845626684107,14960619607.3336,1592.0000000001,0.00532153039413883,0.00531579396948266,0.656420407649085,0.551965960650705,17318.9866767534,1.16415321826935e-10,444,1,"SNETWORK (1 319 17318.9866767534 0.656420407649085 13000204 444)",13
56,13000205,-0.797850861379482,57,0,0,-0.0539298651555209,-0.0526282971591558,-0.0497659234028937,-0.308545895138577,-0.0463299962462523,-0.477821798778625,0.00131073886389967,1.00275684539361,-0.675460460049547,0.922879739087211,1.00275684539361,1.00275684539361,-0.00577852710963341,0.167540386801084,0.335560191100092,0.168023448673654,0.0217874772855692,0.396949460069245,-0.3182243350896,0.145121969788322,0.0313608172450206,-0.797850861379482,2,-0.130671634522568,-0.164822377963344,-0.164185155934307,-0.249839742799074,-0.80380194512214,0.436647508679577,0.00112033016422085,-0.528443959576114,0.240903372799599,4658.0000000001,1.79540465615406,0.0787815157626149,7414.0000000001,0.934537851495415,2.72994250754947,0.0516206882044997,-0.148843880536715,0.00900518091918025,0.309797704530697,0.34276231554949,0.320277290150014,-0.27667073108762,0.255666026069991,-0.333558099196213,0.299377620643598,-0.182892842040041,-0.196813218914818,0.671319580178125,40.0000000001,26.852783203225,0.671319580178125,40.0000000001,26.852783203225,0.868118862653178,0.681998853345925,1e-10,0.708230619841335,0.530307546892274,0.124098130014018,0.48722720732043,-0.0232557920329049,-0.145374652181789,-0.035176445858203,-0.0146948601695662,-0.00508764868902396,-0.169133585163812,0.262691769061956,-0.830195906371262,-0.170352267225967,-0.170352267225967,0.324090848419732,-0.618937041373912,0.0220304591566654,0.13054241000234,-0.162847963890215,0.141818994572659,0.27197288309703,-0.0538361551518864,12537817231.5927,7414.0000000001,0.0339494416159416,0.0176712464885581,0.65122948906138,0.710215805164342,6076.15844285209,0.00048828125,11,1,"SNETWORK (1 56 6076.15844285209 0.65122948906138 13000205 11)",13
56,13000206,-0.524519260070763,93,0,0,0,0,0,-0.217394468029106,-0.0234051764440334,-0.367108588182649,-0.00928923496727646,0.969999934742074,-0.65883221705229,0.914676426448696,0.969999934742074,0.969999934742074,-0.196216550824949,0.218293861582619,0.391249381171421,0.313670934955605,0.0515383599691008,0.442037567785408,-0.329724348592432,0,0,-0.524519260070763,2,0.0806081658114136,-0.364501810383919,-0.36124307078326,-0.719649010578742,-0.539909326288678,-0.12170326290898,-0.0094638848416793,-0.390318690616641,0.184503971386867,358.0000000001,0.105683874853028,0.281124010525376,5173.0000000001,2.32680720958679,2.43249108433982,0.0534291396647311,-0.306598099805777,0.0838313597704897,-0.201190894124208,-0.238003225065112,0.180039716481487,1.08322927558652,0.00578034744201672,1.56080943212641,0.00723170788336326,0.284465510292447,0.305999024459008,0.832068810196154,26.0000000001,21.6337890626,0.832068810196154,26.0000000001,21.6337890626,0.64019234675046,0.921480395414619,1e-10,0.61643714184317,0.563522302913561,0.0358203190104594,1.09193954963176,-0.0232557920329049,-0.145374652181789,-0.0247221470926318,-0.0137666363416776,-0.010171333593027,0.256567144370484,-0.460218408944046,0.198722128498134,0.276877967958466,0.276877967958466,-0.599281412743882,0.368269466094079,-1.60187338447819,-1.89404095917851,-1.8511211391818,-1.18410914044619,-0.873693977327583,-0.660567665354511,0,5173.0000000001,0.00232132340813317,0.0511078161565979,0.909634351310493,0.430408666638912,6282.85873274198,0.00048828125,90,1,"SNETWORK (1 56 6282.85873274198 0.909634351310493 13000206 90)",13
56,13000207,-0.748465521712529,62,0,0,-0.0539298651555209,-0.0526282971591558,-0.0497659234028937,-0.305471801250624,-0.0459360389449178,-0.481876141733844,-2.76541036207469e-05,1.00113821981225,-0.681098184051756,0.929392060084694,1.00113821981225,1.00113821981225,0.00113170699703053,0.169484752242767,0.337067048251592,0.173603343781361,0.0229274269205163,0.396949460069245,-0.3182243350896,0.145121969788322,0.0313608172450206,-0.748465521712529,2,-0.674531996739447,-0.643341915603796,-0.632543445201087,-0.0527791512006508,-0.758194119552065,0.620483246505004,-0.000202040203949,-0.483887761524404,0.711128220393989,2941.0000000001,3.34628495351257,0.0797738464197211,1707.0000000001,0.217878329168239,3.56416328258081,0.0965810520379692,-0.491516171928573,-0.324245968789477,-0.165577028098397,0.40078105979314,0.18394515627433,-0.84645174715549,0.730277462320222,-1.47699559614439,0.759727360166015,-1.27050367214788,-1.37289148954781,0.944592927731579,19.0000000001,17.9472656251,0.944592927731579,19.0000000001,17.9472656251,0.479192655955164,1.08911696315606,1e-10,0.417664967132156,0.582730611841743,0.0708160199654893,0.977809023255142,-0.0232557920329049,-0.145374652181789,-0.0271915829158128,-0.0139858942366326,-0.00897050369333051,0.129656985627766,0.0650538681395827,-0.452516010034809,0.137045893208307,0.137045893208307,-0.171874890751008,-0.403126488589698,-0.311493917754176,-0.277131912880995,-0.640976343483668,-0.0634465626814374,-0.333394658184099,-0.614246912336654,0,2941.0000000001,0.0906770243870061,0.00590402755096302,0.688473356580856,0.666684073196882,6105.95013541504,0.00048828125,9,1,"SNETWORK (1 56 6105.95013541504 0.688473356580856 13000207 9)",13
318,13000208,0.6194021581971,223,0.826606769083661,0.576140491778701,0.449959143780463,0.448153051499128,0.45024912066774,0.948623791811881,0.964418370639733,0.629557991737441,0.623896189941513,-0.0533230560318293,0.346200485456974,-0.114605425606514,-0.0533230560318293,-0.0533230560318293,-0.757456777345462,-0.882796344078281,-0.738371778606008,-0.00275292408275086,-0.963044191790471,-0.603050539930755,0.694143931109334,-0.735182512335809,-0.673195464551723,0.6194021581971,8,-0.0548258842260425,0.48630052194562,0.491144153830576,-0.356188228286769,0.610487742345678,-0.0508650335595505,0.623833350149501,1.68374259961002,0.280724641418633,3852.0000000001,2.09351528301042,0.103011568230985,1860.0000000001,0.370943926166805,2.46445920907723,0.0286668833487549,0.560549190222153,0.798281625642322,-0.301024175471065,-0.0360868733940334,-0.143473933659398,-0.42326156020455,-0.411378094769647,-0.322285042679961,0.0713221659887181,-0.673564592854831,-1.35992664556559,0.475490663209756,82.0000000001,38.9902343751,0.475490663209756,82.0000000001,38.9902343751,1.39819168569213,0.390256174317433,1e-10,0.411212022457915,0.247586387421903,-0.171505599122703,0.319843472999012,1,0.955946779738605,0.975277852907368,0.986233363658323,0.989828666406974,0.123382507552793,-0.802579505926207,0.451625758646608,0.130280415448151,0.130280415448151,-0.800570394998193,0.422550573591206,0.0951098210183045,-0.0952557672511082,-0.350779031595679,0.336190268518157,-0.888005748687014,-0.932085996363964,0,3852.0000000001,0.0243520192892881,0.00431486395946678,0.896732116042378,1.12370571680367,18572.6222388282,5.82076609134674e-11,330,1,"SNETWORK (1 318 18572.6222388282 0.896732116042378 13000208 330)",13
318,13000209,-0.0677441692840836,51,0.849676501735058,0.527879359151426,0.449959143780463,0.448153051499128,0.45024912066774,0.910016031535601,0.947326800730666,0.500299241587205,0.68458915172186,0.016997434761368,0.38884397206775,-0.0888633452712189,0.016997434761368,0.016997434761368,0.154598181800484,-0.835270335418636,-0.67412444406988,0.116902870548225,-0.933005576881628,-0.604424467785202,0.699593179675348,-0.759818089809216,-0.694672009762475,-0.0677441692840836,8,0.336287836527822,0.582103680452454,0.588906561546658,0.00479822113448173,-0.0799739358093119,-0.211251714333927,0.774285845938928,-0.287932513892585,0.404313629578166,8845.0000000001,6.92349751319344,0.0499981100322811,2958.0000000001,0.286326192723908,7.20982370581735,0.0780999623768287,0.696630548233871,0.0374177188586549,2.34565768098733,-0.257907333907579,-0.227403348385211,0.00292148077596841,-0.545448496346466,-0.000475604271883822,-0.0490698068054551,-0.242566446606207,-0.385354804825068,0.452603426946591,66.0000000001,29.871826171975,0.452603426946591,66.0000000001,29.871826171975,1.60918657848339,0.992403038761279,1e-10,-2.54002438411308,-2.35646888905741,1.90308130805438,-0.734293329224339,1,0.867841683603147,1.32904696563017,1.34213135648708,1.36723184200024,-3.39190052725882,0.090744139346274,0.506295470958764,-2.1311631465295,-2.1311631465295,-2.84279754605866,0.969305175163995,-0.951756881221713,-0.999006403684737,-0.707439796268041,-0.892052644453836,0.127116467500921,0.121760339071503,0,8845.0000000001,0.0749983517859838,0.0031016104908449,0.00637275214637401,2.33472089951283,17517.4604421874,5.82076609134674e-11,327,1,"SNETWORK (1 318 17517.4604421874 0.00637275214637401 13000209 327)",13
328,13000210,0.762596559899996,254,0.833942087661095,0.661934694919581,0.584902015722838,0.581791403280787,0.581496445193316,0.835733990695832,0.996952810879209,0.489691100578548,0.101486211126444,-0.0408219479665362,0.222785087858418,-0.25019570374358,-0.0408219479665362,-0.0408219479665362,0.723054897006905,-0.123110944326194,0.000238736627905334,1.00137596828171,-0.365029612572657,-0.560339494672534,0.667148486569063,-0.788859635579387,-0.682989322922567,0.762596559899996,8,0.243824699118784,0.27990146418234,0.281577855076376,-0.23667150510008,0.746578326726228,-0.552232490803866,0.101321274821166,0.121296788062485,0.271924452866715,4143.0000000001,2.1810846340014,0.155185684844662,2851.0000000001,0.856560800995237,3.03764543489664,0.041202746799436,0.298001681719547,0.291709829020121,-0.542173006994665,-0.534755450643487,-0.517588258255248,0.030464850502442,-0.659170557779703,0.0276842635643045,-0.855952273057415,-0.0749510190551815,-0.0934413009238641,0.2073974610375,30.0000000001,6.221923828225,0.2073974610375,30.0000000001,6.221923828225,0.0328823210544829,0.00914464084849406,1e-10,-0.425148305066328,-0.331234092613749,-0.38897871283947,-0.281844906331784,1,0.955946779738605,1.27717508738715,1.28529677079185,1.31366454417867,-0.167841690177942,0.358412333288896,-0.88828696588836,-0.16908611272503,-0.16908611272503,0.279917572232873,-1.2447675892601,0.313631282829497,0.326188038836717,0.772256076459468,0.0573611053198016,0.469778787277577,0.270434121259256,0,4143.0000000001,0.0295843210241843,0.0116184256752517,0.114328606022383,2.63987023068973,18780.6736914901,2.91038304567337e-11,462,1,"SNETWORK (1 328 18780.6736914901 0.114328606022383 13000210 462)",13
56,13000211,-0.695458154103762,70,0,0,-0.0539298651555209,-0.0526282971591558,-0.0497659234028937,-0.287779302083901,-0.0405941161392427,-0.453613260947735,-0.00220239907144577,0.994230753868596,-0.674421356451135,0.924546801517292,0.994230753868596,0.994230753868596,-0.0389469503980518,0.179240420023357,0.347624042577964,0.205085526511923,0.028188994933027,0.396949460069245,-0.3182243350896,0.145121969788322,0.0313608172450206,-0.695458154103762,2,0.102622814180123,0.0723730515643543,0.0724905930935195,-0.288679226766176,-0.704392881428159,0.0234834804773727,-0.00239510373373497,-0.236204013450742,0.220494928400935,5139.0000000001,1.81299749856008,0.126398501448583,11579.0000000001,2.34170919548241,4.15470669394248,0.0657905890027913,0.0712761818116751,-0.134469017732817,-0.39541378564838,-0.0944189283876838,-0.0219757989689072,0.0859802301460698,-0.151129768057115,0.0922029335765869,-0.176073453049502,-0.341043247137447,-0.366900044183978,0.997005540597449,49.0000000001,48.853271484475,0.997005540597449,49.0000000001,48.853271484475,1.8289351630722,1.16720040624043,1e-10,0.229489987464425,0.305623242099571,-0.18225093959672,0.277504781119813,-0.0232557920329049,-0.145374652181789,-0.0247221470926315,-0.0137666363416772,-0.010171333593027,0.102004277025963,0.350832372916999,-0.91438137771748,0.107332131709726,0.107332131709726,0.247835601406846,-0.83132671650734,-0.110121311151615,0.0219889249278986,-0.201398541885482,-0.0165329554034559,-0.119021255155551,-0.821890746255361,0,11579.0000000001,0.0287091681537358,0.0370814207490554,0.742388088116604,1.88074204677306,6149.07699665433,0.00048828125,45,1,"SNETWORK (1 56 6149.07699665433 0.742388088116604 13000211 45)",13
56,13000212,-0.748465521712529,62,0,0,-0.0539298651555209,-0.0526282971591558,-0.0497659234028937,-0.305471801250624,-0.0459360389449178,-0.481876141733844,-2.76541036207469e-05,1.00113821981225,-0.681098184051756,0.929392060084694,1.00113821981225,1.00113821981225,0.00113170699703053,0.169484752242767,0.337067048251592,0.173603343781361,0.0229274269205163,0.396949460069245,-0.3182243350896,0.145121969788322,0.0313608172450206,-0.748465521712529,2,-0.674531996739447,-0.643341915603796,-0.632543445201087,-0.0527791512006508,-0.758194119552065,0.620483246505004,-0.000202040203949,-0.483887761524404,0.711128220393989,2941.0000000001,3.34628495351257,0.0797738464197211,1707.0000000001,0.217878329168239,3.56416328258081,0.0965810520379692,-0.491516171928573,-0.324245968789477,-0.165577028098397,0.40078105979314,0.18394515627433,-0.84645174715549,0.730277462320222,-1.47699559614439,0.759727360166015,-1.27050367214788,-1.37289148954781,0.944592927731579,19.0000000001,17.9472656251,0.944592927731579,19.0000000001,17.9472656251,0.479192655955164,1.08911696315606,1e-10,0.417664967132156,0.582730611841743,0.0708160199654893,0.977809023255142,-0.0232557920329049,-0.145374652181789,-0.0271915829158128,-0.0139858942366326,-0.00897050369333051,0.129656985627766,0.0650538681395827,-0.452516010034809,0.137045893208307,0.137045893208307,-0.171874890751008,-0.403126488589698,-0.311493917754176,-0.277131912880995,-0.640976343483668,-0.0634465626814374,-0.333394658184099,-0.614246912336654,0,2941.0000000001,0.0906770243870061,0.00590402755096302,0.688473356580856,0.666684073196882,6105.95013541504,0.00048828125,9,1,"SNETWORK (1 56 6105.95013541504 0.688473356580856 13000212 9)",13
137,13000213,-0.507936365240763,50,-0.169336007143403,-0.45983907781187,-0.612877153222713,-0.614349237474709,-0.609405455638136,0.0209131364799957,0.0128767214188163,0.0295440684007989,-0.361971947660875,0.0969286246532251,-0.038746486811805,-0.0162963672410859,0.0969286246532251,0.0969286246532251,0.52267232476958,-0.00583131982391922,-0.0895161267436071,-0.916396821437839,-0.003693708941946,0.0677281446396492,-0.117429098893948,0.617705950750841,0.326804535448277,-0.507936365240763,1,-1.07699723428796,-0.582695428639412,-0.573955277044545,0.740999514393798,-0.512276707065183,1.72958844017749,-0.362107417193777,-0.436092118845159,0.373362480603966,434.0000000001,0.299610995348059,0.133504346777675,213.0000000001,0.0525790039486531,0.352189999196713,0.00911663371375978,-0.454459046041084,-0.234178546472572,0.372717177972289,1.30402273526715,1.71469642061076,0.706417496383311,1.23189468330433,1.2068292327907,0.509846421423203,-0.183117344841775,-0.0962197464478627,0.668904622495833,6.0000000001,4.013427734475,0.668904622495833,6.0000000001,4.013427734475,0.129332864295161,0.678401089364593,1e-10,0.244317776955944,0.0297385035191554,-0.0743484666378522,0.0648900081618109,-1.03276561575505e-16,-0.044053220261396,-3.42243995575329e-16,0,-0.0227070388776269,-1.28447828284783,0.0341388532026202,-0.189495695441497,-1.08774566914353,-1.08774566914353,0.28995985466934,0.34613749484798,-0.90562342818615,-0.984374636742258,-0.662870885536607,-0.852652164138317,0.455473984382665,1.30588036679638,0,434.0000000001,0.00775559691455184,0.00136103669920794,0.26496673879019,0.587832260876894,4669.26418040333,0.001953125,221,1,"SNETWORK (1 137 4669.26418040333 0.26496673879019 13000213 221)",13
137,13000214,0.749753540124918,176,-0.166057912338905,-0.453200003638288,-0.550040856219537,-0.551846948500872,-0.54975087933226,-0.0204728849412669,-0.0458350479363593,-0.725937019742632,-0.425005086672843,-0.205574750116849,-0.0240009510284036,0.207198960276061,-0.205574750116849,-0.205574750116849,-4.01704395558757,0.186768177703907,0.0314060777611347,-0.709589676098083,0.154116562053268,0,0,0.264817487664191,0.333376028400019,0.749753540124918,1,-1.54452268708841,-2.04417562390219,-1.89556303521533,-0.471366747567068,0.730360099689869,0.122889945756165,-0.425174980808437,-1.05065381956354,0.168912975364064,89.0000000001,0.0277965159592881,0.0913175696365475,93.0000000001,0.0157027110738056,0.0434992269330937,0.00347070841421578,-1.01406103404784,-0.959694205726088,-0.103661730591783,0.338976865243891,0.43293763317926,0.0482220897760943,1.61524214628798,0.331486697777391,0.628755531436609,-3.03400742390801,-1.34989798448561,0.6263427735375,4.0000000001,2.50537109385,0.6263427735375,4.0000000001,2.50537109385,0.195193466284734,0.614993151294262,1e-10,-0.237132720261716,-0.128178313115043,-0.436317649019694,-0.18191288129581,0,6.2602913664822e-16,-0.0247221470926318,-0.0137666363416769,-0.010171333593027,-0.401919816806502,-0.0584348543638417,-0.405182182008893,-0.390072683075748,-0.390072683075748,0.832571355052137,0.484232966303401,-0.173841650518516,-0.0570828067321777,0.0341033160243392,-0.222576218165782,0.498669945946784,0.165011998127382,0,93.0000000001,0.0022178232976239,0.00125288501659188,0.679681007420773,0.546016062386417,5389.606923056,0.001953125,261,1,"SNETWORK (1 137 5389.606923056 0.679681007420773 13000214 261)",13
56,13000215,-0.517345125749936,94,0,0,0,0,0,-0.212500624744828,-0.0219971612922592,-0.368079788553273,-0.00967573594072962,0.968814408319465,-0.657681906112919,0.914329284552579,0.968814408319465,0.968814408319465,-0.207614119539966,0.220124193415472,0.393383129117606,0.318931128509207,0.052610166741012,0.442037567785408,-0.329724348592432,0,0,-0.517345125749936,2,0.0766674954836399,-0.570744554261048,-0.562381428365759,-0.899690607297566,-0.534558612926001,-0.22106012884232,-0.00959239619804979,-0.518306412814955,0.307069357160636,413.0000000001,0.202911431245497,0.26605530842847,5334.0000000001,2.27062242349658,2.47353385464208,0.0634543188570403,-0.446959739896703,0.339609785003651,0.0989388192600895,-0.194347541902206,-0.111102057706213,0.134857830215081,0.0517097673487755,0.240743998798726,0.0605187894169646,-0.310827323298467,-0.329905249488844,0.885302734475,25.0000000001,22.132568359475,0.885302734475,25.0000000001,22.132568359475,0.661975285048128,1.00078741464722,1e-10,0.272552505989408,0.049582744706441,0.0188774120503919,0.209394990718649,-0.0232557920329049,-0.145374652181789,-0.0247221470926322,-0.0137666363416772,-0.010171333593027,0.374496271950644,-0.817840591356313,0.334719980534553,0.412064239403381,0.412064239403381,-1.55339664117159,0.331779785267416,-1.8787234754708,-2.19674403465855,-2.49489716240344,-1.22847747575187,-1.30071201389258,-0.898625722246258,0,5334.0000000001,0.00520534886058281,0.0582489698964575,0.917434418619184,0.645261463947884,6289.09807421503,0.00048828125,18,1,"SNETWORK (1 56 6289.09807421503 0.917434418619184 13000215 18)",13
328,13000216,0.868458487223022,277,0.833942087661095,0.661934694919581,0.679648502105189,0.676245639047415,0.674971766192546,0.855998466882622,1.0248599079338,0.235544095820725,0.0882957781169303,-0.0556179991153219,0.262717031575277,-0.27850739937111,-0.0556179991153219,-0.0556179991153219,-4.22813425708995,-0.0991871544114413,0.0169972419942283,1.08876436034409,-0.353433209580245,-0.560339494672534,0.667148486569063,-0.788859635579387,-0.682989322922567,0.868458487223022,8,0.0832407359048626,-0.915068156082934,-0.891860337745159,-1.16948453705211,0.847771469381293,-0.498553085097794,0.088130560644743,0.250472877252713,0.240741086119101,3686.0000000001,1.71796719988054,0.23214977145819,445.0000000001,0.200003498754773,1.91797069853531,0.0638478926442806,-0.638686947514125,0.322418286486229,0.723384243994391,-0.324644259451362,-0.438933414102977,-0.372110971521198,-0.0250855434716056,-0.782295092893436,0.0967016893196206,-0.386474235127993,-0.466207939889824,0.93412449058913,23.0000000001,21.48486328135,0.93412449058913,23.0000000001,21.48486328135,0.633688385731577,1.07352125878074,1e-10,-1.04077137960944,-1.06339286900538,-0.238554264891411,-0.572694288417692,1,0.955946779738604,1.27717508738715,1.28529677079185,1.31366454417867,0.433197471506029,0.817387617896305,0.190782495737913,0.48130323472436,0.48130323472436,-1.74424593632591,-0.501549103150526,0.281196678765793,0.504921236060874,1.09377494748332,-0.150439532261968,2.46301171780939,0.858738029954235,0,3686.0000000001,0.0571899170595625,0.00665797548471817,0.295943786909537,0.886546646566648,18916.7621033524,2.91038304567337e-11,484,1,"SNETWORK (1 328 18916.7621033524 0.295943786909537 13000216 484)",13
56,13000217,-0.914823649324864,42,0,0,-0.0539298651555209,-0.0526282971591558,-0.0497659234028937,-0.315289953643108,-0.0483098074003432,-0.463871101834735,0.0054027256032236,1.00668455994282,-0.668060656456695,0.91072789911243,1.00668455994282,1.00668455994282,0.0467499136021215,0.158249966338147,0.326146904234167,0.141121098547716,0.0163687178717697,0.396949460069245,-0.3182243350896,0.145121969788322,0.0313608172450206,-0.914823649324864,2,-0.127752720562074,0.746664808802993,0.757484924272399,1.06272349929943,-0.921791713085323,0.194564701379656,0.00526880148429796,-0.209205390299307,0.639568968647613,16557.0000000001,16.9429494596742,0.0627972977888553,7963.0000000001,0.800087810493493,17.7430372700677,0.170088621638566,0.953958705690204,-0.226995764988634,-0.171145586167902,0.587574230573476,0.0346936903692865,-1.83466485184376,-0.406922852621449,-1.14970418690973,-0.526773091948017,-0.6675899593814,-0.72764012255916,0.317954534316772,79.0000000001,25.118408203225,0.317954534316772,79.0000000001,25.118408203225,0.792374372361139,0.155561457119764,1e-10,-0.313161344566765,0.14759575808139,0.137251548631615,0.230825964028644,-0.0232557920329049,-0.145374652181789,-0.0456386537822682,-0.0156235779160857,0,0.304872213802875,-0.161889242328214,-0.196012655364252,0.331628669147327,0.331628669147327,-0.71818659554149,-0.152260372950988,0.00700422327372423,-0.111621593650232,-0.655322022240828,0.372941292469366,-0.699008258572071,-0.480084868333333,0.851504389376529,16557.0000000001,0.162418805446257,0.00766981609230909,0.535906378243166,2.25959241022033,5983.910486565,0.00048828125,10,1,"SNETWORK (1 56 5983.910486565 0.535906378243166 13000217 10)",13
56,13000218,-0.524519260070763,93,0,0,0,0,0,-0.217394468029106,-0.0234051764440334,-0.367108588182649,-0.00928923496727646,0.969999934742074,-0.65883221705229,0.914676426448696,0.969999934742074,0.969999934742074,-0.196216550824949,0.218293861582619,0.391249381171421,0.313670934955605,0.0515383599691008,0.442037567785408,-0.329724348592432,0,0,-0.524519260070763,2,0.0806081658114136,-0.364501810383919,-0.36124307078326,-0.719649010578742,-0.539909326288678,-0.12170326290898,-0.0094638848416793,-0.390318690616641,0.184503971386867,358.0000000001,0.105683874853028,0.281124010525376,5173.0000000001,2.32680720958679,2.43249108433982,0.0534291396647311,-0.306598099805777,0.0838313597704897,-0.201190894124208,-0.238003225065112,0.180039716481487,1.08322927558652,0.00578034744201672,1.56080943212641,0.00723170788336326,0.284465510292447,0.305999024459008,0.832068810196154,26.0000000001,21.6337890626,0.832068810196154,26.0000000001,21.6337890626,0.64019234675046,0.921480395414619,1e-10,0.61643714184317,0.563522302913561,0.0358203190104594,1.09193954963176,-0.0232557920329049,-0.145374652181789,-0.0247221470926318,-0.0137666363416776,-0.010171333593027,0.256567144370484,-0.460218408944046,0.198722128498134,0.276877967958466,0.276877967958466,-0.599281412743882,0.368269466094079,-1.60187338447819,-1.89404095917851,-1.8511211391818,-1.18410914044619,-0.873693977327583,-0.660567665354511,0,5173.0000000001,0.00232132340813317,0.0511078161565979,0.909634351310493,0.430408666638912,6282.85873274198,0.00048828125,90,1,"SNETWORK (1 56 6282.85873274198 0.909634351310493 13000218 90)",13
318,13000219,0.475463200337348,184,0.826606769083661,0.576140491778701,0.449959143780463,0.448153051499128,0.45024912066774,0.944352281477909,0.961531977516377,0.575644919011519,0.638960208986246,-0.0339855508125015,0.356199213108828,-0.103322062050632,-0.0339855508125015,-0.0339855508125015,-0.293602535843005,-0.900041015363838,-0.752198454714356,-0.0278046873592428,-0.976322599569941,-0.603050539930755,0.694143931109334,-0.735182512335809,-0.673195464551723,0.475463200337348,8,-0.863272499165735,-0.462828588522488,-0.457458963506513,0.519231263088881,0.464065065860951,0.21049587953232,0.638808944275515,-0.708354361780864,0.175021600110449,1271.0000000001,0.430671885779944,0.28448532216444,449.0000000001,0.247295108884564,0.677966994564508,0.0160341589788769,-0.37617235041415,0.0468851921284743,-0.455116564046261,0.102204988509145,0.506645621055281,0.976838787879125,0.322593226294253,1.51788046337581,0.990523160718208,1.47617370804909,3.00251735877911,0.358720703225,25.0000000001,8.968017578225,0.358720703225,25.0000000001,8.968017578225,0.0870464554412447,0.216294220774559,1e-10,-0.215841820671849,-0.340314836956911,-0.355157337494169,-0.172709376131077,1,0.955946779738605,0.975277852907368,0.986233363658323,0.989828666406973,0.555587465289606,-0.930720969025113,-0.173723919411728,0.62996426037674,0.62996426037674,-0.138953432922761,-0.0359845836840249,-0.000838658419517406,-0.189832758677867,-0.612062485927654,0.340295037466909,-0.623362275108517,-0.426326581751787,0,1271.0000000001,0.0101855422108152,0.00584861666806175,0.703475846380156,0.733441393822432,18343.594903375,5.82076609134674e-11,369,1,"SNETWORK (1 318 18343.594903375 0.703475846380156 13000219 369)",13
56,13000220,-0.684599422891112,71,0,0,-0.0539298651555209,-0.0526282971591558,-0.0497659234028937,-0.286586278731182,-0.0405006113189548,-0.453613260947735,-0.00235240412016602,0.993977365229692,-0.675268064542901,0.925432971354136,0.993977365229692,0.993977365229692,-0.036107976870413,0.179420766923748,0.347736507202094,0.205772145003006,0.0282727867341069,0.396949460069245,-0.3182243350896,0.145121969788322,0.0313608172450206,-0.684599422891112,2,0.183611561230582,-0.0887063152259945,-0.0885250841617574,-0.565461949865346,-0.698912138442774,-0.071371031605106,-0.00247372051496289,-0.374183174977709,0.291671311710439,9791.0000000001,4.56920609926063,0.078324370003451,7033.0000000001,0.88136846974881,5.45057456890944,0.097355970306105,-0.0823440673219054,-0.149143138520123,-0.12689380783833,0.340163359088895,0.0394960144873438,-1.0624537846333,-0.122879124554102,-1.23021712531279,-0.140121582345194,-1.39674704828934,-1.50585293807437,1.18276742798462,52.0000000001,61.5039062501,1.18276742798462,52.0000000001,61.5039062501,2.38141999604835,1.44394539123401,1e-10,-0.272829158114454,-0.0876861248467307,1.90815551056087,-0.0187344458114341,-0.0232557920329049,-0.14537465218179,-0.0247221470926318,-0.0137666363416772,-0.010171333593027,0.359004578296961,0.430387618571772,-0.988023687742206,0.394009843962846,0.394009843962846,-0.677238186508211,-1.64776024238428,0.330855175203523,0.557595800542048,0.119735664420952,0.413618747698178,-0.34871642007315,-0.827899851192962,0,9791.0000000001,0.0816133211718634,0.0157426490342416,0.7508462093023,3.07142797262416,6155.84272112944,0.00048828125,47,1,"SNETWORK (1 56 6155.84272112944 0.7508462093023 13000220 47)",13
318,13000221,0.390500015065244,167,0.826606769083661,0.576140491778701,0.449959143780463,0.448153051499128,0.45024912066774,0.931025193253041,0.956609154637991,0.453888238238751,0.643180701144769,-0.0244368834630186,0.340122262649505,-0.103262176577431,-0.0244368834630186,-0.0244368834630186,-0.254247216337057,-0.883079101292571,-0.733667898381364,-0.0289741163419318,-0.959909260980011,-0.603050539930755,0.694143931109334,-0.735182512335809,-0.673195464551723,0.390500015065244,8,-1.27967915016671,0.170575371988612,0.171213040028252,0.513789923996943,0.397998663393617,0.531262660736735,0.643076735846015,-0.132831810613715,0.0917202267387136,3229.0000000001,0.573379928128922,0.125592748238516,4497.0000000001,1.0934445711106,1.66682449913952,0.0245289675827792,0.174258866942286,-0.338097990661463,0.500588636983044,1.16797919951155,1.48381184370221,-0.446794777714363,0.0814895950840513,-1.01515670245645,0.733856093243313,0.00383525105811212,0.00358216577649659,0.687711588641667,60.0000000001,41.2626953126,0.687711588641667,60.0000000001,41.2626953126,2.1066542985785,1.34266328641135,1e-10,0.433709256198806,0.388502089205203,-0.00265078387855624,0.731137750020665,1,0.955946779738605,0.975277852907368,0.986233363658323,0.989828666406973,0.352819099304019,-0.878794983607029,0.0859345903037684,0.386826383367353,0.386826383367353,-0.480200209791815,-0.323901146851999,0.973145101831925,0.876809791392035,0.112140642882252,1.28275585191697,-0.637934866130773,-1.14116441417953,0,4497.0000000001,0.00843785150626483,0.0160911159765144,0.61443045517348,1.36576651997018,18238.06751884,5.82076609134674e-11,376,1,"SNETWORK (1 318 18238.06751884 0.61443045517348 13000221 376)",13
318,13000222,0.515625395930737,193,0.826606769083661,0.576140491778701,0.449959143780463,0.448153051499128,0.45024912066774,0.946002194574271,0.963188825111198,0.591167194010164,0.637988950913679,-0.0359707438820289,0.358389414782122,-0.103665363238719,-0.0359707438820289,-0.0359707438820289,-0.305262035466297,-0.901690190522757,-0.754186502793533,-0.0256333133187805,-0.978187109970943,-0.603050539930755,0.694143931109334,-0.735182512335809,-0.673195464551723,0.515625395930737,8,-0.346744078100305,0.263081916514365,0.264568273931437,0.689667509588611,0.502220194057288,-0.232134025821353,0.637830583872801,-0.17924500626468,0.0964027226060874,3863.0000000001,0.720980184616603,0.175269745241387,5004.0000000001,1.6979839381717,2.41896412268831,0.0332247845514396,0.278310822473169,2.06354427632364,0.291285760530126,-0.197866468986072,-0.287224069638222,0.0669564101240185,-0.419474203349827,0.0641254462441727,0.0687619528046748,0.00383525105811212,0.00358216577649659,0.0912334736576923,52.0000000001,4.7441406251,0.0912334736576923,52.0000000001,4.7441406251,0.0974208063779217,0.182203826434917,1e-10,0.676379197441896,0.677783994458543,0.120799398426682,1.20475712392871,1,0.955946779738605,0.975277852907369,0.986233363658323,0.989828666406973,-0.198651425724042,-0.224313176554461,0.0374504556035182,-0.199138224113151,-0.199138224113151,-0.673916766528286,-0.323980254890624,0.225307404375397,0.265367373121169,0.409730916311285,0.123412507921054,0.214081647723825,-0.165610718751843,1040722728.54793,5004.0000000001,0.00990275589482158,0.023322028556618,0.751675207779836,1.46963684617773,18400.7157995364,5.82076609134674e-11,408,1,"SNETWORK (1 318 18400.7157995364 0.751675207779836 13000222 408)",13
137,13000223,0.599399585675019,156,-0.166057912338905,-0.453200003638288,-0.550040856219537,-0.551846948500872,-0.54975087933226,-0.00670207444411838,-0.0496180021893445,-0.698755750307975,-0.410736225681775,-0.137366252473366,0.0152944167045407,0.117135306819952,-0.137366252473366,-0.137366252473366,-1.63217531981928,0.154875360658554,0.0328850962022678,-0.706724729839449,0.123169874276301,0,0,0.264817487664191,0.333376028400019,0.599399585675019,1,-1.5157145796175,-1.75426445203453,-1.65150067947356,-0.16577711253138,0.582723202393978,0.591334624204966,-0.410899880257123,-0.841060518012058,0.352105853300521,106.0000000001,0.0690107035547741,0.143728018050287,390.0000000001,0.103643814545503,0.172654518000278,0.0109634405547071,-0.945125611168603,-0.928490799007596,-0.2311895090307,0.901410137046627,0.470831166559661,-1.60058783042251,1.72125980708224,-6.55948517754645,0.757183863911253,-6.59274115681792,-3.05701149509557,0.43505859385,13.0000000001,5.65576171885,0.43505859385,13.0000000001,5.65576171885,0.0576080351574161,0.330021146639746,1e-10,0.828549671801279,0.891311021686011,0.399731279349604,1.59751277439776,1.03276561575505e-16,0,-0.0247221470926318,-0.0137666363416772,-0.0101713335930266,-0.283511226704108,-0.535788331005652,0.643979375803503,-0.280378724267039,-0.280378724267039,-0.285996614978602,0.562021892390634,0.634122349927528,0.699377728452065,0.320537618488948,0.719673184393384,-0.886541282115584,-1.44551276517121,10671237850.5594,390.0000000001,0.00438213113253636,0.0065813093221707,0.614688834614275,1.62941041309971,5276.71801724386,0.001953125,230,1,"SNETWORK (1 137 5276.71801724386 0.614688834614275 13000223 230)",13
137,13000224,0.393365294321428,127,-0.166057912338905,-0.453200003638288,-0.550040856219537,-0.551846948500872,-0.54975087933226,-0.0240292857263361,-0.0585838189009999,-0.601757315609389,-0.400348293998243,-0.0799942130370472,-0.0195858456929973,0.150801518886174,-0.0799942130370472,-0.0799942130370472,-0.816105485169465,0.157157312652896,0.0537668072302753,-0.681259461101991,0.122053626669061,0.0244718896476977,-0.0463928842676715,0.415324305327625,0.335969349634022,0.393365294321428,1,-0.0918436268465586,0.438805130298152,0.442788350513364,0.498667153511048,0.381857869266637,-0.0759801515428625,-0.400559229558827,0.161062891760195,0.160825062610119,4116.0000000001,1.22395778646316,0.0769849500539794,4160.0000000001,0.592156508439627,1.81611429480279,0.0218849971962663,0.496557216798517,-0.382679962976907,-0.599283941656356,-0.0567657773926332,-0.190753610637703,-0.514440970315664,-0.403588662715736,-0.404886594673702,-1.32231430316641,0.384163017676048,0.188017290636485,0.429209607812766,47.0000000001,20.1728515626,0.429209607812766,47.0000000001,20.1728515626,1.18560812045527,0.957551314243431,1e-10,1.06686521733767,0.582806830083763,0.1711174012391,0.802537946000432,-1.03276561575505e-16,0,-0.0247221470926315,-0.0137666363416776,-0.010171333593027,-0.0842578610097545,-0.433856501971402,1.14441415324665,-0.086032343664692,-0.086032343664692,-0.495974259421156,0.168205857626542,0.689954004639019,0.66630776323517,0.309514389374292,0.800512365064398,-0.410597991052837,-0.199815678139849,4011150926.34738,4160.0000000001,0.0147492438546628,0.00713575324160354,0.516787679810314,0.229753034131136,5106.66747475055,0.001953125,119,1,"SNETWORK (1 137 5106.66747475055 0.516787679810314 13000224 119)",13
328,13000225,0.80156671183337,263,0.833942087661095,0.661934694919581,0.679648502105189,0.676245639047415,0.674971766192546,0.84650301714003,1.01726633569305,0.274527584254173,0.0926547869725211,-0.0453081299246734,0.247620608894385,-0.270129130379327,-0.0453081299246734,-0.0453081299246734,-1.04686034608027,-0.110301436841044,0.00936584076748573,1.03110814400789,-0.356605664458017,-0.560339494672534,0.667148486569063,-0.788859635579387,-0.682989322922567,0.80156671183337,8,0.150717153328252,0.570637215573715,0.577190300303134,0.279139459864027,0.78650725817758,-0.677516818229133,0.0925124204051251,1.53807112560574,0.347322317445209,7817.0000000001,5.25632395432359,0.0703391305986343,2477.0000000001,0.337312413275248,5.59363636749884,0.0611112819125229,0.679833850588678,0.207719089729243,0.659176526853375,-0.598378678016022,-0.738550583055865,-0.383838398146828,-0.841385157310186,-0.275591371401597,-1.30875614428237,-0.356919070530124,-0.43608770656255,0.020126953225,50.0000000001,1.00634765635,0.020126953225,50.0000000001,1.00634765635,0.260659565720702,0.288137143580202,1e-10,0.0325573273466323,0.0114262262495218,-0.255740087885115,-0.0518728426776839,1,0.955946779738605,1.27717508738715,1.28529677079185,1.31366454417867,-0.226772646895341,0.563873440795919,-0.385917010153548,-0.226307603639897,-0.226307603639897,-0.0887857928173342,-0.251130116154974,-0.476221595517581,-0.460253064190754,0.295494883295996,-0.763344407179671,1.01514276100662,0.393657916802542,0,7817.0000000001,0.0574260951849909,0.00368518662753197,0.189765922397674,5.72596351645639,18837.2005992657,2.91038304567337e-11,471,1,"SNETWORK (1 328 18837.2005992657 0.189765922397674 13000225 471)",13
318,13000226,0.527719915524871,196,0.826606769083661,0.576140491778701,0.449959143780463,0.448153051499128,0.45024912066774,0.946828203760772,0.963279046403554,0.604693772019141,0.637429960546128,-0.0369787645532119,0.359114152484322,-0.10397678205067,-0.0369787645532119,-0.0369787645532119,-0.309917172748567,-0.902857158657849,-0.755691402683298,-0.0267260233626764,-0.979164739311878,-0.603050539930755,0.694143931109334,-0.735182512335809,-0.673195464551723,0.527719915524871,8,-0.494790888925031,0.123317597462904,0.123654508806112,0.746455502021092,0.514636114814594,-0.339189565613786,0.637285354337855,-0.436590755246288,0.100935789659392,3856.0000000001,0.753514356914243,0.0861885315724585,2252.0000000001,0.375774399018659,1.1292887558329,0.0172150964753443,0.123772240159604,0.445950357059192,-0.680868089754745,-0.157588798024257,-0.250441979169111,-0.364140057399895,-0.431192886170761,-0.358798434519516,0.0497594521395946,-0.525502130600708,-1.07286718648431,0.402622223000391,64.0000000001,25.767822265725,0.402622223000391,64.0000000001,25.767822265725,0.82073590729594,0.281697978253152,1e-10,-0.758253139813424,-1.20923635287257,-0.0281558192591946,-0.580453225279624,1,0.955946779738605,0.975277852907368,0.986233363658323,0.989828666406973,0.814875339391044,0.881348493183835,-0.342065379570305,0.965048158324082,0.965048158324082,1.23516566208231,-0.569617763926894,-0.0234977918370328,0.234453332073869,1.17010824774032,-0.599871116437992,0.807614877198224,0.948856946271888,0,3856.0000000001,0.0114867187040609,0.00572837767128341,0.768445189040103,0.0720750195905566,18420.5898462121,5.82076609134674e-11,344,1,"SNETWORK (1 318 18420.5898462121 0.768445189040103 13000226 344)",13
56,13000227,-0.46729751899657,102,0,0,0,0,0,-0.186275599882841,-0.0145935618501901,-0.334172438341945,-0.0126968441867279,0.958342319536112,-0.643830042713476,0.907878565816443,0.958342319536112,0.958342319536112,-0.322235986275317,0.23624878361618,0.412010282064826,0.365179437950465,0.0620688089371893,0.442037567785408,-0.329724348592432,0,0,-0.46729751899657,2,0.54881766381131,1.03741346890924,1.05711123364099,0.289098264257193,-0.416536618118363,2.08717915731864,-0.0128133864519077,0.481753776878374,0.699911845432184,6002.0000000001,6.72139343318836,0.541039555244872,10321.0000000001,8.93451079793283,15.6559042310212,0.120973737604368,1.49213918550601,-0.350504648772738,0.416196898231203,2.02152186850452,1.8524275472833,-1.06627191580603,0.0894706158726341,-0.542993941923197,0.0991303517527894,0.64738892366972,0.688510592806587,1.05589255318494,78.0000000001,82.359619140725,1.05589255318494,78.0000000001,82.359619140725,3.29224109447141,1.25492930286213,1e-10,-0.303676619646839,-0.176957548557172,-0.316856358897101,-0.167845996178314,-0.0116278960164524,-0.0726873260908947,-0.0247221470926318,-0.0137666363416772,-0.010171333593027,-0.337750721132518,0.624970947072616,0.042228433368294,-0.331148285002691,-0.331148285002691,0.710535980196467,0.140661475056228,-0.501434894595681,-0.366739157878995,-0.0673412630546062,-0.612115094172536,0.344296811021337,0.106700810163606,0,10321.0000000001,0.0519364498431256,0.0690372876612427,0.973872650513907,4.81760304384204,6334.24350527222,0.00048828125,73,1,"SNETWORK (1 56 6334.24350527222 0.973872650513907 13000227 73)",13
56,13000228,-0.644401669255059,76,0,0,-0.0539298651555209,-0.0526282971591558,-0.0497659234028937,-0.283800117426564,-0.039609900462519,-0.45023681037224,-0.00295373726952161,0.992746073745361,-0.677906274438485,0.927305679787541,0.992746073745361,0.992746073745361,-0.0334324857337722,0.181044535628471,0.349229667448416,0.21004215359197,0.0292765477130496,0.396949460069245,-0.3182243350896,0.145121969788322,0.0313608172450206,-0.644401669255059,2,0.232703645160401,-0.0187762410378268,-0.0187683599848076,-0.55169022372161,-0.639984352450182,0.71919137274085,-0.00314631251803601,0.0817577082432136,0.911713633958262,2643.0000000001,3.85545461495657,0.191205580496357,9196.0000000001,2.81332242781746,6.66877704267403,0.113044592700419,-0.0178804046891741,0.227257905858482,0.0452674516213343,0.334522976591777,0.72233828118501,0.857813940477707,0.306692288937006,0.952077555931348,0.346766785557307,0.447932437667329,0.484283825593161,1.89838115995577,39.0000000001,74.036865234475,1.89838115995577,39.0000000001,74.036865234475,2.92876563359647,2.51005488388143,1e-10,1.00912262475229,0.715140533667165,1.763128234931,1.83787288922488,-0.0232557920329049,-0.14537465218179,-0.0339287294394997,-0.0145840770232015,-0.0056943844696325,0.525319509822206,-0.598580119541957,0.750624420314743,0.592649452111891,0.592649452111891,-1.06549297930773,0.112177831621569,-2.01607304935032,-2.27893977678801,-2.3276969060714,-1.49884888627042,-1.23123798690239,-1.14990593883554,4474706999.24368,9196.0000000001,0.065355055873579,0.0476895367268401,0.786409614736203,2.75795484225557,6184.29019749919,0.00048828125,50,1,"SNETWORK (1 56 6184.29019749919 0.786409614736203 13000228 50)",13
318,13000229,0.282545333268013,141,0.847990630531859,0.546799996361712,0.449959143780463,0.448153051499128,0.45024912066774,0.939911926880078,0.965768807313749,0.634989465663167,0.663624715268385,-0.00506671616657772,0.390532411665829,-0.0895329495420834,-0.00506671616657772,-0.00506671616657772,0.0653662497612494,-0.912801003474338,-0.762473583247195,-0.00989160269245444,-0.990884444994337,-0.603050539930755,0.694143931109334,-0.735182512335809,-0.673195464551723,0.282545333268013,8,0.667217395239498,0.81542917774669,0.8281545299171,-0.178408197976077,0.272301386381496,-0.53925765572683,0.663463429471618,1.98365602249636,0.200025690352131,3300.0000000001,1.27793580777488,0.216949511252478,5691.0000000001,2.39032296008613,3.66825876776101,0.0334153584616079,1.07105804884823,-1.50996480260087,-0.934131433454239,-0.666586136362251,-0.518612696049469,0.461246188407288,-0.816057324705281,0.26907639400255,-0.715555648647129,0.227218802093462,0.467284587585935,0.142143811777632,95.0000000001,13.503662109475,0.142143811777632,95.0000000001,13.503662109475,0.285129386275351,0.10635844740054,1e-10,0.807332361877306,0.745140095728956,0.143530282325678,1.21185797967492,1,0.892856820367323,0.975277852907368,0.986233363658323,0.989828666406973,-0.113657802424152,-0.240130460331857,0.0612048409060754,-0.115502303008529,-0.115502303008529,-0.332101470123867,-0.479065204118724,0.772553775122886,0.73059022682924,0.611272383473022,0.757766744783811,0.224805099141855,-0.0717643718043032,1032690764.53412,5691.0000000001,0.0116411315780254,0.0217742267835825,0.478863542702849,1.58354123023535,18077.4076406739,5.82076609134674e-11,341,1,"SNETWORK (1 318 18077.4076406739 0.478863542702849 13000229 341)",13
137,13000230,0.207202341325513,103,-0.169336007143403,-0.45983907781187,-0.612877153222713,-0.614349237474709,-0.609405455638136,0.0135806496333113,-0.0204616054072322,-0.269799442178657,-0.383634547656206,-0.0164748932284858,0.0211045288440468,0.0414684733363561,-0.0164748932284858,-0.0164748932284858,0.161384536585818,0.0965339358270163,0.00921209328208093,-0.733774358645759,0.0707470392272613,0.0677281446396492,-0.117429098893948,0.617705950750841,0.326804535448277,0.207202341325513,1,-1.42267195449796,-1.84287619024433,-1.72724841468229,-0.413061789887858,0.196201037078851,0.41479385611345,-0.383813691030387,-1.01402066529392,0.100580528478487,1.0000000001,0.000185973682546264,0.279642660270794,8.0000000001,0.00413647845684694,0.0043224520393932,0.000294206779441028,-0.967775208021911,0.201501001914411,-0.0225524644461362,0.35120016617857,1.5403314257193,3.07563690742418,1.67416455373191,13.7033728756595,0.802363827290078,7.4945257586395,3.81737561454341,0.739677233673718,1e-10,1e-10,0.739677233673718,1e-10,1e-10,0.304609282638464,0.318121945193116,1e-10,-0.265527291550611,-0.221849980956096,-0.286219690348862,-0.188490482301229,0,-0.0371184447834147,-0.0247221470926318,-0.0137666363416772,-0.0101713335930266,0.0601736674298911,-0.0990386663016067,-0.0676001631815424,0.0628860674319945,0.0628860674319945,1.25265346155868,0.223740639041762,-0.750875212562844,-0.867999482643297,-0.757278839314482,-0.595996595661066,1.33739040782138,0.376502742759934,0,8.0000000001,1.26582483627034e-05,0.000281548431078325,0.431679524045911,0.996490779332817,4958.83787981551,0.001953125,196,1,"SNETWORK (1 137 4958.83787981551 0.431679524045911 13000230 196)",13
318,13000231,0.634034170267036,226,0.826606769083661,0.576140491778701,0.449959143780463,0.448153051499128,0.45024912066774,0.948907771903491,0.964393999035642,0.647005760916954,0.62337412641856,-0.0541567333465305,0.346447370489149,-0.115051744267762,-0.0541567333465305,-0.0541567333465305,-0.772157439501375,-0.883095380367556,-0.738666741923167,-0.000582347342083353,-0.96361259568214,-0.603050539930755,0.694143931109334,-0.735182512335809,-0.673195464551723,0.634034170267036,8,-0.102363771095842,-0.376366109177793,-0.37288263703685,-0.521733341484171,0.619605111931261,-0.418599845024665,0.623225424141843,2.13247753990118,0.131455295107842,3726.0000000001,0.94826616829681,0.134313085759582,571.0000000001,0.148478563319712,1.09674473151652,0.0243054821860708,-0.315262310985637,1.4464068165122,1.37116258531953,-0.299301672470694,-0.209344507415379,0.163371554853071,-0.249984694050773,0.247009068046255,0.307449883957265,0.409507887791529,0.820444786076892,0.310477120635714,14.0000000001,4.3466796876,0.310477120635714,14.0000000001,4.3466796876,0.114778918736514,0.144421729988104,1e-10,-0.504760128846531,-0.947748690949774,-0.34009989344308,-0.631600573654124,1,0.955946779738605,0.975277852907368,0.986233363658323,0.989828666406973,-1.32103877289668,0.393587297153783,-0.116042441101884,-1.11256899039722,-1.11256899039722,0.966794996828918,-1.39354231465876,0.629706597522946,0.634719669017493,0.662892604685932,0.538982614424607,0.756939463710127,0.469421017584605,0,3726.0000000001,0.0210149779649877,0.0032905041210831,0.914618855777001,2.78368541339281,18593.8197521018,5.82076609134674e-11,413,1,"SNETWORK (1 318 18593.8197521018 0.914618855777001 13000231 413)",13
137,13000232,-0.6731528874402,39,-0.169336007143403,-0.45983907781187,-0.612877153222713,-0.614349237474709,-0.609405455638136,-0.00682952163607305,0.00742581067759339,0.0215477469304588,-0.359885663000775,0.119499013766342,-0.0669512291342957,-0.00984657705734423,0.119499013766342,0.119499013766342,0.560034426234568,-0.0212047440914432,-0.10504127785655,-0.952765495617198,-0.0137126050597308,0.0677281446396492,-0.117429098893948,0.617705950750841,0.326804535448277,-0.6731528874402,1,-0.696861446237558,-0.209898195578126,-0.208854147941797,0.600582655241529,-0.669026472400914,0.943971329110699,-0.360094564991315,0.0507642212457674,0.285111473558814,3564.0000000001,1.87883972671926,0.140572222139054,1209.0000000001,0.314241222273996,2.19308094889325,0.0428937596614265,-0.186505856685605,0.595733000442736,0.211087780200834,0.91713216673931,1.54825288008481,1.37540649424381,0.561929831332215,1.76037171140036,-0.0739522268906665,0.206529857507459,0.114414617944427,0.435489052320395,38.0000000001,16.548583984475,0.435489052320395,38.0000000001,16.548583984475,0.418108733533558,0.330662436543748,1e-10,-0.47297678106807,-0.564478250663768,-0.624288510454227,-0.281186825216063,0,-0.044053220261396,0,3.57648972802931e-16,-0.0227070388776265,0.903726249613999,-1.03976106048959,0.450410953183804,1.0864946789608,1.0864946789608,0.0661195854681801,0.225340739200597,-0.823022084634251,-1.02823288597948,-1.20490667473169,-0.464715038341354,-1.14700821448552,0.375436500896839,0,3564.0000000001,0.0367476173336911,0.00614614222773539,0.230779615559587,0.736123035670435,4609.882461533,0.001953125,164,1,"SNETWORK (1 137 4609.882461533 0.230779615559587 13000232 164)",13
318,13000233,0.434846226453889,175,0.826606769083661,0.576140491778701,0.449959143780463,0.448153051499128,0.45024912066774,0.937268242884273,0.958066962077645,0.506187668184844,0.641717249263545,-0.0278763707539192,0.345874492656784,-0.104090389711055,-0.0278763707539192,-0.0278763707539192,-0.261163826450039,-0.890153284998516,-0.741228604919197,-0.0270691656289092,-0.96693903510034,-0.603050539930755,0.694143931109334,-0.735182512335809,-0.673195464551723,0.434846226453889,8,-0.685135014741885,0.147721817872381,0.148202543824179,1.17175963726741,0.422558888496272,0.00738351649241983,0.641553966542815,-0.42662340174779,0.146330639851378,1423.0000000001,0.403134060652654,0.161929635618925,5730.0000000001,1.79634720225071,2.19948126280337,0.032924177189308,0.149624798420267,1.20686856588635,0.941776839122222,-0.0929073677358294,0.105903421973751,0.407097110963838,-0.203788191180277,0.399423482264674,0.383303314943447,-0.769512344265794,-1.56803535168395,0.337671991704478,67.0000000001,22.6240234376,0.337671991704478,67.0000000001,22.6240234376,1.29265692148737,0.821180088947694,1e-10,1.17929124935816,0.591934557859245,0.447197644583131,1.11797709075179,1,0.955946779738604,0.975277852907367,0.986233363658322,0.989828666406972,0.276541717365983,-0.806012414704953,-0.153102845577765,0.299414131350622,0.299414131350622,0.0589748374099281,-0.23069770398351,0.617908175469225,0.608526918229941,0.374798565498761,0.67013564240147,-0.389487852142168,-0.74987856194331,8330847651.57615,5730.0000000001,0.00603453979146601,0.026889637297842,0.658333318287414,0.00402242162953096,18290.0966497723,5.82076609134674e-11,392,1,"SNETWORK (1 318 18290.0966497723 0.658333318287414 13000233 392)",13
140,13000234,-0.246025781628765,146,0.016376969797183,0.0406255841243769,0,0,0,-0.0964076135624745,-0.000405636134091828,-0.599945276004058,-0.0510152564079051,0.959774084519205,-0.743117614578972,0.98997089226439,0.959774084519205,0.959774084519205,-3.37024019760391,0.338208924375515,0.521418948456707,0.61502052428242,0.1273941742507,0.45221133369877,-0.305856068890666,-0.190739766812213,-0.0312046492625428,-0.246025781628765,2,0.502920587962806,0.131500040216396,0.131882411082783,-0.708479618141858,-0.264621040461377,-0.369227521451203,-0.0509952100797546,0.637612934986547,0.600013289551311,9045.0000000001,8.68339232503205,0.0526465115789867,2444.0000000001,0.205868918587256,8.88926124351931,0.134684564650319,0.132388655920819,-0.216794598465829,0.179107062640827,-0.491493398135769,-0.704153593147094,-0.620641906755574,-0.457738565502752,-0.609868659258768,-0.687101693392677,-0.233341185084751,-0.234140329767628,0.354332386463636,55.0000000001,19.4882812501,0.354332386463636,55.0000000001,19.4882812501,0.546492659153834,0.20975657910138,1e-10,0.515458565311612,0.735021924663087,1.74863616748873,0.989381620436468,0,0,-0.0247221470926318,-0.0137666363416772,-0.010171333593027,-0.50729413413646,0.447549518740512,-0.547966308232858,-0.484218961241692,-0.484218961241692,-0.00450865550931744,0.0618593234004351,-0.260620198228827,-0.297669369237536,-0.392699397425165,-0.121635403799749,0.361188615517369,-0.0209483880513125,0,9045.0000000001,0.131565366578561,0.00311919797175809,0.232180102786371,2.50867234531673,6587.93692078281,0.000244140625,304,1,"SNETWORK (1 140 6587.93692078281 0.232180102786371 13000234 304)",13
137,13000235,0.000709029027134515,88,-0.169336007143403,-0.45983907781187,-0.612877153222713,-0.614349237474709,-0.609405455638136,-0.00498762405859112,-0.0224927726692662,-0.238442358392595,-0.381382174255072,0.00291421143809768,0.00516769845671607,0.0464637477457617,0.00291421143809768,0.00291421143809768,0.249072801005511,0.0820507215010823,-0.00525220869874517,-0.761472751602059,0.0604547858293422,0.0677281446396492,-0.117429098893948,0.617705950750841,0.326804535448277,0.000709029027134515,1,-0.200910105896613,0.441348297555878,0.445375666890399,0.70010427244612,0.0267172320504863,1.72130641879277,-0.381582221807893,-0.188056638028664,0.239970345285228,2233.0000000001,0.990794629464802,0.159611864117308,2016.0000000001,0.594967224311385,1.58576185367619,0.0190730213655998,0.499927376648375,0.19718832248732,-0.180031462603539,1.84590783989142,1.9120140436796,-0.372878103751002,0.388960534407357,-0.293237708876296,-0.302678673493778,0.208567754155532,0.10985428767185,0.404491360004661,59.0000000001,23.864990234475,0.404491360004661,59.0000000001,23.864990234475,0.737634477490739,0.284482587623102,1e-10,0.521666992045203,0.312522112921943,1.75234769962677,0.672892756051738,-1.03276561575505e-16,-0.0223939734992886,-0.0245158959071885,-0.0136517852102328,-0.0102759168754519,0.608423465616974,-0.931028862358149,0.344985389347049,0.695983644310168,0.695983644310168,0.333278011598819,0.568628882781053,-0.972438071272559,-1.19761455834328,-1.17807422678758,-0.679695952365577,-0.00521596202959409,0.107563495313368,788063791.535007,2233.0000000001,0.0119169514597036,0.00715606980589627,0.383556208032095,2.79741919814952,4875.24952979948,0.001953125,207,1,"SNETWORK (1 137 4875.24952979948 0.383556208032095 13000235 207)",13
328,13000236,0.849644611598131,273,0.833942087661095,0.661934694919581,0.679648502105189,0.676245639047415,0.674971766192546,0.854591172411374,1.02217785527444,0.254740733640279,0.0899072656151625,-0.0509466168898692,0.256993798497527,-0.277690657765941,-0.0509466168898692,-0.0509466168898692,-3.03985941343314,-0.0983928293283534,0.0197067346558597,1.07063246769154,-0.350319088052541,-0.560339494672534,0.667148486569063,-0.788859635579387,-0.682989322922567,0.849644611598131,8,0.0201830022567723,-0.885829634411603,-0.864222419086892,-1.09736842554396,0.828770357126935,-0.369762421191637,0.0897209502274122,-0.254024940031135,0.190880765635362,5578.0000000001,2.06134175072706,0.113611652940317,884.0000000001,0.194439486240841,2.2557812368679,0.0734443833274303,-0.624225239691995,0.159955438728883,0.0822422167443519,-0.437129761876137,-0.278687095129718,0.398260449010623,0.108277447669997,0.868394844859036,0.252962799629554,0.622941293910593,0.75675944456114,0.644581514346323,34.0000000001,21.915771484475,0.644581514346323,34.0000000001,21.915771484475,0.652507223761623,0.642164925453295,1e-10,0.125402613473708,0.0543800816087913,-0.120432635218918,-0.0065069776661715,1,0.955946779738605,1.27717508738715,1.28529677079185,1.31366454417867,-0.0422266360753338,0.652348040487715,-0.196475420313025,-0.0434110710063496,-0.0434110710063496,0.32752575850679,-0.55582191856097,-0.694434601211257,-0.622506094847232,0.204459555012654,-1.01084466020205,1.86697233059225,0.955240166911455,0,5578.0000000001,0.0671137657447112,0.00633061748271906,0.261715664610307,0.0969458715990186,18891.1141878974,2.91038304567337e-11,480,1,"SNETWORK (1 328 18891.1141878974 0.261715664610307 13000236 480)",13
56,13000237,-0.454042868391628,104,0,0,0,0,0,-0.185863033649461,-0.0142670591110138,-0.334172438341945,-0.0129097069309184,0.958098869843848,-0.644832674643856,0.90796772816087,0.958098869843848,0.958098869843848,-0.325820112395278,0.236749935234246,0.412501814185521,0.366224740439206,0.0624139150453337,0.442037567785408,-0.329724348592432,0,0,-0.454042868391628,2,0.761374176414099,0.72888574871839,0.7392342714478,-0.401512623930877,-0.40742017146148,2.06138782670022,-0.013034465375319,1.32960673537349,0.600270682909012,8671.0000000001,8.32791534511208,0.545414794499121,3881.0000000001,3.38680770739793,11.71472305241,0.113791761797253,0.924633551367981,0.177024588965993,0.306171013304152,0.834701536498878,1.92214042399797,0.0427814110462863,0.290507038209022,0.00646262870222311,0.316396648142313,0.00383525105811212,0.00358216577649659,1.54094406664095,58.0000000001,89.374755859475,1.54094406664095,58.0000000001,89.374755859475,3.59860964515432,1.97755101876193,1e-10,-0.711525579735881,-0.936026005808523,0.988800495842202,-0.552842709785425,0,0,-0.0247221470926315,-0.0137666363416772,-0.0101713335930262,0.648057620528137,0.704821922682727,0.186093579417015,0.746253408874917,0.746253408874917,-2.02151232855208,-1.82275122086538,0.616373443401986,0.654131019802885,-0.074908857605528,0.897603071785902,-0.326263811534208,-0.101140969638894,2.26125664999327,8671.0000000001,0.0808937739409594,0.0328979877562936,0.996249572121431,8.22928463548655,6352.14299889189,0.00048828125,87,1,"SNETWORK (1 56 6352.14299889189 0.996249572121431 13000237 87)",13
328,13000238,0.750209214306881,252,0.833942087661095,0.661934694919581,0.584902015722838,0.581791403280787,0.581496445193316,0.835733990695832,0.996689355514279,0.489017812407926,0.101564988394918,-0.0406182985132522,0.223050114035566,-0.250474021199898,-0.0406182985132522,-0.0406182985132522,0.702202722399263,-0.12277300467687,0.000516165394336566,1.00137933558226,-0.364705457659379,-0.560339494672534,0.667148486569063,-0.788859635579387,-0.682989322922567,0.750209214306881,8,0.404086726386712,0.439771911934479,0.443771889488201,-0.265571986133146,0.738002515274456,-0.520857861395493,0.101380032248472,0.637783476597991,0.325006639523898,2927.0000000001,1.84172285322206,0.0884071171857539,2937.0000000001,0.502690290466984,2.34441314358904,0.0282309219312161,0.497837636214899,-0.340255744301759,-0.190519169944722,-0.518596553254316,-0.55621874353434,-0.127988244904388,-0.690842007265461,-0.101469672867252,-0.923276587385565,-0.110954990792469,-0.137934556378004,0.112056408998305,59.0000000001,6.6113281251,0.112056408998305,59.0000000001,6.6113281251,0.0158760623247812,0.151182162037474,1e-10,-0.157174339824469,-0.46409455544412,-0.41288777793388,-0.344170003218177,1,0.955946779738605,1.27717508738715,1.28529677079185,1.31366454417867,0.529397670777012,0.448244591207666,-1.05398524504977,0.597655792632405,0.597655792632405,0.802035288959566,-1.69237766067102,0.576602916914138,0.540539747832079,0.706807936688699,0.445028412452204,0.286382052749226,0.298853381501064,0,2937.0000000001,0.0221776328313339,0.00605328899988228,0.100521282559986,4.53152532205988,18770.3275479965,2.91038304567337e-11,461,1,"SNETWORK (1 328 18770.3275479965 0.100521282559986 13000238 461)",13
137,13000239,0.34271619764787,119,-0.169336007143403,-0.45983907781187,-0.585138056887849,-0.587070912494495,-0.584419668319597,-0.0203837141927799,-0.049894896738039,-0.490926272403121,-0.395521380991775,-0.0621060784621488,-0.0141795266152986,0.131987644129375,-0.0621060784621488,-0.0621060784621488,-0.520298686034658,0.146675767144891,0.0498309351878323,-0.683914967067023,0.112349593280315,0.0244718896476977,-0.0463928842676715,0.415324305327625,0.335969349634022,0.34271619764787,1,-0.688892030046282,-0.572465862956687,-0.564049005190323,0.0624169585004119,0.324723161193283,-0.0560651506732289,-0.395731272906216,-0.471868136051598,0.161703367864222,2036.0000000001,0.608743284500736,0.0584087429324566,1685.0000000001,0.181976416548657,0.790719700949393,0.0203109201016524,-0.448043946150785,-0.354764080189391,-0.70190797433549,-0.285801932021154,-0.144020323234995,0.332319495259665,0.196698064171662,0.571478124186156,-0.543969662500803,-0.150488963114245,-0.0714950503380276,0.362135667167308,26.0000000001,9.41552734385,0.362135667167308,26.0000000001,9.41552734385,0.715808890268357,0.857625667715627,1e-10,-0.773279389790543,-0.838538788560017,0.611447079126103,-0.515765456680205,0,-6.2602913664822e-16,-0.0247221470926318,-0.0137666363416772,-0.010171333593027,0.119123062903429,-0.170951730408836,0.807142084899641,0.125695476389983,0.125695476389983,-0.190582940090734,0.200331840978507,0.413407161029962,0.153781423466369,0.144954288595042,0.511956324220435,1.05783675512747,2.14252912922786,11.1533936547935,2036.0000000001,0.0156365601334137,0.00467435986823862,0.490005764323149,1.68850657012081,5060.14831706827,0.001953125,223,1,"SNETWORK (1 137 5060.14831706827 0.490005764323149 13000239 223)",13
137,13000240,0.695109390854539,169,-0.166057912338905,-0.453200003638288,-0.550040856219537,-0.551846948500872,-0.54975087933226,-0.008979314094387,-0.0449348867532489,-0.663540759818465,-0.422922904995476,-0.193151369297985,-0.0146997774025846,0.187636077553967,-0.193151369297985,-0.193151369297985,-3.47731503776355,0.184534130883084,0.0352003324304414,-0.70332021498661,0.151161753158847,0,0,0.264817487664191,0.333376028400019,0.695109390854539,1,-1.53061988747639,-1.29274559828302,-1.24235887944605,0.514348873454032,0.681137420821429,1.51632277033155,-0.42296813061973,-0.887824849236513,0.0954584768839507,184.0000000001,0.0324765336443603,0.193304469437713,921.0000000001,0.329184115242416,0.361660648786776,0.0160637626764219,-0.800051643537031,0.556510838962026,1.21730137679419,0.744569821125086,1.66136064143611,2.12702869334185,1.80749460907171,6.19227118406941,0.784887470410061,1.0402413293589,0.480259328922045,0.426304408582143,7.0000000001,2.984130859475,0.426304408582143,7.0000000001,2.984130859475,0.434933734333226,0.95322319651815,1e-10,0.571170920377086,0.491783999078913,0.30514271639952,0.557837705961332,0,6.2602913664822e-16,0.0695902229549555,0.0752979721984816,0.0546282636388491,-0.574216046479215,0.0953032074880452,-0.635540503921823,-0.542364531178795,-0.542364531178795,0.169027184946744,0.584385811210249,0.221701650877894,0.371319644460037,0.263575031580909,0.193154976082149,0.454865451616601,-0.00508046107184248,1628728448.3618,921.0000000001,0.00144249955325837,0.0146212630231635,0.656146679664216,0.888401398442732,5348.72870042184,0.001953125,243,1,"SNETWORK (1 137 5348.72870042184 0.656146679664216 13000240 243)",13
137,13000241,0.672460262683616,166,-0.166057912338905,-0.453200003638288,-0.550040856219537,-0.551846948500872,-0.54975087933226,-0.01669716648734,-0.0454956043712528,-0.703925973438089,-0.422109037340548,-0.18742372593435,-0.0173045852862411,0.191420494684732,-0.18742372593435,-0.18742372593435,-3.26741208441724,0.183268611844828,0.0355595396675586,-0.702646938470319,0.149861081798262,0,0,0.264817487664191,0.333376028400019,0.672460262683616,1,-1.25286436114776,-0.844020222486718,-0.824586308396635,0.670392692884834,0.664060164887476,1.50206974449387,-0.422155045997177,-0.747798193089979,0.109039445878077,435.0000000001,0.0877021494449148,0.0816835408796237,889.0000000001,0.134268352755638,0.221970502100553,0.00700131531593123,-0.602998196606338,-0.190211091329045,-0.179063173618656,1.50451321137187,1.39443226974786,-0.795481556509961,1.37146356762254,-1.6119212724892,0.444994262506373,-0.514740218310404,-0.22474603337242,0.64880859385,25.0000000001,16.22021484385,0.64880859385,25.0000000001,16.22021484385,1.01298659767541,1.28470624871509,1e-10,0.265181108251925,0.750562007619057,1.72599373345734,1.2090940389889,0,0,-0.0247221470926322,-0.0137666363416776,-0.010171333593027,-0.253850527394092,-0.331138387417959,0.526593458551448,-0.252236329218907,-0.252236329218907,0.0556749827590628,0.744611094799959,0.140202626794954,0.145865311196184,-0.0276813511647609,0.23202407917728,-0.39956897344157,-1.09328799011822,0,889.0000000001,0.00276627023475802,0.00423504498117321,0.646107181477478,0.52724502214854,5331.29047799807,0.001953125,245,1,"SNETWORK (1 137 5331.29047799807 0.646107181477478 13000241 245)",13
140,13000242,-0.271408656260836,141,0.016376969797183,0.0406255841243769,0,0,0,-0.0946553770234172,-9.63130240085967e-05,-0.567741350853709,-0.0501212985300285,0.960895774567965,-0.737047885867343,0.98542651345999,0.960895774567965,0.960895774567965,-3.26904952685494,0.336643672791245,0.519802776367515,0.610309553762511,0.126504295997814,0.45221133369877,-0.305856068890666,-0.190739766812213,-0.0312046492625428,-0.271408656260836,2,0.421306570228939,0.635728961192222,0.643753459018057,-0.0517969639651837,-0.288877691282461,-0.72463903418312,-0.0500746223429959,0.475208004656926,0.325670699616301,4384.0000000001,2.28438455478522,0.0778283749407479,17724.0000000001,2.20708818518201,4.49147273986722,0.0467531603131219,0.777090993225026,-0.349576889089458,-0.617455114509863,-0.536801951331858,-0.825562013809049,-0.846493934320603,-0.890477803793169,-0.577030108486569,-1.64756534677809,-0.473533325049495,-0.476824647218126,0.0267909259261494,87.0000000001,2.330810546975,0.0267909259261494,87.0000000001,2.330810546975,0.202816961577359,0.278209267355874,1e-10,0.0963892979464625,0.650347554532871,0.508898844156444,0.849740017832393,4.13106246302021e-16,2.50411654659288e-15,-0.0247221470926301,-0.0137666363416772,-0.0101713335930243,-0.448292246972668,0.36392395762202,-0.654263422620175,-0.431899751796542,-0.431899751796542,-0.340644340226939,-0.0754601188108275,-0.0619414979740614,-0.105367515548372,-0.307083615431705,0.102315674957396,0.484298171583853,-0.0902203962776083,0,17724.0000000001,0.0237788812849645,0.0229742789281574,0.205280656642674,7.00265351719528,6560.96636001868,0.000244140625,289,1,"SNETWORK (1 140 6560.96636001868 0.205280656642674 13000242 289)",13
56,13000243,-0.837024259454482,52,0,0,-0.0539298651555209,-0.0526282971591558,-0.0497659234028937,-0.310966827734824,-0.0460873834444523,-0.468789130599018,0.00278469438092001,1.00431459732647,-0.670790169477576,0.917529435034116,1.00431459732647,1.00431459732647,0.000890548201242981,0.164796847891671,0.333034021966633,0.160736412870825,0.0201017197630174,0.396949460069245,-0.3182243350896,0.145121969788322,0.0313608172450206,-0.837024259454482,2,-0.39406893836029,-0.150868501818238,-0.150336322474924,0.16059897418026,-0.843912443865495,0.651169695277003,0.00259304076538607,-0.511358546569443,0.458723136257066,8827.0000000001,6.47863859666801,0.430937751316603,6338.0000000001,4.37005354763364,10.8486921442017,0.20300582452568,-0.136929807614463,0.793136469066148,0.792406885726502,0.452614382340225,0.21262881727219,-0.867621619423119,0.366391703262565,-1.05058701575013,0.415569729090606,0.387279336528702,0.422292889612391,0.815542367888462,39.0000000001,31.80615234385,0.815542367888462,39.0000000001,31.80615234385,1.08444487103369,0.896859575219638,1e-10,0.538979925824636,0.665613944501026,0.0879277363865687,1.07668490835418,-0.0232557920329049,-0.145374652181789,-0.0374025264494341,-0.0148924667550004,-0.00400513190808553,-0.0676508891365956,0.057820963249099,-0.391750209651586,-0.0692614815813454,-0.0692614815813454,-0.544541017824848,-0.330809829136644,-0.237251510521596,-0.209881133236497,-0.417460177196507,-0.0775152734760509,0.0278178143149189,-0.113041537866646,3767053258.26579,8827.0000000001,0.121231329268329,0.0817744951573514,0.611407384746447,1.57299366686493,6044.30439632108,0.00048828125,36,1,"SNETWORK (1 56 6044.30439632108 0.611407384746447 13000243 36)",13
319,13000244,-0.187648450829114,18,0.849676501735058,0.527879359151426,0.423921895297046,0.422083328008158,0.425620192291929,0.86342245983104,0.876374812515462,0.53698466231599,0.778888660352751,-0.0142262598175657,0.366285157359328,-0.044054864223432,-0.0142262598175657,-0.0142262598175657,0.267432159849774,-0.730002608813849,-0.537672901729126,0.428532454009244,-0.872529017987596,-0.604424467785202,0.699593179675348,-0.759818089809216,-0.694672009762475,-0.187648450829114,8,0.512988719632477,0.254707693596633,0.25610345937226,-0.600247510810663,-0.202130671993366,-0.481802695202111,0.778733356456077,0.287040741007532,0.285907541168875,4108.0000000001,2.27386861272184,0.129858039021008,1477.0000000001,0.371328819576543,2.64519743219838,0.0365596058520367,0.268597435260046,-0.775582287698668,2.93278299361691,-0.429151186461299,-0.379892710041956,0.0885075136867962,-0.595282920652503,0.0807621147033244,-0.138419339644825,0.0151525483011952,0.0296490096847406,0.444186740551389,54.0000000001,23.986083984475,0.444186740551389,54.0000000001,23.986083984475,0.742922944155273,0.343620108501229,1e-10,-2.54002438406238,-2.04755662658567,1.91662353619689,-0.730611285128089,0.744186065853319,1.15858997967623,1.11446852592804,1.12323690396323,1.18436031392693,-3.54715767323277,-0.0457014595203505,-0.20050625953207,-2.18345302117194,-2.18345302117194,-2.74669713271592,-1.16693556238805,0.35042615167804,0.409601759370965,1.03405782236909,-0.0266975433701958,0.0643754793728004,0.0958944611963045,0,4108.0000000001,0.0314274235263559,0.00513218222568072,0.636091818447979,2.67713800790093,17307.6904193839,1.16415321826935e-10,429,1,"SNETWORK (1 319 17307.6904193839 0.636091818447979 13000244 429)",13
137,13000245,-0.574271589954217,46,-0.169336007143403,-0.45983907781187,-0.612877153222713,-0.614349237474709,-0.609405455638136,0.0128643487364176,0.0108661061798792,0.0270717940254085,-0.36136815272188,0.103988106979019,-0.0469236374974523,-0.0181650941796337,0.103988106979019,0.103988106979019,0.533146247981054,-0.00960265083395917,-0.0934079337620942,-0.926022353334364,-0.00605839405865412,0.0677281446396492,-0.117429098893948,0.617705950750841,0.326804535448277,-0.574271589954217,1,-0.753776975796491,-0.090791445974933,-0.0906014921899981,0.903619787560053,-0.563617433565774,1.43676361063,-0.361155317093771,-0.0712902254202299,0.439964076005776,716.0000000001,0.582461981978331,0.423406739089105,1333.0000000001,1.04357882894009,1.62604081081842,0.0290890416778208,-0.0842157815340573,0.0514470843504831,-0.564327455994645,1.11402292245671,1.9245704242326,1.89629476433435,0.69017504696561,2.21581046913046,0.0429623071643883,0.962697744823021,0.527533865566471,0.332744140725,25.0000000001,8.318603515725,0.332744140725,25.0000000001,8.318603515725,0.0586849205064443,0.177594767940812,1e-10,0.628448014098001,0.329305075678959,0.161814831747764,0.873671699382126,0,-0.022412048803901,-0.012144767519916,-0.00676291127078784,-0.0165489129547475,0.732574547067426,-0.892184083107986,-0.456103551769533,0.855627839070934,0.855627839070934,-0.129154064612253,0.562822318128685,-0.990069099597636,-1.21468237810904,-1.3005157586272,-0.640952484736776,-0.631950519565862,-0.737562142396656,11984476896.6857,1333.0000000001,0.0104199480705978,0.018669093507223,0.252759941803551,1.38609400275311,4648.06144327689,0.001953125,106,1,"SNETWORK (1 137 4648.06144327689 0.252759941803551 13000245 106)",13
328,13000246,0.780363908972468,258,0.833942087661095,0.661934694919581,0.679648502105189,0.676245639047415,0.674971766192546,0.844861901326457,1.01517107870326,0.204239858987019,0.0936742961220289,-0.042200018699245,0.24450270064839,-0.268583987133969,-0.042200018699245,-0.042200018699245,-0.790713231937157,-0.110439681140635,0.00814934113205429,1.01256175249914,-0.354330874335907,-0.560339494672534,0.667148486569063,-0.788859635579387,-0.682989322922567,0.780363908972468,8,0.195637825882928,0.546185327501397,0.552219436251224,0.172894673716648,0.764553084335161,-0.586005326706488,0.0934856928741889,1.49508685143833,0.175985581227565,3350.0000000001,1.14138251502745,0.111084481272783,1720.0000000001,0.369905815850463,1.51128833077791,0.0168138772854296,0.644484853944705,1.78883375485508,0.510554017234107,-0.593251261986074,-0.652986777525847,-0.160486500987925,-0.770195021760193,-0.118490947184544,-1.11731423046689,0.0301022139448973,0.0357729124683578,0.00521341969635417,48.0000000001,0.250244140725,0.00521341969635417,48.0000000001,0.250244140725,0.315538069596423,0.325888811412295,1e-10,0.267677143848362,-0.00550407485348803,-0.26256751086219,-0.0651500304563151,1,0.955946779738605,1.27717508738715,1.28529677079185,1.31366454417867,-0.272007612905565,0.493727609509939,-0.572743914591745,-0.269496025262991,-0.269496025262991,0.200876411898384,-0.594097749012903,-0.174109667676194,-0.325345687044897,0.189751352012472,-0.302381690412798,0.624218142669873,0.298853381501063,0,3350.0000000001,0.0126984805202449,0.00411539666518468,0.15731835260265,6.42727293829164,18812.8868925556,2.91038304567337e-11,466,1,"SNETWORK (1 328 18812.8868925556 0.15731835260265 13000246 466)",13
137,13000247,0.34540649801818,120,-0.169336007143403,-0.45983907781187,-0.585138056887849,-0.587070912494495,-0.584419668319597,-0.0203837141927799,-0.049894896738039,-0.498443735376256,-0.395660390046771,-0.0622182259078074,-0.0141359825044202,0.131800272732391,-0.0622182259078074,-0.0622182259078074,-0.520661008265211,0.146697548304117,0.0498521290476856,-0.683985689957499,0.11237965435635,0.0244718896476977,-0.0463928842676715,0.415324305327625,0.335969349634022,0.34540649801818,1,-0.6876300777437,-0.617531063456036,-0.607638502214058,0.000856522098801434,0.330280730112653,-0.270891102416191,-0.395854368075153,-0.450571285783973,0.103595618964025,1674.0000000001,0.320652173058003,0.048682448009205,675.0000000001,0.0607594069032847,0.381411579861288,0.0101359824715344,-0.475946567029468,-1.42181784957085,-0.354789944621807,-0.334749182061496,-0.0430175140724751,0.79531716858497,0.035114218388313,1.39327984003374,-0.724895552767808,0.46038206703865,0.240804131325643,0.322794596454167,18.0000000001,5.810302734475,0.322794596454167,18.0000000001,5.810302734475,0.5583597224555,0.79901599176284,1e-10,1.4517651692842,1.34846639306015,0.611600024574311,3.06767882752416,0.0113072803176476,-0.043909235784927,0.053137080949655,0.0541107214686984,0.0222626561170459,-1.01472200763016,-0.00137741631360011,-0.651621251835883,-0.895223753191602,-0.895223753191602,-0.139135069829952,0.532223786119391,-0.147395062624965,-0.0533109576768954,0.0456525507809267,-0.192842810565355,0.568933901166996,0.0295665378313725,30961172127.7721,1674.0000000001,0.00852130597222729,0.00161467639930707,0.492702424824894,0.0571233594220245,5064.83231269794,0.001953125,227,1,"SNETWORK (1 137 5064.83231269794 0.492702424824894 13000247 227)",13
58,13000248,-0.448345118420362,105,0,0,0,0,0,-0.186063494409948,-0.0142670591110138,-0.334172438341945,-0.030667252080243,0.958029594796448,-0.645031571990437,0.907983342940108,0.958029594796448,0.958029594796448,-0.324992047817784,0.236780904243679,0.41252340209034,0.366212338611078,0.0624455157371374,0.442037567785408,-0.329724348592432,0,0,-0.448345118420362,2,0.645781044111648,0.774321922835952,0.785892964883885,-0.19822768358524,-0.417692360851087,1.54242683181467,-0.0130495650493753,0.217351675887335,0.933060976998537,8239.0000000001,12.2999830219569,0.256380743380479,3117.0000000001,1.27862204298732,13.5786050648442,0.127522834156401,1.00034572558558,0.152548176017575,4.33767779171326,1.95135919643485,0.513634015396002,-4.02911174262638,0.0992603990279289,-2.46914855894453,0.10984259847445,-1.29511482544162,-1.37678527342896,1.66749889455755,53.0000000001,88.37744140635,1.66749889455755,53.0000000001,88.37744140635,3.55505443079017,2.16609030658499,1e-10,2.22303351051593,1.19056439458867,1.21838068528905,1.83366117008427,-0.0116278957963611,-0.0726873247150793,-0.0247221470926315,-0.0137666363416772,-0.010171333593027,-1.71158704686689,0.156995935215921,-0.243368144600576,-1.3601945386368,-1.3601945386368,-0.320446664363799,0.46112858949455,-0.580160521470931,-0.639149464632075,-0.473239427853051,-0.510995310570072,0.300860729984974,-0.0352958921536699,9677037816.93547,8239.0000000001,0.115514714973585,0.012008119082816,0.0546039050504402,3.64978683278465,6359.55721190877,0.000244140625,93,1,"SNETWORK (1 58 6359.55721190877 0.0546039050504402 13000248 93)",13
140,13000249,-0.366975693834321,121,0.016376969797183,0.0406255841243769,0,0,0,-0.0928261244816263,0.00114939251270113,-0.334597737273231,-0.0366425078940362,0.963357081979777,-0.68260658237353,0.93144638849071,0.963357081979777,0.963357081979777,-1.66573748249665,0.307017867225991,0.487894569494782,0.536530656991922,0.107679590621949,0.45221133369877,-0.305856068890666,-0.190739766812213,-0.0312046492625428,-0.366975693834321,2,0.347103411119961,-0.547509682371101,-0.539853148500926,-0.534898810677334,-0.381658133017926,-0.302913196580343,-0.0326758587847298,0.425461011622284,0.448970857417801,270.0000000001,0.193955410461126,0.220059478238721,4668.0000000001,1.64358023042109,1.83753564078222,0.0463203383326452,-0.432189660189612,3.00436807409503,-0.280918577656581,0.505695056708937,-0.308923282347496,-0.288398024012236,-0.0395697465320163,-0.222976881621339,-0.0793461411955997,0.00383525105811212,0.00358216577649659,0.967548828225,25.0000000001,24.188720703225,0.967548828225,25.0000000001,24.188720703225,0.751772596033425,1.12331628373212,1e-10,-0.0379145020341753,0.075175837274528,-0.267246282763475,-0.142729768620285,1.03276561575505e-16,6.2602913664822e-16,-0.0247221470926318,-0.0137666363416772,-0.0101713335930273,-0.34961583828786,0.559094811520553,0.179741955269857,-0.342136046307204,-0.342136046307204,0.70531771985695,0.216732209427392,-0.433134223948948,-0.392684554071373,-0.127178008482007,-0.489562172478538,0.7795276596455,-0.0337937433443162,0,4668.0000000001,0.00488920052002004,0.0414311377126252,0.0854598243907807,0.752693149957673,6440.82875496187,0.000244140625,292,1,"SNETWORK (1 140 6440.82875496187 0.0854598243907807 13000249 292)",13
137,13000250,-0.705101115685994,37,-0.169336007143403,-0.45983907781187,-0.612877153222713,-0.614349237474709,-0.609405455638136,-0.00849287692852911,0.00735587014816984,0.0199728122971694,-0.359818209964643,0.120018723321261,-0.0662937207898915,-0.0105857514003019,0.120018723321261,0.120018723321261,0.56020451828729,-0.021683261597588,-0.105416757638885,-0.953594855656908,-0.014064322138736,0.0677281446396492,-0.117429098893948,0.617705950750841,0.326804535448277,-0.705101115685994,1,-0.434353073556377,0.14228314834292,0.142729684485956,0.662466938195052,-0.705555243242231,1.29599277182076,-0.360005608215897,-0.0650929015102288,0.391891846505398,1336.0000000001,0.968077286168362,0.175269365576474,2977.0000000001,0.964766452788232,1.93284373885659,0.0290505247599974,0.14382312204009,-0.0215736263079425,-0.328221976288809,1.39178998411966,0.72945107215303,-2.32397053837438,0.451381684869121,-2.27276533078629,-0.180532946831901,-1.90781357136092,-1.03627423898489,1.55066697150957,47.0000000001,72.88134765635,1.55066697150957,47.0000000001,72.88134765635,2.87830129342864,1.99203604149619,1e-10,-0.626743822772244,-0.699064713856634,1.76524196988408,-0.464216839332706,0,-0.044053220261396,3.42243995575329e-16,0,-0.0227070388776265,0.290680867363149,0.392334351206488,-1.03773108309339,0.315454806006652,0.315454806006652,0.624611090078225,-0.112869408990543,-0.977966971024723,-0.834864362874336,-0.866874295540304,-0.845985596687838,0.276729593037207,0.286385114549636,0,2977.0000000001,0.014550143142872,0.0145003815171254,0.223659149380983,4.4777888946268,4597.51448549736,0.001953125,132,1,"SNETWORK (1 137 4597.51448549736 0.223659149380983 13000250 132)",13
319,13000251,-0.0882054641203216,46,0.849676501735058,0.527879359151426,0.449959143780463,0.448153051499128,0.45024912066774,0.865247950603516,0.88035331404809,0.546292595970297,0.775182846348261,-0.0139120860868275,0.367865746029158,-0.0442551773037982,-0.0139120860868275,-0.0139120860868275,0.304924217538649,-0.744537702580411,-0.554565556841145,0.397468994002292,-0.882428649611012,-0.604424467785202,0.699593179675348,-0.759818089809216,-0.694672009762475,-0.0882054641203216,8,0.528541357985825,1.02505610876429,1.04433479199636,0.30462649951065,-0.0982275196477052,-0.32118475645138,0.775023924571876,0.307765303988432,0.108390328758709,5299.0000000001,1.11197180193608,0.130281549470381,1945.0000000001,0.490582262831501,1.60255406466758,0.0124968879416421,1.46684882502414,2.73882885252263,0.819930955305004,-0.448333205154179,-0.556323857831207,-0.30570005765743,-0.759769327539159,-0.16149420592946,-0.494283168508471,-0.111020975917665,-0.25344446283078,0.185099283954167,42.0000000001,7.774169921975,0.185099283954167,42.0000000001,7.774169921975,0.0349081449783973,0.0423640959752064,1e-10,0.355858696584262,0.048050281376638,1.91610759967988,-0.322867435979542,1,0.867841683603147,1.15216222552792,1.16418216806137,1.17853025420361,-2.0269864139923,0.264022735476446,0.325687011268439,-1.53854446571847,-1.53854446571847,0.331051600030275,-0.791406927471004,0.455273024051241,0.525517043232861,0.84720747729259,0.209917725718156,1.03444768043066,1.10743596668942,0,5299.0000000001,0.00867127493409331,0.00382561290754883,0.941246024142431,4.12819572340231,17477.2595129792,1.16415321826935e-10,453,1,"SNETWORK (1 319 17477.2595129792 0.941246024142431 13000251 453)",13
137,13000252,-0.689805044745858,38,-0.169336007143403,-0.45983907781187,-0.612877153222713,-0.614349237474709,-0.609405455638136,-0.00682952163607305,0.00735587014816984,0.0215477469304588,-0.359838888997618,0.11985236144308,-0.0664807552731676,-0.0103383278647138,0.11985236144308,0.11985236144308,0.560184662758933,-0.0215336263797007,-0.105301014537571,-0.953326067557451,-0.013955453967806,0.0677281446396492,-0.117429098893948,0.617705950750841,0.326804535448277,-0.689805044745858,1,-0.55919813035434,-0.1194025033665,-0.119071625819843,0.487298723384873,-0.685668989125335,1.47802730489207,-0.360032032645495,0.00393659007098975,0.368869418968863,2659.0000000001,1.81354498779671,0.210906920786657,2899.0000000001,1.1305151607064,2.94406014840311,0.0538077872726576,-0.109610744703995,0.192239789608658,-0.0101030669134883,0.87951452061394,1.3594336455336,0.99251297124382,0.730289699867986,1.18810900057823,0.0826633394354101,-0.473533348717121,-0.255554173997687,0.894496372867857,35.0000000001,31.307373046975,0.894496372867857,35.0000000001,31.307373046975,1.06266193273602,1.0144839449466,1e-10,-0.277784617988952,-0.695890881594096,-0.55459662948732,-0.474999739175168,0,-0.044053220261396,0,0,-0.0227070388776265,0.242774435856279,0.446771268462327,-0.954304306906576,0.261401253884186,0.261401253884186,1.11159696767042,-0.0175373473684637,-0.949396908969755,-0.83427209596721,-0.723090992739149,-0.880884771528958,0.276729593037207,0.607572194812749,0,2899.0000000001,0.0331456688418099,0.0206621183308477,0.227253149602143,4.53722512874216,4603.75712572518,0.001953125,161,1,"SNETWORK (1 137 4603.75712572518 0.227253149602143 13000252 161)",13
137,13000253,-0.0821726365817619,83,-0.169336007143403,-0.45983907781187,-0.612877153222713,-0.614349237474709,-0.609405455638136,-0.0219687249425937,-0.0261229216810957,-0.220727885171284,-0.379950889758475,0.0162581126217685,-0.0146031368778741,0.0586889849163552,0.0162581126217685,0.0162581126217685,0.300645832777728,0.0732929419985535,-0.0141561795048418,-0.783014113980081,0.0548538513643277,0.0677281446396492,-0.117429098893948,0.617705950750841,0.326804535448277,-0.0821726365817619,1,-0.814953898158472,-0.236269411273436,-0.234938687341279,0.78519543555298,-0.0810268282845678,1.24454681723756,-0.380111152475647,-0.411890039725446,0.223949444134077,1624.0000000001,0.672470686886286,0.259616925152544,3149.0000000001,1.5116213142124,2.18409200099869,0.0435709305576948,-0.207967863176534,1.3888957697608,-0.100831777393734,1.66149018159183,1.15808345580315,-1.84233349432123,0.724607496616476,-2.38563108253584,0.0216113864859249,0.591777602125871,0.306577745434367,0.362367021376596,47.0000000001,17.0312500001,0.362367021376596,47.0000000001,17.0312500001,0.439187964573446,0.221726445200886,1e-10,1.06463733147953,0.369739363752452,0.358119730775262,0.516680349938646,1.03276561575505e-16,-0.0220264420822812,-0.0123611654167389,-0.00688341417650373,-0.0164391862353267,0.567333728493684,-0.855228422658378,0.580160902198888,0.644543967142229,0.644543967142229,-0.0354179866021142,0.590241476979054,-0.723338328591653,-0.895975662973501,-0.881127011226657,-0.495686604972274,-0.176936013427662,0.234099359995832,4887059779.09581,3149.0000000001,0.0134152652529048,0.03015566520479,0.368744956611523,0.374477573321201,4849.52295543867,0.001953125,197,1,"SNETWORK (1 137 4849.52295543867 0.368744956611523 13000253 197)",13
56,13000254,-0.695458154103762,70,0,0,-0.0539298651555209,-0.0526282971591558,-0.0497659234028937,-0.287779302083901,-0.0405941161392427,-0.453613260947735,-0.00220239907144577,0.994230753868596,-0.674421356451135,0.924546801517292,0.994230753868596,0.994230753868596,-0.0389469503980518,0.179240420023357,0.347624042577964,0.205085526511923,0.028188994933027,0.396949460069245,-0.3182243350896,0.145121969788322,0.0313608172450206,-0.695458154103762,2,0.102622814180123,0.0723730515643543,0.0724905930935195,-0.288679226766176,-0.704392881428159,0.0234834804773727,-0.00239510373373497,-0.236204013450742,0.220494928400935,5139.0000000001,1.81299749856008,0.126398501448583,11579.0000000001,2.34170919548241,4.15470669394248,0.0657905890027913,0.0712761818116751,-0.134469017732817,-0.39541378564838,-0.0944189283876838,-0.0219757989689072,0.0859802301460698,-0.151129768057115,0.0922029335765869,-0.176073453049502,-0.341043247137447,-0.366900044183978,0.997005540597449,49.0000000001,48.853271484475,0.997005540597449,49.0000000001,48.853271484475,1.8289351630722,1.16720040624043,1e-10,0.229489987464425,0.305623242099571,-0.18225093959672,0.277504781119813,-0.0232557920329049,-0.145374652181789,-0.0247221470926315,-0.0137666363416772,-0.010171333593027,0.102004277025963,0.350832372916999,-0.91438137771748,0.107332131709726,0.107332131709726,0.247835601406846,-0.83132671650734,-0.110121311151615,0.0219889249278986,-0.201398541885482,-0.0165329554034559,-0.119021255155551,-0.821890746255361,0,11579.0000000001,0.0287091681537358,0.0370814207490554,0.742388088116604,1.88074204677306,6149.07699665433,0.00048828125,45,1,"SNETWORK (1 56 6149.07699665433 0.742388088116604 13000254 45)",13
137,13000255,0.730345465366747,174,-0.166057912338905,-0.453200003638288,-0.550040856219537,-0.551846948500872,-0.54975087933226,-0.020604563553918,-0.0458350479363593,-0.730532773568227,-0.424811754126462,-0.204083400593798,-0.0240409434494514,0.207099516024714,-0.204083400593798,-0.204083400593798,-3.95255731720745,0.18613009236712,0.0312127087124208,-0.70989430025942,0.153545771461663,0,0,0.264817487664191,0.333376028400019,0.730345465366747,1,-1.40763031167725,-1.36181030262338,-1.30502993576204,0.180164256996292,0.71751922720648,0.515457825195374,-0.424821943863925,-0.916537547457856,0.0972493282293856,190.0000000001,0.034164695656505,0.139135311396406,304.0000000001,0.0782074800780939,0.112372175634599,0.00526335401581968,-0.825013410691224,-0.237524821409867,-1.77563640446329,0.36040223940259,0.61509746748773,0.522520101091527,1.2883966166652,1.63526546532245,0.36880686112647,-1.79743697271372,-0.789064331938472,0.0597098215285714,7.0000000001,0.4179687501,0.0597098215285714,7.0000000001,0.4179687501,0.32286302241605,0.407076648806669,1e-10,0.227515191301282,0.518335866832204,1.72418438129359,0.615427828966323,3.09829684726516e-16,6.2602913664822e-16,0.0390139978084918,0.0464230799448827,0.0336201278729657,-0.546984691318324,-0.0989971488037391,0.0145671910260941,-0.518856224847473,-0.518856224847473,0.15017354157199,0.793291792989333,-0.10191149619656,0.0263427586440723,0.0314203002785007,-0.124306389418446,0.305745424959236,-0.134004567180214,0,304.0000000001,0.00160022606383332,0.00366312785198636,0.672549418851746,0.797669715528234,5377.21962785575,0.001953125,220,1,"SNETWORK (1 137 5377.21962785575 0.672549418851746 13000255 220)",13
328,13000256,0.770211488198331,256,0.833942087661095,0.661934694919581,0.679648502105189,0.676245639047415,0.674971766192546,0.844072499421463,1.01495435705978,0.202641048301203,0.0938036221377746,-0.0416987797260305,0.245227822797707,-0.269190876017266,-0.0416987797260305,-0.0416987797260305,-0.826695746842765,-0.110833466817877,0.00777525429146472,1.01220156485308,-0.354665421116951,-0.560339494672534,0.667148486569063,-0.788859635579387,-0.682989322922567,0.770211488198331,8,0.0526144527746776,0.410398157015349,0.413903269250085,0.21429476008435,0.755087334049205,-0.635589989766331,0.0936038642363687,1.2640307052035,0.0822614544529338,2296.0000000001,0.365660112746538,0.0518776086921765,993.0000000001,0.0997329163433452,0.465393028989883,0.00572801032883013,0.459337994344333,-0.142369837358941,-0.367290478184555,-0.64380633032496,-0.535062059668574,0.315168813760257,-0.766211957233199,0.251931935124422,-1.10729141059008,0.340081973734702,0.425830308196808,0.0725341797875,40.0000000001,2.9013671876,0.0725341797875,40.0000000001,2.9013671876,0.177899327313213,0.210061724921442,1e-10,0.12434659183011,-0.161811398820074,-0.242720045668792,-0.164292358153424,1,0.955946779738605,1.27717508738715,1.28529677079185,1.31366454417867,-0.0761325874196791,0.415109353638854,-0.845387750040752,-0.0778381445987905,-0.0778381445987905,0.134639837073311,-1.25627206947272,0.101601896367263,0.0496569231935349,0.461536464545565,-0.0696787191631289,0.468655644152113,0.283878434232948,0,2296.0000000001,0.00450050760431594,0.00122750262451419,0.124943313114475,6.0757753662765,18788.6275344645,2.91038304567337e-11,464,1,"SNETWORK (1 328 18788.6275344645 0.124943313114475 13000256 464)",13
318,13000257,0.567888506013278,208,0.826606769083661,0.576140491778701,0.449959143780463,0.448153051499128,0.45024912066774,0.952337405521061,0.96631542283893,0.660843995986666,0.634113273424041,-0.0420250737403426,0.364809497918053,-0.107108921025942,-0.0420250737403426,-0.0420250737403426,-0.377135214174833,-0.910510678012343,-0.7660348434413,-0.0399818890494296,-0.984782654359106,-0.603050539930755,0.694143931109334,-0.735182512335809,-0.673195464551723,0.567888506013278,8,-0.423060475452651,-0.388465190971503,-0.384744197221557,0.0353055958592339,0.555832236188782,0.414005859878888,0.634155782762795,-0.126323461004407,0.22064664362415,7707.0000000001,3.29224393231907,0.085439296050299,998.0000000001,0.165081164619434,3.4573250968385,0.077319324444179,-0.324020488796827,-0.998726940558557,-0.0189146515742319,0.189246360025967,0.181139747836604,-0.210608351303517,0.403267718720289,-0.295405141676478,1.0688152355631,-0.0572430794594205,-0.116467857185204,0.00775737157177419,31.0000000001,0.240478515725,0.00775737157177419,31.0000000001,0.240478515725,0.315111580349283,0.329678748807365,1e-10,-0.180345344694788,-0.117598884585267,-0.130843574915279,-0.0598918018341202,1,0.955946779738605,0.975277852907368,0.986233363658323,0.989828666406973,0.244076939883771,-0.856832432249164,0.0572108721168221,0.262859833740683,0.262859833740683,-0.758466161241479,-0.52981113189007,0.751314923097778,0.947532149277079,0.56621318152375,0.752153202732887,-0.444791770436175,-0.766701360374765,0,7707.0000000001,0.0736274632245424,0.00369186111963666,0.825083435819627,0.647246509790421,18487.7116361925,5.82076609134674e-11,396,1,"SNETWORK (1 318 18487.7116361925 0.825083435819627 13000257 396)",13
56,13000258,-0.774615123492822,59,0,0,-0.0539298651555209,-0.0526282971591558,-0.0497659234028937,-0.308379768161883,-0.0465153554784899,-0.478890689503481,0.000851040678488919,1.00227788435218,-0.677747263851516,0.925412451464704,1.00227788435218,1.00227788435218,-0.000818871185909542,0.167946209755722,0.335747972783048,0.169484027158548,0.0219861118156707,0.396949460069245,-0.3182243350896,0.145121969788322,0.0313608172450206,-0.774615123492822,2,-0.262289282997381,-0.164303798682693,-0.163670655494289,-0.0612624989796982,-0.788825558917531,0.382259811159746,0.000662087881990467,-0.430930485631795,0.148736550879043,5791.0000000001,1.37813338499714,0.0595773520732191,3183.0000000001,0.303415538228955,1.6815489231261,0.031784185616891,-0.148403291430488,1.71989640273292,0.519103600995081,0.475672980504217,0.413862289179498,-0.392354213107603,0.223000789182523,-0.475872213989937,0.264141416379144,-0.730276594528649,-0.786866914980161,0.445296749091936,31.0000000001,13.80419921885,0.445296749091936,31.0000000001,13.80419921885,0.29825459285608,0.345273780851446,1e-10,0.962342658821306,0.738150735470314,0.16302570765465,1.06156509345153,-0.0232557920329048,-0.145374652181789,-0.0360494800667491,-0.0147723584477982,-0.00466310245922123,-0.0603185270961957,0.182118205349241,-0.729599868901645,-0.0618280273258619,-0.0618280273258619,0.142322519535494,-0.335008439806104,-0.337068498757555,-0.290733911934474,-0.396458416896151,-0.222705044594474,-0.185777609801791,-0.133724808062357,8867354205.92406,5791.0000000001,0.0260491066140166,0.00573507890287432,0.663671409754215,1.13468739432284,6086.11084309569,0.00048828125,56,1,"SNETWORK (1 56 6086.11084309569 0.663671409754215 13000258 56)",13
137,13000259,0.34271619764787,119,-0.169336007143403,-0.45983907781187,-0.585138056887849,-0.587070912494495,-0.584419668319597,-0.0203837141927799,-0.049894896738039,-0.490926272403121,-0.395521380991775,-0.0621060784621488,-0.0141795266152986,0.131987644129375,-0.0621060784621488,-0.0621060784621488,-0.520298686034658,0.146675767144891,0.0498309351878323,-0.683914967067023,0.112349593280315,0.0244718896476977,-0.0463928842676715,0.415324305327625,0.335969349634022,0.34271619764787,1,-0.688892030046282,-0.572465862956687,-0.564049005190323,0.0624169585004119,0.324723161193283,-0.0560651506732289,-0.395731272906216,-0.471868136051598,0.161703367864222,2036.0000000001,0.608743284500736,0.0584087429324566,1685.0000000001,0.181976416548657,0.790719700949393,0.0203109201016524,-0.448043946150785,-0.354764080189391,-0.70190797433549,-0.285801932021154,-0.144020323234995,0.332319495259665,0.196698064171662,0.571478124186156,-0.543969662500803,-0.150488963114245,-0.0714950503380276,0.362135667167308,26.0000000001,9.41552734385,0.362135667167308,26.0000000001,9.41552734385,0.715808890268357,0.857625667715627,1e-10,-0.773279389790543,-0.838538788560017,0.611447079126103,-0.515765456680205,0,-6.2602913664822e-16,-0.0247221470926318,-0.0137666363416772,-0.010171333593027,0.119123062903429,-0.170951730408836,0.807142084899641,0.125695476389983,0.125695476389983,-0.190582940090734,0.200331840978507,0.413407161029962,0.153781423466369,0.144954288595042,0.511956324220435,1.05783675512747,2.14252912922786,11.1533936547935,2036.0000000001,0.0156365601334137,0.00467435986823862,0.490005764323149,1.68850657012081,5060.14831706827,0.001953125,223,1,"SNETWORK (1 137 5060.14831706827 0.490005764323149 13000259 223)",13
137,13000260,0.326067685735668,117,-0.169336007143403,-0.45983907781187,-0.585138056887849,-0.587070912494495,-0.584419668319597,-0.0205038830558235,-0.049338969327613,-0.4826264379585,-0.395468042216246,-0.0605711549407096,-0.0147916120091891,0.135492735275578,-0.0605711549407096,-0.0605711549407096,-0.512077712341431,0.146194679281814,0.049494309877822,-0.684134950224308,0.111917233633547,0.0244718896476977,-0.0463928842676715,0.415324305327625,0.335969349634022,0.326067685735668,1,-0.636266354306363,-0.129227748821753,-0.128839266920966,0.613308873711404,0.31747708338845,0.143029007350533,-0.395662503738503,0.128271427400195,0.1331571710096,3120.0000000001,0.768168506736821,0.0712168723958362,2410.0000000001,0.31734910923676,1.08551761587358,0.0199861897293058,-0.118209068872381,-0.893700486160954,-1.14917471777586,-0.17313961534537,0.323003606904951,1.37107169962534,0.0492566195359045,1.6510196606912,-0.707968388974071,0.508497979497354,0.252203975564403,0.302303538702941,51.0000000001,15.41748046885,0.302303538702941,51.0000000001,15.41748046885,0.977929181560512,0.768488753104641,1e-10,-0.630681244830505,-0.64506308380446,-0.43809618244061,-0.415303756599871,-1.03276561575505e-16,0,-0.0247221470926318,-0.0137666363416772,-0.010171333593027,0.454580656980218,-0.152811836112326,0.605760350132097,0.50685366284329,0.50685366284329,0.89438497058623,0.0959903250636405,-0.111079659371882,-0.18480230768196,-0.050246781109483,-0.0949735796273575,1.314885199566,2.15050532658974,0,3120.0000000001,0.0141432632854725,0.00584292634383328,0.482972861784734,1.80161642101085,5047.93243570962,0.001953125,258,1,"SNETWORK (1 137 5047.93243570962 0.482972861784734 13000260 258)",13
318,13000261,0.512493405691025,192,0.826606769083661,0.576140491778701,0.449959143780463,0.448153051499128,0.45024912066774,0.946108275288999,0.962395472416027,0.591167194010164,0.638086601902725,-0.0357575426598849,0.358012407909036,-0.103626362671032,-0.0357575426598849,-0.0357575426598849,-0.303671230076325,-0.901343574146057,-0.753828883938549,-0.0260303861450949,-0.977803264762442,-0.603050539930755,0.694143931109334,-0.735182512335809,-0.673195464551723,0.512493405691025,8,-0.109034187622919,0.664861550666442,0.673585811271957,0.887699224075197,0.503311633870065,-0.117815924490878,0.638001604094178,-0.0509019683074765,0.0784835099241871,3085.0000000001,0.46875175499446,0.095308646324457,4178.0000000001,0.770921323108205,1.23967307800267,0.0126279186502113,0.82215025751101,0.248504134889486,1.87918475846399,-0.297593020342259,-0.286460903155349,0.0864897630041702,-0.527281028586325,0.0720257260510315,-0.110698739253615,0.00383525105811212,0.00358216577649659,0.00245768239166667,60.0000000001,0.1474609376,0.00245768239166667,60.0000000001,0.1474609376,0.298169295006652,0.314460530795938,1e-10,0.0343976174318006,0.366721832296404,-0.132078907077563,0.705235035275555,1,0.955946779738605,0.975277852907368,0.986233363658322,0.989828666406973,0.324532544649971,-0.810667488820405,-0.00789709363223798,0.354158614960335,0.354158614960335,-0.747218904907537,-0.11672907504392,0.478344279300586,0.408419801129706,0.0177097129507728,0.664383944452894,-0.648931130609601,-0.952443502003372,0,4178.0000000001,0.00477493549435669,0.00785298305585459,0.74793595711294,1.80222295317799,18396.2844265293,5.82076609134674e-11,380,1,"SNETWORK (1 318 18396.2844265293 0.74793595711294 13000261 380)",13
56,13000262,-0.490602519358888,98,0,0,0,0,0,-0.21045708009226,-0.0219810542649905,-0.369170648967831,-0.0101136062580006,0.967529740367281,-0.656576274752422,0.914039776541929,0.967529740367281,0.967529740367281,-0.214860059964792,0.222118119412945,0.395603515358688,0.324827161930425,0.0537565929921136,0.442037567785408,-0.329724348592432,0,0,-0.490602519358888,2,0.0880560991774059,-0.256928897354313,-0.255348002070082,-0.624003539638478,-0.505040823775257,-0.127470770213265,-0.0102914126307214,0.333862400488883,0.378246270107571,4666.0000000001,2.82383535346614,0.194361212640243,6400.0000000001,1.99025881651041,4.81409416987655,0.097537029257115,-0.224493141530337,-0.384870372290571,-0.34713408386123,0.0625810805477084,-0.140523651783296,-0.735243009054191,-0.0651137798745101,-0.961505130976381,-0.0789888089428371,-0.74740914135753,-0.786675109384068,1.15220199102742,31.0000000001,35.71826171885,1.15220199102742,31.0000000001,35.71826171885,1.25529646343792,1.39840950919158,1e-10,1.38911091909681,0.705343173668693,0.560372598404391,1.52151243091151,-0.0118190624061658,-0.0738823293560647,0.125606604154017,0.145997557787107,0.154947767612218,0.487253489841794,-0.785457838290099,0.425257392752966,0.546236983456576,0.546236983456576,0.147268413709323,0.618982734680961,-1.79676453877275,-2.12204460170643,-2.05459605679727,-1.34280105312667,-1.16759298441431,-0.957179940231734,6100948089.15852,6400.0000000001,0.0572129462953462,0.0403240828617688,0.946584003302588,0.501597225163698,6312.41507975349,0.00048828125,80,1,"SNETWORK (1 56 6312.41507975349 0.946584003302588 13000262 80)",13
140,13000263,-0.294855826967927,136,0.016376969797183,0.0406255841243769,0,0,0,-0.0906056344359972,0,-0.517182636230593,-0.0489962606646266,0.962276634539505,-0.73024779847855,0.978952827804064,0.962276634539505,0.962276634539505,-3.14116755908485,0.334844832742631,0.517857453436693,0.603847063328624,0.125618423287539,0.45221133369877,-0.305856068890666,-0.190739766812213,-0.0312046492625428,-0.294855826967927,2,0.05692691135395,1.01313461533183,1.03201230066571,0.322058169773807,-0.312658025162452,-0.647968851282038,-0.0491914555375941,0.225482932713571,0.542487459852942,2217.0000000001,1.92431151733401,0.0735449826831475,15616.0000000001,1.83756551692794,3.76187703416196,0.0295957967673462,1.44266729096313,-1.30014928981194,-1.20286064817405,-0.685045078659165,-0.587428475138805,0.314400093075236,-0.924299450620822,0.155000769185311,-1.76103527916852,0.0325944729101053,0.0328114713947001,0.0845489502953125,128.0000000001,10.8222656251,0.0845489502953125,128.0000000001,10.8222656251,0.777244666318853,0.444081571692053,1e-10,0.717212794674399,0.643988325169176,-0.168043188772852,0.830411693940919,0,0,-0.0247221470926318,-0.0137666363416772,-0.010171333593027,-0.4259205721167,0.345708505725578,-0.730432318083367,-0.41179927432904,-0.41179927432904,-0.252934851742567,-0.00841394081219737,-0.0184487198215318,-0.118219666870811,-0.296472562921324,0.155491234577543,0.426442127124857,-0.0288554792372182,0,15616.0000000001,0.0151391265246105,0.0144566701427357,0.179620574562339,9.22333849527381,6535.23843985024,0.000244140625,280,1,"SNETWORK (1 140 6535.23843985024 0.179620574562339 13000263 280)",13
137,13000264,0.240010882426853,106,-0.169336007143403,-0.45983907781187,-0.612877153222713,-0.614349237474709,-0.609405455638136,0.0158859570437667,-0.0204707654226259,-0.270359822144582,-0.383889096704964,-0.0188880040031525,0.0228673363789815,0.0403642478849299,-0.0188880040031525,-0.0188880040031525,0.151889844906315,0.0980613848702195,0.0107512578748043,-0.730225684132946,0.071750577299517,0.0677281446396492,-0.117429098893948,0.617705950750841,0.326804535448277,0.240010882426853,1,-1.61627551609148,-1.07364640768361,-1.04054826961991,1.06248004165713,0.235202643346848,1.43049336501824,-0.384082202625563,-0.648011594042788,0.762731923473598,2405.0000000001,3.39175402436884,0.761796633022929,145.0000000001,0.204241690173144,3.59599571444198,0.135066613558025,-0.711929105579712,-0.577874149088624,-0.0676980701834455,1.20635578195126,1.44627341235392,0.26164660410689,1.55351503398119,0.669957431190212,0.707145244652604,1.72479665448063,0.881415384041041,0.694223257311538,13.0000000001,9.02490234385,0.694223257311538,13.0000000001,9.02490234385,0.0895307553058344,0.716120372424668,1e-10,-0.375951146078096,-0.337071188574069,-0.23046384490495,-0.185858157838348,-1.03276561575505e-16,-0.00539170773484047,-0.0247221470926315,-0.0137666363416769,-0.0101713335930266,0.616334995894307,-0.726262876090567,0.520264059548112,0.705966750350786,0.705966750350786,0.135157175547551,0.733063515319739,-1.00521473103793,-1.19306579962088,-1.24619401128959,-0.689082151057509,1.35161936028663,1.30548656829106,0,2405.0000000001,0.12739523796247,0.00767137549555479,0.441652877061914,1.24923064018251,4976.16121062039,0.001953125,122,1,"SNETWORK (1 137 4976.16121062039 0.441652877061914 13000264 122)",13
137,13000265,0.585069544000645,154,-0.166057912338905,-0.453200003638288,-0.550040856219537,-0.551846948500872,-0.54975087933226,-0.00654124217526146,-0.0473078739063961,-0.695097889144444,-0.409644175797547,-0.133162901824626,0.0165534317822721,0.111567414605484,-0.133162901824626,-0.133162901824626,-1.51065386241169,0.153546253852249,0.0340057019439043,-0.70500192439923,0.1216713456491,0,0,0.264817487664191,0.333376028400019,0.585069544000645,1,-1.13996095492215,-1.67566376378128,-1.58350813066974,-0.605304268345127,0.574324182330961,1.0273722583458,-0.409803020238446,-0.726212113804055,0.0967501098291276,345.0000000001,0.0617174404317402,0.103278934813558,354.0000000001,0.0676008811568153,0.129318321488555,0.0077230114937517,-0.923762031242444,-0.276876122122526,-0.324426395100073,0.395444283381644,1.11442177538218,1.80835174919309,1.92900980008191,7.0915408590832,0.91966403813192,2.19530710708,1.03893149599836,0.575846354266667,15.0000000001,8.6376953126,0.575846354266667,15.0000000001,8.6376953126,0.0726204566567391,0.539764421709864,1e-10,1.03901328189399,1.30169143713838,0.730274906599954,2.90528687922687,0.00982813596771667,0.00558493278962239,0.0636133619768431,0.0696536777857128,0.0505217165984439,-0.93513551414494,0.00688096919511888,-0.525585398545071,-0.835138072166719,-0.835138072166719,-0.190736515542654,0.530028813566343,0.0560109498936942,0.214928813415561,0.12483097682603,0.0407608026916853,0.322766998322536,-0.444956401600568,28475388589.2628,354.0000000001,0.00368582339885988,0.00403718799489182,0.608892066740186,0.664698743144982,5266.64925427911,0.001953125,226,1,"SNETWORK (1 137 5266.64925427911 0.608892066740186 13000265 226)",13
318,13000266,0.131892157924115,101,0.847990630531859,0.546799996361712,0.449959143780463,0.448153051499128,0.45024912066774,0.916285076380444,0.956273615277328,0.541493569901319,0.674836361765404,0.00961049655646655,0.383569293621775,-0.0904145234569897,0.00961049655646655,0.00961049655646655,0.17089294447301,-0.880773908467834,-0.730427896330771,0.0120681199552899,-0.963029054827861,-0.603050539930755,0.694143931109334,-0.735182512335809,-0.673195464551723,0.131892157924115,8,0.658452252949321,1.60019959976233,1.64222005414673,0.962674272280425,0.118601073725794,-0.650014227938275,0.674455171550146,0.963175826186896,0.106772031686746,3625.0000000001,0.749332965189012,0.0961593844928724,1978.0000000001,0.368236880921982,1.11756984601099,0.0056945402647758,2.92526459160445,0.0369796501922572,-0.194442215352069,-0.648675862651463,-0.679274225027356,-0.0773972466297264,-1.02604357436017,-0.0351650820577696,-1.47515478952065,-0.0191793101813334,-0.0444009477563842,0.0900198801223214,140.0000000001,12.602783203225,0.0900198801223214,140.0000000001,12.602783203225,0.245785753226699,0.184011817995826,1e-10,0.416368241372348,0.136147065620031,-0.172004945634083,0.27566536414758,1,0.867841683603147,0.975277852907368,0.986233363658323,0.989828666406973,0.386005122762675,-0.48067543417858,-1.07939035530599,0.425535653286385,0.425535653286385,-1.02019244143191,-0.451642213901809,0.381949260905103,0.199114802677575,-0.123530484776797,0.606615546891256,-1.11322460549346,-1.12177938017017,0,3625.0000000001,0.003818201325047,0.00187633883972881,0.268663257619038,9.53638086660908,17828.3000112635,5.82076609134674e-11,349,1,"SNETWORK (1 318 17828.3000112635 0.268663257619038 13000266 349)",13
318,13000267,0.190721816142904,116,0.847990630531859,0.546799996361712,0.449959143780463,0.448153051499128,0.45024912066774,0.930963702197567,0.963179087119529,0.604258846982759,0.669685313123025,0.00175379255553435,0.39228396517964,-0.0835882965969845,0.00175379255553435,0.00175379255553435,0.143743765380888,-0.894235449729925,-0.74271958214355,0.012349200367174,-0.975970386077789,-0.603050539930755,0.694143931109334,-0.735182512335809,-0.673195464551723,0.190721816142904,8,0.343539719625156,0.358146304612041,0.360845401684288,-0.279488340389862,0.175952193766768,-0.572314632419703,0.669522501940493,0.576445774970916,0.308069159572564,10570.0000000001,6.30423701454016,0.101338438694521,3444.0000000001,0.675688726309144,6.9799257407493,0.0893156825718041,0.39287407326523,-0.826879233392192,-1.08566803501637,-0.483621140080696,-0.552123594618865,-0.232927323016216,-0.701471666346396,-0.194317517252704,-0.430671723861068,-0.230268855028214,-0.483315426423068,0.00313507574484127,63.0000000001,0.197509765725,0.00313507574484127,63.0000000001,0.197509765725,0.313235027661868,0.322792528995255,1e-10,0.560381976527224,0.254106985398458,2.0456937688156,0.0455616842703365,1,0.867841683603146,0.975277852907368,0.986233363658323,0.989828666406973,-0.669790045318303,0.435568205353273,0.776371132610949,-0.623251398524016,-0.623251398524016,0.45245903326738,0.229382519546628,0.314647510079435,0.359597911644146,0.874863604493272,0.006358345517658,1.56004175881841,1.49352664052754,0,10570.0000000001,0.0806695160278815,0.00864616644392261,0.346509090865701,4.20028555941829,17920.5548384719,5.82076609134674e-11,358,1,"SNETWORK (1 318 17920.5548384719 0.346509090865701 13000267 358)",13
56,13000268,-0.564960060545823,85,0,0,0,0,0,-0.229392103325525,-0.0261239013218046,-0.37244502328102,-0.0079004573717942,0.973794078907397,-0.660911683242418,0.912344154141573,0.973794078907397,0.973794078907397,-0.165101390940159,0.211779620412081,0.383923172486743,0.296685467695792,0.047495017109097,0.442037567785408,-0.329724348592432,0,0,-0.564960060545823,2,0.0307311356512808,1.02870739847312,1.0481095484375,1.23131279449434,-0.546096983291662,0.408028110572981,-0.00809129164458305,0.171069658435309,0.593876510664897,3178.0000000001,3.01974328101784,0.271713993343604,7933.0000000001,3.4488113735395,6.46855465445734,0.0503062015763957,1.47429759141881,1.16204178976949,15.0435174100486,0.47628413766098,0.402969990806765,-0.306639399927763,-0.44562412619252,-0.161576021151079,-0.606501747919606,0.682948490454735,0.729436834600841,1.27827412383311,74.0000000001,94.59228515635,1.27827412383311,74.0000000001,94.59228515635,3.82647218766997,1.58622968582825,1e-10,0.332884711481902,0.344969832181398,1.90650103066705,0.252523379936712,-0.0232557920329048,-0.145374652181789,-0.0247221470926318,-0.0137666363416769,-0.010171333593027,-0.438435041508508,0.368037766540225,-0.47677570764194,-0.42306119193681,-0.42306119193681,0.447691771268572,0.043065241903214,-0.921494138236085,-0.957816283398961,-0.59815356135358,-0.907065091918407,0.0748930369875081,-0.0668572291392999,0,7933.0000000001,0.0234846611050143,0.0268215403713814,0.852255658356292,0.8724172654963,6236.96101872876,0.00048828125,81,1,"SNETWORK (1 56 6236.96101872876 0.852255658356292 13000268 81)",13
137,13000269,0.463969872032774,136,-0.166057912338905,-0.453200003638288,-0.550040856219537,-0.551846948500872,-0.54975087933226,-0.0273155876915157,-0.0574524712574334,-0.679962050304858,-0.404602594734486,-0.0992925213281114,-0.0143590790461759,0.14643744914317,-0.0992925213281114,-0.0992925213281114,-1.07159665733246,0.161140185544463,0.0514521547186435,-0.684838994408915,0.126334380833991,0,0,0.264817487664191,0.333376028400019,0.463969872032774,1,-0.394032772071462,0.166199990098672,0.166805959829295,0.625148345539514,0.451700540717684,-0.241994013778501,-0.404670444074439,-0.181587203954854,0.139587225813753,4377.0000000001,1.12969073493505,0.293460402496926,8888.0000000001,4.82270724093231,5.95239797576736,0.0878818057094415,0.169510509440003,-0.268315243980719,-0.33562703172872,-0.353487626582504,-0.227280828798928,0.298711948613885,-0.380412450320189,0.289501679058201,-1.29920505935452,0.0113555831185266,0.0134376853266306,0.563951764887946,56.0000000001,31.581298828225,0.563951764887946,56.0000000001,31.581298828225,1.68384352119522,1.15828794952565,1e-10,0.577664261800717,0.40849071763488,-0.0319577994855799,0.553369174678002,0,0,-0.0247221470926318,-0.0137666363416772,-0.010171333593027,-0.0363459938228605,-0.624043442398515,0.978898130098129,-0.0374015108151989,-0.0374015108151989,-0.197717722391637,0.537458841312667,1.03290814710272,0.979051848541409,0.381180357944409,1.22594472908394,-0.69816883787666,-0.891000136325297,0,8888.0000000001,0.0166788682415729,0.0712029373678686,0.550057658036996,0.226296318400481,5164.45614800488,0.001953125,244,1,"SNETWORK (1 137 5164.45614800488 0.550057658036996 13000269 244)",13
56,13000270,-0.540763133309382,90,0,0,0,0,0,-0.226142458617798,-0.0257625817773617,-0.371384464414004,-0.00841710495753967,0.973078400615829,-0.663526093679206,0.913849984804011,0.973078400615829,0.973078400615829,-0.170621761070406,0.213654950604614,0.385800383436635,0.299678735177936,0.0489098420717134,0.442037567785408,-0.329724348592432,0,0,-0.540763133309382,2,-0.264224356310409,0.174810773774241,0.175479866489915,0.406340349401562,-0.545190018396799,0.529783728346606,-0.00858810374641378,-0.434594418133744,1.49491335653659,4921.0000000001,11.7703498033292,0.690654713077176,8216.0000000001,9.07907059500511,20.8494203982343,0.30585189635699,0.178869883982704,-0.459778890639952,-0.384005991558266,0.781720223165464,0.738260196278766,0.119550038291532,0.0779867609548643,0.0406546725082861,0.0919509238149918,0.00383525105811212,0.00358216577649659,1.72023315439687,40.0000000001,68.809326171975,1.72023315439687,40.0000000001,68.809326171975,2.7004659396025,2.24465293400633,1e-10,0.59339487225957,0.616549171359255,0.137251548631615,1.36109472596138,-0.0232557920329048,-0.145374652181789,-0.0247221470926318,-0.0137666363416769,-0.0101713335930266,0.512096717113465,-0.651830280273017,-0.219137152344799,0.5764625497571,0.5764625497571,-1.02071342751557,0.380966280539618,-1.72114541615363,-2.00406739336775,-1.93855844772006,-1.30015777820572,-1.05649548834558,-0.829582029791954,8136889319.80471,8216.0000000001,0.172665893736206,0.133186002520784,0.889263981623684,0.571719270199537,6266.56429740211,0.00048828125,91,1,"SNETWORK (1 56 6266.56429740211 0.889263981623684 13000270 91)",13
56,13000271,-0.751867868329226,61,0,0,-0.0539298651555209,-0.0526282971591558,-0.0497659234028937,-0.305866611462613,-0.0459360389449178,-0.481876141733844,-2.70796860381201e-06,1.0011920050833,-0.681019174579285,0.929283923900836,1.0011920050833,1.0011920050833,0.00116566271872271,0.169444418570848,0.337029791055326,0.173358732725607,0.0229205042271993,0.396949460069245,-0.3182243350896,0.145121969788322,0.0313608172450206,-0.751867868329226,2,-0.496089335339159,-0.581615376322,-0.572909680216257,-0.237523714394543,-0.763038025086464,0.16274223841188,-0.000191700209758271,-0.372818742557933,1.08170665730181,1513.0000000001,2.61859547585193,0.379606501434528,1467.0000000001,0.891012380031652,3.50960785578359,0.0907741728665788,-0.453784006327602,-0.171862027300634,1.46860886308446,0.569219317544725,0.557588343575294,-0.289513996166127,0.374829496483681,-0.472138776429117,0.420304470167789,-1.36849602469902,-1.47858216885075,0.751513671975,20.0000000001,15.0302734376,0.751513671975,20.0000000001,15.0302734376,0.351800317834489,0.801470683886949,1e-10,-0.643119859186775,-0.539382378031267,-0.427645184007254,-0.39728517463627,-0.0232557920329049,-0.145374652181789,-0.0251370051392581,-0.0138034669255646,-0.00996959533679657,0.316295787180349,0.342950027401299,-1.0333332527197,0.34470217318382,0.34470217318382,-0.207934687739798,-0.211899100426084,-0.203846910156134,-0.0636381567356547,-0.741544004399975,0.132901344758955,-0.406257626494782,-0.893491855540304,0,1513.0000000001,0.0677286032787812,0.0230455694877976,0.683073981485296,2.24283953767736,6101.6311284592,0.00048828125,20,1,"SNETWORK (1 56 6101.6311284592 0.683073981485296 13000271 20)",13
56,13000272,-1.22389163994112,3,0,0,-0.0539298651555209,-0.0526282971591558,-0.0497659234028937,-0.323659641781947,-0.0529461721889036,-0.457611143366578,0.00804422588676022,1.01029328625013,-0.673901187390291,0.910142575984859,1.01029328625013,1.01029328625013,0.0948986707807768,0.151150585934814,0.318112760529374,0.117707172746639,0.0125958246209116,0.396949460069245,-0.3182243350896,0.145121969788322,0.0313608172450206,-1.22389163994112,2,0.425273447956672,0.437251359446491,0.441207714563193,-0.29665352311979,-1.22043813003443,-0.070079639028631,0.00785412828576396,-0.304702223373432,1.66965328293579,506.0000000001,1.35175129788271,0.0546563361840082,8.0000000001,0.000699601201874716,1.35245089898459,0.0163164966135643,0.494501286218164,2.84302091941639,-0.618716219437145,0.378242410720687,-0.0418924839438338,-1.30273938804002,-0.39940075234641,-1.02484605532058,-0.511583104522687,-0.723778740997058,-0.792166058610857,1.71056189913846,13.0000000001,22.2373046876,1.71056189913846,13.0000000001,22.2373046876,0.666549382223703,2.23024485800644,1e-10,-1.6377160614375,-1.65197818421144,-0.853872568652574,-0.726666008585551,-0.0232557920329049,-0.145374652181789,-0.0456386537822682,-0.0156235779160853,3.8573928898018e-16,-3.60029040365752,0.106999655648026,-0.0289593857221206,-2.20075293380344,-2.20075293380344,0.276587485451422,-2.02143185740886,0.460013087934656,0.122069370165848,-0.8249665986317,1.06980063907309,-0.244503231411791,0.841593705125757,0,506.0000000001,0.0163080562522956,8.44026126866335e-06,0.253108922585228,3.78900488852924,5757.6983497041,0.00048828125,2,1,"SNETWORK (1 56 5757.6983497041 0.253108922585228 13000272 2)",13
318,13000273,0.648670424991689,230,0.826606769083661,0.576140491778701,0.449959143780463,0.448153051499128,0.45024912066774,0.948879503705288,0.964673872219342,0.65024810787863,0.622062156659841,-0.0557338751341676,0.343884306859148,-0.115935982611549,-0.0557338751341676,-0.0557338751341676,-0.787906599215145,-0.8810710176073,-0.736919048583349,0.0049016556635012,-0.962384189022187,-0.603050539930755,0.694143931109334,-0.735182512335809,-0.673195464551723,0.648670424991689,8,0.207668022854933,0.625827806261736,0.633620209555633,0.263922400970399,0.638309678028551,-0.00667481340713902,0.621897801713132,-0.420183129443546,0.0898616586659128,7774.0000000001,1.35247201623136,0.0663164840609795,1486.0000000001,0.19078737095859,1.54325938708995,0.0161828692957487,0.761995339276318,0.78440304756035,0.600373053913857,-0.0368417069234358,0.0696336143917854,0.158286961858483,-0.451182231874619,0.105165971879743,0.00633950012476736,0.621423238349137,1.24601232384631,0.597436832576266,79.0000000001,47.197509765725,0.597436832576266,79.0000000001,47.197509765725,1.75662391121964,0.571929558917698,1e-10,-0.165853225525227,-0.0372849523705155,-0.191373309777737,-0.0567362226304465,1,0.955946779738605,0.975277852907368,0.986233363658323,0.989828666406973,-0.0048047786041265,-0.752453917416804,0.593917234573725,-0.00497293573583622,-0.00497293573583622,-1.16921962502306,0.388234747042417,-0.0203576023224247,-0.201858612532645,-0.176193680146085,0.0915269971001651,-0.875053498859107,-0.346596274285704,0,7774.0000000001,0.0141822417621276,0.00200062743362109,0.932447895624558,0.702111634161348,18614.9488854391,5.82076609134674e-11,410,1,"SNETWORK (1 318 18614.9488854391 0.932447895624558 13000273 410)",13
140,13000274,-0.433861970220849,108,0,0,0,0,0,-0.135459371146375,-0.0142007870844491,-0.486705472759686,-0.0307670366203108,0.9779769391022,-0.704792858683003,0.951501058812988,0.9779769391022,0.9779769391022,-1.23737673506024,0.284554442029455,0.462027551518003,0.466142481417422,0.0952766155296481,0.45221133369877,-0.305856068890666,-0.190739766812213,-0.0312046492625428,-0.433861970220849,2,0.282658425576337,-0.110512053768267,-0.110229225003796,-0.69886562486103,-0.441687167194764,0.241805322404588,-0.0308931124847347,-0.203331433588362,0.475059691384128,5195.0000000001,3.94869615405034,0.160676954366074,3606.0000000001,0.927041755432761,4.8757379093831,0.0885214347157953,-0.10177677569923,0.0510444583219598,0.883247315493304,0.406148764891112,0.215563144299661,-0.740897558719867,0.100563254528566,-0.869910406467297,0.0862700673706913,-0.906187052055694,-0.938632370526193,1.49031575530833,45.0000000001,67.064208984475,1.49031575530833,45.0000000001,67.064208984475,2.62425231113861,1.90212579856704,1e-10,-0.490024465344112,-0.164643501771401,1.89977008044674,-0.210839559021449,0,0,-0.0247221470926312,-0.0137666363416772,-0.0101713335930266,0.462657221197141,0.548387921480923,-0.83874266224039,0.516550316212151,0.516550316212151,1.01617499958611,-1.23963240713819,0.161785169572054,0.281539393406961,-0.0898312624925056,0.292820778260273,0.457618864236375,-0.283756978531215,0,5195.0000000001,0.0716905327794685,0.0168309018363268,0.0152733289575863,1.56061926406679,6370.45670604345,0.000244140625,300,1,"SNETWORK (1 140 6370.45670604345 0.0152733289575863 13000274 300)",13
56,13000275,-0.730895322517296,64,0,0,-0.0539298651555209,-0.0526282971591558,-0.0497659234028937,-0.305096649266632,-0.0456298398735073,-0.481867685140663,-0.000316996445955327,1.00046605198177,-0.681562676960437,0.929922008904096,1.00046605198177,1.00046605198177,0.00224470982515224,0.170000558819272,0.337516965501428,0.175652977153544,0.023155348768205,0.396949460069245,-0.3182243350896,0.145121969788322,0.0313608172450206,-0.730895322517296,2,-0.625968679443465,-0.374115507078748,-0.370675286327603,0.231682292965437,-0.741780729995112,0.356141930953516,-0.000453318475472898,0.0234326761857948,0.665074111753626,6174.0000000001,6.56986810465364,0.111675642852292,3534.0000000001,0.631458754478025,7.20132685903167,0.15932234660517,-0.313624553641596,0.134679328058121,0.560863240614981,0.000837480976047014,0.476602214481798,1.16049802572498,0.355946458704076,1.68359613989043,0.400852938604943,2.70455743694611,2.92418872648022,1.19135112157177,31.0000000001,36.931884765725,1.19135112157177,31.0000000001,36.931884765725,1.30829841462622,1.45673323585801,1e-10,0.0341200302964791,0.244793028617111,1.90875362239396,0.397946465903774,-0.0232557920329049,-0.145374652181789,-0.0312187196838985,-0.0143434587201117,-0.00701219984808867,0.381905832846157,-0.166402969377785,0.588083224296332,0.420731572346251,0.420731572346251,-1.28617281131945,-0.0467302141503705,-0.73817527876069,-0.706965166365429,-1.09639431883242,-0.405799817017619,-0.873206811694588,-0.974820556289952,0,6174.0000000001,0.145351936268345,0.0139704102368246,0.701599163344977,0.537592497687422,6116.4495820569,0.00048828125,28,1,"SNETWORK (1 56 6116.4495820569 0.701599163344977 13000275 28)",13
137,13000276,-0.36232841443956,58,-0.169336007143403,-0.45983907781187,-0.612877153222713,-0.614349237474709,-0.609405455638136,0.0250372213652091,0.0146299363638492,0.0278074840770184,-0.362720003472765,0.0886822760783911,-0.029810202410189,-0.0179651497582474,0.0886822760783911,0.0886822760783911,0.513740739792757,-0.000206022718632224,-0.083635881459146,-0.902099587481986,-0.000155527630859066,0.0677281446396492,-0.117429098893948,0.617705950750841,0.326804535448277,-0.36232841443956,1,-1.18940756370066,-0.848043798412804,-0.828406569019369,0.539732959822303,-0.371587900615724,0.312246098955958,-0.362918039912952,-0.465951183147981,1.18181912006309,69.0000000001,0.150777815698224,0.381055522184861,143.0000000001,0.1007538480655,0.251531663663724,0.00795797034057806,-0.605069496918224,0.60092342877036,0.246700102374319,-0.0347863694675005,1.19795095377147,3.2156571545164,0.691848374909161,6.6498400178593,0.0397030882483793,0.76263501084792,0.414351521060452,1.18839518239167,3.0000000001,3.565185546975,1.18839518239167,3.0000000001,3.565185546975,0.148908720738881,1.45232952659586,1e-10,-0.06201364704726,-0.137356115821556,-0.280260692268229,0.152989413721954,-1.03276561575505e-16,-0.0440532202613954,3.42243995575329e-16,0,-0.0227070388776265,0.86650963118963,-0.841210929918826,0.364059421974486,1.03519954173123,1.03519954173123,-0.568179664705299,0.257058970255964,-0.899382242204655,-1.06550970302496,-0.964980433848867,-0.690045009934061,-0.545005237524962,0.336217026085483,0,143.0000000001,0.00477031540470869,0.00318765483586937,0.28960870130796,0.059837550856173,4712.06632203933,0.001953125,134,1,"SNETWORK (1 137 4712.06632203933 0.28960870130796 13000276 134)",13
56,13000277,-1.19621431967225,6,0,0,-0.0539298651555209,-0.0526282971591558,-0.0497659234028937,-0.32327083287947,-0.0528728562632392,-0.46018318578796,0.00799499009396364,1.0103614606783,-0.674008254441874,0.910239386649222,1.0103614606783,1.0103614606783,0.0962732137626487,0.151395231421427,0.318416961123712,0.118622562689402,0.0127153612231684,0.396949460069245,-0.3182243350896,0.145121969788322,0.0313608172450206,-1.19621431967225,2,0.83770036068894,0.575408202171511,0.582064727324264,-0.649546040490385,-1.18924449555769,0.572924136814078,0.00780702386778397,1.42475652597233,0.456345617319849,4176.0000000001,3.04911887611357,0.0853590409506248,1065.0000000001,0.145451805709342,3.19457068172291,0.0347776083666176,0.686805452573095,1.53909913235758,2.09074710934423,-0.0155784716696092,0.68584604424271,1.63075886943112,-0.145267612676833,1.15398302448621,-0.154710078411617,0.58675506364505,0.64121839763379,0.659894024984259,81.0000000001,53.451416015725,0.659894024984259,81.0000000001,53.451416015725,2.029747625088,0.664977250340355,1e-10,-1.21659865926289,-1.39982612041618,-0.853872568652574,-0.721144547517068,-0.0232557920329049,-0.145374652181789,-0.0456386537822686,-0.0156235779160857,0,-3.75183216158827,0.0013774163136001,-0.147919098356728,-2.24849150918492,-2.24849150918492,1.05444396568581,-0.953311488632843,0.144488200380979,-0.122614846565607,-0.86748709900027,0.666443459900102,-0.244503231411791,0.270678809292422,0,4176.0000000001,0.0331941510758742,0.00158345719074342,0.27510615926735,4.2017132441946,5775.29413005976,0.00048828125,5,1,"SNETWORK (1 56 5775.29413005976 0.27510615926735 13000277 5)",13
318,13000278,0.602082595258417,217,0.826606769083661,0.576140491778701,0.449959143780463,0.448153051499128,0.45024912066774,0.950873115581419,0.964963831827995,0.662310710041104,0.626648142520223,-0.0506663979666428,0.353062735375199,-0.111977947079821,-0.0506663979666428,-0.0506663979666428,-0.624626410255431,-0.893776714185064,-0.749371516393828,-0.0161302335919118,-0.971834238659695,-0.603050539930755,0.694143931109334,-0.735182512335809,-0.673195464551723,0.602082595258417,8,-0.0437814262541362,-0.339381739349259,-0.336572360926763,-0.553675749897384,0.587116647004802,0.174250273608661,0.62648826675314,2.06607917644376,0.138174127943718,2908.0000000001,0.777911972926344,0.0991356322670467,1398.0000000001,0.268315816230818,1.04622778905716,0.0225505951077802,-0.288002207306305,0.188844590250476,-1.03044079243228,0.0378519388154049,-0.103937989390452,-0.556242250142603,0.210151957688653,-0.770563944615074,0.863647638672973,-0.21888993482544,-0.443173496727395,0.477820763321154,26.0000000001,12.42333984385,0.477820763321154,26.0000000001,12.42333984385,0.237949013310504,0.393727518894258,1e-10,-0.352235975891168,-0.665834482864889,0.0893640060648414,-0.560858458790078,1,0.955946779738605,0.975277852907368,0.986233363658323,0.989828666406973,-2.73715071143883,0.200822818757276,0.0500244569027828,-1.8793210487538,-1.8793210487538,-1.8222363701728,-1.71322613267807,2.11414226223904,2.27521080307334,1.9698808577055,1.87163862612908,-0.0562802670274307,0.354110997698601,0,2908.0000000001,0.0167672642956614,0.0057833307121188,0.867887965556907,0.393481869480736,18538.4391360464,5.82076609134674e-11,420,1,"SNETWORK (1 318 18538.4391360464 0.867887965556907 13000278 420)",13
56,13000279,-0.580027367590143,82,0,0,0,0,0,-0.232231779290844,-0.0264964757774535,-0.375640554804622,-0.00740399646109533,0.974293693263604,-0.658044019924343,0.910798225801802,0.974293693263604,0.974293693263604,-0.156704857960092,0.210064318803547,0.382249365031821,0.294447077622957,0.0461460793596358,0.442037567785408,-0.329724348592432,0,0,-0.580027367590143,2,0.277104416412631,0.623925782377341,0.631673935991249,0.150464874995438,-0.576184322177143,0.404878922281075,-0.0075821700258586,1.40845998610835,0.380201766700503,5676.0000000001,3.45284036365622,0.229427166889805,8981.0000000001,3.296776616,6.74961697955622,0.0708776647873824,0.759108006870958,-0.373709672879226,0.133547555823386,0.186705631551647,0.667796929758139,1.16794601614174,-0.247961767923808,0.795984710878397,-0.311902271552764,1.45299868417705,1.55603157413364,1.30136447492639,54.0000000001,70.273681640725,1.30136447492639,54.0000000001,70.273681640725,2.76441800221112,1.62062930868247,1e-10,0.286396682133016,0.177367483801667,-0.144412732406323,0.168500867142251,-0.0232557920329049,-0.14537465218179,-0.0247221470926318,-0.0137666363416772,-0.010171333593027,0.285763202965777,0.47867022868654,-0.527005093081279,0.309867455818236,0.309867455818236,0.684278362594475,-0.202573378950546,-0.841585569827866,-0.737333447482853,-0.176622415682467,-1.01457093110016,-0.111558372775074,-0.305294592570017,0,8981.0000000001,0.0362582443199486,0.0346194203674338,0.828432785940331,0.36171702388674,6217.90489651987,0.00048828125,33,1,"SNETWORK (1 56 6217.90489651987 0.828432785940331 13000279 33)",13
137,13000280,0.703183638728293,170,-0.166057912338905,-0.453200003638288,-0.550040856219537,-0.551846948500872,-0.54975087933226,-0.011146501113995,-0.0445180981665369,-0.682912218719352,-0.423245399438293,-0.195339354390764,-0.0162664927396052,0.190906892738588,-0.195339354390764,-0.195339354390764,-3.55902237630231,0.184984244462032,0.0348748033893935,-0.704177660098117,0.151705281871348,0,0,0.264817487664191,0.333376028400019,0.703183638728293,1,-1.51147369638949,-1.39141064254362,-1.3317436937267,0.327038675664246,0.69123670642975,0.803289160441421,-0.423226794601391,-0.709859427580838,0.153333210619382,42.0000000001,0.0119075624445202,0.294498870900157,910.0000000001,0.495521349577487,0.507428911922008,0.0243152042361709,-0.835329765817297,0.433244058508453,0.587927660150757,0.54610485838577,1.58797567525484,2.55674226520252,1.51095407952848,8.02302065421117,0.553034001821919,4.53506009695716,2.05624119479625,0.0881103516625,10.0000000001,0.881103515725,0.0881103516625,10.0000000001,0.881103515725,0.343089274961658,0.449387288498559,1e-10,0.822140571247115,0.785907359428574,0.249993415773192,1.13546278751925,0.0113349384519201,0.00644118779353825,0.0771565368928673,0.0824432786798268,0.0598268828174292,-0.680287287620717,0.113147653302938,-0.736952179809931,-0.631983978658947,-0.631983978658947,-0.112988541501107,0.461881998381429,0.351350441796976,0.612770570725226,0.392869329498749,0.301818462410151,0.37507358656056,-0.548963127340867,15161091698.1357,910.0000000001,0.000570591865038923,0.0237446122711319,0.659667682542992,0.0454234211934071,5354.84454707202,0.001953125,172,1,"SNETWORK (1 137 5354.84454707202 0.659667682542992 13000280 172)",13
140,13000281,-0.434605630485812,107,0,0,0,0,0,-0.135258351725303,-0.0143623229670393,-0.483655876999724,-0.0306805457442981,0.978099222743678,-0.704505592161542,0.951139033866228,0.978099222743678,0.978099222743678,-1.23798988960499,0.284462040224273,0.461951458010453,0.465760471294606,0.0952376059100955,0.45221133369877,-0.305856068890666,-0.190739766812213,-0.0312046492625428,-0.434605630485812,2,0.32866537462602,0.000231151286566546,0.000231153091752381,-0.64301058002416,-0.445253384505784,0.193224120729249,-0.030872924877029,-0.117439472221735,0.394872857765353,6644.0000000001,4.19765642622223,0.14302502619081,3313.0000000001,0.758147058401525,4.95580348452375,0.0828221703316266,0.000221645367918438,3.17610030856074,0.952279246893987,0.320505654042009,0.364598579847832,-0.238915676036612,-0.000524676972446074,-0.11383703342664,-0.0301702450946721,0.00383525105811212,0.00358216577649659,1.51546456483214,35.0000000001,53.041259765725,1.51546456483214,35.0000000001,53.041259765725,2.01183507670813,1.93959207871829,1e-10,-0.221771772656337,-0.208711337840538,1.89979147755242,-0.274609224210644,-1.03276561575505e-16,-6.2602913664822e-16,-0.0247221470926322,-0.0137666363416772,-0.0101713335930273,0.588368052014044,0.519727699467381,-1.03996998961561,0.670791091747925,0.670791091747925,0.252018714753623,-1.80835373521174,0.456012313383982,0.603066893080236,0.296263316063841,0.492121811237238,-0.0880868684228428,-0.291480324886669,0.0851396618362342,6644.0000000001,0.0701518969004481,0.0126702733311785,0.00663930130196377,2.94134021025723,6361.79985243089,0.000244140625,277,1,"SNETWORK (1 140 6361.79985243089 0.00663930130196377 13000281 277)",13
137,13000282,0.393365294321428,127,-0.166057912338905,-0.453200003638288,-0.550040856219537,-0.551846948500872,-0.54975087933226,-0.0240292857263361,-0.0585838189009999,-0.601757315609389,-0.400348293998243,-0.0799942130370472,-0.0195858456929973,0.150801518886174,-0.0799942130370472,-0.0799942130370472,-0.816105485169465,0.157157312652896,0.0537668072302753,-0.681259461101991,0.122053626669061,0.0244718896476977,-0.0463928842676715,0.415324305327625,0.335969349634022,0.393365294321428,1,-0.0918436268465586,0.438805130298152,0.442788350513364,0.498667153511048,0.381857869266637,-0.0759801515428625,-0.400559229558827,0.161062891760195,0.160825062610119,4116.0000000001,1.22395778646316,0.0769849500539794,4160.0000000001,0.592156508439627,1.81611429480279,0.0218849971962663,0.496557216798517,-0.382679962976907,-0.599283941656356,-0.0567657773926332,-0.190753610637703,-0.514440970315664,-0.403588662715736,-0.404886594673702,-1.32231430316641,0.384163017676048,0.188017290636485,0.429209607812766,47.0000000001,20.1728515626,0.429209607812766,47.0000000001,20.1728515626,1.18560812045527,0.957551314243431,1e-10,1.06686521733767,0.582806830083763,0.1711174012391,0.802537946000432,-1.03276561575505e-16,0,-0.0247221470926315,-0.0137666363416776,-0.010171333593027,-0.0842578610097545,-0.433856501971402,1.14441415324665,-0.086032343664692,-0.086032343664692,-0.495974259421156,0.168205857626542,0.689954004639019,0.66630776323517,0.309514389374292,0.800512365064398,-0.410597991052837,-0.199815678139849,4011150926.34738,4160.0000000001,0.0147492438546628,0.00713575324160354,0.516787679810314,0.229753034131136,5106.66747475055,0.001953125,119,1,"SNETWORK (1 137 5106.66747475055 0.516787679810314 13000282 119)",13
318,13000283,0.556686211923899,205,0.826606769083661,0.576140491778701,0.449959143780463,0.448153051499128,0.45024912066774,0.951436067486929,0.966003996839221,0.653726597087061,0.635043501669278,-0.0407152637513944,0.364993314321925,-0.106782664445896,-0.0407152637513944,-0.0407152637513944,-0.354681817241195,-0.910514099894577,-0.765525087678175,-0.0388666278972946,-0.984930673298629,-0.603050539930755,0.694143931109334,-0.735182512335809,-0.673195464551723,0.556686211923899,8,-0.75353850340946,-0.397263275490728,-0.393364237700073,0.418738528786804,0.545578643264578,0.7932373554468,0.634884506162903,-0.569248142647831,0.279424674219169,7053.0000000001,3.81546925652683,0.0789632354392787,795.0000000001,0.121535005463664,3.9370042618905,0.0886310533848968,-0.33034042430806,-0.196563283943846,-0.396514864498752,0.401043480229932,0.928791804156366,1.26378559718749,0.631179447732239,1.86488568899454,1.28901409189706,1.83039086082494,3.71471906915679,0.0931861515136905,42.0000000001,3.913818359475,0.0931861515136905,42.0000000001,3.913818359475,0.133683054615988,0.179294759286879,1e-10,0.211625430846383,0.474304359338092,-0.0140731030120292,0.666443561117679,1,0.955946779738605,0.975277852907368,0.986233363658323,0.989828666406973,0.134509910024112,-0.735135120962857,-0.00602739645090485,0.142288005273025,0.142288005273025,0.0841359177479146,-0.128247119164243,0.406951703817838,0.487275306182745,0.493424477105065,0.325396473925148,-0.667524674305586,-0.520133027257446,0,7053.0000000001,0.0858950197883346,0.00273603349656224,0.811666881320734,0.0877247094614529,18471.8117239505,5.82076609134674e-11,393,1,"SNETWORK (1 318 18471.8117239505 0.811666881320734 13000283 393)",13
137,13000284,0.326067685735668,117,-0.169336007143403,-0.45983907781187,-0.585138056887849,-0.587070912494495,-0.584419668319597,-0.0205038830558235,-0.049338969327613,-0.4826264379585,-0.395468042216246,-0.0605711549407096,-0.0147916120091891,0.135492735275578,-0.0605711549407096,-0.0605711549407096,-0.512077712341431,0.146194679281814,0.049494309877822,-0.684134950224308,0.111917233633547,0.0244718896476977,-0.0463928842676715,0.415324305327625,0.335969349634022,0.326067685735668,1,-0.636266354306363,-0.129227748821753,-0.128839266920966,0.613308873711404,0.31747708338845,0.143029007350533,-0.395662503738503,0.128271427400195,0.1331571710096,3120.0000000001,0.768168506736821,0.0712168723958362,2410.0000000001,0.31734910923676,1.08551761587358,0.0199861897293058,-0.118209068872381,-0.893700486160954,-1.14917471777586,-0.17313961534537,0.323003606904951,1.37107169962534,0.0492566195359045,1.6510196606912,-0.707968388974071,0.508497979497354,0.252203975564403,0.302303538702941,51.0000000001,15.41748046885,0.302303538702941,51.0000000001,15.41748046885,0.977929181560512,0.768488753104641,1e-10,-0.630681244830505,-0.64506308380446,-0.43809618244061,-0.415303756599871,-1.03276561575505e-16,0,-0.0247221470926318,-0.0137666363416772,-0.010171333593027,0.454580656980218,-0.152811836112326,0.605760350132097,0.50685366284329,0.50685366284329,0.89438497058623,0.0959903250636405,-0.111079659371882,-0.18480230768196,-0.050246781109483,-0.0949735796273575,1.314885199566,2.15050532658974,0,3120.0000000001,0.0141432632854725,0.00584292634383328,0.482972861784734,1.80161642101085,5047.93243570962,0.001953125,258,1,"SNETWORK (1 137 5047.93243570962 0.482972861784734 13000284 258)",13
56,13000285,-0.880932724997811,47,0,0,-0.0539298651555209,-0.0526282971591558,-0.0497659234028937,-0.31053187342893,-0.0469234710471046,-0.468837409496581,0.0032117328237757,1.00557645724962,-0.672048263215647,0.917702057849226,1.00557645724962,1.00557645724962,0.00789301492501853,0.163238644251718,0.331315892456773,0.155491238583143,0.0192888534823098,0.396949460069245,-0.3182243350896,0.145121969788322,0.0313608172450206,-0.880932724997811,2,-0.428309688981269,0.123605455475197,0.123943918584331,0.621954243242017,-0.887331972483776,0.676872849281285,0.00302042719193618,-0.2209939112365,0.110694149957069,3356.0000000001,0.594383307172019,0.184858500698175,13193.0000000001,3.90214111752346,4.49652442459548,0.068531162683182,0.124074486463323,-0.581863081392937,-0.00279310502186959,0.416592561757417,-0.190473334286074,-1.96030960789755,0.18626802243209,-1.94340573032725,0.227869119783188,-1.66029514112421,-1.80317201272665,0.0737904332140351,57.0000000001,4.2060546876,0.0737904332140351,57.0000000001,4.2060546876,0.4882982013816,0.428053711025425,1e-10,-0.303648662155287,-0.548098318262131,-0.162237915039372,-0.34535133907469,-0.023255792032905,-0.145374652181789,-0.0456386537822689,-0.015623577916086,-3.8573928898018e-16,0.491821658471742,-0.859713120380831,0.394952235128359,0.551776637833252,0.551776637833252,1.11694931410813,-0.174298010544326,-1.36852847100209,-1.48839964322235,-1.67704282729425,-0.958610071820407,-0.482274132979677,-0.390269839423482,0,13193.0000000001,0.00905894757999727,0.0594722150031848,0.572123713639739,2.31370257338568,6012.88104718198,0.00048828125,23,1,"SNETWORK (1 56 6012.88104718198 0.572123713639739 13000285 23)",13
318,13000286,0.541309942327737,200,0.826606769083661,0.576140491778701,0.449959143780463,0.448153051499128,0.45024912066774,0.948421142766836,0.964257543350557,0.615995608197629,0.636611333431231,-0.0384273930372606,0.360421925152633,-0.10482178904387,-0.0384273930372606,-0.0384273930372606,-0.31664517363702,-0.905473477036776,-0.75906290171079,-0.030025456874615,-0.981246788827839,-0.603050539930755,0.694143931109334,-0.735182512335809,-0.673195464551723,0.541309942327737,8,-0.724950726258183,-0.328977528722181,-0.326343841951218,0.469658167245486,0.532361753223358,0.129513473604614,0.6364986941449,-0.645749516572756,0.30297392479137,6541.0000000001,3.83670778654226,0.0713428544274661,1660.0000000001,0.229280906794993,4.06598869323726,0.0869570127133162,-0.280199029489259,-0.0274674402268919,0.829643536679217,0.251758916175192,0.589379104694096,0.725946846877628,0.171843549431741,1.02156149487011,0.82952388766491,-0.411750294313574,-0.839459368551447,0.126234266593056,54.0000000001,6.816650390725,0.126234266593056,54.0000000001,6.816650390725,0.00690912590366567,0.130060224472732,1e-10,-0.212529763484388,0.0951534400764639,-0.249128683274279,0.0329361573038577,1,0.955946779738605,0.975277852907367,0.986233363658322,0.989828666406972,-0.316132062660408,0.279421556020806,0.11789229358289,-0.3110194099142,-0.3110194099142,0.711457783732977,-0.305968851510668,-0.160630623571571,0.0950877108113353,0.749778218570573,-0.570067737933043,0.228291145408223,0.839136484451617,0,6541.0000000001,0.0820535108576127,0.00490350175570349,0.788159069943913,2.21484649553895,18443.9526981534,5.82076609134674e-11,407,1,"SNETWORK (1 318 18443.9526981534 0.788159069943913 13000286 407)",13
56,13000287,-1.11799995220918,14,0,0,-0.0539298651555209,-0.0526282971591558,-0.0497659234028937,-0.322310499815675,-0.0525245752557668,-0.462508993757346,0.00786402288512473,1.01044887868948,-0.674246918016561,0.910509341934542,1.01044887868948,1.01044887868948,0.0950124164516882,0.152001240342404,0.319143038342623,0.120591725612499,0.0130410862944216,0.396949460069245,-0.3182243350896,0.145121969788322,0.0313608172450206,-1.11799995220918,2,0.953531878743121,-0.245148482090577,-0.243713013873583,-1.36636153322907,-1.12145875294861,0.530856653491035,0.00767473759289941,2.20719437277376,0.349942068440047,6888.0000000001,3.85664154685874,0.0752349581492348,4185.0000000001,0.503773279197252,4.36041482595599,0.0875680098462084,-0.215100893736738,-1.42716134383861,-1.3177858930062,0.516217332487186,0.302156848106855,-0.930727291017734,0.368119816194291,-1.20891431892944,0.424181387628552,-1.43007657185521,-1.56424289888061,0.415738192571591,44.0000000001,18.29248046885,0.415738192571591,44.0000000001,18.29248046885,0.494269050841558,0.301237932617381,1e-10,-1.81581751854084,-2.05903980337742,-1.02662889371371,-0.716146341189377,-0.0232557920329049,-0.145374652181789,-0.0456386537822686,-0.0156235779160857,0,-0.816599309483387,-0.57713002228542,-0.19031766817812,-0.742727924372886,-0.742727924372886,1.49019205567278,0.509191785537401,-0.123389809387797,-0.367222697908934,-0.53071264880814,0.133678089440889,-0.114195025299542,0.393984324364734,0,6888.0000000001,0.0774509852942499,0.0101170244519585,0.329236670095818,1.89873929601163,5818.59359502627,0.00048828125,19,1,"SNETWORK (1 56 5818.59359502627 0.329236670095818 13000287 19)",13
318,13000288,0.65180211660077,231,0.826606769083661,0.576140491778701,0.449959143780463,0.448153051499128,0.45024912066774,0.949155437047993,0.964955701226285,0.652271035995136,0.622000283680226,-0.0558373299564656,0.344096752065534,-0.116077201958209,-0.0558373299564656,-0.0558373299564656,-0.792834277830065,-0.881093463737242,-0.736889212281303,0.00541092391279907,-0.962471804075938,-0.603050539930755,0.694143931109334,-0.735182512335809,-0.673195464551723,0.65180211660077,8,0.468205403501256,0.874331161459755,0.888787826030775,0.191307331462522,0.64592592690646,-0.0113457885816796,0.621886969338265,-0.327279205655293,0.0789609650919676,3268.0000000001,0.499578588692373,0.0867619260147119,1961.0000000001,0.329394314796526,0.8289729033889,0.00722856201729162,1.1761791871281,0.798498766867448,0.823683075471744,-0.204684114062076,0.00821367552359846,0.475292053488116,-0.559066554526957,0.264883219429212,-0.179420702885996,0.559987188327784,1.12217766174258,0.647058435488513,74.0000000001,47.88232421885,0.647058435488513,74.0000000001,47.88232421885,1.78653146967532,0.64585500157153,1e-10,-0.134542555362417,-0.51259799807454,-0.320894676166059,-0.410963631387901,1,0.955946779738605,0.975277852907368,0.986233363658323,0.989828666406973,-0.0313797676243463,-0.737536901492887,0.641196320605043,-0.0323174980256794,-0.0323174980256794,-0.464314879263411,0.001713782272776,0.0397447284055381,-0.14417773228608,-0.173780797546149,0.171262576639276,-0.0731720715234631,-0.290970886876914,0,3268.0000000001,0.00435627599631517,0.00287228592097645,0.936900754489324,0.552154999733457,18620.2259530485,5.82076609134674e-11,402,1,"SNETWORK (1 318 18620.2259530485 0.936900754489324 13000288 402)",13
328,13000289,0.78275528707941,259,0.833942087661095,0.661934694919581,0.679648502105189,0.676245639047415,0.674971766192546,0.844670866180302,1.01530057043272,0.204239858987019,0.0934635669288596,-0.0426528735076837,0.243706403888114,-0.26813683199062,-0.0426528735076837,-0.0426528735076837,-0.782160365267373,-0.109804091882879,0.00897101584391445,1.01394862995314,-0.353902764004616,-0.560339494672534,0.667148486569063,-0.788859635579387,-0.682989322922567,0.78275528707941,8,0.315894422037845,0.746200799320757,0.75700849543304,0.257181817977376,0.76909403143627,-0.591412313395315,0.0934200421174224,0.428163352190199,0.199659014893665,4196.0000000001,1.62193604304985,0.120025569595139,2104.0000000001,0.488909901113893,2.11084594406375,0.0202419996190159,0.95318847723856,5.88341179879874,1.86277072140702,-0.518546885886619,-0.592709359395763,-0.186699038650396,-0.82923649121417,-0.120664976890952,-1.27317068631963,0.0865294165627952,0.104770268619499,0.152683424013043,69.0000000001,10.5351562501,0.152683424013043,69.0000000001,10.5351562501,0.764705882452941,0.545587182836387,1e-10,-2.54002438411824,-2.71550305411671,1.7893657725323,-0.738370221990021,1,0.955946779738605,1.27717508738715,1.28529677079185,1.31366454417867,-2.9609053850018,-0.259429782994508,0.472290033983277,-1.97144966754296,-1.97144966754296,-3.55378871347607,-1.02451951321791,-0.791846960165631,-0.9603083702057,-2.00340668314602,-0.0151542346410098,0.624218142669873,0.746882189469757,0,4196.0000000001,0.015553588216682,0.00468841130233392,0.16132196683489,3.73382436694839,18815.8868923349,2.91038304567337e-11,467,1,"SNETWORK (1 328 18815.8868923349 0.16132196683489 13000289 467)",13
318,13000290,0.0402108111437791,77,0.847990630531859,0.546799996361712,0.449959143780463,0.448153051499128,0.45024912066774,0.912811039875318,0.953341315794221,0.512446469364115,0.677160619424021,0.012646620530939,0.380830796490131,-0.0962049144086047,0.012646620530939,0.012646620530939,0.15151800751651,-0.870598088270222,-0.719708177155614,0.0176610518229368,-0.953999618762782,-0.617135106478376,0.700828921651292,-0.704722392945234,-0.65941867091232,0.0402108111437791,8,1.02123340715118,1.00914253048785,1.02788666530462,-0.419295077793629,0.0265379618645394,-0.710276116594983,0.680048616026655,1.66395798117449,0.140824414497349,12249.0000000001,3.33954969272465,0.118963198252398,2284.0000000001,0.526039131758651,3.8655888243833,0.0305018220648374,1.43461700753756,0.64246179914159,-0.766587544339161,-0.718482657577367,-0.643152575705543,0.234527720610657,-0.957914726046503,0.114452005074676,-1.16520849599439,0.0864246913308813,0.178664531253317,0.0856261323463768,69.0000000001,5.9082031251,0.0856261323463768,69.0000000001,5.9082031251,0.0465832881188508,0.19055755070463,1e-10,-2.54002438401093,-2.1799823282873,2.04682783419622,-0.734030096778051,1,0.867841683603147,0.975277852907368,0.986233363658323,0.989828666406973,-3.51372608599869,0.161747999853457,0.274175194177574,-2.17241430527834,-2.17241430527834,-3.11647595820591,-0.875093580265643,0.909281485540192,0.830793878335869,0.120619864504404,1.19239408828695,0.286382052749226,0.100926172580887,0,12249.0000000001,0.0263510566688505,0.00415076529598687,0.147048792571185,7.58510214908388,17684.1751301864,5.82076609134674e-11,355,1,"SNETWORK (1 318 17684.1751301864 0.147048792571185 13000290 355)",13
328,13000291,0.764247624504799,255,0.833942087661095,0.661934694919581,0.584902015722838,0.581791403280787,0.581496445193316,0.835980755859537,0.997086872817642,0.489691100578548,0.101449284281847,-0.0409015991678711,0.222663947212376,-0.250079165173327,-0.0409015991678711,-0.0409015991678711,0.730658043346774,-0.123224734639,0.000130630580691219,1.00131413394862,-0.365130382313613,-0.560339494672534,0.667148486569063,-0.788859635579387,-0.682989322922567,0.764247624504799,8,0.149434782320946,0.266648407126467,0.268174161045226,-0.121044073165658,0.749766533550374,-0.530429424634843,0.101260219617373,0.198039318873624,0.109922888544707,935.0000000001,0.198979834127076,0.114686537258582,1806.0000000001,0.40099550790741,0.599975341934486,0.00821886370429091,0.282465841317864,-0.366847680468067,0.313989939944161,-0.635627231296138,-0.557677758983668,0.222736663516884,-0.637351005567903,0.199685961051361,-0.811352759662251,0.207285154907809,0.262937180705464,0.120222981870833,30.0000000001,3.606689453225,0.120222981870833,30.0000000001,3.606689453225,0.147096141438536,0.139015736949714,1e-10,1.87279249909826,1.01512577733758,0.790601854449297,1.34307935414956,0.976836093318573,1.19728033355414,1.32446173805355,1.33597184569963,1.35932864995931,-1.97667400453065,-0.33212023972482,0.266408827250477,-1.51130017919732,-1.51130017919732,-0.317083339377725,0.436649265827776,0.0674430214521736,0.0391214813530533,0.33927104363533,-0.0532906926232727,-0.165495068293655,0.757885670543606,10761207650.8993,1806.0000000001,0.00272575888014434,0.00549310472414658,0.119748544386195,2.94791394937783,18784.7349753581,2.91038304567337e-11,463,1,"SNETWORK (1 328 18784.7349753581 0.119748544386195 13000291 463)",13
137,13000292,0.326067685735668,117,-0.169336007143403,-0.45983907781187,-0.585138056887849,-0.587070912494495,-0.584419668319597,-0.0205038830558235,-0.049338969327613,-0.4826264379585,-0.395468042216246,-0.0605711549407096,-0.0147916120091891,0.135492735275578,-0.0605711549407096,-0.0605711549407096,-0.512077712341431,0.146194679281814,0.049494309877822,-0.684134950224308,0.111917233633547,0.0244718896476977,-0.0463928842676715,0.415324305327625,0.335969349634022,0.326067685735668,1,-0.636266354306363,-0.129227748821753,-0.128839266920966,0.613308873711404,0.31747708338845,0.143029007350533,-0.395662503738503,0.128271427400195,0.1331571710096,3120.0000000001,0.768168506736821,0.0712168723958362,2410.0000000001,0.31734910923676,1.08551761587358,0.0199861897293058,-0.118209068872381,-0.893700486160954,-1.14917471777586,-0.17313961534537,0.323003606904951,1.37107169962534,0.0492566195359045,1.6510196606912,-0.707968388974071,0.508497979497354,0.252203975564403,0.302303538702941,51.0000000001,15.41748046885,0.302303538702941,51.0000000001,15.41748046885,0.977929181560512,0.768488753104641,1e-10,-0.630681244830505,-0.64506308380446,-0.43809618244061,-0.415303756599871,-1.03276561575505e-16,0,-0.0247221470926318,-0.0137666363416772,-0.010171333593027,0.454580656980218,-0.152811836112326,0.605760350132097,0.50685366284329,0.50685366284329,0.89438497058623,0.0959903250636405,-0.111079659371882,-0.18480230768196,-0.050246781109483,-0.0949735796273575,1.314885199566,2.15050532658974,0,3120.0000000001,0.0141432632854725,0.00584292634383328,0.482972861784734,1.80161642101085,5047.93243570962,0.001953125,258,1,"SNETWORK (1 137 5047.93243570962 0.482972861784734 13000292 258)",13
318,13000293,0.672263710067639,236,0.826606769083661,0.576140491778701,0.449959143780463,0.448153051499128,0.45024912066774,0.94910194172202,0.965056865354676,0.653305747397702,0.621889174907815,-0.0559441356913388,0.344330684691581,-0.116269158580081,-0.0559441356913388,-0.0559441356913388,-0.797363258434946,-0.880761339099504,-0.736444450418237,0.00721350312221577,-0.962385996135495,-0.603050539930755,0.694143931109334,-0.735182512335809,-0.673195464551723,0.672263710067639,8,1.09050733313436,1.78609265948251,1.83665400619135,0.474102351982543,0.679155764136808,-0.548924633959093,0.621651118994582,1.13728875290016,0.22298983965806,8573.0000000001,3.70106932832648,0.235831279927783,4433.0000000001,2.02399045823865,5.72505978646513,0.0254288765988866,3.54466605998931,0.761192775606615,0.256802938843971,-0.518302415133943,-0.438589830277098,0.193729161696084,-1.01730732723154,0.0457864204348854,-1.46898158380896,-0.000447941025118441,-0.00495922963873473,0.140322503910976,205.0000000001,28.76611328135,0.140322503910976,205.0000000001,28.76611328135,1.56089733347598,0.527172088673266,1e-10,0.549130987470929,0.408242809053081,-0.0964707916381605,0.433187512188545,1,0.955946779738605,0.975277852907369,0.986233363658322,0.989828666406974,0.0937904024722404,-0.680320333751781,0.882613865754242,0.0985571484413077,0.0985571484413077,-0.22222958249883,0.465153175327951,0.0165587109434923,-0.109791446127852,0.0115593960900013,0.0454286094798951,-0.710970978301012,-0.388993844424752,0,8573.0000000001,0.0164389610542463,0.00898991544464023,0.959607361809355,0.301526214085983,18647.1354746945,5.82076609134674e-11,379,1,"SNETWORK (1 318 18647.1354746945 0.959607361809355 13000293 379)",13
137,13000294,-0.20105256256574,74,-0.169336007143403,-0.45983907781187,-0.612877153222713,-0.614349237474709,-0.609405455638136,-0.0216612325914259,-0.0255617096038511,-0.205193877739714,-0.379089263384535,0.0229443701868163,-0.0175872322086722,0.0585091044092094,0.0229443701868163,0.0229443701868163,0.323338932236494,0.0682484317448885,-0.01868767638195,-0.789233775733844,0.050824741217631,0.0677281446396492,-0.117429098893948,0.617705950750841,0.326804535448277,-0.20105256256574,1,0.000226858243111386,-0.18611146372786,-0.185295042328594,-0.445556780197912,-0.201302203286445,1.04489176711322,-0.37807384536629,-0.00393659007098975,0.391806380760499,206.0000000001,0.149236848571853,0.071881498379902,1762.0000000001,0.234185698526112,0.383422546997965,0.00736673335057207,-0.166787023787892,-0.00887474026799321,-0.871590925808323,1.29577108795462,0.642488615106341,-2.31444397616701,0.592229993690869,-2.88904930327709,-0.0951683730108521,-1.8424857218137,-0.856337190606498,0.576224190948214,28.0000000001,16.13427734385,0.576224190948214,28.0000000001,16.13427734385,1.00923349230058,1.1765712067301,1e-10,-1.49863254374296,-1.69594200069539,-0.952092242402087,-0.67354441686389,0,-0.044053220261396,0,0,-0.0227070388776265,0.365954333766343,-0.842454165857673,0.74737897502875,0.402098063950923,0.402098063950923,-1.52793987765834,0.319144950691634,-0.283291759523108,-0.521356710153919,-0.641855785582307,-0.0250050491069654,0.086093513724842,2.04592044851085,0,1762.0000000001,0.0028673015260648,0.00449943172450727,0.339801442065643,0.456554107367992,4799.24918328506,0.001953125,138,1,"SNETWORK (1 137 4799.24918328506 0.339801442065643 13000294 138)",13
137,13000295,0.296016256609365,112,-0.169336007143403,-0.45983907781187,-0.612877153222713,-0.614349237474709,-0.609405455638136,-0.000707218790364404,-0.0423762099925867,-0.437519197936246,-0.390645232192511,-0.0455354066077457,4.26675232758695e-05,0.0916093884763083,-0.0455354066077457,-0.0455354066077457,-0.189653612853295,0.129701589693684,0.0392856684886568,-0.69601436678643,0.0976465331733315,0.0244718896476977,-0.0463928842676715,0.415324305327625,0.335969349634022,0.296016256609365,1,-0.492171433802301,0.00774916499884569,0.00775058410071422,0.559730916633297,0.287134686143416,-0.13827289897111,-0.390847348983462,0.349571537217149,0.468910074603408,354.0000000001,0.306923519990702,0.0730888864914478,1074.0000000001,0.145141955837632,0.452065475728334,0.00751265468922554,0.0074516743158259,0.0527588984976226,0.494341831696321,-0.271973179779243,0.0451020534402109,0.792098298660664,-0.225225197654186,0.861938188897047,-1.03500895704814,0.0864999392510302,0.0642716975316709,0.337660845688235,17.0000000001,5.7402343751,0.337660845688235,17.0000000001,5.7402343751,0.0539189031696564,0.184919593610959,1e-10,-0.485861613821135,-0.688487478096293,-0.488331052860929,-0.492225413648121,0,-0.022176090681972,-0.0247221470926315,-0.0137666363416765,-0.0101713335930266,-0.148477986131979,0.267896346920556,-0.902912373097523,-0.150044657453376,-0.150044657453376,0.774370336750396,-0.277271973570073,0.268979082180314,0.0879231982733831,0.0457886905997004,0.368004506839798,1.6119558074541,1.99335695925785,0,1074.0000000001,0.00510061155863152,0.00241204303059402,0.465339142528988,3.61136554242318,5017.30334321711,0.001953125,98,1,"SNETWORK (1 137 5017.30334321711 0.465339142528988 13000295 98)",13
318,13000296,0.648670424991689,230,0.826606769083661,0.576140491778701,0.449959143780463,0.448153051499128,0.45024912066774,0.948879503705288,0.964673872219342,0.65024810787863,0.622062156659841,-0.0557338751341676,0.343884306859148,-0.115935982611549,-0.0557338751341676,-0.0557338751341676,-0.787906599215145,-0.8810710176073,-0.736919048583349,0.0049016556635012,-0.962384189022187,-0.603050539930755,0.694143931109334,-0.735182512335809,-0.673195464551723,0.648670424991689,8,0.207668022854933,0.625827806261736,0.633620209555633,0.263922400970399,0.638309678028551,-0.00667481340713902,0.621897801713132,-0.420183129443546,0.0898616586659128,7774.0000000001,1.35247201623136,0.0663164840609795,1486.0000000001,0.19078737095859,1.54325938708995,0.0161828692957487,0.761995339276318,0.78440304756035,0.600373053913857,-0.0368417069234358,0.0696336143917854,0.158286961858483,-0.451182231874619,0.105165971879743,0.00633950012476736,0.621423238349137,1.24601232384631,0.597436832576266,79.0000000001,47.197509765725,0.597436832576266,79.0000000001,47.197509765725,1.75662391121964,0.571929558917698,1e-10,-0.165853225525227,-0.0372849523705155,-0.191373309777737,-0.0567362226304465,1,0.955946779738605,0.975277852907368,0.986233363658323,0.989828666406973,-0.0048047786041265,-0.752453917416804,0.593917234573725,-0.00497293573583622,-0.00497293573583622,-1.16921962502306,0.388234747042417,-0.0203576023224247,-0.201858612532645,-0.176193680146085,0.0915269971001651,-0.875053498859107,-0.346596274285704,0,7774.0000000001,0.0141822417621276,0.00200062743362109,0.932447895624558,0.702111634161348,18614.9488854391,5.82076609134674e-11,410,1,"SNETWORK (1 318 18614.9488854391 0.932447895624558 13000296 410)",13
137,13000297,0.366750575331961,124,-0.166057912338905,-0.453200003638288,-0.550040856219537,-0.551846948500872,-0.54975087933226,-0.0271795239914421,-0.0587450983111623,-0.569517237428464,-0.399502094839379,-0.074797263288205,-0.0218017024525372,0.161485703924895,-0.074797263288205,-0.074797263288205,-0.761909281154823,0.156802155870019,0.0540016185141514,-0.681890937882334,0.121795406642666,0.0244718896476977,-0.0463928842676715,0.415324305327625,0.335969349634022,0.366750575331961,1,-0.426197554742312,-1.07898420447757,-1.04551632973367,-0.838344744384773,0.352580170160886,-0.165093148681194,-0.39931334232229,0.208220658053245,0.351507722013255,922.0000000001,0.599243229204956,0.0579334960862816,298.0000000001,0.0319215041084265,0.631164733213382,0.0238034570133922,-0.71424898445001,6.70376846323502,1.53490250823536,-0.316161199288222,-0.305149192765713,-0.0328499712611027,0.465527839723105,-0.0507296386901183,-0.279194007855652,-0.565293001215638,-0.268982453666429,0.0629611546138889,9.0000000001,0.566650390725,0.0629611546138889,9.0000000001,0.566650390725,0.279862244073174,0.224323459366961,1e-10,0.428618208501218,0.283781496301341,-0.00714507355836781,0.31208453613708,0,0,-0.0247221470926315,-0.0137666363416769,-0.0101713335930273,0.195715319157859,-0.293664719661659,1.43047662808132,0.209113419953354,0.209113419953354,-0.745776606807444,0.494939108314637,0.329091265288012,0.230290404613175,0.0707022005536011,0.436269074523698,0.0745069454417993,-0.107324835339548,0,922.0000000001,0.0225995839695933,0.00120387294379891,0.506504733852631,0.356484081363305,5088.80639290698,0.001953125,209,1,"SNETWORK (1 137 5088.80639290698 0.506504733852631 13000297 209)",13
318,13000298,0.446639074283093,177,0.826606769083661,0.576140491778701,0.449959143780463,0.448153051499128,0.45024912066774,0.941842136431393,0.960947542480526,0.549484197500604,0.639843499109017,-0.031794138294805,0.353244745598685,-0.104059100307935,-0.031794138294805,-0.031794138294805,-0.278764907483499,-0.897932223002714,-0.74992452084828,-0.0315545633802432,-0.973817332548539,-0.603050539930755,0.694143931109334,-0.735182512335809,-0.673195464551723,0.446639074283093,8,-1.12679546600516,-0.788087286216429,-0.77135340375885,-0.0680458918050958,0.430197819741129,0.0361642152896193,0.640131971151252,-0.80085270805722,0.113519522684515,405.0000000001,0.0890092007351628,0.119848962896425,5142.0000000001,1.19309678056175,1.28210598119692,0.0387612526819448,-0.57356070775495,-0.142199830628048,0.0783276073662912,0.128160152841363,-0.057259306817285,-0.685785242062501,0.429244393394372,-1.3296345538099,1.09896183555875,-2.30084356282205,-4.69041293349572,0.186792834151724,29.0000000001,5.4169921876,0.186792834151724,29.0000000001,5.4169921876,0.0680356972499856,0.0398410729234859,1e-10,0.698246970567522,0.478967318279023,2.04118632564149,0.870907758696101,1,0.955946779738605,0.975277852907368,0.986233363658322,0.989828666406972,0.296271074571079,-0.745398670118238,-0.476983523166282,0.32181709407525,0.32181709407525,-0.210322291729155,-0.001713782272776,0.344972816829637,0.271504362373543,-0.0459660558391685,0.517213555621115,-0.497694234629617,-0.828918653048318,7249608062.2006,5142.0000000001,0.00269096951328842,0.0360702830686563,0.668745160436854,0.891075439751148,18302.4356878217,5.82076609134674e-11,332,1,"SNETWORK (1 318 18302.4356878217 0.668745160436854 13000298 332)",13
137,13000299,-0.655775296836857,40,-0.169336007143403,-0.45983907781187,-0.612877153222713,-0.614349237474709,-0.609405455638136,-0.00682952163607305,0.00742581067759339,0.0215477469304588,-0.359916517430927,0.11913769057502,-0.0664065187726221,-0.0100324042835917,0.11913769057502,0.11913769057502,0.55988896762695,-0.0210348001396032,-0.104863625817798,-0.952256411027864,-0.013615452789078,0.0677281446396492,-0.117429098893948,0.617705950750841,0.326804535448277,-0.655775296836857,1,-1.05794263045628,-0.345288801815673,-0.342376966502773,1.10235037259827,-0.655926705892413,0.983188371774814,-0.360103263716587,-0.601099164821351,0.210235099646993,1404.0000000001,0.545770022182275,0.0714923878329815,429.0000000001,0.0567093199775525,0.602479342059828,0.0130436981937662,-0.292406023466886,-0.418155682294992,0.628503145493346,1.68962234673342,0.994291832951882,-2.4437604020129,0.68858174595697,-3.43588002110721,0.0443498723403412,-4.02616969423918,-2.18819913000957,0.0222710504472222,27.0000000001,0.601318359475,0.0222710504472222,27.0000000001,0.601318359475,0.278348207245827,0.284942903028845,1e-10,0.0221768058850457,0.119733860422539,-0.213330237731843,0.439238648301388,0,-0.044053220261396,-3.42243995575329e-16,0,-0.0227070388776265,0.700289544537733,-0.440266241223501,0.190238918951242,0.813493926073541,0.813493926073541,0.184449354769459,0.0845876984107653,-0.908536233060133,-1.05876579044743,-0.963699706457659,-0.703030442125788,-0.0163286615504857,-0.110985998477031,0,1404.0000000001,0.011815939403851,0.00122775868991527,0.233820192538184,0.172547088935971,4615.16382686253,0.001953125,206,1,"SNETWORK (1 137 4615.16382686253 0.233820192538184 13000299 206)",13
137,13000300,0.000709029027134515,88,-0.169336007143403,-0.45983907781187,-0.612877153222713,-0.614349237474709,-0.609405455638136,-0.00498762405859112,-0.0224927726692662,-0.238442358392595,-0.381382174255072,0.00291421143809768,0.00516769845671607,0.0464637477457617,0.00291421143809768,0.00291421143809768,0.249072801005511,0.0820507215010823,-0.00525220869874517,-0.761472751602059,0.0604547858293422,0.0677281446396492,-0.117429098893948,0.617705950750841,0.326804535448277,0.000709029027134515,1,-0.200910105896613,0.441348297555878,0.445375666890399,0.70010427244612,0.0267172320504863,1.72130641879277,-0.381582221807893,-0.188056638028664,0.239970345285228,2233.0000000001,0.990794629464802,0.159611864117308,2016.0000000001,0.594967224311385,1.58576185367619,0.0190730213655998,0.499927376648375,0.19718832248732,-0.180031462603539,1.84590783989142,1.9120140436796,-0.372878103751002,0.388960534407357,-0.293237708876296,-0.302678673493778,0.208567754155532,0.10985428767185,0.404491360004661,59.0000000001,23.864990234475,0.404491360004661,59.0000000001,23.864990234475,0.737634477490739,0.284482587623102,1e-10,0.521666992045203,0.312522112921943,1.75234769962677,0.672892756051738,-1.03276561575505e-16,-0.0223939734992886,-0.0245158959071885,-0.0136517852102328,-0.0102759168754519,0.608423465616974,-0.931028862358149,0.344985389347049,0.695983644310168,0.695983644310168,0.333278011598819,0.568628882781053,-0.972438071272559,-1.19761455834328,-1.17807422678758,-0.679695952365577,-0.00521596202959409,0.107563495313368,788063791.535007,2233.0000000001,0.0119169514597036,0.00715606980589627,0.383556208032095,2.79741919814952,4875.24952979948,0.001953125,207,1,"SNETWORK (1 137 4875.24952979948 0.383556208032095 13000300 207)",13
319,13000301,-0.173314465130653,23,0.849676501735058,0.527879359151426,0.423921895297046,0.422083328008158,0.425620192291929,0.86353418549755,0.877255730745643,0.538054753954767,0.777979439379107,-0.0139226873404893,0.366631061841963,-0.0439250302719531,-0.0139226873404893,-0.0139226873404893,0.274968463001178,-0.733522549294069,-0.541362142434748,0.421973114425798,-0.875052396079874,-0.604424467785202,0.699593179675348,-0.759818089809216,-0.694672009762475,-0.173314465130653,8,0.584605031077339,0.460825724290919,0.46519847193337,-0.472500627443606,-0.189497897749984,-0.690052785465928,0.777854949330541,0.156603629222034,0.281586770335637,6688.0000000001,3.64600980761382,0.129691594863647,2449.0000000001,0.614907708489162,4.26091751600298,0.0505116317739512,0.525948515983022,1.1706189473919,-0.47792221161591,-0.492551916650504,-0.622544968996828,-0.381123326500966,-0.822108763660719,-0.295611188318551,-0.65409639024658,-0.356975673221074,-0.806062033225356,0.169148137119231,65.0000000001,10.99462890635,0.169148137119231,65.0000000001,10.99462890635,0.175553636453943,0.0661278504974905,1e-10,-0.344657204105514,-0.632425610867918,-0.441699313347423,-0.569933557883451,1,0.867841683603147,1.11446852592804,1.12323690396323,1.18436031392693,-1.01951412637728,0.341755606621797,0.749389030256713,-0.898792516998382,-0.898792516998382,1.39272990804538,-1.26540911311535,0.653398836332419,0.998547291628687,1.89939487043592,-0.0602254399732721,0.0643754793728004,0.556067402898244,0,6688.0000000001,0.0432221238241273,0.00728950784982385,0.690480280439572,3.97278157618209,17337.9131789916,1.16415321826935e-10,434,1,"SNETWORK (1 319 17337.9131789916 0.690480280439572 13000301 434)",13
137,13000302,0.726922440911841,173,-0.166057912338905,-0.453200003638288,-0.550040856219537,-0.551846948500872,-0.54975087933226,-0.0144884568648067,-0.0453168338997511,-0.727498146634919,-0.423917303890657,-0.19942185406568,-0.0192378486250032,0.197837675576122,-0.19942185406568,-0.19942185406568,-3.72725815804846,0.185208770846221,0.0330907320568072,-0.707233391505646,0.152315707082556,0,0,0.264817487664191,0.333376028400019,0.726922440911841,1,-1.33232102988181,-1.27533846525571,-1.22648927786646,0.169645970205351,0.712328850377461,0.578402273476067,-0.424125553461524,-0.847179513209946,0.0715796501444412,1.0000000001,0.000132351004999022,0.128547376514918,2075.0000000001,0.493194997643198,0.493327348548197,0.0216211118464045,-0.793557713110288,-1.7282207084137,0.262219606712726,0.468477169116263,0.560405270219251,0.0124100863561583,1.25291952157383,0.0727957673864713,0.342035980806438,-0.515746536316198,-0.218919048258685,0.371599469966071,14.0000000001,5.202392578225,0.371599469966071,14.0000000001,5.202392578225,0.531810766821044,0.871724684475009,1e-10,0.990925375591645,0.803702054960653,0.306868545525691,1.16977931009023,0.011186450510944,0.00635680888443509,0.0758219226153097,0.0811829249724543,0.0589099043039185,-0.700202269705548,0.12877691655672,-0.691829111534493,-0.648469804357865,-0.648469804357865,-0.511617752345589,0.337218149312328,0.209172274290099,0.459165495698034,0.223887583227993,0.19653290445861,0.383414495544131,-0.665450962793186,12923040262.3237,2075.0000000001,5.80055761295812e-06,0.0216153111887915,0.669137750364522,0.291054657660425,5371.2936908408,0.001953125,178,1,"SNETWORK (1 137 5371.2936908408 0.669137750364522 13000302 178)",13
137,13000303,0.650084837652502,162,-0.166057912338905,-0.453200003638288,-0.550040856219537,-0.551846948500872,-0.54975087933226,-0.0182595579822899,-0.0455105338941585,-0.678582601697892,-0.416936489068649,-0.167089984051769,0.000264760009586514,0.155764350918937,-0.167089984051769,-0.167089984051769,-2.56601682946204,0.165650763006595,0.029123557497346,-0.71642167884535,0.134756671794579,0,0,0.264817487664191,0.333376028400019,0.650084837652502,1,-1.39882078303994,-1.81494669225071,-1.70347917476392,-0.414623926391775,0.634877019631529,0.796640709538789,-0.417115693907778,-0.680103673574299,0.0875862099552964,77.0000000001,0.0124699239988888,0.0816345419316459,394.0000000001,0.0594713129752793,0.071941236874168,0.00479051507453561,-0.960794885464706,0.368708003742325,-0.919122671092898,1.54176334264619,0.340216755577265,-3.89916958396024,1.92535179874918,-16.8483969180097,0.893702719386555,-10.6907958129065,-4.89735199668433,0.054351806740625,8.0000000001,0.434814453225,0.054351806740625,8.0000000001,0.434814453225,0.323598716367366,0.399094367064477,1e-10,-0.0232664626502827,0.493105878346338,0.103074562994872,0.655663871427001,1.03276561575505e-16,0,-0.0247221470926315,-0.0137666363416776,-0.010171333593027,-0.171527905266135,-0.316445103336761,0.399481797796406,-0.172697482282101,-0.172697482282101,0.169398843612516,0.645856996155297,0.341918818303303,0.284745663655248,-0.0351684003340177,0.507587466705884,-0.362825685603537,-0.999172436048305,0,394.0000000001,0.000830363222090118,0.00396015175244549,0.633918702295236,1.56918212928576,5310.11955819371,0.001953125,238,1,"SNETWORK (1 137 5310.11955819371 0.633918702295236 13000303 238)",13
318,13000304,0.602082595258417,217,0.826606769083661,0.576140491778701,0.449959143780463,0.448153051499128,0.45024912066774,0.950873115581419,0.964963831827995,0.662310710041104,0.626648142520223,-0.0506663979666428,0.353062735375199,-0.111977947079821,-0.0506663979666428,-0.0506663979666428,-0.624626410255431,-0.893776714185064,-0.749371516393828,-0.0161302335919118,-0.971834238659695,-0.603050539930755,0.694143931109334,-0.735182512335809,-0.673195464551723,0.602082595258417,8,-0.0437814262541362,-0.339381739349259,-0.336572360926763,-0.553675749897384,0.587116647004802,0.174250273608661,0.62648826675314,2.06607917644376,0.138174127943718,2908.0000000001,0.777911972926344,0.0991356322670467,1398.0000000001,0.268315816230818,1.04622778905716,0.0225505951077802,-0.288002207306305,0.188844590250476,-1.03044079243228,0.0378519388154049,-0.103937989390452,-0.556242250142603,0.210151957688653,-0.770563944615074,0.863647638672973,-0.21888993482544,-0.443173496727395,0.477820763321154,26.0000000001,12.42333984385,0.477820763321154,26.0000000001,12.42333984385,0.237949013310504,0.393727518894258,1e-10,-0.352235975891168,-0.665834482864889,0.0893640060648414,-0.560858458790078,1,0.955946779738605,0.975277852907368,0.986233363658323,0.989828666406973,-2.73715071143883,0.200822818757276,0.0500244569027828,-1.8793210487538,-1.8793210487538,-1.8222363701728,-1.71322613267807,2.11414226223904,2.27521080307334,1.9698808577055,1.87163862612908,-0.0562802670274307,0.354110997698601,0,2908.0000000001,0.0167672642956614,0.0057833307121188,0.867887965556907,0.393481869480736,18538.4391360464,5.82076609134674e-11,420,1,"SNETWORK (1 318 18538.4391360464 0.867887965556907 13000304 420)",13
56,13000305,-0.914823649324864,42,0,0,-0.0539298651555209,-0.0526282971591558,-0.0497659234028937,-0.315289953643108,-0.0483098074003432,-0.463871101834735,0.0054027256032236,1.00668455994282,-0.668060656456695,0.91072789911243,1.00668455994282,1.00668455994282,0.0467499136021215,0.158249966338147,0.326146904234167,0.141121098547716,0.0163687178717697,0.396949460069245,-0.3182243350896,0.145121969788322,0.0313608172450206,-0.914823649324864,2,-0.127752720562074,0.746664808802993,0.757484924272399,1.06272349929943,-0.921791713085323,0.194564701379656,0.00526880148429796,-0.209205390299307,0.639568968647613,16557.0000000001,16.9429494596742,0.0627972977888553,7963.0000000001,0.800087810493493,17.7430372700677,0.170088621638566,0.953958705690204,-0.226995764988634,-0.171145586167902,0.587574230573476,0.0346936903692865,-1.83466485184376,-0.406922852621449,-1.14970418690973,-0.526773091948017,-0.6675899593814,-0.72764012255916,0.317954534316772,79.0000000001,25.118408203225,0.317954534316772,79.0000000001,25.118408203225,0.792374372361139,0.155561457119764,1e-10,-0.313161344566765,0.14759575808139,0.137251548631615,0.230825964028644,-0.0232557920329049,-0.145374652181789,-0.0456386537822682,-0.0156235779160857,0,0.304872213802875,-0.161889242328214,-0.196012655364252,0.331628669147327,0.331628669147327,-0.71818659554149,-0.152260372950988,0.00700422327372423,-0.111621593650232,-0.655322022240828,0.372941292469366,-0.699008258572071,-0.480084868333333,0.851504389376529,16557.0000000001,0.162418805446257,0.00766981609230909,0.535906378243166,2.25959241022033,5983.910486565,0.00048828125,10,1,"SNETWORK (1 56 5983.910486565 0.535906378243166 13000305 10)",13
56,13000306,-0.789399943457266,58,0,0,-0.0539298651555209,-0.0526282971591558,-0.0497659234028937,-0.308379768161883,-0.0465153554784899,-0.478890689503481,0.000855964257768577,1.00228405569244,-0.6777272049894,0.925389518571799,1.00228405569244,1.00228405569244,-0.000800721373142321,0.167920043539034,0.335723728391606,0.16941381731694,0.0219704320425758,0.396949460069245,-0.3182243350896,0.145121969788322,0.0313608172450206,-0.789399943457266,2,-0.198295295858583,-0.144505009427214,-0.144017498646097,-0.130131211814458,-0.795652192773251,0.384397929544006,0.00108635589759417,-0.386400363974714,0.195215213914482,3435.0000000001,1.07290281522349,0.0701470907813794,6289.0000000001,0.705848085371717,1.77875090049521,0.0331265724476888,-0.131455830189449,0.489982285103215,0.0215308333509886,0.340711396477337,0.468059288900075,0.136036279268146,0.210615238140787,0.17191710953394,0.251474944032344,0.120225061437932,0.131940132623773,0.776901657616892,37.0000000001,28.745361328225,0.776901657616892,37.0000000001,28.745361328225,0.950772478748882,0.839293284659943,1e-10,-1.39856975111963,-1.35919798739431,1.76424858389804,-0.621738987373671,-0.0232557920329049,-0.14537465218179,-0.0351803085670867,-0.0146952031345519,-0.00508577034258648,0.872599085540758,0.534417346111002,-1.21680632742394,1.04355033541786,1.04355033541786,-1.89514809650314,-0.86372719962833,-0.13066901987331,-0.062805643632704,-0.386128266235049,0.0500753017023736,-0.0852376461660041,0.0942618744057864,0,6289.0000000001,0.0199812085657022,0.0131453637819866,0.657111169014716,0.61631470109727,6080.86324964564,0.00048828125,13,1,"SNETWORK (1 56 6080.86324964564 0.657111169014716 13000306 13)",13
318,13000307,0.200720831761271,118,0.847990630531859,0.546799996361712,0.449959143780463,0.448153051499128,0.45024912066774,0.931232655956438,0.963389355108662,0.601943797404306,0.669361341606424,0.00147756498204577,0.391499472016135,-0.0845679395863874,0.00147756498204577,0.00147756498204577,0.138154896372166,-0.894958787941833,-0.743624941075852,0.00974980885220166,-0.976325641125334,-0.603050539930755,0.694143931109334,-0.735182512335809,-0.673195464551723,0.200720831761271,8,0.500769876729591,0.232209684884149,0.233375454266088,-0.608719312945949,0.184944375824271,-0.511787761521905,0.669199992597877,0.401662171101209,0.34865824076181,4839.0000000001,3.26636623881716,0.102654057049215,4576.0000000001,0.909434561988303,4.17580080070546,0.0586903568391626,0.242795879435335,0.123574526850567,-0.701937633777279,-0.650058895675075,-0.479766777653827,0.491745460171514,-0.609967775828913,0.451574082464585,-0.241266039930551,0.339246475502329,0.702193390049335,0.00567267932794118,68.0000000001,0.3857421876,0.00567267932794118,68.0000000001,0.3857421876,0.28776295737644,0.309670881576724,1e-10,-0.198368365076549,-0.3154751024923,-0.0566356321505144,-0.383089883447414,1,0.867841683603147,0.975277852907369,0.986233363658323,0.989828666406973,-0.625143449398382,0.470261740963799,0.724623958957675,-0.585777029789501,-0.585777029789501,0.682501632241518,0.739432909925381,0.137142937853324,0.350705825590201,1.14266845252185,-0.369457162597323,1.56088011838978,1.71342370725197,0,4839.0000000001,0.0459083679861527,0.0127819887530098,0.356550040032611,4.30315567843576,17932.454332533,5.82076609134674e-11,404,1,"SNETWORK (1 318 17932.454332533 0.356550040032611 13000307 404)",13
137,13000308,0.797869088346761,181,-0.166057912338905,-0.453200003638288,-0.550040856219537,-0.551846948500872,-0.54975087933226,-0.0187999087743369,-0.0463675126274063,-0.778707130817638,-0.426250916349906,-0.212734357019577,-0.0263815154073842,0.209211246431545,-0.212734357019577,-0.212734357019577,-4.31635881534294,0.189643768675041,0.0310354161853839,-0.710986023014693,0.157055055439033,0,0,0.264817487664191,0.333376028400019,0.797869088346761,1,-0.963492270478396,-1.18293300027324,-1.14176268117684,-0.292977819370123,0.792325750391454,1.21734120611214,-0.426433834069436,-0.784499822777557,0.0986347959082106,82.0000000001,0.0149548254935783,0.0641401608268887,516.0000000001,0.0611951622707767,0.076149987664355,0.00310928093337535,-0.757658100925103,3.49270084892335,1.84163398600006,1.50565536357963,1.79813874319306,0.283605238525462,1.55038878591927,0.788063248216943,0.57365206485742,-9.02225736663099,-4.01008736233828,0.038330078225,10.0000000001,0.38330078135,0.038330078225,10.0000000001,0.38330078135,0.321348985588703,0.375225461122611,1e-10,0.494019984607827,0.864822255363442,0.0446911565413675,1.42565729864122,0,0,0.0195725205386777,0.0280633682532308,0.0202623943416065,-0.390116071226527,-0.149405298266392,0.565539172532044,-0.379325324523898,-0.379325324523898,-0.178153742253962,0.645544173931546,0.341788562290254,0.483330144007381,0.424098229271522,0.272996916123688,-0.220176285289777,-1.13707752914297,0,516.0000000001,0.000610620611374775,0.00249866022200057,0.698918451149914,0.442648717493284,5423.02162331031,0.001953125,154,1,"SNETWORK (1 137 5423.02162331031 0.698918451149914 13000308 154)",13
137,13000309,-0.47940751605642,52,-0.169336007143403,-0.45983907781187,-0.612877153222713,-0.614349237474709,-0.609405455638136,0.0218864210930741,0.012804461294152,0.0270606811956611,-0.362180050945095,0.0956839065876611,-0.0382070295399974,-0.0163671514932405,0.0956839065876611,0.0956839065876611,0.520351776693052,-0.00449816181349327,-0.088207196021729,-0.913896485750478,-0.0027380105321359,0.0677281446396492,-0.117429098893948,0.617705950750841,0.326804535448277,-0.47940751605642,1,-0.691784990011807,-0.520170923635046,-0.513301659003868,0.137780568256638,-0.481278187551757,0.916625721159471,-0.362385612275575,-0.507451864729698,0.082425508371665,188.0000000001,0.0286521244719606,0.0741615081236714,442.0000000001,0.0606091463034752,0.0892612706754358,0.00220420602865431,-0.414484605676154,-0.70189371929359,0.439538261350277,1.0540806032735,1.45334371393895,0.740917067168175,0.797193800178996,1.20604584710201,0.136627820221289,1.19961882561994,0.652322735215913,0.0500691732770833,12.0000000001,0.600830078225,0.0500691732770833,12.0000000001,0.600830078225,0.278369531708184,0.243529719767168,1e-10,-0.22249206658328,-0.0174287758946696,-0.24483449624317,0.310771584057423,0,-0.0440532202613966,3.42243995575329e-16,0,-0.0227070388776265,0.920414865913636,-0.720591415769545,0.215015432520219,1.10969775310856,1.10969775310856,-0.138121650358823,0.374754447997123,-1.21133583915459,-1.44777355409466,-1.51088161367707,-0.831659013622628,-0.727613637144576,-0.442920203741968,0,442.0000000001,0.000707531743633908,0.0014966741850204,0.271574290058572,1.01685152406934,4680.74124295679,0.001953125,158,1,"SNETWORK (1 137 4680.74124295679 0.271574290058572 13000309 158)",13
318,13000310,0.583863217397438,213,0.826606769083661,0.576140491778701,0.449959143780463,0.448153051499128,0.45024912066774,0.956679095018432,0.968233917632988,0.709189234995947,0.632563002428186,-0.0449213051411184,0.370794391508967,-0.108360485345622,-0.0449213051411184,-0.0449213051411184,-0.38368310883689,-0.918074051303113,-0.774643962656105,-0.0428226440045852,-0.991664563393852,-0.603050539930755,0.694143931109334,-0.735182512335809,-0.673195464551723,0.583863217397438,8,0.00595528191943005,-0.168725986214546,-0.168057625330161,-0.433875145588329,0.569540049869102,-0.0201176343481143,0.632402743430237,0.0671560220609284,0.0871945582811871,5965.0000000001,1.00695288621734,0.0776206709934209,730.0000000001,0.109700744306913,1.11665363042425,0.0211767235893035,-0.152155031502455,-0.191722129251945,-0.124692916199084,-0.000837480976047014,0.123621579999275,-0.206514472289389,-0.0382240814731464,-0.293076030681262,0.586219155375749,0.00383525105811212,0.00358216577649659,0.0869061870959677,31.0000000001,2.694091796975,0.0869061870959677,31.0000000001,2.694091796975,0.186951561583756,0.18865054632688,1e-10,0.348374017551215,-0.0698199043982144,0.720352002085499,-0.358105272112529,1,0.955946779738605,0.975277852907368,0.986233363658323,0.989828666406973,-1.32685182079311,0.281522266493933,0.719511656551659,-1.11648886030531,-1.11648886030531,0.0872471101926981,-0.188093454412179,0.07751369129932,0.232794459539412,0.738655548386956,-0.243574361443955,0.22605417954911,1.03834735941717,0,5965.0000000001,0.0190963090585851,0.00208041443071835,0.84883918079074,1.89363075048732,18515.8644872329,5.82076609134674e-11,388,1,"SNETWORK (1 318 18515.8644872329 0.84883918079074 13000310 388)",13
56,13000311,-1.02155407618224,27,0,0,-0.0539298651555209,-0.0526282971591558,-0.0497659234028937,-0.322820020815571,-0.0519806200241655,-0.467884719556702,0.00720130911408274,1.01060449068123,-0.674347107721018,0.911067295524442,1.01060449068123,1.01060449068123,0.0896056465953845,0.153110164994536,0.320423467223872,0.124388548885223,0.013609143992378,0.396949460069245,-0.3182243350896,0.145121969788322,0.0313608172450206,-1.02155407618224,2,0.758110540192478,0.735352087279795,0.745871113798754,-0.39032218577416,-1.02853452424699,-0.289882798720798,0.00700871066550295,0.479100951601789,0.394806630958956,4501.0000000001,2.84323943289146,0.0504997888766622,16743.0000000001,1.35282874167911,4.19606817447057,0.0405636168419901,0.93525493834361,-0.216340524883851,-0.259803412126426,-0.123138817472049,-0.337135166150125,-0.71743470634515,-0.648657901753946,-0.455727737433383,-0.953792735555641,-0.229260882649133,-0.250989819854486,0.164776702525373,67.0000000001,11.0400390626,0.164776702525373,67.0000000001,11.0400390626,0.177536811453144,0.0726403413969619,1e-10,-1.09078150609021,-1.46785047415678,-0.306137270092685,-0.678805855637869,-0.0232557920329049,-0.145374652181789,-0.0456386537822686,-0.0156235779160857,0,-0.543090647018757,-0.624698998005268,0.562016975906887,-0.515477608874919,-0.515477608874919,-2.86336118241051,-0.296006646309138,0.191602346216036,0.0534767882322183,-0.281599499763349,0.430869232473768,0.262250903469179,-0.476085226532176,0,16743.0000000001,0.027485748530472,0.0130778682115181,0.418592218571082,1.71779318410312,5890.06987303571,0.00048828125,55,1,"SNETWORK (1 56 5890.06987303571 0.418592218571082 13000311 55)",13
137,13000312,-1.12155815485258,12,-0.169336007143403,-0.45983907781187,-0.612877153222713,-0.614349237474709,-0.609405455638136,-0.0399775515992525,-0.00518330068881292,-0.00619491855495544,-0.357479509806806,0.147156039682607,-0.0955451904139097,1.91469803521296e-05,0.147156039682607,0.147156039682607,0.59267141149035,-0.0322704629198968,-0.116528396641604,-0.992104804185816,-0.0192145802442434,0.0677281446396492,-0.117429098893948,0.617705950750841,0.326804535448277,-1.12155815485258,1,-0.479461413860633,0.215264422261722,0.216269977263262,0.86676337683757,-1.12857678844765,0.207665179906409,-0.357673529208658,-0.214998231507874,0.33688297471008,12393.0000000001,7.71956551542731,0.161289206789648,570.0000000001,0.169987703329293,7.88955321865661,0.11229654822136,0.22364225328271,0.171466304165479,2.12257089065885,0.178816922906955,0.0754655808268792,-0.43754659764305,-0.121441746277549,-0.404109813820131,-0.805921464102381,-0.857597342985494,-0.467891739210436,0.511090959921429,63.0000000001,32.19873046885,0.511090959921429,63.0000000001,32.19873046885,1.71080830384564,1.07953679726847,1e-10,-0.298399953769039,-0.533737650117481,-0.48607182636433,-0.394527654253812,-1.03276561575505e-16,-0.044053220261396,0,0,-0.0227070388776265,0.24323985236627,-0.714280887742777,-0.247477739282131,0.261922369509665,0.261922369509665,0.0917203982283364,0.171283081787259,0.170915372959452,0.00487943321414168,-0.673875316305191,0.60322329245238,-1.22846933880749,-0.584555187863818,0,12393.0000000001,0.109877015383964,0.00241953273739628,0.146195920457772,0.339084078520277,4462.96383460817,0.001953125,135,1,"SNETWORK (1 137 4462.96383460817 0.146195920457772 13000312 135)",13
328,13000313,0.827097853074599,269,0.833942087661095,0.661934694919581,0.679648502105189,0.676245639047415,0.674971766192546,0.845930009366671,1.01784654396138,0.284552808769214,0.0923910472424407,-0.0459031124695983,0.246305408248637,-0.269886930897994,-0.0459031124695983,-0.0459031124695983,-1.0912596478417,-0.108739922802271,0.0108047949765744,1.0342088341884,-0.355511643503776,-0.560339494672534,0.667148486569063,-0.788859635579387,-0.682989322922567,0.827097853074599,8,-0.0274451597902178,0.220161903496473,0.2212126054841,0.0824003350560042,0.812487312681472,-0.612214797080482,0.0922028770869709,2.21151847598403,0.334904507573782,5328.0000000001,3.45457424186717,0.152303535938716,3377.0000000001,0.995750121736972,4.45032436350415,0.0631131298094619,0.229153495852269,-0.691176402429162,-1.0501176836411,-0.590754520100303,-0.440869155310213,0.437255489201838,-0.687061472323116,0.405451701328257,-0.926077429338483,0.0353623538079687,0.0421619486618342,0.534986413143478,46.0000000001,24.6093750001,0.534986413143478,46.0000000001,24.6093750001,0.770143620353974,0.478891957761392,1e-10,0.0605755885787329,0.0510683402465707,-0.159865853072054,-0.0380659798546925,1,0.955946779738605,1.27717508738715,1.28529677079185,1.31366454417867,-0.214703385281723,0.599001364303263,-0.245112808803453,-0.214677140064687,-0.214677140064687,0.327755007922266,-0.463056240717107,-0.695066583472082,-0.663017232805468,0.0573999276912201,-0.936635107213827,1.94660512321641,0.906989098432845,0,5328.0000000001,0.0489917081111011,0.0141214215983608,0.229413301855261,5.76469084154814,18866.9092881459,2.91038304567337e-11,476,1,"SNETWORK (1 328 18866.9092881459 0.229413301855261 13000313 476)",13
137,13000314,0.0858982286934918,94,-0.169336007143403,-0.45983907781187,-0.612877153222713,-0.614349237474709,-0.609405455638136,0.00578355855552762,-0.0206071633642193,-0.24739778413583,-0.38223214815805,-0.00615649080018776,0.013980270546435,0.0438722871900363,-0.00615649080018776,-0.00615649080018776,0.219571339244406,0.0881308042369502,0.000792200865669202,-0.749612813385538,0.0647459628089774,0.0677281446396492,-0.117429098893948,0.617705950750841,0.326804535448277,0.0858982286934918,1,-0.125502386817243,0.671470823304806,0.680357304920512,0.930798299108867,0.104728549878778,1.69689860557157,-0.382401050871664,-0.25333700094838,0.27272039732745,1908.0000000001,0.962129067779667,0.152806886193969,2736.0000000001,0.773030026483812,1.73515909416348,0.0175886363945772,0.832507803114631,-0.623754337628715,-0.292718941687999,1.43162692129918,1.77940416745765,0.520853043112947,0.217938767314583,0.34054324107937,-0.481974007333468,-1.00788446816537,-0.511997108003249,0.377114572932661,62.0000000001,23.381103515725,0.377114572932661,62.0000000001,23.381103515725,0.716501935294959,0.243697103399299,1e-10,-0.816040391679658,-0.569733176001819,1.60712154237956,-0.296833105011288,1.03276561575505e-16,-0.0227041176243236,-0.0247221470926318,-0.0137666363416776,-0.0101713335930266,0.95321540522198,-1.01730344090133,0.321129694745659,1.15566890412871,1.15566890412871,-1.44681487187078,0.762290451038884,-1.17240602632594,-1.49426223874576,-1.51011833768494,-0.779604671465357,-0.57142424101177,0.0591268882893199,0,2736.0000000001,0.00975273005095361,0.00783590624362361,0.402942310956891,2.70997719997573,4908.92244536206,0.001953125,139,1,"SNETWORK (1 137 4908.92244536206 0.402942310956891 13000314 139)",13
140,13000315,-0.26173013663594,143,0.016376969797183,0.0406255841243769,0,0,0,-0.0956701870503062,-0.000246744873994892,-0.566618952186787,-0.0505119024862147,0.960372714585347,-0.739654634475006,0.987517272664421,0.960372714585347,0.960372714585347,-3.30987839464854,0.337267906887247,0.520431940689845,0.612424617241429,0.126828266072293,0.45221133369877,-0.305856068890666,-0.190739766812213,-0.0312046492625428,-0.26173013663594,2,0.375658875865056,0.29065815923484,0.292461695513021,-0.397425196395476,-0.280010953530394,-0.783530442749832,-0.0505509185833371,1.79059759358172,0.72359457334919,3570.0000000001,4.13317220249589,0.100019791027764,13764.0000000001,2.20267584382573,6.33584804622162,0.0852536360019967,0.310722938535585,0.710412914786382,0.0785016645418533,-0.640417035465282,-0.537275091025824,0.285858252859882,-0.855533214743972,0.251194824333758,-1.53987639998987,-0.0486202525726528,-0.0487027042496341,0.167229817808333,75.0000000001,12.542236328225,0.167229817808333,75.0000000001,12.542236328225,0.243141519894432,0.0689857308537593,1e-10,-2.54002438406252,-2.27161456119375,1.74888024586333,-0.738103779391949,0,-6.2602913664822e-16,-0.0247221470926318,-0.0137666363416776,-0.010171333593027,-4.61295882583174,-0.185215022449018,0.271731439272258,-2.47948680918078,-2.47948680918078,0.79077581075666,0.969305175163995,-1.99269764413648,-2.36439322467833,-2.17488266718402,-1.54535668515478,-0.0900638760194954,-0.52365822682657,0,13764.0000000001,0.0556149635373608,0.0296386723646358,0.218146137892147,4.23752272883599,6573.86585400622,0.000244140625,296,1,"SNETWORK (1 140 6573.86585400622 0.218146137892147 13000315 296)",13
137,13000316,-0.0327957822242451,86,-0.169336007143403,-0.45983907781187,-0.612877153222713,-0.614349237474709,-0.609405455638136,-0.00460716043276799,-0.0224927726692662,-0.235850142978691,-0.381335072013296,0.00346177623281759,0.0050564382728522,0.0463228083342673,0.00346177623281759,0.00346177623281759,0.250233318047213,0.0815875293688467,-0.00571757762603261,-0.762427131987875,0.0601345728126904,0.0677281446396492,-0.117429098893948,0.617705950750841,0.326804535448277,-0.0327957822242451,1,-0.175225030128869,0.403735848045869,0.407132858076937,0.594042133243401,0.000182003667777344,1.8342889569854,-0.381402010480569,0.0457855209077074,0.349041895071159,703.0000000001,0.453701512880344,0.363855334826247,1375.0000000001,0.925057629796893,1.37875914257724,0.0170539816183328,0.450720897662212,-0.436069512240243,-0.0662107841660605,1.72817811041545,1.98161233557227,0.178418957644698,0.455000737112516,0.143078642363717,-0.236634673234952,1.27276119508315,0.655453456107897,0.570383955892683,41.0000000001,23.3857421876,0.570383955892683,41.0000000001,23.3857421876,0.71670451768735,0.53162663102901,1e-10,-1.03857842588618,-1.05903329936044,1.60766106116196,-0.570986487668603,0,-0.0440532202613966,-0.000725378769826648,-0.000403932990072571,-0.0223392283123727,-0.0834473613474641,0.0934014967638165,-0.94065544476174,-0.0852159357426062,-0.0852159357426062,1.35512884982555,0.734896825028117,-1.4302404793662,-1.51154144657935,-1.48447066822444,-1.14003618941673,-0.929579476394453,0.709225644238775,0,1375.0000000001,0.00561187010509589,0.011442111413237,0.377287926637082,4.34179452155309,4864.36176597425,0.001953125,99,1,"SNETWORK (1 137 4864.36176597425 0.377287926637082 13000316 99)",13
56,13000317,-0.461184194171353,103,0,0,0,0,0,-0.186275599882841,-0.0145935618501901,-0.334172438341945,-0.0127416487581728,0.958232986248705,-0.64422352934222,0.907911490432953,0.958232986248705,0.958232986248705,-0.323397728043274,0.236360560528026,0.412099642099998,0.365246582846027,0.0621678587733191,0.442037567785408,-0.329724348592432,0,0,-0.461184194171353,2,0.672843337849897,0.951169892623057,0.968016576651094,-0.0181723977671606,-0.409468921836121,2.13453361830063,-0.0129359892401692,1.36631499612897,0.748155102225692,6009.0000000001,7.19306241397118,0.705184963794117,8761.0000000001,9.88500074717032,17.0780631610415,0.140672176074909,1.32033581811245,0.415755201801201,-0.350383545522686,1.95135919643485,2.18010874039883,0.0557610509270943,0.158911926332911,0.0242434117658657,0.176216024632663,-0.698960860962764,-0.742221243610038,1.17844884545846,68.0000000001,80.134521484475,1.17844884545846,68.0000000001,80.134521484475,3.19506551951059,1.43751163847016,1e-10,-0.0375677711402152,-0.0419477700107102,-0.285357930712911,-0.063178997260938,-0.00858027079628906,-0.0536362675100982,-0.0247221470926322,-0.0137666363416772,-0.010171333593027,0.371976311526325,0.509166101248898,0.134437555441689,0.409121248819221,0.409121248819221,-0.079413916852061,-0.340288138672028,-0.211047305263144,-0.133850652797652,-0.208947411482683,-0.148642211532356,0.108337632088651,-0.0751095293022778,0,8761.0000000001,0.0592493265862127,0.0814228493886963,0.976890761796955,6.3545670119596,6336.65771865697,0.00048828125,86,1,"SNETWORK (1 56 6336.65771865697 0.976890761796955 13000317 86)",13
56,13000318,-0.742397136131306,63,0,0,-0.0539298651555209,-0.0526282971591558,-0.0497659234028937,-0.305284258022993,-0.045838898254773,-0.481867685140663,-0.000255615824268921,1.00062149501541,-0.681646221140939,0.930121351179377,1.00062149501541,1.00062149501541,0.00198232617350706,0.169902447099079,0.337442644749964,0.175159048832328,0.0231262745446777,0.396949460069245,-0.3182243350896,0.145121969788322,0.0313608172450206,-0.742397136131306,2,-0.685419460565978,-0.695851463583153,-0.683070150172964,-0.103152537817577,-0.752163014650919,0.444883467653927,-0.000448722922499241,-0.1987378079481,0.633694147388981,4993.0000000001,5.06245580395795,0.0514563286731609,1787.0000000001,0.147123934756258,5.2095797386142,0.146881257377031,-0.522293465324825,0.530349105480562,-0.323218834437078,0.315658687032681,0.658746861822052,0.739824583465252,0.661099131814621,1.37722448066015,0.695943269178562,1.6630206392608,1.79974836702719,1.63613455646161,28.0000000001,45.811767578225,1.63613455646161,28.0000000001,45.811767578225,1.6961050870505,2.11936423484993,1e-10,-0.207355830400826,-0.10693802771981,1.90877442723835,-0.0554200603990058,-0.0232557920329049,-0.145374652181789,-0.0322557394612218,-0.0144355343809378,-0.00650792099540319,0.164712966500952,-0.328001899227475,0.579860695466666,0.175098954546526,0.175098954546526,-1.85023374723368,-0.563662002500403,-0.112742703874106,-0.00139903080069418,-0.776371990805883,0.273408693995254,-0.446574862788742,-0.357232858932901,0,4993.0000000001,0.142733178241385,0.0041480790356456,0.695031065812395,0.635166982484926,6111.19570388993,0.00048828125,67,1,"SNETWORK (1 56 6111.19570388993 0.695031065812395 13000318 67)",13
137,13000319,0.513575788916738,142,-0.166057912338905,-0.453200003638288,-0.550040856219537,-0.551846948500872,-0.54975087933226,-0.0247011940247419,-0.0552608299173229,-0.674650637936037,-0.405857286854253,-0.108496657285018,-0.0034817051225951,0.134730523460458,-0.108496657285018,-0.108496657285018,-1.17231395687937,0.157663829915844,0.0463792583368012,-0.690023544700837,0.123674028719734,0,0,0.264817487664191,0.333376028400019,0.513575788916738,1,-0.485457460917176,-1.4523719962376,-1.38647594844161,-1.08851276657943,0.499067045286057,-0.49199297531791,-0.40606913344735,2.4284320783944,0.190598578228504,73.0000000001,0.0257264500512864,0.133745468139726,1444.0000000001,0.357094871293941,0.382821321245228,0.0192273001635295,-0.855881767821866,1.18001180913923,-0.74481707307554,-0.61551100058226,-0.262797686973549,0.968449519489207,0.353091770215999,3.21358293438287,-0.411943304578156,3.61612291279289,1.72432739215143,0.936314174207143,7.0000000001,6.55419921885,0.936314174207143,7.0000000001,6.55419921885,0.0183710244205493,1.07678341318997,1e-10,0.747697757372416,0.564371873720095,0.101729793775338,0.790438883926529,0,0,-0.0247221470926315,-0.0137666363416772,-0.010171333593027,-0.126155823322102,-0.610096012575459,0.870287930356623,-0.127945407206433,-0.127945407206433,-0.192689076801293,0.627077892205689,0.806253276254951,0.823152367131964,0.285913575819037,0.969232077084792,-0.7828767447575,-0.734675852553949,3254458415.2764,1444.0000000001,0.001292117615871,0.0179351824476585,0.569113139027429,2.50428505479666,5197.55478597685,0.001953125,241,1,"SNETWORK (1 137 5197.55478597685 0.569113139027429 13000319 241)",13
318,13000320,0.48621346563822,187,0.826606769083661,0.576140491778701,0.449959143780463,0.448153051499128,0.45024912066774,0.946479400006871,0.962352352134365,0.590947671619808,0.638425836515094,-0.0352887602519676,0.358426510324587,-0.103329133402641,-0.0352887602519676,-0.0352887602519676,-0.304347713535226,-0.901204562639789,-0.753286879661781,-0.0241071795769945,-0.977918955277667,-0.603050539930755,0.694143931109334,-0.735182512335809,-0.673195464551723,0.48621346563822,8,-0.158215941771406,0.111624944460296,0.111901764415041,0.141383195864008,0.475458503335818,0.0654110492289132,0.638569154886425,-0.570893941356229,0.271750376454316,4188.0000000001,2.2033634899296,0.226193397737467,5615.0000000001,2.45888946555389,4.66225295538349,0.0716953229151824,0.111549053867885,2.36340834626566,7.72628092415499,-0.0574290083582605,0.15373000044793,0.347371647607219,-0.146827051652003,0.350929397747703,0.455643305310915,1.08333676098799,2.20269176480672,0.316650390725,47.0000000001,14.882568359475,0.316650390725,47.0000000001,14.882568359475,0.345349667971499,0.153618565583664,1e-10,-0.436516049665136,-1.08418427856173,-0.551500625963427,-0.618846640616285,1,0.955946779738605,0.975277852907368,0.986233363658323,0.989828666406973,-0.00806631675257597,0.423716658494042,1.08956592248641,-0.00834159667579728,-0.00834159667579728,1.53657142162014,0.10007618540144,-0.498990519164576,-0.250118946951217,0.660654984457635,-0.980399447079419,0.817267336910242,0.4280996396863,0,5615.0000000001,0.0338829441897827,0.0378123786253998,0.721098256638055,0.349205032937388,18364.4791607017,5.82076609134674e-11,374,1,"SNETWORK (1 318 18364.4791607017 0.721098256638055 13000320 374)",13
318,13000321,0.0345349335332472,76,0.847990630531859,0.546799996361712,0.449959143780463,0.448153051499128,0.45024912066774,0.912351331546213,0.952636742827911,0.532130430793169,0.680320736725015,0.0146390900681361,0.38763523200061,-0.086855358497084,0.0146390900681361,0.0146390900681361,0.208276226154636,-0.863966120578027,-0.710357267254481,0.0463806168309149,-0.951371206202044,-0.617135106478376,0.700828921651292,-0.704722392945234,-0.65941867091232,0.0345349335332472,8,0.122056184663508,1.02780226042562,1.04717377523451,-0.432406790179209,0.0227265345289625,-0.634636004345824,0.680157268029103,0.297829799521543,0.13227785408952,9673.0000000001,2.47718048425993,0.137031550010499,2898.0000000001,0.768826373300468,3.2460068574604,0.025261257197472,1.47244921179438,-0.752826896126422,2.23792517812773,-0.707267418792621,-0.349784886833624,0.972406529763802,-0.920112116599837,0.486726599762092,-1.02438205647913,0.507599889732948,1.06066667118635,0.0760719993897727,66.0000000001,5.020751953225,0.0760719993897727,66.0000000001,5.020751953225,0.523878066824243,0.431452750548265,1e-10,1.46896057846029,0.544075775288976,0.388511725725768,0.096577416421692,1,0.867841683603147,0.975277852907368,0.986233363658323,0.989828666406973,-0.706608116824671,0.404086744425034,0.835721927967472,-0.653750085806933,-0.653750085806933,-0.0124715868746356,0.401979633877524,0.110476336732849,0.19265244292748,0.780157031258691,-0.220351557937777,0.959641117662515,1.40927073315006,1011022142.39238,9673.0000000001,0.0192780532626756,0.00598320383479634,0.136368773729281,6.04700205791555,17671.5182768682,5.82076609134674e-11,352,1,"SNETWORK (1 318 17671.5182768682 0.136368773729281 13000321 352)",13
319,13000322,-0.223183148974059,11,0.849676501735058,0.527879359151426,0.423921895297046,0.422083328008158,0.425620192291929,0.864482857014687,0.873454621919779,0.533534728109442,0.781081950802529,-0.014938589850293,0.364896110645125,-0.0458764013640184,-0.014938589850293,-0.014938589850293,0.234482966452733,-0.719244776431935,-0.527035009339862,0.444478015940724,-0.864283739748293,-0.604424467785202,0.699593179675348,-0.759818089809216,-0.694672009762475,-0.223183148974059,8,-0.132719970097638,0.186237298264285,0.186994788117962,0.202833554659421,-0.238301901705308,-0.372529126968854,0.781106303059403,-0.161655482804571,0.0825762749718262,760.0000000001,0.121500538168721,0.25986572275625,1725.0000000001,0.867855497956307,0.989356036025028,0.0143902422745943,0.191381624692005,0.887128271438541,0.503038190451927,-0.208404235407464,-0.284484677586211,-0.291599216521316,-0.48447626278017,-0.274329735014335,0.0613972454268422,-0.0040618898478707,-0.0137180593083561,0.302569953862755,49.0000000001,14.825927734475,0.302569953862755,49.0000000001,14.825927734475,0.342876030338088,0.132641763813646,1e-10,-0.838824881218732,-1.03752812694041,-0.769139923717245,-0.716277957412521,0.744186065853319,1.15858997967623,1.11446852592804,1.12323690396323,1.18436031392693,-1.80718497182586,0.247679874309811,0.591380441858517,-1.41618772870882,-1.41618772870882,2.29089253937938,0.0630212258994924,0.26349715306641,0.336433964411827,0.272666311643864,0.244819870881134,-0.167283553715643,0.393311118570921,0,1725.0000000001,0.00176723252667849,0.0126230096479158,0.543923237366158,3.19188150288465,17256.4738788272,1.16415321826935e-10,438,1,"SNETWORK (1 319 17256.4738788272 0.543923237366158 13000322 438)",13
137,13000323,0.580418021951166,153,-0.166057912338905,-0.453200003638288,-0.550040856219537,-0.551846948500872,-0.54975087933226,-0.00805231127682099,-0.0469568282718394,-0.686349926336618,-0.409531425832043,-0.132346276562566,0.0168443161300702,0.111063641993993,-0.132346276562566,-0.132346276562566,-1.50186089089085,0.15376032783511,0.0345430588203536,-0.704028064290637,0.121749854322608,0,0,0.264817487664191,0.333376028400019,0.580418021951166,1,-1.18349768697342,-1.5183882303361,-1.44530351504434,-0.37528104701301,0.568697583210896,1.05978473143785,-0.409565200372059,-0.705438383880608,0.110902361350438,313.0000000001,0.0641833639886068,0.161120792837358,279.0000000001,0.0831176275094519,0.147300991398059,0.0077856071818966,-0.87712326201078,-0.325413253393021,0.719583576581226,0.95951409297751,0.83731216258588,-0.688795326785424,1.79030886927152,-2.32324625075969,0.814591681770157,-4.05020558160193,-1.89070544918696,0.502197265725,9.0000000001,4.519775390725,0.502197265725,9.0000000001,4.519775390725,0.10721939683096,0.430043228681854,1e-10,0.118633441771753,0.317347758225048,1.73453253813744,0.286836692355906,-1.03276561575505e-16,-6.2602913664822e-16,-0.0247221470926315,-0.0137666363416772,-0.010171333593027,-0.396292581934143,0.0326957700540335,-0.329509783186727,-0.384954183133551,-0.384954183133551,0.53443444334991,0.260938798088495,0.682246355679687,0.871449252548552,0.477130120822864,0.704576623620013,0.306183953889,-0.111136747738356,0,313.0000000001,0.00339241744422442,0.00439318963767218,0.604703014555626,1.96031791488739,5259.37303166515,0.001953125,240,1,"SNETWORK (1 137 5259.37303166515 0.604703014555626 13000323 240)",13
56,13000324,-0.580027367590143,82,0,0,0,0,0,-0.232231779290844,-0.0264964757774535,-0.375640554804622,-0.00740399646109533,0.974293693263604,-0.658044019924343,0.910798225801802,0.974293693263604,0.974293693263604,-0.156704857960092,0.210064318803547,0.382249365031821,0.294447077622957,0.0461460793596358,0.442037567785408,-0.329724348592432,0,0,-0.580027367590143,2,0.277104416412631,0.623925782377341,0.631673935991249,0.150464874995438,-0.576184322177143,0.404878922281075,-0.0075821700258586,1.40845998610835,0.380201766700503,5676.0000000001,3.45284036365622,0.229427166889805,8981.0000000001,3.296776616,6.74961697955622,0.0708776647873824,0.759108006870958,-0.373709672879226,0.133547555823386,0.186705631551647,0.667796929758139,1.16794601614174,-0.247961767923808,0.795984710878397,-0.311902271552764,1.45299868417705,1.55603157413364,1.30136447492639,54.0000000001,70.273681640725,1.30136447492639,54.0000000001,70.273681640725,2.76441800221112,1.62062930868247,1e-10,0.286396682133016,0.177367483801667,-0.144412732406323,0.168500867142251,-0.0232557920329049,-0.14537465218179,-0.0247221470926318,-0.0137666363416772,-0.010171333593027,0.285763202965777,0.47867022868654,-0.527005093081279,0.309867455818236,0.309867455818236,0.684278362594475,-0.202573378950546,-0.841585569827866,-0.737333447482853,-0.176622415682467,-1.01457093110016,-0.111558372775074,-0.305294592570017,0,8981.0000000001,0.0362582443199486,0.0346194203674338,0.828432785940331,0.36171702388674,6217.90489651987,0.00048828125,33,1,"SNETWORK (1 56 6217.90489651987 0.828432785940331 13000324 33)",13
140,13000325,-0.419717843612715,110,0,0,0,0,0,-0.135459371146375,-0.0142007870844491,-0.486705472759686,-0.0309277094241369,0.978051133627072,-0.705495681203358,0.951937223556151,0.978051133627072,0.978051133627072,-1.2443224438069,0.284921150494758,0.462406739016634,0.467101385111583,0.0955037396867544,0.45221133369877,-0.305856068890666,-0.190739766812213,-0.0312046492625428,-0.419717843612715,2,0.109431749459759,-0.245806683231886,-0.244363284232292,-0.637318513207554,-0.429408312797355,0.523565631963727,-0.0310185054301587,-0.477061518768348,0.205992550451167,4524.0000000001,1.49105647656063,0.172558061761048,6991.0000000001,1.93016545461419,3.42122193107482,0.0687405970121587,-0.215627810286674,-0.297044278294798,0.478029169218077,0.386882402407814,0.482406707862029,0.0391560473226236,0.36437967189901,0.0599103784551877,0.366880822532018,-0.160663558950836,-0.165812568874558,1.25714789506528,36.0000000001,45.25732421885,1.25714789506528,36.0000000001,45.25732421885,1.67189116004413,1.55475617990323,1e-10,-0.272561025242541,-0.206770809146846,-0.460710269475823,-0.246998708716445,0,0,-0.0247221470926318,-0.0137666363416772,-0.0101713335930273,0.352195976780194,0.624628845137288,-0.660696240158793,0.386103521518765,0.386103521518765,1.08752847010548,-1.04809287852065,-0.0161774834027081,0.0845799989980266,-0.332168950705458,0.176770511775164,0.462110781489706,-0.301356661083589,0,6991.0000000001,0.0299589194415223,0.0387816774706364,0.0253178411444923,1.81926849785144,6380.52777311435,0.000244140625,276,1,"SNETWORK (1 140 6380.52777311435 0.0253178411444923 13000325 276)",13
318,13000326,0.512493405691025,192,0.826606769083661,0.576140491778701,0.449959143780463,0.448153051499128,0.45024912066774,0.946108275288999,0.962395472416027,0.591167194010164,0.638086601902725,-0.0357575426598849,0.358012407909036,-0.103626362671032,-0.0357575426598849,-0.0357575426598849,-0.303671230076325,-0.901343574146057,-0.753828883938549,-0.0260303861450949,-0.977803264762442,-0.603050539930755,0.694143931109334,-0.735182512335809,-0.673195464551723,0.512493405691025,8,-0.109034187622919,0.664861550666442,0.673585811271957,0.887699224075197,0.503311633870065,-0.117815924490878,0.638001604094178,-0.0509019683074765,0.0784835099241871,3085.0000000001,0.46875175499446,0.095308646324457,4178.0000000001,0.770921323108205,1.23967307800267,0.0126279186502113,0.82215025751101,0.248504134889486,1.87918475846399,-0.297593020342259,-0.286460903155349,0.0864897630041702,-0.527281028586325,0.0720257260510315,-0.110698739253615,0.00383525105811212,0.00358216577649659,0.00245768239166667,60.0000000001,0.1474609376,0.00245768239166667,60.0000000001,0.1474609376,0.298169295006652,0.314460530795938,1e-10,0.0343976174318006,0.366721832296404,-0.132078907077563,0.705235035275555,1,0.955946779738605,0.975277852907368,0.986233363658322,0.989828666406973,0.324532544649971,-0.810667488820405,-0.00789709363223798,0.354158614960335,0.354158614960335,-0.747218904907537,-0.11672907504392,0.478344279300586,0.408419801129706,0.0177097129507728,0.664383944452894,-0.648931130609601,-0.952443502003372,0,4178.0000000001,0.00477493549435669,0.00785298305585459,0.74793595711294,1.80222295317799,18396.2844265293,5.82076609134674e-11,380,1,"SNETWORK (1 318 18396.2844265293 0.74793595711294 13000326 380)",13
318,13000327,0.552661697548801,204,0.826606769083661,0.576140491778701,0.449959143780463,0.448153051499128,0.45024912066774,0.951488951095505,0.966003996839221,0.653726597087061,0.635090439791744,-0.0406623325792535,0.365119021553711,-0.106718545105392,-0.0406623325792535,-0.0406623325792535,-0.354453461908538,-0.910562373558138,-0.765487864553675,-0.0385493536571078,-0.985018773563941,-0.603050539930755,0.694143931109334,-0.735182512335809,-0.673195464551723,0.552661697548801,8,-0.836871808877782,-0.493933456551572,-0.487775574531838,0.424025142025357,0.541347438931558,0.880824864258806,0.635051587338874,-0.472357814912587,0.314661782249869,4775.0000000001,2.90888596043952,0.100343484856614,3598.0000000001,0.698971808699124,3.60785776903865,0.0873486596347093,-0.39715482574555,-0.395097338839669,-0.314794822493119,0.734927960915293,1.04314046025899,0.565994930252894,0.756453160286445,0.906271399290369,1.40410227628871,1.53421495246424,3.11424775108922,0.0294935439368056,36.0000000001,1.061767578225,0.0294935439368056,36.0000000001,1.061767578225,0.258239239243183,0.274182951778861,1e-10,-0.30075520707309,-0.388584058905643,-0.29959161234902,-0.42346075228302,1,0.955946779738605,0.975277852907369,0.986233363658323,0.989828666406974,-0.590203912984284,0.554032728627538,0.329416174325665,-0.556070337609911,-0.556070337609911,0.232736797724383,-0.460669356943335,-0.241082619395044,0.0262993825980213,0.750924322830068,-0.679033827515021,0.310836286752901,1.52402520131703,0,4775.0000000001,0.0704260826362176,0.0169225768984917,0.806219021727104,0.689560631951333,18465.3554844254,5.82076609134674e-11,411,1,"SNETWORK (1 318 18465.3554844254 0.806219021727104 13000327 411)",13
56,13000328,-0.718271922241454,66,0,0,-0.0539298651555209,-0.0526282971591558,-0.0497659234028937,-0.294941386696449,-0.0424597782280145,-0.460749177906906,-0.00138311547931065,0.996797556566522,-0.675917190326455,0.92611301399688,0.996797556566522,0.996797556566522,-0.0351210086133534,0.176578315975884,0.344955715782728,0.195779501650912,0.0268439377384739,0.396949460069245,-0.3182243350896,0.145121969788322,0.0313608172450206,-0.718271922241454,2,-0.499217618677452,0.0581296226613848,0.0582057704520329,0.651091419981159,-0.727207280086801,-0.104590419421689,-0.000642228528068591,-0.544033662435846,0.457366891615565,9978.0000000001,7.30177094976154,0.0745780345281753,5747.0000000001,0.68575994227338,7.98753089193492,0.127836883514404,0.056947272368147,-0.17392249984855,0.0142577050462972,0.0769144753373411,0.0441138766656073,-0.24886897420357,-0.228930528861641,-0.255739456364646,-0.276435063538802,0.192034463539743,0.210916312254493,1.11650988530408,49.0000000001,54.7089843751,1.11650988530408,49.0000000001,54.7089843751,2.08466877788844,1.34523600088087,1e-10,0.418325733236526,0.508619768635949,-0.00578660886836514,0.847768984637016,-0.0232557920329048,-0.145374652181789,-0.0303046320570851,-0.0142622980478355,-0.00745669962502864,0.248470927587438,-0.239404303856063,0.044624931270899,0.267784879943416,0.267784879943416,-1.09131684004362,-0.473669865664163,-0.563392489964694,-0.564749744510568,-1.1066114436092,-0.165126139118591,-0.615559628761044,-0.747935508743792,0,9978.0000000001,0.116861600192964,0.0109752832214396,0.715777604252029,2.52562118311653,6127.79103987688,0.00048828125,63,1,"SNETWORK (1 56 6127.79103987688 0.715777604252029 13000328 63)",13
137,13000329,-0.435538851210473,54,-0.169336007143403,-0.45983907781187,-0.612877153222713,-0.614349237474709,-0.609405455638136,0.025748384336309,0.0151364570049925,0.0313903431827773,-0.3624354205904,0.0922686209698945,-0.0338180335994314,-0.0175483069863161,0.0922686209698945,0.0922686209698945,0.515573960642874,-0.00234733500070034,-0.0858607258053872,-0.907312823065224,-0.00153128471487274,0.0677281446396492,-0.117429098893948,0.617705950750841,0.326804535448277,-0.435538851210473,1,-0.612808796992035,-0.396204368996241,-0.3923269983077,0.179027336662743,-0.425369966486937,1.48790193411537,-0.36247506143167,-0.260525526438988,0.211454976650353,279.0000000001,0.109083599157489,0.339472461525465,2021.0000000001,1.26855180448527,1.37763540354276,0.030989074977171,-0.329581941306413,-0.46023550525866,0.582716315609302,1.9057444334627,1.18306294699705,-2.57516876954378,0.965510008563779,-3.76182347781829,0.284306752393628,-0.60722361809476,-0.324052261103929,0.419911260290217,23.0000000001,9.657958984475,0.419911260290217,23.0000000001,9.657958984475,0.117177920751676,0.307454899829613,1e-10,-1.12339431416681,-1.06626597345281,-0.729592808955534,-0.611090913906137,0,-0.044053220261396,0,0,-0.0227070388776265,-0.529167678518946,0.471069056165,-0.512293342520761,-0.503362644180733,-0.503362644180733,1.24634981030351,-0.127298403446053,-1.03273605330978,-1.06322351571857,-0.685701486708173,-1.01223895203472,0.361188615517369,1.6722896644315,0,2021.0000000001,0.00245376956095647,0.0285353053162145,0.276751058485618,3.36495997197926,4689.73309071532,0.001953125,123,1,"SNETWORK (1 137 4689.73309071532 0.276751058485618 13000329 123)",13
318,13000330,0.67987529160315,238,0.826606769083661,0.576140491778701,0.449959143780463,0.448153051499128,0.45024912066774,0.949769510886071,0.965349637698991,0.670367196816763,0.621477071322108,-0.0564326893863026,0.345405883303328,-0.117471717550365,-0.0564326893863026,-0.0564326893863026,-0.826588526752365,-0.880502542308388,-0.735922340061392,0.0110745734692873,-0.962640324272606,-0.603050539930755,0.694143931109334,-0.735182512335809,-0.673195464551723,0.67987529160315,8,1.21975150265128,1.56845091269044,1.60906355115074,-0.0280325706139144,0.685281966350934,-0.414815159978247,0.621321552195614,1.71671182137769,0.0686950752110516,2260.0000000001,0.300568430535656,0.183679715795059,7516.0000000001,2.67274355842692,2.97331198886258,0.0155100732933813,2.82768453620385,1.99860025899908,0.961573340244928,-0.550125469278218,-0.51727018512317,0.069085733862056,-0.933408845786363,0.0141464585133417,-1.11420411395983,-0.00534578584545821,-0.0147384202349154,0.00355843331917808,73.0000000001,0.2597656251,0.00355843331917808,73.0000000001,0.2597656251,0.315953896612384,0.323423240101848,1e-10,0.114208395857945,0.268618001598607,-0.281101644773622,0.314322011930529,1,0.955946779738605,0.975277852907368,0.986233363658323,0.989828666406973,0.159328727785651,-0.662725770549252,0.986682878391379,0.169226298138441,0.169226298138441,0.00968977993740868,0.362875896734703,0.277793677750787,0.150698314491686,0.208577606404722,0.296790985987926,-0.768039348606297,-0.901168084020153,0,7516.0000000001,0.0015678941104384,0.0139421790829429,0.967713426313885,5.16710630565891,18656.7419436475,5.82076609134674e-11,415,1,"SNETWORK (1 318 18656.7419436475 0.967713426313885 13000330 415)",13
137,13000331,0.537212520083525,145,-0.166057912338905,-0.453200003638288,-0.550040856219537,-0.551846948500872,-0.54975087933226,-0.0220222866168938,-0.0525457251182224,-0.685079457250637,-0.406497188041299,-0.113032173231892,0.00184539874291155,0.128863940895393,-0.113032173231892,-0.113032173231892,-1.22981407842863,0.156148525895511,0.0437474523590303,-0.692687103371327,0.122566946735132,0,0,0.264817487664191,0.333376028400019,0.537212520083525,1,-0.806444117087855,-0.92576428896838,-0.901954069118573,-0.209629178064575,0.519953989178026,-0.297456775054671,-0.406709228325823,-0.194964394399995,0.123145003982271,1517.0000000001,0.345413829947004,0.20549348745417,1466.0000000001,0.557018189523488,0.902432019370492,0.0302864550668547,-0.643900194525486,-0.586912880353418,0.644598803520344,0.0498028779497816,-0.510858213014293,-1.70975427452343,0.214753357130421,-3.712877969091,-0.558069866650932,-0.819666510880421,-0.386384120513437,1.15289016007024,21.0000000001,24.210693359475,1.15289016007024,21.0000000001,24.210693359475,0.75273219683949,1.39943473204061,1e-10,0.299420521760715,0.665467681843371,-0.0849521580576405,1.00187232102802,1.03276561575505e-16,6.2602913664822e-16,-0.0247221470926315,-0.0137666363416769,-0.010171333593027,-0.275038754595331,-0.369545262200577,0.567740846228545,-0.272367491428578,-0.272367491428578,-0.157640817621818,0.610367387110313,0.51605599816957,0.56985124161622,0.174198248409249,0.635312864605271,-0.506564206817839,-0.701735082327812,0,1517.0000000001,0.0115924082692089,0.0186940466976458,0.577938480367468,2.23574252730373,5212.8840646311,0.001953125,236,1,"SNETWORK (1 137 5212.8840646311 0.577938480367468 13000331 236)",13
56,13000332,-1.09862438736148,16,0,0,-0.0539298651555209,-0.0526282971591558,-0.0497659234028937,-0.322310499815675,-0.0525245752557668,-0.462508993757346,0.00784350797145949,1.01045114353528,-0.674253173492329,0.910535924730067,1.01045114353528,1.01045114353528,0.0941520527719297,0.152101421837209,0.319245366428057,0.120827499653166,0.0131050753097138,0.396949460069245,-0.3182243350896,0.145121969788322,0.0313608172450206,-1.09862438736148,2,1.03706711463234,-0.162375260699781,-0.161757167397658,-1.3727538861944,-1.10373363918328,0.814706222377719,0.00765487823897754,2.24372809834782,0.501825712138085,6874.0000000001,5.51927991137503,0.0687046142060613,4210.0000000001,0.462794280718039,5.98207419199306,0.112908328161119,-0.146763315411749,-0.951899221072317,-1.14606896273388,0.494748879086608,0.601431926334672,0.0506424643691967,0.460698099869063,0.0694532574863119,0.516248113618673,0.751078240478373,0.820786294747002,0.4260986329125,40.0000000001,17.0439453126,0.4260986329125,40.0000000001,17.0439453126,0.439742400594728,0.316672745145399,1e-10,-0.739421051057982,-0.943878044423906,-0.72250818420374,-0.613325179547802,-0.0232557920329049,-0.145374652181789,-0.0456386537822686,-0.0156235779160853,-3.8573928898018e-16,-0.785508956041693,-0.593960242322094,0.03336426400727,-0.717897507315882,-0.717897507315882,1.04182393949732,0.655727198729616,0.0287725818139041,-0.126307879303827,-0.525226795539274,0.335863902612034,-0.321907577526234,-0.12769019558824,0,6874.0000000001,0.104173343040096,0.00873498502102246,0.340368852848905,0.976517225844509,5827.4983245354,0.00048828125,25,1,"SNETWORK (1 56 5827.4983245354 0.340368852848905 13000332 25)",13
137,13000333,-0.989707918953207,22,-0.169336007143403,-0.45983907781187,-0.612877153222713,-0.614349237474709,-0.609405455638136,-0.0341288729384015,-0.00230730197253404,0.000401973392962535,-0.357947742196301,0.142913414843372,-0.0924990387446333,0.000821120563854804,0.142913414843372,0.142913414843372,0.587284752969687,-0.0309171580635518,-0.115289718369252,-0.987039999100612,-0.0185785320307438,0.0677281446396492,-0.117429098893948,0.617705950750841,0.326804535448277,-0.989707918953207,1,-1.24594154205978,-1.06038358060988,-1.02819346434773,0.32472245901944,-0.987314849061109,1.78863880518714,-0.358140798469943,-0.709560842909504,0.215820464406499,3039.0000000001,1.21272035522734,0.0352408467055805,81.0000000001,0.00527799172193507,1.21799834684928,0.0452879402763728,-0.706125333603515,-0.262866297353185,-0.0752533429702348,1.49095003555517,1.92058017631388,0.727762642023038,1.70426196594088,1.7920253909898,0.897369437589626,-2.90248059305492,-1.58451610052762,0.247102157029348,23.0000000001,5.683349609475,0.247102157029348,23.0000000001,5.683349609475,0.056403203034246,0.0500067582255781,1e-10,-0.234254478965611,-0.333314813295218,1.76630877152809,-0.162054882359975,0,-0.0440532202613966,-6.84487991150658e-16,-3.57648972802931e-16,-0.0227070388776269,0.789142467231564,-0.263030522908015,-0.0689677672643317,0.930522198337039,0.930522198337039,0.440391996811159,0.134025508474966,-0.0858555290555709,-0.235517365419715,-0.716484543681408,0.279062628327119,-0.778070479465589,0.119891644697665,0,3039.0000000001,0.045091692480747,0.00019624769562581,0.177847133343372,1.19024544514514,4517.94077469172,0.001953125,162,1,"SNETWORK (1 137 4517.94077469172 0.177847133343372 13000333 162)",13
137,13000334,0.713325421952694,171,-0.166057912338905,-0.453200003638288,-0.550040856219537,-0.551846948500872,-0.54975087933226,-0.0154944653728139,-0.0453168338997511,-0.68723754286271,-0.42383672130978,-0.198581832386875,-0.0192615978698029,0.197712230608236,-0.198581832386875,-0.198581832386875,-3.70631976927692,0.185069179836734,0.0331061592201862,-0.707416045460673,0.152205937876657,0,0,0.264817487664191,0.333376028400019,0.713325421952694,1,-1.29670781965071,-1.28870392621088,-1.23867681847214,0.0896642292619108,0.701085093471091,0.596386025536589,-0.424008859241372,-0.780421156167123,0.316665913595753,9.0000000001,0.00526964282481572,0.226673270145202,553.0000000001,0.231772969976943,0.237042612701758,0.0104960222776375,-0.798551250958554,-0.0616110101686625,0.460407675154979,0.478277933342803,0.848366227766129,0.773745925081428,1.27764674930339,2.26967706773082,0.362690237086948,2.246034564512,1.02233781551781,0.13336181650625,8.0000000001,1.06689453135,0.13336181650625,8.0000000001,1.06689453135,0.351203232888493,0.51680217179494,1e-10,-0.260963955816319,-0.122799044290572,-0.424274523586021,-0.162712963475696,-1.03276561575505e-16,0,-0.0247221470926318,-0.0137666363416776,-0.0101713335930273,-0.318245945191471,-0.0255774082174057,-0.508185519388882,-0.312993838223171,-0.312993838223171,0.791081158739743,0.365249422938773,0.345219744553532,0.410831377155593,0.184201719951242,0.400065511718545,0.491825488017557,0.23138780360873,0,553.0000000001,0.000233334784412014,0.0102626873932255,0.662802058218064,0.347297174041159,5360.28883713163,0.001953125,214,1,"SNETWORK (1 137 5360.28883713163 0.662802058218064 13000334 214)",13
318,13000335,0.617163289354035,222,0.826606769083661,0.576140491778701,0.449959143780463,0.448153051499128,0.45024912066774,0.948348239264245,0.963819516135608,0.629557991737441,0.624007626952543,-0.0531273898155857,0.345790156944637,-0.114408348392613,-0.0531273898155857,-0.0531273898155857,-0.748049793816379,-0.882699461734292,-0.738349546163108,-0.00417347161896614,-0.962766942994514,-0.603050539930755,0.694143931109334,-0.735182512335809,-0.673195464551723,0.617163289354035,8,0.177693539513229,0.396292620709794,0.399570684992733,0.00140078019651596,0.606834852467799,-0.152911944258561,0.623842869509232,1.6402095268167,0.213387604852745,4610.0000000001,1.90449324029514,0.0764000236115094,2164.0000000001,0.320081129106591,2.22457436930173,0.0276688021087777,0.441143540315173,-0.302791573589415,2.58073136881666,-0.0747492305848179,-0.139622160175589,-0.284069506241362,-0.430007150219139,-0.230750248125671,0.0418748228696479,0.191390441016909,0.384839626327144,0.482490234475,75.0000000001,36.186767578225,0.482490234475,75.0000000001,36.186767578225,1.27575728506945,0.400684019727531,1e-10,0.0475412800812401,0.128367329743977,-0.23718392282975,0.197825603689106,1,0.955946779738605,0.975277852907369,0.986233363658323,0.989828666406973,0.224140363073965,-0.830951292638731,0.46343490886604,0.24060148051207,0.24060148051207,-0.823367701315024,0.626296256849022,0.192871583889373,0.0239817744161418,-0.334960549326296,0.459815839119199,-0.959399074593247,-0.664320169591204,0,4610.0000000001,0.0236876982489571,0.00398110375982053,0.889043259861422,1.61870354662917,18563.5102020136,5.82076609134674e-11,370,1,"SNETWORK (1 318 18563.5102020136 0.889043259861422 13000335 370)",13
56,13000336,-0.925866143363455,40,0,0,-0.0539298651555209,-0.0526282971591558,-0.0497659234028937,-0.316072122873502,-0.0483098074003432,-0.463424163537324,0.00558161565038451,1.00710693372158,-0.666645421880352,0.910035470718827,1.00710693372158,1.00710693372158,0.0433465657978579,0.158270881539648,0.326253972938051,0.140965379279119,0.0164081016791742,0.396949460069245,-0.3182243350896,0.145121969788322,0.0313608172450206,-0.925866143363455,2,-0.0725787133943606,0.557933080725342,0.564214186231885,0.646928629435532,-0.937139615854734,-0.0949651852488256,0.00538812173472113,0.0669080972554968,0.739179982985654,17093.0000000001,20.2156855160261,0.0696518509848705,4994.0000000001,0.55654614941,20.7722316653361,0.229092663155832,0.661388751101598,-0.328343019483206,0.477253292605726,-0.00787383604928163,-0.333008150197409,-1.03833431008339,-0.468864662426968,-0.748261992662691,-0.626176748095028,-0.367630729305871,-0.401249835378649,0.497197138898701,77.0000000001,38.2841796876,0.497197138898701,77.0000000001,38.2841796876,1.36735651312392,0.422594122500962,1e-10,0.116983368306941,-0.185041113904493,1.91045844263879,-0.186776261248572,-0.0232557920329049,-0.145374652181789,-0.0456386537822686,-0.0156235779160853,3.8573928898018e-16,0.36373946115124,0.639084337030225,-0.569469581917745,0.399518389929162,0.399518389929162,0.265880844199386,-1.00850485708619,0.638958853030801,0.789803618435145,0.302972305468128,0.735154185406205,0.264664018397185,-0.118859206563528,0,17093.0000000001,0.222954630247721,0.00613803280811076,0.518853306890634,2.30964092351496,5970.26958692634,0.00048828125,85,1,"SNETWORK (1 56 5970.26958692634 0.518853306890634 13000336 85)",13
137,13000337,-0.589906682485733,45,-0.169336007143403,-0.45983907781187,-0.612877153222713,-0.614349237474709,-0.609405455638136,0.00902981500690027,0.0102016716179106,0.0275553995623234,-0.360911408684037,0.108319964114768,-0.0532336070681573,-0.0186226750474371,0.108319964114768,0.108319964114768,0.542496239831421,-0.0135154419877196,-0.0972592995634803,-0.934644552049678,-0.00869244644454311,0.0677281446396492,-0.117429098893948,0.617705950750841,0.326804535448277,-0.589906682485733,1,-0.670551888959056,-0.0867285167562526,-0.0865553664636331,0.745907586309012,-0.576749383088802,1.84082290989654,-0.361108869183358,0.421795138319971,1.11942147779566,1218.0000000001,2.52103147605258,1.00343597452808,2958.0000000001,5.48813999571168,8.00917147166426,0.142845027931297,-0.0805660462287495,-0.55731283685713,-0.645415596272197,1.3522091554001,2.02670090844519,1.49006315913408,0.845141472251574,1.73707869926008,0.182782698033043,2.97585949104583,1.62598939332763,0.458925189493939,33.0000000001,15.1445312501,0.458925189493939,33.0000000001,15.1445312501,0.356790242026025,0.365577205776698,1e-10,0.710265612193012,0.495721752328548,1.76459639307133,1.08168311468187,0,-0.0237508656972547,-0.011393439434306,-0.00634452819594514,-0.0169298813802849,0.60522714774238,-0.842336808856957,-0.205466072486926,0.691957637665527,0.691957637665527,-0.198925107166184,0.461702629438087,-1.30442598218987,-1.41426406475125,-1.25905369231139,-1.08560103406265,-0.528430064883815,-0.356985551331006,8060487596.18893,2958.0000000001,0.0449630542465697,0.0978819735847272,0.249014706092856,1.7281884356959,4641.55611281736,0.001953125,181,1,"SNETWORK (1 137 4641.55611281736 0.249014706092856 13000337 181)",13
318,13000338,0.6194021581971,223,0.826606769083661,0.576140491778701,0.449959143780463,0.448153051499128,0.45024912066774,0.948623791811881,0.964418370639733,0.629557991737441,0.623896189941513,-0.0533230560318293,0.346200485456974,-0.114605425606514,-0.0533230560318293,-0.0533230560318293,-0.757456777345462,-0.882796344078281,-0.738371778606008,-0.00275292408275086,-0.963044191790471,-0.603050539930755,0.694143931109334,-0.735182512335809,-0.673195464551723,0.6194021581971,8,-0.0548258842260425,0.48630052194562,0.491144153830576,-0.356188228286769,0.610487742345678,-0.0508650335595505,0.623833350149501,1.68374259961002,0.280724641418633,3852.0000000001,2.09351528301042,0.103011568230985,1860.0000000001,0.370943926166805,2.46445920907723,0.0286668833487549,0.560549190222153,0.798281625642322,-0.301024175471065,-0.0360868733940334,-0.143473933659398,-0.42326156020455,-0.411378094769647,-0.322285042679961,0.0713221659887181,-0.673564592854831,-1.35992664556559,0.475490663209756,82.0000000001,38.9902343751,0.475490663209756,82.0000000001,38.9902343751,1.39819168569213,0.390256174317433,1e-10,0.411212022457915,0.247586387421903,-0.171505599122703,0.319843472999012,1,0.955946779738605,0.975277852907368,0.986233363658323,0.989828666406974,0.123382507552793,-0.802579505926207,0.451625758646608,0.130280415448151,0.130280415448151,-0.800570394998193,0.422550573591206,0.0951098210183045,-0.0952557672511082,-0.350779031595679,0.336190268518157,-0.888005748687014,-0.932085996363964,0,3852.0000000001,0.0243520192892881,0.00431486395946678,0.896732116042378,1.12370571680367,18572.6222388282,5.82076609134674e-11,330,1,"SNETWORK (1 318 18572.6222388282 0.896732116042378 13000338 330)",13
137,13000339,-0.435538851210473,54,-0.169336007143403,-0.45983907781187,-0.612877153222713,-0.614349237474709,-0.609405455638136,0.025748384336309,0.0151364570049925,0.0313903431827773,-0.3624354205904,0.0922686209698945,-0.0338180335994314,-0.0175483069863161,0.0922686209698945,0.0922686209698945,0.515573960642874,-0.00234733500070034,-0.0858607258053872,-0.907312823065224,-0.00153128471487274,0.0677281446396492,-0.117429098893948,0.617705950750841,0.326804535448277,-0.435538851210473,1,-0.612808796992035,-0.396204368996241,-0.3923269983077,0.179027336662743,-0.425369966486937,1.48790193411537,-0.36247506143167,-0.260525526438988,0.211454976650353,279.0000000001,0.109083599157489,0.339472461525465,2021.0000000001,1.26855180448527,1.37763540354276,0.030989074977171,-0.329581941306413,-0.46023550525866,0.582716315609302,1.9057444334627,1.18306294699705,-2.57516876954378,0.965510008563779,-3.76182347781829,0.284306752393628,-0.60722361809476,-0.324052261103929,0.419911260290217,23.0000000001,9.657958984475,0.419911260290217,23.0000000001,9.657958984475,0.117177920751676,0.307454899829613,1e-10,-1.12339431416681,-1.06626597345281,-0.729592808955534,-0.611090913906137,0,-0.044053220261396,0,0,-0.0227070388776265,-0.529167678518946,0.471069056165,-0.512293342520761,-0.503362644180733,-0.503362644180733,1.24634981030351,-0.127298403446053,-1.03273605330978,-1.06322351571857,-0.685701486708173,-1.01223895203472,0.361188615517369,1.6722896644315,0,2021.0000000001,0.00245376956095647,0.0285353053162145,0.276751058485618,3.36495997197926,4689.73309071532,0.001953125,123,1,"SNETWORK (1 137 4689.73309071532 0.276751058485618 13000339 123)",13
137,13000340,-1.03900822004815,18,-0.169336007143403,-0.45983907781187,-0.612877153222713,-0.614349237474709,-0.609405455638136,-0.0382381873127429,-0.00313752939800013,-0.00558105289221616,-0.357699593800606,0.145422702640322,-0.0950856974683736,0.00113074621552957,0.145422702640322,0.145422702640322,0.59123937685165,-0.0315990317190286,-0.116035819049425,-0.990150579493571,-0.0188253581455314,0.0677281446396492,-0.117429098893948,0.617705950750841,0.326804535448277,-1.03900822004815,1,-1.01367593716572,-0.284595645902364,-0.282643963463982,1.11330566206449,-1.03398100671778,1.86183164624957,-0.357890340832879,-0.091549792539638,0.151975460149514,4406.0000000001,1.23809880407419,0.234803282295902,5310.0000000001,2.30534553772074,3.54344434169493,0.0732985175491412,-0.24623394568549,0.320860702976077,-0.304310103188486,1.75616951847369,2.06602560027985,0.325779598344817,1.02108351012568,0.4483596035436,0.344452158456516,-1.91271472052179,-1.04466624459999,0.148863447573404,47.0000000001,6.99658203135,0.148863447573404,47.0000000001,6.99658203135,0.610167503751814,0.539896245167022,1e-10,0.208134363270359,0.165929433287188,-0.122789537069283,0.422009763676651,0,-0.0440532202613954,3.42243995575329e-16,0,-0.0227070388776265,0.470854573598181,-0.817455707000015,0.123819438522187,0.526417936393713,0.526417936393713,0.0110011510022029,0.578037143933518,-0.274076882771629,-0.551814850995795,-1.01335138319929,0.1770241135963,-1.31928177752984,-0.62908210136038,0,5310.0000000001,0.0256109022855472,0.047687615163594,0.164959071420423,0.78743087077821,4495.55470655929,0.001953125,101,1,"SNETWORK (1 137 4495.55470655929 0.164959071420423 13000340 101)",13
328,13000341,0.808287622843164,265,0.833942087661095,0.661934694919581,0.679648502105189,0.676245639047415,0.674971766192546,0.846312074218571,1.0174988166755,0.267769101787557,0.0925512276883389,-0.0455549999669466,0.247098737957644,-0.269989126439452,-0.0455549999669466,-0.0455549999669466,-1.06444385838441,-0.109819217180238,0.00982871035604283,1.03176098985905,-0.356228705149186,-0.560339494672534,0.667148486569063,-0.788859635579387,-0.682989322922567,0.808287622843164,8,0.00391745343088138,0.155885447732029,0.156419780895689,-0.0485516943074985,0.794957288031731,-0.630742702490664,0.0923678246133468,1.66288133461376,0.320659108131971,9540.0000000001,5.92244827575028,0.0676803531671958,2622.0000000001,0.343561606366774,6.26600988201705,0.0932266875228454,0.158376974638749,-0.905796793560757,-0.30985705999439,-0.527381641508869,-0.603862523809625,-0.240947863816094,-0.680988119387082,-0.231164217923906,-0.912782236315312,-0.449969859176862,-0.549919136628359,0.379136029511765,51.0000000001,19.3359375001,0.379136029511765,51.0000000001,19.3359375001,0.539839426898452,0.246708635950555,1e-10,-2.54002438402022,-1.47439212294261,1.93398409024463,-0.724296916568958,1,0.955946779738605,1.27717508738715,1.28529677079185,1.31366454417867,-4.67566556569824,-0.0202659136706803,0.156169764819555,-2.49392571016444,-2.49392571016444,-0.765296746879064,0.77284616832954,-0.188587318319979,-0.33798160011386,-0.999860853370625,0.285305599645213,0.477868771113166,0.245648164607358,0,9540.0000000001,0.0881151234321222,0.00511156399072325,0.204226405582757,2.9422727771021,18848.0361702891,2.91038304567337e-11,473,1,"SNETWORK (1 328 18848.0361702891 0.204226405582757 13000341 473)",13
328,13000342,0.88383870084327,281,0.833942087661095,0.661934694919581,0.679648502105189,0.676245639047415,0.674971766192546,0.855426514131873,1.0242666206936,0.0129101839221234,0.0880069281325237,-0.0564375639204584,0.260910216559742,-0.27878489269393,-0.0564375639204584,-0.0564375639204584,-4.53222079321929,-0.0975238401739359,0.0179438369080157,1.08634781361772,-0.351527504780215,-0.560339494672534,0.667148486569063,-0.788859635579387,-0.682989322922567,0.88383870084327,8,0.29089602030076,-0.608614905889393,-0.599024934749821,-1.1199336402957,0.867103642106479,-0.293286317321395,0.0878242998644271,-0.431454004088868,0.175538672050761,1289.0000000001,0.438061461118468,0.0564683351649747,33.0000000001,0.00360768205767022,0.441669143076139,0.0116586099193347,-0.470499141760819,-0.836711273547211,-0.186254463961498,-0.527765488599968,-0.293579282586392,0.654796764330856,0.00783046728545012,1.14220699615798,0.135386795817507,1.15827720169675,1.40799711749816,0.781939338335294,17.0000000001,13.2929687501,0.781939338335294,17.0000000001,13.2929687501,0.275927880768309,0.846798338007679,1e-10,0.986044029596093,0.621153200032377,0.231115143087713,1.14309010815804,1,0.955946779738604,1.49113557642077,1.50208271919841,1.53430165797082,0.14702108634137,-0.771235801359852,0.0200810397758148,0.155840566430877,0.155840566430877,-0.296722204820292,-1.7252826933109,0.612476528251232,0.563807009968661,-0.109917442512454,0.910222115019675,-0.00163449124468049,0.115310863440035,5618816989.48777,1289.0000000001,0.0115633789050506,9.52309142841866e-05,0.328284569875363,0.908386511015311,18940.9957922472,2.91038304567337e-11,488,1,"SNETWORK (1 328 18940.9957922472 0.328284569875363 13000342 488)",13
137,13000343,0.0454708152697295,91,-0.169336007143403,-0.45983907781187,-0.612877153222713,-0.614349237474709,-0.609405455638136,-0.000939622506203278,-0.0217539766492277,-0.243079133087595,-0.381781148296033,-0.0012468184038778,0.00977315403443411,0.0450258795140063,-0.0012468184038778,-0.0012468184038778,0.235449047420867,0.0850240444501573,-0.00223151702276575,-0.754987968899777,0.0624653376513168,0.0677281446396492,-0.117429098893948,0.617705950750841,0.326804535448277,0.0454708152697295,1,0.075718339771999,0.86349797466913,0.877629521384715,0.859323356921427,0.0750638661441032,1.91819097944189,-0.381924426377539,-0.145239795215703,0.0972714631170275,1219.0000000001,0.219243384782272,0.165297403536988,2154.0000000001,0.658338229374339,0.87758161405661,0.00771415444909147,1.15650224624149,-0.137115506057304,-0.575745870870974,1.6604932048512,2.10565983324197,0.741441753329573,0.156216731543175,0.419543800613684,-0.547416684017187,0.346193769546748,0.179363740457141,0.57275390635,66.0000000001,37.8017578126,0.57275390635,66.0000000001,37.8017578126,1.34628794431521,0.535157343991561,1e-10,0.398177184399217,0.327545660805611,0.0174688030492715,0.624499717907912,0,-0.0247269766036854,-0.0216523042809548,-0.0120571808701871,-0.0117279396844408,0.583983048574206,-0.83451557047318,0.274843148387888,0.665304630765624,0.665304630765624,0.65815020272533,0.638200427954808,-0.907854366231647,-1.10266529188361,-0.968025588685219,-0.699904081586297,-0.470857472504217,0.11664088479615,0,2154.0000000001,0.00192720230524326,0.00578695204384821,0.393861268339916,2.87525840274548,4893.14902341915,0.001953125,174,1,"SNETWORK (1 137 4893.14902341915 0.393861268339916 13000343 174)",13
56,13000344,-0.925866143363455,40,0,0,-0.0539298651555209,-0.0526282971591558,-0.0497659234028937,-0.316072122873502,-0.0483098074003432,-0.463424163537324,0.00558161565038451,1.00710693372158,-0.666645421880352,0.910035470718827,1.00710693372158,1.00710693372158,0.0433465657978579,0.158270881539648,0.326253972938051,0.140965379279119,0.0164081016791742,0.396949460069245,-0.3182243350896,0.145121969788322,0.0313608172450206,-0.925866143363455,2,-0.0725787133943606,0.557933080725342,0.564214186231885,0.646928629435532,-0.937139615854734,-0.0949651852488256,0.00538812173472113,0.0669080972554968,0.739179982985654,17093.0000000001,20.2156855160261,0.0696518509848705,4994.0000000001,0.55654614941,20.7722316653361,0.229092663155832,0.661388751101598,-0.328343019483206,0.477253292605726,-0.00787383604928163,-0.333008150197409,-1.03833431008339,-0.468864662426968,-0.748261992662691,-0.626176748095028,-0.367630729305871,-0.401249835378649,0.497197138898701,77.0000000001,38.2841796876,0.497197138898701,77.0000000001,38.2841796876,1.36735651312392,0.422594122500962,1e-10,0.116983368306941,-0.185041113904493,1.91045844263879,-0.186776261248572,-0.0232557920329049,-0.145374652181789,-0.0456386537822686,-0.0156235779160853,3.8573928898018e-16,0.36373946115124,0.639084337030225,-0.569469581917745,0.399518389929162,0.399518389929162,0.265880844199386,-1.00850485708619,0.638958853030801,0.789803618435145,0.302972305468128,0.735154185406205,0.264664018397185,-0.118859206563528,0,17093.0000000001,0.222954630247721,0.00613803280811076,0.518853306890634,2.30964092351496,5970.26958692634,0.00048828125,85,1,"SNETWORK (1 56 5970.26958692634 0.518853306890634 13000344 85)",13
137,13000345,0.862235800594134,187,-0.166057912338905,-0.453200003638288,-0.550040856219537,-0.551846948500872,-0.54975087933226,0.010520259467092,-0.0326599130683618,-0.683020227657281,-0.429967069870883,-0.242776928514269,0.000578950910313435,0.144210302637637,-0.242776928514269,-0.242776928514269,-5.14594443387737,0.18471343107064,0.0159980340348067,-0.746558519898692,0.15694528451968,0,0,0.264817487664191,0.333376028400019,0.862235800594134,1,-0.854162024963147,-2.43676437997669,-2.20733481081754,-1.45515093072442,0.842252811301814,-0.741113214125186,-0.43015984276972,0.380950497025288,0.0846492604421211,5.0000000001,0.000782583292766506,0.202795970511171,1e-10,1e-10,0.000782583292766506,8.56189923165063e-05,-1.08681245905448,-1.5918357394965,2.22724861063109,-0.644974558887006,-0.5334336412676,0.312003092982944,0.66753915274812,2.3402391480961,-0.185596439009476,2.67340176120437,1.17694592124502,0.01513671885,2.0000000001,0.0302734376,0.01513671885,2.0000000001,0.0302734376,0.30328716597233,0.295571512150895,1e-10,-0.441423686912117,-0.500372754659488,-0.0964707916381605,-0.520099161588608,0,0,-0.0247221470926322,-0.0137666363416772,-0.010171333593027,-1.21379684988678,0.184115412644358,-0.601973511519802,-1.03891460093989,-1.03891460093989,0.351867101161497,-0.0115389260483587,0.978304042939868,1.33404775940598,1.0725430170585,0.799505480254914,0.00163449124468021,-0.33007307736877,0,5.0000000001,8.56188923165063e-05,0,0.719988282955511,0.893463642347156,5459.61911121492,0.001953125,231,1,"SNETWORK (1 137 5459.61911121492 0.719988282955511 13000345 231)",13
319,13000346,-0.0962620822880595,42,0.849676501735058,0.527879359151426,0.449959143780463,0.448153051499128,0.45024912066774,0.864321684538601,0.879995182940432,0.543767851504319,0.775497298944922,-0.0139002503142294,0.367402914113834,-0.0444434559665791,-0.0139002503142294,-0.0139002503142294,0.30056255607066,-0.742674391949364,-0.552258668900852,0.401791145312972,-0.881203637306298,-0.604424467785202,0.699593179675348,-0.759818089809216,-0.694672009762475,-0.0962620822880595,8,0.522678563990265,0.643164252839714,0.651364963157138,-0.18619566191426,-0.115176133376404,-0.602360895941848,0.775469693210321,0.28098355283661,0.135496272145817,9010.0000000001,2.36353185003428,0.204462239450319,4191.0000000001,1.65897597038832,4.0225078203226,0.0416409304705774,0.788499567222903,1.88033149670178,0.165875530916347,-0.534663690280291,-0.570627720909597,-0.111822517214429,-0.80877458965271,-0.0785238971201136,-0.61938174745036,0.133741160089291,0.294773601678259,0.242985026141667,45.0000000001,10.934326171975,0.242985026141667,45.0000000001,10.934326171975,0.172920065352855,0.0438731247781895,1e-10,-2.54002438410516,-2.15285182810139,2.06100289881676,-0.73916312948067,1,0.867841683603147,1.32904696563017,1.34213135648708,1.36723184200025,-5.71105609450575,-0.0699997786201323,0.13957824796833,-2.69445658077745,-2.69445658077745,-3.40775321727264,0.429158735250169,0.708829220734159,0.628277977023861,1.33593868584828,0.302042173227538,0.291208282605235,-0.257129982910492,332117922776.621,9010.0000000001,0.0244672402367906,0.0171736901337868,0.90563459554538,2.14779958874766,17457.4708371027,1.16415321826935e-10,452,1,"SNETWORK (1 319 17457.4708371027 0.90563459554538 13000346 452)",13
140,13000347,-0.24423953883547,147,0.016376969797183,0.0406255841243769,0,0,0,-0.0955190287492509,-0.000475797170236518,-0.616369554486038,-0.0513032857957651,0.959556141570117,-0.745062671518366,0.991217870178715,0.959556141570117,0.959556141570117,-3.41106085122552,0.338873014636088,0.522092563504625,0.616941566584013,0.127781219556594,0.45221133369877,-0.305856068890666,-0.190739766812213,-0.0312046492625428,-0.24423953883547,2,0.540886242264924,0.214273402450062,0.21526993678633,-0.67105349065734,-0.259964703089141,-0.485327991300127,-0.0514941558311802,0.262421837686636,0.618369293927281,6600.0000000001,6.52997974291059,0.0513613713288552,2514.0000000001,0.206595979730773,6.73657572254136,0.0959564392120688,0.22252944902059,-0.297607803797255,-0.212059955450958,-0.327578776380291,-0.367851918527888,-0.179411629356129,-0.582320302267771,-0.1648815798496,-0.905939217307708,0.0386068517990285,0.0395799197863003,0.329455019922761,67.0000000001,22.073486328225,0.329455019922761,67.0000000001,22.073486328225,0.659395025102932,0.172694690213025,1e-10,-0.298008117881697,-0.111559696586717,1.8934841391962,-0.158902513308085,0,0,-0.0247221470926318,-0.0137666363416772,-0.010171333593027,0.157880328532168,0.615440230226357,-0.590230768514614,0.167648256761231,0.167648256761231,0.574599225493048,-0.547610437898883,-0.39529840122831,-0.368430395521986,-0.271562660089579,-0.364895997696996,0.136768927212766,-0.362233374787402,0,6600.0000000001,0.0930136659054679,0.00294277320660089,0.239173631144471,0.461096193805712,6594.94893807604,0.000244140625,278,1,"SNETWORK (1 140 6594.94893807604 0.239173631144471 13000347 278)",13
318,13000348,0.0322890725339022,75,0.847990630531859,0.546799996361712,0.449959143780463,0.448153051499128,0.45024912066774,0.91240428311973,0.952362971738425,0.532130430793169,0.680333538031142,0.014639782749319,0.387656114060492,-0.0868225638518656,0.014639782749319,0.014639782749319,0.208574462952264,-0.863859116423715,-0.710221911717171,0.046580162471353,-0.951294233021176,-0.617135106478376,0.700828921651292,-0.704722392945234,-0.65941867091232,0.0322890725339022,8,1.01160730733929,0.672780340808864,0.68169911473104,-0.744428040155288,0.020101893736084,-0.351809679003812,0.680175321987214,0.241726038362407,0.128661774806563,14590.0000000001,3.63424457705613,0.080540435674066,1688.0000000001,0.263205971441295,3.89745054839743,0.0394685459529524,0.834565959113676,2.1514755953031,-1.72843305757033,-0.634712152454912,-0.0257472009692357,1.67500375787188,-0.661861748615471,1.10154768122965,-0.338029772308885,1.96858914295533,4.12882346357966,0.0308191637029412,68.0000000001,2.0957031251,0.0308191637029412,68.0000000001,2.0957031251,0.396133875074677,0.364035824992552,1e-10,-0.882702291767619,-0.472916781455132,0.217613586384783,-0.521941788712625,1,0.867841683603146,0.975277852907368,0.986233363658323,0.989828666406972,-1.1946127920515,0.338845846851812,0.749570435392076,-1.02546722398177,-1.02546722398177,-1.1847765103566,0.422091673649215,0.715171721521034,0.988784809080821,1.11351053962468,0.424116587831928,0.705599042814482,1.79670362594916,0,14590.0000000001,0.0368031221817802,0.00266542367117213,0.134331628809519,0.705068650858841,17669.1040634834,5.82076609134674e-11,312,1,"SNETWORK (1 318 17669.1040634834 0.134331628809519 13000348 312)",13
318,13000349,-0.00398958450663738,67,0.847990630531859,0.546799996361712,0.449959143780463,0.448153051499128,0.45024912066774,0.909261139745709,0.950110091526489,0.515641671677066,0.682051867199743,0.0161957050672752,0.38633744287574,-0.0885137897190815,0.0161957050672752,0.0161957050672752,0.196802124697254,-0.85357190737884,-0.697705276280538,0.0660907396463437,-0.943960898425111,-0.604424467785202,0.699593179675348,-0.759818089809216,-0.694672009762475,-0.00398958450663738,8,0.838780255929982,0.800280750613081,0.812575479347156,-0.420075065510952,-0.0110375215296332,-0.262368733954499,0.68188962737328,2.04635422517838,0.127052775500127,5344.0000000001,1.31449799344305,0.185727090324582,359.0000000001,0.129085964845277,1.44358395818833,0.013298703276441,1.04475087965876,-0.634071732989815,-0.506063804426816,-0.419658999002136,-0.197239811186738,0.597767722971689,-0.656751423044222,0.354220066004755,-0.326201299618396,0.28148475355535,0.587039550736854,0.189515904117857,35.0000000001,6.633056640725,0.189515904117857,35.0000000001,6.633056640725,0.594291441527033,0.600459602024497,1e-10,0.237510874945486,-0.0256633031130332,1.9027051684587,-0.251602066374703,1,0.867841683603147,1.1517511211886,1.1637685898318,1.1780916849822,-0.905227399180092,0.462361491062579,0.535118275340009,-0.812155178070358,-0.812155178070358,0.0487730991664562,0.189757445927575,0.390918399877172,0.625066599224382,1.49087212289729,-0.205311410853449,1.01999142454636,1.41024815797265,0,5344.0000000001,0.0121095268076032,0.00118917636883779,0.0922506231168985,6.13070979399958,17619.2340094675,5.82076609134674e-11,367,1,"SNETWORK (1 318 17619.2340094675 0.0922506231168985 13000349 367)",13
56,13000350,-0.500463308656569,97,0,0,0,0,0,-0.211274715101396,-0.0219810542649905,-0.369170648967831,-0.0100702787603396,0.967722376821494,-0.656119094589381,0.913947223544016,0.967722376821494,0.967722376821494,-0.216517077703133,0.222065845728857,0.395586142313982,0.325113456920141,0.0536684232573547,0.442037567785408,-0.329724348592432,0,0,-0.500463308656569,2,0.0700906761969484,-0.266497475866925,-0.264793004739899,-0.61294639516221,-0.512220007237324,-0.150067672672451,-0.0102633469322037,0.645003154422642,0.63565206960743,4872.0000000001,4.95503501232014,0.120400852512537,5946.0000000001,1.14544554961094,6.10048056183108,0.124490521907994,-0.232062300365887,-0.347363567182834,-0.363115978854075,-0.148230740072774,-0.126845909863637,-0.0463722221698003,-0.0771785903180046,-0.0526009533323805,-0.0937615332094291,0.262627618931657,0.279882362515441,1.30154854920714,35.0000000001,45.55419921885,1.30154854920714,35.0000000001,45.55419921885,1.68485643315718,1.62090353949904,1e-10,-0.332035003318565,-0.578631714408898,-0.45676720125846,-0.291571666237309,-0.0232557920329049,-0.145374652181789,-0.0247221470926318,-0.0137666363416772,-0.010171333593027,1.00725447642369,0.975104587869681,-0.246398543775693,1.23247896791983,1.23247896791983,0.59800892271827,-1.60853159544918,-0.0108993895249036,0.206140896349121,1.085504042369,-0.539715135058571,0.146421386924958,0.0941305114392628,0,5946.0000000001,0.101115787191874,0.0233747346161198,0.939193660831466,1.5927900839597,6306.50348073066,0.00048828125,64,1,"SNETWORK (1 56 6306.50348073066 0.939193660831466 13000350 64)",13
140,13000351,-0.41262755334137,112,0,0,0,0,0,-0.135433553244063,-0.0140257803729395,-0.488231192758366,-0.0310201085952852,0.977850644349633,-0.706058324606155,0.95224351673817,0.977850644349633,0.977850644349633,-1.24370715287015,0.285083072810617,0.462542568113105,0.467653507726872,0.0955870147978133,0.45221133369877,-0.305856068890666,-0.190739766812213,-0.0312046492625428,-0.41262755334137,2,-0.0704684293581053,-0.283732653572706,-0.281793161752004,-0.462628215349065,-0.419041638693915,0.508547147570843,-0.0311949418389688,0.0961749686268377,0.187444598406253,4313.0000000001,1.2935176840907,0.275555938771082,4045.0000000001,1.78339803517774,3.07691571916844,0.0636068562619045,-0.24556245836165,-0.693208406101671,-0.296021566703586,0.0637315172250593,0.461572576430764,0.986095496067735,0.38340674395972,1.33724349899189,0.385814643734773,0.537203269217004,0.556238309287859,1.4182421876,25.0000000001,35.4560546876,1.4182421876,25.0000000001,35.4560546876,1.24384522715221,1.79475179039762,1e-10,-1.89294157838713,-1.84044454365069,-0.787323249395246,-0.68827259324889,-1.03276561575505e-16,0,-0.0247221470926318,-0.0137666363416769,-0.010171333593027,0.802047078653966,0.829016692764256,-0.585165477566126,0.947800459339474,0.947800459339474,-2.39938828455984,-2.02143185740886,0.0981520248486076,0.0896404097807772,0.292889884369035,0.0117523471666704,0.778657498062168,-0.293200140622539,0,4313.0000000001,0.0267399567555871,0.0368668994063174,0.0349492319769443,2.41366649412991,6390.18462665334,0.000244140625,282,1,"SNETWORK (1 140 6390.18462665334 0.0349492319769443 13000351 282)",13
318,13000352,0.0133333251948702,71,0.847990630531859,0.546799996361712,0.449959143780463,0.448153051499128,0.45024912066774,0.910832830861429,0.951047539353348,0.523056582311466,0.681335322295243,0.015602983258105,0.386785619893517,-0.0879475817737755,0.015602983258105,0.015602983258105,0.205725276203245,-0.858625077763442,-0.703992237254583,0.055137493267636,-0.947383410973318,-0.604424467785202,0.699593179675348,-0.759818089809216,-0.694672009762475,0.0133333251948702,8,0.852103002629674,-0.265218238544894,-0.263530572730608,-1.31161846368922,-0.000182003667770557,0.0038016705602427,0.681290892471569,-0.491999311762333,0.413517727730199,5722.0000000001,4.58090523546459,0.124208304446824,392.0000000001,0.0942640341542815,4.67516926951887,0.0953131445124764,-0.23105344926064,0.727398634297179,0.335556484251185,0.619649803240888,-0.202401332699121,-2.48602370832597,0.0395063236399486,-3.2924903675742,0.712905437488762,-4.50386447865628,-9.46054213899815,0.207356770933333,27.0000000001,5.5986328126,0.207356770933333,27.0000000001,5.5986328126,0.549115568023744,0.627038630094076,1e-10,-0.576012561331468,-0.552593192276031,2.0474443569597,-0.56191138857523,1,0.867841683603147,1.15216222552828,1.16418216806173,1.17853025420399,-1.2281159029421,0.38954848654904,0.566864574403129,-1.04889750219039,-1.04889750219039,0.0803342262613652,0.406342910206977,0.835545566298487,1.16665173187976,1.60312793891627,0.336372271081791,-0.290352415045286,1.87598900131139,0,5722.0000000001,0.0933913741036475,0.00192177030882887,0.116194037851968,0.681721394231357,17647.6092672949,5.82076609134674e-11,314,1,"SNETWORK (1 318 17647.6092672949 0.116194037851968 13000352 314)",13
140,13000353,-0.42685916939244,109,0,0,0,0,0,-0.135459371146375,-0.0142007870844491,-0.486705472759686,-0.030797726931154,0.977914509069273,-0.704972647513767,0.951647819375617,0.977914509069273,0.977914509069273,-1.23702184319709,0.284598757107462,0.462046624555424,0.466262399462162,0.0953032303306055,0.45221133369877,-0.305856068890666,-0.190739766812213,-0.0312046492625428,-0.42685916939244,2,0.200878429185835,-0.182316413921323,-0.181533624024112,-0.677812105086934,-0.436128509695782,0.450479392479579,-0.0309631946675829,-0.411752690776632,0.239927688161275,7012.0000000001,2.69179671799479,0.33087796391826,3391.0000000001,1.79521148059084,4.48700819848563,0.0859645079045667,-0.163608965604551,0.450277818667787,0.065020636555956,0.476254313570448,0.265955040601677,-0.819435975793626,0.27610381772307,-1.01512243965567,0.276233649189576,-0.932964312094481,-0.966093415298868,1.3806640626,40.0000000001,55.2265625001,1.3806640626,40.0000000001,55.2265625001,2.10727270798685,1.738768521787,1e-10,0.102755702253487,0.222199935405133,1.75493682394364,-0.0588388720489677,0,0,-0.0247221470926315,-0.0137666363416772,-0.010171333593027,-2.08265637039011,0.231591837136563,-0.246796024361241,-1.56817740463631,-1.56817740463631,-0.000155690359118223,0.0594217758868497,-0.421244673572548,-0.519574062800589,-0.540092025153153,-0.262789491630279,0.509425210934392,-0.117937617199509,0,7012.0000000001,0.0515708841465964,0.0343936236579703,0.0196434375064021,1.16265870717764,6374.83836793835,0.000244140625,267,1,"SNETWORK (1 140 6374.83836793835 0.0196434375064021 13000353 267)",13
140,13000354,-0.379206287508841,119,0,0,0,0,0,-0.122416627132564,-0.0119036469670813,-0.465122839452779,-0.0324330117292378,0.973778392110999,-0.699975544801838,0.949033373040616,0.973778392110999,0.973778392110999,-1.32797755685468,0.291279279126647,0.469531609949537,0.486948825759635,0.099023282608882,0.45221133369877,-0.305856068890666,-0.190739766812213,-0.0312046492625428,-0.379206287508841,2,0.30054864371685,0.38875293279019,0.391912485748925,-0.184879679521286,-0.357486244070703,1.99208627226249,-0.0325837835983648,2.03613352258625,0.828175335744581,6072.0000000001,8.04588902094745,0.959886967146999,4742.0000000001,7.28285439647285,15.3287434173203,0.191728808541673,0.431495350776071,-0.464634209637464,-0.646237505171723,1.96195448074513,-0.0171445513552023,-6.31451714674778,0.518428818042649,-5.14536023782664,0.516594737436793,-1.34595523410417,-1.39154746495467,0.391276041766667,39.0000000001,15.2597656251,0.391276041766667,39.0000000001,15.2597656251,0.361822815142276,0.264794625259559,1e-10,-0.417715196117107,-0.265402354250388,1.89926710028717,-0.276060212817013,1.03276561575505e-16,0,-0.0247221470926318,-0.0137666363416769,-0.0101713335930266,0.437826831204497,0.817158731930005,0.0734096899626609,0.486819797447054,0.486819797447054,1.01862409521288,0.00421747316874144,-0.227789748725611,0.0913925677675285,0.554235304370862,-0.560733460734971,0.793136187629925,-0.546619610692511,0,6072.0000000001,0.100636345252412,0.091092463189261,0.0749855198873438,3.02081593343388,6430.32675932363,0.000244140625,287,1,"SNETWORK (1 140 6430.32675932363 0.0749855198873438 13000354 287)",13
137,13000355,0.47291507031181,137,-0.166057912338905,-0.453200003638288,-0.550040856219537,-0.551846948500872,-0.54975087933226,-0.025718924866625,-0.0574524712574334,-0.677376623754202,-0.40494068051169,-0.101944782562291,-0.0102427849951505,0.141182934965244,-0.101944782562291,-0.101944782562291,-1.10048395371171,0.159847501172748,0.0497470166800944,-0.686680608843034,0.125333722755443,0,0,0.264817487664191,0.333376028400019,0.47291507031181,1,-0.40977481177048,-0.0778988157474256,-0.0777594562805247,0.288485044672617,0.456834568975253,-0.341454602389479,-0.40484097191514,0.00544633369748222,0.0659110679572492,3653.0000000001,0.445189963336288,0.084302397668937,7430.0000000001,1.15815339473763,1.60334335797392,0.0284076103064574,-0.0725966215413237,0.79978085282368,-0.265358272474059,-0.305686947133703,-0.235876226209038,0.12236140259709,-0.336178650056589,0.147012460648048,-1.23352633755291,-1.2075190626471,-0.57273432962381,0.567515055438542,48.0000000001,27.24072265635,0.567515055438542,48.0000000001,27.24072265635,1.49427971307274,1.16359648080633,1e-10,-1.13498842132065,-1.32918091600552,-0.599674633846587,-0.64698362100306,0,0,-0.0247221470926318,-0.0137666363416772,-0.010171333593027,-0.0513585693915631,0.299002335087665,-0.94786061177701,-0.0527205589780846,-0.0527205589780846,-2.34710888260063,-0.645692822425349,0.729944971892688,0.521510034623897,-0.327005724149632,1.17927375394282,0.6386968322379,0.949716491414035,0,7430.0000000001,0.00788775709291215,0.0205198531135452,0.553218180251613,0.088261690894392,5169.94585359859,0.001953125,191,1,"SNETWORK (1 137 5169.94585359859 0.553218180251613 13000355 191)",13
137,13000356,-0.689805044745858,38,-0.169336007143403,-0.45983907781187,-0.612877153222713,-0.614349237474709,-0.609405455638136,-0.00682952163607305,0.00735587014816984,0.0215477469304588,-0.359838888997618,0.11985236144308,-0.0664807552731676,-0.0103383278647138,0.11985236144308,0.11985236144308,0.560184662758933,-0.0215336263797007,-0.105301014537571,-0.953326067557451,-0.013955453967806,0.0677281446396492,-0.117429098893948,0.617705950750841,0.326804535448277,-0.689805044745858,1,-0.55919813035434,-0.1194025033665,-0.119071625819843,0.487298723384873,-0.685668989125335,1.47802730489207,-0.360032032645495,0.00393659007098975,0.368869418968863,2659.0000000001,1.81354498779671,0.210906920786657,2899.0000000001,1.1305151607064,2.94406014840311,0.0538077872726576,-0.109610744703995,0.192239789608658,-0.0101030669134883,0.87951452061394,1.3594336455336,0.99251297124382,0.730289699867986,1.18810900057823,0.0826633394354101,-0.473533348717121,-0.255554173997687,0.894496372867857,35.0000000001,31.307373046975,0.894496372867857,35.0000000001,31.307373046975,1.06266193273602,1.0144839449466,1e-10,-0.277784617988952,-0.695890881594096,-0.55459662948732,-0.474999739175168,0,-0.044053220261396,0,0,-0.0227070388776265,0.242774435856279,0.446771268462327,-0.954304306906576,0.261401253884186,0.261401253884186,1.11159696767042,-0.0175373473684637,-0.949396908969755,-0.83427209596721,-0.723090992739149,-0.880884771528958,0.276729593037207,0.607572194812749,0,2899.0000000001,0.0331456688418099,0.0206621183308477,0.227253149602143,4.53722512874216,4603.75712572518,0.001953125,161,1,"SNETWORK (1 137 4603.75712572518 0.227253149602143 13000356 161)",13
56,13000357,-0.604152880110626,80,0,0,0,0,0,-0.232637160974115,-0.0269399008719225,-0.375640554804622,-0.00723117882837933,0.97450796010867,-0.656873660553051,0.910289963838275,0.97450796010867,0.97450796010867,-0.153576755581957,0.209538612751601,0.38177907792508,0.293934945448943,0.0457064504680001,0.442037567785408,-0.329724348592432,0,0,-0.604152880110626,2,0.29258534521139,0.526083405983189,0.531705018986404,-0.0024217137527543,-0.591305790770828,0.984398661607314,-0.0074152529767797,1.20943592254763,0.315947545195493,7306.0000000001,3.69330042324516,0.153572423132232,6547.0000000001,1.60870184584588,5.30200226899104,0.0598757253726119,0.615896607187113,-0.537479199317461,2.27141919858487,0.577588367626336,0.400689215332866,-0.725099845388778,0.0582618994154292,-0.535389102512435,0.0710442969834079,-0.542647110370335,-0.581141364848269,1.89340164422313,67.0000000001,126.85791015635,1.89340164422313,67.0000000001,126.85791015635,5.23559266022006,2.50263648376672,1e-10,0.232799078129552,0.24454756729516,1.76189550131572,0.191646061504903,-0.0232557920329049,-0.145374652181789,-0.0247221470926318,-0.0137666363416772,-0.010171333593027,-0.336540916571949,0.516278416508916,-0.403647278254714,-0.330025566357755,-0.330025566357755,0.822943976465598,0.054122536979164,-0.710046710582198,-0.63745921917386,-0.109104446311672,-0.871830281437538,-0.0852376461634862,-0.361425433724049,0,7306.0000000001,0.0417085905041897,0.0181671347684222,0.815278657437201,0.0834375785835394,6207.38279507341,0.00048828125,30,1,"SNETWORK (1 56 6207.38279507341 0.815278657437201 13000357 30)",13
319,13000358,-0.179580597850378,21,0.849676501735058,0.527879359151426,0.423921895297046,0.422083328008158,0.425620192291929,0.863341902652353,0.876936997382701,0.538054753954767,0.778044266506289,-0.0139198580037299,0.366737640523967,-0.0437726515302283,-0.0139198580037299,-0.0139198580037299,0.27416974223836,-0.733350001255314,-0.54111185950432,0.422767533221191,-0.874990970905128,-0.604424467785202,0.699593179675348,-0.759818089809216,-0.694672009762475,-0.179580597850378,8,0.542129504550875,0.051058294115053,0.0511171790816418,-0.822472337095614,-0.19509304636436,-0.368114620714916,0.777932745477309,0.654065398254101,0.150195230027072,4435.0000000001,1.28961205998042,0.147699313793576,2070.0000000001,0.591913362624378,1.8815254225048,0.0302724637930227,0.0498890508237045,1.87693922095998,0.129548390440705,-0.615655268702728,-0.341917013457104,0.716070587310077,-0.420080685308761,0.75431096910475,0.164275169976449,0.716490455743963,1.60454910768351,0.23886969160641,39.0000000001,9.31591796885,0.23886969160641,39.0000000001,9.31591796885,0.102240134870602,0.0377421675069092,1e-10,-1.18520055145328,-1.37897445462431,-0.268829444998742,-0.695899913887678,0.877007873885224,1.00762971110728,1.11446852592804,1.12323690396323,1.18436031392693,-2.91679662381328,0.173468663155618,0.473368973447502,-1.95381236738353,-1.95381236738353,0.252769850497176,-0.405552340745758,0.414721797341265,0.649647627780232,0.920314184892637,0.117974616061081,0.0249288205469236,0.244715599226036,0,4435.0000000001,0.0207489804793162,0.00952348321370655,0.666279653316864,2.14858717204737,17324.465294843,1.16415321826935e-10,437,1,"SNETWORK (1 319 17324.465294843 0.666279653316864 13000358 437)",13
318,13000359,0.21102295047184,122,0.847990630531859,0.546799996361712,0.449959143780463,0.448153051499128,0.45024912066774,0.931449261514444,0.963120506314377,0.598374761229573,0.668847812287555,0.00103512707980417,0.390163309704175,-0.0859945518715168,0.00103512707980417,0.00103512707980417,0.125415242628999,-0.896082149363522,-0.745112764401258,0.00575811392640987,-0.976884001571344,-0.603050539930755,0.694143931109334,-0.735182512335809,-0.673195464551723,0.21102295047184,8,0.612356105262353,0.241022648269166,0.242276176770439,-0.723003591761374,0.197475796545106,-0.476965360697257,0.668689722090909,1.78955269652439,0.181805633275318,11477.0000000001,4.03966209035977,0.0957309791359384,5259.0000000001,0.974686594297279,5.01434868455705,0.0700145295287502,0.252852100755131,-0.610646094221233,-0.207047210691358,-0.497165222167481,-0.511148173191162,-0.0664136288859335,-0.586275175112345,-0.0591576023481544,-0.196247637695851,-0.14790968020256,-0.311738974418332,0.0781148275739583,72.0000000001,5.624267578225,0.0781148275739583,72.0000000001,5.624267578225,0.0589834629794422,0.201747768223215,1e-10,0.799771042886518,0.270683466527711,0.11019046261196,0.0567362226304465,1,0.867841683603147,0.975277852907368,0.986233363658323,0.989828666406973,-0.687158908607034,0.469669340355639,0.678995298016899,-0.637684386087268,-0.637684386087268,0.0850526717713354,0.391492796565756,0.248342073837633,0.296836789770778,0.847319145167354,-0.0689060237227607,1.80423134246413,1.72014970261095,2453852357.77259,11477.0000000001,0.0564051401485903,0.0136093892801599,0.379794626937474,3.7156374193728,17960.0014119206,5.82076609134674e-11,373,1,"SNETWORK (1 318 17960.0014119206 0.379794626937474 13000359 373)",13
56,13000360,-0.512285319633418,95,0,0,0,0,0,-0.212500624744828,-0.0219971612922592,-0.367087733883743,-0.0098648013850685,0.96833609055845,-0.65659314084011,0.914081709107363,0.96833609055845,0.96833609055845,-0.21278024427472,0.221140876326143,0.394549732212615,0.322341196362403,0.0531423192392163,0.442037567785408,-0.329724348592432,0,0,-0.512285319633418,2,0.0500940259589623,-0.590085590540316,-0.58110763560587,-0.890266907233266,-0.526713466352975,-0.175548328783779,-0.0100550699063619,0.0831424444206406,0.81520380925465,1771.0000000001,2.30996151371867,0.430734617392686,4731.0000000001,3.26048875915597,5.57045027277463,0.145000218768977,-0.459063591537955,-0.178728096285581,0.363542638942565,-0.157257577039995,-0.214162103821698,-0.260419512491159,0.105573622720421,-0.425731277040373,0.121075393888192,0.10824284338339,0.117523921214415,1.18570223731591,22.0000000001,26.08544921885,1.18570223731591,22.0000000001,26.08544921885,0.834607470059164,1.44831762159715,1e-10,0.313691306799683,0.185024535957862,-0.0607048425255347,0.45027836028657,-0.0232557920329049,-0.145374652181789,-0.0247221470926315,-0.0137666363416772,-0.0101713335930266,0.397596341927343,-0.432707612708523,0.281557594455168,0.439154289518393,0.439154289518393,-0.771495062664719,0.132879860965981,-1.46103758967685,-1.68549839030686,-1.73241470930652,-1.05497159897063,-0.917346032097153,-0.694753660571237,0,4731.0000000001,0.060128877953488,0.0848713407154886,0.92510695295304,0.659462864510715,6295.23540095569,0.00048828125,59,1,"SNETWORK (1 56 6295.23540095569 0.92510695295304 13000360 59)",13
137,13000361,0.316586017357381,115,-0.169336007143403,-0.45983907781187,-0.585138056887849,-0.587070912494495,-0.584419668319597,-0.0193055901003494,-0.0477645347738063,-0.477013727299945,-0.395286362140826,-0.0594047420383526,-0.0146121192924355,0.134822911266971,-0.0594047420383526,-0.0594047420383526,-0.502935186557739,0.145860236557387,0.049334958411672,-0.683465741688073,0.111509415158817,0.0244718896476977,-0.0463928842676715,0.415324305327625,0.335969349634022,0.316586017357381,1,-0.705962838685229,-0.666801871684026,-0.655140919957757,-0.0348606190835438,0.30128702588414,-0.0038016705602427,-0.390961253046452,-0.603431111104476,0.227312329618769,5029.0000000001,2.113693310079,0.0947026909736337,165.0000000001,0.0288923993755723,2.14258570935457,0.059097337931753,-0.505413631270172,1.85543582364962,2.67610832476627,0.25874075154854,-0.340559827482867,-1.63716602779233,0.306563323810835,-2.92381598770219,-0.41387759381482,-0.611128492590056,-0.284701446566913,0.417790339643269,26.0000000001,10.862548828225,0.417790339643269,26.0000000001,10.862548828225,0.779003934463305,0.9405390775427,1e-10,0.247457536110029,0.124498687819668,0.154503257940412,0.0359601202843873,1.03276561575505e-16,0,-0.0247221470926318,-0.0137666363416776,-0.0101713335930266,-0.379670030571665,0.00713609252413564,-0.551026370845502,-0.369779859706231,-0.369779859706231,0.65938690479218,0.372594507883461,0.195365787702935,0.187534498401909,0.429176024654748,0.0731519205377705,1.34204872640697,1.49393682762781,4.21174650205364,5029.0000000001,0.0583004204093212,0.000796917422431813,0.475403883812718,0.683749336691108,5034.78541192998,0.001953125,117,1,"SNETWORK (1 137 5034.78541192998 0.475403883812718 13000361 117)",13
56,13000362,-1.09862438736148,16,0,0,-0.0539298651555209,-0.0526282971591558,-0.0497659234028937,-0.322310499815675,-0.0525245752557668,-0.462508993757346,0.00784350797145949,1.01045114353528,-0.674253173492329,0.910535924730067,1.01045114353528,1.01045114353528,0.0941520527719297,0.152101421837209,0.319245366428057,0.120827499653166,0.0131050753097138,0.396949460069245,-0.3182243350896,0.145121969788322,0.0313608172450206,-1.09862438736148,2,1.03706711463234,-0.162375260699781,-0.161757167397658,-1.3727538861944,-1.10373363918328,0.814706222377719,0.00765487823897754,2.24372809834782,0.501825712138085,6874.0000000001,5.51927991137503,0.0687046142060613,4210.0000000001,0.462794280718039,5.98207419199306,0.112908328161119,-0.146763315411749,-0.951899221072317,-1.14606896273388,0.494748879086608,0.601431926334672,0.0506424643691967,0.460698099869063,0.0694532574863119,0.516248113618673,0.751078240478373,0.820786294747002,0.4260986329125,40.0000000001,17.0439453126,0.4260986329125,40.0000000001,17.0439453126,0.439742400594728,0.316672745145399,1e-10,-0.739421051057982,-0.943878044423906,-0.72250818420374,-0.613325179547802,-0.0232557920329049,-0.145374652181789,-0.0456386537822686,-0.0156235779160853,-3.8573928898018e-16,-0.785508956041693,-0.593960242322094,0.03336426400727,-0.717897507315882,-0.717897507315882,1.04182393949732,0.655727198729616,0.0287725818139041,-0.126307879303827,-0.525226795539274,0.335863902612034,-0.321907577526234,-0.12769019558824,0,6874.0000000001,0.104173343040096,0.00873498502102246,0.340368852848905,0.976517225844509,5827.4983245354,0.00048828125,25,1,"SNETWORK (1 56 5827.4983245354 0.340368852848905 13000362 25)",13
328,13000363,0.83292683721027,271,0.833942087661095,0.661934694919581,0.679648502105189,0.676245639047415,0.674971766192546,0.854971869465342,1.0223997781419,0.254740733640279,0.089994741207031,-0.0507359500803361,0.257493544467207,-0.277655537976386,-0.0507359500803361,-0.0507359500803361,-2.98404416463541,-0.099064030684044,0.0192132017833699,1.06984509031937,-0.350861361141314,-0.560339494672534,0.667148486569063,-0.788859635579387,-0.682989322922567,0.83292683721027,8,-0.0420291376450088,-0.607624396999204,-0.598067715380883,-0.813311246857068,0.81847927619483,-0.153979522873215,0.0898066244649925,-0.0426801407976018,0.186569763452666,4332.0000000001,1.56472863454571,0.0832040899940142,340.0000000001,0.0547687607093987,1.61949739515511,0.042717453667573,-0.469891772626269,0.803793287292081,2.21722162379981,-0.297672709049763,-0.595617962429318,-0.82536485753624,0.13652032854539,-1.4018898258333,0.284509156720924,-1.78368580975925,-2.16644503602897,0.340738932391667,33.0000000001,11.244384765725,0.340738932391667,33.0000000001,11.244384765725,0.186461098949545,0.189505276231499,1e-10,-0.542574044366996,-0.494446581678182,-0.079743753495202,-0.386505484945592,1,0.955946779738604,1.27717508738715,1.28529677079185,1.31366454417867,0.0824638068187903,0.704914976349846,-0.0672760043617921,0.086495001835314,0.086495001835314,-0.704769553170995,-0.347321242134537,-0.583781015031848,-0.419484912314888,0.27918033911309,-0.899916390947459,1.87567618526674,1.13752747193588,0,4332.0000000001,0.0412728189572123,0.00144463461036064,0.246726439527411,0.236511481925845,18879.8824184681,2.91038304567337e-11,478,1,"SNETWORK (1 328 18879.8824184681 0.246726439527411 13000363 478)",13
140,13000364,-0.402368818895756,115,0,0,0,0,0,-0.132435598224301,-0.0134976607674534,-0.480410716369886,-0.0313760833772045,0.976883495258318,-0.704675885486799,0.952059158524247,0.976883495258318,0.976883495258318,-1.2656692899778,0.286535707568827,0.464195910853626,0.472443876371864,0.0963586031537546,0.45221133369877,-0.305856068890666,-0.190739766812213,-0.0312046492625428,-0.402368818895756,2,0.0858993890127378,-0.407184975936516,-0.403079741748026,-0.0574878277819122,-0.414582574388343,0.119153543986332,-0.0315666892491593,-0.526606668565168,0.968778540063662,3239.0000000001,5.02059790560345,0.304556547394373,4063.0000000001,1.97986120274959,7.00045910825304,0.158776438779375,-0.337418615518973,0.25047949012393,0.940696778264347,0.566983615350814,0.030199883538137,-1.7001643871247,0.218121921826465,-2.50010668728967,0.21412021536738,-0.244180466555905,-0.251355125970056,1.01154436393929,28.0000000001,28.3232421876,1.01154436393929,28.0000000001,28.3232421876,0.932337481041262,1.18886010460027,1e-10,0.774056789571209,0.436929100272188,0.189187771050942,0.952564389625753,-1.03276561575505e-16,-1.25205827329644e-15,0.122805392849748,0.143020527359462,0.151870954042014,0.481653853879539,-0.800894805658011,0.62280284182013,0.539457667921271,0.539457667921271,-0.773791170033332,0.582925461470603,-1.96186992442924,-2.31195457820495,-2.46366587064677,-1.35642879731135,-0.90957854385253,-0.981144196253907,8314064417.53999,4063.0000000001,0.113871482307292,0.0449049563720835,0.0518684284280069,0.87187282089144,6407.14855273293,0.000244140625,291,1,"SNETWORK (1 140 6407.14855273293 0.0518684284280069 13000364 291)",13
318,13000365,-0.0577448550350863,53,0.849676501735058,0.527879359151426,0.449959143780463,0.448153051499128,0.45024912066774,0.909857371803645,0.947326800730666,0.500884101835775,0.684538438855279,0.017033476647704,0.388823186131489,-0.0889016481025321,0.017033476647704,0.017033476647704,0.155600061177784,-0.835592854724113,-0.674529490203207,0.116239477835995,-0.933228687988798,-0.604424467785202,0.699593179675348,-0.759818089809216,-0.694672009762475,-0.0577448550350863,8,0.429309838698702,0.211258214053124,0.212227541346908,-0.547257130481643,-0.0721632132751537,-0.103942090995716,0.684379104069867,-0.383578937887048,0.383529983941263,10656.0000000001,7.91230200593149,0.0716006099814963,3324.0000000001,0.460773037797742,8.37307504362924,0.119535352554102,0.219148711915358,0.197481283957362,0.688121303381975,-0.0688009814177177,-0.23568587718606,-0.572847363314592,-0.309177257936616,-0.531096002375947,0.267938872155962,-0.483463157495286,-1.02163240812804,0.578150256026724,58.0000000001,33.53271484385,0.578150256026724,58.0000000001,33.53271484385,1.76906673500495,1.17944062660274,1e-10,0.275674327200429,-0.179181846578976,-0.15705446875733,-0.337595612364542,1,0.867841683603147,1.15216222552792,1.16418216806137,1.17853025420361,-0.837969170941233,0.501177450382076,0.303223824418452,-0.759650740279975,-0.759650740279975,0.442263642299003,-1.16490298318961,0.809171569968043,1.01871708828782,1.40883935985134,0.400009197967165,1.59911657358374,1.2385172282721,0,10656.0000000001,0.112957283205205,0.006578069248897,0.0164041782384617,0.485606228789436,17529.3486504855,5.82076609134674e-11,307,1,"SNETWORK (1 318 17529.3486504855 0.0164041782384617 13000365 307)",13
318,13000366,0.319580079907039,150,0.847990630531859,0.546799996361712,0.449959143780463,0.448153051499128,0.45024912066774,0.941204472436068,0.9662058026842,0.616617766578345,0.659688477753607,-0.0081919520051022,0.385514940379419,-0.0945123878259275,-0.0081919520051022,-0.0081919520051022,0.0716528096860225,-0.924617145130651,-0.774970960405383,-0.0355759308476971,-0.998878055736241,-0.603050539930755,0.694143931109334,-0.735182512335809,-0.673195464551723,0.319580079907039,8,0.688617272752429,1.06067340632758,1.08116934508865,0.100913706307562,0.302608180256909,-0.573660395091277,0.659523727558058,0.705892033524589,0.199501791834877,3207.0000000001,1.23866846750416,0.24992118364745,1603.0000000001,0.775614488064713,2.01428295546888,0.015298533639109,1.54037035834397,-2.21124710409489,-2.2685277077769,-0.59205384053118,-0.629549830106458,-0.123975254347832,-0.895083943869077,-0.0677884243013926,-0.954025508462564,0.158467899769712,0.323614700263756,0.0123758762682243,107.0000000001,1.3242187501,0.0123758762682243,107.0000000001,1.3242187501,0.362441224550629,0.336559320656035,1e-10,-1.28771108607581,-1.31420221243558,0.0423741235063847,-0.631863806100412,1,0.867841683603147,0.975277852907368,0.986233363658323,0.989828666406973,0.247376346972209,0.752626785191294,0.454427737723163,0.266557352967601,0.266557352967601,1.23501246697528,-0.33434942877802,0.0564452397117928,0.0954382745612077,0.953624135179699,-0.381679127194813,-0.0490409222434168,2.09642468596153,0,3207.0000000001,0.00940772052005424,0.00589081301905471,0.521788361449755,7.86387796787338,18128.2776946163,5.82076609134674e-11,351,1,"SNETWORK (1 318 18128.2776946163 0.521788361449755 13000366 351)",13
137,13000367,0.50235526786008,141,-0.166057912338905,-0.453200003638288,-0.550040856219537,-0.551846948500872,-0.54975087933226,-0.0247011940247419,-0.0552608299173229,-0.674650637936037,-0.405840054326774,-0.108468043442815,-0.00359274658135356,0.134831740486993,-0.108468043442815,-0.108468043442815,-1.17284439605446,0.157801780803921,0.046552966422176,-0.689743147128571,0.123769560189353,0,0,0.264817487664191,0.333376028400019,0.50235526786008,1,-0.442605632298447,-1.75539263094153,-1.65247117647353,-1.32805955333629,0.488767215795325,-0.267948125665,-0.405887444977998,2.08219319398636,0.0788183314216273,327.0000000001,0.0476554235918207,0.0729685794497733,70.0000000001,0.00944433274930417,0.0570997562411249,0.00362899427642048,-0.945423350926369,-0.731782540594914,1.35806428286174,-0.497886562769819,-0.370399233825985,0.322673154798594,0.906346639903751,1.39710200829753,0.106938330529481,1.97467832650143,0.944028383047972,0.5645751954125,2.0000000001,1.129150390725,0.5645751954125,2.0000000001,1.129150390725,0.255296463437918,0.522972835815522,1e-10,-1.16590984166584,-0.93595328112636,0.0538803183847445,-0.532721478403303,0,0,-0.0247221470926318,-0.0137666363416776,-0.0101713335930273,0.535950964298019,-0.824573273089286,0.921143788226267,0.605714451717496,0.605714451717496,0.791079599792425,-0.960184757613728,1.59948278333454,1.7208186873206,0.739123840621606,1.80650712177809,-0.45517107720042,0.534084535887826,36.647924182691,327.0000000001,0.00302875644335916,0.000600237733061314,0.566286262810501,1.64896875351667,5192.6446106555,0.001953125,198,1,"SNETWORK (1 137 5192.6446106555 0.566286262810501 13000367 198)",13
137,13000368,-0.0107958327190687,87,-0.169336007143403,-0.45983907781187,-0.612877153222713,-0.614349237474709,-0.609405455638136,-0.00498762405859112,-0.0224927726692662,-0.235850142978691,-0.381349186273898,0.00333772648027318,0.00499526077653895,0.0464618626172621,0.00333772648027318,0.00333772648027318,0.249992957587332,0.0817739582340208,-0.00553649605462354,-0.762132704684476,0.0602747846043816,0.0677281446396492,-0.117429098893948,0.617705950750841,0.326804535448277,-0.0107958327190687,1,-0.205465225871241,0.506104518722292,0.511329001015492,0.81280966580495,0.0167376245990498,1.82871770845102,-0.381557602774106,-0.134992070710822,0.101654994081965,956.0000000001,0.179690019586621,0.158757271043653,2422.0000000001,0.710959903341028,0.890649922827649,0.0102086802585798,0.587898901290614,-0.185834359596508,-0.438900744279667,1.62514739698711,1.91779294104598,0.314316269714275,0.377666507605251,0.23290707693947,-0.313958728127467,0.279971368199784,0.146091866392414,0.36944580088125,48.0000000001,17.7333984376,0.36944580088125,48.0000000001,17.7333984376,0.469852541442801,0.232272293734958,1e-10,-0.619926337441079,-0.461528030497181,1.75249525700659,-0.24476444307478,0,-0.0440532202613954,-0.021853818904543,-0.012169403887979,-0.0116257679690625,0.862990496373025,-0.706678464139589,0.406368783457797,1.03038106216348,1.03038106216348,-0.973619058508934,0.515982970582033,-1.38676521166033,-1.62136281014719,-1.78152548813192,-0.929848429435674,-0.72246028360356,0.32045546863907,0,2422.0000000001,0.00205961724109285,0.00814906291748691,0.38053792574847,3.23783666794807,4870.00688949809,0.001953125,205,1,"SNETWORK (1 137 4870.00688949809 0.38053792574847 13000368 205)",13
56,13000369,-1.21340384296906,4,0,0,-0.0539298651555209,-0.0526282971591558,-0.0497659234028937,-0.323659641781947,-0.0529461721889036,-0.457611143366578,0.00802371097309498,1.0103374146104,-0.673952556665792,0.910182005095186,1.0103374146104,1.0103374146104,0.0956069721818366,0.151271795580745,0.318262562763149,0.118162381201618,0.0126579100284756,0.396949460069245,-0.3182243350896,0.145121969788322,0.0313608172450206,-1.21340384296906,2,0.466255315054042,0.483818592413277,0.488615401779907,-0.297235741266051,-1.21063774181968,0.421386538597812,0.00784280353022173,0.513740157436233,1.15477774569327,212.0000000001,0.391700611404907,0.0814996196527223,13.0000000001,0.0016951921866952,0.393395803491602,0.00458448191138758,0.557149591145486,2.72854922917373,2.95333162445771,0.594279285762739,-0.0575543435368999,-1.77585165735582,-0.163307753498559,-1.3496340479652,-0.177937119925423,-0.632412338800371,-0.692220116061411,1.24738103703182,11.0000000001,13.72119140635,1.24738103703182,11.0000000001,13.72119140635,0.294629434255391,1.54020567647154,1e-10,-1.35665390322372,-1.51560866201025,-0.853872568652574,-0.722197477302221,-0.0232557920329049,-0.145374652181789,-0.0456386537822689,-0.0156235779160857,0,-3.39961677446279,0.0793607428287859,-0.109464078537641,-2.13382445066416,-2.13382445066416,0.864904134387697,-0.680756635910686,0.41221093247237,0.100381055840508,-0.227462913316906,0.700430847685499,-0.244503231411791,0.922769123802504,0,212.0000000001,0.00456472670159418,1.97551097933959e-05,0.260830076647581,0.927832975052297,5763.87456778715,0.00048828125,3,1,"SNETWORK (1 56 5763.87456778715 0.260830076647581 13000369 3)",13
137,13000370,0.672460262683616,166,-0.166057912338905,-0.453200003638288,-0.550040856219537,-0.551846948500872,-0.54975087933226,-0.01669716648734,-0.0454956043712528,-0.703925973438089,-0.422109037340548,-0.18742372593435,-0.0173045852862411,0.191420494684732,-0.18742372593435,-0.18742372593435,-3.26741208441724,0.183268611844828,0.0355595396675586,-0.702646938470319,0.149861081798262,0,0,0.264817487664191,0.333376028400019,0.672460262683616,1,-1.25286436114776,-0.844020222486718,-0.824586308396635,0.670392692884834,0.664060164887476,1.50206974449387,-0.422155045997177,-0.747798193089979,0.109039445878077,435.0000000001,0.0877021494449148,0.0816835408796237,889.0000000001,0.134268352755638,0.221970502100553,0.00700131531593123,-0.602998196606338,-0.190211091329045,-0.179063173618656,1.50451321137187,1.39443226974786,-0.795481556509961,1.37146356762254,-1.6119212724892,0.444994262506373,-0.514740218310404,-0.22474603337242,0.64880859385,25.0000000001,16.22021484385,0.64880859385,25.0000000001,16.22021484385,1.01298659767541,1.28470624871509,1e-10,0.265181108251925,0.750562007619057,1.72599373345734,1.2090940389889,0,0,-0.0247221470926322,-0.0137666363416776,-0.010171333593027,-0.253850527394092,-0.331138387417959,0.526593458551448,-0.252236329218907,-0.252236329218907,0.0556749827590628,0.744611094799959,0.140202626794954,0.145865311196184,-0.0276813511647609,0.23202407917728,-0.39956897344157,-1.09328799011822,0,889.0000000001,0.00276627023475802,0.00423504498117321,0.646107181477478,0.52724502214854,5331.29047799807,0.001953125,245,1,"SNETWORK (1 137 5331.29047799807 0.646107181477478 13000370 245)",13
56,13000371,-0.990659366645146,31,0,0,-0.0539298651555209,-0.0526282971591558,-0.0497659234028937,-0.321078492476557,-0.0514659356442891,-0.469259034241079,0.00693642054883713,1.01018608798537,-0.672933846622177,0.910609188439706,1.01018608798537,1.01018608798537,0.0823880345497037,0.153806820275103,0.321169379044917,0.126465768049254,0.0140095023186266,0.396949460069245,-0.3182243350896,0.145121969788322,0.0313608172450206,-0.990659366645146,2,0.522721553462225,0.647248030745809,0.655546221986419,-0.181348050785641,-1.00036625165787,-0.224576911619848,0.00674742065357216,0.512195977044313,0.624430516832986,7521.0000000001,7.51414706625172,0.0462408749129961,12880.0000000001,0.952931948245421,8.46707901439714,0.0873855739676322,0.794792224353818,-0.113165929936477,-0.10913186873195,-0.259466234385673,-0.0322863852669344,0.556638139919535,-0.579092680107754,0.37106720063504,-0.818076756079646,0.0636949352963455,0.0689726570431694,0.297420887564888,89.0000000001,26.470458984475,0.297420887564888,89.0000000001,26.470458984475,0.851421808627652,0.12497077007334,1e-10,-0.144791589126027,-0.154577364785656,-0.222675002416546,-0.161794860065471,-0.0232557920329049,-0.145374652181789,-0.0456386537822686,-0.0156235779160857,0,0.143360384522969,-0.817630522705543,0.381562077003092,0.151869480798602,0.151869480798602,-0.0359166855675334,0.714334506488428,-0.830223722782041,-1.02924318773287,-1.15421774496163,-0.500288546623432,-1.12287706520547,-0.342960035616045,0,12880.0000000001,0.07755071759608,0.00983485627155221,0.447737679340223,3.01031372553451,5913.3835798194,0.00048828125,49,1,"SNETWORK (1 56 5913.3835798194 0.447737679340223 13000371 49)",13
318,13000372,0.229384560503475,127,0.847990630531859,0.546799996361712,0.449959143780463,0.448153051499128,0.45024912066774,0.933903886841602,0.964167827327382,0.609969124145898,0.667343987056238,-0.000986739792037956,0.391284714254286,-0.0861129899769034,-0.000986739792037956,-0.000986739792037956,0.109019562954447,-0.900527792654603,-0.749597467995764,0.00331589432096774,-0.980828918528224,-0.603050539930755,0.694143931109334,-0.735182512335809,-0.673195464551723,0.229384560503475,8,0.754960931646775,0.566158414005775,0.572615037848879,-0.565213635300898,0.21640718211423,-0.495857693802348,0.667175651512981,1.7794732244818,0.140917982118512,2300.0000000001,0.627485324400123,0.115341613612895,6897.0000000001,1.54012357962631,2.16760890392643,0.0237604022143843,0.673311419645635,0.148622511948894,-0.347394664130539,-0.520046177633506,-0.106670022588482,1.13716655602492,-0.715415969574864,0.809605247047516,-0.463562391323117,0.529275211036694,1.09764947303213,0.320570018293493,73.0000000001,23.401611328225,0.320570018293493,73.0000000001,23.401611328225,0.717397562713953,0.159457961855313,1e-10,0.663716891087048,0.315265410746271,2.04535073958146,0.122348514943658,1,0.867841683603146,0.975277852907367,0.986233363658323,0.989828666406973,-0.753117034457788,0.470956475047062,0.645141501379274,-0.691760477868579,-0.691760477868579,0.0701275569828927,0.385011014523011,0.220642558449761,0.254258066552445,0.745122473474793,-0.0540593958988182,1.94177889336032,1.68379941306847,10051096831.6668,6897.0000000001,0.00687822586441986,0.0168821762499644,0.401365900819705,4.70222660992295,17985.5654538438,5.82076609134674e-11,342,1,"SNETWORK (1 318 17985.5654538438 0.401365900819705 13000372 342)",13
137,13000373,-0.621428101066579,43,-0.169336007143403,-0.45983907781187,-0.612877153222713,-0.614349237474709,-0.609405455638136,-0.00599741329194396,0.00743523272072579,0.0207932412407639,-0.360066686598957,0.117585669879317,-0.0658466678638439,-0.0103062727745191,0.117585669879317,0.117585669879317,0.559766899479601,-0.0201562605955285,-0.104044469629878,-0.950661723489601,-0.0129813071921455,0.0677281446396492,-0.117429098893948,0.617705950750841,0.326804535448277,-0.621428101066579,1,-0.970999569602553,-0.727637150799915,-0.713562434783709,0.318716650595278,-0.621185591880888,1.8973520159728,-0.360260661405935,-0.507668637201087,0.26848408935284,1094.0000000001,0.543091768671354,0.211615424719421,1150.0000000001,0.449968907242679,0.993060675814034,0.0286799253910575,-0.540354775376749,0.412879578521939,-0.392408019204204,1.83423478553708,2.01394112490215,-0.0540652845090276,1.43334802565924,-0.0824224255111874,0.678404499537426,2.10684919065722,1.14866371846449,0.090869140725,15.0000000001,1.363037109475,0.090869140725,15.0000000001,1.363037109475,0.245082045968919,0.182746603607397,1e-10,-0.110165306609401,-0.155781486858744,-0.302371827398621,0.0228113385771163,0,-0.044053220261396,-3.42243995575329e-16,-3.57648972802931e-16,-0.0227070388776265,0.687571359885331,-0.393329268014796,0.285272739136205,0.797016401075154,0.797016401075154,0.5754539622245,0.250048890046118,-0.791514440473313,-0.864866894185234,-0.847048917540541,-0.604924162295813,-0.605956508865802,0.922696110247337,0,1150.0000000001,0.0156846723767562,0.0129952529143013,0.242868513906126,1.17512749414891,4630.88041325371,0.001953125,215,1,"SNETWORK (1 137 4630.88041325371 0.242868513906126 13000373 215)",13
328,13000374,0.80156671183337,263,0.833942087661095,0.661934694919581,0.679648502105189,0.676245639047415,0.674971766192546,0.84650301714003,1.01726633569305,0.274527584254173,0.0926547869725211,-0.0453081299246734,0.247620608894385,-0.270129130379327,-0.0453081299246734,-0.0453081299246734,-1.04686034608027,-0.110301436841044,0.00936584076748573,1.03110814400789,-0.356605664458017,-0.560339494672534,0.667148486569063,-0.788859635579387,-0.682989322922567,0.80156671183337,8,0.150717153328252,0.570637215573715,0.577190300303134,0.279139459864027,0.78650725817758,-0.677516818229133,0.0925124204051251,1.53807112560574,0.347322317445209,7817.0000000001,5.25632395432359,0.0703391305986343,2477.0000000001,0.337312413275248,5.59363636749884,0.0611112819125229,0.679833850588678,0.207719089729243,0.659176526853375,-0.598378678016022,-0.738550583055865,-0.383838398146828,-0.841385157310186,-0.275591371401597,-1.30875614428237,-0.356919070530124,-0.43608770656255,0.020126953225,50.0000000001,1.00634765635,0.020126953225,50.0000000001,1.00634765635,0.260659565720702,0.288137143580202,1e-10,0.0325573273466323,0.0114262262495218,-0.255740087885115,-0.0518728426776839,1,0.955946779738605,1.27717508738715,1.28529677079185,1.31366454417867,-0.226772646895341,0.563873440795919,-0.385917010153548,-0.226307603639897,-0.226307603639897,-0.0887857928173342,-0.251130116154974,-0.476221595517581,-0.460253064190754,0.295494883295996,-0.763344407179671,1.01514276100662,0.393657916802542,0,7817.0000000001,0.0574260951849909,0.00368518662753197,0.189765922397674,5.72596351645639,18837.2005992657,2.91038304567337e-11,471,1,"SNETWORK (1 328 18837.2005992657 0.189765922397674 13000374 471)",13
319,13000375,-0.206311670799797,15,0.849676501735058,0.527879359151426,0.423921895297046,0.422083328008158,0.425620192291929,0.863709360797308,0.875108186693771,0.53455488278623,0.779755538544589,-0.0142782390649691,0.365616917551558,-0.0449460689541064,-0.0142782390649691,-0.0142782390649691,0.254634951543961,-0.724745627429864,-0.532110847479346,0.43711902291054,-0.868603388334158,-0.604424467785202,0.699593179675348,-0.759818089809216,-0.694672009762475,-0.206311670799797,8,0.216138756646,0.470512489155169,0.475061747956592,0.0400519807922101,-0.218158328369475,-0.437357445579421,0.779602736602558,0.485869467988053,0.277073426850304,4942.0000000001,2.65098297481283,0.141543359044597,4311.0000000001,1.18134525716057,3.83232823187341,0.0451046716592605,0.539029085308928,0.414478433630677,0.324164834977183,-0.42882256916748,-0.402168494293155,0.0313554586677953,-0.64374009759633,0.0226355993786589,-0.233292156973536,0.0662762480491248,0.145436576044034,0.185521619173276,58.0000000001,10.76025390635,0.185521619173276,58.0000000001,10.76025390635,0.165317894522587,0.0417349079565089,1e-10,0.647731213943585,0.450102666136285,0.113149242452225,-0.0927637561022979,0.744186065853319,1.15858997967623,1.22067533481753,1.23157994773987,1.27487360808814,-2.11159852838478,-0.115956444985145,-0.394293330836228,-1.58337359192003,-1.58337359192003,0.184945320566574,-1.21270812446559,1.45036509998142,1.34446968545204,1.13002634722812,1.406102116507,-0.279448319181205,0.531474371262561,1.83462624495928,4942.0000000001,0.0312008025284103,0.0139038690308502,0.599291437987546,3.31984814624809,17287.241062822,1.16415321826935e-10,448,1,"SNETWORK (1 319 17287.241062822 0.599291437987546 13000375 448)",13
318,13000376,0.475463200337348,184,0.826606769083661,0.576140491778701,0.449959143780463,0.448153051499128,0.45024912066774,0.944352281477909,0.961531977516377,0.575644919011519,0.638960208986246,-0.0339855508125015,0.356199213108828,-0.103322062050632,-0.0339855508125015,-0.0339855508125015,-0.293602535843005,-0.900041015363838,-0.752198454714356,-0.0278046873592428,-0.976322599569941,-0.603050539930755,0.694143931109334,-0.735182512335809,-0.673195464551723,0.475463200337348,8,-0.863272499165735,-0.462828588522488,-0.457458963506513,0.519231263088881,0.464065065860951,0.21049587953232,0.638808944275515,-0.708354361780864,0.175021600110449,1271.0000000001,0.430671885779944,0.28448532216444,449.0000000001,0.247295108884564,0.677966994564508,0.0160341589788769,-0.37617235041415,0.0468851921284743,-0.455116564046261,0.102204988509145,0.506645621055281,0.976838787879125,0.322593226294253,1.51788046337581,0.990523160718208,1.47617370804909,3.00251735877911,0.358720703225,25.0000000001,8.968017578225,0.358720703225,25.0000000001,8.968017578225,0.0870464554412447,0.216294220774559,1e-10,-0.215841820671849,-0.340314836956911,-0.355157337494169,-0.172709376131077,1,0.955946779738605,0.975277852907368,0.986233363658323,0.989828666406973,0.555587465289606,-0.930720969025113,-0.173723919411728,0.62996426037674,0.62996426037674,-0.138953432922761,-0.0359845836840249,-0.000838658419517406,-0.189832758677867,-0.612062485927654,0.340295037466909,-0.623362275108517,-0.426326581751787,0,1271.0000000001,0.0101855422108152,0.00584861666806175,0.703475846380156,0.733441393822432,18343.594903375,5.82076609134674e-11,369,1,"SNETWORK (1 318 18343.594903375 0.703475846380156 13000376 369)",13
328,13000377,0.762596559899996,254,0.833942087661095,0.661934694919581,0.584902015722838,0.581791403280787,0.581496445193316,0.835733990695832,0.996952810879209,0.489691100578548,0.101486211126444,-0.0408219479665362,0.222785087858418,-0.25019570374358,-0.0408219479665362,-0.0408219479665362,0.723054897006905,-0.123110944326194,0.000238736627905334,1.00137596828171,-0.365029612572657,-0.560339494672534,0.667148486569063,-0.788859635579387,-0.682989322922567,0.762596559899996,8,0.243824699118784,0.27990146418234,0.281577855076376,-0.23667150510008,0.746578326726228,-0.552232490803866,0.101321274821166,0.121296788062485,0.271924452866715,4143.0000000001,2.1810846340014,0.155185684844662,2851.0000000001,0.856560800995237,3.03764543489664,0.041202746799436,0.298001681719547,0.291709829020121,-0.542173006994665,-0.534755450643487,-0.517588258255248,0.030464850502442,-0.659170557779703,0.0276842635643045,-0.855952273057415,-0.0749510190551815,-0.0934413009238641,0.2073974610375,30.0000000001,6.221923828225,0.2073974610375,30.0000000001,6.221923828225,0.0328823210544829,0.00914464084849406,1e-10,-0.425148305066328,-0.331234092613749,-0.38897871283947,-0.281844906331784,1,0.955946779738605,1.27717508738715,1.28529677079185,1.31366454417867,-0.167841690177942,0.358412333288896,-0.88828696588836,-0.16908611272503,-0.16908611272503,0.279917572232873,-1.2447675892601,0.313631282829497,0.326188038836717,0.772256076459468,0.0573611053198016,0.469778787277577,0.270434121259256,0,4143.0000000001,0.0295843210241843,0.0116184256752517,0.114328606022383,2.63987023068973,18780.6736914901,2.91038304567337e-11,462,1,"SNETWORK (1 328 18780.6736914901 0.114328606022383 13000377 462)",13
137,13000378,-0.324416322500234,61,-0.169336007143403,-0.45983907781187,-0.612877153222713,-0.614349237474709,-0.609405455638136,0.0247243620993141,0.0144948455964695,0.0133340404863609,-0.363295734009866,0.0856744302557523,-0.0289332880644635,-0.0166405868987043,0.0856744302557523,0.0856744302557523,0.504328339983042,0.00292657864871839,-0.0804313685488465,-0.8953240244915,0.00196843333543459,0.0677281446396492,-0.117429098893948,0.617705950750841,0.326804535448277,-0.324416322500234,1,-0.148844450615259,0.207130726403907,0.208063392959427,0.25828416152826,-0.334523407608357,-0.0347876072539577,-0.363433070099785,-0.169101089697199,0.125438559155328,95.0000000001,0.0220339321775061,0.0972708902618645,857.0000000001,0.154134925558377,0.176168857635883,0.00252276767026798,0.214532959497329,0.47894417080809,0.570002965262432,-0.0477383881274398,-0.0858778686199269,-0.227443607591267,-0.2626443417547,-0.210484006469738,-1.00840610792917,1.21175637778739,0.656485414517366,0.177606491915476,21.0000000001,3.729736328225,0.177606491915476,21.0000000001,3.729736328225,0.141722376924574,0.0535267335295162,1e-10,0.628181092764421,0.0792245588378807,-0.0740353932975291,0.0450320092259762,-1.03276561575505e-16,-0.0440532202613966,-3.42243995575329e-16,-3.57648972802931e-16,-0.0227070388776265,0.223911899583275,0.430754498551111,-0.637644988246074,0.24034724192605,0.24034724192605,0.131986757018519,-0.37472005020887,-0.172093255903346,-0.142944020306452,0.149492084951395,-0.279116677732189,1.39807868330367,1.36598872613938,0,857.0000000001,0.000315529600793929,0.00220723796947405,0.29892857895497,3.07553102983885,4728.2545912484,0.001953125,143,1,"SNETWORK (1 137 4728.2545912484 0.29892857895497 13000378 143)",13
328,13000379,0.750209214306881,252,0.833942087661095,0.661934694919581,0.584902015722838,0.581791403280787,0.581496445193316,0.835733990695832,0.996689355514279,0.489017812407926,0.101564988394918,-0.0406182985132522,0.223050114035566,-0.250474021199898,-0.0406182985132522,-0.0406182985132522,0.702202722399263,-0.12277300467687,0.000516165394336566,1.00137933558226,-0.364705457659379,-0.560339494672534,0.667148486569063,-0.788859635579387,-0.682989322922567,0.750209214306881,8,0.404086726386712,0.439771911934479,0.443771889488201,-0.265571986133146,0.738002515274456,-0.520857861395493,0.101380032248472,0.637783476597991,0.325006639523898,2927.0000000001,1.84172285322206,0.0884071171857539,2937.0000000001,0.502690290466984,2.34441314358904,0.0282309219312161,0.497837636214899,-0.340255744301759,-0.190519169944722,-0.518596553254316,-0.55621874353434,-0.127988244904388,-0.690842007265461,-0.101469672867252,-0.923276587385565,-0.110954990792469,-0.137934556378004,0.112056408998305,59.0000000001,6.6113281251,0.112056408998305,59.0000000001,6.6113281251,0.0158760623247812,0.151182162037474,1e-10,-0.157174339824469,-0.46409455544412,-0.41288777793388,-0.344170003218177,1,0.955946779738605,1.27717508738715,1.28529677079185,1.31366454417867,0.529397670777012,0.448244591207666,-1.05398524504977,0.597655792632405,0.597655792632405,0.802035288959566,-1.69237766067102,0.576602916914138,0.540539747832079,0.706807936688699,0.445028412452204,0.286382052749226,0.298853381501064,0,2937.0000000001,0.0221776328313339,0.00605328899988228,0.100521282559986,4.53152532205988,18770.3275479965,2.91038304567337e-11,461,1,"SNETWORK (1 328 18770.3275479965 0.100521282559986 13000379 461)",13
318,13000380,0.519955526094852,194,0.826606769083661,0.576140491778701,0.449959143780463,0.448153051499128,0.45024912066774,0.945789972999837,0.963279046403554,0.590548764844481,0.637603598775391,-0.0367218577101214,0.358734806436847,-0.103881829851402,-0.0367218577101214,-0.0367218577101214,-0.306952346036431,-0.902607517229201,-0.755387459168326,-0.0267785104086144,-0.978919863143855,-0.603050539930755,0.694143931109334,-0.735182512335809,-0.673195464551723,0.519955526094852,8,-0.410776116144587,-0.000231151286566546,-0.000231153091752381,0.610548503022088,0.505434703380397,-0.24061781701436,0.637758696294142,-0.276926384322513,0.0925380589037851,3887.0000000001,0.696376724926625,0.151643322924676,7417.0000000001,2.17751368340127,2.87389040822789,0.0480455103014903,-0.000221645367918591,-0.100881415479436,1.60907040112705,-0.27155303882136,-0.225648741635969,0.0474230572438668,-0.296258331097364,0.0562251664373139,0.253262194253825,-0.0597705900103628,-0.124899577446056,0.181006716108772,57.0000000001,10.3173828126,0.181006716108772,57.0000000001,10.3173828126,0.145976607164794,0.048461135808778,1e-10,-2.14483127293867,-2.39515810233158,-1.02662889371371,-0.722592325971653,1,0.955946779738604,0.975277852907368,0.986233363658323,0.989828666406973,0.195011121108331,-0.829660915310084,-0.0993886970921274,0.20833700999731,0.20833700999731,-2.400642242748,-2.02143185740886,0.411361253021723,0.211311936186133,0.280820307385854,0.439853111675291,0.315339431885281,0.791025008612031,0,7417.0000000001,0.011641980133311,0.0364035300681793,0.760381836160696,2.1062222489922,18411.033994658,5.82076609134674e-11,353,1,"SNETWORK (1 318 18411.033994658 0.760381836160696 13000380 353)",13
318,13000381,0.0203504089664701,73,0.847990630531859,0.546799996361712,0.449959143780463,0.448153051499128,0.45024912066774,0.910779851000986,0.951304778388098,0.5213708864278,0.681246041390972,0.0155929392694548,0.386636676562371,-0.0881191337202318,0.0155929392694548,0.0155929392694548,0.205031795699518,-0.859183334547248,-0.70475537269595,0.0531861280244557,-0.947665937061651,-0.604424467785202,0.699593179675348,-0.759818089809216,-0.694672009762475,0.0203504089664701,8,0.87952475457026,-1.00067291516349,-0.972385157247405,-1.67578712388627,0.00594015353971314,0.388141487438308,0.681123154788031,-0.623785230036473,0.297942228847131,2995.0000000001,1.72758017053648,0.140978092200562,123.0000000001,0.0335711379891658,1.76115130842564,0.0625711845807543,-0.679283681733396,1.06294550123691,0.540059833939692,-0.0637665486964772,0.713281046365046,1.94060575565054,0.874334311427566,4.51857450450979,1.5420354820442,4.06311609768908,8.52741553043792,0.16790771494375,8.0000000001,1.34326171885,0.16790771494375,8.0000000001,1.34326171885,0.363272878582551,0.56826807946388,1e-10,0.917571111657565,0.628387511468517,0.11019046261196,0.750992538804716,1,0.867841683603146,1.11767821158138,1.12949064069864,1.14174244706774,-0.0487368450714183,-0.341793983211237,-0.644514126450556,-0.050050674574524,-0.050050674574524,-0.686546053601325,-0.255482650641396,0.497091419858643,0.504591143335095,0.344203627845918,0.52299249456938,-0.507425361421335,-0.551799348421713,0,2995.0000000001,0.0613784500165652,0.00119273446418917,0.125670123353407,0.200910223345308,17658.8393433835,5.82076609134674e-11,345,1,"SNETWORK (1 318 17658.8393433835 0.125670123353407 13000381 345)",13
137,13000382,0.862235800594134,187,-0.166057912338905,-0.453200003638288,-0.550040856219537,-0.551846948500872,-0.54975087933226,0.010520259467092,-0.0326599130683618,-0.683020227657281,-0.429967069870883,-0.242776928514269,0.000578950910313435,0.144210302637637,-0.242776928514269,-0.242776928514269,-5.14594443387737,0.18471343107064,0.0159980340348067,-0.746558519898692,0.15694528451968,0,0,0.264817487664191,0.333376028400019,0.862235800594134,1,-0.854162024963147,-2.43676437997669,-2.20733481081754,-1.45515093072442,0.842252811301814,-0.741113214125186,-0.43015984276972,0.380950497025288,0.0846492604421211,5.0000000001,0.000782583292766506,0.202795970511171,1e-10,1e-10,0.000782583292766506,8.56189923165063e-05,-1.08681245905448,-1.5918357394965,2.22724861063109,-0.644974558887006,-0.5334336412676,0.312003092982944,0.66753915274812,2.3402391480961,-0.185596439009476,2.67340176120437,1.17694592124502,0.01513671885,2.0000000001,0.0302734376,0.01513671885,2.0000000001,0.0302734376,0.30328716597233,0.295571512150895,1e-10,-0.441423686912117,-0.500372754659488,-0.0964707916381605,-0.520099161588608,0,0,-0.0247221470926322,-0.0137666363416772,-0.010171333593027,-1.21379684988678,0.184115412644358,-0.601973511519802,-1.03891460093989,-1.03891460093989,0.351867101161497,-0.0115389260483587,0.978304042939868,1.33404775940598,1.0725430170585,0.799505480254914,0.00163449124468021,-0.33007307736877,0,5.0000000001,8.56188923165063e-05,0,0.719988282955511,0.893463642347156,5459.61911121492,0.001953125,231,1,"SNETWORK (1 137 5459.61911121492 0.719988282955511 13000382 231)",13
56,13000383,-1.13344578291163,12,0,0,-0.0539298651555209,-0.0526282971591558,-0.0497659234028937,-0.322699525952062,-0.052587847741303,-0.462508993757346,0.00789208728701878,1.01046841322226,-0.67422834088341,0.910440361655272,1.01046841322226,1.01046841322226,0.0953896284005988,0.151858079814561,0.318970362067948,0.12009879606652,0.0129651834914145,0.396949460069245,-0.3182243350896,0.145121969788322,0.0313608172450206,-1.13344578291163,2,1.1355851455372,0.217017274912659,0.218038879905487,-1.21029088004051,-1.1343249729985,0.321941413796029,0.00769919249979494,1.65663723243859,0.341060900164969,14662.0000000001,8.00101586689738,0.181983106701076,5172.0000000001,1.50594660384395,9.50696247064133,0.135141315752301,0.225612496870843,-0.428151939703387,1.01651618429789,0.239462711908103,0.39684913069538,0.240578365372986,-0.0586072309618367,0.224322615251974,-0.0465204724680241,-0.676184652696429,-0.739933646076721,0.869608216466525,59.0000000001,51.306884765725,0.869608216466525,59.0000000001,51.306884765725,1.93609058641609,0.977405981502736,1e-10,-0.775374171733587,-1.13655528258403,-0.897264298837305,-0.637783325990111,-0.0232557920329049,-0.145374652181789,-0.0456386537822682,-0.0156235779160857,0,-0.866130469828478,-0.441221573815897,-0.541462017049193,-0.781773719286749,-0.781773719286749,1.57500148259912,-0.267249559457475,0.0261640074644621,-0.163460013406681,-0.61948998587105,0.380463398229353,-0.114195025299542,-0.0909905728220415,0,14662.0000000001,0.113734309370043,0.0214070062822583,0.315547453817753,4.52834920424198,5807.643472229,0.00048828125,15,1,"SNETWORK (1 56 5807.643472229 0.315547453817753 13000383 15)",13
318,13000384,0.354067952868934,158,0.847990630531859,0.546799996361712,0.449959143780463,0.448153051499128,0.45024912066774,0.939756950850832,0.963716980846943,0.574318735607695,0.656601229425952,-0.0109298075724876,0.376405681299087,-0.0973125873257938,-0.0109298075724876,-0.0109298075724876,0.0358986744917158,-0.924075087412945,-0.774493907238663,-0.0478769822445434,-0.996760994871131,-0.603050539930755,0.694143931109334,-0.735182512335809,-0.673195464551723,0.354067952868934,8,0.445735229569625,1.57390776103609,1.61476125972465,1.34425818382465,0.341124707607574,-0.408692149571062,0.65645947848598,-0.0490254631763612,0.123143213702369,3979.0000000001,0.948623204274253,0.0756961657437825,3078.0000000001,0.451078178698195,1.39970138287245,0.00727205846829982,2.84429455843839,4.12146763939594,4.36181581168351,-0.173078152470968,-0.543015551711413,-0.896383435046804,-0.93227695364775,-0.312720755074634,-1.08467286626764,-0.379364976216437,-0.786839099327057,0.543050130308333,165.0000000001,89.603271484475,0.543050130308333,165.0000000001,89.603271484475,4.21780805861432,1.12714904030462,1e-10,-1.44654219178242,-1.50514711715987,-0.778033879386966,-0.67288633574817,1,0.955946779738605,0.975277852907368,0.986233363658323,0.989828666406973,-0.118814965553253,0.322406281995399,-0.90227787380691,-0.120642904866876,-0.120642904866876,1.03917696867255,-1.3235932164752,-0.0312540396981149,-0.103923711889846,0.436601953419187,-0.235929244257175,0.38773287972542,0.347023357855861,0,3979.0000000001,0.00492851074892469,0.00234354761937513,0.57545316698599,9.5365811554977,18191.8756696836,5.82076609134674e-11,400,1,"SNETWORK (1 318 18191.8756696836 0.57545316698599 13000384 400)",13
137,13000385,0.326067685735668,117,-0.169336007143403,-0.45983907781187,-0.585138056887849,-0.587070912494495,-0.584419668319597,-0.0205038830558235,-0.049338969327613,-0.4826264379585,-0.395468042216246,-0.0605711549407096,-0.0147916120091891,0.135492735275578,-0.0605711549407096,-0.0605711549407096,-0.512077712341431,0.146194679281814,0.049494309877822,-0.684134950224308,0.111917233633547,0.0244718896476977,-0.0463928842676715,0.415324305327625,0.335969349634022,0.326067685735668,1,-0.636266354306363,-0.129227748821753,-0.128839266920966,0.613308873711404,0.31747708338845,0.143029007350533,-0.395662503738503,0.128271427400195,0.1331571710096,3120.0000000001,0.768168506736821,0.0712168723958362,2410.0000000001,0.31734910923676,1.08551761587358,0.0199861897293058,-0.118209068872381,-0.893700486160954,-1.14917471777586,-0.17313961534537,0.323003606904951,1.37107169962534,0.0492566195359045,1.6510196606912,-0.707968388974071,0.508497979497354,0.252203975564403,0.302303538702941,51.0000000001,15.41748046885,0.302303538702941,51.0000000001,15.41748046885,0.977929181560512,0.768488753104641,1e-10,-0.630681244830505,-0.64506308380446,-0.43809618244061,-0.415303756599871,-1.03276561575505e-16,0,-0.0247221470926318,-0.0137666363416772,-0.010171333593027,0.454580656980218,-0.152811836112326,0.605760350132097,0.50685366284329,0.50685366284329,0.89438497058623,0.0959903250636405,-0.111079659371882,-0.18480230768196,-0.050246781109483,-0.0949735796273575,1.314885199566,2.15050532658974,0,3120.0000000001,0.0141432632854725,0.00584292634383328,0.482972861784734,1.80161642101085,5047.93243570962,0.001953125,258,1,"SNETWORK (1 137 5047.93243570962 0.482972861784734 13000385 258)",13
328,13000386,0.852779649970037,275,0.833942087661095,0.661934694919581,0.679648502105189,0.676245639047415,0.674971766192546,0.855642430369728,1.02318531800814,0.109513761445372,0.0893863509273746,-0.0523258932271481,0.258173377459852,-0.277985457818429,-0.0523258932271481,-0.0523258932271481,-3.45309932476212,-0.0972964982039909,0.0202101083533079,1.07649960143377,-0.350030104515434,-0.560339494672534,0.667148486569063,-0.788859635579387,-0.682989322922567,0.852779649970037,8,0.09298168000461,-0.671270675263794,-0.659441167313199,-0.99713038845477,0.836577718305766,-0.405651783723658,0.0895922747441498,0.988101525257588,0.205404352435413,5529.0000000001,2.19869785745124,0.145304198383345,2610.0000000001,0.73422301119611,2.93292086854735,0.0811701479402634,-0.508033838103057,-0.168454822886396,0.246964154968547,-0.445860488230224,-0.429492239075301,0.00767040701759686,-0.0678498634181833,0.0316607796064074,0.0466875080337022,0.0194365675033441,0.0244491533663998,0.634552002053125,32.0000000001,20.3056640626,0.634552002053125,32.0000000001,20.3056640626,0.58218980913944,0.627223124053047,1e-10,1.01697017279186,0.766685563977353,0.177785400409779,1.42237010321441,1,0.955946779738605,1.47626638799786,1.48701717542041,1.51896847737808,0.0297832630440185,-0.64506966257672,-0.0548662210851571,0.0309707667111359,0.0309707667111359,-0.302092242703158,-0.890138094847694,0.435619887983005,0.423510195565173,-0.0211550351659834,0.626664909889728,0.168285370164917,0.205520480511777,6747714281.39814,5529.0000000001,0.0608501347776729,0.0203200130625906,0.277907102524665,1.53465040959418,18903.2468029176,2.91038304567337e-11,482,1,"SNETWORK (1 328 18903.2468029176 0.277907102524665 13000386 482)",13
56,13000387,-1.05455217774328,22,0,0,-0.0539298651555209,-0.0526282971591558,-0.0497659234028937,-0.323343517830243,-0.0522240419027982,-0.466200763172337,0.00768628167312907,1.01058877969764,-0.673978835686742,0.910403480404332,1.01058877969764,1.01058877969764,0.0906724543247246,0.152506497344446,0.319724363695951,0.122115795868216,0.0133262330103358,0.396949460069245,-0.3182243350896,0.145121969788322,0.0313608172450206,-1.05455217774328,2,1.08396110442904,0.368804268569339,0.37165992782312,-1.06369326516113,-1.06348768236008,-0.26763613508904,0.00751241609679416,1.80667105337313,0.242778256006369,13124.0000000001,5.09795492892001,0.0609559159632633,10127.0000000001,0.987680896014795,6.0856358248348,0.0772567614849223,0.40622442212871,0.0370338474959868,0.21447180588562,0.0313486301856366,-0.22507931564791,-0.853682692183912,-0.490568277916254,-0.706242372531901,-0.65965305491948,-0.125902348996495,-0.138152727622773,0.835028754440278,72.0000000001,60.1220703126,0.835028754440278,72.0000000001,60.1220703126,2.32107176757806,0.925890071354844,1e-10,0.247822523301501,0.298286033857425,1.91105115715449,0.0637086723052983,-0.0232557920329048,-0.145374652181789,-0.0456386537822682,-0.0156235779160857,3.8573928898018e-16,-0.0836232099638182,0.318369162929161,-0.748492406022789,-0.0853930844241173,-0.0853930844241173,-0.234431181285228,-1.13922863519335,0.699061148487935,0.770064825675174,0.161538246234627,0.888310162979308,0.281624355667012,-0.0909905728220415,0,13124.0000000001,0.0647182149622138,0.0125385464227086,0.385392994457557,2.10919038346297,5863.51352580347,0.00048828125,42,1,"SNETWORK (1 56 5863.51352580347 0.385392994457557 13000387 42)",13
137,13000388,0.34540649801818,120,-0.169336007143403,-0.45983907781187,-0.585138056887849,-0.587070912494495,-0.584419668319597,-0.0203837141927799,-0.049894896738039,-0.498443735376256,-0.395660390046771,-0.0622182259078074,-0.0141359825044202,0.131800272732391,-0.0622182259078074,-0.0622182259078074,-0.520661008265211,0.146697548304117,0.0498521290476856,-0.683985689957499,0.11237965435635,0.0244718896476977,-0.0463928842676715,0.415324305327625,0.335969349634022,0.34540649801818,1,-0.6876300777437,-0.617531063456036,-0.607638502214058,0.000856522098801434,0.330280730112653,-0.270891102416191,-0.395854368075153,-0.450571285783973,0.103595618964025,1674.0000000001,0.320652173058003,0.048682448009205,675.0000000001,0.0607594069032847,0.381411579861288,0.0101359824715344,-0.475946567029468,-1.42181784957085,-0.354789944621807,-0.334749182061496,-0.0430175140724751,0.79531716858497,0.035114218388313,1.39327984003374,-0.724895552767808,0.46038206703865,0.240804131325643,0.322794596454167,18.0000000001,5.810302734475,0.322794596454167,18.0000000001,5.810302734475,0.5583597224555,0.79901599176284,1e-10,1.4517651692842,1.34846639306015,0.611600024574311,3.06767882752416,0.0113072803176476,-0.043909235784927,0.053137080949655,0.0541107214686984,0.0222626561170459,-1.01472200763016,-0.00137741631360011,-0.651621251835883,-0.895223753191602,-0.895223753191602,-0.139135069829952,0.532223786119391,-0.147395062624965,-0.0533109576768954,0.0456525507809267,-0.192842810565355,0.568933901166996,0.0295665378313725,30961172127.7721,1674.0000000001,0.00852130597222729,0.00161467639930707,0.492702424824894,0.0571233594220245,5064.83231269794,0.001953125,227,1,"SNETWORK (1 137 5064.83231269794 0.492702424824894 13000388 227)",13
318,13000389,0.603124879156118,218,0.826606769083661,0.576140491778701,0.449959143780463,0.448153051499128,0.45024912066774,0.950873115581419,0.964963831827995,0.663895538921261,0.626605635619109,-0.0506524410830505,0.353001821257049,-0.11199317373913,-0.0506524410830505,-0.0506524410830505,-0.621929564273938,-0.89434304025341,-0.749995566920466,-0.0171260116660725,-0.972247627326956,-0.603050539930755,0.694143931109334,-0.735182512335809,-0.673195464551723,0.603124879156118,8,-0.113068534565188,-0.351927061878975,-0.348897736557406,-0.482817902262714,0.588303857470665,0.0665236209479833,0.626451009948675,2.00862023898966,0.130598753296758,2172.0000000001,0.549171730839919,0.125860748309023,3722.0000000001,0.906934660237922,1.45610639097784,0.0316823389892976,-0.297332190757585,0.271772358127549,0.20757543267606,-0.0952506891347268,0.195882113292223,0.682945316285425,0.142191149364752,0.978646018329049,0.78971028552865,0.8234321868815,1.65774664670006,0.364234924416406,32.0000000001,11.655517578225,0.364234924416406,32.0000000001,11.655517578225,0.204416296254133,0.224509216231008,1e-10,1.06154489733314,0.940061917878357,0.397744579846748,1.41763833948479,1,0.955946779738605,0.975277852907368,0.986233363658323,0.989828666406973,-0.697167639810188,0.53386425807231,0.125449619632074,-0.645964563006158,-0.645964563006158,0.192163983431443,0.111089905988148,-0.923840444956069,-0.928053545421788,0.0206584916973234,-1.22607483144748,1.83077560667218,1.16854476390569,19857737728.5966,3722.0000000001,0.0119490203399457,0.0197333185493519,0.872453163415733,0.761721455492079,18543.8493362083,5.82076609134674e-11,405,1,"SNETWORK (1 318 18543.8493362083 0.872453163415733 13000389 405)",13
318,13000390,0.0322890725339022,75,0.847990630531859,0.546799996361712,0.449959143780463,0.448153051499128,0.45024912066774,0.91240428311973,0.952362971738425,0.532130430793169,0.680333538031142,0.014639782749319,0.387656114060492,-0.0868225638518656,0.014639782749319,0.014639782749319,0.208574462952264,-0.863859116423715,-0.710221911717171,0.046580162471353,-0.951294233021176,-0.617135106478376,0.700828921651292,-0.704722392945234,-0.65941867091232,0.0322890725339022,8,1.01160730733929,0.672780340808864,0.68169911473104,-0.744428040155288,0.020101893736084,-0.351809679003812,0.680175321987214,0.241726038362407,0.128661774806563,14590.0000000001,3.63424457705613,0.080540435674066,1688.0000000001,0.263205971441295,3.89745054839743,0.0394685459529524,0.834565959113676,2.1514755953031,-1.72843305757033,-0.634712152454912,-0.0257472009692357,1.67500375787188,-0.661861748615471,1.10154768122965,-0.338029772308885,1.96858914295533,4.12882346357966,0.0308191637029412,68.0000000001,2.0957031251,0.0308191637029412,68.0000000001,2.0957031251,0.396133875074677,0.364035824992552,1e-10,-0.882702291767619,-0.472916781455132,0.217613586384783,-0.521941788712625,1,0.867841683603146,0.975277852907368,0.986233363658323,0.989828666406972,-1.1946127920515,0.338845846851812,0.749570435392076,-1.02546722398177,-1.02546722398177,-1.1847765103566,0.422091673649215,0.715171721521034,0.988784809080821,1.11351053962468,0.424116587831928,0.705599042814482,1.79670362594916,0,14590.0000000001,0.0368031221817802,0.00266542367117213,0.134331628809519,0.705068650858841,17669.1040634834,5.82076609134674e-11,312,1,"SNETWORK (1 318 17669.1040634834 0.134331628809519 13000390 312)",13
319,13000391,-0.204668792873798,16,0.849676501735058,0.527879359151426,0.423921895297046,0.422083328008158,0.425620192291929,0.863193144478503,0.876012028804165,0.534969966579906,0.779318652943174,-0.0141477481481602,0.365852167868517,-0.0445237617549044,-0.0141477481481602,-0.0141477481481602,0.261579231650829,-0.727368721628931,-0.534774504765282,0.433014830058316,-0.870585121976192,-0.604424467785202,0.699593179675348,-0.759818089809216,-0.694672009762475,-0.204668792873798,8,0.293923355332833,0.506031343660877,0.511254395156114,-0.0300896175027898,-0.215079717926928,-0.419992574903957,0.779589770578096,0.293977261035534,0.205103847254998,4442.0000000001,1.76385013380776,0.114252692281654,5078.0000000001,1.12322939504247,2.88707952875023,0.0330936708841027,0.587797110354945,2.69237112398831,0.440994560007124,-0.391262598730413,-0.438521147639941,-0.16707044555564,-0.644973241806849,-0.126524018154376,-0.235811407630203,-0.114518609023331,-0.261668149058777,0.111204117163492,63.0000000001,7.0058593751,0.111204117163492,63.0000000001,7.0058593751,0.00135410345966904,0.152451892305362,1e-10,0.59082650938999,0.262742634149152,0.18479188268765,-0.18559492539206,0.744186065853319,1.15858997967623,1.21908813366046,1.22996082175123,1.2735209377017,-0.963830891397232,-0.320349650682163,-0.528345344137019,-0.856980922764538,-0.856980922764538,-0.746730175018142,-1.01276249752082,1.52079210273073,1.49694431747009,1.13851973674419,1.49664379308236,-0.458992631322063,0.271904460041471,0,5078.0000000001,0.0202184508802604,0.0128752199038423,0.614090585928312,0.991902035777457,17295.4647020688,1.16415321826935e-10,450,1,"SNETWORK (1 319 17295.4647020688 0.614090585928312 13000391 450)",13
318,13000392,0.546833012043761,201,0.826606769083661,0.576140491778701,0.449959143780463,0.448153051499128,0.45024912066774,0.948368154094866,0.964257543350557,0.615995608197629,0.636554548150205,-0.0385123693939566,0.360334551472467,-0.10485347675073,-0.0385123693939566,-0.0385123693939566,-0.31694895044574,-0.905507507085286,-0.759217829355009,-0.0304326450106015,-0.981225929419738,-0.603050539930755,0.694143931109334,-0.735182512335809,-0.673195464551723,0.546833012043761,8,-0.620529490106068,-0.554781261393041,-0.546907323070486,0.495395638408351,0.533093588270954,0.289525321514596,0.636434028149485,-0.784867280979746,0.331564495424404,8007.0000000001,5.13981123337901,0.0843704414636891,522.0000000001,0.0852648723299938,5.225076105609,0.132436903806114,-0.436839253856504,-0.112015362085369,0.102849895804444,0.239715269881095,0.359525236603153,0.306741010762087,0.44560205769631,0.349418501793597,1.11243539976884,0.00383525105811212,0.00358216577649659,0.0932038960703947,38.0000000001,3.541748046975,0.0932038960703947,38.0000000001,3.541748046975,0.149932294932017,0.179268323740019,1e-10,0.686350157926176,0.5291233014986,0.301128763788364,0.805561908980961,1,0.955946779738605,0.975277852907368,0.986233363658323,0.989828666406973,0.0800785628380546,-0.802804274827672,0.387064778580382,0.0839604905546343,0.0839604905546343,0.0943559159580306,-0.153029905294539,0.639865421046601,0.678935519891521,0.572962184199005,0.59856928632089,-0.493026373262593,-0.742060669811201,15178342390.6736,8007.0000000001,0.130275745582286,0.00216115812382751,0.793739702113543,1.05848527326563,18450.5662859981,5.82076609134674e-11,361,1,"SNETWORK (1 318 18450.5662859981 0.793739702113543 13000392 361)",13
319,13000393,-0.183168262272054,20,0.849676501735058,0.527879359151426,0.423921895297046,0.422083328008158,0.425620192291929,0.863370808211841,0.876374812515462,0.53698466231599,0.778836798651005,-0.0142168742180148,0.366217626078036,-0.0441546440746474,-0.0142168742180148,-0.0142168742180148,0.26800786154457,-0.73009035418741,-0.537813615102378,0.428120085673312,-0.872556930080975,-0.604424467785202,0.699593179675348,-0.759818089809216,-0.694672009762475,-0.183168262272054,8,0.540981978086592,0.0906194542883343,0.0908028435557356,-0.786111748906188,-0.19627260786211,-0.344224516084562,0.778680999977556,0.0119767785724692,0.110529530687508,1592.0000000001,0.340667505701699,0.119006994472699,1477.0000000001,0.340300277980734,0.680967783582433,0.0106373244636215,0.0898526861372987,0.113420002606543,-0.947865429777378,-0.37906036401841,-0.420864420047651,-0.173395141701859,-0.419883521279142,-0.173184988977611,0.165077379723413,-0.367651877733468,-0.828821130618971,0.1097656251,30.0000000001,3.2929687501,0.1097656251,30.0000000001,3.2929687501,0.160797108502904,0.154594933970818,1e-10,0.883692959391056,0.64454290904097,0.17599644968044,0.179023744690208,0.752353662680459,1.14930699599469,1.21488456242916,1.22567270023913,1.26993850185446,-2.42894923667,-0.133016645761072,-0.244625028958554,-1.7409887144839,-1.7409887144839,-0.279291258216089,-0.598620410093832,0.843051344876126,0.733128973022369,0.746845719267604,0.783539029555676,-0.276300842655791,0.478845626684107,14960619607.3336,1592.0000000001,0.00532153039413883,0.00531579396948266,0.656420407649085,0.551965960650705,17318.9866767534,1.16415321826935e-10,444,1,"SNETWORK (1 319 17318.9866767534 0.656420407649085 13000393 444)",13
137,13000394,0.326067685735668,117,-0.169336007143403,-0.45983907781187,-0.585138056887849,-0.587070912494495,-0.584419668319597,-0.0205038830558235,-0.049338969327613,-0.4826264379585,-0.395468042216246,-0.0605711549407096,-0.0147916120091891,0.135492735275578,-0.0605711549407096,-0.0605711549407096,-0.512077712341431,0.146194679281814,0.049494309877822,-0.684134950224308,0.111917233633547,0.0244718896476977,-0.0463928842676715,0.415324305327625,0.335969349634022,0.326067685735668,1,-0.636266354306363,-0.129227748821753,-0.128839266920966,0.613308873711404,0.31747708338845,0.143029007350533,-0.395662503738503,0.128271427400195,0.1331571710096,3120.0000000001,0.768168506736821,0.0712168723958362,2410.0000000001,0.31734910923676,1.08551761587358,0.0199861897293058,-0.118209068872381,-0.893700486160954,-1.14917471777586,-0.17313961534537,0.323003606904951,1.37107169962534,0.0492566195359045,1.6510196606912,-0.707968388974071,0.508497979497354,0.252203975564403,0.302303538702941,51.0000000001,15.41748046885,0.302303538702941,51.0000000001,15.41748046885,0.977929181560512,0.768488753104641,1e-10,-0.630681244830505,-0.64506308380446,-0.43809618244061,-0.415303756599871,-1.03276561575505e-16,0,-0.0247221470926318,-0.0137666363416772,-0.010171333593027,0.454580656980218,-0.152811836112326,0.605760350132097,0.50685366284329,0.50685366284329,0.89438497058623,0.0959903250636405,-0.111079659371882,-0.18480230768196,-0.050246781109483,-0.0949735796273575,1.314885199566,2.15050532658974,0,3120.0000000001,0.0141432632854725,0.00584292634383328,0.482972861784734,1.80161642101085,5047.93243570962,0.001953125,258,1,"SNETWORK (1 137 5047.93243570962 0.482972861784734 13000394 258)",13
318,13000395,0.354067952868934,158,0.847990630531859,0.546799996361712,0.449959143780463,0.448153051499128,0.45024912066774,0.939756950850832,0.963716980846943,0.574318735607695,0.656601229425952,-0.0109298075724876,0.376405681299087,-0.0973125873257938,-0.0109298075724876,-0.0109298075724876,0.0358986744917158,-0.924075087412945,-0.774493907238663,-0.0478769822445434,-0.996760994871131,-0.603050539930755,0.694143931109334,-0.735182512335809,-0.673195464551723,0.354067952868934,8,0.445735229569625,1.57390776103609,1.61476125972465,1.34425818382465,0.341124707607574,-0.408692149571062,0.65645947848598,-0.0490254631763612,0.123143213702369,3979.0000000001,0.948623204274253,0.0756961657437825,3078.0000000001,0.451078178698195,1.39970138287245,0.00727205846829982,2.84429455843839,4.12146763939594,4.36181581168351,-0.173078152470968,-0.543015551711413,-0.896383435046804,-0.93227695364775,-0.312720755074634,-1.08467286626764,-0.379364976216437,-0.786839099327057,0.543050130308333,165.0000000001,89.603271484475,0.543050130308333,165.0000000001,89.603271484475,4.21780805861432,1.12714904030462,1e-10,-1.44654219178242,-1.50514711715987,-0.778033879386966,-0.67288633574817,1,0.955946779738605,0.975277852907368,0.986233363658323,0.989828666406973,-0.118814965553253,0.322406281995399,-0.90227787380691,-0.120642904866876,-0.120642904866876,1.03917696867255,-1.3235932164752,-0.0312540396981149,-0.103923711889846,0.436601953419187,-0.235929244257175,0.38773287972542,0.347023357855861,0,3979.0000000001,0.00492851074892469,0.00234354761937513,0.57545316698599,9.5365811554977,18191.8756696836,5.82076609134674e-11,400,1,"SNETWORK (1 318 18191.8756696836 0.57545316698599 13000395 400)",13
56,13000396,-1.09862438736148,16,0,0,-0.0539298651555209,-0.0526282971591558,-0.0497659234028937,-0.322310499815675,-0.0525245752557668,-0.462508993757346,0.00784350797145949,1.01045114353528,-0.674253173492329,0.910535924730067,1.01045114353528,1.01045114353528,0.0941520527719297,0.152101421837209,0.319245366428057,0.120827499653166,0.0131050753097138,0.396949460069245,-0.3182243350896,0.145121969788322,0.0313608172450206,-1.09862438736148,2,1.03706711463234,-0.162375260699781,-0.161757167397658,-1.3727538861944,-1.10373363918328,0.814706222377719,0.00765487823897754,2.24372809834782,0.501825712138085,6874.0000000001,5.51927991137503,0.0687046142060613,4210.0000000001,0.462794280718039,5.98207419199306,0.112908328161119,-0.146763315411749,-0.951899221072317,-1.14606896273388,0.494748879086608,0.601431926334672,0.0506424643691967,0.460698099869063,0.0694532574863119,0.516248113618673,0.751078240478373,0.820786294747002,0.4260986329125,40.0000000001,17.0439453126,0.4260986329125,40.0000000001,17.0439453126,0.439742400594728,0.316672745145399,1e-10,-0.739421051057982,-0.943878044423906,-0.72250818420374,-0.613325179547802,-0.0232557920329049,-0.145374652181789,-0.0456386537822686,-0.0156235779160853,-3.8573928898018e-16,-0.785508956041693,-0.593960242322094,0.03336426400727,-0.717897507315882,-0.717897507315882,1.04182393949732,0.655727198729616,0.0287725818139041,-0.126307879303827,-0.525226795539274,0.335863902612034,-0.321907577526234,-0.12769019558824,0,6874.0000000001,0.104173343040096,0.00873498502102246,0.340368852848905,0.976517225844509,5827.4983245354,0.00048828125,25,1,"SNETWORK (1 56 5827.4983245354 0.340368852848905 13000396 25)",13
137,13000397,0.275261837143515,110,-0.169336007143403,-0.45983907781187,-0.612877153222713,-0.614349237474709,-0.609405455638136,0.0169185571447857,-0.021914330782931,-0.279353692253546,-0.384220289471176,-0.021691643772784,0.0242837406466205,0.0374677966562665,-0.021691643772784,-0.021691643772784,0.141234695495214,0.0999912986773943,0.0125722451599295,-0.726766608578337,0.0731531678359163,0.0677281446396492,-0.117429098893948,0.617705950750841,0.326804535448277,0.275261837143515,1,-0.66601119041896,-0.372425779390619,-0.369017840006374,0.301921005727227,0.26554689212168,0.150574605949446,-0.384256997765453,-0.544613513867578,0.561564674531628,143.0000000001,0.148481779135548,0.143902435921171,288.0000000001,0.0766298504693889,0.225111629504937,0.00497405593639205,-0.312393160887626,-0.563529231954357,4.00806960136059,0.0017512974219066,0.701360470796015,1.63450196196162,0.216472957105487,2.36369433518531,-0.488905724204989,4.98668530518022,2.53552126788896,0.610748291115625,8.0000000001,4.885986328225,0.610748291115625,8.0000000001,4.885986328225,0.0912260500632153,0.591760749510845,1e-10,-0.773306250988984,-1.09355256464916,-0.488331052860929,-0.577952517039887,0,-0.044053220261396,-0.0247221470926318,-0.0137666363416769,-0.010171333593027,0.694057219952033,0.854028578347019,-0.0240298220257704,0.805410928361093,0.805410928361093,-0.0328414205512032,0.0135026183623597,-0.480165048594427,-0.473978126376804,-0.201376174225267,-0.515048298035876,1.76320838868805,1.51994375795627,0,288.0000000001,0.00328084631416845,0.0016932095222236,0.455682993421817,0.539145555347204,5000.53098340829,0.001953125,212,1,"SNETWORK (1 137 5000.53098340829 0.455682993421817 13000397 212)",13
56,13000398,-0.919019795823011,41,0,0,-0.0539298651555209,-0.0526282971591558,-0.0497659234028937,-0.315681072159538,-0.0483098074003432,-0.463424163537324,0.00546328562836339,1.00684125942108,-0.667556755172401,0.910501314500804,1.00684125942108,1.00684125942108,0.0457020551084369,0.158251101822065,0.326171307000136,0.140964888904225,0.0163894946003195,0.396949460069245,-0.3182243350896,0.145121969788322,0.0313608172450206,-0.919019795823011,2,-0.0973584136315032,0.671539161910486,0.680427327503071,0.876127794749802,-0.931491300724872,0.0188537147092534,0.00538155665904448,-0.105576006532037,0.777692522393623,13541.0000000001,16.8491751110905,0.0561849286798388,9955.0000000001,0.894913542518918,17.7440886535094,0.179855832260325,0.832615161242277,-0.177244855921726,-0.327457250018867,0.160671094110766,-0.0833674115817697,-0.868393450278595,-0.458415369435466,-0.576754630617333,-0.608970553980347,-0.140021698743299,-0.152963090190635,0.328084867394521,73.0000000001,23.9501953126,0.328084867394521,73.0000000001,23.9501953126,0.741355596172034,0.170653459655991,1e-10,-0.15084025929428,-0.226484703960512,-0.349236929767846,-0.194406792039145,-0.0232557920329048,-0.145374652181789,-0.0456386537822686,-0.0156235779160857,7.7147857796036e-16,0.470490880600819,0.726582697775867,-0.505508832810146,0.525979583260621,0.525979583260621,0.308470681559398,-1.04585256865246,0.778397250003468,0.871404751489615,0.1733067356108,0.989181002685047,0.263774989590839,-0.11958730657741,0,13541.0000000001,0.170784900255779,0.00907093190454569,0.53237044092945,3.29942064459598,5981.08205964835,0.00048828125,75,1,"SNETWORK (1 56 5981.08205964835 0.53237044092945 13000398 75)",13
318,13000399,0.420508893992603,172,0.826606769083661,0.576140491778701,0.449959143780463,0.448153051499128,0.45024912066774,0.935527882359569,0.958066962077645,0.481924003326073,0.642139528246431,-0.0269331154164269,0.344401820172143,-0.103821024070213,-0.0269331154164269,-0.0269331154164269,-0.258846296139393,-0.888182907829772,-0.739115008605546,-0.0277570640772433,-0.96496227010745,-0.603050539930755,0.694143931109334,-0.735182512335809,-0.673195464551723,0.420508893992603,8,-0.503385111848323,0.0893138779792291,0.0894920805680415,0.708334470963062,0.406316064888302,-0.308952636614426,0.641991036455988,-0.0527245291413041,0.336429735288106,3041.0000000001,1.98070644845106,0.391451369617984,8716.0000000001,6.60547966573646,8.58618611408752,0.13425470365953,0.0885151968969349,-0.946092374189045,-0.273576780247155,0.00263986596043799,-0.0420046798045318,-0.273703972547365,-0.39241558378585,-0.275507868924286,0.113977764589853,-0.305573668901128,-0.627755256879448,0.759883757660484,62.0000000001,47.11279296885,0.759883757660484,62.0000000001,47.11279296885,2.36214268207763,1.45018418918102,1e-10,-0.361116966311855,-0.699201107667399,-0.390395507524431,-0.512998305842396,1,0.955946779738605,0.975277852907368,0.986233363658323,0.989828666406973,0.107797650778072,0.532010372147064,-0.380603557016671,0.113535306612847,0.113535306612847,0.981748406577039,-0.486640637767867,-0.0111009712956683,-0.0285087846791525,0.0654605518054939,-0.0193446914960076,0.899003104484919,0.310205793862222,0,8716.0000000001,0.0309705791991418,0.103284124360389,0.644562815075938,0.144682165183531,18273.7772741376,5.82076609134674e-11,385,1,"SNETWORK (1 318 18273.7772741376 0.644562815075938 13000399 385)",13
137,13000400,0.654605125537576,163,-0.166057912338905,-0.453200003638288,-0.550040856219537,-0.551846948500872,-0.54975087933226,-0.0182595579822899,-0.0455105338941585,-0.684860212363373,-0.417017399888144,-0.167733642735388,0.00070188886322016,0.155257666902864,-0.167733642735388,-0.167733642735388,-2.57983040623592,0.165657408882699,0.0290585472828153,-0.716312480979607,0.134748871043649,0,0,0.264817487664191,0.333376028400019,0.654605125537576,1,-1.28853358491514,-1.69368692195464,-1.59916401314527,-0.430009664395827,0.646623025603362,1.63437710892325,-0.417212200520225,-0.71226900587851,0.156655785075004,127.0000000001,0.0367864182026517,0.0802033797710403,190.0000000001,0.0281762775280381,0.0649626956306897,0.00393451696032376,-0.928770353902045,-0.740052316023057,0.39364486440271,0.885279880252332,0.841469979075259,-0.466701287116086,2.27089142466189,-1.78366319287644,1.15168935937687,5.79745585783637,2.6653273897277,0.159098307391667,3.0000000001,0.477294921975,0.159098307391667,3.0000000001,0.477294921975,0.325453944592424,0.555143969911082,1e-10,0.516107366432001,0.737132904803226,0.706967456078985,1.14558439609421,0,0,-0.0247221470926318,-0.0137666363416772,-0.010171333593027,-0.258034250275423,-0.502929512104305,0.801282961744754,-0.256222273780627,-0.256222273780627,0.000155690359118223,0.738347881669416,0.341649069047002,0.284708682547805,-0.0671045218321095,0.523525348813423,-0.672774352676085,-1.54233447645891,0.981926817837942,190.0000000001,0.00222799840852394,0.00170651845179982,0.63646782077591,1.01012562893855,5314.54727900442,0.001953125,253,1,"SNETWORK (1 137 5314.54727900442 0.63646782077591 13000400 253)",13
318,13000401,0.606704655529619,219,0.826606769083661,0.576140491778701,0.449959143780463,0.448153051499128,0.45024912066774,0.950180430822263,0.964082793931396,0.656830690339027,0.625539352466444,-0.0518356609564631,0.349535565482647,-0.112793057741103,-0.0518356609564631,-0.0518356609564631,-0.667785089503694,-0.89017992539264,-0.746001435409293,-0.0151003072231349,-0.968520552004461,-0.603050539930755,0.694143931109334,-0.735182512335809,-0.673195464551723,0.606704655529619,8,-0.178956905727964,-0.220132309319571,-0.218981324077935,-0.248814073516961,0.593901343519157,-0.0722381564803416,0.626430658214077,1.74382594703282,0.181067449164648,6692.0000000001,2.34587915942692,0.0605791149078611,917.0000000001,0.107547812340915,2.45342697166783,0.0483553375725988,-0.194884252239984,-0.186267513735496,0.293364545334848,-0.284963070300175,0.0841403258799163,0.950667032765689,-0.0451078293151241,1.2287366794677,0.573558611483669,1.14830367509127,2.31608872639822,0.311497465193085,47.0000000001,14.640380859475,0.311497465193085,47.0000000001,14.640380859475,0.33477273464243,0.145941822420355,1e-10,-0.551151484982385,-0.894557343431712,0.450503207662357,-0.666183538823174,1,0.955946779738605,0.975277852907369,0.986233363658323,0.989828666406973,-3.16423356931528,0.176049743372824,0.00737622876360064,-2.04957496532784,-2.04957496532784,0.965611899628277,-1.96770604245246,1.20106459726074,1.26688727763262,0.911861108858042,1.18161079475862,-0.167283553715643,0.43371334783182,1.52479711080857,6692.0000000001,0.0462356449707976,0.0021196925018012,0.877374652533333,2.46604652230202,18549.6817759063,5.82076609134674e-11,366,1,"SNETWORK (1 318 18549.6817759063 0.877374652533333 13000401 366)",13
56,13000402,-0.482549845215237,100,0,0,0,0,0,-0.188337331361867,-0.0145935618501901,-0.332508548506332,-0.0125453620642237,0.958482411677086,-0.643026074319682,0.907770418700657,0.958482411677086,0.958482411677086,-0.318885552837925,0.23583956840273,0.411618909142057,0.364423646752293,0.061775471492991,0.442037567785408,-0.329724348592432,0,0,-0.482549845215237,2,-0.276284677293366,-0.398017700063332,-0.394103185543793,-0.228122588383995,-0.49343758334671,0.527323666615573,-0.012685367476213,-0.249484661518818,0.297492023977688,2402.0000000001,1.14332134626577,0.252110980945402,10081.0000000001,4.06644927674056,5.20977062290633,0.117350497423424,-0.330880450182704,9.31360465542681,0.0101721691894098,1.67307549946821,0.110881761347033,-3.75656986647546,0.480082322266162,-5.50039989677459,0.507412472045461,-0.503655649082053,-0.535409363456721,1.14269147610446,28.0000000001,31.995361328225,1.14269147610446,28.0000000001,31.995361328225,1.09270810019703,1.38424090148278,1e-10,-0.295483819022412,-0.242114847933179,-0.240626775255808,-0.152459738677594,-0.0232557920329049,-0.145374652181789,-0.0247221470926318,-0.0137666363416772,-0.010171333593027,0.464287868121351,0.810002355763576,-0.0183491565292623,0.518511133733844,0.518511133733844,0.7384198437368,-0.406624961227352,-0.484898188250307,-0.340177801937503,-0.0875845279776967,-0.579505277540691,0.32016566174129,-0.100341027992005,0,10081.0000000001,0.025753404187451,0.0915970931359733,0.958925946686683,0.81879087236555,6322.28750728095,0.00048828125,69,1,"SNETWORK (1 56 6322.28750728095 0.958925946686683 13000402 69)",13
318,13000403,0.546833012043761,201,0.826606769083661,0.576140491778701,0.449959143780463,0.448153051499128,0.45024912066774,0.948368154094866,0.964257543350557,0.615995608197629,0.636554548150205,-0.0385123693939566,0.360334551472467,-0.10485347675073,-0.0385123693939566,-0.0385123693939566,-0.31694895044574,-0.905507507085286,-0.759217829355009,-0.0304326450106015,-0.981225929419738,-0.603050539930755,0.694143931109334,-0.735182512335809,-0.673195464551723,0.546833012043761,8,-0.620529490106068,-0.554781261393041,-0.546907323070486,0.495395638408351,0.533093588270954,0.289525321514596,0.636434028149485,-0.784867280979746,0.331564495424404,8007.0000000001,5.13981123337901,0.0843704414636891,522.0000000001,0.0852648723299938,5.225076105609,0.132436903806114,-0.436839253856504,-0.112015362085369,0.102849895804444,0.239715269881095,0.359525236603153,0.306741010762087,0.44560205769631,0.349418501793597,1.11243539976884,0.00383525105811212,0.00358216577649659,0.0932038960703947,38.0000000001,3.541748046975,0.0932038960703947,38.0000000001,3.541748046975,0.149932294932017,0.179268323740019,1e-10,0.686350157926176,0.5291233014986,0.301128763788364,0.805561908980961,1,0.955946779738605,0.975277852907368,0.986233363658323,0.989828666406973,0.0800785628380546,-0.802804274827672,0.387064778580382,0.0839604905546343,0.0839604905546343,0.0943559159580306,-0.153029905294539,0.639865421046601,0.678935519891521,0.572962184199005,0.59856928632089,-0.493026373262593,-0.742060669811201,15178342390.6736,8007.0000000001,0.130275745582286,0.00216115812382751,0.793739702113543,1.05848527326563,18450.5662859981,5.82076609134674e-11,361,1,"SNETWORK (1 318 18450.5662859981 0.793739702113543 13000403 361)",13
318,13000404,0.58879178934955,214,0.826606769083661,0.576140491778701,0.449959143780463,0.448153051499128,0.45024912066774,0.956573594377665,0.968407556177943,0.706561908767612,0.632368192808021,-0.0449548309853491,0.370444149544867,-0.10890360148532,-0.0449548309853491,-0.0449548309853491,-0.386019963224263,-0.918435373548549,-0.775280452032195,-0.0446468929731728,-0.991773569214844,-0.603050539930755,0.694143931109334,-0.735182512335809,-0.673195464551723,0.58879178934955,8,0.0466457510368995,-0.341969424761289,-0.339115405368796,-0.660680906401939,0.573449504173206,-0.174611040987032,0.632205627033045,0.41045842575462,0.127931205651453,6433.0000000001,1.59330663787933,0.122352586929144,575.0000000001,0.136204144393236,1.72951078217257,0.0373507290845043,-0.289933725241168,-0.288540755390623,-0.273919580968368,-0.0534616153204775,-0.00573017962002717,0.00659266235518481,-0.0514318345420997,0.0197547196672181,0.570097481030328,-0.587223933911359,-1.16990534019888,0.145305524653571,35.0000000001,5.085693359475,0.145305524653571,35.0000000001,5.085693359475,0.0825043449592052,0.101648179892424,1e-10,1.70463094736783,1.08403228734859,0.728272489437714,1.72926061376497,1,0.955946779738605,0.975277852907368,0.986233363658323,0.989828666406972,-0.728393719691264,0.509561388925665,0.0221166909887317,-0.671626065273314,-0.671626065273314,-0.00862803753167785,0.281580230227834,-1.09063548029285,-1.16172689297774,-0.231154381516983,-1.32224487102566,1.65220510199984,1.16619466082817,19188072024.8264,6433.0000000001,0.0344092474205868,0.00294148156391749,0.854182213309056,1.32203872358749,18522.1964965543,5.82076609134674e-11,416,1,"SNETWORK (1 318 18522.1964965543 0.854182213309056 13000404 416)",13
56,13000405,-0.936922621714607,38,0,0,-0.0539298651555209,-0.0526282971591558,-0.0497659234028937,-0.315843042712924,-0.0481977186336285,-0.462458123441704,0.00564004212450312,1.00716485155353,-0.666269665894296,0.909803211471032,1.00716485155353,1.00716485155353,0.0430223213235453,0.158213544155883,0.326213330770528,0.140519917273839,0.0164132848271197,0.396949460069245,-0.3182243350896,0.145121969788322,0.0313608172450206,-0.936922621714607,2,-0.00667774128990504,0.803000275587182,0.815371863875231,0.91823384524464,-0.948893219665793,-0.337532223637773,0.00544753566959484,0.230494775950149,0.457057720713088,11827.0000000001,8.6489946587983,0.049249817846629,8810.0000000001,0.694225431055898,9.3432200897542,0.0858988817803807,1.04945212837264,1.00248496915721,0.1014219916908,-0.347906103269346,-0.0523543426836994,0.736565458263474,-0.698198315873632,0.43659824944577,-1.06110537590567,0.248189917455139,0.270027987643368,0.644930013120833,90.0000000001,58.043701171975,0.644930013120833,90.0000000001,58.043701171975,2.23030419355552,0.64268411315901,1e-10,-0.26983323549825,-0.180044710950828,-0.304246067904141,-0.208868525826072,-0.0232557920329049,-0.145374652181789,-0.0456386537822686,-0.0156235779160857,0,0.0974734865507265,0.563474917452199,-0.657012340788,0.102488948059815,0.102488948059815,-0.915950369098989,-0.923990537333109,0.63570233657499,0.799777484618109,0.037627549501289,0.866201747630938,0.298447627389249,-0.135172996918401,0,11827.0000000001,0.0795163724832331,0.00638250919714758,0.504000405950575,2.68851973861456,5958.38862267786,0.00048828125,78,1,"SNETWORK (1 56 5958.38862267786 0.504000405950575 13000405 78)",13
328,13000406,0.87278951327903,278,0.833942087661095,0.661934694919581,0.679648502105189,0.676245639047415,0.674971766192546,0.855998466882622,1.0248599079338,0.235544095820725,0.0882856027197524,-0.0556378678819727,0.262662788947875,-0.278525312927301,-0.0556378678819727,-0.0556378678819727,-4.24411834578314,-0.0991947513871405,0.0169780460908144,1.08878475589022,-0.353441845192848,-0.560339494672534,0.667148486569063,-0.788859635579387,-0.682989322922567,0.87278951327903,8,0.119949208126741,-0.778265587423873,-0.761981823550531,-1.10188538628958,0.853854048974789,-0.311384896390628,0.088104956849604,-0.169739463724513,0.192024522375501,3876.0000000001,1.44095289313,0.0723301715116877,792.0000000001,0.11090573334546,1.55185862637546,0.0465688572526204,-0.568265444257011,-0.225153966949866,0.345757963907409,-0.264723164290244,-0.501997640900724,-0.737248881845478,0.0995434019822427,-1.42049624668038,0.241199046135833,-1.06904550472087,-1.2983390599828,0.828681640725,25.0000000001,20.717041015725,0.828681640725,25.0000000001,20.717041015725,0.600155668675206,0.916434246402839,1e-10,0.149965145726433,-0.0187399503987405,-0.2258851487283,-0.0304418693676884,1,0.955946779738604,1.27717508738715,1.28529677079185,1.31366454417867,0.138392768553957,0.719298580869256,-0.0130300932649336,0.146488188194254,0.146488188194254,-0.073061157111143,-0.920547060142781,-0.556616571102358,-0.429955772171111,0.557226099572067,-1.00523865183631,2.46301171780939,0.955240166911455,0,3876.0000000001,0.0432407490624459,0.00332810809017451,0.304334338108833,0.539736058658182,18923.0493354096,2.91038304567337e-11,485,1,"SNETWORK (1 328 18923.0493354096 0.304334338108833 13000406 485)",13
318,13000407,0.424242672783138,173,0.826606769083661,0.576140491778701,0.449959143780463,0.448153051499128,0.45024912066774,0.935421124791825,0.958066962077645,0.480736512463873,0.642093903078439,-0.0269870236417871,0.344309712636008,-0.103801086103884,-0.0269870236417871,-0.0269870236417871,-0.259371379399275,-0.888120296723109,-0.739060586434366,-0.0272209510575291,-0.96497276513278,-0.603050539930755,0.694143931109334,-0.735182512335809,-0.673195464551723,0.424242672783138,8,-0.506757401424353,0.108539447023722,0.108801370169395,0.745561137350078,0.413470844829806,0.0298144297656612,0.641935397439629,-0.31012262996862,0.352909675234303,4770.0000000001,3.25905181650913,0.356441137556739,4298.0000000001,2.96594814398379,6.22499996039292,0.0959477264851604,0.108341041461112,0.0252586837542162,-0.96652146629334,0.0579773613455446,-0.305330497863799,-1.19813169285622,-0.167612936304536,-1.19995821129117,0.431206609490304,-0.538377347381192,-1.10293004099168,0.522008825331482,54.0000000001,28.1884765626,0.522008825331482,54.0000000001,28.1884765626,1.53567049450766,1.09580205243768,1e-10,-0.736098044821644,-1.02095835395751,-0.673108504680466,-0.596362737521137,1,0.955946779738605,0.975277852907368,0.986233363658323,0.989828666406973,0.36450640796903,0.599567377960418,-0.606335586088767,0.400411447733734,0.400411447733734,1.20106109935568,-0.669098590506354,0.144583910583648,0.159323016895299,-0.131120175758665,0.290722662923393,0.991011611726575,0.33277545601695,0,4770.0000000001,0.0502327090683498,0.0457150173168106,0.649241958806581,0.738295359728351,18279.3225111574,5.82076609134674e-11,375,1,"SNETWORK (1 318 18279.3225111574 0.649241958806581 13000407 375)",13
56,13000408,-1.01366514611347,28,0,0,-0.0539298651555209,-0.0526282971591558,-0.0497659234028937,-0.322820020815571,-0.0519806200241655,-0.467884719556702,0.0071860460183158,1.01062641679217,-0.674311827359717,0.911043706641659,1.01062641679217,1.01062641679217,0.0893026846641216,0.153182456386729,0.320503513341049,0.124567881561904,0.0136563451416417,0.396949460069245,-0.3182243350896,0.145121969788322,0.0313608172450206,-1.01366514611347,2,0.6929370486911,0.751403227481309,0.762350508317081,-0.288379274444859,-1.02223228239884,-0.101312009617831,0.00700263797050205,0.0863803961248188,0.458890425503388,3740.0000000001,2.74600030571156,0.0764782013804233,15775.0000000001,1.93030980041626,4.67631010602782,0.0446707435885412,0.961839262398067,-0.14425198624207,-0.211590214486297,0.281497321621118,-0.285549898362495,-1.80185753737019,-0.554000762358878,-1.12530800126929,-0.771499246711357,-0.664329583810262,-0.726325707174098,0.0713019121065789,76.0000000001,5.4189453126,0.0713019121065789,76.0000000001,5.4189453126,0.0679503994005576,0.211897536915287,1e-10,0.404363941778596,-0.237330401589009,-0.156125683159217,-0.228854930833267,-0.0232557920329049,-0.145374652181789,-0.0456386537822686,-0.0156235779160853,0,-0.00803563069026653,-0.776652031813729,0.424004827871009,-0.00830991931847951,-0.00830991931847951,-1.18048586003744,0.468351370137475,-0.46718659998941,-0.555786755223433,-0.742261973953306,-0.221490638063775,-0.818824584276891,-0.476085226532176,0,15775.0000000001,0.0262313389173945,0.0184394045711466,0.425892253202774,2.09563636223477,5895.90923403474,0.00048828125,16,1,"SNETWORK (1 56 5895.90923403474 0.425892253202774 13000408 16)",13
137,13000409,-0.16855752530159,77,-0.169336007143403,-0.45983907781187,-0.612877153222713,-0.614349237474709,-0.609405455638136,-0.0207855817301696,-0.0255617096038511,-0.205193877739714,-0.379216784087878,0.0217044329360688,-0.0166039209337201,0.0578882672851535,0.0217044329360688,0.0217044329360688,0.320803625188966,0.0688911691400333,-0.0180860851686858,-0.788358034106224,0.0513272955113168,0.0677281446396492,-0.117429098893948,0.617705950750841,0.326804535448277,-0.16855752530159,1,-0.213414009036039,-0.0725081913028953,-0.0723876322372549,-0.0169216816466419,-0.164936865028688,1.28381962831994,-0.379385219232701,0.382672932465995,0.267889776204005,1673.0000000001,0.828684898941635,0.0623713155979108,1941.0000000001,0.223845198997069,1.0525300978387,0.0185733853520715,-0.0677057101775963,-0.424384848380084,-0.215684053804071,1.37277846770095,1.47648899478055,-0.164119542001106,0.611088093019364,-0.182951511504951,-0.0811806540953374,-0.0498104660655967,-0.0229339594685925,0.986524499080978,46.0000000001,45.380126953225,0.986524499080978,46.0000000001,45.380126953225,2.28647282740384,1.78782981426355,1e-10,-0.169210195748662,-0.295184740281351,-0.321916567765079,-0.281318441439207,0,-0.044053220261396,0,3.57648972802931e-16,-0.0227070388776258,0.349691058403844,0.202038215056662,-1.0691492994439,0.38319912684549,0.38319912684549,0.740970921985017,-0.135323362496032,-0.0740426184182679,-0.0543488624058922,0.458171002633895,-0.304580967886953,0.404322159626025,0.929774706441307,0,1941.0000000001,0.0146233194773501,0.0039500657747214,0.349391231493857,1.24484177489593,4815.90627888245,0.001953125,185,1,"SNETWORK (1 137 4815.90627888245 0.349391231493857 13000409 185)",13
137,13000410,0.672460262683616,166,-0.166057912338905,-0.453200003638288,-0.550040856219537,-0.551846948500872,-0.54975087933226,-0.01669716648734,-0.0454956043712528,-0.703925973438089,-0.422109037340548,-0.18742372593435,-0.0173045852862411,0.191420494684732,-0.18742372593435,-0.18742372593435,-3.26741208441724,0.183268611844828,0.0355595396675586,-0.702646938470319,0.149861081798262,0,0,0.264817487664191,0.333376028400019,0.672460262683616,1,-1.25286436114776,-0.844020222486718,-0.824586308396635,0.670392692884834,0.664060164887476,1.50206974449387,-0.422155045997177,-0.747798193089979,0.109039445878077,435.0000000001,0.0877021494449148,0.0816835408796237,889.0000000001,0.134268352755638,0.221970502100553,0.00700131531593123,-0.602998196606338,-0.190211091329045,-0.179063173618656,1.50451321137187,1.39443226974786,-0.795481556509961,1.37146356762254,-1.6119212724892,0.444994262506373,-0.514740218310404,-0.22474603337242,0.64880859385,25.0000000001,16.22021484385,0.64880859385,25.0000000001,16.22021484385,1.01298659767541,1.28470624871509,1e-10,0.265181108251925,0.750562007619057,1.72599373345734,1.2090940389889,0,0,-0.0247221470926322,-0.0137666363416776,-0.010171333593027,-0.253850527394092,-0.331138387417959,0.526593458551448,-0.252236329218907,-0.252236329218907,0.0556749827590628,0.744611094799959,0.140202626794954,0.145865311196184,-0.0276813511647609,0.23202407917728,-0.39956897344157,-1.09328799011822,0,889.0000000001,0.00276627023475802,0.00423504498117321,0.646107181477478,0.52724502214854,5331.29047799807,0.001953125,245,1,"SNETWORK (1 137 5331.29047799807 0.646107181477478 13000410 245)",13
137,13000411,0.314238682602538,114,-0.169336007143403,-0.45983907781187,-0.612877153222713,-0.614349237474709,-0.609405455638136,0.000203962244255509,-0.0425188028034142,-0.437519197936246,-0.390731230710596,-0.0460336302368361,0.00012389531821804,0.091313259519749,-0.0460336302368361,-0.0460336302368361,-0.191120552519675,0.129909954750326,0.0394397763818654,-0.695761123634861,0.0978131127643256,0.0244718896476977,-0.0463928842676715,0.415324305327625,0.335969349634022,0.314238682602538,1,-0.851243162984383,-0.527578774959748,-0.520500858950361,0.399749901880684,0.295981927967051,-0.34291609686711,-0.390933515601718,-0.586709772340385,0.169642615987775,1761.0000000001,0.552372006809903,0.0660740818332887,279.0000000001,0.0340857367304145,0.586457743440317,0.014562960500681,-0.419317261362099,2.57504391470759,-0.818960585701901,-0.0296052621846253,-0.250896308414903,-0.709206261774706,-0.0903323539850741,-1.13280112425341,-0.860682038691662,-1.53877106350165,-0.764193907784345,0.010650634865625,24.0000000001,0.255615234475,0.010650634865625,24.0000000001,0.255615234475,0.293445926594578,0.302254805814618,1e-10,1.66329040352686,1.2105028536708,0.703571955955408,2.30123582818305,0.0077083871191464,-0.064247727032765,0.0411361613861073,0.0417129507535385,0.0115870664591165,-0.934735366168245,0.0436046336560568,-0.723229908206811,-0.834832044259868,-0.834832044259868,-0.19157479624554,0.757533777536725,-0.254106404539908,-0.203106328000649,-0.0922130531514685,-0.266231659582356,0.509881583484498,-0.204323681789889,31129325804.9919,1761.0000000001,0.0137165409639634,0.000846419436717568,0.471680571849565,0.245565498138996,5028.31816217717,0.001953125,184,1,"SNETWORK (1 137 5028.31816217717 0.471680571849565 13000411 184)",13
56,13000412,-1.01366514611347,28,0,0,-0.0539298651555209,-0.0526282971591558,-0.0497659234028937,-0.322820020815571,-0.0519806200241655,-0.467884719556702,0.0071860460183158,1.01062641679217,-0.674311827359717,0.911043706641659,1.01062641679217,1.01062641679217,0.0893026846641216,0.153182456386729,0.320503513341049,0.124567881561904,0.0136563451416417,0.396949460069245,-0.3182243350896,0.145121969788322,0.0313608172450206,-1.01366514611347,2,0.6929370486911,0.751403227481309,0.762350508317081,-0.288379274444859,-1.02223228239884,-0.101312009617831,0.00700263797050205,0.0863803961248188,0.458890425503388,3740.0000000001,2.74600030571156,0.0764782013804233,15775.0000000001,1.93030980041626,4.67631010602782,0.0446707435885412,0.961839262398067,-0.14425198624207,-0.211590214486297,0.281497321621118,-0.285549898362495,-1.80185753737019,-0.554000762358878,-1.12530800126929,-0.771499246711357,-0.664329583810262,-0.726325707174098,0.0713019121065789,76.0000000001,5.4189453126,0.0713019121065789,76.0000000001,5.4189453126,0.0679503994005576,0.211897536915287,1e-10,0.404363941778596,-0.237330401589009,-0.156125683159217,-0.228854930833267,-0.0232557920329049,-0.145374652181789,-0.0456386537822686,-0.0156235779160853,0,-0.00803563069026653,-0.776652031813729,0.424004827871009,-0.00830991931847951,-0.00830991931847951,-1.18048586003744,0.468351370137475,-0.46718659998941,-0.555786755223433,-0.742261973953306,-0.221490638063775,-0.818824584276891,-0.476085226532176,0,15775.0000000001,0.0262313389173945,0.0184394045711466,0.425892253202774,2.09563636223477,5895.90923403474,0.00048828125,16,1,"SNETWORK (1 56 5895.90923403474 0.425892253202774 13000412 16)",13
56,13000413,-1.13935496570333,11,0,0,-0.0539298651555209,-0.0526282971591558,-0.0497659234028937,-0.323088484904935,-0.052587847741303,-0.462508993757346,0.00790488859314589,1.01046747430777,-0.674215066214772,0.910399003970099,1.01046747430777,1.01046747430777,0.0952561212200371,0.151808200136068,0.318918972132197,0.119984874657696,0.0129385635676815,0.396949460069245,-0.3182243350896,0.145121969788322,0.0313608172450206,-1.13935496570333,2,1.16756108208386,0.471862049305569,0.476436148011502,-1.05751379087921,-1.14000131002012,0.367996092262514,0.0077118302704725,2.31508834187348,0.708929789398261,12110.0000000001,13.7362235975315,0.0570382297883221,526.0000000001,0.0480033742056514,13.7842269716372,0.162070983940371,0.540858874857581,0.97080454761259,0.720716341538957,0.282852976445221,0.509519712130164,0.405703838043813,-0.182578163084817,0.309312255292891,-0.203273551720224,-0.499283893636353,-0.546521420593638,1.22978734268396,67.0000000001,82.395751953225,1.22978734268396,67.0000000001,82.395751953225,3.29381910468583,1.51399488185287,1e-10,-1.12486135571884,-1.51397689247402,-0.932174662658264,-0.673284394569386,-0.0232557920329048,-0.145374652181789,-0.0456386537822686,-0.0156235779160857,0,-0.454499845077296,-0.247582556711382,-0.898940541835909,-0.437451404361655,-0.437451404361655,1.43480641095124,-1.1762235655948,0.0482759430800001,-0.186801517049183,-0.587965844483544,0.394160205882044,-0.0514540371714215,-0.165331345985675,0,12110.0000000001,0.161506573947453,0.000564409892917827,0.308261088625468,4.06826767466474,5801.81504553307,0.00048828125,12,1,"SNETWORK (1 56 5801.81504553307 0.308261088625468 13000413 12)",13
137,13000414,0.314238682602538,114,-0.169336007143403,-0.45983907781187,-0.612877153222713,-0.614349237474709,-0.609405455638136,0.000203962244255509,-0.0425188028034142,-0.437519197936246,-0.390731230710596,-0.0460336302368361,0.00012389531821804,0.091313259519749,-0.0460336302368361,-0.0460336302368361,-0.191120552519675,0.129909954750326,0.0394397763818654,-0.695761123634861,0.0978131127643256,0.0244718896476977,-0.0463928842676715,0.415324305327625,0.335969349634022,0.314238682602538,1,-0.851243162984383,-0.527578774959748,-0.520500858950361,0.399749901880684,0.295981927967051,-0.34291609686711,-0.390933515601718,-0.586709772340385,0.169642615987775,1761.0000000001,0.552372006809903,0.0660740818332887,279.0000000001,0.0340857367304145,0.586457743440317,0.014562960500681,-0.419317261362099,2.57504391470759,-0.818960585701901,-0.0296052621846253,-0.250896308414903,-0.709206261774706,-0.0903323539850741,-1.13280112425341,-0.860682038691662,-1.53877106350165,-0.764193907784345,0.010650634865625,24.0000000001,0.255615234475,0.010650634865625,24.0000000001,0.255615234475,0.293445926594578,0.302254805814618,1e-10,1.66329040352686,1.2105028536708,0.703571955955408,2.30123582818305,0.0077083871191464,-0.064247727032765,0.0411361613861073,0.0417129507535385,0.0115870664591165,-0.934735366168245,0.0436046336560568,-0.723229908206811,-0.834832044259868,-0.834832044259868,-0.19157479624554,0.757533777536725,-0.254106404539908,-0.203106328000649,-0.0922130531514685,-0.266231659582356,0.509881583484498,-0.204323681789889,31129325804.9919,1761.0000000001,0.0137165409639634,0.000846419436717568,0.471680571849565,0.245565498138996,5028.31816217717,0.001953125,184,1,"SNETWORK (1 137 5028.31816217717 0.471680571849565 13000414 184)",13
56,13000415,-0.554243798308577,86,0,0,0,0,0,-0.227767854961717,-0.0261239013218046,-0.371291547927785,-0.00810954537187035,0.973560859834618,-0.662021837634406,0.91300689233404,0.973560859834618,0.973560859834618,-0.168325733320602,0.21252926525198,0.384702817656482,0.298116308397675,0.0480333905940638,0.442037567785408,-0.329724348592432,0,0,-0.554243798308577,2,0.0546674515568138,0.370202410828613,0.373078909244641,0.155830408227637,-0.557764771798216,0.373897016048267,-0.00827084646433951,-0.292747589830753,0.140739988630978,2795.0000000001,0.629389228810002,0.277558533291827,8952.0000000001,3.97552638270983,4.60491561141983,0.0583982905714141,0.407983533556141,7.2465545195578,-0.10566119105943,0.647784256474081,0.726003289087779,-0.179090336536995,-0.121781009726659,-0.105554570877764,-0.14667874890121,0.00383525105811212,0.00358216577649659,1.48180090872772,46.0000000001,68.162841796975,1.48180090872772,46.0000000001,68.162841796975,2.67223235144184,1.8894405210738,1e-10,-0.159336304035239,0.235983034736695,1.90649125732214,0.163371044591416,-0.0232557920329049,-0.14537465218179,-0.0247221470926318,-0.013766636341678,-0.0101713335930273,-0.341707231806957,0.379617881563365,-0.502805051350414,-0.334816924529363,-0.334816924529363,0.65789400599303,-0.0732691701727332,-1.00849724477078,-1.07484051278811,-0.706597619950257,-0.968920226008815,0.064682160814098,-0.0555518785185875,0,8952.0000000001,0.00798174344551157,0.0504165470259026,0.863112539438587,3.5874420763064,6245.64553204433,0.00048828125,70,1,"SNETWORK (1 56 6245.64553204433 0.863112539438587 13000415 70)",13
137,13000416,0.603463900747498,157,-0.166057912338905,-0.453200003638288,-0.550040856219537,-0.551846948500872,-0.54975087933226,0.000351060470146289,-0.0453826003982154,-0.683573507537854,-0.411336245876656,-0.141602668182833,0.0215891108956882,0.110471522752331,-0.141602668182833,-0.141602668182833,-1.70380901859374,0.153945485623319,0.0307857032296717,-0.709668076707414,0.122659011772537,0,0,0.264817487664191,0.333376028400019,0.603463900747498,1,-1.73413194306001,-1.92441287787616,-1.79606931045855,-0.0255708580262223,0.592439458159783,0.966797885587306,-0.411244382603255,-0.881081015849745,0.222995853480245,34.0000000001,0.0140188714073862,0.124971646794587,154.0000000001,0.0355852121185353,0.0496040834259215,0.00360001147613378,-0.987352244848976,-0.661759042379934,-0.948312565283828,1.29870079200121,0.628511826424898,-2.42083547479544,2.14786159505573,-11.3725407627694,1.07949132916127,-6.77313521758894,-3.14699845807962,0.5299072266625,4.0000000001,2.11962890635,0.5299072266625,4.0000000001,2.11962890635,0.212039791546758,0.471325069815597,1e-10,0.00299795673400264,0.208588361366191,0.400991637334913,0.0696249820432135,0,0,-0.0247221470926318,-0.0137666363416772,-0.010171333593027,-0.595222271072356,0.241845428270349,-0.608859615419304,-0.560357788411772,-0.560357788411772,-0.154706623604021,0.162424613418105,0.655710213615541,0.972422636833104,0.884949248103778,0.460673673576515,0.450324631484329,-0.218835442763083,0,154.0000000001,0.00101741818018383,0.00258259319594996,0.61744252024254,1.11823366102567,5281.50106332621,0.001953125,259,1,"SNETWORK (1 137 5281.50106332621 0.61744252024254 13000416 259)",13
56,13000417,-0.971182029411317,34,0,0,-0.0539298651555209,-0.0526282971591558,-0.0497659234028937,-0.320688619257429,-0.0503819773217915,-0.469259034241079,0.00666513133052796,1.0096098694424,-0.671289140374317,0.910400391710876,1.0096098694424,1.0096098694424,0.0723713973859649,0.154707825531418,0.32222532498538,0.129504696670628,0.0144786270914728,0.396949460069245,-0.3182243350896,0.145121969788322,0.0313608172450206,-0.971182029411317,2,0.388030603588624,0.282822396668939,0.284532882165729,-0.421562222253949,-0.977677039759324,0.0352266807299592,0.00651337570569947,1.68127584234779,0.138380269055018,1388.0000000001,0.307314901395045,0.0811670375147431,9402.0000000001,1.22101197733643,1.52832687863148,0.0206852166230201,0.301446138059638,-0.125863822441428,-0.247753320911082,-0.343298517981372,-0.191621315507132,0.36582085572978,-0.259705015924393,0.323256218960787,-0.308911937493493,-0.00702063654289422,-0.00794378691129853,0.344178491809184,49.0000000001,16.86474609385,0.344178491809184,49.0000000001,16.86474609385,0.431916322909711,0.194629474918183,1e-10,0.964621388613147,0.346214555887294,0.219157563970242,0.475526204067744,-0.0232557920329049,-0.145374652181789,-0.0456386537822689,-0.0156235779160857,3.8573928898018e-16,0.223279122663916,-0.831575978340106,0.276559092999425,0.239643173666514,0.239643173666514,-0.542510138072246,0.746530411365448,-1.25710905927499,-1.46980946251186,-1.55295369825983,-0.871848544590111,-1.41245085656603,-1.00210505119517,4162143448.20557,9402.0000000001,0.00415936889112798,0.0165258476318922,0.471364743573937,0.819137073741158,5932.28307336549,0.00048828125,58,1,"SNETWORK (1 56 5932.28307336549 0.471364743573937 13000417 58)",13
318,13000418,0.468595279066801,181,0.826606769083661,0.576140491778701,0.449959143780463,0.448153051499128,0.45024912066774,0.943807509620753,0.961336222905676,0.571099054940831,0.639078046650339,-0.0337309143488787,0.356109347521804,-0.103260688880667,-0.0337309143488787,-0.0337309143488787,-0.292389409584872,-0.900021728394466,-0.752095374255666,-0.0282306716768371,-0.976248823194029,-0.603050539930755,0.694143931109334,-0.735182512335809,-0.673195464551723,0.468595279066801,8,-0.890418585895645,-1.13524432020589,-1.09772758196348,-0.339467367428355,0.450482774562152,-0.0985308270830687,0.639113892040695,-0.835521374245903,0.231575424706736,1776.0000000001,0.796241395303628,0.0566024982399831,569.0000000001,0.062352976193246,0.858594371396874,0.0338018911607785,-0.738154642306247,0.117691187689985,-0.501491379814588,0.281317745880247,-0.139676338404899,-1.39127004580867,0.576075594156114,-3.53595382096261,1.24030041598562,0.290916861951495,0.590191343276429,0.741315569296429,21.0000000001,15.567626953225,0.741315569296429,21.0000000001,15.567626953225,0.37526788865836,0.786277719321176,1e-10,-0.729518367399617,-1.08070399632623,-0.548449821188618,-0.578742214378751,1,0.955946779738605,0.975277852907368,0.986233363658323,0.989828666406973,0.49238426163422,0.704261470184991,0.519723257988846,0.552459453096198,0.552459453096198,1.49400148416646,-0.838551532870764,0.269280349748637,0.435489903902877,1.0529040156926,-0.14563152347337,1.05875658538966,0.524159044919556,10.5708360959419,1776.0000000001,0.0313471247873452,0.00245476627343329,0.689678057924571,0.323872783434564,18327.2431920921,5.82076609134674e-11,335,1,"SNETWORK (1 318 18327.2431920921 0.689678057924571 13000418 335)",13
140,13000419,-0.321280985497697,130,0.016376969797183,0.0406255841243769,0,0,0,-0.0934934136385314,-0.000778698949346903,-0.511386875701511,-0.0471517237471573,0.963770635387176,-0.730401477011211,0.977407011043017,0.963770635387176,0.963770635387176,-2.89484358860211,0.328752194680866,0.511036967729154,0.583947048443809,0.122360878529247,0.45221133369877,-0.305856068890666,-0.190739766812213,-0.0312046492625428,-0.321280985497697,2,0.465718958253619,0.889061924183837,0.903965439776254,0.215515392745968,-0.339389598185324,-0.626356491717382,-0.0473461768917789,0.311601519845741,0.782622577842596,5011.0000000001,6.27475477940374,0.109972581575982,17035.0000000001,2.99741268080684,9.27216746011058,0.0799739646030285,1.20318820213239,-0.189456957016916,0.0500653115597263,-0.515957200141996,-0.655400694931776,-0.412112378876758,-0.885228861874866,-0.236751147521786,-1.62669473260534,-0.0586419442393905,-0.0581297645378453,0.440029046574359,78.0000000001,34.3222656251,0.440029046574359,78.0000000001,34.3222656251,1.19432982555928,0.337426044834752,1e-10,1.12205626964278,0.935193126326699,0.173714609914644,1.7322845767455,-1.03276561575505e-16,-6.2602913664822e-16,0.0705624087924016,0.0874984919697694,0.09448795543854,-0.158245220366766,-0.365175278264074,0.138768224451289,-0.159664260106367,-0.159664260106367,-0.928086568812857,0.385314374718037,-0.813081607863092,-0.973520171391041,-1.19706812551268,-0.455324194441145,-0.301596784967825,-0.629927139437853,76120085.9739398,17035.0000000001,0.0541207887098141,0.0258531757932144,0.138661344881223,3.85756285411128,6494.17092540904,0.000244140625,297,1,"SNETWORK (1 140 6494.17092540904 0.138661344881223 13000419 297)",13
318,13000420,0.390500015065244,167,0.826606769083661,0.576140491778701,0.449959143780463,0.448153051499128,0.45024912066774,0.931025193253041,0.956609154637991,0.453888238238751,0.643180701144769,-0.0244368834630186,0.340122262649505,-0.103262176577431,-0.0244368834630186,-0.0244368834630186,-0.254247216337057,-0.883079101292571,-0.733667898381364,-0.0289741163419318,-0.959909260980011,-0.603050539930755,0.694143931109334,-0.735182512335809,-0.673195464551723,0.390500015065244,8,-1.27967915016671,0.170575371988612,0.171213040028252,0.513789923996943,0.397998663393617,0.531262660736735,0.643076735846015,-0.132831810613715,0.0917202267387136,3229.0000000001,0.573379928128922,0.125592748238516,4497.0000000001,1.0934445711106,1.66682449913952,0.0245289675827792,0.174258866942286,-0.338097990661463,0.500588636983044,1.16797919951155,1.48381184370221,-0.446794777714363,0.0814895950840513,-1.01515670245645,0.733856093243313,0.00383525105811212,0.00358216577649659,0.687711588641667,60.0000000001,41.2626953126,0.687711588641667,60.0000000001,41.2626953126,2.1066542985785,1.34266328641135,1e-10,0.433709256198806,0.388502089205203,-0.00265078387855624,0.731137750020665,1,0.955946779738605,0.975277852907368,0.986233363658323,0.989828666406973,0.352819099304019,-0.878794983607029,0.0859345903037684,0.386826383367353,0.386826383367353,-0.480200209791815,-0.323901146851999,0.973145101831925,0.876809791392035,0.112140642882252,1.28275585191697,-0.637934866130773,-1.14116441417953,0,4497.0000000001,0.00843785150626483,0.0160911159765144,0.61443045517348,1.36576651997018,18238.06751884,5.82076609134674e-11,376,1,"SNETWORK (1 318 18238.06751884 0.61443045517348 13000420 376)",13
137,13000421,0.650084837652502,162,-0.166057912338905,-0.453200003638288,-0.550040856219537,-0.551846948500872,-0.54975087933226,-0.0182595579822899,-0.0455105338941585,-0.678582601697892,-0.416936489068649,-0.167089984051769,0.000264760009586514,0.155764350918937,-0.167089984051769,-0.167089984051769,-2.56601682946204,0.165650763006595,0.029123557497346,-0.71642167884535,0.134756671794579,0,0,0.264817487664191,0.333376028400019,0.650084837652502,1,-1.39882078303994,-1.81494669225071,-1.70347917476392,-0.414623926391775,0.634877019631529,0.796640709538789,-0.417115693907778,-0.680103673574299,0.0875862099552964,77.0000000001,0.0124699239988888,0.0816345419316459,394.0000000001,0.0594713129752793,0.071941236874168,0.00479051507453561,-0.960794885464706,0.368708003742325,-0.919122671092898,1.54176334264619,0.340216755577265,-3.89916958396024,1.92535179874918,-16.8483969180097,0.893702719386555,-10.6907958129065,-4.89735199668433,0.054351806740625,8.0000000001,0.434814453225,0.054351806740625,8.0000000001,0.434814453225,0.323598716367366,0.399094367064477,1e-10,-0.0232664626502827,0.493105878346338,0.103074562994872,0.655663871427001,1.03276561575505e-16,0,-0.0247221470926315,-0.0137666363416776,-0.010171333593027,-0.171527905266135,-0.316445103336761,0.399481797796406,-0.172697482282101,-0.172697482282101,0.169398843612516,0.645856996155297,0.341918818303303,0.284745663655248,-0.0351684003340177,0.507587466705884,-0.362825685603537,-0.999172436048305,0,394.0000000001,0.000830363222090118,0.00396015175244549,0.633918702295236,1.56918212928576,5310.11955819371,0.001953125,238,1,"SNETWORK (1 137 5310.11955819371 0.633918702295236 13000421 238)",13
318,13000422,0.282545333268013,141,0.847990630531859,0.546799996361712,0.449959143780463,0.448153051499128,0.45024912066774,0.939911926880078,0.965768807313749,0.634989465663167,0.663624715268385,-0.00506671616657772,0.390532411665829,-0.0895329495420834,-0.00506671616657772,-0.00506671616657772,0.0653662497612494,-0.912801003474338,-0.762473583247195,-0.00989160269245444,-0.990884444994337,-0.603050539930755,0.694143931109334,-0.735182512335809,-0.673195464551723,0.282545333268013,8,0.667217395239498,0.81542917774669,0.8281545299171,-0.178408197976077,0.272301386381496,-0.53925765572683,0.663463429471618,1.98365602249636,0.200025690352131,3300.0000000001,1.27793580777488,0.216949511252478,5691.0000000001,2.39032296008613,3.66825876776101,0.0334153584616079,1.07105804884823,-1.50996480260087,-0.934131433454239,-0.666586136362251,-0.518612696049469,0.461246188407288,-0.816057324705281,0.26907639400255,-0.715555648647129,0.227218802093462,0.467284587585935,0.142143811777632,95.0000000001,13.503662109475,0.142143811777632,95.0000000001,13.503662109475,0.285129386275351,0.10635844740054,1e-10,0.807332361877306,0.745140095728956,0.143530282325678,1.21185797967492,1,0.892856820367323,0.975277852907368,0.986233363658323,0.989828666406973,-0.113657802424152,-0.240130460331857,0.0612048409060754,-0.115502303008529,-0.115502303008529,-0.332101470123867,-0.479065204118724,0.772553775122886,0.73059022682924,0.611272383473022,0.757766744783811,0.224805099141855,-0.0717643718043032,1032690764.53412,5691.0000000001,0.0116411315780254,0.0217742267835825,0.478863542702849,1.58354123023535,18077.4076406739,5.82076609134674e-11,341,1,"SNETWORK (1 318 18077.4076406739 0.478863542702849 13000422 341)",13
56,13000423,-0.742397136131306,63,0,0,-0.0539298651555209,-0.0526282971591558,-0.0497659234028937,-0.305284258022993,-0.045838898254773,-0.481867685140663,-0.000255615824268921,1.00062149501541,-0.681646221140939,0.930121351179377,1.00062149501541,1.00062149501541,0.00198232617350706,0.169902447099079,0.337442644749964,0.175159048832328,0.0231262745446777,0.396949460069245,-0.3182243350896,0.145121969788322,0.0313608172450206,-0.742397136131306,2,-0.685419460565978,-0.695851463583153,-0.683070150172964,-0.103152537817577,-0.752163014650919,0.444883467653927,-0.000448722922499241,-0.1987378079481,0.633694147388981,4993.0000000001,5.06245580395795,0.0514563286731609,1787.0000000001,0.147123934756258,5.2095797386142,0.146881257377031,-0.522293465324825,0.530349105480562,-0.323218834437078,0.315658687032681,0.658746861822052,0.739824583465252,0.661099131814621,1.37722448066015,0.695943269178562,1.6630206392608,1.79974836702719,1.63613455646161,28.0000000001,45.811767578225,1.63613455646161,28.0000000001,45.811767578225,1.6961050870505,2.11936423484993,1e-10,-0.207355830400826,-0.10693802771981,1.90877442723835,-0.0554200603990058,-0.0232557920329049,-0.145374652181789,-0.0322557394612218,-0.0144355343809378,-0.00650792099540319,0.164712966500952,-0.328001899227475,0.579860695466666,0.175098954546526,0.175098954546526,-1.85023374723368,-0.563662002500403,-0.112742703874106,-0.00139903080069418,-0.776371990805883,0.273408693995254,-0.446574862788742,-0.357232858932901,0,4993.0000000001,0.142733178241385,0.0041480790356456,0.695031065812395,0.635166982484926,6111.19570388993,0.00048828125,67,1,"SNETWORK (1 56 6111.19570388993 0.695031065812395 13000423 67)",13
137,13000424,-0.36232841443956,58,-0.169336007143403,-0.45983907781187,-0.612877153222713,-0.614349237474709,-0.609405455638136,0.0250372213652091,0.0146299363638492,0.0278074840770184,-0.362720003472765,0.0886822760783911,-0.029810202410189,-0.0179651497582474,0.0886822760783911,0.0886822760783911,0.513740739792757,-0.000206022718632224,-0.083635881459146,-0.902099587481986,-0.000155527630859066,0.0677281446396492,-0.117429098893948,0.617705950750841,0.326804535448277,-0.36232841443956,1,-1.18940756370066,-0.848043798412804,-0.828406569019369,0.539732959822303,-0.371587900615724,0.312246098955958,-0.362918039912952,-0.465951183147981,1.18181912006309,69.0000000001,0.150777815698224,0.381055522184861,143.0000000001,0.1007538480655,0.251531663663724,0.00795797034057806,-0.605069496918224,0.60092342877036,0.246700102374319,-0.0347863694675005,1.19795095377147,3.2156571545164,0.691848374909161,6.6498400178593,0.0397030882483793,0.76263501084792,0.414351521060452,1.18839518239167,3.0000000001,3.565185546975,1.18839518239167,3.0000000001,3.565185546975,0.148908720738881,1.45232952659586,1e-10,-0.06201364704726,-0.137356115821556,-0.280260692268229,0.152989413721954,-1.03276561575505e-16,-0.0440532202613954,3.42243995575329e-16,0,-0.0227070388776265,0.86650963118963,-0.841210929918826,0.364059421974486,1.03519954173123,1.03519954173123,-0.568179664705299,0.257058970255964,-0.899382242204655,-1.06550970302496,-0.964980433848867,-0.690045009934061,-0.545005237524962,0.336217026085483,0,143.0000000001,0.00477031540470869,0.00318765483586937,0.28960870130796,0.059837550856173,4712.06632203933,0.001953125,134,1,"SNETWORK (1 137 4712.06632203933 0.28960870130796 13000424 134)",13
137,13000425,-0.230168320096451,71,-0.169336007143403,-0.45983907781187,-0.612877153222713,-0.614349237474709,-0.609405455638136,0.0372980109815586,0.0141692087406332,0.00733587445154118,-0.365061165420242,0.0698912395991652,-0.0143031615237152,-0.0291668235170587,0.0698912395991652,0.0698912395991652,0.483014979242056,0.0117385600441737,-0.0720574916920241,-0.877495028531959,0.00810134495456665,0.0677281446396492,-0.117429098893948,0.617705950750841,0.326804535448277,-0.230168320096451,1,0.0914615773891444,-0.288481338742813,-0.286474265312602,-0.658837618706075,-0.230286727308563,1.04633023038567,-0.364388780991414,-0.0327026354202785,0.152100079994189,2901.0000000001,0.81585788565523,0.099942333339485,2092.0000000001,0.386588124600739,1.20244601015597,0.0249460355222909,-0.249252099581834,-0.418682673828985,-0.532523711312929,0.475518494871253,1.74563210422697,3.39238625018688,0.674062489903798,4.59396234983296,0.0193194643091241,3.3473424174957,1.80832519748259,0.460580008470536,28.0000000001,12.896240234475,0.460580008470536,28.0000000001,12.896240234475,0.86782032018018,1.00428641788276,1e-10,-0.348900232872904,0.108987983400651,1.76219856171718,0.222938621095352,0,-0.044053220261396,-0.00994171693282916,-0.00553612486906429,-0.0176659918043427,0.517508022058546,-0.694729087396177,0.235630508827176,0.583078517269703,0.583078517269703,-0.123851104840483,0.475148941009695,-0.831539920404622,-0.937079952828443,-0.704943599560502,-0.731376462329739,0.119628489629787,0.425736371827976,0,2901.0000000001,0.0169258490962674,0.00802018632602353,0.330320700234116,1.37733499451394,4782.78149917123,0.001953125,171,1,"SNETWORK (1 137 4782.78149917123 0.330320700234116 13000425 171)",13
137,13000426,0.187179090965222,101,-0.169336007143403,-0.45983907781187,-0.612877153222713,-0.614349237474709,-0.609405455638136,0.0117923918539212,-0.0204146514420755,-0.26887185985949,-0.383472726017215,-0.0144883091499049,0.018567381351466,0.0426932058328105,-0.0144883091499049,-0.0144883091499049,0.167074219992972,0.0955125988534647,0.00811008971999067,-0.736817463130274,0.0701624847539591,0.0677281446396492,-0.117429098893948,0.617705950750841,0.326804535448277,0.187179090965222,1,-1.31231808248762,-2.00552601339102,-1.8636663086294,-0.72999404091192,0.176151058706935,1.06342464890881,-0.383113197455689,-0.816955578438753,0.208556330629973,32.0000000001,0.0123398733781866,0.0710239312059316,3.0000000001,0.000393970238969194,0.0127338435171558,0.000985339552201258,-1.00569725596382,-0.501859353295736,1.47343980111262,1.38446461940723,0.586217485063659,-2.59989365110039,2.29238976649046,-13.026954393275,1.27131884272857,-9.49445439885768,-4.81992678046379,0.4234619141625,2.0000000001,0.846923828225,0.4234619141625,2.0000000001,0.846923828225,0.26762200268026,0.312744605196109,1e-10,-0.315397061932697,-0.0767952472895423,-0.157520414135602,0.068832074552565,0,-0.0286360844327084,-0.0247221470926318,-0.0137666363416769,-0.0101713335930273,0.418920570905791,-0.515831102114559,0.291099788909393,0.464342161012127,0.464342161012127,1.07293673529138,0.595054488515701,-0.752588670940507,-0.950823659576746,-1.04478019840782,-0.451561374372458,0.587343135760795,0.0888775619170356,0,32.0000000001,0.000954854208414409,3.04852437868492e-05,0.425458428070559,0.942856348119676,4948.03207525038,0.001953125,111,1,"SNETWORK (1 137 4948.03207525038 0.425458428070559 13000426 111)",13
328,13000427,0.746476331408239,251,0.833942087661095,0.661934694919581,0.584902015722838,0.581791403280787,0.581496445193316,0.835829158592852,0.996689355514279,0.489017812407926,0.101611598278766,-0.0404907915981661,0.223187047465912,-0.250660362549171,-0.0404907915981661,-0.0404907915981661,0.690916576836403,-0.122754501888065,0.000516683717403378,1.00132095421182,-0.364679842184563,-0.560339494672534,0.667148486569063,-0.788859635579387,-0.682989322922567,0.746476331408239,8,0.460303374285031,0.515050331679458,0.520451040825812,-0.253118300062162,0.732593559626707,-0.550825901074311,0.101426316031993,1.65503831152359,0.369842471045865,5230.0000000001,3.74479279427826,0.0744659568482509,3399.0000000001,0.490025025561726,4.23481781973999,0.0482179047109834,0.600384416109253,-0.195972267927737,-0.292085021955428,-0.525574246392868,-0.66774526847019,-0.421915525455208,-0.736332376973916,-0.314800143450063,-1.02599716038467,-0.257699980217455,-0.318919253045817,0.0994047278113971,68.0000000001,6.759521484475,0.0994047278113971,68.0000000001,6.759521484475,0.00940408799943383,0.170030427251947,1e-10,-0.36802483563481,-0.24431028109793,1.93628095341811,-0.261463652655157,1,0.955946779738605,1.12622647014716,1.13576525923632,1.15174660529271,0.342471102449416,0.341202370575802,-1.04193598576464,0.374840916337126,0.374840916337126,0.738367511129805,-1.56766485936164,0.432239155482324,0.369970532015376,0.554981983716275,0.328042895059346,0.267077133325297,0.2988533815015,0,5230.0000000001,0.0426384485538355,0.00557945605714791,0.0904410484630066,5.93981823255371,18762.7741978704,2.91038304567337e-11,460,1,"SNETWORK (1 328 18762.7741978704 0.0904410484630066 13000427 460)",13
318,13000428,0.434846226453889,175,0.826606769083661,0.576140491778701,0.449959143780463,0.448153051499128,0.45024912066774,0.937268242884273,0.958066962077645,0.506187668184844,0.641717249263545,-0.0278763707539192,0.345874492656784,-0.104090389711055,-0.0278763707539192,-0.0278763707539192,-0.261163826450039,-0.890153284998516,-0.741228604919197,-0.0270691656289092,-0.96693903510034,-0.603050539930755,0.694143931109334,-0.735182512335809,-0.673195464551723,0.434846226453889,8,-0.685135014741885,0.147721817872381,0.148202543824179,1.17175963726741,0.422558888496272,0.00738351649241983,0.641553966542815,-0.42662340174779,0.146330639851378,1423.0000000001,0.403134060652654,0.161929635618925,5730.0000000001,1.79634720225071,2.19948126280337,0.032924177189308,0.149624798420267,1.20686856588635,0.941776839122222,-0.0929073677358294,0.105903421973751,0.407097110963838,-0.203788191180277,0.399423482264674,0.383303314943447,-0.769512344265794,-1.56803535168395,0.337671991704478,67.0000000001,22.6240234376,0.337671991704478,67.0000000001,22.6240234376,1.29265692148737,0.821180088947694,1e-10,1.17929124935816,0.591934557859245,0.447197644583131,1.11797709075179,1,0.955946779738604,0.975277852907367,0.986233363658322,0.989828666406972,0.276541717365983,-0.806012414704953,-0.153102845577765,0.299414131350622,0.299414131350622,0.0589748374099281,-0.23069770398351,0.617908175469225,0.608526918229941,0.374798565498761,0.67013564240147,-0.389487852142168,-0.74987856194331,8330847651.57615,5730.0000000001,0.00603453979146601,0.026889637297842,0.658333318287414,0.00402242162953096,18290.0966497723,5.82076609134674e-11,392,1,"SNETWORK (1 318 18290.0966497723 0.658333318287414 13000428 392)",13
318,13000429,0.180863714520904,114,0.847990630531859,0.546799996361712,0.449959143780463,0.448153051499128,0.45024912066774,0.930908047405681,0.963315441427382,0.606083348491087,0.670003376344491,0.00210970814830044,0.39308415124372,-0.0824885834276191,0.00210970814830044,0.00210970814830044,0.149918299604009,-0.893625318866891,-0.742019546001603,0.0146819951825092,-0.975689645939937,-0.603050539930755,0.694143931109334,-0.735182512335809,-0.673195464551723,0.180863714520904,8,0.282291669958326,0.452929510855715,0.457160699590661,-0.0802292743028361,0.168976476472633,-0.381418267373127,0.669947262336772,1.70095530921491,0.348748319550004,11866.0000000001,8.01172048473119,0.0844501543327505,2924.0000000001,0.478065206555966,8.48978569118716,0.101236279388503,0.515354529759443,-1.128722231104,-0.41430509242525,-0.550533104632003,-0.16706125766014,1.10891747039624,-0.599838702987806,0.860154835168674,-0.221170525982009,0.539465432798782,1.12278936342785,0.00839683667786885,61.0000000001,0.51220703135,0.00839683667786885,61.0000000001,0.51220703135,0.282239921625979,0.305612477048595,1e-10,0.563540195836002,0.187600499610231,0.144302024120227,0.0208403053817392,1,0.867841683603147,0.975277852907368,0.986233363658323,0.989828666406973,-0.58101008695698,0.435630227221643,0.8615601369333,-0.54819747614442,-0.54819747614442,-0.664933814427974,0.291404781114147,0.230083945039798,0.217985313102525,0.743461023178016,-0.0404921022595329,1.47122148239949,1.51367817579418,748299969.981322,11866.0000000001,0.095535600317336,0.00570067897116661,0.339487632192569,3.14421040252555,17912.233732131,5.82076609134674e-11,328,1,"SNETWORK (1 318 17912.233732131 0.339487632192569 13000429 328)",13
318,13000430,0.563853055457814,206,0.826606769083661,0.576140491778701,0.449959143780463,0.448153051499128,0.45024912066774,0.951930215019494,0.966003996839221,0.663242852582402,0.634905477330138,-0.0409666462139716,0.365472548017136,-0.106840234150553,-0.0409666462139716,-0.0409666462139716,-0.357083729751767,-0.910933609419837,-0.766070501285824,-0.0394090613793842,-0.985261186528553,-0.603050539930755,0.694143931109334,-0.735182512335809,-0.673195464551723,0.563853055457814,8,-0.600290179994832,-0.301973204895871,-0.299767403745965,0.290700714364539,0.54853028537778,0.445157045469809,0.634750086238424,-0.573864659779562,0.278186983948456,6202.0000000001,3.34024166779793,0.0846837432933632,2533.0000000001,0.415283387005369,3.75552505470329,0.0787053562910668,-0.259665014234755,-0.330327709618708,-0.191130578413647,0.127552151673016,0.837939776845419,1.84128639068961,0.358870974330891,2.52336831533924,1.02459035065048,1.74236869902411,3.53463927813286,0.0145539315516129,31.0000000001,0.4511718751,0.0145539315516129,31.0000000001,0.4511718751,0.284905479420603,0.296439739021407,1e-10,0.809458023411831,0.689324726781705,0.286940855405922,0.966104809850672,1,0.955946779738605,0.975277852907369,0.986233363658323,0.989828666406974,-0.614964950580492,0.446539345419379,0.176389362567831,-0.577157595313517,-0.577157595313517,-1.08761188129581,0.158190213692994,-0.638102570441111,-0.640096430246289,0.0462904723990154,-0.854225684392897,1.23219780280387,0.939075185371983,17525644015.3963,6202.0000000001,0.0700021718396386,0.00870318435142813,0.816739290792824,0.600279271773046,18477.8230188376,5.82076609134674e-11,421,1,"SNETWORK (1 318 18477.8230188376 0.816739290792824 13000430 421)",13
56,13000431,-1.13344578291163,12,0,0,-0.0539298651555209,-0.0526282971591558,-0.0497659234028937,-0.322699525952062,-0.052587847741303,-0.462508993757346,0.00789208728701878,1.01046841322226,-0.67422834088341,0.910440361655272,1.01046841322226,1.01046841322226,0.0953896284005988,0.151858079814561,0.318970362067948,0.12009879606652,0.0129651834914145,0.396949460069245,-0.3182243350896,0.145121969788322,0.0313608172450206,-1.13344578291163,2,1.1355851455372,0.217017274912659,0.218038879905487,-1.21029088004051,-1.1343249729985,0.321941413796029,0.00769919249979494,1.65663723243859,0.341060900164969,14662.0000000001,8.00101586689738,0.181983106701076,5172.0000000001,1.50594660384395,9.50696247064133,0.135141315752301,0.225612496870843,-0.428151939703387,1.01651618429789,0.239462711908103,0.39684913069538,0.240578365372986,-0.0586072309618367,0.224322615251974,-0.0465204724680241,-0.676184652696429,-0.739933646076721,0.869608216466525,59.0000000001,51.306884765725,0.869608216466525,59.0000000001,51.306884765725,1.93609058641609,0.977405981502736,1e-10,-0.775374171733587,-1.13655528258403,-0.897264298837305,-0.637783325990111,-0.0232557920329049,-0.145374652181789,-0.0456386537822682,-0.0156235779160857,0,-0.866130469828478,-0.441221573815897,-0.541462017049193,-0.781773719286749,-0.781773719286749,1.57500148259912,-0.267249559457475,0.0261640074644621,-0.163460013406681,-0.61948998587105,0.380463398229353,-0.114195025299542,-0.0909905728220415,0,14662.0000000001,0.113734309370043,0.0214070062822583,0.315547453817753,4.52834920424198,5807.643472229,0.00048828125,15,1,"SNETWORK (1 56 5807.643472229 0.315547453817753 13000431 15)",13
140,13000432,-0.24423953883547,147,0.016376969797183,0.0406255841243769,0,0,0,-0.0955190287492509,-0.000475797170236518,-0.616369554486038,-0.0513032857957651,0.959556141570117,-0.745062671518366,0.991217870178715,0.959556141570117,0.959556141570117,-3.41106085122552,0.338873014636088,0.522092563504625,0.616941566584013,0.127781219556594,0.45221133369877,-0.305856068890666,-0.190739766812213,-0.0312046492625428,-0.24423953883547,2,0.540886242264924,0.214273402450062,0.21526993678633,-0.67105349065734,-0.259964703089141,-0.485327991300127,-0.0514941558311802,0.262421837686636,0.618369293927281,6600.0000000001,6.52997974291059,0.0513613713288552,2514.0000000001,0.206595979730773,6.73657572254136,0.0959564392120688,0.22252944902059,-0.297607803797255,-0.212059955450958,-0.327578776380291,-0.367851918527888,-0.179411629356129,-0.582320302267771,-0.1648815798496,-0.905939217307708,0.0386068517990285,0.0395799197863003,0.329455019922761,67.0000000001,22.073486328225,0.329455019922761,67.0000000001,22.073486328225,0.659395025102932,0.172694690213025,1e-10,-0.298008117881697,-0.111559696586717,1.8934841391962,-0.158902513308085,0,0,-0.0247221470926318,-0.0137666363416772,-0.010171333593027,0.157880328532168,0.615440230226357,-0.590230768514614,0.167648256761231,0.167648256761231,0.574599225493048,-0.547610437898883,-0.39529840122831,-0.368430395521986,-0.271562660089579,-0.364895997696996,0.136768927212766,-0.362233374787402,0,6600.0000000001,0.0930136659054679,0.00294277320660089,0.239173631144471,0.461096193805712,6594.94893807604,0.000244140625,278,1,"SNETWORK (1 140 6594.94893807604 0.239173631144471 13000432 278)",13
137,13000433,-0.375783561684565,57,-0.169336007143403,-0.45983907781187,-0.612877153222713,-0.614349237474709,-0.609405455638136,0.025392864723296,0.0146299363638492,0.0278074840770184,-0.362659607566934,0.0893574433910177,-0.030319413454122,-0.0178173686711026,0.0893574433910177,0.0893574433910177,0.513771863701634,-0.000496097214546929,-0.0839026393232632,-0.90257383898053,-0.000372080619339298,0.0677281446396492,-0.117429098893948,0.617705950750841,0.326804535448277,-0.375783561684565,1,-1.11358914144819,-0.313687976447867,-0.311301514102388,1.2814955070515,-0.376982966129994,1.14031251782605,-0.362821533300505,-0.525258459245867,0.20038741045867,97.0000000001,0.0359401191730421,0.437348390440327,1747.0000000001,1.41272549231597,1.44866561138901,0.0306281630396281,-0.268622982631984,0.226664325487847,1.41284969666311,0.273553067580304,1.94627720909597,4.24132871940077,0.739458496940206,5.85118991462436,0.0834148728493474,0.547348232400323,0.298446850696625,1.27394014256324,17.0000000001,21.656982421975,1.27394014256324,17.0000000001,21.656982421975,0.641205258712417,1.57977299227091,1e-10,-0.161287730437014,-0.0665305206019357,-0.368804562878543,0.255412516542313,-1.03276561575505e-16,-0.044053220261396,-3.42243995575329e-16,-3.57648972802931e-16,-0.0227070388776265,0.70302142270503,-0.546784191788611,0.109919112370726,0.817042170989883,0.817042170989883,0.10413598584015,0.0930551519155297,-0.90554339050094,-1.0477218941865,-0.967347434098971,-0.697136139778246,-0.450976180106302,0.0774175975862271,0,1747.0000000001,0.000759857771497252,0.0298683051681309,0.286401979149292,0.369608899578452,4706.49636891877,0.001953125,131,1,"SNETWORK (1 137 4706.49636891877 0.286401979149292 13000433 131)",13
318,13000434,0.63089913189513,225,0.826606769083661,0.576140491778701,0.449959143780463,0.448153051499128,0.45024912066774,0.948907771903491,0.964393999035642,0.647005760916954,0.623421885137573,-0.0541219849261002,0.346388428039948,-0.115017748740412,-0.0541219849261002,-0.0541219849261002,-0.772224512586854,-0.882996941051085,-0.73857913662082,-0.000629879291720473,-0.963512049867088,-0.603050539930755,0.694143931109334,-0.735182512335809,-0.673195464551723,0.63089913189513,8,0.00857196641019222,-0.338557892509158,-0.335762647468154,-0.614091749325115,0.614786201453481,-0.216415639553742,0.623264814595903,-0.048275020369073,0.117167295358621,3770.0000000001,0.855179095986388,0.111681026149732,2341.0000000001,0.506162691338448,1.36134178722484,0.0293244729484231,-0.287386494300664,1.31362234244555,1.60714547168474,-0.427486639270978,0.00418486294401085,1.06140190099256,-0.0884414732616609,1.49975595956554,0.518174796174627,0.231336203721952,0.462594858232462,0.392656598872321,28.0000000001,10.994384765725,0.392656598872321,28.0000000001,10.994384765725,0.175542974222765,0.266851356383802,1e-10,-0.366234738575949,-0.419140847412986,-0.0978686324057732,-0.407281587291651,1,0.955946779738605,0.975277852907368,0.986233363658323,0.989828666406973,-0.330513899387769,-0.373347963744261,0.104112507424707,-0.324425840619465,-0.324425840619465,-0.251192305977797,-0.6113151996556,0.371702225135026,0.158515162279772,-0.043140929800889,0.551779047058182,-0.0614026168327399,0.0873301701817949,0,3770.0000000001,0.0184212931793005,0.0109031796691227,0.907377051179503,0.482102279551327,18585.2375145695,5.82076609134674e-11,401,1,"SNETWORK (1 318 18585.2375145695 0.907377051179503 13000434 401)",13
319,13000435,-0.206311670799797,15,0.849676501735058,0.527879359151426,0.423921895297046,0.422083328008158,0.425620192291929,0.863709360797308,0.875108186693771,0.53455488278623,0.779755538544589,-0.0142782390649691,0.365616917551558,-0.0449460689541064,-0.0142782390649691,-0.0142782390649691,0.254634951543961,-0.724745627429864,-0.532110847479346,0.43711902291054,-0.868603388334158,-0.604424467785202,0.699593179675348,-0.759818089809216,-0.694672009762475,-0.206311670799797,8,0.216138756646,0.470512489155169,0.475061747956592,0.0400519807922101,-0.218158328369475,-0.437357445579421,0.779602736602558,0.485869467988053,0.277073426850304,4942.0000000001,2.65098297481283,0.141543359044597,4311.0000000001,1.18134525716057,3.83232823187341,0.0451046716592605,0.539029085308928,0.414478433630677,0.324164834977183,-0.42882256916748,-0.402168494293155,0.0313554586677953,-0.64374009759633,0.0226355993786589,-0.233292156973536,0.0662762480491248,0.145436576044034,0.185521619173276,58.0000000001,10.76025390635,0.185521619173276,58.0000000001,10.76025390635,0.165317894522587,0.0417349079565089,1e-10,0.647731213943585,0.450102666136285,0.113149242452225,-0.0927637561022979,0.744186065853319,1.15858997967623,1.22067533481753,1.23157994773987,1.27487360808814,-2.11159852838478,-0.115956444985145,-0.394293330836228,-1.58337359192003,-1.58337359192003,0.184945320566574,-1.21270812446559,1.45036509998142,1.34446968545204,1.13002634722812,1.406102116507,-0.279448319181205,0.531474371262561,1.83462624495928,4942.0000000001,0.0312008025284103,0.0139038690308502,0.599291437987546,3.31984814624809,17287.241062822,1.16415321826935e-10,448,1,"SNETWORK (1 319 17287.241062822 0.599291437987546 13000435 448)",13
56,13000436,-0.546230924862307,89,0,0,0,0,0,-0.226548915393463,-0.0257625817773617,-0.371384464414004,-0.00838887643633629,0.973057458451115,-0.663592202901123,0.913941232229823,0.973057458451115,0.973057458451115,-0.169457858138622,0.213524031815902,0.385657751993438,0.299336056696757,0.0488288003348151,0.442037567785408,-0.329724348592432,0,0,-0.546230924862307,2,-0.426410102402454,0.386562743001953,0.389688243991522,1.04939365029878,-0.546663909273728,1.15425445788512,-0.00850784569626669,0.20122531684499,0.941716142961728,4196.0000000001,6.32230549681117,0.588113025165806,15758.0000000001,14.8279760784667,21.1502815751778,0.264975083197921,0.428702676022279,-0.414252871052641,-0.510525044679132,0.482218816077891,0.846229643170237,0.789023367644029,0.21874080175019,0.643431546554533,0.247049757568938,-0.252830153419778,-0.270073698478118,1.82040744367639,54.0000000001,98.302001953225,1.82040744367639,54.0000000001,98.302001953225,3.98848479042722,2.39389093203346,1e-10,-0.63323787358484,-0.824708908678887,-0.55459662948732,-0.616480758751476,-0.0232557920329049,-0.145374652181789,-0.0247221470926318,-0.0137666363416772,-0.010171333593027,-1.44767203518932,-0.369457475295366,0.68901227207599,-1.19631336402631,-1.19631336402631,0.123253528605255,0.608008083980696,-1.01706489772754,-1.255100029933,-1.41469746446233,-0.619040473011151,-1.11081149056545,0.74561765426246,0,15758.0000000001,0.0792071452294754,0.185767937868446,0.881006716572021,0.310164044883483,6259.95923949019,0.00048828125,48,1,"SNETWORK (1 56 6259.95923949019 0.881006716572021 13000436 48)",13
328,13000437,0.764247624504799,255,0.833942087661095,0.661934694919581,0.584902015722838,0.581791403280787,0.581496445193316,0.835980755859537,0.997086872817642,0.489691100578548,0.101449284281847,-0.0409015991678711,0.222663947212376,-0.250079165173327,-0.0409015991678711,-0.0409015991678711,0.730658043346774,-0.123224734639,0.000130630580691219,1.00131413394862,-0.365130382313613,-0.560339494672534,0.667148486569063,-0.788859635579387,-0.682989322922567,0.764247624504799,8,0.149434782320946,0.266648407126467,0.268174161045226,-0.121044073165658,0.749766533550374,-0.530429424634843,0.101260219617373,0.198039318873624,0.109922888544707,935.0000000001,0.198979834127076,0.114686537258582,1806.0000000001,0.40099550790741,0.599975341934486,0.00821886370429091,0.282465841317864,-0.366847680468067,0.313989939944161,-0.635627231296138,-0.557677758983668,0.222736663516884,-0.637351005567903,0.199685961051361,-0.811352759662251,0.207285154907809,0.262937180705464,0.120222981870833,30.0000000001,3.606689453225,0.120222981870833,30.0000000001,3.606689453225,0.147096141438536,0.139015736949714,1e-10,1.87279249909826,1.01512577733758,0.790601854449297,1.34307935414956,0.976836093318573,1.19728033355414,1.32446173805355,1.33597184569963,1.35932864995931,-1.97667400453065,-0.33212023972482,0.266408827250477,-1.51130017919732,-1.51130017919732,-0.317083339377725,0.436649265827776,0.0674430214521736,0.0391214813530533,0.33927104363533,-0.0532906926232727,-0.165495068293655,0.757885670543606,10761207650.8993,1806.0000000001,0.00272575888014434,0.00549310472414658,0.119748544386195,2.94791394937783,18784.7349753581,2.91038304567337e-11,463,1,"SNETWORK (1 328 18784.7349753581 0.119748544386195 13000437 463)",13
137,13000438,-0.0961016849760085,82,-0.169336007143403,-0.45983907781187,-0.612877153222713,-0.614349237474709,-0.609405455638136,-0.0228462385354053,-0.0264348577051121,-0.218291854803172,-0.379893776238831,0.0171284364215871,-0.015175439998543,0.0594536832236471,0.0171284364215871,0.0171284364215871,0.302952972627069,0.0727371070416438,-0.0146587356752063,-0.783763663386669,0.0544179253493665,0.0677281446396492,-0.117429098893948,0.617705950750841,0.326804535448277,-0.0961016849760085,1,-0.92990844954851,-0.37484040305188,-0.371386283263512,0.78656423290359,-0.0939951413467879,1.10187754908659,-0.380100976608348,-0.356093721249562,0.350248026617537,1985.0000000001,1.28550435589176,0.0962661072361859,4399.0000000001,0.783005326609883,2.06850968240165,0.0457886991628172,-0.314152354451155,-0.109276240419562,0.83198571823314,1.16783157815339,1.43223928860146,0.32520586316714,0.771131312127934,0.480066288451255,0.0637664699098704,0.489581975439975,0.254417503202401,0.0257462212277174,46.0000000001,1.184326171975,0.0257462212277174,46.0000000001,1.184326171975,0.252886799191578,0.279765651123055,1e-10,-0.0530355729717429,0.17473636730726,-0.193578886088192,0.388742960739041,0,-0.0277899983526384,-0.0091267263232303,-0.00508229080676516,-0.0180792409498401,0.476223945376201,-0.52096589528654,0.765111729933661,0.532895558044589,0.532895558044589,0.143076767137045,0.621277260084942,-0.983266261345862,-1.0158054230149,-0.667074241647674,-0.955103651093406,-0.177988911467186,0.311106315818182,0,4399.0000000001,0.0284560292827801,0.0173326697800371,0.366400395041661,2.82681556950531,4845.4505421187,0.001953125,156,1,"SNETWORK (1 137 4845.4505421187 0.366400395041661 13000438 156)",13
319,13000439,-0.133888937645947,34,0.849676501735058,0.527879359151426,0.423921895297046,0.422083328008158,0.425620192291929,0.864993893196953,0.8797978398137,0.544726363633095,0.776116521098994,-0.0142871836382278,0.368209841813165,-0.0435803411309224,-0.0142871836382278,-0.0142871836382278,0.292408084750125,-0.740581033140058,-0.549556901981023,0.409050891863716,-0.880140227040306,-0.604424467785202,0.699593179675348,-0.759818089809216,-0.694672009762475,-0.133888937645947,8,0.494785323638866,-0.248706599371551,-0.247227984969855,-1.02488586191404,-0.149686189367313,-0.50932667161207,0.775963715154989,0.116693806769188,0.144466554375667,1188.0000000001,0.332271488304968,0.0816671947422674,899.0000000001,0.142140111233825,0.474411599438793,0.00955282673534015,-0.217946276042308,0.422229828287287,1.21550623185204,-0.360396006325469,-0.450271680356979,-0.293525320266302,-0.403167837811534,-0.376297024217793,0.189501582652069,-0.0928111977345234,-0.211339567868388,0.486663818459375,16.0000000001,7.78662109385,0.486663818459375,16.0000000001,7.78662109385,0.0354519187685006,0.40690175606393,1e-10,0.327790541020117,-0.340303958957189,1.9162369090456,-0.543112739728116,1,0.867841683603147,1.22175774577911,1.23268413022516,1.27579607796359,-1.67125258246925,0.350817399924326,0.42120423446135,-1.33604543611474,-1.33604543611474,0.673510026616861,-0.906586903990215,0.351503773163496,0.574022708956549,1.1728214873306,-0.0960721746572569,1.04892636999869,1.13169098167961,0,1188.0000000001,0.00669067098509489,0.00286215565024526,0.811074491819109,2.20444514626862,17404.92536737,1.16415321826935e-10,440,1,"SNETWORK (1 319 17404.92536737 0.811074491819109 13000439 440)",13
56,13000440,-1.13344578291163,12,0,0,-0.0539298651555209,-0.0526282971591558,-0.0497659234028937,-0.322699525952062,-0.052587847741303,-0.462508993757346,0.00789208728701878,1.01046841322226,-0.67422834088341,0.910440361655272,1.01046841322226,1.01046841322226,0.0953896284005988,0.151858079814561,0.318970362067948,0.12009879606652,0.0129651834914145,0.396949460069245,-0.3182243350896,0.145121969788322,0.0313608172450206,-1.13344578291163,2,1.1355851455372,0.217017274912659,0.218038879905487,-1.21029088004051,-1.1343249729985,0.321941413796029,0.00769919249979494,1.65663723243859,0.341060900164969,14662.0000000001,8.00101586689738,0.181983106701076,5172.0000000001,1.50594660384395,9.50696247064133,0.135141315752301,0.225612496870843,-0.428151939703387,1.01651618429789,0.239462711908103,0.39684913069538,0.240578365372986,-0.0586072309618367,0.224322615251974,-0.0465204724680241,-0.676184652696429,-0.739933646076721,0.869608216466525,59.0000000001,51.306884765725,0.869608216466525,59.0000000001,51.306884765725,1.93609058641609,0.977405981502736,1e-10,-0.775374171733587,-1.13655528258403,-0.897264298837305,-0.637783325990111,-0.0232557920329049,-0.145374652181789,-0.0456386537822682,-0.0156235779160857,0,-0.866130469828478,-0.441221573815897,-0.541462017049193,-0.781773719286749,-0.781773719286749,1.57500148259912,-0.267249559457475,0.0261640074644621,-0.163460013406681,-0.61948998587105,0.380463398229353,-0.114195025299542,-0.0909905728220415,0,14662.0000000001,0.113734309370043,0.0214070062822583,0.315547453817753,4.52834920424198,5807.643472229,0.00048828125,15,1,"SNETWORK (1 56 5807.643472229 0.315547453817753 13000440 15)",13
56,13000441,-0.461184194171353,103,0,0,0,0,0,-0.186275599882841,-0.0145935618501901,-0.334172438341945,-0.0127416487581728,0.958232986248705,-0.64422352934222,0.907911490432953,0.958232986248705,0.958232986248705,-0.323397728043274,0.236360560528026,0.412099642099998,0.365246582846027,0.0621678587733191,0.442037567785408,-0.329724348592432,0,0,-0.461184194171353,2,0.672843337849897,0.951169892623057,0.968016576651094,-0.0181723977671606,-0.409468921836121,2.13453361830063,-0.0129359892401692,1.36631499612897,0.748155102225692,6009.0000000001,7.19306241397118,0.705184963794117,8761.0000000001,9.88500074717032,17.0780631610415,0.140672176074909,1.32033581811245,0.415755201801201,-0.350383545522686,1.95135919643485,2.18010874039883,0.0557610509270943,0.158911926332911,0.0242434117658657,0.176216024632663,-0.698960860962764,-0.742221243610038,1.17844884545846,68.0000000001,80.134521484475,1.17844884545846,68.0000000001,80.134521484475,3.19506551951059,1.43751163847016,1e-10,-0.0375677711402152,-0.0419477700107102,-0.285357930712911,-0.063178997260938,-0.00858027079628906,-0.0536362675100982,-0.0247221470926322,-0.0137666363416772,-0.010171333593027,0.371976311526325,0.509166101248898,0.134437555441689,0.409121248819221,0.409121248819221,-0.079413916852061,-0.340288138672028,-0.211047305263144,-0.133850652797652,-0.208947411482683,-0.148642211532356,0.108337632088651,-0.0751095293022778,0,8761.0000000001,0.0592493265862127,0.0814228493886963,0.976890761796955,6.3545670119596,6336.65771865697,0.00048828125,86,1,"SNETWORK (1 56 6336.65771865697 0.976890761796955 13000441 86)",13
56,13000442,-0.546230924862307,89,0,0,0,0,0,-0.226548915393463,-0.0257625817773617,-0.371384464414004,-0.00838887643633629,0.973057458451115,-0.663592202901123,0.913941232229823,0.973057458451115,0.973057458451115,-0.169457858138622,0.213524031815902,0.385657751993438,0.299336056696757,0.0488288003348151,0.442037567785408,-0.329724348592432,0,0,-0.546230924862307,2,-0.426410102402454,0.386562743001953,0.389688243991522,1.04939365029878,-0.546663909273728,1.15425445788512,-0.00850784569626669,0.20122531684499,0.941716142961728,4196.0000000001,6.32230549681117,0.588113025165806,15758.0000000001,14.8279760784667,21.1502815751778,0.264975083197921,0.428702676022279,-0.414252871052641,-0.510525044679132,0.482218816077891,0.846229643170237,0.789023367644029,0.21874080175019,0.643431546554533,0.247049757568938,-0.252830153419778,-0.270073698478118,1.82040744367639,54.0000000001,98.302001953225,1.82040744367639,54.0000000001,98.302001953225,3.98848479042722,2.39389093203346,1e-10,-0.63323787358484,-0.824708908678887,-0.55459662948732,-0.616480758751476,-0.0232557920329049,-0.145374652181789,-0.0247221470926318,-0.0137666363416772,-0.010171333593027,-1.44767203518932,-0.369457475295366,0.68901227207599,-1.19631336402631,-1.19631336402631,0.123253528605255,0.608008083980696,-1.01706489772754,-1.255100029933,-1.41469746446233,-0.619040473011151,-1.11081149056545,0.74561765426246,0,15758.0000000001,0.0792071452294754,0.185767937868446,0.881006716572021,0.310164044883483,6259.95923949019,0.00048828125,48,1,"SNETWORK (1 56 6259.95923949019 0.881006716572021 13000442 48)",13
137,13000443,0.768458053946137,178,-0.166057912338905,-0.453200003638288,-0.550040856219537,-0.551846948500872,-0.54975087933226,-0.0203839918780006,-0.0463675126274063,-0.778707130817638,-0.42512440141072,-0.21015467991749,-0.0270827509704396,0.211925643970791,-0.21015467991749,-0.21015467991749,-4.19852862675081,0.188902250825255,0.0311342041785617,-0.710787948396843,0.156318076077216,0,0,0.264817487664191,0.333376028400019,0.768458053946137,1,-1.58408857404857,-2.05981627096396,-1.90841253818613,-0.433111370931082,0.755282243830303,0.939249603030446,-0.425327290564136,-0.513009918858371,0.121731345915694,34.0000000001,0.00765277052239528,0.0749956569946009,115.0000000001,0.0159467175162757,0.023599487938671,0.00190648792926683,-1.01737869990227,1.37979632350837,1.17594597421093,0.937641357460838,0.409768804004923,-1.68754078028398,2.27300997307648,-8.79843806700437,1.12685592201696,-0.116087937424804,-0.0336559186135086,0.5951171876,5.0000000001,2.9755859376,0.5951171876,5.0000000001,2.9755859376,0.17465800903495,0.568473790228132,1e-10,0.242473395937928,0.120695889528784,0.330005630528793,-0.0267566151196544,0,0,-0.0247221470926315,-0.0137666363416769,-0.010171333593027,-0.861768163254723,-0.0274654514690541,-0.282577398132561,-0.778359957222559,-0.778359957222559,0.217346811660905,0.752380957957289,-0.0965025173170871,0.0234543701970974,0.00162499030417624,-0.101811380512404,0.352013186783086,0.0712636733755609,0,115.0000000001,0.00061823009762789,0.00128825773163894,0.686729679400501,1.62269390386064,5401.85019532802,0.001953125,229,1,"SNETWORK (1 137 5401.85019532802 0.686729679400501 13000443 229)",13
140,13000444,-0.434605630485812,107,0,0,0,0,0,-0.135258351725303,-0.0143623229670393,-0.483655876999724,-0.0306805457442981,0.978099222743678,-0.704505592161542,0.951139033866228,0.978099222743678,0.978099222743678,-1.23798988960499,0.284462040224273,0.461951458010453,0.465760471294606,0.0952376059100955,0.45221133369877,-0.305856068890666,-0.190739766812213,-0.0312046492625428,-0.434605630485812,2,0.32866537462602,0.000231151286566546,0.000231153091752381,-0.64301058002416,-0.445253384505784,0.193224120729249,-0.030872924877029,-0.117439472221735,0.394872857765353,6644.0000000001,4.19765642622223,0.14302502619081,3313.0000000001,0.758147058401525,4.95580348452375,0.0828221703316266,0.000221645367918438,3.17610030856074,0.952279246893987,0.320505654042009,0.364598579847832,-0.238915676036612,-0.000524676972446074,-0.11383703342664,-0.0301702450946721,0.00383525105811212,0.00358216577649659,1.51546456483214,35.0000000001,53.041259765725,1.51546456483214,35.0000000001,53.041259765725,2.01183507670813,1.93959207871829,1e-10,-0.221771772656337,-0.208711337840538,1.89979147755242,-0.274609224210644,-1.03276561575505e-16,-6.2602913664822e-16,-0.0247221470926322,-0.0137666363416772,-0.0101713335930273,0.588368052014044,0.519727699467381,-1.03996998961561,0.670791091747925,0.670791091747925,0.252018714753623,-1.80835373521174,0.456012313383982,0.603066893080236,0.296263316063841,0.492121811237238,-0.0880868684228428,-0.291480324886669,0.0851396618362342,6644.0000000001,0.0701518969004481,0.0126702733311785,0.00663930130196377,2.94134021025723,6361.79985243089,0.000244140625,277,1,"SNETWORK (1 140 6361.79985243089 0.00663930130196377 13000444 277)",13
328,13000445,0.746476331408239,251,0.833942087661095,0.661934694919581,0.584902015722838,0.581791403280787,0.581496445193316,0.835829158592852,0.996689355514279,0.489017812407926,0.101611598278766,-0.0404907915981661,0.223187047465912,-0.250660362549171,-0.0404907915981661,-0.0404907915981661,0.690916576836403,-0.122754501888065,0.000516683717403378,1.00132095421182,-0.364679842184563,-0.560339494672534,0.667148486569063,-0.788859635579387,-0.682989322922567,0.746476331408239,8,0.460303374285031,0.515050331679458,0.520451040825812,-0.253118300062162,0.732593559626707,-0.550825901074311,0.101426316031993,1.65503831152359,0.369842471045865,5230.0000000001,3.74479279427826,0.0744659568482509,3399.0000000001,0.490025025561726,4.23481781973999,0.0482179047109834,0.600384416109253,-0.195972267927737,-0.292085021955428,-0.525574246392868,-0.66774526847019,-0.421915525455208,-0.736332376973916,-0.314800143450063,-1.02599716038467,-0.257699980217455,-0.318919253045817,0.0994047278113971,68.0000000001,6.759521484475,0.0994047278113971,68.0000000001,6.759521484475,0.00940408799943383,0.170030427251947,1e-10,-0.36802483563481,-0.24431028109793,1.93628095341811,-0.261463652655157,1,0.955946779738605,1.12622647014716,1.13576525923632,1.15174660529271,0.342471102449416,0.341202370575802,-1.04193598576464,0.374840916337126,0.374840916337126,0.738367511129805,-1.56766485936164,0.432239155482324,0.369970532015376,0.554981983716275,0.328042895059346,0.267077133325297,0.2988533815015,0,5230.0000000001,0.0426384485538355,0.00557945605714791,0.0904410484630066,5.93981823255371,18762.7741978704,2.91038304567337e-11,460,1,"SNETWORK (1 328 18762.7741978704 0.0904410484630066 13000445 460)",13
137,13000446,0.571056352926286,151,-0.166057912338905,-0.453200003638288,-0.550040856219537,-0.551846948500872,-0.54975087933226,-0.0043256870335541,-0.0463628289787237,-0.679211936720365,-0.408941909272958,-0.129292874852092,0.0199137009297134,0.107355428840851,-0.129292874852092,-0.129292874852092,-1.45364284630364,0.154302944964054,0.0368375748368141,-0.700120399744203,0.121762249188472,0,0,0.264817487664191,0.333376028400019,0.571056352926286,1,-0.897872819390304,-0.955470768255915,-0.929939480691248,-0.110848641042229,0.556155360836897,-0.0920854620575906,-0.409143558386726,-0.646336334980152,0.0991736901169348,414.0000000001,0.0759161471295175,0.290097570641353,1047.0000000001,0.561601317599714,0.637517464629231,0.0218843190200394,-0.658165795915314,-0.739912503126082,-0.0818425835773202,0.734347574645586,-0.191822414855926,-2.96178401188229,0.442447787265751,-6.59698967669602,-0.332130539673743,-7.62307532716985,-3.58541951107113,0.806669347526471,17.0000000001,13.71337890635,0.806669347526471,17.0000000001,13.71337890635,0.294288242857679,0.883640696355595,1e-10,0.185307387341623,0.533085180247866,0.089792969093834,0.592154228532311,0,6.2602913664822e-16,-0.0247221470926318,-0.0137666363416776,-0.010171333593027,-0.456699915753773,0.0162160055806422,-0.322664233626802,-0.439416322381241,-0.439416322381241,0.239782217868663,0.299164334394735,0.549008556411139,0.782874738588874,0.378412021371654,0.575471695110614,0.351358603003813,-0.46924672734907,1.57385338389971,1047.0000000001,0.00260600417276629,0.0192783147472731,0.598692962255557,0.50065583567141,5248.9338018513,0.001953125,256,1,"SNETWORK (1 137 5248.9338018513 0.598692962255557 13000446 256)",13
318,13000447,-0.0483388440274754,56,0.849676501735058,0.527879359151426,0.449959143780463,0.448153051499128,0.45024912066774,0.909434066721336,0.947384012884722,0.49861182428089,0.684149311972877,0.0167582758730852,0.387772682270549,-0.089343592981756,0.0167582758730852,0.0167582758730852,0.165720657975059,-0.837496195299099,-0.677052881797767,0.110143869367219,-0.9342637636142,-0.604424467785202,0.699593179675348,-0.759818089809216,-0.694672009762475,-0.0483388440274754,8,0.520773170158536,0.2765589863712,0.278196757776694,-0.587298625129653,-0.0619882822937717,-0.0136192152964052,0.683993241746972,-0.0630464021729002,0.229541311816166,5442.0000000001,2.41840325184041,0.136336638952499,8683.0000000001,2.29187910738007,4.71028235912048,0.064049796275499,0.294069190204618,0.0767847138884796,1.35689875685989,-0.216487747437135,-0.0683236957231194,0.308326599456197,-0.285900481907553,0.273914773461277,0.300845577061273,-0.0672714508983182,-0.145447178850613,0.442003615459043,47.0000000001,20.774169921975,0.442003615459043,47.0000000001,20.774169921975,1.2118691958479,0.976611615061204,1e-10,-0.92607712014333,-1.24975220069778,-0.881777480450694,-0.715886318894873,1,0.867841683603147,1.32904696563017,1.34213135648708,1.36723184200025,-2.23094610569062,-0.233701013801724,-0.0851258794010762,-1.64455538176218,-1.64455538176218,1.86664023919657,-1.2625881327262,2.5888697290245,3.13535527480867,3.00420373831313,1.98323766110364,-1.16148690405355,-1.58905968576624,0,8683.0000000001,0.0328851273740517,0.0311646688014473,0.0334091232094246,1.85056085884571,17549.5011518405,5.82076609134674e-11,309,1,"SNETWORK (1 318 17549.5011518405 0.0334091232094246 13000447 309)",13
140,13000448,-0.266789942752458,142,0.016376969797183,0.0406255841243769,0,0,0,-0.0956701870503062,-9.63130240085967e-05,-0.567741350853709,-0.0502242013369733,0.960793308635612,-0.737678803616751,0.985986692041893,0.960793308635612,0.960793308635612,-3.28204615780226,0.336822561883819,0.519991161919086,0.610896297479396,0.126599652270338,0.45221133369877,-0.305856068890666,-0.190739766812213,-0.0312046492625428,-0.266789942752458,2,0.392884862261276,0.428899734920163,0.432713098352168,-0.263233131833262,-0.284454244028436,-0.532562936778067,-0.0503111291942473,1.49231513969844,0.549185300774227,2970.0000000001,2.60972854890173,0.0924305447834379,22691.0000000001,3.3557463831562,5.96547493195792,0.0724184646565788,0.483490667165684,0.0640758503589106,-0.349423774362474,-0.777534199030161,-0.736510154151993,0.153067307546497,-0.695575167716672,0.120086407114045,-1.13366499912497,-0.0561201534687571,-0.056394806345654,0.09356689463125,76.0000000001,7.111083984475,0.09356689463125,76.0000000001,7.111083984475,0.005949525097601,0.178727534492614,1e-10,0.518918706988417,0.724822725752281,1.74893584973743,0.977282558362566,0,6.2602913664822e-16,-0.0247221470926318,-0.0137666363416769,-0.010171333593027,-0.296090032911324,0.423473716602473,-0.626494033796359,-0.292232303003085,-0.292232303003085,-0.0747126672987554,-0.310505347366491,-0.084552900136988,-0.142982286477207,-0.333847139764822,0.0855151293830066,0.461561128677399,-0.0892996436092986,0,22691.0000000001,0.0316810541612365,0.0407374103953423,0.208101625705241,5.29331335551162,6563.79478693533,0.000244140625,293,1,"SNETWORK (1 140 6563.79478693533 0.208101625705241 13000448 293)",13
319,13000449,-0.223183148974059,11,0.849676501735058,0.527879359151426,0.423921895297046,0.422083328008158,0.425620192291929,0.864482857014687,0.873454621919779,0.533534728109442,0.781081950802529,-0.014938589850293,0.364896110645125,-0.0458764013640184,-0.014938589850293,-0.014938589850293,0.234482966452733,-0.719244776431935,-0.527035009339862,0.444478015940724,-0.864283739748293,-0.604424467785202,0.699593179675348,-0.759818089809216,-0.694672009762475,-0.223183148974059,8,-0.132719970097638,0.186237298264285,0.186994788117962,0.202833554659421,-0.238301901705308,-0.372529126968854,0.781106303059403,-0.161655482804571,0.0825762749718262,760.0000000001,0.121500538168721,0.25986572275625,1725.0000000001,0.867855497956307,0.989356036025028,0.0143902422745943,0.191381624692005,0.887128271438541,0.503038190451927,-0.208404235407464,-0.284484677586211,-0.291599216521316,-0.48447626278017,-0.274329735014335,0.0613972454268422,-0.0040618898478707,-0.0137180593083561,0.302569953862755,49.0000000001,14.825927734475,0.302569953862755,49.0000000001,14.825927734475,0.342876030338088,0.132641763813646,1e-10,-0.838824881218732,-1.03752812694041,-0.769139923717245,-0.716277957412521,0.744186065853319,1.15858997967623,1.11446852592804,1.12323690396323,1.18436031392693,-1.80718497182586,0.247679874309811,0.591380441858517,-1.41618772870882,-1.41618772870882,2.29089253937938,0.0630212258994924,0.26349715306641,0.336433964411827,0.272666311643864,0.244819870881134,-0.167283553715643,0.393311118570921,0,1725.0000000001,0.00176723252667849,0.0126230096479158,0.543923237366158,3.19188150288465,17256.4738788272,1.16415321826935e-10,438,1,"SNETWORK (1 319 17256.4738788272 0.543923237366158 13000449 438)",13
318,13000450,0.200720831761271,118,0.847990630531859,0.546799996361712,0.449959143780463,0.448153051499128,0.45024912066774,0.931232655956438,0.963389355108662,0.601943797404306,0.669361341606424,0.00147756498204577,0.391499472016135,-0.0845679395863874,0.00147756498204577,0.00147756498204577,0.138154896372166,-0.894958787941833,-0.743624941075852,0.00974980885220166,-0.976325641125334,-0.603050539930755,0.694143931109334,-0.735182512335809,-0.673195464551723,0.200720831761271,8,0.500769876729591,0.232209684884149,0.233375454266088,-0.608719312945949,0.184944375824271,-0.511787761521905,0.669199992597877,0.401662171101209,0.34865824076181,4839.0000000001,3.26636623881716,0.102654057049215,4576.0000000001,0.909434561988303,4.17580080070546,0.0586903568391626,0.242795879435335,0.123574526850567,-0.701937633777279,-0.650058895675075,-0.479766777653827,0.491745460171514,-0.609967775828913,0.451574082464585,-0.241266039930551,0.339246475502329,0.702193390049335,0.00567267932794118,68.0000000001,0.3857421876,0.00567267932794118,68.0000000001,0.3857421876,0.28776295737644,0.309670881576724,1e-10,-0.198368365076549,-0.3154751024923,-0.0566356321505144,-0.383089883447414,1,0.867841683603147,0.975277852907369,0.986233363658323,0.989828666406973,-0.625143449398382,0.470261740963799,0.724623958957675,-0.585777029789501,-0.585777029789501,0.682501632241518,0.739432909925381,0.137142937853324,0.350705825590201,1.14266845252185,-0.369457162597323,1.56088011838978,1.71342370725197,0,4839.0000000001,0.0459083679861527,0.0127819887530098,0.356550040032611,4.30315567843576,17932.454332533,5.82076609134674e-11,404,1,"SNETWORK (1 318 17932.454332533 0.356550040032611 13000450 404)",13
318,13000451,0.535634064717205,198,0.826606769083661,0.576140491778701,0.449959143780463,0.448153051499128,0.45024912066774,0.947267981598395,0.963297252924448,0.608807393052467,0.637085638235171,-0.0375394919903789,0.359437811360131,-0.10428052161816,-0.0375394919903789,-0.0375394919903789,-0.310913406625485,-0.903738647716843,-0.756875923523723,-0.0283917227361717,-0.979794307735708,-0.603050539930755,0.694143931109334,-0.735182512335809,-0.673195464551723,0.535634064717205,8,-0.605720135956358,-0.0949718506394296,-0.0947637789618505,0.609850010910261,0.524909472150481,0.264413904974975,0.636931004378208,-0.734371437589397,0.140511687263713,514.0000000001,0.139825019765993,0.142853897181306,1137.0000000001,0.3144574431958,0.454282462861793,0.00815234659383124,-0.0879596831553299,1.90008160347978,1.73803726988857,0.505071485997737,-0.127204083417409,-1.80966287814886,0.10443200790921,-2.10940055477646,0.755305471613261,-1.52794791853928,-3.10972159125661,0.181041370838636,33.0000000001,5.974365234475,0.181041370838636,33.0000000001,5.974365234475,0.0436938234694783,0.0484095077658507,1e-10,0.334826519624875,0.544473879510394,-0.0017634092306393,0.91390453169102,1,0.955946779738605,0.975277852907368,0.986233363658323,0.989828666406972,0.187039019410605,-0.700063338913892,0.24827779951393,0.199559738544315,0.199559738544315,0.12451868127187,0.0775897354694481,0.523743736352566,0.5495434725274,0.227299013723837,0.618566921359026,-0.182891936519402,-0.575380049775539,0,1137.0000000001,0.00250923621813167,0.00564311027569957,0.778838658043596,0.175892490893602,18432.9071103099,5.82076609134674e-11,386,1,"SNETWORK (1 318 18432.9071103099 0.778838658043596 13000451 386)",13
318,13000452,0.166825963410131,111,0.847990630531859,0.546799996361712,0.449959143780463,0.448153051499128,0.45024912066774,0.924697783649555,0.960999253840087,0.58668046858078,0.671879095930731,0.00480537948563288,0.389851602260889,-0.0849075443037162,0.00480537948563288,0.00480537948563288,0.159088253049432,-0.8875373687186,-0.736491829367629,0.0143578674541039,-0.96981057705241,-0.603050539930755,0.694143931109334,-0.735182512335809,-0.673195464551723,0.166825963410131,8,0.383815470571042,0.659350509562872,0.667940479677056,0.0339105610884848,0.159060127309163,-0.244144881579918,0.671723279434199,2.00924318614229,0.232149739683333,4875.0000000001,2.19104926412081,0.109406165865756,4049.0000000001,0.857627891312727,3.04867715533354,0.0311826941640421,0.813552172306347,-0.226452975178031,0.470376138434747,-0.416609682994574,-0.281650345652837,0.328860601324367,-0.594856136828793,0.215844026006638,-0.210383028648468,0.0143877035440097,0.0257426136457958,0.105509897396348,89.0000000001,9.390380859475,0.105509897396348,89.0000000001,9.390380859475,0.714710680456972,0.475308843725725,1e-10,-0.0173232623595464,0.269603657023122,2.04602530156299,0.0459565329397687,1,0.867841683603146,0.975277852907367,0.986233363658323,0.989828666406973,-0.682049606977181,0.422427501091785,0.832562736379109,-0.633447133426272,-0.633447133426272,-0.49214367133584,0.548452958005439,-0.0256148533806727,-0.152954810762234,0.0272198440356379,-0.0193791519639742,1.25645425380691,1.49414140485868,0,4875.0000000001,0.0224106441582109,0.00877204990583119,0.322970934726334,3.57349843602613,17892.6598512019,5.82076609134674e-11,306,1,"SNETWORK (1 318 17892.6598512019 0.322970934726334 13000452 306)",13
137,13000453,-0.398271993912806,56,-0.169336007143403,-0.45983907781187,-0.612877153222713,-0.614349237474709,-0.609405455638136,0.025392864723296,0.0151364570049925,0.0278074840770184,-0.36252995331257,0.0910360373776381,-0.0323553748091821,-0.0175531680276836,0.0910360373776381,0.0910360373776381,0.514445892260013,-0.00145146141317786,-0.0849083985759175,-0.905043897298321,-0.000966853416422538,0.0677281446396492,-0.117429098893948,0.617705950750841,0.326804535448277,-0.398271993912806,1,-0.626051341196381,-0.0271459544328513,-0.0271293551960866,0.756104314747383,-0.383961218775188,1.86174972096255,-0.362739798108331,0.153934680373196,0.691592125225547,656.0000000001,0.838863355781251,0.46011702076923,2945.0000000001,2.50548001343796,3.34434336911921,0.0570469310243675,-0.0257715912182658,1.35391905359951,3.85477632610948,1.06784828713956,2.10402953779998,2.1528718339281,0.803483410756813,2.39715752414804,0.141288287644636,1.33636060245548,0.724604200260607,1.36925920768929,35.0000000001,47.924072265725,1.36925920768929,35.0000000001,47.924072265725,1.78835471120685,1.72177775772062,1e-10,0.161313597854508,-0.040390480103927,-0.33458568392819,0.274345991764356,-1.03276561575505e-16,-0.044053220261396,0,0,-0.0227070388776265,0.80939379922224,-0.899970400221816,0.103797980287871,0.957669421891221,0.957669421891221,-0.79778966751738,0.0572425791659678,-1.08652747079859,-1.29776170853745,-1.28753577821805,-0.777520670759423,-0.488464072560522,-0.226110434390453,0,2945.0000000001,0.0143091108257121,0.0427378200986553,0.283252045147464,1.33042915351689,4701.02505464365,0.001953125,128,1,"SNETWORK (1 137 4701.02505464365 0.283252045147464 13000453 128)",13
56,13000454,-1.09862438736148,16,0,0,-0.0539298651555209,-0.0526282971591558,-0.0497659234028937,-0.322310499815675,-0.0525245752557668,-0.462508993757346,0.00784350797145949,1.01045114353528,-0.674253173492329,0.910535924730067,1.01045114353528,1.01045114353528,0.0941520527719297,0.152101421837209,0.319245366428057,0.120827499653166,0.0131050753097138,0.396949460069245,-0.3182243350896,0.145121969788322,0.0313608172450206,-1.09862438736148,2,1.03706711463234,-0.162375260699781,-0.161757167397658,-1.3727538861944,-1.10373363918328,0.814706222377719,0.00765487823897754,2.24372809834782,0.501825712138085,6874.0000000001,5.51927991137503,0.0687046142060613,4210.0000000001,0.462794280718039,5.98207419199306,0.112908328161119,-0.146763315411749,-0.951899221072317,-1.14606896273388,0.494748879086608,0.601431926334672,0.0506424643691967,0.460698099869063,0.0694532574863119,0.516248113618673,0.751078240478373,0.820786294747002,0.4260986329125,40.0000000001,17.0439453126,0.4260986329125,40.0000000001,17.0439453126,0.439742400594728,0.316672745145399,1e-10,-0.739421051057982,-0.943878044423906,-0.72250818420374,-0.613325179547802,-0.0232557920329049,-0.145374652181789,-0.0456386537822686,-0.0156235779160853,-3.8573928898018e-16,-0.785508956041693,-0.593960242322094,0.03336426400727,-0.717897507315882,-0.717897507315882,1.04182393949732,0.655727198729616,0.0287725818139041,-0.126307879303827,-0.525226795539274,0.335863902612034,-0.321907577526234,-0.12769019558824,0,6874.0000000001,0.104173343040096,0.00873498502102246,0.340368852848905,0.976517225844509,5827.4983245354,0.00048828125,25,1,"SNETWORK (1 56 5827.4983245354 0.340368852848905 13000454 25)",13
140,13000455,-0.41877643620925,111,0,0,0,0,0,-0.135433553244063,-0.0140257803729395,-0.488231192758366,-0.0309877770913488,0.977962694999594,-0.705804258568692,0.952121532233823,0.977962694999594,0.977962694999594,-1.24472320819411,0.285053186240116,0.462525173416524,0.467555470952421,0.0955713933007591,0.45221133369877,-0.305856068890666,-0.190739766812213,-0.0312046492625428,-0.41877643620925,2,0.0100102541942234,-0.260638519622813,-0.259010297586979,-0.536518896390659,-0.424356020189381,0.430393878437269,-0.0311437342486909,-0.324642205366288,0.393850591034676,1787.0000000001,1.12609760969948,0.216357015273523,5910.0000000001,2.04587193557911,3.17196954517858,0.0644454762313772,-0.227433934715781,-0.297955818027991,-0.295078575147612,0.461848331047247,0.558216981675387,0.0256447865069325,0.319983251151125,0.0428737255138336,0.321438250206993,-0.0730926846448336,-0.0750375074978126,1.22360321979697,33.0000000001,40.3789062501,1.22360321979697,33.0000000001,40.3789062501,1.45883845663541,1.50478187793894,1e-10,-0.485951890663164,-0.5131692489023,-0.551500625963427,-0.323657133318406,1.03276561575505e-16,0,-0.0247221470926315,-0.0137666363416772,-0.0101713335930266,0.789354057316728,0.805673951623859,-0.621539823951574,0.930804919381631,0.930804919381631,1.1325030919114,-1.57564281575164,0.294804888819803,0.458845027459142,0.260005982181985,0.293457980699577,0.778854276262057,-0.316627934668365,0,5910.0000000001,0.0228791278067728,0.0415663483246044,0.0311299160770384,2.64714535519945,6386.35521354924,0.000244140625,270,1,"SNETWORK (1 140 6386.35521354924 0.0311299160770384 13000455 270)",13
328,13000456,0.838296501770523,272,0.833942087661095,0.661934694919581,0.679648502105189,0.676245639047415,0.674971766192546,0.854876717581751,1.0223997781419,0.254740733640279,0.0899601120327641,-0.0507918803985941,0.257331283803712,-0.277679365830277,-0.0507918803985941,-0.0507918803985941,-3.00694114162089,-0.0989077554725612,0.0193201213969009,1.07017888412554,-0.350753254512543,-0.560339494672534,0.667148486569063,-0.788859635579387,-0.682989322922567,0.838296501770523,8,-0.00907592881479104,-0.839030169608887,-0.81984669708302,-1.03700627999308,0.824570023427934,-0.283266591505425,0.0897754403555284,0.0334760692472593,0.150062631797525,3563.0000000001,1.03513669063626,0.0717119361368564,718.0000000001,0.0996839442771855,1.13482063481345,0.0356589167528072,-0.600420836545854,0.0676916430296499,0.843742357222727,-0.380640961916865,-0.144581302538485,0.587723581777002,0.169646028266236,1.22536436104078,0.320852706015835,0.0957067410686966,0.11567725818853,0.610620959151724,29.0000000001,17.7080078126,0.610620959151724,29.0000000001,17.7080078126,0.468743669400238,0.591571052458696,1e-10,-0.229092324434526,-0.223102496585511,-0.28970271123551,-0.224778038067585,1,0.955946779738605,1.27717508738715,1.28529677079185,1.31366454417867,0.0495241853591818,0.689980819866647,-0.117731405907206,0.0516664863831201,0.0516664863831201,0.117635333461335,-0.603904441970221,-0.766079147195955,-0.639670501639114,0.164446689989602,-1.0869378120466,1.94660512321641,0.955240166911455,0,3563.0000000001,0.0325265965765734,0.00313232007623382,0.252962849392986,0.963636541885021,18884.5555031199,2.91038304567337e-11,479,1,"SNETWORK (1 328 18884.5555031199 0.252962849392986 13000456 479)",13
137,13000457,-0.454068386145818,53,-0.169336007143403,-0.45983907781187,-0.612877153222713,-0.614349237474709,-0.609405455638136,0.0215306009680584,0.012804461294152,0.0270606811956611,-0.362235851510265,0.094985795259909,-0.0375667920671168,-0.0164849045497305,0.094985795259909,0.094985795259909,0.519739099723182,-0.00406341428120494,-0.0877472045186582,-0.912775171879227,-0.00246820703183291,0.0677281446396492,-0.117429098893948,0.617705950750841,0.326804535448277,-0.454068386145818,1,-0.545743864131049,-0.530055991924219,-0.522907530005005,-0.102617011655419,-0.457477126225812,1.12595947075442,-0.362396116396658,-0.512517453207117,0.117819766104208,517.0000000001,0.112627914861891,0.167707384084162,2374.0000000001,0.736156657067163,0.848784571829053,0.0211164563339966,-0.420927458503677,0.551473309640793,-0.713896966053503,1.40126189435325,0.965927012966514,-1.67628087348555,0.912768427293977,-2.70212728299075,0.238732930914582,-0.943648994160058,-0.507701479043513,0.224092371423529,17.0000000001,3.8095703126,0.224092371423529,17.0000000001,3.8095703126,0.138235827329206,0.0157271605010142,1e-10,0.349336836524941,0.196617826074478,-0.109772146148188,0.582292642251857,1.03276561575505e-16,-0.0440532202613954,-0.0115484451466628,-0.0064308443709902,-0.0168512841824465,0.916098317479491,-1.0009058547892,0.342107300071718,1.10368420583287,1.10368420583287,0.145464349141013,0.483875342886231,-1.40443505906061,-1.68856500186497,-1.87149654141227,-0.907730414693247,-0.586699368462245,-0.478600897319731,0,2374.0000000001,0.00280200949924307,0.0183144467347536,0.274111253859731,1.10604870226234,4685.14785155642,0.001953125,120,1,"SNETWORK (1 137 4685.14785155642 0.274111253859731 13000457 120)",13
137,13000458,0.417392082587976,130,-0.166057912338905,-0.453200003638288,-0.550040856219537,-0.551846948500872,-0.54975087933226,-0.0268118133448002,-0.0558951351831372,-0.620543248941281,-0.401531265979836,-0.0880679293549329,-0.011877966862155,0.132089434673082,-0.0880679293549329,-0.0880679293549329,-0.874149413745617,0.155251385500237,0.0504225653450283,-0.685463624118527,0.120769681944532,0,0,0.264817487664191,0.333376028400019,0.417392082587976,1,-0.264459671454546,-0.89626059421962,-0.874090059305232,-0.842097283855272,0.405976637232591,0.119971480787636,-0.401702865741699,1.07552864727086,0.0515794339206776,1798.0000000001,0.171476102103787,0.0948516776599935,737.0000000001,0.129255743161143,0.30073184516493,0.00986916533785695,-0.62942021757976,-0.00915985832146115,5.25651154685273,-0.260383838017632,0.128253861265339,0.860237393927052,0.582083634953721,1.86300534580796,-0.17441440594799,-0.851388253825633,-0.407733195362218,0.2530859376,25.0000000001,6.3271484376,0.2530859376,25.0000000001,6.3271484376,0.580931665860377,0.695165185659048,1e-10,0.239190762806495,0.21265484647477,-0.0957753619927897,0.0739618971033998,0,0,-0.0247221470926318,-0.0137666363416772,-0.0101713335930273,-0.658228660089426,0.104914930012589,-0.82053763407549,-0.613599175007571,-0.613599175007571,-0.799607181984268,0.373318850862861,0.387862705083142,0.382438274625618,0.204460207540448,0.447171682037529,0.949333946738938,0.552414149101619,0,1798.0000000001,0.00562735876758779,0.00424180647026916,0.529336771004415,2.00285896279008,5128.46476375728,0.001953125,251,1,"SNETWORK (1 137 5128.46476375728 0.529336771004415 13000458 251)",13
319,13000459,-0.187648450829114,18,0.849676501735058,0.527879359151426,0.423921895297046,0.422083328008158,0.425620192291929,0.86342245983104,0.876374812515462,0.53698466231599,0.778888660352751,-0.0142262598175657,0.366285157359328,-0.044054864223432,-0.0142262598175657,-0.0142262598175657,0.267432159849774,-0.730002608813849,-0.537672901729126,0.428532454009244,-0.872529017987596,-0.604424467785202,0.699593179675348,-0.759818089809216,-0.694672009762475,-0.187648450829114,8,0.512988719632477,0.254707693596633,0.25610345937226,-0.600247510810663,-0.202130671993366,-0.481802695202111,0.778733356456077,0.287040741007532,0.285907541168875,4108.0000000001,2.27386861272184,0.129858039021008,1477.0000000001,0.371328819576543,2.64519743219838,0.0365596058520367,0.268597435260046,-0.775582287698668,2.93278299361691,-0.429151186461299,-0.379892710041956,0.0885075136867962,-0.595282920652503,0.0807621147033244,-0.138419339644825,0.0151525483011952,0.0296490096847406,0.444186740551389,54.0000000001,23.986083984475,0.444186740551389,54.0000000001,23.986083984475,0.742922944155273,0.343620108501229,1e-10,-2.54002438406238,-2.04755662658567,1.91662353619689,-0.730611285128089,0.744186065853319,1.15858997967623,1.11446852592804,1.12323690396323,1.18436031392693,-3.54715767323277,-0.0457014595203505,-0.20050625953207,-2.18345302117194,-2.18345302117194,-2.74669713271592,-1.16693556238805,0.35042615167804,0.409601759370965,1.03405782236909,-0.0266975433701958,0.0643754793728004,0.0958944611963045,0,4108.0000000001,0.0314274235263559,0.00513218222568072,0.636091818447979,2.67713800790093,17307.6904193839,1.16415321826935e-10,429,1,"SNETWORK (1 319 17307.6904193839 0.636091818447979 13000459 429)",13
137,13000460,0.83251126235632,184,-0.166057912338905,-0.453200003638288,-0.550040856219537,-0.551846948500872,-0.54975087933226,-0.00677719307783369,-0.0421136107235475,-0.713469483310564,-0.427222174422473,-0.220729798142824,-0.0232710082758297,0.194341603208857,-0.220729798142824,-0.220729798142824,-4.64887723475277,0.188743567218293,0.0275363298013985,-0.720204778927172,0.157387012559308,0,0,0.264817487664191,0.333376028400019,0.83251126235632,1,-0.743258051638869,-2.30128283778908,-2.10235075417198,-1.4486673530876,0.81550474797401,0.402255009976008,-0.427434351602558,-0.661057753615643,0.0768243921058012,10.0000000001,0.00142048452562302,0.114878188380097,166.0000000001,0.0352600571259444,0.0366805415515674,0.00359530041828506,-1.06403996249769,1.24628992932448,0.927745784546239,0.207762386263355,1.26301926313342,2.57557934694732,2.13646764236197,16.5476054180483,1.01866847510475,7.33132290385499,3.26358529926022,0.3946923829125,1e-10,1e-10,0.3946923829125,1e-10,1e-10,0.304609282638464,0.318121945193116,1e-10,-0.418210262522404,-0.424066390542143,0.568478616271899,-0.380724001582605,-1.03276561575505e-16,-6.2602913664822e-16,-0.0247221470926315,-0.0137666363416776,-0.0101713335930277,-0.0394987782940343,-0.394462850043018,1.02263567702354,-0.0406248340332805,-0.0406248340332805,0.577099172849078,0.112021697181407,1.17052619140891,1.4130772108278,0.73654742712865,1.22995394628248,-0.0515728346461681,0.0455614020774403,14.5108126003005,166.0000000001,0.000139230990205112,0.00345606932807995,0.708842073609123,1.2174463074353,5440.25857404972,0.001953125,260,1,"SNETWORK (1 137 5440.25857404972 0.708842073609123 13000460 260)",13
319,13000461,-0.206311670799797,15,0.849676501735058,0.527879359151426,0.423921895297046,0.422083328008158,0.425620192291929,0.863709360797308,0.875108186693771,0.53455488278623,0.779755538544589,-0.0142782390649691,0.365616917551558,-0.0449460689541064,-0.0142782390649691,-0.0142782390649691,0.254634951543961,-0.724745627429864,-0.532110847479346,0.43711902291054,-0.868603388334158,-0.604424467785202,0.699593179675348,-0.759818089809216,-0.694672009762475,-0.206311670799797,8,0.216138756646,0.470512489155169,0.475061747956592,0.0400519807922101,-0.218158328369475,-0.437357445579421,0.779602736602558,0.485869467988053,0.277073426850304,4942.0000000001,2.65098297481283,0.141543359044597,4311.0000000001,1.18134525716057,3.83232823187341,0.0451046716592605,0.539029085308928,0.414478433630677,0.324164834977183,-0.42882256916748,-0.402168494293155,0.0313554586677953,-0.64374009759633,0.0226355993786589,-0.233292156973536,0.0662762480491248,0.145436576044034,0.185521619173276,58.0000000001,10.76025390635,0.185521619173276,58.0000000001,10.76025390635,0.165317894522587,0.0417349079565089,1e-10,0.647731213943585,0.450102666136285,0.113149242452225,-0.0927637561022979,0.744186065853319,1.15858997967623,1.22067533481753,1.23157994773987,1.27487360808814,-2.11159852838478,-0.115956444985145,-0.394293330836228,-1.58337359192003,-1.58337359192003,0.184945320566574,-1.21270812446559,1.45036509998142,1.34446968545204,1.13002634722812,1.406102116507,-0.279448319181205,0.531474371262561,1.83462624495928,4942.0000000001,0.0312008025284103,0.0139038690308502,0.599291437987546,3.31984814624809,17287.241062822,1.16415321826935e-10,448,1,"SNETWORK (1 319 17287.241062822 0.599291437987546 13000461 448)",13
318,13000462,0.540861857563317,199,0.826606769083661,0.576140491778701,0.449959143780463,0.448153051499128,0.45024912066774,0.947813930462985,0.963781792906358,0.6160557298518,0.636893126285336,-0.0379250475560093,0.360087490063601,-0.104516366237951,-0.0379250475560093,-0.0379250475560093,-0.315226513976831,-0.904443681420614,-0.757719793308272,-0.0282943721431532,-0.980482880141554,-0.603050539930755,0.694143931109334,-0.735182512335809,-0.673195464551723,0.540861857563317,8,-0.635522890783241,-0.188150010541077,-0.187315220006144,0.52098688564825,0.529046202214671,0.553608029533572,0.636762281933318,-0.7666066387067,0.240594643268895,3759.0000000001,1.75092523054359,0.0741502792521102,1221.0000000001,0.175282184105999,1.92620741454959,0.0370649787850318,-0.168490490459904,0.790164708080369,1.977857072614,0.0982728636419108,0.289406279128797,0.340209429390088,0.339653195595169,0.43407459782038,1.00650435160408,-0.205975372052304,-0.421232003550128,0.0313979641151515,33.0000000001,1.0361328126,0.0313979641151515,33.0000000001,1.0361328126,0.259358773516925,0.271345778120201,1e-10,0.507885368643177,0.616625257461233,0.239026192456155,1.0376334119018,1,0.955946779738603,0.975277852907368,0.986233363658322,0.989828666406972,-0.152437451922985,-0.256965613811624,0.190435902196264,-0.153947940954866,-0.153947940954866,0.0314250435201536,-0.324407220005894,0.465788429395113,0.575387803975153,0.61977346779964,0.34016836245412,-0.0994902753628466,-0.0195653741063981,0,3759.0000000001,0.0336921174005659,0.00337286128446589,0.783702696335267,1.23651701305062,18438.6714652332,5.82076609134674e-11,387,1,"SNETWORK (1 318 18438.6714652332 0.783702696335267 13000462 387)",13
318,13000463,-0.00398958450663738,67,0.847990630531859,0.546799996361712,0.449959143780463,0.448153051499128,0.45024912066774,0.909261139745709,0.950110091526489,0.515641671677066,0.682051867199743,0.0161957050672752,0.38633744287574,-0.0885137897190815,0.0161957050672752,0.0161957050672752,0.196802124697254,-0.85357190737884,-0.697705276280538,0.0660907396463437,-0.943960898425111,-0.604424467785202,0.699593179675348,-0.759818089809216,-0.694672009762475,-0.00398958450663738,8,0.838780255929982,0.800280750613081,0.812575479347156,-0.420075065510952,-0.0110375215296332,-0.262368733954499,0.68188962737328,2.04635422517838,0.127052775500127,5344.0000000001,1.31449799344305,0.185727090324582,359.0000000001,0.129085964845277,1.44358395818833,0.013298703276441,1.04475087965876,-0.634071732989815,-0.506063804426816,-0.419658999002136,-0.197239811186738,0.597767722971689,-0.656751423044222,0.354220066004755,-0.326201299618396,0.28148475355535,0.587039550736854,0.189515904117857,35.0000000001,6.633056640725,0.189515904117857,35.0000000001,6.633056640725,0.594291441527033,0.600459602024497,1e-10,0.237510874945486,-0.0256633031130332,1.9027051684587,-0.251602066374703,1,0.867841683603147,1.1517511211886,1.1637685898318,1.1780916849822,-0.905227399180092,0.462361491062579,0.535118275340009,-0.812155178070358,-0.812155178070358,0.0487730991664562,0.189757445927575,0.390918399877172,0.625066599224382,1.49087212289729,-0.205311410853449,1.01999142454636,1.41024815797265,0,5344.0000000001,0.0121095268076032,0.00118917636883779,0.0922506231168985,6.13070979399958,17619.2340094675,5.82076609134674e-11,367,1,"SNETWORK (1 318 17619.2340094675 0.0922506231168985 13000463 367)",13
56,13000464,-0.684599422891112,71,0,0,-0.0539298651555209,-0.0526282971591558,-0.0497659234028937,-0.286586278731182,-0.0405006113189548,-0.453613260947735,-0.00235240412016602,0.993977365229692,-0.675268064542901,0.925432971354136,0.993977365229692,0.993977365229692,-0.036107976870413,0.179420766923748,0.347736507202094,0.205772145003006,0.0282727867341069,0.396949460069245,-0.3182243350896,0.145121969788322,0.0313608172450206,-0.684599422891112,2,0.183611561230582,-0.0887063152259945,-0.0885250841617574,-0.565461949865346,-0.698912138442774,-0.071371031605106,-0.00247372051496289,-0.374183174977709,0.291671311710439,9791.0000000001,4.56920609926063,0.078324370003451,7033.0000000001,0.88136846974881,5.45057456890944,0.097355970306105,-0.0823440673219054,-0.149143138520123,-0.12689380783833,0.340163359088895,0.0394960144873438,-1.0624537846333,-0.122879124554102,-1.23021712531279,-0.140121582345194,-1.39674704828934,-1.50585293807437,1.18276742798462,52.0000000001,61.5039062501,1.18276742798462,52.0000000001,61.5039062501,2.38141999604835,1.44394539123401,1e-10,-0.272829158114454,-0.0876861248467307,1.90815551056087,-0.0187344458114341,-0.0232557920329049,-0.14537465218179,-0.0247221470926318,-0.0137666363416772,-0.010171333593027,0.359004578296961,0.430387618571772,-0.988023687742206,0.394009843962846,0.394009843962846,-0.677238186508211,-1.64776024238428,0.330855175203523,0.557595800542048,0.119735664420952,0.413618747698178,-0.34871642007315,-0.827899851192962,0,9791.0000000001,0.0816133211718634,0.0157426490342416,0.7508462093023,3.07142797262416,6155.84272112944,0.00048828125,47,1,"SNETWORK (1 56 6155.84272112944 0.7508462093023 13000464 47)",13
318,13000465,0.238644158511595,129,0.847990630531859,0.546799996361712,0.449959143780463,0.448153051499128,0.45024912066774,0.933855389119341,0.963911241227526,0.610108840085822,0.6669031625914,-0.00133954319310514,0.390119737327845,-0.0872523481202622,-0.00133954319310514,-0.00133954319310514,0.0991781245379817,-0.901246557054149,-0.75056977509218,0.000490025053519184,-0.981150680728431,-0.603050539930755,0.694143931109334,-0.735182512335809,-0.673195464551723,0.238644158511595,8,0.668326254124799,0.733360303847301,0.743826686935112,-0.276691571641382,0.227034034028851,-0.595586349190825,0.666818347269279,1.65552162057826,0.236651070868981,5973.0000000001,2.73659362040514,0.131291105380027,8507.0000000001,2.16232544500159,4.89891906530674,0.0474281859982265,0.931977919913546,0.423550470673415,0.382122450400567,-0.636418910990298,-0.519155843463311,0.323269981834135,-0.828492454402862,0.199940815766262,-0.74749988077935,0.194556577254056,0.400356213669805,0.496189024490244,82.0000000001,40.6875000001,0.496189024490244,82.0000000001,40.6875000001,1.47231551684503,0.421092250342122,1e-10,1.14177029834551,0.619363419465264,0.0973674401335401,1.08523354255498,1,0.911894231670876,0.975277852907368,0.986233363658323,0.989828666406973,0.286222627905716,-0.740090598427892,-0.558043105875104,0.310389068616226,0.310389068616226,-0.722262148755818,-0.0891026220601182,0.604657889929514,0.361453409469157,-0.247646789492795,0.969987858612465,-1.23388035189369,-1.24188897151185,4777080976.92792,8507.0000000001,0.026493940647753,0.0209342452504735,0.419516765728533,3.69380660448223,18007.075980946,5.82076609134674e-11,310,1,"SNETWORK (1 318 18007.075980946 0.419516765728533 13000465 310)",13
137,13000466,0.316586017357381,115,-0.169336007143403,-0.45983907781187,-0.585138056887849,-0.587070912494495,-0.584419668319597,-0.0193055901003494,-0.0477645347738063,-0.477013727299945,-0.395286362140826,-0.0594047420383526,-0.0146121192924355,0.134822911266971,-0.0594047420383526,-0.0594047420383526,-0.502935186557739,0.145860236557387,0.049334958411672,-0.683465741688073,0.111509415158817,0.0244718896476977,-0.0463928842676715,0.415324305327625,0.335969349634022,0.316586017357381,1,-0.705962838685229,-0.666801871684026,-0.655140919957757,-0.0348606190835438,0.30128702588414,-0.0038016705602427,-0.390961253046452,-0.603431111104476,0.227312329618769,5029.0000000001,2.113693310079,0.0947026909736337,165.0000000001,0.0288923993755723,2.14258570935457,0.059097337931753,-0.505413631270172,1.85543582364962,2.67610832476627,0.25874075154854,-0.340559827482867,-1.63716602779233,0.306563323810835,-2.92381598770219,-0.41387759381482,-0.611128492590056,-0.284701446566913,0.417790339643269,26.0000000001,10.862548828225,0.417790339643269,26.0000000001,10.862548828225,0.779003934463305,0.9405390775427,1e-10,0.247457536110029,0.124498687819668,0.154503257940412,0.0359601202843873,1.03276561575505e-16,0,-0.0247221470926318,-0.0137666363416776,-0.0101713335930266,-0.379670030571665,0.00713609252413564,-0.551026370845502,-0.369779859706231,-0.369779859706231,0.65938690479218,0.372594507883461,0.195365787702935,0.187534498401909,0.429176024654748,0.0731519205377705,1.34204872640697,1.49393682762781,4.21174650205364,5029.0000000001,0.0583004204093212,0.000796917422431813,0.475403883812718,0.683749336691108,5034.78541192998,0.001953125,117,1,"SNETWORK (1 137 5034.78541192998 0.475403883812718 13000466 117)",13
137,13000467,0.66898620272033,165,-0.166057912338905,-0.453200003638288,-0.550040856219537,-0.551846948500872,-0.54975087933226,-0.0162637465441154,-0.0473609086047569,-0.703925973438089,-0.421821992668544,-0.185455586553242,-0.0202865478326512,0.195765349501437,-0.185455586553242,-0.185455586553242,-3.19901664872042,0.183093469999756,0.0357717092490957,-0.703231593846621,0.149767635734624,0,0,0.264817487664191,0.333376028400019,0.66898620272033,1,-1.30710349685531,-1.01138864946591,-0.982422684289355,0.513230905171897,0.654694145279894,1.3297338164348,-0.422032443208915,-0.818699711032243,0.070741023697113,364.0000000001,0.0476113031668252,0.0736005684210253,722.0000000001,0.0982552376404257,0.145866540707251,0.0052248870659903,-0.684187872683472,-0.184898366185599,1.03844192793109,1.41485189607149,1.00052633936475,-1.57288410312796,1.44527467371969,-3.64234827702279,0.504672094631504,-0.455951332978013,-0.140817971825547,0.535454644197222,18.0000000001,9.63818359385,0.535454644197222,18.0000000001,9.63818359385,0.725532845103145,1.11583341082107,1e-10,0.506743415877602,0.674389225996287,1.58130606871648,0.987144144643019,1.03276561575505e-16,0,-0.0247221470926318,-0.0137666363416776,-0.010171333593027,-0.295724792423424,-0.527155865564772,0.95936196588636,-0.291888800101503,-0.291888800101503,-0.127588362594058,0.715785834397858,0.269425113650849,0.239796751109416,-0.0488461367990501,0.416908248678898,-0.724192127263271,-1.67502469670029,0,722.0000000001,0.00170541973362809,0.00351946723236221,0.643206202285873,0.43644032420235,5326.25158865829,0.001953125,242,1,"SNETWORK (1 137 5326.25158865829 0.643206202285873 13000467 242)",13
318,13000468,0.454556868868883,179,0.826606769083661,0.576140491778701,0.449959143780463,0.448153051499128,0.45024912066774,0.942771412112754,0.961168966773344,0.562181335733204,0.639364763083725,-0.0329723628974673,0.354994274336795,-0.103510725761044,-0.0329723628974673,-0.0329723628974673,-0.286358018084153,-0.899372146767006,-0.751464672563406,-0.0301602613944393,-0.975378790980779,-0.603050539930755,0.694143931109334,-0.735182512335809,-0.673195464551723,0.454556868868883,8,-0.985838457885599,-1.08419838501163,-1.05036694764394,-0.139820231141731,0.43769270150612,-0.172445449665157,0.639223692931387,-0.674618275048983,0.0697615170281875,1474.0000000001,0.19907774871811,0.0823083604882105,2265.0000000001,0.360928750907784,0.560006499525894,0.0212040167751816,-0.716506364802121,0.139089866941131,-0.328110056682303,-0.169122515490035,0.181797224112298,0.881898535597297,0.462037804564236,2.20533502567367,1.13059352892473,0.557051788153861,1.13421672813058,0.466851128572222,27.0000000001,12.60498046885,0.466851128572222,27.0000000001,12.60498046885,0.245881713307306,0.377385138620898,1e-10,-0.0774229212938202,0.0874308241055492,-0.202063532442791,0.271062006489322,1,0.955946779738605,0.975277852907368,0.986233363658322,0.989828666406973,0.480139415728382,-0.736708205451953,-0.331508908006922,0.537626291480331,0.537626291480331,0.262471966564233,-0.224699219047287,0.201609546462028,0.127422023873939,-0.206733088976068,0.406138453108515,-0.495732632102622,-0.93945253439306,0,2265.0000000001,0.0075378551957585,0.0136661614794231,0.679250860538866,0.388325680047274,18314.8859566054,5.82076609134674e-11,399,1,"SNETWORK (1 318 18314.8859566054 0.679250860538866 13000468 399)",13
137,13000469,-1.16595904714306,9,-0.169336007143403,-0.45983907781187,-0.612877153222713,-0.614349237474709,-0.609405455638136,-0.0400750620964703,-0.00532549917123829,-0.00690684616180007,-0.357417472707882,0.14740033272882,-0.0960203939561924,-0.000186843707901159,0.14740033272882,0.14740033272882,0.594044616034576,-0.0325172586891448,-0.116786014078369,-0.9932724976227,-0.0192999341032818,0.0677281446396492,-0.117429098893948,0.617705950750841,0.326804535448277,-1.16595904714306,1,0.691439802548192,0.721302565384058,0.731452625191505,-0.320810744993145,-1.17096524732791,0.0277744407663518,-0.357623962887299,0.863571388671275,0.0750268230922233,242.0000000001,0.0335713857617883,0.442022207524675,6426.0000000001,5.25196901017749,5.28554039583928,0.0516312965321216,0.912241832591928,0.269471286473217,-0.43873216391821,0.00573076211538092,-0.00101044530665091,-0.159676667786036,-0.475928954718875,-0.105429308926751,-1.31607695843237,-0.20155299854972,-0.108875803475956,0.539521269845879,91.0000000001,49.096435546975,0.539521269845879,91.0000000001,49.096435546975,2.44877331040291,1.12189180239935,1e-10,-1.02454933187728,-1.0519362999722,-0.673108504680466,-0.595839482780345,0,-0.044053220261396,0,-3.57648972802931e-16,-0.0227070388776261,-0.0975196070287238,0.23478171414469,-0.918596322511656,-0.0993603911289366,-0.0993603911289366,-2.23591386201046,-0.191279344938905,-0.0592398390115496,-0.042456904924437,0.259185606982634,-0.183075004506842,-0.312070449395921,0.317047818982597,0,6426.0000000001,0.000327938873788217,0.0513033575583334,0.135144478579341,1.57393136061728,4443.76790489188,0.001953125,129,1,"SNETWORK (1 137 4443.76790489188 0.135144478579341 13000469 129)",13
319,13000470,-0.0805868904285304,47,0.849676501735058,0.527879359151426,0.449959143780463,0.448153051499128,0.45024912066774,0.86523394763262,0.880391192769817,0.546738779892271,0.77496276235446,-0.0138444965485351,0.367522459397993,-0.0445377518511351,-0.0138444965485351,-0.0138444965485351,0.30715288326272,-0.745095456894109,-0.555232888166396,0.396100975983807,-0.882787195120316,-0.604424467785202,0.699593179675348,-0.759818089809216,-0.694672009762475,-0.0805868904285304,8,0.51266361184447,0.9321002955217,0.948340311518223,0.20035327392617,-0.0938181968002467,-0.440332748272176,0.774805799932519,0.769110918109297,0.122250982566747,7443.0000000001,1.76160972270985,0.134120344285621,2179.0000000001,0.565797743608458,2.32740746621831,0.0194438070701706,1.28379616748393,0.0837961657618421,2.84554450810663,-0.429833116658291,-0.318018527248023,0.245991907898425,-0.793031337213987,0.128335299349397,-0.578234144302959,-0.000390752458635558,-0.00539181914240199,0.118610088741827,52.0000000001,6.167724609475,0.118610088741827,52.0000000001,6.167724609475,0.573969228900819,0.494825291950444,1e-10,0.434490492625845,0.00227976203135739,-0.120823610853224,-0.305118506765796,1,0.867841683603147,1.15216222552792,1.16418216806137,1.17853025420361,-1.427045943373,0.374565232319483,0.32657871095759,-1.18290592254156,-1.18290592254156,0.505401756195391,-0.759019910240101,0.573320248459575,0.705557499221067,1.22369381447931,0.176782455694316,0.971706692302538,1.17297659748076,0,7443.0000000001,0.0147169758204516,0.00472683114971898,0.965679971518857,3.47922097294479,17490.8370492945,1.16415321826935e-10,428,1,"SNETWORK (1 319 17490.8370492945 0.965679971518857 13000470 428)",13
137,13000471,0.755885091917413,177,-0.166057912338905,-0.453200003638288,-0.550040856219537,-0.551846948500872,-0.54975087933226,-0.0204728849412669,-0.0458350479363593,-0.725937019742632,-0.425069749680716,-0.205979274111595,-0.0240247161039565,0.20752153898285,-0.205979274111595,-0.205979274111595,-4.0295055727816,0.186931789401791,0.0314708370011049,-0.70957808036891,0.154271916436192,0,0,0.264817487664191,0.333376028400019,0.755885091917413,1,-1.74763380458917,-1.98150000560202,-1.84373565871828,-0.0789285877016723,0.740854062055604,0.380451532535464,-0.425245719498853,-0.694130584264264,0.132203599397338,225.0000000001,0.05500005737969,0.0969459407029777,119.0000000001,0.021331133642166,0.076331190921856,0.00579520889933182,-1.00037695801834,1.12491683763224,-0.980592616258778,0.874985361638105,0.142607508590662,-2.36372508472847,1.78526335261731,-11.6138515416174,0.760345282028408,-7.60133109278453,-3.38982114457042,0.365094866171429,7.0000000001,2.5556640626,0.365094866171429,7.0000000001,2.5556640626,0.192997046661964,0.225790343223398,1e-10,0.966298655686577,1.19792452849286,0.335851193771595,2.64047182810921,0.00943973522655107,0.00536422033285824,0.0601224073027797,0.0663569680187966,0.0481231716703514,-0.745752034022128,0.0510555656490854,-0.348127747709378,-0.685779334811675,-0.685779334811675,-0.328020654945475,-0.201141245719225,-0.00401357670955585,0.183671817999159,0.12155318747811,-0.0384284656805493,0.182170464888722,-0.668165771551386,16915890959.6661,225.0000000001,0.00417570867792291,0.00161950012140891,0.683368016562542,0.15492058446398,5396.01111620358,0.001953125,145,1,"SNETWORK (1 137 5396.01111620358 0.683368016562542 13000471 145)",13
137,13000472,0.434554893608064,132,-0.166057912338905,-0.453200003638288,-0.550040856219537,-0.551846948500872,-0.54975087933226,-0.0272204176367974,-0.05608544648258,-0.630034848535637,-0.40169472881192,-0.0888841790050615,-0.0125205966699631,0.133954433577916,-0.0888841790050615,-0.0888841790050615,-0.883808498759289,0.155081969154835,0.0499995881625289,-0.685989779200539,0.120675212814515,0,0,0.264817487664191,0.333376028400019,0.434554893608064,1,-0.339171754051721,-0.805669840862582,-0.7881123935088,-0.677918247032347,0.41965941747721,-0.353575185389892,-0.401895222459025,0.339335656570897,0.0896703488991083,1758.0000000001,0.291477525878102,0.0648743917842599,497.0000000001,0.0596165764500517,0.351094102228153,0.0107567791357318,-0.582945183910757,2.03123241424731,2.26494640723545,-0.20889783199573,-0.238363902794871,-0.155219381486021,0.0730201105758787,-0.288366963117987,-0.699617484344681,-1.5069776609506,-0.723637865664943,0.0557411596394737,19.0000000001,1.05908203135,0.0557411596394737,19.0000000001,1.05908203135,0.258356523786147,0.235079688370405,1e-10,0.342618082900469,0.289007614973628,-0.103555416389955,0.329178594386889,1.03276561575505e-16,0,-0.0247221470926312,-0.0137666363416772,-0.010171333593027,0.019897900857451,-0.62029022165103,0.994652890673818,0.0206568590529889,0.0206568590529889,-0.733758228348239,0.238457103731187,1.20341103060321,1.14147189950841,0.434921325163657,1.42820770250126,-0.724169175457223,-0.336321813172349,0,1758.0000000001,0.00893025351229748,0.00182652552343436,0.537690334200215,1.73901582985964,5142.97458191052,0.001953125,182,1,"SNETWORK (1 137 5142.97458191052 0.537690334200215 13000472 182)",13
137,13000473,0.355114180790721,121,-0.166057912338905,-0.453200003638288,-0.550040856219537,-0.551846948500872,-0.54975087933226,-0.0216306666148148,-0.0563547509773517,-0.53564777670398,-0.398587129689909,-0.0689948943706453,-0.0201745404478403,0.156818549742951,-0.0689948943706453,-0.0689948943706453,-0.696854303104329,0.156225870430809,0.0545396943335978,-0.681143219340242,0.121145200448417,0.0244718896476977,-0.0463928842676715,0.415324305327625,0.335969349634022,0.355114180790721,1,-0.654928963767507,-0.748181682394516,-0.733232839243834,-0.212493013997164,0.334683062073674,-0.321919451896799,-0.398718218212201,-0.0947180744871715,0.103091868292941,1440.0000000001,0.274488558575241,0.0558492967769737,2360.0000000001,0.243706468234929,0.51819502671017,0.0152000884429272,-0.551806049503279,0.173021038859957,-1.45866140261338,-0.43179077627275,-0.265850352905041,0.439192762858393,0.0688276100224635,0.859025688538047,-0.694732998046643,-0.407295401265867,-0.183815133705126,0.232099609475,25.0000000001,5.802490234475,0.232099609475,25.0000000001,5.802490234475,0.558018531057788,0.663900101395994,1e-10,-0.209314509951724,-0.209138606478159,0.606299851329554,-0.28539533420489,-1.03276561575505e-16,0,-0.0247221470926315,-0.0137666363416772,-0.010171333593027,-0.483778056741888,0.0392878757865304,-0.833325695577172,-0.463486018122751,-0.463486018122751,0.307808746968831,0.344164558200515,0.511562315787859,0.417250801086335,0.171247586541348,0.630765482516385,0.764078318258218,0.797140551305497,0,2360.0000000001,0.00805150594601348,0.00714858239691372,0.495332789223092,0.918384574400628,5069.40115454424,0.001953125,201,1,"SNETWORK (1 137 5069.40115454424 0.495332789223092 13000473 201)",13
318,13000474,0.180863714520904,114,0.847990630531859,0.546799996361712,0.449959143780463,0.448153051499128,0.45024912066774,0.930908047405681,0.963315441427382,0.606083348491087,0.670003376344491,0.00210970814830044,0.39308415124372,-0.0824885834276191,0.00210970814830044,0.00210970814830044,0.149918299604009,-0.893625318866891,-0.742019546001603,0.0146819951825092,-0.975689645939937,-0.603050539930755,0.694143931109334,-0.735182512335809,-0.673195464551723,0.180863714520904,8,0.282291669958326,0.452929510855715,0.457160699590661,-0.0802292743028361,0.168976476472633,-0.381418267373127,0.669947262336772,1.70095530921491,0.348748319550004,11866.0000000001,8.01172048473119,0.0844501543327505,2924.0000000001,0.478065206555966,8.48978569118716,0.101236279388503,0.515354529759443,-1.128722231104,-0.41430509242525,-0.550533104632003,-0.16706125766014,1.10891747039624,-0.599838702987806,0.860154835168674,-0.221170525982009,0.539465432798782,1.12278936342785,0.00839683667786885,61.0000000001,0.51220703135,0.00839683667786885,61.0000000001,0.51220703135,0.282239921625979,0.305612477048595,1e-10,0.563540195836002,0.187600499610231,0.144302024120227,0.0208403053817392,1,0.867841683603147,0.975277852907368,0.986233363658323,0.989828666406973,-0.58101008695698,0.435630227221643,0.8615601369333,-0.54819747614442,-0.54819747614442,-0.664933814427974,0.291404781114147,0.230083945039798,0.217985313102525,0.743461023178016,-0.0404921022595329,1.47122148239949,1.51367817579418,748299969.981322,11866.0000000001,0.095535600317336,0.00570067897116661,0.339487632192569,3.14421040252555,17912.233732131,5.82076609134674e-11,328,1,"SNETWORK (1 318 17912.233732131 0.339487632192569 13000474 328)",13
56,13000475,-1.05455217774328,22,0,0,-0.0539298651555209,-0.0526282971591558,-0.0497659234028937,-0.323343517830243,-0.0522240419027982,-0.466200763172337,0.00768628167312907,1.01058877969764,-0.673978835686742,0.910403480404332,1.01058877969764,1.01058877969764,0.0906724543247246,0.152506497344446,0.319724363695951,0.122115795868216,0.0133262330103358,0.396949460069245,-0.3182243350896,0.145121969788322,0.0313608172450206,-1.05455217774328,2,1.08396110442904,0.368804268569339,0.37165992782312,-1.06369326516113,-1.06348768236008,-0.26763613508904,0.00751241609679416,1.80667105337313,0.242778256006369,13124.0000000001,5.09795492892001,0.0609559159632633,10127.0000000001,0.987680896014795,6.0856358248348,0.0772567614849223,0.40622442212871,0.0370338474959868,0.21447180588562,0.0313486301856366,-0.22507931564791,-0.853682692183912,-0.490568277916254,-0.706242372531901,-0.65965305491948,-0.125902348996495,-0.138152727622773,0.835028754440278,72.0000000001,60.1220703126,0.835028754440278,72.0000000001,60.1220703126,2.32107176757806,0.925890071354844,1e-10,0.247822523301501,0.298286033857425,1.91105115715449,0.0637086723052983,-0.0232557920329048,-0.145374652181789,-0.0456386537822682,-0.0156235779160857,3.8573928898018e-16,-0.0836232099638182,0.318369162929161,-0.748492406022789,-0.0853930844241173,-0.0853930844241173,-0.234431181285228,-1.13922863519335,0.699061148487935,0.770064825675174,0.161538246234627,0.888310162979308,0.281624355667012,-0.0909905728220415,0,13124.0000000001,0.0647182149622138,0.0125385464227086,0.385392994457557,2.10919038346297,5863.51352580347,0.00048828125,42,1,"SNETWORK (1 56 5863.51352580347 0.385392994457557 13000475 42)",13
137,13000476,0.654605125537576,163,-0.166057912338905,-0.453200003638288,-0.550040856219537,-0.551846948500872,-0.54975087933226,-0.0182595579822899,-0.0455105338941585,-0.684860212363373,-0.417017399888144,-0.167733642735388,0.00070188886322016,0.155257666902864,-0.167733642735388,-0.167733642735388,-2.57983040623592,0.165657408882699,0.0290585472828153,-0.716312480979607,0.134748871043649,0,0,0.264817487664191,0.333376028400019,0.654605125537576,1,-1.28853358491514,-1.69368692195464,-1.59916401314527,-0.430009664395827,0.646623025603362,1.63437710892325,-0.417212200520225,-0.71226900587851,0.156655785075004,127.0000000001,0.0367864182026517,0.0802033797710403,190.0000000001,0.0281762775280381,0.0649626956306897,0.00393451696032376,-0.928770353902045,-0.740052316023057,0.39364486440271,0.885279880252332,0.841469979075259,-0.466701287116086,2.27089142466189,-1.78366319287644,1.15168935937687,5.79745585783637,2.6653273897277,0.159098307391667,3.0000000001,0.477294921975,0.159098307391667,3.0000000001,0.477294921975,0.325453944592424,0.555143969911082,1e-10,0.516107366432001,0.737132904803226,0.706967456078985,1.14558439609421,0,0,-0.0247221470926318,-0.0137666363416772,-0.010171333593027,-0.258034250275423,-0.502929512104305,0.801282961744754,-0.256222273780627,-0.256222273780627,0.000155690359118223,0.738347881669416,0.341649069047002,0.284708682547805,-0.0671045218321095,0.523525348813423,-0.672774352676085,-1.54233447645891,0.981926817837942,190.0000000001,0.00222799840852394,0.00170651845179982,0.63646782077591,1.01012562893855,5314.54727900442,0.001953125,253,1,"SNETWORK (1 137 5314.54727900442 0.63646782077591 13000476 253)",13
137,13000477,0.146524767255312,98,-0.169336007143403,-0.45983907781187,-0.612877153222713,-0.614349237474709,-0.609405455638136,0.0129079613087637,-0.0193714133559386,-0.250337651841597,-0.38271859779088,-0.0114674642606355,0.0202607927697271,0.0408788093980718,-0.0114674642606355,-0.0114674642606355,0.198880397728154,0.0913225577304502,0.00414484818612012,-0.741535114488717,0.0667585769103771,0.0677281446396492,-0.117429098893948,0.617705950750841,0.326804535448277,0.146524767255312,1,-0.800748436388614,0.0935893772630976,0.0937848366908077,1.32510762800994,0.161022033265329,1.76410629444072,-0.382820066826726,-0.305382299726509,0.064409164081103,130.0000000001,0.015482046294956,0.122364276319539,933.0000000001,0.211092903838874,0.22657495003383,0.00353146308577222,0.0928999906798787,-0.433995859436058,-1.10814035946826,1.24032605226423,1.58842428805754,0.578160273408974,0.669911400960372,0.590218332037418,-0.0363210098821262,-0.421452376643579,-0.209794439181302,0.00378715711219512,41.0000000001,0.1552734376,0.00378715711219512,41.0000000001,0.1552734376,0.311390461667988,0.32376398902272,1e-10,-1.2720252052631,-1.38557924343257,-0.198628226334892,-0.610824471308065,0,-0.044053220261396,-0.0247221470926318,-0.0137666363416772,-0.010171333593027,1.0366525198499,0.758334335367691,-0.658625824532604,1.27483234484052,1.27483234484052,0.408585054758619,0.548738937394022,-0.844052282350664,-0.72240233043076,0.348073358769411,-1.28570445652651,0.355654406626069,-0.246612158308872,0,933.0000000001,0.000241307669261188,0.00329015531651103,0.416576705541943,2.59401325032601,4932.60486463892,0.001953125,188,1,"SNETWORK (1 137 4932.60486463892 0.416576705541943 13000477 188)",13
56,13000478,-1.19621551419478,5,0,0,-0.0539298651555209,-0.0526282971591558,-0.0497659234028937,-0.323659641781947,-0.0529461721889036,-0.46018318578796,0.00801058142834922,1.01035885812574,-0.67396910946395,0.910217287558437,1.01035885812574,1.01035885812574,0.0961006980220111,0.151336453951379,0.318341005792291,0.118394168090518,0.0126883598372114,0.396949460069245,-0.3182243350896,0.145121969788322,0.0313608172450206,-1.19621551419478,2,0.665188223087966,0.570867739869518,0.57742580635867,-0.453503064357375,-1.19952316046157,0.646608694107224,0.0078234365569756,0.439176747320607,0.755392971866795,6726.0000000001,8.12923700505869,0.0779567543733878,169.0000000001,0.0210795064555063,8.1503165114142,0.0890281254825874,0.680170142175526,2.00920639182948,2.83491019600413,0.523599820589948,0.45222951945617,-0.398715964905705,-0.110252181517385,-0.286132945510383,-0.110245584770809,-0.0395795969840723,-0.0438022450658277,0.730197906594141,64.0000000001,46.732666015725,0.730197906594141,64.0000000001,46.732666015725,1.73632302305578,0.769714809453148,1e-10,-1.42785747660722,-1.31664571609515,-0.787323249395246,-0.714833389109721,-0.023255792032905,-0.145374652181789,-0.0456386537822686,-0.0156235779160857,3.8573928898018e-16,-3.80759191311143,0.0226304019216497,-0.127577095082187,-2.26547601520434,-2.26547601520434,0.949590334337401,-0.988023532546469,0.34582233578648,0.0179158853572346,-0.57426776679092,0.788008305338226,-0.244503231411791,0.675486677124501,0,6726.0000000001,0.0887978681978246,0.000230257184762811,0.26732454546962,2.98361974728732,5769.06954971014,0.00048828125,4,1,"SNETWORK (1 56 5769.06954971014 0.26732454546962 13000478 4)",13
137,13000479,-0.278699443172244,66,-0.169336007143403,-0.45983907781187,-0.612877153222713,-0.614349237474709,-0.609405455638136,0.0239200568906319,0.0124200759356966,0.00780434278380849,-0.363922833890785,0.0813909458386428,-0.0309345114242331,-0.0154099692622135,0.0813909458386428,0.0813909458386428,0.511475845291665,0.00450940433354799,-0.0793125777340533,-0.893792983174387,0.00328634339118228,0.0677281446396492,-0.117429098893948,0.617705950750841,0.326804535448277,-0.278699443172244,1,0.185174545310036,0.649886465237806,0.658247898805105,0.335076337701535,-0.279945520117835,0.0614191655901292,-0.364072836724475,0.264230862682029,0.232329549818616,1372.0000000001,0.58938069516933,0.0878642337318367,1140.0000000001,0.185205688411399,0.774586383480729,0.00797856661655297,0.798867822446571,2.00914868323309,0.833316422776142,0.43943087192997,0.0833589648972,-1.13032035140584,-0.426879893288456,-0.761597834548476,-1.25370338219446,-0.834519832206567,-0.4472853029667,0.0284267328724359,39.0000000001,1.108642578225,0.0284267328724359,39.0000000001,1.108642578225,0.256192090856912,0.275772269244098,1e-10,-2.53573643029452,-3.00429199505853,-1.28842680844163,-0.730614495279873,0,-0.044053220261396,0,0,-0.0227070388776269,0.914550005678431,-0.980134508906677,0.889049116307745,1.10152924008778,1.10152924008778,-0.794030332904474,-2.02143185740886,-0.0606577312429712,-0.168533848526392,-0.192680290949606,0.0456523504406439,-0.0659327267394492,2.32155712603588,0,1372.0000000001,0.00607086979590178,0.00190769672065118,0.313979075359045,3.60710051741391,4754.39672494878,0.001953125,155,1,"SNETWORK (1 137 4754.39672494878 0.313979075359045 13000479 155)",13
140,13000480,-0.275148531315757,140,0.016376969797183,0.0406255841243769,0,0,0,-0.0938442138488647,-0.000149816456145982,-0.54054803973889,-0.0497635184357067,0.961427133546024,-0.734754022760961,0.983359548523964,0.961427133546024,0.961427133546024,-3.23129901450322,0.336130796995066,0.519281636244048,0.608390465775918,0.126261654009672,0.45221133369877,-0.305856068890666,-0.190739766812213,-0.0312046492625428,-0.275148531315757,2,0.411036830743258,0.672529759376839,0.681442350181622,0.0103277778883121,-0.293136882744803,-0.810491059430092,-0.049942992575679,1.44089874732533,0.581550670423774,4007.0000000001,3.72843765767664,0.0729904950315685,21005.0000000001,2.45306455375809,6.18150221133472,0.0626102389294451,0.83417196937844,-0.608668515878145,0.243893776489173,-0.72104457062393,-0.630657071005475,0.279800483149076,-0.959118262793946,0.181220167115502,-1.89284253171064,0.150719645981416,0.151804427859101,0.0214572483638889,90.0000000001,1.93115234385,0.0214572483638889,90.0000000001,1.93115234385,0.220271034016557,0.286155291902083,1e-10,0.606733371849647,0.655145615774036,-0.0889454594811182,0.848818704270385,0,0,-0.0247221470926318,-0.0137666363416769,-0.010171333593027,-0.36593930464044,0.383587908900006,-0.700030217668378,-0.35718370576701,-0.35718370576701,-0.157884241671448,-0.197898784966935,-0.00306095583973531,-0.0501458834772987,-0.303029412992602,0.179567290776905,0.464032836845931,-0.174783772763755,0,21005.0000000001,0.0377640198489781,0.024846218980467,0.194067660811017,5.864212303231,6549.72372015873,0.000244140625,288,1,"SNETWORK (1 140 6549.72372015873 0.194067660811017 13000480 288)",13
140,13000481,-0.402368818895756,115,0,0,0,0,0,-0.132435598224301,-0.0134976607674534,-0.480410716369886,-0.0313760833772045,0.976883495258318,-0.704675885486799,0.952059158524247,0.976883495258318,0.976883495258318,-1.2656692899778,0.286535707568827,0.464195910853626,0.472443876371864,0.0963586031537546,0.45221133369877,-0.305856068890666,-0.190739766812213,-0.0312046492625428,-0.402368818895756,2,0.0858993890127378,-0.407184975936516,-0.403079741748026,-0.0574878277819122,-0.414582574388343,0.119153543986332,-0.0315666892491593,-0.526606668565168,0.968778540063662,3239.0000000001,5.02059790560345,0.304556547394373,4063.0000000001,1.97986120274959,7.00045910825304,0.158776438779375,-0.337418615518973,0.25047949012393,0.940696778264347,0.566983615350814,0.030199883538137,-1.7001643871247,0.218121921826465,-2.50010668728967,0.21412021536738,-0.244180466555905,-0.251355125970056,1.01154436393929,28.0000000001,28.3232421876,1.01154436393929,28.0000000001,28.3232421876,0.932337481041262,1.18886010460027,1e-10,0.774056789571209,0.436929100272188,0.189187771050942,0.952564389625753,-1.03276561575505e-16,-1.25205827329644e-15,0.122805392849748,0.143020527359462,0.151870954042014,0.481653853879539,-0.800894805658011,0.62280284182013,0.539457667921271,0.539457667921271,-0.773791170033332,0.582925461470603,-1.96186992442924,-2.31195457820495,-2.46366587064677,-1.35642879731135,-0.90957854385253,-0.981144196253907,8314064417.53999,4063.0000000001,0.113871482307292,0.0449049563720835,0.0518684284280069,0.87187282089144,6407.14855273293,0.000244140625,291,1,"SNETWORK (1 140 6407.14855273293 0.0518684284280069 13000481 291)",13
328,13000482,0.874590039015517,279,0.833942087661095,0.661934694919581,0.679648502105189,0.676245639047415,0.674971766192546,0.855903178868371,1.0242666206936,0.235544095820725,0.0881593949708838,-0.0560297428356973,0.261835472238897,-0.278621865765478,-0.0560297428356973,-0.0560297428356973,-4.37659458273128,-0.0982120252714577,0.0176894128834017,1.08837479007988,-0.352448087598256,-0.560339494672534,0.667148486569063,-0.788859635579387,-0.682989322922567,0.874590039015517,8,0.177104614738036,-0.964351953645917,-0.938292291008035,-1.27243859596824,0.85775391125947,-0.24891612475132,0.0880910060637911,-0.150969037889275,0.137207490260949,2793.0000000001,0.741921706546877,0.0741489559543974,103.0000000001,0.0147860302039264,0.756707736650803,0.0261518545018461,-0.662370559689967,0.291561692818811,-0.220707756097135,-0.311444259001633,-0.307853411628696,-0.0582219562551461,0.293607355404983,-0.104914327417085,0.450616002764804,-0.336230401294624,-0.408479302418358,0.835658482242857,21.0000000001,17.5488281251,0.835658482242857,21.0000000001,17.5488281251,0.461791894671858,0.926828229411515,1e-10,-1.63330330073734,-1.62095413663949,-0.441699313347423,-0.667364874679687,1,0.955946779738605,1.27717508738715,1.28529677079185,1.31366454417867,0.490869583441426,0.836767159847292,0.162202741121897,0.550621414934961,0.550621414934961,-1.4199945490193,-2.02143185740886,0.914505647718111,1.19937460079267,1.964592559605,0.25824784271092,2.46301171780939,0.858738029954235,0,2793.0000000001,0.0256408485170355,0.000511005884810635,0.312543063789108,0.550414827932423,18929.2003214439,2.91038304567337e-11,486,1,"SNETWORK (1 328 18929.2003214439 0.312543063789108 13000482 486)",13
56,13000483,-1.08769215101846,18,0,0,-0.0539298651555209,-0.0526282971591558,-0.0497659234028937,-0.322723599945262,-0.0525245752557668,-0.465133520118305,0.00780329874067561,1.01047142332404,-0.674165932106934,0.910548133916533,1.01047142332404,1.01047142332404,0.0931543182541399,0.152177268649618,0.319331786185487,0.120991234843744,0.0131550832473726,0.396949460069245,-0.3182243350896,0.145121969788322,0.0313608172450206,-1.08769215101846,2,1.06902339733754,0.0024057937510242,0.00240594254137991,-1.2979891751378,-1.09293050708153,0.311434577990385,0.00761565191180953,1.98443711999658,0.376541010580292,6442.0000000001,3.88108350331919,0.0580541534766048,8750.0000000001,0.812758147371782,4.69384165059098,0.0783168160495936,0.00230887980399194,-0.217002147934245,-0.546524115376561,0.0588674289785736,0.578216512415133,1.32619861405971,0.0693696094793228,1.44594862110697,0.104200477293535,1.04650143551652,1.14389094683309,0.322446076866304,46.0000000001,14.83251953135,0.322446076866304,46.0000000001,14.83251953135,0.343163910579907,0.162252882863505,1e-10,-0.629293673330424,-1.10320703805856,-0.752412885574287,-0.619241489285717,-0.0232557920329049,-0.145374652181789,-0.0456386537822686,-0.0156235779160857,3.8573928898018e-16,0.250456586576334,-0.774928139612738,0.58607403853467,0.270012824695015,0.270012824695015,-1.56698498258649,0.505951550399186,-0.430806484704307,-0.593454258706073,-1.04860777040231,-0.016118495472642,-0.398942586804087,-0.0909905728220415,0,8750.0000000001,0.0647559344859509,0.0135608814636426,0.353873155319885,0.33524982672312,5838.30053317504,0.00048828125,29,1,"SNETWORK (1 56 5838.30053317504 0.353873155319885 13000483 29)",13
137,13000484,-0.332199237528163,60,-0.169336007143403,-0.45983907781187,-0.612877153222713,-0.614349237474709,-0.609405455638136,0.0263711336727366,0.0158024432643297,0.0278074840770184,-0.362811253808748,0.0877402293338441,-0.0288605681247606,-0.0184256263363846,0.0877402293338441,0.0877402293338441,0.513463628531753,0.000206022718632224,-0.0832546915341167,-0.901445647097576,0.000155527630859066,0.0677281446396492,-0.117429098893948,0.617705950750841,0.326804535448277,-0.332199237528163,1,-0.384473929858166,-0.392118696639624,-0.388324314259014,-0.166894199034803,-0.347049266687652,-0.0973854358966091,-0.363011592241344,-0.0567356160877919,0.220070936179872,76.0000000001,0.0309252791805946,0.0909224629027912,553.0000000001,0.0929680383169739,0.123893317397568,0.00277835918011641,-0.326649878685458,0.539183990707068,0.556524998700155,-0.0593274931899194,0.00559119326483556,0.0528896959508968,0.0429336062740192,0.0887447134302946,-0.621909204526902,2.82463245682234,1.52716526033379,0.296105018128846,13.0000000001,3.849365234475,0.296105018128846,13.0000000001,3.849365234475,0.136497883647111,0.123010409568541,1e-10,0.730786654694513,0.545019584518271,0.223119320831472,0.813320845842894,0,-0.044053220261396,-0.00189804047131851,-0.0010569390706606,-0.0217446184599495,-0.412062607432918,-0.107574793566933,-0.448953030332559,-0.399274997549258,-0.399274997549258,-1.10062704485533,0.443954552576763,-0.798112107984941,-0.968557373306761,-0.817216062481509,-0.629038872358993,0.824675793097496,1.05880060563206,6417239792.97071,553.0000000001,0.000693512223361787,0.00208484685675463,0.296015452145485,0.195607598930157,4723.19460196332,0.001953125,179,1,"SNETWORK (1 137 4723.19460196332 0.296015452145485 13000484 179)",13
318,13000485,0.63089913189513,225,0.826606769083661,0.576140491778701,0.449959143780463,0.448153051499128,0.45024912066774,0.948907771903491,0.964393999035642,0.647005760916954,0.623421885137573,-0.0541219849261002,0.346388428039948,-0.115017748740412,-0.0541219849261002,-0.0541219849261002,-0.772224512586854,-0.882996941051085,-0.73857913662082,-0.000629879291720473,-0.963512049867088,-0.603050539930755,0.694143931109334,-0.735182512335809,-0.673195464551723,0.63089913189513,8,0.00857196641019222,-0.338557892509158,-0.335762647468154,-0.614091749325115,0.614786201453481,-0.216415639553742,0.623264814595903,-0.048275020369073,0.117167295358621,3770.0000000001,0.855179095986388,0.111681026149732,2341.0000000001,0.506162691338448,1.36134178722484,0.0293244729484231,-0.287386494300664,1.31362234244555,1.60714547168474,-0.427486639270978,0.00418486294401085,1.06140190099256,-0.0884414732616609,1.49975595956554,0.518174796174627,0.231336203721952,0.462594858232462,0.392656598872321,28.0000000001,10.994384765725,0.392656598872321,28.0000000001,10.994384765725,0.175542974222765,0.266851356383802,1e-10,-0.366234738575949,-0.419140847412986,-0.0978686324057732,-0.407281587291651,1,0.955946779738605,0.975277852907368,0.986233363658323,0.989828666406973,-0.330513899387769,-0.373347963744261,0.104112507424707,-0.324425840619465,-0.324425840619465,-0.251192305977797,-0.6113151996556,0.371702225135026,0.158515162279772,-0.043140929800889,0.551779047058182,-0.0614026168327399,0.0873301701817949,0,3770.0000000001,0.0184212931793005,0.0109031796691227,0.907377051179503,0.482102279551327,18585.2375145695,5.82076609134674e-11,401,1,"SNETWORK (1 318 18585.2375145695 0.907377051179503 13000485 401)",13
137,13000486,-1.03900822004815,18,-0.169336007143403,-0.45983907781187,-0.612877153222713,-0.614349237474709,-0.609405455638136,-0.0382381873127429,-0.00313752939800013,-0.00558105289221616,-0.357699593800606,0.145422702640322,-0.0950856974683736,0.00113074621552957,0.145422702640322,0.145422702640322,0.59123937685165,-0.0315990317190286,-0.116035819049425,-0.990150579493571,-0.0188253581455314,0.0677281446396492,-0.117429098893948,0.617705950750841,0.326804535448277,-1.03900822004815,1,-1.01367593716572,-0.284595645902364,-0.282643963463982,1.11330566206449,-1.03398100671778,1.86183164624957,-0.357890340832879,-0.091549792539638,0.151975460149514,4406.0000000001,1.23809880407419,0.234803282295902,5310.0000000001,2.30534553772074,3.54344434169493,0.0732985175491412,-0.24623394568549,0.320860702976077,-0.304310103188486,1.75616951847369,2.06602560027985,0.325779598344817,1.02108351012568,0.4483596035436,0.344452158456516,-1.91271472052179,-1.04466624459999,0.148863447573404,47.0000000001,6.99658203135,0.148863447573404,47.0000000001,6.99658203135,0.610167503751814,0.539896245167022,1e-10,0.208134363270359,0.165929433287188,-0.122789537069283,0.422009763676651,0,-0.0440532202613954,3.42243995575329e-16,0,-0.0227070388776265,0.470854573598181,-0.817455707000015,0.123819438522187,0.526417936393713,0.526417936393713,0.0110011510022029,0.578037143933518,-0.274076882771629,-0.551814850995795,-1.01335138319929,0.1770241135963,-1.31928177752984,-0.62908210136038,0,5310.0000000001,0.0256109022855472,0.047687615163594,0.164959071420423,0.78743087077821,4495.55470655929,0.001953125,101,1,"SNETWORK (1 137 4495.55470655929 0.164959071420423 13000486 101)",13
318,13000487,0.682116909947777,239,0.826606769083661,0.576140491778701,0.449959143780463,0.448153051499128,0.45024912066774,0.950321700015308,0.965478415394242,0.680911389301249,0.104274269953205,-0.0566174315535167,0.345779145807373,-0.117940774666911,-0.0566174315535167,-0.0566174315535167,-0.833496459992229,-0.880816904425743,-0.736154689682034,0.0114956034537858,-0.962995687297194,-0.603050539930755,0.694143931109334,-0.735182512335809,-0.673195464551723,0.682116909947777,8,1.34655431806036,1.55735809569077,1.59748254223255,-0.218226055355138,0.6869456843669,-0.546452933244011,0.621302677603043,2.01822093051176,0.0886561512954158,8164.0000000001,1.40126795724642,0.262739803920139,4999.0000000001,2.54283587328213,3.94410383042854,0.0207435036104436,2.7941239916783,0.629813991498302,1.9372967568968,-0.53421394220608,-0.406534918295391,0.328624410972738,-0.980179069463784,0.138277936200987,-1.29873682821761,0.00383525105811212,0.00358216577649659,0.017017505887037,81.0000000001,1.37841796885,0.017017505887037,81.0000000001,1.37841796885,0.244410325404673,0.292769546754968,1e-10,2.29807013485222,1.24506719176083,1.67907319037269,1.60750597690135,1,0.955946779738605,1.12622647014726,1.13576525923642,1.15174660529282,-1.35501287225411,0.323943788804886,0.322303749462523,-1.13537445400621,-1.13537445400621,-0.115289406470534,-1.00064261092164,-1.29291034197065,-1.33544153998336,-0.386145172400102,-1.51563017440665,1.97797561728047,1.49857966933741,21341700925.5123,8164.0000000001,0.00736978741903901,0.0133737160914046,0.987374454057023,0.285743471488796,18680.0421594912,5.82076609134674e-11,354,1,"SNETWORK (1 318 18680.0421594912 0.987374454057023 13000487 354)",13
137,13000488,0.63408156038196,160,-0.166057912338905,-0.453200003638288,-0.550040856219537,-0.551846948500872,-0.54975087933226,-0.0223172483415663,-0.0482873922195429,-0.712668256137818,-0.416647310845624,-0.164676142833937,-0.00290260331469753,0.1591345068992,-0.164676142833937,-0.164676142833937,-2.51302623101388,0.165810585268397,0.0295227049062375,-0.717669683021791,0.135072217113377,0,0,0.264817487664191,0.333376028400019,0.63408156038196,1,-1.42606889482891,-1.51441459623046,-1.4417758772769,0.00142087233188175,0.619262381889442,0.462335856909096,-0.416857686433686,-0.69343607631874,0.128085801512386,324.0000000001,0.0767332062354462,0.150332706718226,72.0000000001,0.0200135126372303,0.0967467187726765,0.00509785357441237,-0.875873650972409,-0.589183298250712,1.52692751676988,0.274658610322437,1.62095852805856,3.45027581593575,1.39227438841089,11.8909482641645,0.478898542592612,12.3749793521368,5.83400799031777,0.682779948016667,6.0000000001,4.0966796876,0.682779948016667,6.0000000001,4.0966796876,0.483521521813634,1.33531620983953,1e-10,0.428136505401376,0.58674973864429,0.081636756701962,0.863944939476601,0,0,-0.0247221470926318,-0.0137666363416772,-0.010171333593027,-0.189474964783352,-0.591468408871426,0.794770448628312,-0.190218726475601,-0.190218726475601,-0.181805461249164,0.799800671089763,0.460703316160307,0.353976784157439,-0.1617014974229,0.732191799167623,-0.981661839884442,-1.70793137905794,2725707274.97588,324.0000000001,0.00404328587953301,0.00105456759487937,0.627312223910998,0.330172114016023,5298.64435919877,0.001953125,235,1,"SNETWORK (1 137 5298.64435919877 0.627312223910998 13000488 235)",13
137,13000489,-0.262895468019241,68,-0.169336007143403,-0.45983907781187,-0.612877153222713,-0.614349237474709,-0.609405455638136,0.0239200568906319,0.0128631934969701,0.00417410261006213,-0.363998000534455,0.080521015204167,-0.029805992986083,-0.0164309009559223,0.080521015204167,0.080521015204167,0.50989100780377,0.00495804582709663,-0.0788547970148136,-0.892768320715093,0.00358466961151487,0.0677281446396492,-0.117429098893948,0.617705950750841,0.326804535448277,-0.262895468019241,1,0.176401150567518,-0.0209747140813872,-0.0209648552093931,-0.486434667809005,-0.260069340043342,1.16798944611473,-0.364176072539491,0.746174141298478,0.152104301555054,2034.0000000001,0.572044466712797,0.157231766270815,1787.0000000001,0.519519902711157,1.09156436932395,0.018533899905094,-0.0199578875271451,0.519929038694557,0.330496081534568,1.70354656762491,0.518397092292827,-3.72644017529873,0.520634113601051,-4.11667925539641,-0.12454939773547,-5.78630366372262,-3.10990844894427,0.155968299378846,26.0000000001,4.05517578135,0.155968299378846,26.0000000001,4.05517578135,0.481708942513289,0.550480935783245,1e-10,-0.331510216336352,0.0487097951791768,1.76293329871463,0.321814506194389,1.03276561575505e-16,-0.0440532202613947,-0.00673483624999544,-0.00375034762150027,-0.0192920727509027,0.824817832930123,-0.801099398136484,1.23151093669547,0.97846526017694,0.97846526017694,-0.0315165198585021,0.392184401741686,-0.910355449142174,-1.07099670954099,-0.97040573869038,-0.702058219226416,-0.346346600513572,0.163668281990817,0,2034.0000000001,0.00971286268330434,0.00882103712178961,0.321219971756844,0.966338344782342,4766.97388364572,0.001953125,94,1,"SNETWORK (1 137 4766.97388364572 0.321219971756844 13000489 94)",13
318,13000490,0.384229938321433,166,0.826606769083661,0.576140491778701,0.449959143780463,0.448153051499128,0.45024912066774,0.931025193253041,0.956188849530058,0.453888238238751,0.643240768811981,-0.0243030204672614,0.339872808201485,-0.103218331753617,-0.0243030204672614,-0.0243030204672614,-0.254325115834878,-0.882655654680101,-0.733221325960471,-0.0289856372063189,-0.959504615294086,-0.603050539930755,0.694143931109334,-0.735182512335809,-0.673195464551723,0.384229938321433,8,-0.316870573277699,0.472103708418834,0.476682261480724,0.974167226563518,0.406191452549126,1.4158799008194,0.643170944681975,-0.0990064470651055,0.0937614936629108,5629.0000000001,1.02179809120893,0.0982649470565267,4777.0000000001,0.908789262146233,1.93058735325516,0.0226952120363241,0.541186717988908,0.472149686353626,0.587793523784672,1.31111503023506,1.00221900376048,-0.631091421813023,0.259292172041858,-1.47446898822979,0.927911189266,0.00383525105811212,0.00358216577649659,0.848622197790217,69.0000000001,58.554931640725,0.848622197790217,69.0000000001,58.554931640725,2.86184947072022,1.58238524843745,1e-10,-0.181771577922296,0.205670224950254,2.04170574880147,0.417538022241537,1,0.955946779738604,0.975277852907368,0.986233363658322,0.989828666406973,0.326456401224811,-0.880056999251232,0.0991636511018352,0.356370986422681,0.356370986422681,-0.339207233842432,-0.435333116538708,1.00619141701082,0.967702242186082,0.161347554068925,1.30215814123985,-0.789867205140805,-1.28969846435879,0,5629.0000000001,0.0120118492416047,0.0106833626947193,0.612676037732193,2.62966301545382,18235.9883648102,5.82076609134674e-11,333,1,"SNETWORK (1 318 18235.9883648102 0.612676037732193 13000490 333)",13
