"rid","pid","elevation.min","WS_ID","ws_mi60_mean","ws_accum_precip_mean","ws_10.min.storm.accum_mean","ws_30.min.storm.accum_mean","ws_60.min.storm.accum_mean","ws_sbs_mean","ws_dnbr.BAER_mean","ws_dnbr.extended_mean","ws_flow.accum_max","ws_slope_mean","ws_aspect.northness_mean","ws_aspect.eastness_mean","ws_slope.northness_mean","ws_slope.eastness_mean","ws_bare.earth_mean","ws_ndvi.max_mean","ws_ndvi.mean_mean","ws_ndvi.min_mean","ws_ndvi.range_mean","ws_RV.Sand","ws_RV.Silt","ws_RV.Clay","ws_Kw","ch_elevation.min","ch_watershed","ch_valley_width","ch_area","ch_channel_width","ch_channel.width.over.valley.width","ch_ch_area","ch_elevation.mean","ch_slope.median","ch_flow.accumulation.max","ch_curvature.median","ch_sfm.erosion.mean","ch_sfm.resolution","ch_sfm.erosion.count","ch_sfm.erosion.sum","ch_sfm.deposition.mean","ch_sfm.deposition.count","ch_sfm.deposition.sum","ch_sfm.net.change","ch_sfm.net.change.norm","ch_distance.upstream","ch_distance.downstream","ch_slope.upstream","ch_slope.downstream","ch_central.slope.difference","ch_slope.over.width","ch_change.in.slope.over.width","ch_stream.power","ch_slope.over.width.central.diff","ch_stream.power.central.diff","ch_lidar.erosion.mean","ch_lidar.erosion.count","ch_lidar.erosion.sum","ch_lidar.deposition.mean","ch_lidar.deposition.count","ch_lidar.deposition.sum","ch_lidar.net.change","ch_lidar.net.change.norm","ch_lidar.resolution","hs_area","hs_hillslope.length","hs_flow.accumulation.max","hs_elevation.range","hs_mi60.mean","hs_accum.precip.mean","hs_storm.accum.10.min","hs_storm.accum.30.min","hs_storm.accum.60.min","hs_slope.median","hs_northness.median","hs_eastness.median","hs_curvature.median","hs_bare.earth.mean","hs_ndvi.max","hs_ndvi.mean","hs_ndvi.min","hs_ndvi.range","hs_dnbr.BAER.median","hs_extended.dnbr.median","hs_drainage_density","ch_sfm.net.change.count","ch_lidar.net.change.count","ch_sfm.erosion.norm","ch_sfm.deposition.norm","ch_lidar.erosion.norm","ch_lidar.deposition.norm","ratio","snapdist","upDist","afv_flow_accum","locID","netID","netgeom","bootstrap_rep"
43,6000001,-0.36874761386621,11,0.131579036527741,0.406563246402039,0.118081199488201,0.12698938418892,0.129762766215853,-1.32890376236119,-1.04374856195223,-0.281371847921901,0.329356736623041,-0.433887936719981,0.0427580607716754,-0.489971537061461,-0.433887936719981,-0.433887936719981,0.383903681772327,3.3188078271081,3.24661565316661,0.355576621908973,3.83913518425892,-0.124352331606218,0.460231660231661,1.53191489361702,0.247465145754118,-0.36874761386621,0.25,1.05902614562053,-0.445516916963298,-0.439913446014925,-0.761491178570762,-0.414648901876735,-0.367818181228802,0.709971298931259,0.308625725594601,0.360757387634098,0.711648023562585,0.0799701818409082,1521.0000000001,6.92230335731349,0.114045285851902,1417.0000000001,1.03348303995241,7.9557863971659,0.0999037746514345,1.6391935888692,-0.298332373079381,0.386717198139927,-0.241016391581324,-0.548586880073734,0.669593874169271,-0.64496997231851,1.02007304738832,-0.545197797714804,-0.66643806994547,0.0237644362413043,805.0000000001,0.765214843850323,0.0237644362413043,805.0000000001,0.765214843850323,0.0154468827109601,0.413668554768227,1e-10,1.44994871872612,0.683054826121305,-0.642161795638094,1.19287839355378,-0.0874716815239709,0.0646276650958095,0,1.49871635330658e-15,1.55600483282998e-15,-0.124933578531153,0.829305685255361,-0.264431347962048,-0.694296743756248,-0.665260903364853,-0.0797029996788317,-0.134537167243836,-0.403094336760039,-0.00716080477305042,-0.0161195425499248,-0.829291461370686,0.797345128262106,1521.0000000001,0.47633824680287,0.0869259428873988,0.0129778316640357,0.00960908795410062,0.00960908795410062,0.166448976806348,4.4405547322116,3040.36789130565,0.0312500660060792,154,2,"SNETWORK (2 43 3040.36789130565 0.166448976806348 6000001 154)",6
43,6000002,0.467222617867459,44,0.0559209634722586,0.323316827497892,0.354270929498081,0.350983481983268,0.358474665810763,-0.179702318012748,-0.206209486015882,0.0320373761179898,-0.923597499396928,0.09871205442516,0.963573030069759,-0.60502240231214,0.09871205442516,0.09871205442516,-0.260154289332107,3.4027682756325,3.60319385104455,-1.0151940939734,4.36235998260457,0,-0.0555984555984545,-0.180528691166989,-0.277249683143219,0.467222617867459,0.25,-0.601599060880376,-0.120207662277444,-0.119275992227669,0.871843889453823,-0.114859227548172,0.466873030554706,0.942174913015364,-0.881133322384422,-0.461708541946486,0.0720672297320333,0.0799701818409082,3463.0000000001,1.59604997255974,0.0609804689328809,3425.0000000001,1.33569561700074,2.93174558946048,0.0348925786211679,-0.76149186704806,0.905645244350264,1.16052835861072,0.369501573780297,-0.800490485067761,0.724717734464307,-0.87869275523075,-0.663707803906655,-1.10333348086107,-0.385956370181921,0.00156635089850158,1585.0000000001,0.099306640725042,0.00156635089850158,1585.0000000001,0.099306640725042,0.134810960335301,0.637451570398702,1e-10,-1.14708595754856,-1.2406784833465,-0.0052849074513406,-0.915369385767431,-0.0874716815239709,0.0646276650958075,0.676414028971747,0.668054363157543,0.67905776525831,0.4802181590531,0.274055942734837,0.294557355531172,4.79865788155153,0.289981886782379,1.19302143941336,1.10884046358367,0.347784298810387,1.31950039495422,-0.52086060747616,-0.364672406168168,1.45443934973565,3463.0000000001,0.733902249906051,0.0189956110754847,0.0158969674456832,0.00118191181672027,0.00118191181672027,0.686698402236782,3.76319416775368,3799.23952759222,0.0312500660060792,177,2,"SNETWORK (2 43 3799.23952759222 0.686698402236782 6000002 177)",6
29,6000003,-1.07649128703358,13,-0.305920963472259,-0.59067341236485,-0.695629464068801,-0.700108350003007,-0.706051805186474,-0.135925479590385,-0.155649991078323,0.855410574284198,0.655066419713714,0.775389539545137,-1.27609612857086,0.83233692777529,0.775389539545137,0.775389539545137,-0.122349164532423,0.555872227933132,0.585743911716052,1.01473438721026,0.268818778647279,0.202072538860104,-0.56138996138996,-1.05738233397807,-0.0396070975918889,-1.07649128703358,-0.5,1.28663073190026,-0.211014086773569,-0.209096576666251,-0.821027440666445,-0.200146403171366,-1.07966636020378,0.655727397442354,0.621662972063773,-0.6102669750293,1.3330917507427,0.0399850261056294,10308.0000000001,21.9699574830383,0.270291762286293,9065.0000000001,3.91737713195354,25.8873346148919,0.31274783313152,-0.301878058762041,0.00729060710818802,-0.136845348834576,-0.214557291502403,-0.0108446517551836,0.570979937364546,-0.0325518668011678,1.17355168100882,0.111426864020748,0.00324821572940231,0.0954904711790667,1543.0000000001,5.89367187510145,0.0954904711790667,1543.0000000001,5.89367187510145,1.17264976297126,1.22192968661832,1e-10,-0.270422427827859,-0.154912176996405,-1.5277777113639,-0.406345632886803,-0.206115705486086,-0.892855882414001,-0.436173920905954,-0.449542747978101,-0.447393236563639,-0.297313809388087,-0.0208628465297557,-0.145184180488018,0.658178604457255,-1.46471571957661,0.630010262370684,0.532567913235144,0.674279333265694,0.563070113320631,-0.0809933795899919,0.00525432440064374,-0.474498163204932,10308.0000000001,0.668735453940186,0.265421554471564,0.0473262785599558,0.0712021200688735,0.0712021200688735,0.318356409230736,1.04334585922853,983.784664541288,0.25,28,2,"SNETWORK (2 29 983.784664541288 0.318356409230736 6000003 28)",6
37,6000004,0.374632145923299,21,0.694079036527741,0.60967167323295,0.623124281295046,0.615977027310147,0.618989232093641,-0.637493900192561,-0.587573816047659,-0.166399539737907,1.77639309676549,-0.419947976506151,0.096910114936737,-0.448006743843802,-0.419947976506151,-0.419947976506151,-0.617305056582775,-0.0383047190020081,0.100574494349209,-0.51588895553574,0.0144955594351472,0.435233160621762,-0.438266838266838,-0.0888315781932811,0.436734262779889,0.374632145923299,0.5,-0.446998287938946,-0.047430644259358,-0.0471135692703186,0.592238829658462,-0.0455891758058095,0.366389429327108,0.169250254861504,1.70447053498531,-0.953818113428364,0.102110447501837,0.0799702643258065,281.0000000001,0.183498940537338,0.142747411443113,4897.0000000001,4.47049287652216,4.6539918169595,0.0547297716830223,0.399280938669608,-0.305858061033394,0.665198183379599,-0.0437050457811816,-0.671956198030511,0.185141060072785,-0.731243849575338,1.4387036386582,-0.512032019585365,-1.45671316796196,0.0778811019185204,1007.0000000001,3.13705078134889,0.0778811019185204,1007.0000000001,3.13705078134889,0.550636192410341,0.310798589569706,1e-10,0.316094827834991,0.155952994349679,0.356866859136366,0.299737084404422,0.793884294513913,0.459181735140859,0.676414028971749,0.668054363157543,0.67905776525831,-0.339726463057502,-0.101105187690674,-0.618972514532706,-0.617830673412905,-0.300124324410563,0.0490459526738994,-0.0103062872043322,-0.495288899425684,0.170332221329706,-0.191361254099447,-0.370040017820984,0.369729486246513,4897.0000000001,0.162916990014663,0.0021579013223618,0.0525718702606605,0.0368909270704195,0.0368909270704195,0.478949309120254,1.21227994686831,4717.89970003218,0.0312499339939208,85,2,"SNETWORK (2 37 4717.89970003218 0.478949309120254 6000004 85)",6
29,6000005,-0.92173203621927,21,-0.305920963472259,-0.59067341236485,-0.695629464068801,-0.700108350003007,-0.706051805186474,-0.00734906216020053,0.000942896987129763,0.918904621986079,0.367145444658416,0.858919781189067,-1.2069741957615,0.792437186411237,0.858919781189067,0.858919781189067,-0.040029419643248,0.0268804219736563,0.0355502713082633,0.577555714883884,-0.24177472564537,0.763878608438194,-1.20507446221732,-1.78686561665285,0.401729132717726,-0.92173203621927,-0.5,0.399630548181127,0.63092611697748,0.632809672374857,-0.332753166415659,0.641152431911067,-0.924597912684736,-0.0947533186395345,0.345388923420744,-0.667678402550094,0.752960788840627,0.0399850261056294,11869.0000000001,14.2883228892718,3.69659859045326,575.0000000001,3.39832494887741,17.6866478380492,0.186005714506896,2.69504302718742,0.579131148863637,-0.0462779324454585,-0.49768250044618,-0.327097293197835,-0.190673052878304,-0.320947286201524,0.303335709175159,-0.378204506175151,-0.642150712342896,0.0472813260165194,849.0000000001,1.60567382822539,0.0472813260165194,849.0000000001,1.60567382822539,0.519528682878885,0.220419044681786,1e-10,-0.375946929515943,-0.514020617932273,0.0520798816887312,-0.32067985502387,-0.206115705486086,-0.892855882414001,-0.405695070477138,-0.417708076089101,-0.413161274590743,1.10214347765446,0.0199284039387549,-0.181140190356255,1.67114401708432,-8.13038659650065,1.13087757491549,1.92105223323573,1.43788578763324,0.964659000469275,-1.73400391452138,-1.6761481701087,-0.323183693865518,11869.0000000001,0.408068270076726,0.150266445684202,0.0357392687226939,0.016886439433938,0.016886439433938,0.515583936620038,0.127642918729535,1166.75557293545,0.25,36,2,"SNETWORK (2 29 1166.75557293545 0.515583936620038 6000005 36)",6
29,6000006,-0.465777966904483,40,-0.305920963472259,-0.59067341236485,-0.562675121066356,-0.564925299345405,-0.567713055283144,0.0490857097366594,0.0826654135406854,0.938761676902386,-0.15664340239021,1.00903720855591,-1.26214642011984,1.03995407255397,1.00903720855591,1.00903720855591,0.07284152142427,-0.627157498009049,-0.613576621734285,1.78786054513016,-1.41063619315645,-0.730569948186529,0.438610038610039,0,-0.752534854245882,-0.465777966904483,-0.5,0.894679406862946,1.18357348421486,1.19603099916602,-0.603771625883569,1.25951956820508,-0.469762301425409,-0.67666571840967,-0.147022930636024,0.401574933425012,4.08741774262795,0.0399850261056294,6976.0000000001,45.587970998678,0.160088854129773,19594.0000000001,5.01509270151574,50.6030637000937,0.485929470643325,-1.63745385261653,0.972385760254782,0.724830109051244,0.777143730684876,0.00462279695163364,-0.845600099224674,-0.000910795777016676,-0.82741387716538,0.792525118188983,0.706283267807719,0.124015896576834,1813.0000000001,8.99363281260221,0.124015896576834,1813.0000000001,8.99363281260221,1.87213572994156,1.62454607205316,1e-10,0.343223514615844,0.151404038150816,0.128875721617468,0.189434944356628,-0.206115705486086,-0.892855882414,-0.323585971028251,-0.331945636842457,-0.32094223474169,-0.210744358448063,0.866890534034943,-0.228790865579019,-0.0499923360889192,-0.222640521230927,-0.372844629153501,-0.410289211609525,-0.409968702220859,-0.355478227196751,-0.00845204630895352,0.37713206666788,0.519374968835417,19594.0000000001,1.08766485657789,0.437770699849665,0.0481587706936595,0.086363767552691,0.086363767552691,0.973230359614526,0.974932624958456,1591.32096118045,0.25,53,2,"SNETWORK (2 29 1591.32096118045 0.973230359614526 6000006 53)",6
29,6000007,-0.805495907612809,26,-0.305920963472259,-0.59067341236485,-0.562675121066356,-0.564925299345405,-0.567713055283144,0.0837007825314823,0.0852818783434561,0.959773001530294,0.316655831810321,0.840550625651846,-1.20161513287005,0.829088246029835,0.840550625651846,0.840550625651846,0.0411114044049296,-0.166044738018718,-0.236137667847804,0.576319684150126,-0.476563961297765,0.763878608438194,-1.20507446221732,-1.78686561665285,0.401729132717726,-0.805495907612809,-0.5,0.263607664995041,0.108330717996208,0.107851428351814,-0.27417656879435,0.105454621217695,-0.809605025753699,-0.931568231174049,0.295685054813972,0.643864307409636,0.971234799484859,0.0399850261056294,9002.0000000001,13.9784175456687,0.442174229993956,1998.0000000001,1.4124844573854,15.3909020029541,0.176407254291388,-0.0935523238000763,-0.422882023717779,-0.297612466982674,-0.353357626777158,0.0278394600428061,-0.927152056009203,0.0119902498692038,-0.49407959379021,0.112715067161378,0.07238571633104,0.0605599492974044,915.0000000001,2.21649414072554,0.0605599492974044,915.0000000001,2.21649414072554,0.657356302500031,0.00579029788073486,1e-10,1.09088191255343,0.955314014681867,-0.750896859508624,2.29222749117849,0.0840520554609872,-0.720660206626747,-0.323585971028253,-0.331945636842458,-0.320942234741691,-0.0571425417953627,-0.798643028850008,0.841192510449307,-0.530191418017653,-0.423101080169834,0.0751350586107855,0.108038272754758,-0.648324051802209,0.24088531714467,0.188016574324464,-0.197091237151071,0.568500352721304,9002.0000000001,0.30566330498751,0.160217656944162,0.0161895972472258,0.0254049856991191,0.0254049856991191,0.640159340982094,0.515622649596979,1282.3260270268,0.25,41,2,"SNETWORK (2 29 1282.3260270268 0.640159340982094 6000007 41)",6
29,6000008,-0.92173203621927,21,-0.305920963472259,-0.59067341236485,-0.695629464068801,-0.700108350003007,-0.706051805186474,-0.00734906216020053,0.000942896987129763,0.918904621986079,0.367145444658416,0.858919781189067,-1.2069741957615,0.792437186411237,0.858919781189067,0.858919781189067,-0.040029419643248,0.0268804219736563,0.0355502713082633,0.577555714883884,-0.24177472564537,0.763878608438194,-1.20507446221732,-1.78686561665285,0.401729132717726,-0.92173203621927,-0.5,0.399630548181127,0.63092611697748,0.632809672374857,-0.332753166415659,0.641152431911067,-0.924597912684736,-0.0947533186395345,0.345388923420744,-0.667678402550094,0.752960788840627,0.0399850261056294,11869.0000000001,14.2883228892718,3.69659859045326,575.0000000001,3.39832494887741,17.6866478380492,0.186005714506896,2.69504302718742,0.579131148863637,-0.0462779324454585,-0.49768250044618,-0.327097293197835,-0.190673052878304,-0.320947286201524,0.303335709175159,-0.378204506175151,-0.642150712342896,0.0472813260165194,849.0000000001,1.60567382822539,0.0472813260165194,849.0000000001,1.60567382822539,0.519528682878885,0.220419044681786,1e-10,-0.375946929515943,-0.514020617932273,0.0520798816887312,-0.32067985502387,-0.206115705486086,-0.892855882414001,-0.405695070477138,-0.417708076089101,-0.413161274590743,1.10214347765446,0.0199284039387549,-0.181140190356255,1.67114401708432,-8.13038659650065,1.13087757491549,1.92105223323573,1.43788578763324,0.964659000469275,-1.73400391452138,-1.6761481701087,-0.323183693865518,11869.0000000001,0.408068270076726,0.150266445684202,0.0357392687226939,0.016886439433938,0.016886439433938,0.515583936620038,0.127642918729535,1166.75557293545,0.25,36,2,"SNETWORK (2 29 1166.75557293545 0.515583936620038 6000008 36)",6
43,6000009,-0.338106599249622,12,0.131579036527741,0.406563246402039,0.118081199488201,0.12698938418892,0.129762766215853,-1.35855706397015,-1.10012155498529,-0.296527938088366,0.214476185803476,-0.501834217122451,-0.0632675023649251,-0.472265137464326,-0.501834217122451,-0.501834217122451,0.412768723845257,3.39203470877693,3.3177126978801,0.395151728685508,3.91624702507611,-0.124352331606218,0.460231660231661,1.53191489361702,0.247465145754118,-0.338106599249622,0.25,1.13044470881928,-0.41086020718244,-0.405906011573033,-0.783253053842702,-0.383461604136315,-0.338041946759944,0.439090364123839,0.204760890696594,-0.440748604799692,0.0797091265967375,0.0799701818409082,1453.0000000001,0.740678656663522,0.157146073952667,1926.0000000001,1.93560165093018,2.6762803074937,0.0334155223308378,0.389396454782368,1.39638959522428,0.0110237001413883,0.731629774446468,0.664996734858673,0.477658117199572,0.725394947811369,0.774131970720832,0.872735456910265,1.09791379420662,0.0247618690903846,650.0000000001,0.643808593850272,0.0247618690903846,650.0000000001,0.643808593850272,0.302490066223147,0.455376179977801,1e-10,-0.55222760852133,-0.242089254201772,-1.22855233098146,-0.331132612710426,-0.0874716815239709,0.0646276650958075,0.150581101102304,0.157034344061114,0.155455887928839,-0.182891339164809,-1.85871615463672,-0.0918752271011327,-1.02872848781642,0.289981886782379,-0.18636051661005,-0.218808700022212,0.176139767356253,-0.283650094349376,-1.5023425759438,-0.316828916327952,-0.474498163116712,1926.0000000001,0.716834755724515,0.00924797153942685,0.024167550691411,0.00803847052845422,0.00803847052845422,0.189285832656526,1.44937952142209,3073.67930179366,0.0312500660060792,155,2,"SNETWORK (2 43 3073.67930179366 0.189285832656526 6000009 155)",6
37,6000010,0.374632145923299,21,0.694079036527741,0.60967167323295,0.623124281295046,0.615977027310147,0.618989232093641,-0.637493900192561,-0.587573816047659,-0.166399539737907,1.77639309676549,-0.419947976506151,0.096910114936737,-0.448006743843802,-0.419947976506151,-0.419947976506151,-0.617305056582775,-0.0383047190020081,0.100574494349209,-0.51588895553574,0.0144955594351472,0.435233160621762,-0.438266838266838,-0.0888315781932811,0.436734262779889,0.374632145923299,0.5,-0.446998287938946,-0.047430644259358,-0.0471135692703186,0.592238829658462,-0.0455891758058095,0.366389429327108,0.169250254861504,1.70447053498531,-0.953818113428364,0.102110447501837,0.0799702643258065,281.0000000001,0.183498940537338,0.142747411443113,4897.0000000001,4.47049287652216,4.6539918169595,0.0547297716830223,0.399280938669608,-0.305858061033394,0.665198183379599,-0.0437050457811816,-0.671956198030511,0.185141060072785,-0.731243849575338,1.4387036386582,-0.512032019585365,-1.45671316796196,0.0778811019185204,1007.0000000001,3.13705078134889,0.0778811019185204,1007.0000000001,3.13705078134889,0.550636192410341,0.310798589569706,1e-10,0.316094827834991,0.155952994349679,0.356866859136366,0.299737084404422,0.793884294513913,0.459181735140859,0.676414028971749,0.668054363157543,0.67905776525831,-0.339726463057502,-0.101105187690674,-0.618972514532706,-0.617830673412905,-0.300124324410563,0.0490459526738994,-0.0103062872043322,-0.495288899425684,0.170332221329706,-0.191361254099447,-0.370040017820984,0.369729486246513,4897.0000000001,0.162916990014663,0.0021579013223618,0.0525718702606605,0.0368909270704195,0.0368909270704195,0.478949309120254,1.21227994686831,4717.89970003218,0.0312499339939208,85,2,"SNETWORK (2 37 4717.89970003218 0.478949309120254 6000010 85)",6
41,6000011,-0.88154200905414,7,-0.351973654490753,-0.150431219958124,-0.192309249631537,-0.194095720002018,-0.196546296696359,0.629676345834629,0.859909786868806,0.515725404180544,0.237653783409177,0.250180067559183,-0.235232718434724,0.012068130830345,0.250180067559183,0.250180067559183,0.575574259672683,0.75424360032919,0.646177012693312,0.341538279184065,0.71731846576374,-0.730569948186529,0.438610038610039,0,-0.752534854245882,-0.88154200905414,0,0.262568256995363,2.79416707097652,2.88028322926631,0.0546363903206282,3.41423673277366,-0.887604855062767,-0.589596400873959,0.220854219430337,0.139783350769761,0.0684849699318355,0.0799701241440398,3157.0000000001,1.38269180877129,0.175392394690293,10035.0000000001,11.255989352434,12.6386811611052,0.0931562718104826,-0.47269023067909,-0.761784873340926,-0.232896456437609,-1.00351556137187,-0.644486044469654,-1.06857513660952,-0.419018747444262,-0.724101688149402,-0.346916553433059,-0.55602985379269,0.060800869363078,2552.0000000001,6.206552734475,0.060800869363078,2552.0000000001,6.206552734475,1.2432492882162,0.545965812222898,1e-10,-0.398144161972193,-0.661643937290352,0.0334220749599591,-0.752308494728383,-0.39255626838664,-0.335033423986381,-0.487990783359439,-0.503664629107673,-0.50559073871264,-0.427753155859983,0.536492345583464,0.112995869476148,2.3554439925946,0.0716271516765018,0.69637696536365,0.266231149268134,-1.20128140902525,1.1251568586187,0.0139747285799045,0.235909494832018,-0.474498163204932,10035.0000000001,2.23429014750109,0.0101914442005115,0.0829648275099711,0.0457468074036682,0.0457468074036682,0.0492185492168528,0.231089516542852,1843.78022680866,0.0625,105,2,"SNETWORK (2 41 1843.78022680866 0.0492185492168528 6000011 105)",6
37,6000012,0.432250138739346,24,0.694079036527741,0.60967167323295,0.623124281295046,0.615977027310147,0.618989232093641,-0.59777942278167,-0.556377189026774,-0.168982451152394,1.707380377053,-0.432587405469153,0.163077973471794,-0.449750908268899,-0.432587405469153,-0.432587405469153,-0.640168249397665,-0.139095909568847,-0.0100304294760351,-0.581790405478187,-0.0881330921356564,0.435233160621762,-0.438266838266838,-0.0888315781932811,0.436734262779889,0.432250138739346,0.5,-0.376681779813434,0.710962190590892,0.713874326387488,0.609745669759452,0.72729653057326,0.426264009748132,0.502257670819596,1.66771048038743,-0.422752646965958,0.237159238721401,0.0799702643258065,1165.0000000001,1.76694501359274,0.0844508063383755,3398.0000000001,1.83520353255554,3.60214854604827,0.0373871103967563,1.86122297491915,1.93775344672437,0.0396959801787904,0.747286022092662,0.625384740932783,0.228408611272756,0.575443248246531,1.45994069381341,0.419271449736378,0.770947975825219,0.0169659108165565,983.0000000001,0.667099609474763,0.0169659108165565,983.0000000001,0.667099609474763,0.307745531990064,0.484973438475393,1e-10,-0.120335973805227,-0.416905830467379,0.351586132926749,-0.360782466616638,0.793884294513914,0.459181735140857,0.676414028971749,0.668054363157543,0.67905776525831,0.593025302549552,0.719142400527886,-1.4418221398045,-0.231353308081163,-2.04990773442008,-0.203533306251155,-0.116948851033124,-1.08532541894105,0.0205813995976596,-0.255571826058583,-0.929393122958437,-0.272693385564555,3398.0000000001,0.200155159138014,0.0183393236744949,0.0190477866222614,0.00692390287531897,0.00692390287531897,0.553554953609785,2.73125038345908,4793.63314927989,0.0312499339939208,87,2,"SNETWORK (2 37 4793.63314927989 0.553554953609785 6000012 87)",6
37,6000013,0.664725106366832,35,0.694079036527741,0.60967167323295,0.623124281295046,0.615977027310147,0.618989232093641,-0.479168432668945,-0.457368744023307,-0.147011233861705,1.48368679496772,-0.519538247255817,0.196763883150557,-0.446756060933832,-0.519538247255817,-0.519538247255817,-0.668027835197046,-0.39695652404973,-0.319772735170589,-0.802290749510741,-0.334750569708233,0.955958549222799,-0.986100386100386,-0.606060606060606,0.882446134347275,0.664725106366832,0.5,1.55304649727854,-0.78524344443599,-0.771318355929626,-0.897827555150371,-0.711223366620728,0.65002842141931,-0.924880698795663,1.41735549204488,0.415867161280515,0.0841967096496754,0.0799702643258065,300.0000000001,0.161537529361342,0.119966929239949,5636.0000000001,4.32403886176916,4.4855763910305,0.0595741528255017,1.16210639565954,0.896429434550368,-0.450087228458614,-0.504257685142275,0.0488189927789625,-0.740142062361488,0.0300663282933374,0.417282901444613,0.136999729288264,0.0961215470555522,0.114703545750209,1314.0000000001,6.02881835947286,0.114703545750209,1314.0000000001,6.02881835947286,1.20314468571677,1.4574252907031,1e-10,-0.56518188953914,-0.592794009933107,-1.08733840690554,-0.376919310458612,0.793884294513914,0.459181735140858,0.683153348395551,0.674543002588234,0.685455592077951,1.16911278691272,0.530928379578971,-2.07573734135996,-3.43985187522126,-0.740283847313905,0.0605998367717816,0.217561908622917,-0.228536944644092,0.115460448131999,-0.89512935129818,-1.53136962869163,-0.474498162760426,5636.0000000001,0.313421256888208,0.0021454235978621,0.0574287291276396,0.0800703665245308,0.0800703665245308,0.821671386077271,2.84944552296278,5065.80266634106,0.0312499339939208,95,2,"SNETWORK (2 37 5065.80266634106 0.821671386077271 6000013 95)",6
28,6000014,0.30247006855316,56,-0.0559209634722586,-0.39032832676705,-0.562675121066356,-0.564925299345405,-0.567713055283144,0.302301303791862,0.425185960954482,1.0490664361048,-0.894980395042951,-1.1612335504699,-1.68519680485796,0.530804614183809,-1.1612335504699,-1.1612335504699,-0.38257446607987,-1.2438704017016,-1.12249070309896,0.964093665820377,-1.90946289491233,0.269430051813471,-0.72998712998713,-1.34966688158177,0.0396070975918883,0.30247006855316,-0.5,-0.607788540531511,0.135180901223657,0.134635190821963,0.936833230709762,0.131880996570711,0.324232359432418,2.98818777131937,-0.868660992615771,0.00233864380025694,0.0953566711419272,0.0399850261056294,21588.0000000001,3.29123017575047,0.0545448861815623,13628.0000000001,1.18845004003098,4.47968021568145,0.0511185374917476,-0.373333617150218,-0.426106941968436,2.17721064337835,2.07466623724585,-0.312141559721625,1.60621040377662,-0.337652049098383,0.0557330645181386,-0.0247287483338148,0.110287932291978,0.111305084183055,1049.0000000001,4.67036132822615,0.111305084183055,1049.0000000001,4.67036132822615,0.896617716749445,0.746392567511949,1e-10,-0.993523034313264,-0.897650859837489,-0.2278447777085,-0.349015130952191,0.38710457596419,-0.540818264859142,-0.323585971028251,-0.331945636842455,-0.32094223474169,1.4675879187511,-0.802435925598275,1.41546273098068,1.17224983139332,0.289981886782379,0.122523041581987,-0.082124844507539,0.304431056608188,0.0522099438777634,0.249686515733161,0.809369893287123,-0.138167722240855,21588.0000000001,0.0977501940487975,0.0375568935062922,0.0135616438854554,0.0532944381508269,0.0532944381508269,0.4203502812364,0.502615977078676,1949.86421133852,0.125,13,2,"SNETWORK (2 28 1949.86421133852 0.4203502812364 6000014 13)",6
28,6000015,0.617431082627666,60,-0.0559209634722586,-0.39032832676705,-0.562675121066356,-0.564925299345405,-0.567713055283144,0.273201675239883,0.438474354512179,1.04263797763561,-0.90981065577457,-1.37665850702373,-1.69026585168986,0.452380962430444,-1.37665850702373,-1.37665850702373,-0.424449434470266,-1.38715931487956,-1.22133632601931,0.84321727431377,-2.04701227282351,0.269430051813471,-0.72998712998713,-1.34966688158177,0.0396070975918883,0.617431082627666,-0.5,-0.456128428135528,0.369704916004538,0.369452011602599,0.686424215377453,0.367683187918957,0.639867222811099,2.98098933663577,-0.882025999212621,-0.0757798686443708,0.0904780588569739,0.0399850261056294,34414.0000000001,4.97820978438423,0.0571273464422174,10134.0000000001,0.925592264637558,5.90380204892179,0.0648169384928378,0.738613691556336,-0.0640295808949525,1.01189239102728,2.58646441341945,1.32341873689303,1.53417008306784,1.29649313328835,-0.0372299487278727,1.1257728885091,0.376813776961944,0.0624665041443777,1414.0000000001,3.53310546885087,0.0624665041443777,1414.0000000001,3.53310546885087,0.640003349495808,0.361213023636001,1e-10,-0.504949909910168,-0.36838906777934,-0.257955749336895,-0.0135156711532628,0.387104575964191,-0.540818264859142,-0.323585971028253,-0.331945636842458,-0.32094223474169,0.65296596733371,-0.820753036239189,0.585351814224923,1.19864229405285,0.289981886782379,-0.649450847827139,-0.903729575044501,-0.305024877874036,-0.71283283612563,-0.36181552025054,-0.0398232147157155,-0.474498163204932,34414.0000000001,0.468580294902172,0.0546550026959268,0.0101619356969109,0.0387894237661856,0.0387894237661856,0.533581032527151,0.646210580271711,2039.75610298604,0.125,17,2,"SNETWORK (2 28 2039.75610298604 0.533581032527151 6000015 17)",6
41,6000016,0.0163749695925366,47,-0.351973654490753,-0.150431219958124,0,0,0,0.636975676505608,0.561661049456329,-0.0795577887923847,-0.486094995114093,0.769668172296507,0.0881621792624305,0.113914710810744,0.769668172296507,0.769668172296507,0.481853670700444,-0.240775339613832,-0.347813098798269,-0.177249584611301,-0.336285854720538,-0.730569948186529,0.438610038610039,0,-0.752534854245882,0.0163749695925366,0,-0.521066419788096,-0.326854129723446,-0.323322701277517,0.673794777039116,-0.307130644273745,0.00771752992902375,0.195988363144337,-0.460236197888222,-0.61861224684526,0.138686881849802,0.0799701241440398,5276.0000000001,4.67945968190153,0.0712685258516099,1177.0000000001,0.536450651921247,5.21591033372277,0.0642289681189624,0.294823932626398,-0.656290671425533,0.147369803603789,-0.323699687915453,-0.402592831531916,0.277149051476369,-0.469266727933318,-0.155322972718551,-0.336304678094047,-0.253943233998139,0.0499209988135754,1081.0000000001,2.158583984475,0.0499209988135754,1081.0000000001,2.158583984475,0.644289253443932,0.0370167682588871,1e-10,0.506690432243545,0.257292886625181,0.0578576516587287,0.475667001963884,0.108344504899672,-0.0843721653759507,0,0,0,0.0904601201720968,0.897122702382877,-0.394626123279033,-0.179333424932269,-0.0393431420492517,-1.06944064460226,-1.16127809910735,-1.06592765771022,-1.01852867891481,1.27835276531263,1.04427437573581,0.11958871060029,5276.0000000001,0.0480993018843289,0.0576230891683483,0.00660587885061414,0.0265809058880753,0.0265809058880753,0.576652521299252,1.52304520876321,2740.36192608731,0.0625,131,2,"SNETWORK (2 41 2740.36192608731 0.576652521299252 6000016 131)",6
29,6000017,-1.00088698316629,17,-0.305920963472259,-0.59067341236485,-0.695629464068801,-0.700108350003007,-0.706051805186474,-0.0625800132870484,-0.0601228356816375,0.90163924622414,0.383460694003214,0.872868336170347,-1.17878107103539,0.77703060302273,0.872868336170347,0.872868336170347,-0.0953622693941523,0.105570449874259,0.169701026666276,0.677871317038898,-0.176656481109845,0.763878608438194,-1.20507446221732,-1.78686561665285,0.401729132717726,-1.00088698316629,-0.5,1.40225316156234,2.76861142190061,2.85310085188823,-0.732488642705119,3.37544799514152,-0.999704124162206,-0.878072461087542,0.369010283857087,0.864138386640119,2.72069868779311,0.0399850261056294,2751.0000000001,11.9664630229787,1.36780291236641,199.0000000001,0.435182443344942,12.4016454662236,0.0917932352054239,1.63654280586903,-0.690722783801789,-0.910455065176103,-0.0738457862278362,0.887676902963596,-1.33562792704849,0.601611388485285,-0.946551857738806,0.696962961673377,0.787537485207047,3.33721350003323,234.0000000001,31.2363183594827,3.33721350003323,234.0000000001,31.2363183594827,6.89105265226876,5.47070882379608,1e-10,-0.741560708246303,-0.734535181453532,0.218410487912677,-0.614533271596068,-0.206115705486087,-0.892855882414001,-0.405788377193844,-0.417805535283672,-0.413266069040298,0.565346138956905,1.25579645258574,-0.103451202474347,1.18007264210272,-1.83681690740605,0.508572998405672,1.13508203769144,1.10068730212113,0.308272210479362,-1.33832385274413,-0.0874617081851024,-0.474498163204932,2751.0000000001,1.36229635386261,0.0885721460623889,0.00322108904303502,0.231201796795672,0.231201796795672,0.412995616340395,1.96015742108766,1071.58286352381,0.25,32,2,"SNETWORK (2 29 1071.58286352381 0.412995616340395 6000017 32)",6
37,6000018,0.724229547719898,38,0.694079036527741,0.60967167323295,0.623124281295046,0.615977027310147,0.618989232093641,-0.433636968334103,-0.417975137471293,-0.129610990052107,1.44143657929275,-0.530310288600514,0.202254733069497,-0.413804824345784,-0.530310288600514,-0.530310288600514,-0.660155569817397,-0.436800887730697,-0.370769371144139,-0.80377989877107,-0.382865670400719,0.955958549222799,-0.986100386100386,-0.606060606060606,0.882446134347275,0.724229547719898,0.5,1.40393957760583,0.658774883718362,0.660996644306057,-0.82139849818702,0.670999198824405,0.707441828766318,-1.05990247738544,1.37762194350519,0.429470074928646,0.0743279260053948,0.0799702643258065,704.0000000001,0.334642992577466,0.122135991139705,4498.0000000001,3.51333994735634,3.8479829398338,0.0402831434798566,-1.49177253760671,0.655088982426527,-0.449868127610294,-0.88411322313099,-0.301117808744438,-1.19517396577123,-0.294697113459427,-0.135000763191309,-0.208624872580341,-0.677227666154729,0.0909875272588388,1352.0000000001,4.92060546884825,0.0909875272588388,1352.0000000001,4.92060546884825,0.953083674937559,0.699061152468265,1e-10,0.083334231168125,-0.0455117673874352,-1.28653322614347,-0.0804367379306307,0.793884294513914,0.459181735140858,0.91713924838561,0.899825414865476,0.907585034568318,0.0125411858549099,-0.124471718244414,0.950693449565519,-0.209486204184162,-0.26650649817039,0.748192813955273,1.08585785678879,1.61804448713681,0.461255947658826,-0.653411498967185,0.374918171471165,0.317408478807952,4498.0000000001,0.372381691333514,0.00350325660434622,0.0367798867755103,0.0515120411700693,0.0515120411700693,0.894774794011285,1.27413748294757,5140.01116989982,0.0312499339939208,97,2,"SNETWORK (2 37 5140.01116989982 0.894774794011285 6000018 97)",6
29,6000019,-1.22969747030233,4,-0.305920963472259,-0.59067341236485,-0.88766904750336,-0.89062955707874,-0.905942372439505,-0.157691793228554,-0.13531221107413,0.838445824548129,0.955338313278628,0.49409375136624,-1.17885240454122,0.55748175104131,0.49409375136624,0.49409375136624,-0.289140386223173,0.589848778419729,0.50327969048288,0.375233542695561,0.506582209845279,0.110535405872193,-0.218618618618618,-0.00859660434128468,0.225496408956485,-1.22969747030233,-0.5,1.01532506579281,7.71893015956371,8.32967454081786,-0.0769091751654964,14.9027546920314,-1.23220951935919,-1.26538753670755,0.908979181613372,0.905419881896143,0.0452299995778231,0.0399850261056294,1599.0000000001,0.115629810121243,0.0896912096959794,127246,18.2468871357699,18.3625169457911,0.060440583075265,0.592164857928562,2.34792143536355,-1.1436011442998,-1.00928209422794,0.283533744838084,-2.21401865799971,0.119538211800675,-2.35208493188173,0.16539025091532,0.0899651266340604,0.4810605506394,6396.0000000001,123.07453125013,0.4810605506394,6396.0000000001,123.07453125013,27.6137464035098,10.0886212728734,1e-10,-2.26400557582362,-1.67252999725685,0.121121021456958,-1.22492322758166,-0.206115705486086,-0.892855882414001,-0.796323874383979,-0.808058563259408,-0.835083858992255,-4.81855795118568,-0.352334750656541,-0.258793507441551,-0.465275356711251,0.289981886782379,0.423104603180956,0.373727978196714,-0.389659064748264,0.589862343175703,-2.54762061539585,0.366826995564723,7.20697909032393,127246,8.19860356875787,0.000380597776855585,0.0600599851984094,0.40510222210604,0.40510222210604,0.10430958537426,6.16231723882622,785.210244842767,0.25,21,2,"SNETWORK (2 29 785.210244842767 0.10430958537426 6000019 21)",6
37,6000020,0.196224528032124,13,0.694079036527741,0.60967167323295,0.623124281295046,0.615977027310147,0.618989232093641,-0.659953190663316,-0.616067365522874,-0.162968746569754,1.86470739754928,-0.368189829735806,0.0554105496028364,-0.443775541945226,-0.368189829735806,-0.368189829735806,-0.595033970597872,0.0438947855353179,0.199212962012006,-0.458811641191929,0.0971691546621811,0.0186528497409334,0,0.324951644100581,0.0801647655259819,0.196224528032124,0.5,-0.313354544960337,-0.213157562953508,-0.211213828225084,0.346248995277672,-0.202144398507028,0.196438403525884,0.45235632479935,1.78705257127859,0.140452327695763,0.0821126656013446,0.0799702643258065,747.0000000001,0.392272455531621,0.211906128652639,540.0000000001,0.731803258501218,1.12407571393284,0.0135848857426673,-0.101289502805413,0.49499027874265,0.222964716066338,0.742864076066852,0.481393387074795,0.434603674894559,0.503851392742473,1.68808484451531,0.0596494344661348,-0.111779711350329,0.00786351455895522,268.0000000001,0.0842968750999701,0.00786351455895522,268.0000000001,0.0842968750999701,0.176239896136553,0.641784053599381,1e-10,-0.173814838274399,-0.374457021870333,0.363397121603785,-0.534524968998313,0.793884294513914,0.459181735140856,0.676414028971746,0.668054363157542,0.67905776525831,0.0196633174663734,-0.722088134654453,0.97485055519685,1.2634393238536,0.141563089901022,0.17516157263291,0.266238886535808,0.641666421419734,0.0282590787213133,-0.554115272234366,-0.176947638807316,-0.287218620473637,747.0000000001,1.30954228093786,0.00474076290611804,0.00884412273654927,0.00101876002907675,0.00101876002907675,0.297968283421501,1.01100141118654,4534.18280544148,0.0312499339939208,77,2,"SNETWORK (2 37 4534.18280544148 0.297968283421501 6000020 77)",6
41,6000021,-0.417042002616905,31,-0.351973654490753,-0.150431219958124,0,0,0,0.626789614626213,0.657410447467907,0.181425545497731,-0.17989295979655,0.605287654244954,-0.107086033448241,0.0446647096333252,0.605287654244954,0.605287654244954,0.525509036270293,-0.332625243404699,-0.436820670803529,0.0564780280973414,-0.520008324125189,-0.730569948186529,0.438610038610039,0,-0.752534854245882,-0.417042002616905,0,-0.0384604846916156,0.396295549531703,0.396173719516472,0.0696605316698989,0.39499170224606,-0.415363465271985,0.0238956198059058,-0.17801830458982,-0.467347950439289,0.101465788557152,0.0799701241440398,2815.0000000001,1.8266425629889,0.088080524578078,1504.0000000001,0.847194773035695,2.6738373359246,0.029227402810319,1.67537156080001,3.37392048727089,-0.421474416776089,0.262687103238726,0.639079803975133,-0.0385797248063008,0.616535386534624,-0.0581500462236188,1.08521948756614,0.897756302708828,0.0459853664589015,528.0000000001,0.9712109376,0.0459853664589015,528.0000000001,0.9712109376,0.376366269705489,0.386924957765138,1e-10,0.601058429010414,0.100272024025167,0.126971709922056,-0.265515479554853,-0.24299163688824,-0.139103873750555,-1.4637901463605e-15,-1.49871635330658e-15,-1.55600483282998e-15,-1.6908756022068,-0.529523810714006,0.256927654777105,-0.136776683272971,0.00634370644997495,0.0942115552265929,-0.0491329662741121,0.131601402937806,0.0628906933568156,0.311100849033316,0.299429749840779,0.111049883228344,2815.0000000001,0.906128782101552,0.0199668158859404,0.00926058682437857,0.010616192992243,0.010616192992243,0.368466062417231,2.78609126340598,2386.46707108907,0.0625,118,2,"SNETWORK (2 41 2386.46707108907 0.368466062417231 6000021 118)",6
41,6000022,-0.895308204628168,6,-0.351973654490753,-0.150431219958124,-0.192309249631537,-0.194095720002018,-0.196546296696359,0.619243077933846,0.852146449086349,0.516472480436722,0.240757867536726,0.249093081522538,-0.232932916272197,0.0118061637380765,0.249093081522538,0.249093081522538,0.575741222702479,0.764744814171535,0.653907114291764,0.328997042741567,0.73397142710362,-0.730569948186529,0.438610038610039,0,-0.752534854245882,-0.895308204628168,0,0.217904069523747,1.82126290134646,1.85560275233961,-0.0274649122691198,2.04575960930974,-0.901760870828774,-1.06901692886011,0.226801207313978,0.616193091336992,0.0601480267569332,0.0799701241440398,1357.0000000001,0.521983494609501,0.0774708962283907,9037.0000000001,4.47732274365504,4.99930623816454,0.0432302919896323,-0.739332717353171,-0.0797522982068636,-0.500743305207186,-0.897956107799962,-0.261525874425028,-1.39693481041866,-0.202739787966264,-1.14958163082725,0.155973993823355,0.0578800365799966,0.00381848485392297,2103.0000000001,0.3212109376,0.00381848485392297,2103.0000000001,0.3212109376,0.0847397030504972,0.59507835472975,1e-10,-0.815607506665422,-1.00246367873186,-1.79673628505626,-0.881142458739815,-0.392556268386639,-0.33503342398638,-0.487990783359437,-0.503664629107672,-0.50559073871264,-0.498678420061275,0.691211131986514,0.00399850138976409,2.49009130178271,0.0191418959203493,0.641934521224767,0.242964316195379,-1.33274867033197,1.09398210223696,-0.178461450260893,0.229000100601195,-0.474498163204932,9037.0000000001,1.53762606681839,0.00451372605610817,0.0387165658335241,0.00277759391503957,0.00277759391503957,0.0375287847225309,1.80031563155353,1823.90886950282,0.0625,104,2,"SNETWORK (2 41 1823.90886950282 0.0375287847225309 6000022 104)",6
41,6000023,0.285706154470592,55,-0.128289549634743,-0.096718629794287,0,0,0,0.72337915615855,0.556317456159736,-0.12922244179439,-0.639536186375884,0.524092065422632,0.304742509645356,-0.013568210007363,0.524092065422632,0.524092065422632,0.420750550985253,-0.39370086951207,-0.519254281423919,-0.27270494440105,-0.493385302509732,-0.730569948186529,0.438610038610039,0,-0.752534854245882,0.285706154470592,0,-0.266194491778129,-0.137345615844663,-0.136246557769029,0.289122021735823,-0.131052244131634,0.285481308121393,0.0713467651058367,-0.617517053977873,0.442140009812379,0.254131039983608,0.0799701241440398,4472.0000000001,7.26800216118916,0.108381343884876,1807.0000000001,1.25247257003241,8.52047473112157,0.101694455118424,0.0195438834577498,-0.127664591131341,0.171921701180903,1.00582753238002,0.776304549625171,0.131481807272423,0.81569410893742,-0.548172983229897,0.768603919942495,0.400673846498085,0.041674711958365,1052.0000000001,1.7536718751,0.041674711958365,1052.0000000001,1.7536718751,0.552923476882729,0.113026492914542,1e-10,0.25714317030465,0.349203354745491,0.0127146868688639,0.446671775957593,0.623538186484531,-0.250657379010997,0,0,0,0.148421791356776,0.340798533345641,-1.3916641920968,-0.302029784254178,0.163263546196412,-0.739215620530572,-0.79371400862047,-1.25335319918835,-0.575906209945497,0.451990156035958,-0.0857346415048178,0.119155350128597,4472.0000000001,0.0930954229083786,0.0867458143093479,0.0149486407090759,0.0209306067137271,0.0209306067137271,0.684735071923122,0.169885528739542,2924.09077563055,0.0625,137,2,"SNETWORK (2 41 2924.09077563055 0.684735071923122 6000023 137)",6
41,6000024,-0.0951992459626681,44,-0.351973654490753,-0.150431219958124,0,0,0,0.590712469454192,0.538518842049804,-0.0303713990853309,-0.427787931196618,0.744895023550688,-0.0816347075064192,0.159018427616316,0.744895023550688,0.744895023550688,0.496388233456839,-0.225915591301952,-0.32102225628154,-0.00797756563534099,-0.370145372882742,-0.730569948186529,0.438610038610039,0,-0.752534854245882,-0.0951992459626681,0,-0.427108010368779,0.124867607170892,0.124344959496272,0.589142383986419,0.121716817279186,-0.0894248855406481,1.1302587843812,-0.416457314567213,-0.477062280184644,0.165476561749033,0.0799701241440398,6963.0000000001,7.36865838480908,0.0904094626686137,583.0000000001,0.337083878154667,7.70574226286375,0.0880813019561198,1.59505599587866,-1.90976954648284,0.204648462764359,0.47605067413008,0.266223202021301,0.766141309261154,0.257823503427061,0.316448367769597,-0.080205423864145,-0.0866023686291497,0.0736094441076285,934.0000000001,2.750048828225,0.0736094441076285,934.0000000001,2.750048828225,0.777749437781917,0.165909534721316,1e-10,0.606722784729216,0.374165863030869,-0.0909551900784982,0.524934404155557,-0.100644373621669,0.0473714039363848,0,-1.49871635330658e-15,0,-0.365929575416155,-0.799063736988007,0.593716444327399,0.297937102769673,-0.0502032179566475,-0.415452748409869,-0.437624516492133,0.518221353083873,-0.645307688617542,0.394075295498865,-0.102074325105164,0.170749153793347,6963.0000000001,0.276183087764857,0.0842282289396743,0.00385307291644552,0.0314347239615913,0.0314347239615913,0.53815510763752,0.630928050726652,2674.92041419078,0.0625,129,2,"SNETWORK (2 41 2674.92041419078 0.53815510763752 6000024 129)",6
28,6000025,-0.369525724883435,43,-0.305920963472259,-0.59067341236485,-0.562675121066356,-0.564925299345405,-0.567713055283144,0.380173912018302,0.413567393921433,1.06845390465286,-0.513717745859245,0.395574211074521,-0.756424060360669,0.795865607968594,0.395574211074521,0.395574211074521,-0.0245433751136305,-0.784109881577593,-0.763569816374629,1.37769986224242,-1.47602229167463,0.269430051813471,-0.72998712998713,-1.34966688158177,0.0396070975918883,-0.369525724883435,-0.5,-0.0638749709948568,-2.12990492832844,-2.04618958388916,-0.221844387727068,-1.73653789329879,-0.366336014475169,0.159780872745915,-0.502833227380347,0.927075049006567,1.37347852421275,0.0399850261056294,10355.0000000001,22.7387581213413,0.163995509446892,8783.0000000001,2.30287096636435,25.0416290876056,0.415366044121005,-0.397188862446436,-0.70379701017404,-0.0110237001413883,0.712616029888283,0.713829221975086,0.72929269491732,1.01817979954754,0.154052041592826,2.27019780173587,1.43997253108843,0.0458136665496528,936.0000000001,1.71526367197542,0.0458136665496528,936.0000000001,1.71526367197542,0.229819204365389,0.0866800456112312,1e-10,-0.631701854939917,-0.17698656548642,-0.114248306869919,0.0706332859659487,-0.206115705486086,-0.892855882414,-0.323585971028251,-0.331945636842458,-0.320942234741688,0.78411385254557,0.672868072976823,0.186002063684456,-0.855404738857343,-0.0845453532138124,0.301674202497462,0.38912596276799,0.495415061392949,0.21699754746427,0.656974179075358,0.835209306167298,-0.474498163204932,10355.0000000001,0.273079907004577,0.377168273428464,0.0381977705925413,0.028451115674232,0.028451115674232,0.0524352487703358,1.23115622692138,1657.7829714198,0.125,2,2,"SNETWORK (2 28 1657.7829714198 0.0524352487703358 6000025 2)",6
41,6000026,-0.895308204628168,6,-0.351973654490753,-0.150431219958124,-0.192309249631537,-0.194095720002018,-0.196546296696359,0.619243077933846,0.852146449086349,0.516472480436722,0.240757867536726,0.249093081522538,-0.232932916272197,0.0118061637380765,0.249093081522538,0.249093081522538,0.575741222702479,0.764744814171535,0.653907114291764,0.328997042741567,0.73397142710362,-0.730569948186529,0.438610038610039,0,-0.752534854245882,-0.895308204628168,0,0.217904069523747,1.82126290134646,1.85560275233961,-0.0274649122691198,2.04575960930974,-0.901760870828774,-1.06901692886011,0.226801207313978,0.616193091336992,0.0601480267569332,0.0799701241440398,1357.0000000001,0.521983494609501,0.0774708962283907,9037.0000000001,4.47732274365504,4.99930623816454,0.0432302919896323,-0.739332717353171,-0.0797522982068636,-0.500743305207186,-0.897956107799962,-0.261525874425028,-1.39693481041866,-0.202739787966264,-1.14958163082725,0.155973993823355,0.0578800365799966,0.00381848485392297,2103.0000000001,0.3212109376,0.00381848485392297,2103.0000000001,0.3212109376,0.0847397030504972,0.59507835472975,1e-10,-0.815607506665422,-1.00246367873186,-1.79673628505626,-0.881142458739815,-0.392556268386639,-0.33503342398638,-0.487990783359437,-0.503664629107672,-0.50559073871264,-0.498678420061275,0.691211131986514,0.00399850138976409,2.49009130178271,0.0191418959203493,0.641934521224767,0.242964316195379,-1.33274867033197,1.09398210223696,-0.178461450260893,0.229000100601195,-0.474498163204932,9037.0000000001,1.53762606681839,0.00451372605610817,0.0387165658335241,0.00277759391503957,0.00277759391503957,0.0375287847225309,1.80031563155353,1823.90886950282,0.0625,104,2,"SNETWORK (2 41 1823.90886950282 0.0375287847225309 6000026 104)",6
41,6000027,-0.260060211859554,37,-0.351973654490753,-0.150431219958124,0,0,0,0.682651366437191,0.685431539772933,0.125848856281253,-0.252693381742654,0.707146984829607,0.00114037651114245,0.0174724947613207,0.707146984829607,0.707146984829607,0.519945749478789,-0.615197532176236,-0.740343764213984,-0.1770884659372,-0.792743621503542,-0.730569948186529,0.438610038610039,0,-0.752534854245882,-0.260060211859554,0,0.671050544840903,1.05270974707558,1.06193897689847,-0.486887123330975,1.10802515888794,-0.260377355836343,-0.366692426084458,-0.247848263798576,0.677163937880037,0.231415639201447,0.0799701241440398,6832.0000000001,10.1110463747747,0.0907237294461953,1684.0000000001,0.977053896025798,11.0881002707005,0.108792769907573,-1.34517619375955,0.0887015216698565,-0.526410201619055,-0.922969177801368,-0.261104800091034,-0.520325571542379,-0.237261951514635,-0.601798689424564,0.0956827865614941,0.00379028660520634,0.0527900703039043,1223.0000000001,2.582490234475,0.0527900703039043,1223.0000000001,2.582490234475,0.739940933953512,0.00402582155675227,1e-10,-1.33085415957035,-1.39274133671163,-1.7533321740494,-0.914932967167484,-0.39255626838664,-0.33503342398638,0,0,0,-0.0621120947046836,0.966766696818383,-0.35741854292587,-1.5457721658904,0.289981886782379,-0.0238628515903625,0.0463182062402159,-0.149888137813491,-0.00565663932276562,2.02736740373082,1.05067510511397,-0.474498163204932,6832.0000000001,0.1722265322955,0.0992062403755761,0.00958652943199727,0.0253385394018854,0.0253385394018854,0.450648498884902,0.580065041780472,2526.16847911201,0.0625,123,2,"SNETWORK (2 41 2526.16847911201 0.450648498884902 6000027 123)",6
43,6000028,-0.228421542646002,17,0.131579036527741,0.406563246402039,0.125190979814175,0.126908484697204,0.131153005061719,-1.01328657197697,-0.819311084049528,-0.150825236850875,-0.205477939823617,-0.564921445590379,0.058631431451698,-0.320039304799813,-0.564921445590379,-0.564921445590379,0.262929630557223,3.15663385838133,3.10846525285758,0.191069527780424,3.69195969322173,-1.08808290155441,1.58918918918919,3.01740812379109,-0.334283903675539,-0.228421542646002,0.25,0.665815303971246,0.920037059349678,0.926447341863322,-0.494272822699065,0.957697651418167,-0.229774107104638,0.709133464800962,-0.136357957121652,0.041187732164273,0.0813033853987803,0.0799701818409082,2065.0000000001,1.07370469237104,0.102852730527745,2403.0000000001,1.5806137740243,2.65431846629534,0.0266178868442297,1.15638869142863,0.775282858931927,-0.263831553324916,-0.989702211752204,-0.550449861791527,0.306506845657665,-0.505389256857842,0.293025388226108,-0.579188726317897,-0.569109620079766,0.0577656813628601,1215.0000000001,2.80741210947619,0.0577656813628601,1215.0000000001,2.80741210947619,0.790693088061241,0.0787671062357729,1e-10,-2.1332940480998,-1.38866215987513,-1.94535764896756,-1.08083057910619,-0.0874716815239709,0.0646276650958085,-1.4637901463605e-15,1.49871635330658e-15,0,-2.0392649156756,0.0115903464314846,0.0095951000033322,5.15944883752197,0.289981886782379,1.93327399984472,2.25035419759742,1.03914232944866,2.02557604645777,-2.23017878540405,-2.41854559469053,-0.474498163029455,2403.0000000001,0.159813809254383,0.0107672648401472,0.0158506219040825,0.028153131782588,0.028153131782588,0.267511902466476,2.56791660725328,3187.78523386236,0.0312500660060792,158,2,"SNETWORK (2 43 3187.78523386236 0.267511902466476 6000028 158)",6
43,6000029,0.439356845727946,43,0.0559209634722586,0.323316827497892,0.354270929498081,0.350983481983268,0.358474665810763,-0.25399642133941,-0.24947009079102,0.0331969086833405,-0.905044954432274,0.0910108925038233,0.918775916375851,-0.543893188535067,0.0910108925038233,0.0910108925038233,-0.213957035988879,3.57677380218781,3.78103169332899,-0.839684323866525,4.5205801212811,0,-0.0555984555984545,-0.180528691166989,-0.277249683143219,0.439356845727946,0.25,-0.0577633234478762,-0.166128525495747,-0.164728826376493,0.0147299977287453,-0.158146651133917,0.435745051449473,0.338693001581857,-0.878546445519603,-1.00894946851925,0.0530106111937449,0.0799701818409082,3775.0000000001,1.27978180883462,0.0709645841182882,3202.0000000001,1.45317913971197,2.7329609484466,0.0327738314745502,1.09834373396387,0.265818356924378,0.820734318002827,0.120381595805429,-0.660309034282592,0.341642475623635,-0.734208673748118,-0.973665619902115,-0.580711657424157,-0.0271673523486758,0.0163811740932217,1881.0000000001,1.23251953135052,0.0163811740932217,1881.0000000001,1.23251953135052,0.120891137589009,0.276343484625759,1e-10,0.335853792612101,0.286255651081986,-0.0932008175823518,0.136032209821547,0.517830201866211,0.18278565565145,0.676414028971749,0.668054363157543,0.67905776525831,-0.396678068584685,0.199612983400719,0.55822078711161,0.573273734551139,0.289981886782379,0.904591260581334,0.857721821049962,0.333687807991773,0.978669686891775,-0.512347604507058,-0.492995380772567,0.351317187060185,3775.0000000001,1.19317300242739,0.0153472200987945,0.0174266112757557,0.0147804480365818,0.0147804480365818,0.670202103099471,0.942061029316392,3775.17688973607,0.0312500660060792,176,2,"SNETWORK (2 43 3775.17688973607 0.670202103099471 6000029 176)",6
29,6000030,-1.00088698316629,17,-0.305920963472259,-0.59067341236485,-0.695629464068801,-0.700108350003007,-0.706051805186474,-0.0625800132870484,-0.0601228356816375,0.90163924622414,0.383460694003214,0.872868336170347,-1.17878107103539,0.77703060302273,0.872868336170347,0.872868336170347,-0.0953622693941523,0.105570449874259,0.169701026666276,0.677871317038898,-0.176656481109845,0.763878608438194,-1.20507446221732,-1.78686561665285,0.401729132717726,-1.00088698316629,-0.5,1.40225316156234,2.76861142190061,2.85310085188823,-0.732488642705119,3.37544799514152,-0.999704124162206,-0.878072461087542,0.369010283857087,0.864138386640119,2.72069868779311,0.0399850261056294,2751.0000000001,11.9664630229787,1.36780291236641,199.0000000001,0.435182443344942,12.4016454662236,0.0917932352054239,1.63654280586903,-0.690722783801789,-0.910455065176103,-0.0738457862278362,0.887676902963596,-1.33562792704849,0.601611388485285,-0.946551857738806,0.696962961673377,0.787537485207047,3.33721350003323,234.0000000001,31.2363183594827,3.33721350003323,234.0000000001,31.2363183594827,6.89105265226876,5.47070882379608,1e-10,-0.741560708246303,-0.734535181453532,0.218410487912677,-0.614533271596068,-0.206115705486087,-0.892855882414001,-0.405788377193844,-0.417805535283672,-0.413266069040298,0.565346138956905,1.25579645258574,-0.103451202474347,1.18007264210272,-1.83681690740605,0.508572998405672,1.13508203769144,1.10068730212113,0.308272210479362,-1.33832385274413,-0.0874617081851024,-0.474498163204932,2751.0000000001,1.36229635386261,0.0885721460623889,0.00322108904303502,0.231201796795672,0.231201796795672,0.412995616340395,1.96015742108766,1071.58286352381,0.25,32,2,"SNETWORK (2 29 1071.58286352381 0.412995616340395 6000030 32)",6
28,6000031,0.0454631387007221,52,-0.305920963472259,-0.59067341236485,-0.562675121066356,-0.564925299345405,-0.567713055283144,0.398535008026131,0.426799744978563,1.09005053850827,-0.61401008254934,-0.0021072682556114,-0.785814359122615,0.750805548920578,-0.0021072682556114,-0.0021072682556114,-0.140519801485444,-0.918423156485653,-0.893490009115464,1.42446008107252,-1.65410307761212,0.269430051813471,-0.72998712998713,-1.34966688158177,0.0396070975918883,0.0454631387007221,-0.5,-0.643477433764258,0.467364080270091,0.467689255546504,1.08398939181592,0.46856204135677,0.0429053138470759,0.240808532760859,-0.598594819802652,-0.187320812849554,0.0895773564658792,0.0399850261056294,16720.0000000001,2.39457960930439,0.165070435390491,16272.0000000001,4.29442475603347,6.68900436523786,0.0722661766754527,2.86666616893248,-1.18739634660225,2.13021935322782,0.485944470396864,-1.62703814058367,0.108654980454906,-1.59766688085189,-0.533329827956629,-1.72324073182092,-0.99907253228607,0.0942085885712838,1628.0000000001,6.13486328135151,0.0942085885712838,1628.0000000001,6.13486328135151,1.2270730306921,1.09120690436687,1e-10,1.76435523157071,1.43907493723703,0.0203834786600984,3.69678753333014,0.215505743416662,-0.572987920137197,-0.187015719671507,-0.19759015538049,-0.195291823666972,0.206062051657621,0.397654868967418,0.436194091538691,0.162719946317426,-0.695854192803111,-0.602786433769282,-0.631698472128091,-0.107884055663427,-0.707853742696276,0.390101433064986,0.490816070668568,0.54472515050752,16720.0000000001,0.800620636252056,0.0258703842031618,0.0463957923722909,0.0662793876260305,0.0662793876260305,0.301910900156109,1.31105817365075,1855.83728058426,0.125,9,2,"SNETWORK (2 28 1855.83728058426 0.301910900156109 6000031 9)",6
35,6000032,1.04096588333427,53,1.00986864890423,0.842832780011516,0.623124281295046,0.615977027310147,0.618989232093641,0.17317734651728,0.111498426597738,0.023689184233192,-0.181619995011877,-0.0178933647765947,0.934756030368384,-0.171167911099001,-0.0178933647765947,-0.0178933647765947,-0.677547233240647,0.194719264792214,0.174020965080722,-1.0269188411449,0.455451979936848,-1.24352331606218,1.27773487773488,1.22931442080378,-1.22782002534854,1.04096588333427,0.5,0.00250438893893569,-1.07343305744015,-1.04960280765626,-0.165104767318818,-0.950257185787013,1.02792353184277,0.292587777619101,-0.180856639716104,-0.319064477400597,0.103962269474967,0.0799702643258065,362.0000000001,0.240680765259832,0.380677336208967,4618.0000000001,11.2426324326679,11.4833131978277,0.159944429773893,0.024603962335537,0.0790069743834704,-0.21824846856679,-0.175399307558932,0.107751888499794,0.547423012040804,0.10280185879851,0.44475188476557,0.15324722193166,0.0613737351005114,0.12964836009504,882.0000000001,4.57399414072338,0.12964836009504,882.0000000001,4.57399414072338,0.874873089415874,1.02293770173939,1e-10,-0.512837197350502,-0.881539371691134,-1.68762210951085,-0.689304550994449,0.861680833452351,0.493197388361808,0.676414028971749,0.668054363157543,0.679057765258312,0.348829921235902,0.559394982517351,0.599482006630243,0.890908080759924,-2.00364496350929,0.652671720130849,0.963196464180989,0.452132892606015,0.647321362030932,-1.17996851139094,-0.29320476056271,-0.474498163204932,4618.0000000001,0.356865787532118,0.00335230321198442,0.156592126461909,0.063708519619451,0.063708519619451,0.179135568097214,1.36231949820649,5482.7829229304,0.0156249669969604,55,2,"SNETWORK (2 35 5482.7829229304 0.179135568097214 6000032 55)",6
28,6000033,0.377185356443231,57,-0.0559209634722586,-0.39032832676705,-0.562675121066356,-0.564925299345405,-0.567713055283144,0.302618233625163,0.438515307621093,1.04129426597263,-0.897224232462865,-1.1933627434557,-1.67929663096085,0.520268660722242,-1.1933627434557,-1.1933627434557,-0.388801713250659,-1.26451749136552,-1.13928764928596,0.956762837664322,-1.9323794953298,0.269430051813471,-0.72998712998713,-1.34966688158177,0.0396070975918883,0.377185356443231,-0.5,-0.621840576042849,-0.100107432457991,-0.0993610567121142,0.918096234357949,-0.0958095823650831,0.403272057128541,2.51451445678531,-0.869918283923095,0.226753940082086,0.0923156802851591,0.0399850261056294,24003.0000000001,3.54271131736168,0.103664848536487,4626.0000000001,0.76671138319404,4.30942270045572,0.0511195712077242,1.91298500327688,-0.429692723882897,1.24385520742099,2.95369995135622,1.39352561612363,1.49086696557369,1.47127057481966,-0.0343753477268098,1.49302702626607,0.518866462068124,0.0295191837172614,1163.0000000001,1.37323242197534,0.0295191837172614,1163.0000000001,1.37323242197534,0.152642083600361,0.236266342097543,1e-10,-0.793940553241872,-0.493517118407437,-0.252430494982922,0.0483919039027532,0.38710457596419,-0.540818264859142,-0.323585971028253,-0.331945636842457,-0.320942234741691,1.37283600422346,-0.492515202606448,1.36175708937804,1.69466169452083,0.289981886782379,0.273488927698891,-0.021019432770151,0.68342084400727,0.134938591906326,0.483879542238335,0.756688251045836,0.422123081278285,24003.0000000001,0.0791311094871218,0.0420246273548308,0.00909494375289343,0.0162896650708444,0.0162896650708444,0.446214476088401,0.52197536546737,1970.39733837939,0.125,14,2,"SNETWORK (2 28 1970.39733837939 0.446214476088401 6000033 14)",6
43,6000034,-0.0761043753544714,23,0.131579036527741,0.406563246402039,0.354270929498081,0.350983481983268,0.358474665810763,-0.971489737795635,-0.76498784903013,-0.139183738736611,-0.222905295178285,-0.549504092891183,0.1111679812947,-0.338880308198253,-0.549504092891183,-0.549504092891183,0.254134517062063,3.06277363212659,3.00094136477911,0.0821869286436048,3.61098007522417,-1.08808290155441,1.58918918918919,3.01740812379109,-0.334283903675539,-0.0761043753544714,0.25,0.37694804172359,-0.516307208027169,-0.509263689688921,-0.423471679449381,-0.477808093388136,-0.0813942445669507,-0.659869852678296,-0.218679105468667,0.653022089505643,0.113044958286076,0.0799701818409082,1220.0000000001,0.881997175328965,0.297975955522202,856.0000000001,1.63121479445655,2.51321196968551,0.0319299679077551,0.126350617092733,-0.00729060710818453,-0.48833463565311,-0.764963342773913,-0.147507321289626,-0.469807416818024,-0.193711363619836,-0.515505959594227,-0.0494956887835171,-0.116939560532701,0.00036200171637931,464.0000000001,0.00671875010000284,0.00036200171637931,464.0000000001,0.00671875010000284,0.155702813977757,0.666570401806979,1e-10,0.185967931247951,0.244230473077752,-1.32735316801047,-0.124041342679078,-0.0874716815239709,0.0646276650958075,0.676414028971747,0.668054363157543,0.679057765258309,-0.806386297412817,-0.817907979942371,0.475225155664426,0.0630630452649796,0.00333937201558161,0.921331460239958,0.917519409376937,1.1296627332534,0.793753123908363,-0.21063394207426,-0.136855566236369,-0.474498163204932,1220.0000000001,1.00543056643049,0.0112056371497532,0.0207243306580019,8.53606754243757e-05,8.53606754243757e-05,0.359149849535279,0.451325670677634,3321.45465364213,0.0312500660060792,161,2,"SNETWORK (2 43 3321.45465364213 0.359149849535279 6000034 161)",6
43,6000035,-0.390284567997187,10,0.131579036527741,0.406563246402039,0.118081199488201,0.12698938418892,0.129762766215853,-1.31863844148931,-1.02595688565203,-0.268738342156959,0.350133493607435,-0.422459263320017,0.0186418798801478,-0.494303449125698,-0.422459263320017,-0.422459263320017,0.389295990356034,3.28917249699302,3.22369961254551,0.349852633938074,3.80476892795356,-0.124352331606218,0.460231660231661,1.53191489361702,0.247465145754118,-0.390284567997187,0.25,0.167706084703733,-0.0662804231690319,-0.0658190746873861,-0.207596140440533,-0.0636094920413483,-0.393544360974869,-0.287251264188381,0.340787237235939,0.0456830848382732,1.09387824885267,0.0799701818409082,2741.0000000001,19.17494770636,0.0632873785267792,1350.0000000001,0.546395407872116,19.7213431141321,0.232639549045349,-0.228561239137388,0.288148926910081,0.620409454063764,-0.477331960967726,-1.01569737014438,-0.192889375787312,-1.09933948665648,0.297578348522371,-0.994396440203516,-1.39327946766952,0.0243509146883413,1040.0000000001,1.01299804697543,0.0243509146883413,1040.0000000001,1.01299804697543,0.385795258392014,0.351514757861846,1e-10,0.363297291445798,0.728814114567914,-1.07880387676955,1.18742316105443,-0.0874716815239706,0.0646276650958085,0.0713655226636064,0.0744239347303264,0.0736758505015835,0.0088394851250124,-0.347271398533284,-0.383139148952085,-0.0391288543656961,0.206012465760711,-0.436867452742728,-0.401722275106618,-0.496192793509885,-0.409740954950284,-0.0641336916714212,-0.0743715661043342,0.151576425623642,2741.0000000001,0.111714507470054,0.226194086256782,0.00644546268856666,0.0119496632326193,0.0119496632326193,0.153317559453014,1.22641278175765,3021.21350172523,0.0312500660060792,153,2,"SNETWORK (2 43 3021.21350172523 0.153317559453014 6000035 153)",6
43,6000036,-0.228421542646002,17,0.131579036527741,0.406563246402039,0.125190979814175,0.126908484697204,0.131153005061719,-1.01328657197697,-0.819311084049528,-0.150825236850875,-0.205477939823617,-0.564921445590379,0.058631431451698,-0.320039304799813,-0.564921445590379,-0.564921445590379,0.262929630557223,3.15663385838133,3.10846525285758,0.191069527780424,3.69195969322173,-1.08808290155441,1.58918918918919,3.01740812379109,-0.334283903675539,-0.228421542646002,0.25,0.665815303971246,0.920037059349678,0.926447341863322,-0.494272822699065,0.957697651418167,-0.229774107104638,0.709133464800962,-0.136357957121652,0.041187732164273,0.0813033853987803,0.0799701818409082,2065.0000000001,1.07370469237104,0.102852730527745,2403.0000000001,1.5806137740243,2.65431846629534,0.0266178868442297,1.15638869142863,0.775282858931927,-0.263831553324916,-0.989702211752204,-0.550449861791527,0.306506845657665,-0.505389256857842,0.293025388226108,-0.579188726317897,-0.569109620079766,0.0577656813628601,1215.0000000001,2.80741210947619,0.0577656813628601,1215.0000000001,2.80741210947619,0.790693088061241,0.0787671062357729,1e-10,-2.1332940480998,-1.38866215987513,-1.94535764896756,-1.08083057910619,-0.0874716815239709,0.0646276650958085,-1.4637901463605e-15,1.49871635330658e-15,0,-2.0392649156756,0.0115903464314846,0.0095951000033322,5.15944883752197,0.289981886782379,1.93327399984472,2.25035419759742,1.03914232944866,2.02557604645777,-2.23017878540405,-2.41854559469053,-0.474498163029455,2403.0000000001,0.159813809254383,0.0107672648401472,0.0158506219040825,0.028153131782588,0.028153131782588,0.267511902466476,2.56791660725328,3187.78523386236,0.0312500660060792,158,2,"SNETWORK (2 43 3187.78523386236 0.267511902466476 6000036 158)",6
29,6000037,-0.658396288358295,32,-0.305920963472259,-0.59067341236485,-0.562675121066356,-0.564925299345405,-0.567713055283144,0.113667515818873,0.140661525071422,0.96456753788373,-0.00632264975611352,1.07630309700204,-1.32724746635612,1.01859540161603,1.07630309700204,1.07630309700204,0.132962369265427,-0.427568496670321,-0.46371021802518,1.13115885463849,-0.965713012744033,0.756476683937826,-1.05945945945946,-1.47001934235976,0.356463878326996,-0.658396288358295,-0.5,0.259873910098681,0.0229338895632652,0.0228040331736573,-0.279992020335714,0.0221698951589537,-0.663405850157339,-0.776071862004184,0.177031330913571,0.858845488784845,0.0966946908790782,0.0399850261056294,9137.0000000001,1.41254086044522,0.055195178974734,3613.0000000001,0.318833445519413,1.73137430586463,0.0201258199204003,-0.754778703616839,-0.595196025648515,-0.631800794663943,0.755692083011299,1.41066188943222,-0.719715367667238,1.46083457632203,-0.365800062903519,1.33574117068636,1.61316904505818,0.0868421622846801,1219.0000000001,4.23442382822604,0.0868421622846801,1219.0000000001,4.23442382822604,1.11268897513601,0.638242305301414,1e-10,0.0986538426692101,0.0398474601599599,-0.0047078853235733,-0.149327010585812,-0.206115705486087,-0.892855882414001,-0.323585971028251,-0.331945636842457,-0.32094223474169,-0.452899362886675,0.702271869144167,-0.11669923376023,-0.0975641958102142,-0.3320258276191,-0.20496948209347,-0.247696453455194,-1.26376628625983,0.0648024728053782,1.34667327729243,1.36092648364633,0.110494459839343,9137.0000000001,0.166020170774942,0.0164196400221534,0.00370617979824685,0.049221737162397,0.049221737162397,0.784082412221608,2.74883208882937,1415.84559922928,0.25,46,2,"SNETWORK (2 29 1415.84559922928 0.784082412221608 6000037 46)",6
37,6000038,0.196224528032124,13,0.694079036527741,0.60967167323295,0.623124281295046,0.615977027310147,0.618989232093641,-0.659953190663316,-0.616067365522874,-0.162968746569754,1.86470739754928,-0.368189829735806,0.0554105496028364,-0.443775541945226,-0.368189829735806,-0.368189829735806,-0.595033970597872,0.0438947855353179,0.199212962012006,-0.458811641191929,0.0971691546621811,0.0186528497409334,0,0.324951644100581,0.0801647655259819,0.196224528032124,0.5,-0.313354544960337,-0.213157562953508,-0.211213828225084,0.346248995277672,-0.202144398507028,0.196438403525884,0.45235632479935,1.78705257127859,0.140452327695763,0.0821126656013446,0.0799702643258065,747.0000000001,0.392272455531621,0.211906128652639,540.0000000001,0.731803258501218,1.12407571393284,0.0135848857426673,-0.101289502805413,0.49499027874265,0.222964716066338,0.742864076066852,0.481393387074795,0.434603674894559,0.503851392742473,1.68808484451531,0.0596494344661348,-0.111779711350329,0.00786351455895522,268.0000000001,0.0842968750999701,0.00786351455895522,268.0000000001,0.0842968750999701,0.176239896136553,0.641784053599381,1e-10,-0.173814838274399,-0.374457021870333,0.363397121603785,-0.534524968998313,0.793884294513914,0.459181735140856,0.676414028971746,0.668054363157542,0.67905776525831,0.0196633174663734,-0.722088134654453,0.97485055519685,1.2634393238536,0.141563089901022,0.17516157263291,0.266238886535808,0.641666421419734,0.0282590787213133,-0.554115272234366,-0.176947638807316,-0.287218620473637,747.0000000001,1.30954228093786,0.00474076290611804,0.00884412273654927,0.00101876002907675,0.00101876002907675,0.297968283421501,1.01100141118654,4534.18280544148,0.0312499339939208,77,2,"SNETWORK (2 37 4534.18280544148 0.297968283421501 6000038 77)",6
43,6000039,-0.228421542646002,17,0.131579036527741,0.406563246402039,0.125190979814175,0.126908484697204,0.131153005061719,-1.01328657197697,-0.819311084049528,-0.150825236850875,-0.205477939823617,-0.564921445590379,0.058631431451698,-0.320039304799813,-0.564921445590379,-0.564921445590379,0.262929630557223,3.15663385838133,3.10846525285758,0.191069527780424,3.69195969322173,-1.08808290155441,1.58918918918919,3.01740812379109,-0.334283903675539,-0.228421542646002,0.25,0.665815303971246,0.920037059349678,0.926447341863322,-0.494272822699065,0.957697651418167,-0.229774107104638,0.709133464800962,-0.136357957121652,0.041187732164273,0.0813033853987803,0.0799701818409082,2065.0000000001,1.07370469237104,0.102852730527745,2403.0000000001,1.5806137740243,2.65431846629534,0.0266178868442297,1.15638869142863,0.775282858931927,-0.263831553324916,-0.989702211752204,-0.550449861791527,0.306506845657665,-0.505389256857842,0.293025388226108,-0.579188726317897,-0.569109620079766,0.0577656813628601,1215.0000000001,2.80741210947619,0.0577656813628601,1215.0000000001,2.80741210947619,0.790693088061241,0.0787671062357729,1e-10,-2.1332940480998,-1.38866215987513,-1.94535764896756,-1.08083057910619,-0.0874716815239709,0.0646276650958085,-1.4637901463605e-15,1.49871635330658e-15,0,-2.0392649156756,0.0115903464314846,0.0095951000033322,5.15944883752197,0.289981886782379,1.93327399984472,2.25035419759742,1.03914232944866,2.02557604645777,-2.23017878540405,-2.41854559469053,-0.474498163029455,2403.0000000001,0.159813809254383,0.0107672648401472,0.0158506219040825,0.028153131782588,0.028153131782588,0.267511902466476,2.56791660725328,3187.78523386236,0.0312500660060792,158,2,"SNETWORK (2 43 3187.78523386236 0.267511902466476 6000039 158)",6
35,6000040,1.24601687639629,60,1.00986864890423,0.842832780011516,0.437324878933644,0.435074700654595,0.432286944716856,0.196578295249343,0.17435951298908,-0.0322370532387845,-0.596844399196994,-0.212517385884285,0.894308652547432,-0.283191212344485,-0.212517385884285,-0.212517385884285,-0.880355706678297,-0.107018859119164,-0.185945268551421,-1.39040703756185,0.199249229379511,-1.24352331606218,1.27773487773488,1.22931442080378,-1.22782002534854,1.24601687639629,0.5,-0.685623849743748,-0.390737653329329,-0.386143705051381,0.996053966971058,-0.365272532604111,1.23516538551906,0.61527915161762,-0.566791636183901,-0.359117054297443,0.0987578049496633,0.0799702643258065,333.0000000001,0.21031619870651,0.1937424066982,4776.0000000001,5.91760632808071,6.12792252668722,0.0762585977938715,-0.706982406801874,-0.895212215205994,1.51580491320853,0.531825017448313,-1.06478850519106,0.592759220259484,-1.21792615716008,-0.0646908331925463,-0.923335793884832,-0.568241983302968,0.0805294448211155,1004.0000000001,3.23406250009885,0.0805294448211155,1004.0000000001,3.23406250009885,0.572526254016078,0.39989533191233,1e-10,0.312039020849196,0.499109524379356,0.0265166256835692,0.524934404155557,0.861680833452351,0.493197388361808,0.546274358888712,0.534561094828886,0.536928824266797,0.0473669546493262,0.628252446190735,-1.07914315668859,0.335608614876088,-2.10345051986064,-0.0858906846448257,0.000248910699223587,-0.0038721585305777,-0.117323098541308,0.787338869261472,0.166637295771657,0.808768357110735,4776.0000000001,0.167571761155081,0.00261726846389659,0.073641329229975,0.040246114410588,0.040246114410588,0.849138224172969,2.21244753293427,5649.13066018992,0.0156249669969604,61,2,"SNETWORK (2 35 5649.13066018992 0.849138224172969 6000040 61)",6
37,6000041,0.664725106366832,35,0.694079036527741,0.60967167323295,0.623124281295046,0.615977027310147,0.618989232093641,-0.479168432668945,-0.457368744023307,-0.147011233861705,1.48368679496772,-0.519538247255817,0.196763883150557,-0.446756060933832,-0.519538247255817,-0.519538247255817,-0.668027835197046,-0.39695652404973,-0.319772735170589,-0.802290749510741,-0.334750569708233,0.955958549222799,-0.986100386100386,-0.606060606060606,0.882446134347275,0.664725106366832,0.5,1.55304649727854,-0.78524344443599,-0.771318355929626,-0.897827555150371,-0.711223366620728,0.65002842141931,-0.924880698795663,1.41735549204488,0.415867161280515,0.0841967096496754,0.0799702643258065,300.0000000001,0.161537529361342,0.119966929239949,5636.0000000001,4.32403886176916,4.4855763910305,0.0595741528255017,1.16210639565954,0.896429434550368,-0.450087228458614,-0.504257685142275,0.0488189927789625,-0.740142062361488,0.0300663282933374,0.417282901444613,0.136999729288264,0.0961215470555522,0.114703545750209,1314.0000000001,6.02881835947286,0.114703545750209,1314.0000000001,6.02881835947286,1.20314468571677,1.4574252907031,1e-10,-0.56518188953914,-0.592794009933107,-1.08733840690554,-0.376919310458612,0.793884294513914,0.459181735140858,0.683153348395551,0.674543002588234,0.685455592077951,1.16911278691272,0.530928379578971,-2.07573734135996,-3.43985187522126,-0.740283847313905,0.0605998367717816,0.217561908622917,-0.228536944644092,0.115460448131999,-0.89512935129818,-1.53136962869163,-0.474498162760426,5636.0000000001,0.313421256888208,0.0021454235978621,0.0574287291276396,0.0800703665245308,0.0800703665245308,0.821671386077271,2.84944552296278,5065.80266634106,0.0312499339939208,95,2,"SNETWORK (2 37 5065.80266634106 0.821671386077271 6000041 95)",6
41,6000042,-0.123951323664833,43,-0.351973654490753,-0.150431219958124,0,0,0,0.596891327110463,0.545045240551185,-0.00475355470753764,-0.420899415735482,0.756882878287192,-0.0757219332007187,0.151689249559146,0.756882878287192,0.756882878287192,0.498173265487958,-0.231572024455884,-0.32154018012534,0.00797756563534099,-0.381937828611956,-0.730569948186529,0.438610038610039,0,-0.752534854245882,-0.123951323664833,0,-0.593766236307013,0.964715627897462,0.972023750379968,1.08099449670685,1.00795928142724,-0.125778445045942,0.447934337907513,-0.405575458302327,-0.96698269884744,0.101559130899499,0.0799701241440398,7007.0000000001,4.55099786862363,0.096695617721373,628.0000000001,0.38834880658428,4.93934667510791,0.0491697672101057,-2.00452780884334,0.924568071441992,0.98299654673302,-0.0426189277367136,-1.0202162994314,0.12807770255464,-0.922964093084011,-0.203518561085925,-0.453714389141312,-0.367126886514288,0.0505327284849918,1226.0000000001,2.4781250001,0.0505327284849918,1226.0000000001,2.4781250001,0.716391599508113,0.0137532837593007,1e-10,-0.279202370043781,-0.249429470309711,0.0745392204079114,-0.109000867515022,-0.240013974955305,-0.135203138948286,0,0,0,0.665448114170483,0.569059158166507,-0.391879918827554,1.66199015929781,0.110576925061382,-0.646357911372453,-0.575854525527893,0.0486291824946835,-0.800180653254974,1.08762963689165,1.32414627765954,-0.0957453548136992,7007.0000000001,0.176881303435919,0.0453038670976736,0.0038659000124321,0.0246690174099868,0.0246690174099868,0.5267963052626,0.521120711253581,2655.61165731479,0.0625,128,2,"SNETWORK (2 41 2655.61165731479 0.5267963052626 6000042 128)",6
43,6000043,-0.117736343068013,21,0.131579036527741,0.406563246402039,0.125190979814175,0.126908484697204,0.131153005061719,-0.95684661095097,-0.768122667850352,-0.128274717111231,-0.207263851239467,-0.559467514848775,0.0602922497397964,-0.319904132591571,-0.559467514848775,-0.559467514848775,0.261710060150444,3.13125566511262,3.07740674935448,0.171891420168218,3.66691464111788,-1.08808290155441,1.58918918918919,3.01740812379109,-0.334283903675539,-0.117736343068013,0.25,0.252012468625868,-0.238479470982763,-0.236215578969358,-0.30056065508536,-0.225694954410287,-0.127843211868453,-1.06155714653416,-0.208174436595978,0.843991021831988,0.0913410474360111,0.0799701818409082,2573.0000000001,1.50301023933869,0.155714363089361,2184.0000000001,2.17489088682159,3.67790112606028,0.0446347701502464,0.135957021547894,-0.710852114273605,-0.703343194731261,-1.0899187897457,-0.226233283278349,-1.03716812414163,-0.268665117865301,-1.11972178157303,-0.228001645483454,-0.298035244210664,0.0445667388391692,981.0000000001,1.74879882822574,0.0445667388391692,981.0000000001,1.74879882822574,0.237386193650153,0.105253795407641,1e-10,-0.116657500973229,-0.0664670371970977,-1.40110045881073,-0.390650529822825,-0.0874716815239709,0.0646276650958095,0.32765553808446,0.323606108765671,0.328936570873912,-0.740658377156947,-0.977090467740358,0.684221253979994,-0.213340925181056,0.198615790920399,0.699447789910152,0.644793102189602,0.944255078830535,0.576496283612988,-0.172618945496995,0.224964905895324,-0.15497555139565,2573.0000000001,0.203258339898293,0.018240434996487,0.0263943350537595,0.0212233094050761,0.0212233094050761,0.329238383996684,0.489820935763419,3277.82373030527,0.0312500660060792,159,2,"SNETWORK (2 43 3277.82373030527 0.329238383996684 6000043 159)",6
28,6000044,0.52561849966357,59,-0.0559209634722586,-0.39032832676705,-0.562675121066356,-0.564925299345405,-0.567713055283144,0.265805001983245,0.426646777676243,1.03447504209534,-0.907942971857994,-1.34270520016502,-1.69189542377287,0.462082183757377,-1.34270520016502,-1.34270520016502,-0.41883447692578,-1.38231803246296,-1.22230868673318,0.844116825262457,-2.04138710602205,0.269430051813471,-0.72998712998713,-1.34966688158177,0.0396070975918883,0.52561849966357,-0.5,-0.570252017356606,0.611486277876619,0.613146250020115,0.956626151019483,0.620397977150486,0.551904527609277,2.61167308673934,-0.881202473406324,0.327981011487131,0.0780811822811721,0.0399850261056294,30026.0000000001,3.74833696650508,0.0497851276381294,10884.0000000001,0.866329140318262,4.61466610672334,0.0486867290545691,0.0296641096234628,-0.351099436110728,2.57964415934933,1.43647793794894,-1.30040842748015,1.32205751504435,-1.24814011140387,-0.195286444474158,-1.1646268461432,-0.43202284323258,0.0623461897280954,1373.0000000001,3.42405273447584,0.0623461897280954,1373.0000000001,3.42405273447584,0.615396311248233,0.290465867206136,1e-10,-1.10435888497482,-1.0081822723421,-0.0935626585700138,-0.322201997945639,0.38710457596419,-0.540818264859143,-0.323585971028253,-0.331945636842458,-0.32094223474169,1.73944996781294,-0.277469321221693,1.33100805827195,-0.222703377113103,0.289981886782379,-0.455049217266706,-0.680494603297211,-0.0743195881560723,-0.540058008390685,-0.577358426652895,0.338114380395238,0.00283969030223927,30026.0000000001,0.404965089316447,0.0395465807703455,0.00914014818422357,0.0361252414698948,0.0361252414698948,0.5062329554633,2.48496488695354,2018.04494809068,0.125,16,2,"SNETWORK (2 28 2018.04494809068 0.5062329554633 6000044 16)",6
37,6000045,0.196224528032124,13,0.694079036527741,0.60967167323295,0.623124281295046,0.615977027310147,0.618989232093641,-0.659953190663316,-0.616067365522874,-0.162968746569754,1.86470739754928,-0.368189829735806,0.0554105496028364,-0.443775541945226,-0.368189829735806,-0.368189829735806,-0.595033970597872,0.0438947855353179,0.199212962012006,-0.458811641191929,0.0971691546621811,0.0186528497409334,0,0.324951644100581,0.0801647655259819,0.196224528032124,0.5,-0.313354544960337,-0.213157562953508,-0.211213828225084,0.346248995277672,-0.202144398507028,0.196438403525884,0.45235632479935,1.78705257127859,0.140452327695763,0.0821126656013446,0.0799702643258065,747.0000000001,0.392272455531621,0.211906128652639,540.0000000001,0.731803258501218,1.12407571393284,0.0135848857426673,-0.101289502805413,0.49499027874265,0.222964716066338,0.742864076066852,0.481393387074795,0.434603674894559,0.503851392742473,1.68808484451531,0.0596494344661348,-0.111779711350329,0.00786351455895522,268.0000000001,0.0842968750999701,0.00786351455895522,268.0000000001,0.0842968750999701,0.176239896136553,0.641784053599381,1e-10,-0.173814838274399,-0.374457021870333,0.363397121603785,-0.534524968998313,0.793884294513914,0.459181735140856,0.676414028971746,0.668054363157542,0.67905776525831,0.0196633174663734,-0.722088134654453,0.97485055519685,1.2634393238536,0.141563089901022,0.17516157263291,0.266238886535808,0.641666421419734,0.0282590787213133,-0.554115272234366,-0.176947638807316,-0.287218620473637,747.0000000001,1.30954228093786,0.00474076290611804,0.00884412273654927,0.00101876002907675,0.00101876002907675,0.297968283421501,1.01100141118654,4534.18280544148,0.0312499339939208,77,2,"SNETWORK (2 37 4534.18280544148 0.297968283421501 6000045 77)",6
29,6000046,-1.07649128703358,13,-0.305920963472259,-0.59067341236485,-0.695629464068801,-0.700108350003007,-0.706051805186474,-0.135925479590385,-0.155649991078323,0.855410574284198,0.655066419713714,0.775389539545137,-1.27609612857086,0.83233692777529,0.775389539545137,0.775389539545137,-0.122349164532423,0.555872227933132,0.585743911716052,1.01473438721026,0.268818778647279,0.202072538860104,-0.56138996138996,-1.05738233397807,-0.0396070975918889,-1.07649128703358,-0.5,1.28663073190026,-0.211014086773569,-0.209096576666251,-0.821027440666445,-0.200146403171366,-1.07966636020378,0.655727397442354,0.621662972063773,-0.6102669750293,1.3330917507427,0.0399850261056294,10308.0000000001,21.9699574830383,0.270291762286293,9065.0000000001,3.91737713195354,25.8873346148919,0.31274783313152,-0.301878058762041,0.00729060710818802,-0.136845348834576,-0.214557291502403,-0.0108446517551836,0.570979937364546,-0.0325518668011678,1.17355168100882,0.111426864020748,0.00324821572940231,0.0954904711790667,1543.0000000001,5.89367187510145,0.0954904711790667,1543.0000000001,5.89367187510145,1.17264976297126,1.22192968661832,1e-10,-0.270422427827859,-0.154912176996405,-1.5277777113639,-0.406345632886803,-0.206115705486086,-0.892855882414001,-0.436173920905954,-0.449542747978101,-0.447393236563639,-0.297313809388087,-0.0208628465297557,-0.145184180488018,0.658178604457255,-1.46471571957661,0.630010262370684,0.532567913235144,0.674279333265694,0.563070113320631,-0.0809933795899919,0.00525432440064374,-0.474498163204932,10308.0000000001,0.668735453940186,0.265421554471564,0.0473262785599558,0.0712021200688735,0.0712021200688735,0.318356409230736,1.04334585922853,983.784664541288,0.25,28,2,"SNETWORK (2 29 983.784664541288 0.318356409230736 6000046 28)",6
37,6000047,0.196224528032124,13,0.694079036527741,0.60967167323295,0.623124281295046,0.615977027310147,0.618989232093641,-0.659953190663316,-0.616067365522874,-0.162968746569754,1.86470739754928,-0.368189829735806,0.0554105496028364,-0.443775541945226,-0.368189829735806,-0.368189829735806,-0.595033970597872,0.0438947855353179,0.199212962012006,-0.458811641191929,0.0971691546621811,0.0186528497409334,0,0.324951644100581,0.0801647655259819,0.196224528032124,0.5,-0.313354544960337,-0.213157562953508,-0.211213828225084,0.346248995277672,-0.202144398507028,0.196438403525884,0.45235632479935,1.78705257127859,0.140452327695763,0.0821126656013446,0.0799702643258065,747.0000000001,0.392272455531621,0.211906128652639,540.0000000001,0.731803258501218,1.12407571393284,0.0135848857426673,-0.101289502805413,0.49499027874265,0.222964716066338,0.742864076066852,0.481393387074795,0.434603674894559,0.503851392742473,1.68808484451531,0.0596494344661348,-0.111779711350329,0.00786351455895522,268.0000000001,0.0842968750999701,0.00786351455895522,268.0000000001,0.0842968750999701,0.176239896136553,0.641784053599381,1e-10,-0.173814838274399,-0.374457021870333,0.363397121603785,-0.534524968998313,0.793884294513914,0.459181735140856,0.676414028971746,0.668054363157542,0.67905776525831,0.0196633174663734,-0.722088134654453,0.97485055519685,1.2634393238536,0.141563089901022,0.17516157263291,0.266238886535808,0.641666421419734,0.0282590787213133,-0.554115272234366,-0.176947638807316,-0.287218620473637,747.0000000001,1.30954228093786,0.00474076290611804,0.00884412273654927,0.00101876002907675,0.00101876002907675,0.297968283421501,1.01100141118654,4534.18280544148,0.0312499339939208,77,2,"SNETWORK (2 37 4534.18280544148 0.297968283421501 6000047 77)",6
29,6000048,-0.788620866533088,27,-0.305920963472259,-0.59067341236485,-0.562675121066356,-0.564925299345405,-0.567713055283144,0.121594595709389,0.118967153167038,0.971833321700319,0.253164391346834,0.841350144700019,-1.11838316416327,0.798790632787595,0.841350144700019,0.841350144700019,0.0336094627997246,-0.294473242315732,-0.390659264818576,0.644269875433033,-0.653977494369412,0.763878608438194,-1.20507446221732,-1.78686561665285,0.401729132717726,-0.788620866533088,-0.5,0.360276555341142,-0.0207988342093807,-0.020667888561658,-0.365553049018104,-0.0200347830417697,-0.790502695222209,-0.354140283045203,0.235790840161342,-0.132115765021472,6.94153985148436,0.0399850261056294,12280.0000000001,136.285280923855,0.427013167339833,5225.0000000001,3.5671578477185,139.852438771474,1.63742782617451,-0.428699856735426,-0.175830976585502,-0.159846474499645,-0.869454265755335,-0.58600040162277,-0.266088959342824,-0.637044458608029,0.141631562894946,-0.514097129997436,-0.735112214446912,0.0288819616057862,1361.0000000001,1.57233398447539,0.0288819616057862,1361.0000000001,1.57233398447539,0.197568052597546,0.179979994763063,1e-10,-0.865376974965152,-1.17513734614474,0.200366521412852,-0.840810993490976,-0.206115705486086,-0.892855882414,-0.323585971028251,-0.331945636842458,-0.320942234741691,-0.0699904133977615,0.162426965421572,-0.610530595265547,1.44216409176776,-1.74969243296127,1.4665868386311,1.8080183283543,-1.11398170456295,2.02251226996699,-1.45068286812269,-0.522718201412838,-0.474498162979244,12280.0000000001,0.386346004754771,1.59566263720112,0.0417651888733896,0.0184092851044786,0.0184092851044786,0.66360381419708,0.514731404255144,1304.07581326481,0.25,42,2,"SNETWORK (2 29 1304.07581326481 0.66360381419708 6000048 42)",6
41,6000049,0.388842849485936,58,0.398026345509247,0.0967186297942882,0,0,0,0.77059682547674,0.598996549143811,-0.14953659846358,-0.753867225990572,0.554298634289306,0.631171022544425,-0.00411556828153146,0.554298634289306,0.554298634289306,0.383400051376085,-0.502743886470237,-0.604560263835676,-0.42233839602987,-0.58036208540287,-0.730569948186529,0.438610038610039,0,-0.752534854245882,0.388842849485936,0,-0.24335180983178,-0.343308845215123,-0.339515516004538,0.224428401666277,-0.322164357110862,0.384855965914521,-0.24129744686559,-0.72825927232694,0.564529912653649,0.123724441544653,0.0799701241440398,4668.0000000001,3.6935321919002,0.104948020404485,2359.0000000001,1.58328001858234,5.27681221038254,0.065155448487232,-0.0691644660958116,-0.579543583866759,-0.228209614923695,0.354673643270777,0.603982519424392,-0.0843069639203118,0.650049767160383,-0.966820034839159,0.691739359900688,0.346680608554119,0.024146012258091,1307.0000000001,1.262353515725,0.024146012258091,1307.0000000001,1.262353515725,0.44206069356819,0.254927887049773,1e-10,0.419080830469295,0.32007234616052,-0.191498936564327,0.443616845757958,0.827782402343433,0,1.4637901463605e-15,0,-1.55600483282998e-15,0.136280800404577,0.479485546828922,-0.94813233149953,0.264764038351199,0.0332331468122766,-0.265287014738011,-0.328648225399998,-0.624408348614206,-0.171823106689427,0.617459578560668,0.339146699471125,-0.335948192112383,4668.0000000001,0.30256012422723,0.0456058954723598,0.0195495529148721,0.0155869123357228,0.0155869123357228,0.722908364007434,0.700948160163881,2988.98131529163,0.0625,139,2,"SNETWORK (2 41 2988.98131529163 0.722908364007434 6000049 139)",6
43,6000050,0.618539642184621,48,0.0559209634722586,0.323316827497892,0.354270929498081,0.350983481983268,0.358474665810763,0.148342868880853,-0.000942896987129763,0.16048076791472,-1.0461515816846,-0.0295574816191538,0.904953557132213,-0.769739788375684,-0.0295574816191538,-0.0295574816191538,-0.644442659874785,3.63632603886313,3.73635076936067,-1.30351697175701,4.73558484633409,0,-0.0555984555984545,-0.180528691166989,-0.277249683143219,0.618539642184621,0.25,-0.542385331303292,-2.01156995233726,-1.93647457669735,0.408410750629446,-1.6550441137436,0.612016349896726,1.19438398534688,-1.01388442506819,-1.56842683484179,0.054865545600992,0.0799701818409082,2323.0000000001,0.815089084853611,0.0656992794333283,1713.0000000001,0.719737506180647,1.53482659093426,0.0249643261900884,-4.08711763565961,0.176610635225281,1.20110914389297,1.09242192227904,-0.221570237291274,1.41107769678916,-0.372430233009082,-0.591698125978684,-6.02373128012515,-1.32213627802166,0.00974565914826605,966.0000000001,0.376572265725159,0.00974565914826605,966.0000000001,0.376572265725159,0.242189931751488,0.50618720550363,1e-10,-1.0837320676903,-0.645266692842301,-0.340572759984931,-0.537148802776048,0.370155360409731,0.0323138325479033,0.676414028971749,0.668054363157543,0.679057765258309,0.298199418569658,0.415406279560379,-0.0873314800355548,3.95648919499688,-1.26726469385462,1.48625516058599,1.53907483421608,0.253340029248589,1.69401016425645,-0.467613827121509,-0.555961133603801,-0.42705964643094,2323.0000000001,0.226532195600388,0.0132576213011794,0.011706704788909,0.0061250390706614,0.0061250390706614,0.752922272237421,0.816385048510711,3895.83822454808,0.0312500660060792,180,2,"SNETWORK (2 43 3895.83822454808 0.752922272237421 6000050 180)",6
29,6000051,-1.13510942282399,10,-0.305920963472259,-0.59067341236485,-0.695629464068801,-0.700108350003007,-0.706051805186474,-0.157953671593464,-0.172727174771367,0.850420606601797,0.670086392647017,0.761551611632813,-1.29338335937111,0.833987436654693,0.761551611632813,0.761551611632813,-0.126960736404389,0.615597746293914,0.647507705198363,1.0382958838169,0.334385320462442,0.202072538860104,-0.56138996138996,-1.05738233397807,-0.0396070975918889,-1.13510942282399,-0.5,0.95622102629051,-0.37703431904547,-0.372678674613064,-0.721226492188469,-0.352851722765811,-1.13513443568413,-0.709396486285564,0.634902249529891,0.789394172366379,2.09506783312519,0.0399850261056294,7978.0000000001,26.7231030550023,0.761850171762634,1214.0000000001,1.47871004176548,28.2018130966677,0.350163785577043,-0.233742114042208,0.0491609458976337,-0.0146508759586934,-0.828544883071259,-0.690755704661231,-0.55718985155329,-0.796270642274137,0.159508337221932,-0.580912158214957,-1.07171929665635,0.599761053956383,705.0000000001,16.9132617188542,0.599761053956383,705.0000000001,16.9132617188542,3.65914833920421,4.90772592465376,1e-10,-0.321841100018358,0.0100803197403274,-1.47803013580164,-0.498121271149005,-0.206115705486086,-0.892855882414001,-0.487990783359437,-0.503664629107672,-0.505590738712639,-1.77905586437152,-0.823944613535394,0.394332885479066,0.223667369885719,-0.440180433666469,0.658120803162294,0.291605545932186,0.198823658713404,0.719038233500728,-0.185768287166977,-0.0261651550531825,-0.474498163204932,7978.0000000001,0.631497284816835,0.331803593384446,0.018360192092597,0.210001099146483,0.210001099146483,0.246878109418192,0.546683900657275,917.473183480349,0.25,26,2,"SNETWORK (2 29 917.473183480349 0.246878109418192 6000051 26)",6
29,6000052,-0.532166861251846,38,-0.305920963472259,-0.59067341236485,-0.562675121066356,-0.564925299345405,-0.567713055283144,0.0778349425089108,0.105980953005257,0.941521528223366,-0.103147832415437,1.05555052323706,-1.30019952675318,1.02633602396891,1.05555052323706,1.05555052323706,0.103339728572643,-0.596392146195494,-0.598733870357441,1.61695810870215,-1.32066315845499,-0.730569948186529,0.438610038610039,0,-0.752534854245882,-0.532166861251846,-0.5,0.257902159779446,-0.563681667985223,-0.555588635575485,-0.3381761641072,-0.519670735327316,-0.531501458523777,2.70653916147959,-0.106663879670935,-2.34073475989632,0.543957911687445,0.0399850261056294,25656.0000000001,22.3125399100735,0.0655397015853395,729.0000000001,0.0763882838952244,22.3889281938687,0.286679359033751,-0.349503272732587,0.110401829562022,0.660667036057482,-0.0528601689805547,-0.680565341849463,1.70591757615106,-0.811160461475774,1.43071720666243,-1.60380881374862,-1.55909941417991,0.113326270763198,949.0000000001,4.30186523447606,0.113326270763198,949.0000000001,4.30186523447606,1.12790668858973,0.793895560846447,1e-10,0.586766560364579,0.596984735967264,0.0271772651944492,1.72456930274145,0.067557016736486,-0.730448938259205,-0.323585971028251,-0.331945636842457,-0.320942234741691,0.650426177077313,-1.1820030262558,0.927732582928978,-0.376767867352719,0.259772957599865,-0.409571876313263,-0.516993792034969,-0.983044328015714,-0.251812137930829,0.446800664414084,0.536243557452458,0.605874146026382,25656.0000000001,0.252909232062762,0.285701244035221,0.000978114898530933,0.0550832963926143,0.0550832963926143,0.924548699493644,0.696655211038888,1546.15826156971,0.25,51,2,"SNETWORK (2 29 1546.15826156971 0.924548699493644 6000052 51)",6
41,6000053,-0.715347519191429,16,-0.351973654490753,-0.150431219958124,0,0,0,0.702779978689768,0.923224186301804,0.494248875441225,0.153889304565768,0.366568869890946,-0.149334822561631,0.0241748313960525,0.366568869890946,0.366568869890946,0.579335691422248,0.431376913147474,0.339561344997634,0.408165990096117,0.30330114059298,-0.730569948186529,0.438610038610039,0,-0.752534854245882,-0.715347519191429,0,0.197165831807065,1.95046298335282,1.99043778655569,0.0123459468840469,2.21524974196063,-0.718998293294472,-0.606906516595043,0.144159449683595,-0.39764045904498,0.123816868886141,0.0799701241440398,1713.0000000001,1.35641542299219,0.098674325214721,5527.0000000001,3.48778068797063,4.84419611086282,0.0410093626485856,-1.02545058582778,0.696226519030464,-0.919387592781054,-0.355927621319111,0.662616821588032,-0.926565515595002,0.508176969207142,-0.624460690856726,0.762458743175487,0.762308189391803,0.0205052310526057,1986.0000000001,1.628935546975,0.0205052310526057,1986.0000000001,1.628935546975,0.524777537997065,0.302643966617356,1e-10,0.0984026467957809,0.13323070594532,0.28194499135778,-0.422040735950781,-0.39255626838664,-0.335033423986381,1.4637901463605e-15,-1.49871635330658e-15,0,-1.57381579689381,-0.632145930352619,0.0598024897553111,-0.122855334011965,0.160702505200482,0.377659547752043,0.306027175548897,-0.284258165022042,0.508455871517105,-0.317125680639731,0.270560078899675,-0.298489061726451,5527.0000000001,1.35608999234205,0.011482964473773,0.0295263980748126,0.0137900297351001,0.0137900297351001,0.168141909318322,3.06701252062793,2045.93730035235,0.0625,110,2,"SNETWORK (2 41 2045.93730035235 0.168141909318322 6000053 110)",6
41,6000054,0.165583291378375,52,-0.128289549634743,-0.096718629794287,0,0,0,0.760438713142309,0.605830290944669,-0.089398008286823,-0.611991937231428,0.596740297194507,0.293422060544646,-0.0552534029575488,0.596740297194507,0.596740297194507,0.43784245108352,-0.369055168533346,-0.483834448214188,-0.348029587600357,-0.440217165635312,-0.730569948186529,0.438610038610039,0,-0.752534854245882,0.165583291378375,0,-0.0371691233378375,-0.191810388405025,-0.190121735322507,-0.0123459468840467,-0.182214934891595,0.169790764103247,1.5994571577413,-0.581721970458369,-0.27755584686252,0.165176280109038,0.0799701241440398,5111.0000000001,5.39894746178302,0.063373891601233,2172.0000000001,0.880289935006111,6.27923739668913,0.0756204264563053,0.266875766237098,0.408347976108319,0.812951183733685,0.0611043065886536,-0.716140413325201,1.1035509865823,-0.798193116628561,0.316900281502805,-0.718913804322727,-0.427609433902817,0.00405134159663233,1262.0000000001,0.20451171885,0.00405134159663233,1262.0000000001,0.20451171885,0.203365591563047,0.603434479488436,1e-10,-0.231196010305867,0.0654584451349017,0.0223792531693981,0.281444758452949,0.409756210069151,0.0295175484401241,0,1.49871635330658e-15,-1.55600483282998e-15,0.736946880819068,0.641658858752146,-1.43832708406037,-0.155604008754927,0.289981886782379,-0.70274563484017,-0.7003875709491,-1.42935903518758,-0.487041768582918,1.01491831149066,0.589103669365,-0.387651056689754,5111.0000000001,0.232738557120946,0.0650191548976209,0.0106012714586844,0.00246292063669013,0.00246292063669013,0.646360583345902,1.3945089645512,2858.85822331377,0.0625,135,2,"SNETWORK (2 41 2858.85822331377 0.646360583345902 6000054 135)",6
28,6000055,0.226754637688721,55,-0.0559209634722586,-0.39032832676705,-0.562675121066356,-0.564925299345405,-0.567713055283144,0.352809029119971,0.4308962478126,1.0649724544656,-0.836251385021731,-0.775719892505589,-1.44069750523509,0.659710459623673,-0.775719892505589,-0.775719892505589,-0.245978439298282,-1.08540809929386,-1.02444104558752,1.29607935603511,-1.81823626025598,0.269430051813471,-0.72998712998713,-1.34966688158177,0.0396070975918883,0.226754637688721,-0.5,-0.520822365527459,-0.475868251521471,-0.46966611743832,0.645278588490193,-0.441817605216457,0.250988369567588,2.08694301852951,-0.812174037405988,-0.10332774508706,0.0835083028253543,0.0399850261056294,25116.0000000001,3.35331921046655,0.0410143219075667,8805.0000000001,0.577377240689111,3.93069645105566,0.0496069139179547,-0.369381723206448,2.19965857479378,2.58585433594048,2.46546035531852,-0.349113719499721,1.41746927989327,-0.421482994785613,0.0673200507818291,-0.138586825824435,0.142854914238174,0.0465385922822742,1196.0000000001,2.22640625010055,0.0465385922822742,1196.0000000001,2.22640625010055,0.345155193343301,0.0773060185871952,1e-10,1.04815752695755,0.586044717488616,-0.224711604070976,1.64935628256508,0.38710457596419,-0.540818264859141,-0.32358597102825,-0.331945636842457,-0.32094223474169,0.618050457901916,0.546369069198641,0.96513492755781,-0.296772106623723,0.25349592791822,-0.432542733031907,-0.541284589725961,0.434357246938276,-0.644128531417769,0.289397411616361,0.488816478747051,0.790074508602394,25116.0000000001,0.13033359203173,0.0423201890932844,0.00728672472467033,0.0280981104355389,0.0280981104355389,0.393994832071221,0.109514788729084,1928.94108618329,0.125,12,2,"SNETWORK (2 28 1928.94108618329 0.393994832071221 6000055 12)",6
41,6000056,-0.348211024746763,34,-0.351973654490753,-0.150431219958124,0,0,0,0.676859775776396,0.704234022117698,0.165893789818861,-0.223382846582523,0.694936007932901,-0.026133227294711,0.023803253843766,0.694936007932901,0.694936007932901,0.517970128317662,-0.522583965851664,-0.61795664984857,-0.0692738122894505,-0.712952231605577,-0.730569948186529,0.438610038610039,0,-0.752534854245882,-0.348211024746763,0,-0.256024990911232,0.101539758958949,0.101080552771284,0.312879686736293,0.0987891426830916,-0.344863669731485,0.205519677423208,-0.222897317804738,0.259916676722655,0.0506695688827287,0.0799701241440398,330.0000000001,0.106934215558465,0.0865319102696815,4950.0000000001,2.73928379955223,2.84621801501069,0.0326592642791468,0.468884302352331,0.849600032449893,-0.313071219885982,-0.658413648754797,-0.221190016897894,0.174791089647303,-0.245733254449983,0.0785108453688396,-0.532636847997283,-0.555806345465938,0.0211543536386446,1103.0000000001,0.933330078225,0.0211543536386446,1103.0000000001,0.933330078225,0.0533809888657993,0.384444381971186,1e-10,-0.966386228079792,-0.744804541593998,-1.61873785118828,-0.827297983426738,-0.39255626838664,-0.335033423986381,1.4637901463605e-15,0,1.55600483282998e-15,-0.913218589402311,-0.0828205250302012,-0.189238698869918,2.91703515062445,0.289981886782379,1.57448048947571,1.8125881613734,1.16884397878194,1.5636950534146,0.215092976181899,1.36015776799036,-0.474498163204932,4950.0000000001,0.0139643135212568,0.00122702926274515,0.0314322349164017,0.0107096060203893,0.0107096060203893,0.411899784143179,4.56004525008724,2460.29978208661,0.0625,120,2,"SNETWORK (2 41 2460.29978208661 0.411899784143179 6000056 120)",6
29,6000057,-0.465777966904483,40,-0.305920963472259,-0.59067341236485,-0.562675121066356,-0.564925299345405,-0.567713055283144,0.0490857097366594,0.0826654135406854,0.938761676902386,-0.15664340239021,1.00903720855591,-1.26214642011984,1.03995407255397,1.00903720855591,1.00903720855591,0.07284152142427,-0.627157498009049,-0.613576621734285,1.78786054513016,-1.41063619315645,-0.730569948186529,0.438610038610039,0,-0.752534854245882,-0.465777966904483,-0.5,0.894679406862946,1.18357348421486,1.19603099916602,-0.603771625883569,1.25951956820508,-0.469762301425409,-0.67666571840967,-0.147022930636024,0.401574933425012,4.08741774262795,0.0399850261056294,6976.0000000001,45.587970998678,0.160088854129773,19594.0000000001,5.01509270151574,50.6030637000937,0.485929470643325,-1.63745385261653,0.972385760254782,0.724830109051244,0.777143730684876,0.00462279695163364,-0.845600099224674,-0.000910795777016676,-0.82741387716538,0.792525118188983,0.706283267807719,0.124015896576834,1813.0000000001,8.99363281260221,0.124015896576834,1813.0000000001,8.99363281260221,1.87213572994156,1.62454607205316,1e-10,0.343223514615844,0.151404038150816,0.128875721617468,0.189434944356628,-0.206115705486086,-0.892855882414,-0.323585971028251,-0.331945636842457,-0.32094223474169,-0.210744358448063,0.866890534034943,-0.228790865579019,-0.0499923360889192,-0.222640521230927,-0.372844629153501,-0.410289211609525,-0.409968702220859,-0.355478227196751,-0.00845204630895352,0.37713206666788,0.519374968835417,19594.0000000001,1.08766485657789,0.437770699849665,0.0481587706936595,0.086363767552691,0.086363767552691,0.973230359614526,0.974932624958456,1591.32096118045,0.25,53,2,"SNETWORK (2 29 1591.32096118045 0.973230359614526 6000057 53)",6
28,6000058,-0.207882021074828,47,-0.305920963472259,-0.59067341236485,-0.562675121066356,-0.564925299345405,-0.567713055283144,0.366889284819733,0.392820534136851,1.0739274454763,-0.55345918121195,0.25256123731413,-0.79756885503218,0.789867833950498,0.25256123731413,0.25256123731413,-0.0633582058096771,-0.85774412158521,-0.841895106441273,1.32674069345789,-1.55013359278482,0.269430051813471,-0.72998712998713,-1.34966688158177,0.0396070975918883,-0.207882021074828,-0.5,-0.565642123029382,2.04119307498918,2.08535897032746,1.25399230888622,2.33642313462732,-0.1929786757337,2.21016063331495,-0.534762140129831,-0.00404764536930212,0.128356038545559,0.0399850261056294,26251.0000000001,5.38712338076609,0.0507074973236022,19437.0000000001,1.57578214729535,6.96290552796144,0.0580737820436162,-0.538449185104889,0.820584222103815,2.33399495707038,2.05425944759811,-0.478152359923492,0.756612452272534,-0.356468533275336,0.123558889978925,0.377577474856207,0.192435367716132,0.0779202998830928,1628.0000000001,5.07416992197625,0.0779202998830928,1628.0000000001,5.07416992197625,0.987734492207244,0.454990375719915,1e-10,-0.484967302719718,0.110063595057887,-0.124768799476973,0.740312305407865,0.0734125693776866,-0.726974048971476,-0.323585971028251,-0.331945636842457,-0.32094223474169,1.27747461159057,-0.471244714824195,1.63697925354364,0.848279103243868,0.289981886782379,-0.396041929518517,-0.44369727517592,0.162097311026891,-0.530449095544028,0.577043580839507,0.290009508064456,-0.251204543713198,26251.0000000001,0.800620636252056,0.044931045992268,0.0131427359513482,0.0423208725737807,0.0423208725737807,0.164599870341686,0.440287738107145,1746.82848153115,0.125,5,2,"SNETWORK (2 28 1746.82848153115 0.164599870341686 6000058 5)",6
43,6000059,0.341771079741074,39,0.131579036527741,0.406563246402039,0.354270929498081,0.350983481983268,0.358474665810763,-0.627123789241792,-0.564342950595993,-0.145603222845756,-0.701146859322678,-0.162297808668255,0.404068213452571,-0.189603414618088,-0.162297808668255,-0.162297808668255,0.0415030150451677,3.18031547236823,3.26961892651541,-0.397204173988722,3.9014499722602,0,-0.0555984555984545,-0.180528691166989,-0.277249683143219,0.341771079741074,0.25,-0.358808642486401,0.113220463128884,0.112727534373441,0.47257947149236,0.110258583084598,0.331142406013842,0.237717554793416,-0.681858936630161,-0.504249062215057,0.0974132436943358,0.0799701818409082,1522.0000000001,0.948175704207242,0.0645815042082817,2180.0000000001,0.900369583639008,1.84854528774625,0.0211705736772891,0.522867502673243,-0.471548729314284,0.303457956841268,-0.360294356096965,-0.58977165803244,0.195823906313244,-0.625795117773524,-0.618058901420536,-0.563139262830173,-0.324193024518301,0.0249439759610954,1771.0000000001,1.76703125010075,0.0249439759610954,1771.0000000001,1.76703125010075,0.241500220730679,0.131444388729559,1e-10,-0.727305034833344,-0.67417107837803,-0.00784268242497093,-0.81530179410622,-0.0874716815239709,0.0646276650958095,0.67641402897175,0.668054363157543,0.67905776525831,-1.23136215860221,-0.444371330247181,0.079897813735031,2.55189254979461,0.176612181356155,0.955037545965817,0.855632319221424,0.260397154619392,1.05778244369486,-0.24498717038073,0.224685527003711,-0.146650491476651,2180.0000000001,1.02249806061202,0.0108590379917387,0.0103115355855504,0.0202370292691843,0.0202370292691843,0.607401224888601,2.63788296254419,3683.57120431184,0.0312500660060792,173,2,"SNETWORK (2 43 3683.57120431184 0.607401224888601 6000059 173)",6
41,6000060,0.60110896611914,64,0.398026345509247,0.0967186297942882,0,0,0,0.65999384397409,0.479084240642823,-0.224115266961489,-1.02735044831774,0.228363951974302,0.0314557030244312,0.518437395317619,0.228363951974302,0.228363951974302,0.254859500979668,0.139279450050914,0.0586833749178982,0.129275307908576,0.0328759497796374,-0.730569948186529,0.438610038610039,0,-0.752534854245882,0.60110896611914,0,-0.428829346520826,0.383941066589439,0.383755879663444,0.640081458037238,0.382288968590434,0.602584365101195,1.24494893373586,-0.991485780428218,-0.804059158663179,0.09910266934928,0.0799701241440398,6955.0000000001,4.40796386518421,0.0707389228754423,607.0000000001,0.274601352901317,4.68256521798552,0.0512887989339375,-1.16219150557081,0.089149091665767,0.895398215955918,1.01026491380849,0.0410306003585553,0.758012306790625,0.0269897235873782,-1.01065933645356,-2.67369897977984,-0.408842578833756,0.0248162533001336,1123.0000000001,1.11474609385,0.0248162533001336,1123.0000000001,1.11474609385,0.408754041547772,0.344602290118935,1e-10,0.546145271865043,0.968039612837454,-0.171359250278563,2.04283555002049,0.827782402343433,0,-0.0132293167736313,-0.0184573063710479,-0.0214629660461697,0.0969427062488899,0.47238303391677,0.242747116273168,-0.122642299264864,0.195915359952646,-0.553082636589263,-0.570952396098382,-0.662825090071605,-0.505635365433013,1.07737294994704,-0.510836509898663,1.61669639793251,6955.0000000001,0.0170674942815361,0.0482810513946581,0.00300774743927937,0.0122099715632106,0.0122099715632106,0.803231564788394,0.603606914554176,3125.5222202382,0.0625,144,2,"SNETWORK (2 41 3125.5222202382 0.803231564788394 6000060 144)",6
43,6000061,0.356315164295167,40,0.131579036527741,0.406563246402039,0.354270929498081,0.350983481983268,0.358474665810763,-0.612521699550463,-0.561295696049309,-0.148765700403216,-0.704604200653362,-0.159161800460243,0.413436850702718,-0.190052181564068,-0.159161800460243,-0.159161800460243,0.0394064643521148,3.15090374691535,3.24107487955857,-0.416922539092202,3.87165530267471,0,-0.0555984555984545,-0.180528691166989,-0.277249683143219,0.356315164295167,0.25,-0.319432355712354,-0.235281171957215,-0.233058771827387,0.351759683234861,-0.222725743517305,0.353086691221445,0.342581641465577,-0.684662696245492,-0.738117653254305,0.0642606264718485,0.0799701818409082,2903.0000000001,1.19302118674329,0.0720732362741844,1614.0000000001,0.743932820735289,1.93695400737858,0.0234943582515054,-0.103922598212474,0.383482379727549,-0.0944043724075104,0.271014651388092,0.381503901120138,0.362492034008966,0.396230208234422,-0.480651697212535,0.315095553209462,0.117850388301763,0.0201443948607452,1617.0000000001,1.30293945322555,0.0201443948607452,1617.0000000001,1.30293945322555,0.136780933667034,0.249161700855772,1e-10,-0.299565433269605,-0.626476424910053,-0.00855816413623791,-0.652464434545193,-0.0874716815239712,0.0646276650958095,0.676414028971747,0.668054363157543,0.67905776525831,-0.498955683861232,-0.552307163875755,0.463592606353393,-0.334578641637714,0.289981886782379,-0.0798389559023282,-0.229453734086407,-0.400680765532693,-0.00794447758627549,0.000578492994715386,-0.00266882685934577,-0.294339023272321,2903.0000000001,0.78355314207052,0.0144707963823636,0.00902356176914185,0.0158040542245336,0.0158040542245336,0.623684367723868,3.08091594081028,3707.3229177079,0.0312500660060792,174,2,"SNETWORK (2 43 3707.3229177079 0.623684367723868 6000061 174)",6
29,6000062,-1.17885009306886,8,-0.305920963472259,-0.59067341236485,-0.88766904750336,-0.89062955707874,-0.905942372439505,-0.12588758151471,-0.111672168513484,0.843270653023744,0.911923657193322,0.510845810676829,-1.1804225123762,0.59965935288262,0.510845810676829,0.510845810676829,-0.2911916871958,0.577442411661056,0.503225402749961,0.392741188773206,0.48608835520545,0.202072538860104,-0.56138996138996,-1.05738233397807,-0.0396070975918889,-1.17885009306886,-0.5,1.06936098455713,1.83965747282542,1.87477549840813,-0.646520024940271,2.06967318705875,-1.18232921387791,-0.97566164891874,0.867277972177715,0.842349131796075,5.48805842923796,0.0399850261056294,6241.0000000001,54.760534020131,0.179874738635819,17278.0000000001,4.96887888372672,59.7294129037577,0.514937243795501,2.35781972654144,-1.81114918529826,-0.759581748426739,-1.09540229074733,-0.167535202929729,-1.28983486813441,-0.128889077910411,-0.539488665345897,-0.456552868129817,-0.839192065853593,0.417737605553897,2104.0000000001,35.1567968751086,0.417737605553897,2104.0000000001,35.1567968751086,7.77568305916021,7.37976404240427,1e-10,1.90423274284847,1.38794776316903,0.0907936734868394,1.38688774994279,-0.206115705486086,-0.892855882414,-0.529691805094407,-0.540315711661435,-0.544641301964505,-1.32614256274808,0.217219205614789,-0.561521895617119,0.333201756755817,-2.20192860820147,-0.451351870832487,-0.658299293752651,-1.43674430626628,-0.184911700057663,0.587030456422611,0.554632876731931,0.295125058376138,17278.0000000001,1.53917765719853,0.472099709016923,0.0428375346785776,0.303092617186447,0.303092617186447,0.197403648666981,3.23947647179432,871.574990942083,0.25,25,2,"SNETWORK (2 29 871.574990942083 0.197403648666981 6000062 25)",6
35,6000063,1.27343814054719,61,1.00986864890423,0.842832780011516,0.437324878933644,0.435074700654595,0.432286944716856,0.171479148959818,0.151967974635357,-0.0504322641102117,-0.614683887955319,-0.234843812743797,0.890806136067307,-0.237058808741778,-0.234843812743797,-0.234843812743797,-0.868955867418254,-0.154526091802317,-0.253074279988249,-1.45476327699066,0.161098502003066,-1.24352331606218,1.27773487773488,1.22931442080378,-1.22782002534854,1.27343814054719,0.5,-1.07994171936366,-0.461752195678134,-0.45583198888684,2.12339432888877,-0.429198459884439,1.2655884678848,1.74785575101383,-0.586543682621955,-1.54707431638591,0.07993406434961,0.0799702643258065,813.0000000001,0.415603793346458,0.0816807218895615,5046.0000000001,2.63586931844222,3.05147311168867,0.0384212216145407,-1.32910911503911,-0.732431565749029,1.24935438928806,0.639271300577381,-0.689924080147511,1.2543774255433,-0.807322464804487,0.424785269929662,-0.871916698946852,-0.505314133407682,0.0625779283376723,943.0000000001,2.36043945322416,0.0625779283376723,943.0000000001,2.36043945322416,0.375398911436289,0.120385494417674,1e-10,2.22364098051373,1.28195617590574,-0.143270541181901,2.26868749767155,0.861680833452351,0.493197388361808,0.598016787676988,0.586732774017087,0.579627963523127,-0.242475235257115,0.824163619816004,-0.326898834256552,-0.140947272612496,-1.49306023025825,-0.471799020155946,-0.536827473513965,-0.776914227780726,-0.379191532042535,0.300078212784007,-0.363349365826837,1.72183819139357,5046.0000000001,0.2622187743436,0.00523288419025006,0.0331883373242906,0.0297203887380573,0.0297203887380573,0.937709155530446,0.882384520893603,5671.12098199637,0.0156249669969604,62,2,"SNETWORK (2 35 5671.12098199637 0.937709155530446 6000063 62)",6
29,6000064,-1.0626139644624,14,-0.305920963472259,-0.59067341236485,-0.695629464068801,-0.700108350003007,-0.706051805186474,-0.116049360411828,-0.139217997898251,0.857427519788028,0.645211197926249,0.784100643641762,-1.2775772158818,0.838707708094534,0.784100643641762,0.784100643641762,-0.105780218636023,0.518420485427677,0.54259041089779,0.988997609335685,0.231068518621364,0.202072538860104,-0.56138996138996,-1.05738233397807,-0.0396070975918889,-1.0626139644624,-0.5,1.3807746104079,0.0921821077094726,0.0917527513541838,-0.835104773416957,0.0896164685528144,-1.0632064243121,-0.167789447078928,0.618284001675341,0.1332625484286,0.397332070332536,0.0399850261056294,9770.0000000001,6.2064455473645,0.539180988887439,2454.0000000001,2.1154555037248,8.32190105098931,0.0956379575067292,0.503884702706701,-0.36485696345973,-0.149200326209525,0.678722705588618,0.805006589722113,-0.12385398086146,0.817256757467522,0.567603179292981,0.940178909763159,1.28859519934066,0.05816650400625,784.0000000001,1.82410156260045,0.05816650400625,784.0000000001,1.82410156260045,0.254377764522032,0.112162029155363,1e-10,1.00263327512193,0.63600218376621,-0.837322827409761,0.281428791918805,-0.206115705486086,-0.892855882414001,-0.487990783359436,-0.50366462910767,-0.505590738712639,-1.16656179452611,-0.810861474475572,0.438734650509785,-0.0348861430440847,-0.751969889759377,0.27773458799131,-0.000248910699223587,0.231549802166937,0.256334921810868,-0.281463790396444,-0.216459259002216,0.35200770996174,9770.0000000001,0.508921644785803,0.0713264639013024,0.0243114935054268,0.0209631605174305,0.0209631605174305,0.34062322124381,1.2598520230422,1004.44191697965,0.25,29,2,"SNETWORK (2 29 1004.44191697965 0.34062322124381 6000064 29)",6
28,6000065,-0.115072005550929,49,-0.305920963472259,-0.59067341236485,-0.562675121066356,-0.564925299345405,-0.567713055283144,0.364135202857116,0.394682978264553,1.08829597073612,-0.572607029981887,0.168424772638885,-0.785636565386213,0.768726149175203,0.168424772638885,0.168424772638885,-0.0867925138384813,-0.871578478381737,-0.850894554516606,1.33805332652756,-1.57046982222544,0.269430051813471,-0.72998712998713,-1.34966688158177,0.0396070975918883,-0.115072005550929,-0.5,-0.265092319531362,1.23659116218169,1.25048165710219,0.519659328462021,1.32182049667888,-0.106823230684161,2.14796065527272,-0.548721216869392,-0.0133042188003404,0.660776610394759,0.0399850261056294,22917.0000000001,24.2106914036776,0.100017104137972,10320.0000000001,1.65024618898572,25.8609375925633,0.246181065888271,1.45740740783275,0.0350466399457135,1.41924117000772,2.6689556577244,0.971288111036498,0.953453388695975,0.829375845007654,0.256904370005799,0.898778856214264,0.549588391564322,0.0781524899499016,1270.0000000001,3.97014648447597,0.0781524899499016,1270.0000000001,3.97014648447597,0.738618804201076,0.33476588027949,1e-10,0.471960771131402,0.403232048637518,0.0309499745239842,1.38601491274289,0.0304406006727094,-0.752475114861467,-0.323585971028253,-0.331945636842458,-0.32094223474169,0.934086628208784,-0.32655688202483,1.00462175493859,-0.0190272707096251,0.271717830832298,-0.509866537009318,-0.567536448416588,-0.361565678398915,-0.531577812147098,0.141273404354536,0.322959186630746,0.48426948423412,22917.0000000001,0.245151280162064,0.23047168308935,0.0157093826989211,0.0377934825202964,0.0377934825202964,0.219042592437304,0.988108776276931,1790.04959611201,0.125,6,2,"SNETWORK (2 28 1790.04959611201 0.219042592437304 6000065 6)",6
37,6000066,0.395282794491624,22,0.694079036527741,0.60967167323295,0.623124281295046,0.615977027310147,0.618989232093641,-0.62799340022299,-0.579268069878952,-0.168675917679674,1.75841623020594,-0.421164406298043,0.106084837478081,-0.442456919624269,-0.421164406298043,-0.421164406298043,-0.622842138258861,-0.0571553078370772,0.0831260550639393,-0.515985831503517,-0.00845124042048917,0.435233160621762,-0.438266838266838,-0.0888315781932811,0.436734262779889,0.395282794491624,0.5,-0.290760986756796,0.134752597309664,0.134207783928037,0.369853142911584,0.131458545403057,0.386144283483091,0.761887494519118,1.68368122321871,-0.428870101202021,0.0500303863899679,0.0799702643258065,217.0000000001,0.0694305575034861,0.0905890223616213,3292.0000000001,1.90718341206914,1.97661396947262,0.0225571335314365,-0.000721541996613157,0.271345143156911,0.634257572869985,0.20423471755996,-0.41491493624724,0.545849383329525,-0.443440460083578,1.73553302153266,-0.0876141798405466,-0.446758948037866,0.0517246604108138,1112.0000000001,2.30071289072418,0.0517246604108138,1112.0000000001,2.30071289072418,0.361922002156976,0.0283823516185446,1e-10,-0.296066538235607,-0.514396462347725,0.191907202724724,-0.344219848530813,0.793884294513913,0.459181735140858,0.676414028971747,0.668054363157542,0.679057765258309,0.808385156629317,-1.02796025583507,0.858965655986007,0.483145571556331,-0.574224194548396,1.06352053276394,1.24331691479619,0.918730259573481,1.01786401964311,-0.541091635921352,0.0630681333108294,-0.45946683716039,3292.0000000001,1e-10,0.000792342041408592,0.0217647913900279,0.0262557527495912,0.0262557527495912,0.499830982147751,2.7335414809328,4739.09703885629,0.0312499339939208,86,2,"SNETWORK (2 37 4739.09703885629 0.499830982147751 6000066 86)",6
41,6000067,-0.870884658985803,8,-0.351973654490753,-0.150431219958124,-0.192309249631537,-0.194095720002018,-0.196546296696359,0.627881222006334,0.861943994145755,0.51404419715782,0.231654952755938,0.252536651134361,-0.237569826477287,0.0118879668452935,0.252536651134361,0.252536651134361,0.574250708870001,0.73133821388935,0.630750665969962,0.358694082594475,0.684134177558628,-0.730569948186529,0.438610038610039,0,-0.752534854245882,-0.870884658985803,0,0.218732906374348,1.87966985694922,1.91650828645947,-0.0206773805392593,2.12193874811629,-0.873497180239296,-0.279125673065284,0.216802598192487,-0.00233864380025694,0.0698218351963933,0.0799701241440398,4305.0000000001,1.92229463625233,0.134649554487789,4538.0000000001,3.90773362037212,5.83002825652445,0.0499323646880172,-0.211198736893209,-0.519844725162073,-0.0953405067091102,-0.535910278753725,-0.349490094493371,-0.623230819315311,-0.268201121101411,-0.229129866529944,-0.52628131798267,-0.769962972352618,0.0187359680973007,1806.0000000001,1.353486328225,0.0187359680973007,1806.0000000001,1.353486328225,0.462624218322046,0.361007534391869,1e-10,-0.452639255331917,-0.707800369989652,-1.46646324116278,-0.711540610879596,-0.39255626838664,-0.335033423986379,-0.487990783359437,-0.50366462910767,-0.505590738712639,-0.297585410005498,-0.149023270423061,0.0600944316704505,1.8281009078872,0.289981886782379,0.545248548449414,0.489193284317713,-0.912749539682979,0.870393771046849,-0.000578492994715386,0.528077874219068,-0.474498163204932,4538.0000000001,1.07680372391691,0.0164638510134452,0.0334685135745719,0.0115921861487311,0.0115921861487311,0.0620367277066843,1.16840375117212,1865.5697679842,0.0625,106,2,"SNETWORK (2 41 1865.5697679842 0.0620367277066843 6000067 106)",6
28,6000068,0.226754637688721,55,-0.0559209634722586,-0.39032832676705,-0.562675121066356,-0.564925299345405,-0.567713055283144,0.352809029119971,0.4308962478126,1.0649724544656,-0.836251385021731,-0.775719892505589,-1.44069750523509,0.659710459623673,-0.775719892505589,-0.775719892505589,-0.245978439298282,-1.08540809929386,-1.02444104558752,1.29607935603511,-1.81823626025598,0.269430051813471,-0.72998712998713,-1.34966688158177,0.0396070975918883,0.226754637688721,-0.5,-0.520822365527459,-0.475868251521471,-0.46966611743832,0.645278588490193,-0.441817605216457,0.250988369567588,2.08694301852951,-0.812174037405988,-0.10332774508706,0.0835083028253543,0.0399850261056294,25116.0000000001,3.35331921046655,0.0410143219075667,8805.0000000001,0.577377240689111,3.93069645105566,0.0496069139179547,-0.369381723206448,2.19965857479378,2.58585433594048,2.46546035531852,-0.349113719499721,1.41746927989327,-0.421482994785613,0.0673200507818291,-0.138586825824435,0.142854914238174,0.0465385922822742,1196.0000000001,2.22640625010055,0.0465385922822742,1196.0000000001,2.22640625010055,0.345155193343301,0.0773060185871952,1e-10,1.04815752695755,0.586044717488616,-0.224711604070976,1.64935628256508,0.38710457596419,-0.540818264859141,-0.32358597102825,-0.331945636842457,-0.32094223474169,0.618050457901916,0.546369069198641,0.96513492755781,-0.296772106623723,0.25349592791822,-0.432542733031907,-0.541284589725961,0.434357246938276,-0.644128531417769,0.289397411616361,0.488816478747051,0.790074508602394,25116.0000000001,0.13033359203173,0.0423201890932844,0.00728672472467033,0.0280981104355389,0.0280981104355389,0.393994832071221,0.109514788729084,1928.94108618329,0.125,12,2,"SNETWORK (2 28 1928.94108618329 0.393994832071221 6000068 12)",6
43,6000069,0.317792042087317,38,0.131579036527741,0.406563246402039,0.354270929498081,0.350983481983268,0.358474665810763,-0.634348249700963,-0.565131267294333,-0.134180689151167,-0.698929189102997,-0.163550034534983,0.397473005739309,-0.188982144868604,-0.163550034534983,-0.163550034534983,0.0432234945758045,3.20060382931413,3.29038845849642,-0.378839723156116,3.92054270782968,0,-0.0555984555984545,-0.180528691166989,-0.277249683143219,0.317792042087317,0.25,-0.679315830806488,0.12044176564522,0.119929951726435,1.09032602462178,0.117360199595261,0.311010327753117,-0.409543092041618,-0.665888193798882,-0.0844926470977916,0.100398713030114,0.0799701818409082,2056.0000000001,1.32010179542131,0.064590623123369,2677.0000000001,1.10579344424863,2.42589523956994,0.0277496768658009,-0.419463163876867,-0.100111601774772,0.212990442037274,0.52049424456134,0.298231488115936,-0.351689486538985,0.290986803007377,-1.0869617878073,0.469801208254144,0.218627081869223,0.0458890423389152,1793.0000000001,3.29116210947639,0.0458890423389152,1793.0000000001,3.29116210947639,0.585410408456835,0.330887067307116,1e-10,-1.04132793164385,-1.09739496496318,-0.171222483208145,-0.916891528689201,-0.0874716815239712,0.0646276650958085,0.676414028971747,0.668054363157542,0.67905776525831,-0.637814072041468,-0.175151855781607,0.0597446085402503,2.42889899720763,-0.0873020974886223,0.97804248980022,0.909774862294132,0.664798282044684,0.981150835591912,-0.00272410052323656,0.483265229416276,-0.474498163204932,2677.0000000001,1.0566330489751,0.015100568863033,0.0126491079027679,0.0376474149555616,0.0376474149555616,0.592320689464565,0.448552068360128,3661.5736968973,0.0312500660060792,172,2,"SNETWORK (2 43 3661.5736968973 0.592320689464565 6000069 172)",6
43,6000070,-0.36874761386621,11,0.131579036527741,0.406563246402039,0.118081199488201,0.12698938418892,0.129762766215853,-1.32890376236119,-1.04374856195223,-0.281371847921901,0.329356736623041,-0.433887936719981,0.0427580607716754,-0.489971537061461,-0.433887936719981,-0.433887936719981,0.383903681772327,3.3188078271081,3.24661565316661,0.355576621908973,3.83913518425892,-0.124352331606218,0.460231660231661,1.53191489361702,0.247465145754118,-0.36874761386621,0.25,1.05902614562053,-0.445516916963298,-0.439913446014925,-0.761491178570762,-0.414648901876735,-0.367818181228802,0.709971298931259,0.308625725594601,0.360757387634098,0.711648023562585,0.0799701818409082,1521.0000000001,6.92230335731349,0.114045285851902,1417.0000000001,1.03348303995241,7.9557863971659,0.0999037746514345,1.6391935888692,-0.298332373079381,0.386717198139927,-0.241016391581324,-0.548586880073734,0.669593874169271,-0.64496997231851,1.02007304738832,-0.545197797714804,-0.66643806994547,0.0237644362413043,805.0000000001,0.765214843850323,0.0237644362413043,805.0000000001,0.765214843850323,0.0154468827109601,0.413668554768227,1e-10,1.44994871872612,0.683054826121305,-0.642161795638094,1.19287839355378,-0.0874716815239709,0.0646276650958095,0,1.49871635330658e-15,1.55600483282998e-15,-0.124933578531153,0.829305685255361,-0.264431347962048,-0.694296743756248,-0.665260903364853,-0.0797029996788317,-0.134537167243836,-0.403094336760039,-0.00716080477305042,-0.0161195425499248,-0.829291461370686,0.797345128262106,1521.0000000001,0.47633824680287,0.0869259428873988,0.0129778316640357,0.00960908795410062,0.00960908795410062,0.166448976806348,4.4405547322116,3040.36789130565,0.0312500660060792,154,2,"SNETWORK (2 43 3040.36789130565 0.166448976806348 6000070 154)",6
43,6000071,0.108520933548089,29,0.131579036527741,0.406563246402039,0.354270929498081,0.350983481983268,0.358474665810763,-0.793822501564307,-0.635880985301786,-0.144387172061949,-0.359249491988339,-0.357046485684641,0.358023174276032,-0.37686482822188,-0.357046485684641,-0.357046485684641,0.24357647528688,2.75722439018524,2.68942837765956,-0.382068548450682,3.38106701147523,-1.08808290155441,1.58918918918919,3.01740812379109,-0.334283903675539,0.108520933548089,0.25,1.40598170071858,0.00141407484702723,0.001405598362727,-0.844386663576527,0.0013644261615509,0.106026556227941,-0.692871326496398,-0.351125315010408,0.958951189412143,0.310434204479195,0.0799701818409082,2527.0000000001,5.01684836661666,0.144300808884176,2329.0000000001,2.14928703934531,7.16613540586197,0.0835963944210429,0.672198865742042,-0.158032948454801,-0.713443034944518,-0.149621739874135,0.628864093360842,-0.619806163927277,0.643432474336411,-0.837824308144054,0.54251328157012,0.377316814545994,0.0706172027405039,903.0000000001,2.55069335947608,0.0706172027405039,903.0000000001,2.55069335947608,0.418328464507299,0.121306108914268,1e-10,-1.42256718019768,-1.88698669162861,-1.76535020928632,-1.14818806448351,-0.0874716815239709,0.0646276650958085,0.67641402897175,0.668054363157543,0.67905776525831,-1.16194806371957,-0.821002336127482,0.568441086938124,1.84368004278918,0.289981886782379,1.30363340153121,1.13344381826349,1.38291897873634,1.18512366863972,-0.363084528025,-0.164840106110476,-0.474498163204932,2527.0000000001,0.324282389549185,0.0585239338289636,0.0250724604920793,0.029755057055023,0.029755057055023,0.453274605157749,3.14811595715582,3458.75150361981,0.0312500660060792,165,2,"SNETWORK (2 43 3458.75150361981 0.453274605157749 6000071 165)",6
29,6000072,-1.13510942282399,10,-0.305920963472259,-0.59067341236485,-0.695629464068801,-0.700108350003007,-0.706051805186474,-0.157953671593464,-0.172727174771367,0.850420606601797,0.670086392647017,0.761551611632813,-1.29338335937111,0.833987436654693,0.761551611632813,0.761551611632813,-0.126960736404389,0.615597746293914,0.647507705198363,1.0382958838169,0.334385320462442,0.202072538860104,-0.56138996138996,-1.05738233397807,-0.0396070975918889,-1.13510942282399,-0.5,0.95622102629051,-0.37703431904547,-0.372678674613064,-0.721226492188469,-0.352851722765811,-1.13513443568413,-0.709396486285564,0.634902249529891,0.789394172366379,2.09506783312519,0.0399850261056294,7978.0000000001,26.7231030550023,0.761850171762634,1214.0000000001,1.47871004176548,28.2018130966677,0.350163785577043,-0.233742114042208,0.0491609458976337,-0.0146508759586934,-0.828544883071259,-0.690755704661231,-0.55718985155329,-0.796270642274137,0.159508337221932,-0.580912158214957,-1.07171929665635,0.599761053956383,705.0000000001,16.9132617188542,0.599761053956383,705.0000000001,16.9132617188542,3.65914833920421,4.90772592465376,1e-10,-0.321841100018358,0.0100803197403274,-1.47803013580164,-0.498121271149005,-0.206115705486086,-0.892855882414001,-0.487990783359437,-0.503664629107672,-0.505590738712639,-1.77905586437152,-0.823944613535394,0.394332885479066,0.223667369885719,-0.440180433666469,0.658120803162294,0.291605545932186,0.198823658713404,0.719038233500728,-0.185768287166977,-0.0261651550531825,-0.474498163204932,7978.0000000001,0.631497284816835,0.331803593384446,0.018360192092597,0.210001099146483,0.210001099146483,0.246878109418192,0.546683900657275,917.473183480349,0.25,26,2,"SNETWORK (2 29 917.473183480349 0.246878109418192 6000072 26)",6
29,6000073,-0.861891503460183,24,-0.305920963472259,-0.59067341236485,-0.562675121066356,-0.564925299345405,-0.567713055283144,0.0374171114798776,0.0500464334183129,0.945721978419273,0.341010953426472,0.841351246688537,-1.20208906380752,0.800372038072719,0.841351246688537,0.841351246688537,0.0215606126741376,-0.0927879216809026,-0.133433145891464,0.513860156600946,-0.368086404153943,0.763878608438194,-1.20507446221732,-1.78686561665285,0.401729132717726,-0.861891503460183,-0.5,-0.0783487163569271,-0.188825955230862,-0.187171885269799,0.035751203875837,-0.179423179278061,-0.861322358018004,0.164343310219347,0.324505314806098,-0.265809128848126,3.88224787361231,0.0399850261056294,11007.0000000001,68.3198639502575,3.11992960835016,191.0000000001,0.95273677388351,69.272600724041,0.833834897566523,-0.189346361744776,2.00326728628363,-0.339273528406822,0.169268929610482,0.520659278003794,0.217401833000826,0.544680546003415,0.653433262062785,0.241612161369466,0.187704146906854,0.00380644827326897,751.0000000001,0.114345703225028,0.00380644827326897,751.0000000001,0.114345703225028,0.183020218218394,0.632287476789992,1e-10,0.320314535982987,0.0930433896309611,0.0490212485478162,0.0756414555092526,-0.206115705486086,-0.892855882414001,-0.323585971028253,-0.331945636842457,-0.32094223474169,-0.408290906995311,-0.150816810482478,-0.161773343897643,0.63905925760787,-2.17467675200568,0.410940465064546,0.668842886177385,-0.925469120862088,0.713269446365104,-0.588107797293615,-0.365412397808708,-0.0752260188250777,11007.0000000001,0.560124127330411,0.82236679663332,0.0114681008332029,0.00137638022312685,0.00137638022312685,0.593005243173152,0.28507962875301,1238.58046967578,0.25,39,2,"SNETWORK (2 29 1238.58046967578 0.593005243173152 6000073 39)",6
41,6000074,0.0358032211921894,48,-0.128289549634743,-0.096718629794287,0,0,0,0.604574267437758,0.498552521285321,-0.111491339434658,-0.510476283930477,0.759217994993385,0.0348684061194506,0.14755509699016,0.759217994993385,0.759217994993385,0.47854454050723,-0.147711086006391,-0.241705869268083,-0.0852191654231653,-0.251099752896525,-0.730569948186529,0.438610038610039,0,-0.752534854245882,0.0358032211921894,0,-0.709352945304132,0.00967521914422685,0.00961855483733636,1.13576165492412,0.00934272090889168,0.0332262219800672,0.161654358727067,-0.494179919957692,-0.924498165918169,0.155124568437913,0.0799701241440398,3988.0000000001,3.95631875645642,0.102298176829701,1907.0000000001,1.24759643679944,5.20391519315586,0.060623580837176,2.08857082140913,0.176565260792161,1.26024930696557,0.23031386926585,-0.977286428598844,0.164845333630347,-1.04461389597454,-0.305840763098778,-0.716421797545782,-0.469266408501782,0.0125393338673611,972.0000000001,0.487529296975,0.0125393338673611,972.0000000001,0.487529296975,0.267226662168653,0.518017770650999,1e-10,0.956176692754255,0.762902117944283,0.0499029565987176,1.57065723576717,0.0111710590678413,0.0576623315174411,0,0,0,0.353453902911183,-0.268970562259336,0.669319629313025,-0.408375521824241,0.240628231395055,-0.244452333749392,-0.325256112365433,-0.175743199092346,-0.2624413794718,0.0970670607632137,-0.725513557657799,0.453037051987495,3988.0000000001,0.21722265331955,0.0460895692281899,0.0145340115089861,0.00567952600962438,0.00567952600962438,0.589729308975385,1.12915883300054,2762.59107539577,0.0625,132,2,"SNETWORK (2 41 2762.59107539577 0.589729308975385 6000074 132)",6
37,6000075,0.000611198484336175,5,0.694079036527741,0.60967167323295,0.649161038498292,0.645874990233288,0.652741863980251,-0.677612980602699,-0.625906543050705,-0.146422808938162,1.97054718068861,-0.30558725311703,0.0714719705683406,-0.456451425078909,-0.30558725311703,-0.30558725311703,-0.574219307199161,0.160795079960335,0.353136182427304,-0.367495662930041,0.211629283425441,0.0186528497409334,0,0.324951644100581,0.0801647655259819,0.000611198484336175,0.5,1.59721635655613,-0.102559576400212,-0.101791232280576,-0.888910229817639,-0.0981369007643991,0.00151205273800831,0.881924809027914,1.88718953745039,0.264860119520767,0.213236049985911,0.0799702643258065,5107.0000000001,6.9643974616438,0.345805071822502,174.0000000001,0.384802308535812,7.34919977007962,0.0872134906935442,-0.450959071943594,-0.116745502631442,-0.641087900693886,0.512234968385253,1.17220929041237,0.68370242245247,1.23501159501716,1.93626477537129,1.11160975628644,2.52819660954667,0.0977285258099828,581.0000000001,2.27121093759919,0.0977285258099828,581.0000000001,2.27121093759919,0.669702790840474,0.0468877706802236,1e-10,-0.540754133675861,-0.775427604454744,-1.64634206328343,-0.589896909411207,0.793884294513914,0.459181735140858,0.759869106100602,0.755550048397726,0.765650935743888,0.234575541422752,-0.888903230146007,0.843392291438511,-0.128878283776127,-0.762715821137721,1.09239074540276,1.2789207063829,1.47016446184859,0.910385615488274,0.0525138989163348,1.14732202150282,-0.474498163204932,5107.0000000001,0.823894491954151,0.0826470134861688,0.00456647710737545,0.0269526261270879,0.0269526261270879,0.103052008026082,0.336588914913591,4336.32000362248,0.0312499339939208,71,2,"SNETWORK (2 37 4336.32000362248 0.103052008026082 6000075 71)",6
37,6000076,0.642410263255791,34,0.694079036527741,0.60967167323295,0.623124281295046,0.615977027310147,0.618989232093641,-0.495449396825226,-0.469921578892787,-0.149504072211951,1.48993421402317,-0.515470582853327,0.197186200192763,-0.451924150606006,-0.515470582853327,-0.515470582853327,-0.671120017144993,-0.387249147146711,-0.306338510521027,-0.799475024119618,-0.323782601860532,0.955958549222799,-0.986100386100386,-0.606060606060606,0.882446134347275,0.642410263255791,0.5,1.49175487392899,1.25171675150181,1.26602919162452,-0.823703055086157,1.33969339269059,0.630466560894125,-0.55714402339788,1.49174941869922,0.0318117190760601,0.118640008059392,0.0799702643258065,766.0000000001,0.581188481875339,0.19648239972324,10299.0000000001,12.9412364872609,13.5224249690362,0.128405872311742,1.08818698048473,0.932820511844502,-0.789997120773304,0.230685357850887,1.01013122655328,-0.740074926028635,0.860716122795817,0.453201848360415,0.640621262556051,1.22854467566859,0.106707177135404,1956.0000000001,8.34876953134703,0.106707177135404,1956.0000000001,8.34876953134703,1.72662653645602,1.43638450396501,1e-10,-0.509374726117619,-0.760026403349127,-1.44935537881295,-0.369941935037495,0.793884294513914,0.459181735140857,0.67641402897175,0.668054363157543,0.67905776525831,0.576601951608881,0.508350595314185,-1.62976006516024,-1.29429029788486,-3.09014362102952,-0.360216934620304,-0.272599609926342,-0.810313816375469,-0.237335942440077,-0.74254128346117,-1.66060373832512,-0.474498163204932,10299.0000000001,1.30954228093786,0.00551883364804881,0.122887038563693,0.0792780167771141,0.0792780167771141,0.796169835907427,2.17571259656688,5039.91561223489,0.0312499339939208,94,2,"SNETWORK (2 37 5039.91561223489 0.796169835907427 6000076 94)",6
37,6000077,0.226310129700113,14,0.694079036527741,0.60967167323295,0.623124281295046,0.615977027310147,0.618989232093641,-0.658620674780254,-0.61412435905028,-0.164310797609468,1.85651052207653,-0.370332161472788,0.0641906612711323,-0.449069482728616,-0.370332161472788,-0.370332161472788,-0.598247923563289,0.0335540525404386,0.186663616110887,-0.473894294044912,0.0891942645020346,0.0186528497409334,0,0.324951644100581,0.0801647655259819,0.226310129700113,0.5,-0.661494887031375,-0.799359776727646,-0.785011055928724,0.859649025789676,-0.723195081792617,0.217450498424002,0.249279087555112,1.78208627061467,-0.432755526844631,0.0892226845564965,0.0799702643258065,808.0000000001,0.46104541621459,0.293838207206602,1841.0000000001,3.45954604989803,3.92059146601262,0.0521918871134591,-0.312495240957442,-0.182851366540556,0.270739465691272,0.48036368183331,0.202082873056002,0.44137843215541,0.213985703949402,1.69163086823058,0.141042232694101,0.0825496572891875,0.028371982573545,378.0000000001,0.428984375099848,0.028371982573545,378.0000000001,0.428984375099848,0.0604213297989714,0.517188712663197,1e-10,-0.727868362830954,-0.888004353840161,0.198285215870767,-0.697809391515384,0.793884294513913,0.459181735140857,0.676414028971749,0.668054363157543,0.67905776525831,0.439214823795423,-0.513826390324162,0.919878107715872,0.462104965144633,-2.89002745669139,0.802394906806428,1.04401254654353,1.12650113089351,0.652525868812085,-0.487348721151312,-0.294342917250903,-0.474498163204932,1841.0000000001,1.1388673391225,0.00613755104941153,0.0460543359640476,0.00571074650985592,0.00571074650985592,0.320020411574287,0.326337870707567,4556.56829302342,0.0312499339939208,78,2,"SNETWORK (2 37 4556.56829302342 0.320020411574287 6000077 78)",6
28,6000078,0.52561849966357,59,-0.0559209634722586,-0.39032832676705,-0.562675121066356,-0.564925299345405,-0.567713055283144,0.265805001983245,0.426646777676243,1.03447504209534,-0.907942971857994,-1.34270520016502,-1.69189542377287,0.462082183757377,-1.34270520016502,-1.34270520016502,-0.41883447692578,-1.38231803246296,-1.22230868673318,0.844116825262457,-2.04138710602205,0.269430051813471,-0.72998712998713,-1.34966688158177,0.0396070975918883,0.52561849966357,-0.5,-0.570252017356606,0.611486277876619,0.613146250020115,0.956626151019483,0.620397977150486,0.551904527609277,2.61167308673934,-0.881202473406324,0.327981011487131,0.0780811822811721,0.0399850261056294,30026.0000000001,3.74833696650508,0.0497851276381294,10884.0000000001,0.866329140318262,4.61466610672334,0.0486867290545691,0.0296641096234628,-0.351099436110728,2.57964415934933,1.43647793794894,-1.30040842748015,1.32205751504435,-1.24814011140387,-0.195286444474158,-1.1646268461432,-0.43202284323258,0.0623461897280954,1373.0000000001,3.42405273447584,0.0623461897280954,1373.0000000001,3.42405273447584,0.615396311248233,0.290465867206136,1e-10,-1.10435888497482,-1.0081822723421,-0.0935626585700138,-0.322201997945639,0.38710457596419,-0.540818264859143,-0.323585971028253,-0.331945636842458,-0.32094223474169,1.73944996781294,-0.277469321221693,1.33100805827195,-0.222703377113103,0.289981886782379,-0.455049217266706,-0.680494603297211,-0.0743195881560723,-0.540058008390685,-0.577358426652895,0.338114380395238,0.00283969030223927,30026.0000000001,0.404965089316447,0.0395465807703455,0.00914014818422357,0.0361252414698948,0.0361252414698948,0.5062329554633,2.48496488695354,2018.04494809068,0.125,16,2,"SNETWORK (2 28 2018.04494809068 0.5062329554633 6000078 16)",6
43,6000079,-0.520953876197749,4,0.131579036527741,0.406563246402039,0.118081199488201,0.12698938418892,0.129762766215853,-1.27415765938388,-0.988510627202327,-0.234271697933543,0.480563903165005,-0.285145208360884,-0.162932286947564,-0.495725781983003,-0.285145208360884,-0.285145208360884,0.416337913978701,3.03137830747888,2.99043526029248,0.2434184102387,3.52320404196155,-0.124352331606218,0.460231660231661,1.53191489361702,0.247465145754118,-0.520953876197749,0.25,0.0927111619869083,0.0798087426716989,0.0794227311478994,-0.117325729368025,0.0775091380454703,-0.527186337100761,-0.676734345941956,0.454509235983363,-0.109711067406161,4.16188291149957,0.0799701818409082,264.0000000001,7.02667635577015,1.24595942285392,225.0000000001,1.79284433385284,8.81952068952299,0.101563585257457,-0.0303999307387281,0.191582565357861,-0.218741543933051,-0.334545729792145,-0.0345332957357584,-0.618554751157042,-0.0529882132069966,-0.0327420580202403,-0.0142250041611836,-0.171412492705644,3.24853515635,10.0000000001,1.29941406260055,3.24853515635,10.0000000001,1.29941406260055,0.135985452265818,0.271475770302776,1e-10,-0.236838645463982,-0.383347829492812,0.230808216676613,0.0730282660876137,-0.0874716815239709,0.0646276650958085,0,0,1.55600483282998e-15,1.34440267027351,0.327277296706726,-0.56156211814212,-1.96316682247101,-0.503111605787188,-0.230836402032383,-0.172854554352393,-0.892552710225701,-0.0616515348492225,-0.205021504258051,-0.817605225552041,-0.414867130489911,264.0000000001,1.70985259901389,0.0809175994426618,0.0206459857147956,0.0149637554510013,0.0149637554510013,0.0585142699490337,0.0992754762992263,2882.92689550416,0.0312500660060792,148,2,"SNETWORK (2 43 2882.92689550416 0.0585142699490337 6000079 148)",6
37,6000080,0.0315862602038627,6,0.694079036527741,0.60967167323295,0.649161038498292,0.645874990233288,0.652741863980251,-0.676033273314326,-0.625106312059928,-0.148125311727918,1.9651600083408,-0.306439440052519,0.0765114871382399,-0.458869140065452,-0.306439440052519,-0.306439440052519,-0.572141079557064,0.145282404790693,0.334124185870545,-0.383932365988268,0.197768965575345,0.0186528497409334,0,0.324951644100581,0.0801647655259819,0.0315862602038627,0.5,0.416047408768598,-0.107457108398759,-0.106644358656495,-0.414802197191407,-0.102782344402193,0.0244834507362996,-0.752274770639863,1.87982181038947,0.379422705213248,0.178483780716301,0.0799702643258065,3182.0000000001,3.63208491801076,0.791120370404344,99.0000000001,0.500881306682671,4.13296622459343,0.049085815579561,0.948069386694406,-0.500126788121564,0.0137851059798614,0.899345516664855,0.832535484674825,-0.664667263505189,0.872184414319948,0.706403307902968,0.898263878055187,1.99107514466563,0.106892136008019,159.0000000001,0.679833984474759,0.106892136008019,159.0000000001,0.679833984474759,0.310618960652625,0.454428609797233,1e-10,0.234059819079884,-0.0769678342123942,0.370604483395171,-0.0143885083531584,0.793884294513914,0.459181735140858,0.759869106100602,0.755550048397726,0.765650935743886,-0.123679466267146,0.628941347469755,-0.916501969139706,0.403776807371169,0.289981886782379,0.162765199350297,0.152052747546482,-0.151750127276512,0.217705016095664,0.339645303925656,-0.00497781683917954,0.733889945250763,3182.0000000001,1.47866563237308,0.0431370208229843,0.00594879465657668,0.00807415393718692,0.00807415393718692,0.125386389700365,0.0482184905558825,4358.99201151922,0.0312499339939208,72,2,"SNETWORK (2 37 4358.99201151922 0.125386389700365 6000080 72)",6
41,6000081,0.103525639505376,50,-0.128289549634743,-0.096718629794287,0,0,0,0.693311553127421,0.549573100180934,-0.102536717148531,-0.565940935722726,0.689442554949719,0.166331012334486,0.0770412250440816,0.689442554949719,0.689442554949719,0.452039119695004,-0.266307111651428,-0.351985159669341,-0.169478422013046,-0.369793640276628,-0.730569948186529,0.438610038610039,0,-0.752534854245882,0.103525639505376,0,-0.189375613392291,1.10785573386205,1.11839152965912,0.380825097959486,1.1714714883983,0.101651141263452,-0.339071898600462,-0.548689784586709,0.528020472990852,0.0991342311200916,0.0799701241440398,5557.0000000001,3.52305625788523,0.108574505805823,2039.0000000001,1.41579582076421,4.93885207854944,0.0480208754908298,-1.02035903410413,0.700156010999583,0.027322492786098,1.45501259135551,1.33326606302658,-0.507780552920539,1.163284735685,-1.02434386558993,1.28293962660611,0.810149243405802,0.0191017785761656,1673.0000000001,1.278291015725,0.0191017785761656,1673.0000000001,1.278291015725,0.445656886495568,0.338787829011021,1e-10,0.273662374284304,-0.0188318317963904,0.0355673723158223,0.260943728611497,-0.0874716815239706,0.0646276650958085,0,1.49871635330658e-15,1.55600483282998e-15,0.747940390504271,-0.405700395033979,1.38274706048995,-0.28547502930466,0.228209902494753,-0.122916725072543,-0.130151738746988,0.217028082607482,-0.218407760651389,0.257543570054655,-0.657444539015705,0.538584736173034,5557.0000000001,0.87044220335834,0.0342549731926982,0.0137659021981316,0.0124289313790943,0.0124289313790943,0.619830936548299,0.511946195312533,2813.76064320693,0.0625,133,2,"SNETWORK (2 41 2813.76064320693 0.619830936548299 6000081 133)",6
43,6000082,-0.0991943970310119,22,0.131579036527741,0.406563246402039,0.125190979814175,0.126908484697204,0.131153005061719,-0.967066064543459,-0.76665713277516,-0.132319240647427,-0.216984966125742,-0.554146670883327,0.0928908238041831,-0.332228092796009,-0.554146670883327,-0.554146670883327,0.256859911588869,3.0952500173656,3.03740808251238,0.117361491609464,3.6397631472644,-1.08808290155441,1.58918918918919,3.01740812379109,-0.334283903675539,-0.0991943970310119,0.25,0.195471208195222,-0.68691824155157,-0.675770212493179,-0.299310796158195,-0.627068224214567,-0.106554389143566,-0.824437077340566,-0.20943487113157,0.714547186781552,0.871191988264161,0.0799701818409082,1048.0000000001,5.83890381969947,0.509776652464824,759.0000000001,2.47444544343421,8.31334926303368,0.108634810945476,0.0921961911143578,0.0324161250468473,-0.561369061299567,-0.996239624236996,-0.280983823942515,-0.629524279787554,-0.358132964279603,-0.667178270680181,-0.25423557588989,-0.313884366023292,0.030262134793287,216.0000000001,0.26146484385011,0.030262134793287,216.0000000001,0.26146484385011,0.0982210194289651,0.578107058544033,1e-10,-0.436941621393051,-0.135371037511014,-1.29329812043025,-0.44274933073611,-0.0874716815239709,0.0646276650958085,0.629855285280611,0.622071029675713,0.63231710614122,-0.905273264059506,-0.858355477474969,0.594898442444675,0.135680268957484,0.223333654485989,0.998614637080634,0.978566210210554,1.1945079762709,0.869356113231289,-0.22617875107519,0.046439725321351,-0.474498163204932,1048.0000000001,1.39022498070512,0.0762999594898859,0.0323348513555896,0.00341669559947149,0.00341669559947149,0.344679818222653,0.247996450652853,3300.34766956378,0.0312500660060792,160,2,"SNETWORK (2 43 3300.34766956378 0.344679818222653 6000082 160)",6
28,6000083,0.469664701390239,58,-0.0559209634722586,-0.39032832676705,-0.562675121066356,-0.564925299345405,-0.567713055283144,0.288111633433596,0.431750568680485,1.03999347666537,-0.900315232990298,-1.23202433470748,-1.67476082956535,0.506508963009285,-1.23202433470748,-1.23202433470748,-0.397406436563101,-1.30331536440051,-1.16781976469923,0.926787305885343,-1.97046988051236,0.269430051813471,-0.72998712998713,-1.34966688158177,0.0396070975918883,0.469664701390239,-0.5,-0.694215409533101,0.695425837388254,0.698124748723453,1.25096634791941,0.710486555563486,0.482864198330887,1.43262925695175,-0.872662322201328,0.00696367655075688,0.0946760270440847,0.0399850261056294,35518.0000000001,5.37629750627389,0.0642382064129751,6972.0000000001,0.716053628823315,6.09235113499721,0.0633950849308761,-0.28671587369091,1.64481637896059,2.26103056755489,2.49170024299628,-0.0116513037873149,0.770783947435655,-0.020972961249276,-0.60171001205818,0.424968120046216,0.147119892460319,0.0436505923286786,1366.0000000001,2.38506835947559,0.0436505923286786,1366.0000000001,2.38506835947559,0.380956263497178,0.00978991199701059,1e-10,-0.213056771108664,-0.401342035411908,-0.0913656789133638,0.192053455956316,0.387104575964191,-0.540818264859141,-0.32358597102825,-0.331945636842455,-0.320942234741688,1.54919513637255,0.179566438555565,1.70559760895607,-0.57648138434176,0.289981886782379,0.1003316608643,-0.183061388984522,0.826209344965575,-0.108614232547766,0.414892956901718,0.339357891853849,0.0305080988354459,35518.0000000001,0.394103956655469,0.0559440565609606,0.00745102826991556,0.0248182692727551,0.0248182692727551,0.476560611638688,1.71655216870762,1994.48859890457,0.125,15,2,"SNETWORK (2 28 1994.48859890457 0.476560611638688 6000083 15)",6
28,6000084,0.617431082627666,60,-0.0559209634722586,-0.39032832676705,-0.562675121066356,-0.564925299345405,-0.567713055283144,0.273201675239883,0.438474354512179,1.04263797763561,-0.90981065577457,-1.37665850702373,-1.69026585168986,0.452380962430444,-1.37665850702373,-1.37665850702373,-0.424449434470266,-1.38715931487956,-1.22133632601931,0.84321727431377,-2.04701227282351,0.269430051813471,-0.72998712998713,-1.34966688158177,0.0396070975918883,0.617431082627666,-0.5,-0.456128428135528,0.369704916004538,0.369452011602599,0.686424215377453,0.367683187918957,0.639867222811099,2.98098933663577,-0.882025999212621,-0.0757798686443708,0.0904780588569739,0.0399850261056294,34414.0000000001,4.97820978438423,0.0571273464422174,10134.0000000001,0.925592264637558,5.90380204892179,0.0648169384928378,0.738613691556336,-0.0640295808949525,1.01189239102728,2.58646441341945,1.32341873689303,1.53417008306784,1.29649313328835,-0.0372299487278727,1.1257728885091,0.376813776961944,0.0624665041443777,1414.0000000001,3.53310546885087,0.0624665041443777,1414.0000000001,3.53310546885087,0.640003349495808,0.361213023636001,1e-10,-0.504949909910168,-0.36838906777934,-0.257955749336895,-0.0135156711532628,0.387104575964191,-0.540818264859142,-0.323585971028253,-0.331945636842458,-0.32094223474169,0.65296596733371,-0.820753036239189,0.585351814224923,1.19864229405285,0.289981886782379,-0.649450847827139,-0.903729575044501,-0.305024877874036,-0.71283283612563,-0.36181552025054,-0.0398232147157155,-0.474498163204932,34414.0000000001,0.468580294902172,0.0546550026959268,0.0101619356969109,0.0387894237661856,0.0387894237661856,0.533581032527151,0.646210580271711,2039.75610298604,0.125,17,2,"SNETWORK (2 28 2039.75610298604 0.533581032527151 6000084 17)",6
37,6000085,0.374632145923299,21,0.694079036527741,0.60967167323295,0.623124281295046,0.615977027310147,0.618989232093641,-0.637493900192561,-0.587573816047659,-0.166399539737907,1.77639309676549,-0.419947976506151,0.096910114936737,-0.448006743843802,-0.419947976506151,-0.419947976506151,-0.617305056582775,-0.0383047190020081,0.100574494349209,-0.51588895553574,0.0144955594351472,0.435233160621762,-0.438266838266838,-0.0888315781932811,0.436734262779889,0.374632145923299,0.5,-0.446998287938946,-0.047430644259358,-0.0471135692703186,0.592238829658462,-0.0455891758058095,0.366389429327108,0.169250254861504,1.70447053498531,-0.953818113428364,0.102110447501837,0.0799702643258065,281.0000000001,0.183498940537338,0.142747411443113,4897.0000000001,4.47049287652216,4.6539918169595,0.0547297716830223,0.399280938669608,-0.305858061033394,0.665198183379599,-0.0437050457811816,-0.671956198030511,0.185141060072785,-0.731243849575338,1.4387036386582,-0.512032019585365,-1.45671316796196,0.0778811019185204,1007.0000000001,3.13705078134889,0.0778811019185204,1007.0000000001,3.13705078134889,0.550636192410341,0.310798589569706,1e-10,0.316094827834991,0.155952994349679,0.356866859136366,0.299737084404422,0.793884294513913,0.459181735140859,0.676414028971749,0.668054363157543,0.67905776525831,-0.339726463057502,-0.101105187690674,-0.618972514532706,-0.617830673412905,-0.300124324410563,0.0490459526738994,-0.0103062872043322,-0.495288899425684,0.170332221329706,-0.191361254099447,-0.370040017820984,0.369729486246513,4897.0000000001,0.162916990014663,0.0021579013223618,0.0525718702606605,0.0368909270704195,0.0368909270704195,0.478949309120254,1.21227994686831,4717.89970003218,0.0312499339939208,85,2,"SNETWORK (2 37 4717.89970003218 0.478949309120254 6000085 85)",6
37,6000086,0.642410263255791,34,0.694079036527741,0.60967167323295,0.623124281295046,0.615977027310147,0.618989232093641,-0.495449396825226,-0.469921578892787,-0.149504072211951,1.48993421402317,-0.515470582853327,0.197186200192763,-0.451924150606006,-0.515470582853327,-0.515470582853327,-0.671120017144993,-0.387249147146711,-0.306338510521027,-0.799475024119618,-0.323782601860532,0.955958549222799,-0.986100386100386,-0.606060606060606,0.882446134347275,0.642410263255791,0.5,1.49175487392899,1.25171675150181,1.26602919162452,-0.823703055086157,1.33969339269059,0.630466560894125,-0.55714402339788,1.49174941869922,0.0318117190760601,0.118640008059392,0.0799702643258065,766.0000000001,0.581188481875339,0.19648239972324,10299.0000000001,12.9412364872609,13.5224249690362,0.128405872311742,1.08818698048473,0.932820511844502,-0.789997120773304,0.230685357850887,1.01013122655328,-0.740074926028635,0.860716122795817,0.453201848360415,0.640621262556051,1.22854467566859,0.106707177135404,1956.0000000001,8.34876953134703,0.106707177135404,1956.0000000001,8.34876953134703,1.72662653645602,1.43638450396501,1e-10,-0.509374726117619,-0.760026403349127,-1.44935537881295,-0.369941935037495,0.793884294513914,0.459181735140857,0.67641402897175,0.668054363157543,0.67905776525831,0.576601951608881,0.508350595314185,-1.62976006516024,-1.29429029788486,-3.09014362102952,-0.360216934620304,-0.272599609926342,-0.810313816375469,-0.237335942440077,-0.74254128346117,-1.66060373832512,-0.474498163204932,10299.0000000001,1.30954228093786,0.00551883364804881,0.122887038563693,0.0792780167771141,0.0792780167771141,0.796169835907427,2.17571259656688,5039.91561223489,0.0312499339939208,94,2,"SNETWORK (2 37 5039.91561223489 0.796169835907427 6000086 94)",6
29,6000087,-0.764086193893571,28,-0.305920963472259,-0.59067341236485,-0.562675121066356,-0.564925299345405,-0.567713055283144,0.121594595709389,0.118967153167038,0.976400871610851,0.249981805618589,0.841855004129134,-1.11960474972728,0.802528160303065,0.841855004129134,0.841855004129134,0.0357312925647567,-0.317843343352512,-0.420464949894103,0.652893202631045,-0.685111766460519,0.763878608438194,-1.20507446221732,-1.78686561665285,0.401729132717726,-0.764086193893571,-0.5,0.131536429703098,-0.144307300354194,-0.143137771493911,-0.182403476090332,-0.137617182881583,-0.770080117224184,-0.194450862953177,0.231996963641493,-0.89717883266565,3.80082352174308,0.0399850261056294,15617.0000000001,94.9008453463854,0.0403365310221031,1370.0000000001,0.0883514899829394,94.9891968362683,1.13502652157183,0.121776830883892,-0.479929714905728,0.25416328533386,-0.306256940829349,-0.496255868011285,-0.090256243830508,-0.554604693378543,0.302358229887233,-0.439500711117219,-0.665393350517972,0.16347212767138,1112.0000000001,7.27124023447679,0.16347212767138,1112.0000000001,7.27124023447679,1.79792679047123,1.63836335771343,1e-10,0.628842344525334,0.233063745608575,-1.16445010081856,-0.0255065382957321,-0.206115705486086,-0.892855882414,-0.323585971028251,-0.331945636842457,-0.32094223474169,-0.214596939254198,0.465578620242835,-1.13810270882756,0.305298462340059,-0.954882412731537,-0.410093656053809,-0.538103998547523,-2.4635025055432,0.128680604056239,0.710285147799118,0.729664980725144,0.604329318500371,15617.0000000001,1e-10,1.13397080895326,0.00105571251856825,0.08688409613827,0.08688409613827,0.688277446106729,0.29488814889919,1326.96590829186,0.25,43,2,"SNETWORK (2 29 1326.96590829186 0.688277446106729 6000087 43)",6
41,6000088,0.0358032211921894,48,-0.128289549634743,-0.096718629794287,0,0,0,0.604574267437758,0.498552521285321,-0.111491339434658,-0.510476283930477,0.759217994993385,0.0348684061194506,0.14755509699016,0.759217994993385,0.759217994993385,0.47854454050723,-0.147711086006391,-0.241705869268083,-0.0852191654231653,-0.251099752896525,-0.730569948186529,0.438610038610039,0,-0.752534854245882,0.0358032211921894,0,-0.709352945304132,0.00967521914422685,0.00961855483733636,1.13576165492412,0.00934272090889168,0.0332262219800672,0.161654358727067,-0.494179919957692,-0.924498165918169,0.155124568437913,0.0799701241440398,3988.0000000001,3.95631875645642,0.102298176829701,1907.0000000001,1.24759643679944,5.20391519315586,0.060623580837176,2.08857082140913,0.176565260792161,1.26024930696557,0.23031386926585,-0.977286428598844,0.164845333630347,-1.04461389597454,-0.305840763098778,-0.716421797545782,-0.469266408501782,0.0125393338673611,972.0000000001,0.487529296975,0.0125393338673611,972.0000000001,0.487529296975,0.267226662168653,0.518017770650999,1e-10,0.956176692754255,0.762902117944283,0.0499029565987176,1.57065723576717,0.0111710590678413,0.0576623315174411,0,0,0,0.353453902911183,-0.268970562259336,0.669319629313025,-0.408375521824241,0.240628231395055,-0.244452333749392,-0.325256112365433,-0.175743199092346,-0.2624413794718,0.0970670607632137,-0.725513557657799,0.453037051987495,3988.0000000001,0.21722265331955,0.0460895692281899,0.0145340115089861,0.00567952600962438,0.00567952600962438,0.589729308975385,1.12915883300054,2762.59107539577,0.0625,132,2,"SNETWORK (2 41 2762.59107539577 0.589729308975385 6000088 132)",6
35,6000089,1.24601687639629,60,1.00986864890423,0.842832780011516,0.437324878933644,0.435074700654595,0.432286944716856,0.196578295249343,0.17435951298908,-0.0322370532387845,-0.596844399196994,-0.212517385884285,0.894308652547432,-0.283191212344485,-0.212517385884285,-0.212517385884285,-0.880355706678297,-0.107018859119164,-0.185945268551421,-1.39040703756185,0.199249229379511,-1.24352331606218,1.27773487773488,1.22931442080378,-1.22782002534854,1.24601687639629,0.5,-0.685623849743748,-0.390737653329329,-0.386143705051381,0.996053966971058,-0.365272532604111,1.23516538551906,0.61527915161762,-0.566791636183901,-0.359117054297443,0.0987578049496633,0.0799702643258065,333.0000000001,0.21031619870651,0.1937424066982,4776.0000000001,5.91760632808071,6.12792252668722,0.0762585977938715,-0.706982406801874,-0.895212215205994,1.51580491320853,0.531825017448313,-1.06478850519106,0.592759220259484,-1.21792615716008,-0.0646908331925463,-0.923335793884832,-0.568241983302968,0.0805294448211155,1004.0000000001,3.23406250009885,0.0805294448211155,1004.0000000001,3.23406250009885,0.572526254016078,0.39989533191233,1e-10,0.312039020849196,0.499109524379356,0.0265166256835692,0.524934404155557,0.861680833452351,0.493197388361808,0.546274358888712,0.534561094828886,0.536928824266797,0.0473669546493262,0.628252446190735,-1.07914315668859,0.335608614876088,-2.10345051986064,-0.0858906846448257,0.000248910699223587,-0.0038721585305777,-0.117323098541308,0.787338869261472,0.166637295771657,0.808768357110735,4776.0000000001,0.167571761155081,0.00261726846389659,0.073641329229975,0.040246114410588,0.040246114410588,0.849138224172969,2.21244753293427,5649.13066018992,0.0156249669969604,61,2,"SNETWORK (2 35 5649.13066018992 0.849138224172969 6000089 61)",6
43,6000090,0.439356845727946,43,0.0559209634722586,0.323316827497892,0.354270929498081,0.350983481983268,0.358474665810763,-0.25399642133941,-0.24947009079102,0.0331969086833405,-0.905044954432274,0.0910108925038233,0.918775916375851,-0.543893188535067,0.0910108925038233,0.0910108925038233,-0.213957035988879,3.57677380218781,3.78103169332899,-0.839684323866525,4.5205801212811,0,-0.0555984555984545,-0.180528691166989,-0.277249683143219,0.439356845727946,0.25,-0.0577633234478762,-0.166128525495747,-0.164728826376493,0.0147299977287453,-0.158146651133917,0.435745051449473,0.338693001581857,-0.878546445519603,-1.00894946851925,0.0530106111937449,0.0799701818409082,3775.0000000001,1.27978180883462,0.0709645841182882,3202.0000000001,1.45317913971197,2.7329609484466,0.0327738314745502,1.09834373396387,0.265818356924378,0.820734318002827,0.120381595805429,-0.660309034282592,0.341642475623635,-0.734208673748118,-0.973665619902115,-0.580711657424157,-0.0271673523486758,0.0163811740932217,1881.0000000001,1.23251953135052,0.0163811740932217,1881.0000000001,1.23251953135052,0.120891137589009,0.276343484625759,1e-10,0.335853792612101,0.286255651081986,-0.0932008175823518,0.136032209821547,0.517830201866211,0.18278565565145,0.676414028971749,0.668054363157543,0.67905776525831,-0.396678068584685,0.199612983400719,0.55822078711161,0.573273734551139,0.289981886782379,0.904591260581334,0.857721821049962,0.333687807991773,0.978669686891775,-0.512347604507058,-0.492995380772567,0.351317187060185,3775.0000000001,1.19317300242739,0.0153472200987945,0.0174266112757557,0.0147804480365818,0.0147804480365818,0.670202103099471,0.942061029316392,3775.17688973607,0.0312500660060792,176,2,"SNETWORK (2 43 3775.17688973607 0.670202103099471 6000090 176)",6
35,6000091,1.24601687639629,60,1.00986864890423,0.842832780011516,0.437324878933644,0.435074700654595,0.432286944716856,0.196578295249343,0.17435951298908,-0.0322370532387845,-0.596844399196994,-0.212517385884285,0.894308652547432,-0.283191212344485,-0.212517385884285,-0.212517385884285,-0.880355706678297,-0.107018859119164,-0.185945268551421,-1.39040703756185,0.199249229379511,-1.24352331606218,1.27773487773488,1.22931442080378,-1.22782002534854,1.24601687639629,0.5,-0.685623849743748,-0.390737653329329,-0.386143705051381,0.996053966971058,-0.365272532604111,1.23516538551906,0.61527915161762,-0.566791636183901,-0.359117054297443,0.0987578049496633,0.0799702643258065,333.0000000001,0.21031619870651,0.1937424066982,4776.0000000001,5.91760632808071,6.12792252668722,0.0762585977938715,-0.706982406801874,-0.895212215205994,1.51580491320853,0.531825017448313,-1.06478850519106,0.592759220259484,-1.21792615716008,-0.0646908331925463,-0.923335793884832,-0.568241983302968,0.0805294448211155,1004.0000000001,3.23406250009885,0.0805294448211155,1004.0000000001,3.23406250009885,0.572526254016078,0.39989533191233,1e-10,0.312039020849196,0.499109524379356,0.0265166256835692,0.524934404155557,0.861680833452351,0.493197388361808,0.546274358888712,0.534561094828886,0.536928824266797,0.0473669546493262,0.628252446190735,-1.07914315668859,0.335608614876088,-2.10345051986064,-0.0858906846448257,0.000248910699223587,-0.0038721585305777,-0.117323098541308,0.787338869261472,0.166637295771657,0.808768357110735,4776.0000000001,0.167571761155081,0.00261726846389659,0.073641329229975,0.040246114410588,0.040246114410588,0.849138224172969,2.21244753293427,5649.13066018992,0.0156249669969604,61,2,"SNETWORK (2 35 5649.13066018992 0.849138224172969 6000091 61)",6
28,6000092,0.469664701390239,58,-0.0559209634722586,-0.39032832676705,-0.562675121066356,-0.564925299345405,-0.567713055283144,0.288111633433596,0.431750568680485,1.03999347666537,-0.900315232990298,-1.23202433470748,-1.67476082956535,0.506508963009285,-1.23202433470748,-1.23202433470748,-0.397406436563101,-1.30331536440051,-1.16781976469923,0.926787305885343,-1.97046988051236,0.269430051813471,-0.72998712998713,-1.34966688158177,0.0396070975918883,0.469664701390239,-0.5,-0.694215409533101,0.695425837388254,0.698124748723453,1.25096634791941,0.710486555563486,0.482864198330887,1.43262925695175,-0.872662322201328,0.00696367655075688,0.0946760270440847,0.0399850261056294,35518.0000000001,5.37629750627389,0.0642382064129751,6972.0000000001,0.716053628823315,6.09235113499721,0.0633950849308761,-0.28671587369091,1.64481637896059,2.26103056755489,2.49170024299628,-0.0116513037873149,0.770783947435655,-0.020972961249276,-0.60171001205818,0.424968120046216,0.147119892460319,0.0436505923286786,1366.0000000001,2.38506835947559,0.0436505923286786,1366.0000000001,2.38506835947559,0.380956263497178,0.00978991199701059,1e-10,-0.213056771108664,-0.401342035411908,-0.0913656789133638,0.192053455956316,0.387104575964191,-0.540818264859141,-0.32358597102825,-0.331945636842455,-0.320942234741688,1.54919513637255,0.179566438555565,1.70559760895607,-0.57648138434176,0.289981886782379,0.1003316608643,-0.183061388984522,0.826209344965575,-0.108614232547766,0.414892956901718,0.339357891853849,0.0305080988354459,35518.0000000001,0.394103956655469,0.0559440565609606,0.00745102826991556,0.0248182692727551,0.0248182692727551,0.476560611638688,1.71655216870762,1994.48859890457,0.125,15,2,"SNETWORK (2 28 1994.48859890457 0.476560611638688 6000092 15)",6
41,6000093,0.241854357228574,54,-0.128289549634743,-0.096718629794287,0,0,0,0.726860508481266,0.555944951737413,-0.121997520184205,-0.628595025778781,0.548159446584315,0.284179562240328,-0.0180477946230728,0.548159446584315,0.548159446584315,0.428118923684759,-0.366117379415087,-0.487544256791187,-0.273885390421774,-0.459401278631652,-0.730569948186529,0.438610038610039,0,-0.752534854245882,0.241854357228574,0,-0.515733868533074,-0.15779058716283,-0.156480499091034,0.695976497470417,-0.150310908091728,0.242796140673181,0.991097365653807,-0.608511704989168,-0.193899947298926,0.144606353253029,0.0799701241440398,5634.0000000001,5.21026431784164,0.0503932789695391,2015.0000000001,0.649386426560231,5.85965074430187,0.0701727782430783,-0.0404681007462593,-0.540635390558218,0.0694603512630314,0.949311399230382,0.838963081767829,0.763987150471299,0.885921169169456,-0.00036286199164663,0.855464840103596,0.457679877953773,0.0460473735963389,1195.0000000001,2.201064453225,0.0460473735963389,1195.0000000001,2.201064453225,0.653874694151098,0.0311253142532962,1e-10,0.00215675834942375,0.21704165842782,0.0156792684578235,0.537138158419952,0.827782402343433,0,-1.4637901463605e-15,-1.49871635330658e-15,0,0.498333745942287,-0.145118838791269,-0.0487034337837347,-0.216921323312723,0.289981886782379,-0.192340421848709,-0.202619324290456,-0.375022080086274,-0.148905731882684,0.085712350322298,0.137751967465562,-0.311758313823609,5634.0000000001,0.12878200165159,0.0623959921839132,0.00777678595916506,0.0263590466890181,0.0263590466890181,0.671897554813257,0.301766509539448,2902.26836085617,0.0625,136,2,"SNETWORK (2 41 2902.26836085617 0.671897554813257 6000093 136)",6
37,6000094,0.679377607503512,36,0.694079036527741,0.60967167323295,0.623124281295046,0.615977027310147,0.618989232093641,-0.475090806429726,-0.450868213837886,-0.144173193441734,1.47748189761265,-0.524678571975054,0.197065865476518,-0.441583325760676,-0.524678571975054,-0.524678571975054,-0.669539865660068,-0.410591087498894,-0.337980788875268,-0.811622556235052,-0.34850921142414,0.955958549222799,-0.986100386100386,-0.606060606060606,0.882446134347275,0.679377607503512,0.5,1.70679234051575,1.51546108801835,1.53805590841244,-0.866887051533224,1.65852541978846,0.669979538995916,-0.53087915596961,1.4122948945329,0.488418929142364,6.62824251533291,0.0799702643258065,1052.0000000001,44.5934621865072,0.423980176892931,2674.0000000001,7.25043421517417,51.8438964015813,0.471409892368118,-1.39225865102794,0.963500794721666,-0.808732540647293,-0.862931546586531,0.0900264534679795,-0.768896025563569,0.0721581852853378,0.383691042879474,0.389773264374074,0.607065736408407,0.145507489662665,756.0000000001,4.40014648447344,0.145507489662665,756.0000000001,4.40014648447344,0.835645499652905,0.393624453490891,1e-10,0.64438002530101,0.231561384835338,0.331170403533543,0.132322651721991,0.827737848553593,0.476167207608847,0.67641402897175,0.668054363157545,0.67905776525831,-0.42846599739905,0.3214499387323,-1.25726523151748,-0.92420374653397,-0.993990164765709,-0.493762978637693,-0.50594266544051,-1.07235974071727,-0.329365431043156,-0.627899043770955,-1.84575705171294,0.572194323131876,2674.0000000001,0.552366175429713,0.405482625039656,0.0659272672284627,0.0400099669226087,0.0400099669226087,0.845474655938703,1.59297261769076,5089.96576743501,0.0312499339939208,96,2,"SNETWORK (2 37 5089.96576743501 0.845474655938703 6000094 96)",6
37,6000095,0.0315862602038627,6,0.694079036527741,0.60967167323295,0.649161038498292,0.645874990233288,0.652741863980251,-0.676033273314326,-0.625106312059928,-0.148125311727918,1.9651600083408,-0.306439440052519,0.0765114871382399,-0.458869140065452,-0.306439440052519,-0.306439440052519,-0.572141079557064,0.145282404790693,0.334124185870545,-0.383932365988268,0.197768965575345,0.0186528497409334,0,0.324951644100581,0.0801647655259819,0.0315862602038627,0.5,0.416047408768598,-0.107457108398759,-0.106644358656495,-0.414802197191407,-0.102782344402193,0.0244834507362996,-0.752274770639863,1.87982181038947,0.379422705213248,0.178483780716301,0.0799702643258065,3182.0000000001,3.63208491801076,0.791120370404344,99.0000000001,0.500881306682671,4.13296622459343,0.049085815579561,0.948069386694406,-0.500126788121564,0.0137851059798614,0.899345516664855,0.832535484674825,-0.664667263505189,0.872184414319948,0.706403307902968,0.898263878055187,1.99107514466563,0.106892136008019,159.0000000001,0.679833984474759,0.106892136008019,159.0000000001,0.679833984474759,0.310618960652625,0.454428609797233,1e-10,0.234059819079884,-0.0769678342123942,0.370604483395171,-0.0143885083531584,0.793884294513914,0.459181735140858,0.759869106100602,0.755550048397726,0.765650935743886,-0.123679466267146,0.628941347469755,-0.916501969139706,0.403776807371169,0.289981886782379,0.162765199350297,0.152052747546482,-0.151750127276512,0.217705016095664,0.339645303925656,-0.00497781683917954,0.733889945250763,3182.0000000001,1.47866563237308,0.0431370208229843,0.00594879465657668,0.00807415393718692,0.00807415393718692,0.125386389700365,0.0482184905558825,4358.99201151922,0.0312499339939208,72,2,"SNETWORK (2 37 4358.99201151922 0.125386389700365 6000095 72)",6
43,6000096,0.467222617867459,44,0.0559209634722586,0.323316827497892,0.354270929498081,0.350983481983268,0.358474665810763,-0.179702318012748,-0.206209486015882,0.0320373761179898,-0.923597499396928,0.09871205442516,0.963573030069759,-0.60502240231214,0.09871205442516,0.09871205442516,-0.260154289332107,3.4027682756325,3.60319385104455,-1.0151940939734,4.36235998260457,0,-0.0555984555984545,-0.180528691166989,-0.277249683143219,0.467222617867459,0.25,-0.601599060880376,-0.120207662277444,-0.119275992227669,0.871843889453823,-0.114859227548172,0.466873030554706,0.942174913015364,-0.881133322384422,-0.461708541946486,0.0720672297320333,0.0799701818409082,3463.0000000001,1.59604997255974,0.0609804689328809,3425.0000000001,1.33569561700074,2.93174558946048,0.0348925786211679,-0.76149186704806,0.905645244350264,1.16052835861072,0.369501573780297,-0.800490485067761,0.724717734464307,-0.87869275523075,-0.663707803906655,-1.10333348086107,-0.385956370181921,0.00156635089850158,1585.0000000001,0.099306640725042,0.00156635089850158,1585.0000000001,0.099306640725042,0.134810960335301,0.637451570398702,1e-10,-1.14708595754856,-1.2406784833465,-0.0052849074513406,-0.915369385767431,-0.0874716815239709,0.0646276650958075,0.676414028971747,0.668054363157543,0.67905776525831,0.4802181590531,0.274055942734837,0.294557355531172,4.79865788155153,0.289981886782379,1.19302143941336,1.10884046358367,0.347784298810387,1.31950039495422,-0.52086060747616,-0.364672406168168,1.45443934973565,3463.0000000001,0.733902249906051,0.0189956110754847,0.0158969674456832,0.00118191181672027,0.00118191181672027,0.686698402236782,3.76319416775368,3799.23952759222,0.0312500660060792,177,2,"SNETWORK (2 43 3799.23952759222 0.686698402236782 6000096 177)",6
29,6000097,-0.788620866533088,27,-0.305920963472259,-0.59067341236485,-0.562675121066356,-0.564925299345405,-0.567713055283144,0.121594595709389,0.118967153167038,0.971833321700319,0.253164391346834,0.841350144700019,-1.11838316416327,0.798790632787595,0.841350144700019,0.841350144700019,0.0336094627997246,-0.294473242315732,-0.390659264818576,0.644269875433033,-0.653977494369412,0.763878608438194,-1.20507446221732,-1.78686561665285,0.401729132717726,-0.788620866533088,-0.5,0.360276555341142,-0.0207988342093807,-0.020667888561658,-0.365553049018104,-0.0200347830417697,-0.790502695222209,-0.354140283045203,0.235790840161342,-0.132115765021472,6.94153985148436,0.0399850261056294,12280.0000000001,136.285280923855,0.427013167339833,5225.0000000001,3.5671578477185,139.852438771474,1.63742782617451,-0.428699856735426,-0.175830976585502,-0.159846474499645,-0.869454265755335,-0.58600040162277,-0.266088959342824,-0.637044458608029,0.141631562894946,-0.514097129997436,-0.735112214446912,0.0288819616057862,1361.0000000001,1.57233398447539,0.0288819616057862,1361.0000000001,1.57233398447539,0.197568052597546,0.179979994763063,1e-10,-0.865376974965152,-1.17513734614474,0.200366521412852,-0.840810993490976,-0.206115705486086,-0.892855882414,-0.323585971028251,-0.331945636842458,-0.320942234741691,-0.0699904133977615,0.162426965421572,-0.610530595265547,1.44216409176776,-1.74969243296127,1.4665868386311,1.8080183283543,-1.11398170456295,2.02251226996699,-1.45068286812269,-0.522718201412838,-0.474498162979244,12280.0000000001,0.386346004754771,1.59566263720112,0.0417651888733896,0.0184092851044786,0.0184092851044786,0.66360381419708,0.514731404255144,1304.07581326481,0.25,42,2,"SNETWORK (2 29 1304.07581326481 0.66360381419708 6000097 42)",6
29,6000098,-1.04640568536559,15,-0.305920963472259,-0.59067341236485,-0.695629464068801,-0.700108350003007,-0.706051805186474,-0.0796231999298253,-0.0994760730196489,0.87475230537997,0.589308245530111,0.860260171957952,-1.21345715344655,0.841742760522711,0.860260171957952,0.860260171957952,-0.104045357511206,0.405373013089919,0.464075147190261,0.92997242365508,0.111390377388383,0.202072538860104,-0.56138996138996,-1.05738233397807,-0.0396070975918889,-1.04640568536559,-0.5,1.30656708759143,0.453193788208199,0.453418637457822,-0.801816943606535,0.453824866561033,-1.04269394210746,-0.182110537042395,0.602090089637012,0.772900816622,0.777893325568883,0.0399850261056294,4712.0000000001,5.86030328707289,0.403179621392373,177.0000000001,0.114094997966187,5.97439828493907,0.0646965234490377,0.62936315209268,0.366258187536571,-0.0920423103560891,-0.124498692628816,0.0262452519498003,-0.222034538240801,0.0128853933522058,0.464969400807751,0.407854910395636,0.641724198437802,0.520134452208189,461.0000000001,9.59127929697735,0.520134452208189,461.0000000001,9.59127929697735,2.00699076116869,2.08925238542242,1e-10,1.77287751472476,1.29659063192115,-0.481990328208643,2.58456408700697,0.0904944352390519,-0.716837073636571,-0.405788377193844,-0.417805535283672,-0.413266069040298,0.0431186083230345,-0.176697520920866,0.818868488819243,-0.249826360159052,-0.202139499499093,-0.00422136651835406,-0.0999749350663363,0.169008785114806,-0.0642935698961955,0.119215647108823,0.0283529551984508,0.565917635858236,4712.0000000001,1.01008533757091,0.0634609931179532,0.00123553023108452,0.103863585150029,0.103863585150029,0.365237050310411,0.743221439918367,1027.2765320204,0.25,30,2,"SNETWORK (2 29 1027.2765320204 0.365237050310411 6000098 30)",6
41,6000099,-0.184678161986571,40,-0.351973654490753,-0.150431219958124,0,0,0,0.680454183979007,0.67356929111589,0.10360064124962,-0.265826045359206,0.708095891746937,0.00415027742044646,0.0240837519779983,0.708095891746937,0.708095891746937,0.516708222893832,-0.625205020831217,-0.758633510362397,-0.21285320396878,-0.793959455888592,-0.730569948186529,0.438610038610039,0,-0.752534854245882,-0.184678161986571,0,-0.308104748357459,0.970663561066235,0.978095164207047,0.54187553343225,1.01467810106687,-0.193159675967574,-0.547598709711093,-0.261769621798917,-0.648106472893688,0.177396899462116,0.0799701241440398,6235.0000000001,7.0735596773054,0.184472174340974,1292.0000000001,1.52422443486835,8.59778411207375,0.085504755088304,0.913205835891535,-0.972617677518318,0.741134152764817,-0.93835115021578,-1.56192460139753,-0.672487352884283,-1.40779850158916,-0.776189171961138,-1.45965358618678,-1.31577644910144,0.0878181960842177,1291.0000000001,4.534931640725,0.0878181960842177,1291.0000000001,4.534931640725,1.18049660305323,0.528784193972355,1e-10,1.52513741877886,1.10508111503322,0.109936278499954,1.95433837343594,0.172910763548865,-0.201007130903008,0,0,0,-0.203297632229817,0.734096871861757,-0.494373206959847,-0.281424977152208,-0.0559597173188511,-1.10142419198392,-1.21059921807891,-0.936353047314373,-1.09008195503767,0.813953878287717,0.209925484500032,0.814770642062753,6235.0000000001,0.277734678144996,0.0703463798599321,0.0151583751283719,0.0450997854528976,0.0450997854528976,0.487305989420714,1.58636095817666,2588.48231723307,0.0625,126,2,"SNETWORK (2 41 2588.48231723307 0.487305989420714 6000099 126)",6
41,6000100,-0.260060211859554,37,-0.351973654490753,-0.150431219958124,0,0,0,0.682651366437191,0.685431539772933,0.125848856281253,-0.252693381742654,0.707146984829607,0.00114037651114245,0.0174724947613207,0.707146984829607,0.707146984829607,0.519945749478789,-0.615197532176236,-0.740343764213984,-0.1770884659372,-0.792743621503542,-0.730569948186529,0.438610038610039,0,-0.752534854245882,-0.260060211859554,0,0.671050544840903,1.05270974707558,1.06193897689847,-0.486887123330975,1.10802515888794,-0.260377355836343,-0.366692426084458,-0.247848263798576,0.677163937880037,0.231415639201447,0.0799701241440398,6832.0000000001,10.1110463747747,0.0907237294461953,1684.0000000001,0.977053896025798,11.0881002707005,0.108792769907573,-1.34517619375955,0.0887015216698565,-0.526410201619055,-0.922969177801368,-0.261104800091034,-0.520325571542379,-0.237261951514635,-0.601798689424564,0.0956827865614941,0.00379028660520634,0.0527900703039043,1223.0000000001,2.582490234475,0.0527900703039043,1223.0000000001,2.582490234475,0.739940933953512,0.00402582155675227,1e-10,-1.33085415957035,-1.39274133671163,-1.7533321740494,-0.914932967167484,-0.39255626838664,-0.33503342398638,0,0,0,-0.0621120947046836,0.966766696818383,-0.35741854292587,-1.5457721658904,0.289981886782379,-0.0238628515903625,0.0463182062402159,-0.149888137813491,-0.00565663932276562,2.02736740373082,1.05067510511397,-0.474498163204932,6832.0000000001,0.1722265322955,0.0992062403755761,0.00958652943199727,0.0253385394018854,0.0253385394018854,0.450648498884902,0.580065041780472,2526.16847911201,0.0625,123,2,"SNETWORK (2 41 2526.16847911201 0.450648498884902 6000100 123)",6
29,6000101,-1.27910019657282,2,-0.305920963472259,-0.59067341236485,-0.88766904750336,-0.89062955707874,-0.905942372439505,-0.18332453675073,-0.155435349752878,0.83293431789099,0.955910720783708,0.492340934214992,-1.17895377354968,0.557053281803229,0.492340934214992,0.492340934214992,-0.288771752476703,0.593543896173167,0.507607994725872,0.375181098951247,0.511104853677839,0.110535405872193,-0.218618618618618,-0.00859660434128468,0.225496408956485,-1.27910019657282,-0.5,1.15613804263283,11.4371867760836,12.6345669438717,0.29912049299557,32.2381888089718,-1.26871349196976,-1.0607801793948,0.915243635552112,0.916698124652629,0.051672816755828,0.0399850261056294,30802.0000000001,2.54469547476843,0.100376643331406,158144,25.3793300152213,27.9240254898897,0.050085932931389,-0.63098916687012,-0.155283676335747,-0.919445748368714,-0.687565484510239,0.365945843767154,-2.32186863661793,0.10413471460244,-2.75936909515035,0.148567416617696,0.0631425170191038,0.575503710979238,10057.0000000001,231.513632812657,0.575503710979238,10057.0000000001,231.513632812657,52.0823224091826,10.3582133011733,1e-10,-4.02123568057976,-4.07640600539385,-2.55344125509661,-1.30100376277988,-0.206115705486086,-0.892855882414001,-0.796323874383979,-0.808058563259408,-0.835083858992255,-5.03542273486774,-0.406369042556476,-0.225880062931871,-1.13504974140659,0.289981886782379,0.81940698934103,0.742790246264655,-0.602688891617755,1.11799058134091,-3.54059156420078,-1.59823648441093,-0.474498163204932,158144,13.8789759504491,0.00456429344928027,0.0455216393821088,0.415254464899427,0.415254464899427,0.0643500360317781,8.10151555015217,748.139177030901,0.25,20,2,"SNETWORK (2 29 748.139177030901 0.0643500360317781 6000101 20)",6
29,6000102,-0.861891503460183,24,-0.305920963472259,-0.59067341236485,-0.562675121066356,-0.564925299345405,-0.567713055283144,0.0374171114798776,0.0500464334183129,0.945721978419273,0.341010953426472,0.841351246688537,-1.20208906380752,0.800372038072719,0.841351246688537,0.841351246688537,0.0215606126741376,-0.0927879216809026,-0.133433145891464,0.513860156600946,-0.368086404153943,0.763878608438194,-1.20507446221732,-1.78686561665285,0.401729132717726,-0.861891503460183,-0.5,-0.0783487163569271,-0.188825955230862,-0.187171885269799,0.035751203875837,-0.179423179278061,-0.861322358018004,0.164343310219347,0.324505314806098,-0.265809128848126,3.88224787361231,0.0399850261056294,11007.0000000001,68.3198639502575,3.11992960835016,191.0000000001,0.95273677388351,69.272600724041,0.833834897566523,-0.189346361744776,2.00326728628363,-0.339273528406822,0.169268929610482,0.520659278003794,0.217401833000826,0.544680546003415,0.653433262062785,0.241612161369466,0.187704146906854,0.00380644827326897,751.0000000001,0.114345703225028,0.00380644827326897,751.0000000001,0.114345703225028,0.183020218218394,0.632287476789992,1e-10,0.320314535982987,0.0930433896309611,0.0490212485478162,0.0756414555092526,-0.206115705486086,-0.892855882414001,-0.323585971028253,-0.331945636842457,-0.32094223474169,-0.408290906995311,-0.150816810482478,-0.161773343897643,0.63905925760787,-2.17467675200568,0.410940465064546,0.668842886177385,-0.925469120862088,0.713269446365104,-0.588107797293615,-0.365412397808708,-0.0752260188250777,11007.0000000001,0.560124127330411,0.82236679663332,0.0114681008332029,0.00137638022312685,0.00137638022312685,0.593005243173152,0.28507962875301,1238.58046967578,0.25,39,2,"SNETWORK (2 29 1238.58046967578 0.593005243173152 6000102 39)",6
37,6000103,0.456785033416023,25,0.694079036527741,0.60967167323295,0.623124281295046,0.615977027310147,0.618989232093641,-0.590609054748195,-0.555138508782332,-0.167409023275514,1.69846063267384,-0.439404888187798,0.159257683691142,-0.442665949592219,-0.439404888187798,-0.439404888187798,-0.637123660706466,-0.14452026253118,-0.017211280730918,-0.572363604889491,-0.0976396099327754,0.435233160621762,-0.438266838266838,-0.0888315781932811,0.436734262779889,0.456785033416023,0.5,-0.428790165504469,0.013182093765304,0.013105573588578,0.571660108030704,0.0127327723216087,0.449032066347394,0.0368458329659123,1.62803979641311,-0.541621137574925,0.238019193708095,0.0799702643258065,850.0000000001,1.29386202706011,0.19149200189719,3854.0000000001,4.71975452356311,6.01361655052322,0.0700158169339197,1.18848358287314,1.59784969721712,0.368222539773319,0.529035216835869,0.140417079111426,0.0662039292266644,0.129482155661478,1.29973520651869,-0.208318406157538,-0.685913330142088,0.00261658623621151,747.0000000001,0.0781835938499722,0.00261658623621151,747.0000000001,0.0781835938499722,0.174860474094557,0.644664673690639,1e-10,0.512193346757817,0.381962233282313,0.350940740461098,0.475885211263858,0.793884294513914,0.459181735140859,0.676414028971749,0.668054363157543,0.67905776525831,0.330774303945278,0.934185442104002,-0.980282600665173,0.00656213859431441,-0.628542489227109,-0.430884622326758,-0.396552544727906,-0.785687757329168,-0.328070724174426,-0.395114405809228,-1.1337404603122,0.274737125761702,3854.0000000001,0.56633048885097,0.0150642805254398,0.0549515363084798,0.000910282212628006,0.000910282212628006,0.577019471880956,2.24334708708604,4817.45237791562,0.0312499339939208,88,2,"SNETWORK (2 37 4817.45237791562 0.577019471880956 6000103 88)",6
41,6000104,-0.732333687268302,15,-0.351973654490753,-0.150431219958124,0,0,0,0.696824375551262,0.924058697738651,0.498903498507586,0.162884279645598,0.349073975559153,-0.151927493785684,0.0209947320878001,0.349073975559153,0.349073975559153,0.579467856144639,0.470840169585616,0.378033081025342,0.414803163246163,0.349365101187716,-0.730569948186529,0.438610038610039,0,-0.752534854245882,-0.732333687268302,0,0.116916151997992,1.04437661441926,1.05341526410975,-0.020175890403706,1.09848722362922,-0.737834685025903,-0.40506602052298,0.149509224196257,-0.645990917106952,0.0901090657261296,0.0799701241440398,2011.0000000001,1.15887367175837,0.0897466072550777,4471.0000000001,2.56612760381044,3.72500127546881,0.0365986061144172,0.867543140942374,0.834579973873012,-0.515676951224167,-0.656753155630787,-0.0191323675484342,-0.553289413615289,-0.0232842117188578,-0.216685194647322,0.213109427154287,0.127282833969144,0.0357726714570442,1629.0000000001,2.330947265725,0.0357726714570442,1629.0000000001,2.330947265725,0.683181903669561,0.0606802776028803,1e-10,-0.121360405202634,-0.337783961033061,0.186778637201049,-0.723967896622014,-0.39255626838664,-0.33503342398638,0,0,0,-2.39090011810783,-0.0582833908746984,-0.184351538255313,0.846504265366921,0.0860824789297406,0.751616060155139,0.593129386620147,-0.106225026903858,0.909225168359665,0.370895705461584,0.87897888256739,-0.227498626546128,4471.0000000001,0.802172226632196,0.0113860795726322,0.025212526441785,0.0229018500420637,0.0229018500420637,0.154471351998931,0.480311575973235,2022.69880575346,0.0625,109,2,"SNETWORK (2 41 2022.69880575346 0.154471351998931 6000104 109)",6
28,6000105,-0.369525724883435,43,-0.305920963472259,-0.59067341236485,-0.562675121066356,-0.564925299345405,-0.567713055283144,0.380173912018302,0.413567393921433,1.06845390465286,-0.513717745859245,0.395574211074521,-0.756424060360669,0.795865607968594,0.395574211074521,0.395574211074521,-0.0245433751136305,-0.784109881577593,-0.763569816374629,1.37769986224242,-1.47602229167463,0.269430051813471,-0.72998712998713,-1.34966688158177,0.0396070975918883,-0.369525724883435,-0.5,-0.0638749709948568,-2.12990492832844,-2.04618958388916,-0.221844387727068,-1.73653789329879,-0.366336014475169,0.159780872745915,-0.502833227380347,0.927075049006567,1.37347852421275,0.0399850261056294,10355.0000000001,22.7387581213413,0.163995509446892,8783.0000000001,2.30287096636435,25.0416290876056,0.415366044121005,-0.397188862446436,-0.70379701017404,-0.0110237001413883,0.712616029888283,0.713829221975086,0.72929269491732,1.01817979954754,0.154052041592826,2.27019780173587,1.43997253108843,0.0458136665496528,936.0000000001,1.71526367197542,0.0458136665496528,936.0000000001,1.71526367197542,0.229819204365389,0.0866800456112312,1e-10,-0.631701854939917,-0.17698656548642,-0.114248306869919,0.0706332859659487,-0.206115705486086,-0.892855882414,-0.323585971028251,-0.331945636842458,-0.320942234741688,0.78411385254557,0.672868072976823,0.186002063684456,-0.855404738857343,-0.0845453532138124,0.301674202497462,0.38912596276799,0.495415061392949,0.21699754746427,0.656974179075358,0.835209306167298,-0.474498163204932,10355.0000000001,0.273079907004577,0.377168273428464,0.0381977705925413,0.028451115674232,0.028451115674232,0.0524352487703358,1.23115622692138,1657.7829714198,0.125,2,2,"SNETWORK (2 28 1657.7829714198 0.0524352487703358 6000105 2)",6
29,6000106,-0.723896166728441,30,-0.305920963472259,-0.59067341236485,-0.562675121066356,-0.564925299345405,-0.567713055283144,0.164688824173581,0.151808019231768,0.976401421266395,0.217711105932186,0.856057047064356,-1.1476088169683,0.863782588107309,0.856057047064356,0.856057047064356,0.0414970523663411,-0.347883797548812,-0.445339404734119,0.874941397461812,-0.789908431631197,0.763878608438194,-1.20507446221732,-1.78686561665285,0.401729132717726,-0.723896166728441,-0.5,0.128499411461763,-0.284266759679495,-0.281375365696144,-0.195628005011403,-0.268033449540917,-0.723400488380111,-0.010467448599538,0.200907292839647,-0.373884983127294,1.36527412696783,0.0399850261056294,15526.0000000001,33.8902059074628,0.04443297469999,3746.0000000001,0.266114125158146,34.156320032521,0.417659660357291,-0.329324776252416,0.21462909574164,0.641692823826935,0.317563373273675,-0.324586249523468,0.101964822027508,-0.379575754996171,0.448348932078756,-0.200604810452422,-0.328630529006653,0.141504132406134,1080.0000000001,6.1129785157265,0.141504132406134,1080.0000000001,6.1129785157265,1.53657258805412,1.31611196272539,1e-10,0.00226016404980508,0.37300391325585,0.194755941062778,0.309774712203222,-0.206115705486087,-0.892855882414001,-0.323585971028251,-0.331945636842458,-0.32094223474169,-0.66109528430263,-0.674684956514797,0.616113452352618,-0.248237809070756,0.101557626044253,0.623985874452216,0.566594730831096,-1.73043622308467,1.17492412349611,0.0525864366055448,0.353863617095772,0.0376014279449388,15526.0000000001,0.0496508922644686,0.414405646506513,0.0032540137507774,0.0747488174245133,0.0747488174245133,0.735825930496125,1.38211312482292,1371.07734393503,0.25,44,2,"SNETWORK (2 29 1371.07734393503 0.735825930496125 6000106 44)",6
41,6000107,-0.603331506062181,22,-0.351973654490753,-0.150431219958124,0,0,0,0.699748824686281,0.892709533039043,0.383827580748249,0.00632264975611352,0.49623358718015,-0.0713940258878164,-0.00126362642960656,0.49623358718015,0.49623358718015,0.552839599856629,0.101889536139339,0.00429933334265321,0.294653691447051,-0.0634821765265498,-0.730569948186529,0.438610038610039,0,-0.752534854245882,-0.603331506062181,0,-0.540683999875521,1.09064665408378,1.10076627119089,0.994850415230313,1.15161096688255,-0.607644166818262,0.310318788582539,-0.00130286811721413,-1.18961592290457,0.0950053403522897,0.0799701241440398,1213.0000000001,0.736994688517844,0.117686328214524,3455.0000000001,2.60033681016194,3.33733149857978,0.0325411228444308,-0.171619920557182,-0.425458848002139,0.285842983785979,0.769273456339145,0.450910308165102,0.00335928280404571,0.39060685989562,0.170717867145681,0.416469542036919,0.334561802800167,0.0670871353561633,649.0000000001,1.74158203135,0.0670871353561633,649.0000000001,1.74158203135,0.550195482492965,0.21789360621024,1e-10,0.100412125438786,0.25334656664123,-0.00265088700867598,0.00283938198868505,-0.39255626838664,-0.335033423986382,-1.4637901463605e-15,0,1.55600483282998e-15,-1.06658968711695,0.160139213087334,0.12181611622212,0.444738678024806,-0.606007061358746,0.798489886934272,0.700148701716156,0.113087109208,0.908746448498089,1.63760670256397,1.68644851608916,0.378848822866836,3455.0000000001,0.718386346104655,0.00718617093588789,0.0253549518085429,0.0169815418918429,0.0169815418918429,0.247586640446289,0.284198643639684,2180.98490024855,0.0625,114,2,"SNETWORK (2 41 2180.98490024855 0.247586640446289 6000107 114)",6
41,6000108,-0.895308204628168,6,-0.351973654490753,-0.150431219958124,-0.192309249631537,-0.194095720002018,-0.196546296696359,0.619243077933846,0.852146449086349,0.516472480436722,0.240757867536726,0.249093081522538,-0.232932916272197,0.0118061637380765,0.249093081522538,0.249093081522538,0.575741222702479,0.764744814171535,0.653907114291764,0.328997042741567,0.73397142710362,-0.730569948186529,0.438610038610039,0,-0.752534854245882,-0.895308204628168,0,0.217904069523747,1.82126290134646,1.85560275233961,-0.0274649122691198,2.04575960930974,-0.901760870828774,-1.06901692886011,0.226801207313978,0.616193091336992,0.0601480267569332,0.0799701241440398,1357.0000000001,0.521983494609501,0.0774708962283907,9037.0000000001,4.47732274365504,4.99930623816454,0.0432302919896323,-0.739332717353171,-0.0797522982068636,-0.500743305207186,-0.897956107799962,-0.261525874425028,-1.39693481041866,-0.202739787966264,-1.14958163082725,0.155973993823355,0.0578800365799966,0.00381848485392297,2103.0000000001,0.3212109376,0.00381848485392297,2103.0000000001,0.3212109376,0.0847397030504972,0.59507835472975,1e-10,-0.815607506665422,-1.00246367873186,-1.79673628505626,-0.881142458739815,-0.392556268386639,-0.33503342398638,-0.487990783359437,-0.503664629107672,-0.50559073871264,-0.498678420061275,0.691211131986514,0.00399850138976409,2.49009130178271,0.0191418959203493,0.641934521224767,0.242964316195379,-1.33274867033197,1.09398210223696,-0.178461450260893,0.229000100601195,-0.474498163204932,9037.0000000001,1.53762606681839,0.00451372605610817,0.0387165658335241,0.00277759391503957,0.00277759391503957,0.0375287847225309,1.80031563155353,1823.90886950282,0.0625,104,2,"SNETWORK (2 41 1823.90886950282 0.0375287847225309 6000108 104)",6
29,6000109,-1.13510942282399,10,-0.305920963472259,-0.59067341236485,-0.695629464068801,-0.700108350003007,-0.706051805186474,-0.157953671593464,-0.172727174771367,0.850420606601797,0.670086392647017,0.761551611632813,-1.29338335937111,0.833987436654693,0.761551611632813,0.761551611632813,-0.126960736404389,0.615597746293914,0.647507705198363,1.0382958838169,0.334385320462442,0.202072538860104,-0.56138996138996,-1.05738233397807,-0.0396070975918889,-1.13510942282399,-0.5,0.95622102629051,-0.37703431904547,-0.372678674613064,-0.721226492188469,-0.352851722765811,-1.13513443568413,-0.709396486285564,0.634902249529891,0.789394172366379,2.09506783312519,0.0399850261056294,7978.0000000001,26.7231030550023,0.761850171762634,1214.0000000001,1.47871004176548,28.2018130966677,0.350163785577043,-0.233742114042208,0.0491609458976337,-0.0146508759586934,-0.828544883071259,-0.690755704661231,-0.55718985155329,-0.796270642274137,0.159508337221932,-0.580912158214957,-1.07171929665635,0.599761053956383,705.0000000001,16.9132617188542,0.599761053956383,705.0000000001,16.9132617188542,3.65914833920421,4.90772592465376,1e-10,-0.321841100018358,0.0100803197403274,-1.47803013580164,-0.498121271149005,-0.206115705486086,-0.892855882414001,-0.487990783359437,-0.503664629107672,-0.505590738712639,-1.77905586437152,-0.823944613535394,0.394332885479066,0.223667369885719,-0.440180433666469,0.658120803162294,0.291605545932186,0.198823658713404,0.719038233500728,-0.185768287166977,-0.0261651550531825,-0.474498163204932,7978.0000000001,0.631497284816835,0.331803593384446,0.018360192092597,0.210001099146483,0.210001099146483,0.246878109418192,0.546683900657275,917.473183480349,0.25,26,2,"SNETWORK (2 29 917.473183480349 0.246878109418192 6000109 26)",6
41,6000110,-0.912072118710737,5,-0.351973654490753,-0.150431219958124,-0.192309249631537,-0.194095720002018,-0.196546296696359,0.605531461864491,0.839279205040928,0.517891556009096,0.247391252795597,0.249527649280528,-0.257143013837279,0.0108952252673796,0.249527649280528,0.249527649280528,0.576936720785754,0.770227271607464,0.660247146948348,0.310544816519879,0.74632241358222,-0.730569948186529,0.438610038610039,0,-0.752534854245882,-0.912072118710737,0,0.583905842719652,0.322112834076743,0.321674769547233,-0.490919500082629,0.319100538632839,-0.9176514408673,-0.960790245273431,0.229479237798577,0.651000898704464,0.0620472563451908,0.0799701241440398,2729.0000000001,1.0828833011337,0.0746402398937419,4847.0000000001,2.31367090393593,3.39655420496963,0.0375836360539894,0.0123360866687012,1.2971595424603,-0.914345188266736,-0.42944718624854,0.571253018600798,-1.0051906580642,0.555742284239024,-0.6407226634723,0.6426142848383,0.653937915640039,0.0182443918718681,1812.0000000001,1.322353515725,0.0182443918718681,1812.0000000001,1.322353515725,0.455599302235967,0.280281820594156,1e-10,-0.373372226684152,-0.811080918712055,-1.65871396485108,-0.87177542537508,-0.39255626838664,-0.335033423986382,-0.487990783359436,-0.503664629107673,-0.505590738712639,0.000789105813087645,-1.69436077047067,-0.0425997849114472,2.58072388624288,0.219098320984623,-0.117195630966844,-0.155282280458051,-1.16013053949958,0.142947904242563,-0.309315537487673,0.281408180457769,-0.474498163204932,4847.0000000001,1.08611326619775,0.0119823472000992,0.0256012887538901,0.0146321389667431,0.0146321389667431,0.0248269756070969,1.26993997009728,1802.31714389655,0.0625,103,2,"SNETWORK (2 41 1802.31714389655 0.0248269756070969 6000110 103)",6
37,6000111,0.148155325727458,11,0.694079036527741,0.60967167323295,0.623124281295046,0.615977027310147,0.618989232093641,-0.669466346171513,-0.622837524532584,-0.162066457709748,1.88779995175422,-0.351577562313929,0.0582396143493903,-0.446454495275536,-0.351577562313929,-0.351577562313929,-0.592813702269949,0.0709808450568336,0.238845567091535,-0.43418290170811,0.122627510882948,0.0186528497409334,0,0.324951644100581,0.0801647655259819,0.148155325727458,0.5,0.918533448881868,-0.100183937537942,-0.0994368790674216,-0.691728346323549,-0.0958822070286573,0.138420150069603,-0.269316500972769,1.80670089118379,-0.308237961552657,0.17412694717365,0.0799702643258065,3982.0000000001,4.4342921543068,0.155882147327887,1679.0000000001,1.67380221214098,6.10809436634778,0.0724568285225634,0.842941187012586,0.619327101815261,0.630346314227177,-0.37197509705566,-0.899263432079746,-0.168361236819049,-0.9812676572061,1.16512634439032,-0.546064796985207,-1.60794363606267,0.0496874554401296,656.0000000001,1.30379882822454,0.0496874554401296,656.0000000001,1.30379882822454,0.451412558018939,0.258132876945379,1e-10,-0.0560548928045973,-0.15147866615536,0.364619631099172,0.114009037058326,0.793884294513914,0.459181735140858,0.676414028971746,0.668054363157543,0.679057765258309,1.20596572453125,1.260471731389,-0.567417188050821,-1.19568503596256,-1.06955897481571,0.0708785953620517,0.342893970577901,-0.172014805358002,0.113185380540514,-0.742291456919492,-1.08815265336695,-0.225137866241745,3982.0000000001,0.707525213443677,0.0526014705287295,0.0198553578938339,0.0154662194659234,0.0154662194659234,0.249801405940469,1.25099246203899,4485.28779493538,0.0312499339939208,75,2,"SNETWORK (2 37 4485.28779493538 0.249801405940469 6000111 75)",6
37,6000112,0.245630186754339,15,0.694079036527741,0.60967167323295,0.623124281295046,0.615977027310147,0.618989232093641,-0.655306833077022,-0.612037282732835,-0.164310797609468,1.85307280614602,-0.372523270237429,0.0668500452347523,-0.451241874050419,-0.372523270237429,-0.372523270237429,-0.596349910576551,0.0245422479564137,0.175436028334599,-0.482655365313137,0.0808983207244223,0.0186528497409334,0,0.324951644100581,0.0801647655259819,0.245630186754339,0.5,-0.366125138793951,-0.544671847521918,-0.537008242710007,0.3717642930947,-0.502911419327006,0.236638619569856,0.30465648458281,1.77324751272418,-0.0790098117453231,0.132626547762872,0.0799702643258065,973.0000000001,0.825278188332023,0.51865994005011,1894.0000000001,6.28231548516992,7.10759367340194,0.0907243507248097,-0.0875135107189539,-0.374490546860626,-0.0806413209168747,0.282291251948441,0.383495942995545,0.415861174793853,0.41631062953736,1.66637038567335,0.568641012196265,1.12412610546207,0.0127464257850369,406.0000000001,0.207001953224927,0.0127464257850369,406.0000000001,0.207001953224927,0.203927496707933,0.598672109124204,1e-10,-0.203149802607921,-0.311418982895506,0.36235364491057,0.0538471364021012,0.793884294513914,0.459181735140859,0.676414028971747,0.668054363157543,0.679057765258309,1.1203450850408,0.360736865557229,-1.38893277325366,-0.0707371938085542,-2.00515105975861,-0.330229852212436,-0.195641445910649,-1.06401520600268,-0.136212720818702,-0.740036796753929,-1.13598463178071,-0.417970758701162,1894.0000000001,1.09542280847859,0.0105342020314713,0.0801901485933385,0.00264226102933677,0.00264226102933677,0.34285610698006,1.09535785485059,4579.7491929524,0.0312499339939208,79,2,"SNETWORK (2 37 4579.7491929524 0.34285610698006 6000112 79)",6
29,6000113,-1.11468102824997,11,-0.305920963472259,-0.59067341236485,-0.695629464068801,-0.700108350003007,-0.706051805186474,-0.154711515827516,-0.170644604350032,0.851516789454063,0.663070312084749,0.770045227936381,-1.285848355316,0.833426745605445,0.770045227936381,0.770045227936381,-0.126064385214537,0.592387793170021,0.628653939490526,1.02848341424183,0.309107262102475,0.202072538860104,-0.56138996138996,-1.05738233397807,-0.0396070975918889,-1.11468102824997,-0.5,0.88753388273363,-0.231727948278613,-0.229551286859728,-0.685955009422835,-0.21942521635162,-1.11376897113049,-0.0261495244804375,0.633902702940569,0.184086706587474,1.94529156599296,0.0399850261056294,898.0000000001,2.79290270174818,1.71571145416583,328.0000000001,0.899731364126691,3.69263406577487,0.0447637194514397,-0.0997840902328654,-0.30303328049216,-0.21650314455336,-0.65275790943797,-0.327769891236149,0.0758145255291723,-0.379296075278735,0.758929474639849,-0.225841793944847,-0.514989402887795,8.725830078225,34.0000000001,11.8671289063529,8.725830078225,34.0000000001,11.8671289063529,2.5205213819695,3.15131449674622,1e-10,-0.551574189239774,-0.654898040515397,-1.41431545112308,-0.782171235756521,-0.206115705486087,-0.892855882414001,-0.487990783359437,-0.503664629107672,-0.505590738712639,0.172627961933941,-1.11705270632828,1.03093495988093,-0.760340721768966,-0.232623965139683,0.869829246948541,0.866173001688318,0.380092389239432,0.925209043922063,-0.376949465886637,-0.0380045300350139,-0.474498163204932,898.0000000001,1.67261442989054,0.0338567836641587,0.010906935687281,0.14385850815948,0.14385850815948,0.271719491362693,1.81647579319015,940.518902707869,0.25,27,2,"SNETWORK (2 29 940.518902707869 0.271719491362693 6000113 27)",6
28,6000114,-0.067666854814611,50,-0.305920963472259,-0.59067341236485,-0.562675121066356,-0.564925299345405,-0.567713055283144,0.356764632461415,0.405567648325509,1.09747625889205,-0.59574537678724,0.0606378763356991,-0.755506641174368,0.736047333908402,0.0606378763356991,0.0606378763356991,-0.116617223258849,-0.888182802004643,-0.861905514490929,1.37810283183345,-1.60301012279894,0.269430051813471,-0.72998712998713,-1.34966688158177,0.0396070975918883,-0.067666854814611,-0.5,-0.538911502770758,1.65973988903885,1.68759396361476,1.11189402584113,1.83882247119162,-0.046888457176188,1.63592531102842,-0.57753833363325,0.42745486568081,0.951243167562285,0.0399850261056294,28437.0000000001,43.2484048652598,0.0971490609071381,8480.0000000001,1.31713176693172,44.5655366320915,0.395733642110369,-1.09862456602805,1.23144448041749,0.403098170012347,2.13418010369177,1.54637136976481,0.607934748556486,1.2379252866044,-0.0711475032860162,1.47367640950794,0.880938156319693,0.0443448519451891,1216.0000000001,2.15693359385053,0.0443448519451891,1216.0000000001,2.15693359385053,0.329479141575301,0.160226255556486,1e-10,0.183753942054269,0.579740095306458,0.0238530006814442,1.67203408322822,0.0915772542289525,-0.716194491059126,-0.32358597102825,-0.331945636842457,-0.32094223474169,0.663526082824278,0.500684741448636,0.141867778585076,0.0446082620027214,0.236031601133661,-0.484646315771375,-0.507335706064918,-0.519150372075251,-0.460891002457103,0.435354532876706,0.500385201647798,0.248033280209044,28437.0000000001,0.161365399634523,0.384037757914996,0.0116958840953729,0.0191531674728376,0.0191531674728376,0.249015910353644,0.618733209712945,1813.84488330863,0.125,7,2,"SNETWORK (2 28 1813.84488330863 0.249015910353644 6000114 7)",6
29,6000115,-1.07649128703358,13,-0.305920963472259,-0.59067341236485,-0.695629464068801,-0.700108350003007,-0.706051805186474,-0.135925479590385,-0.155649991078323,0.855410574284198,0.655066419713714,0.775389539545137,-1.27609612857086,0.83233692777529,0.775389539545137,0.775389539545137,-0.122349164532423,0.555872227933132,0.585743911716052,1.01473438721026,0.268818778647279,0.202072538860104,-0.56138996138996,-1.05738233397807,-0.0396070975918889,-1.07649128703358,-0.5,1.28663073190026,-0.211014086773569,-0.209096576666251,-0.821027440666445,-0.200146403171366,-1.07966636020378,0.655727397442354,0.621662972063773,-0.6102669750293,1.3330917507427,0.0399850261056294,10308.0000000001,21.9699574830383,0.270291762286293,9065.0000000001,3.91737713195354,25.8873346148919,0.31274783313152,-0.301878058762041,0.00729060710818802,-0.136845348834576,-0.214557291502403,-0.0108446517551836,0.570979937364546,-0.0325518668011678,1.17355168100882,0.111426864020748,0.00324821572940231,0.0954904711790667,1543.0000000001,5.89367187510145,0.0954904711790667,1543.0000000001,5.89367187510145,1.17264976297126,1.22192968661832,1e-10,-0.270422427827859,-0.154912176996405,-1.5277777113639,-0.406345632886803,-0.206115705486086,-0.892855882414001,-0.436173920905954,-0.449542747978101,-0.447393236563639,-0.297313809388087,-0.0208628465297557,-0.145184180488018,0.658178604457255,-1.46471571957661,0.630010262370684,0.532567913235144,0.674279333265694,0.563070113320631,-0.0809933795899919,0.00525432440064374,-0.474498163204932,10308.0000000001,0.668735453940186,0.265421554471564,0.0473262785599558,0.0712021200688735,0.0712021200688735,0.318356409230736,1.04334585922853,983.784664541288,0.25,28,2,"SNETWORK (2 29 983.784664541288 0.318356409230736 6000115 28)",6
28,6000116,0.469664701390239,58,-0.0559209634722586,-0.39032832676705,-0.562675121066356,-0.564925299345405,-0.567713055283144,0.288111633433596,0.431750568680485,1.03999347666537,-0.900315232990298,-1.23202433470748,-1.67476082956535,0.506508963009285,-1.23202433470748,-1.23202433470748,-0.397406436563101,-1.30331536440051,-1.16781976469923,0.926787305885343,-1.97046988051236,0.269430051813471,-0.72998712998713,-1.34966688158177,0.0396070975918883,0.469664701390239,-0.5,-0.694215409533101,0.695425837388254,0.698124748723453,1.25096634791941,0.710486555563486,0.482864198330887,1.43262925695175,-0.872662322201328,0.00696367655075688,0.0946760270440847,0.0399850261056294,35518.0000000001,5.37629750627389,0.0642382064129751,6972.0000000001,0.716053628823315,6.09235113499721,0.0633950849308761,-0.28671587369091,1.64481637896059,2.26103056755489,2.49170024299628,-0.0116513037873149,0.770783947435655,-0.020972961249276,-0.60171001205818,0.424968120046216,0.147119892460319,0.0436505923286786,1366.0000000001,2.38506835947559,0.0436505923286786,1366.0000000001,2.38506835947559,0.380956263497178,0.00978991199701059,1e-10,-0.213056771108664,-0.401342035411908,-0.0913656789133638,0.192053455956316,0.387104575964191,-0.540818264859141,-0.32358597102825,-0.331945636842455,-0.320942234741688,1.54919513637255,0.179566438555565,1.70559760895607,-0.57648138434176,0.289981886782379,0.1003316608643,-0.183061388984522,0.826209344965575,-0.108614232547766,0.414892956901718,0.339357891853849,0.0305080988354459,35518.0000000001,0.394103956655469,0.0559440565609606,0.00745102826991556,0.0248182692727551,0.0248182692727551,0.476560611638688,1.71655216870762,1994.48859890457,0.125,15,2,"SNETWORK (2 28 1994.48859890457 0.476560611638688 6000116 15)",6
36,6000117,0.994672002569473,51,0.805921214439234,0.59412806327244,0.623124281295046,0.615977027310147,0.618989232093641,-0.141087048857451,-0.135802938489111,-0.0366520983108611,0.239230357223169,-0.380891409315962,0.585127927389311,-0.564466163334699,-0.380891409315962,-0.380891409315962,-0.708104766221181,-0.0353764250913152,-0.115899798403421,-1.2112341404231,0.231565050859701,-0.124352331606218,0.460231660231661,1.53191489361702,0.247465145754119,0.994672002569473,0.5,0.516227339628888,-0.218080520623111,-0.216076037855795,-0.491615551130042,-0.206730588033547,0.979778232511421,-0.323697505358768,0.225653928996045,-0.232411197530068,0.485036133210155,0.0799702643258065,243.0000000001,0.753767535208712,0.205381869902636,4725.0000000001,6.20613156618976,6.95989910129847,0.0841813333716096,0.000721541996613157,-0.0686472290213293,-0.181867488161383,-0.624829106716886,-0.334618952363561,-0.190908330052402,-0.385787069226569,0.203780544452291,-0.278135681652412,-0.0595136335711831,0.0985860009757375,678.0000000001,2.67365234384905,0.0985860009757375,678.0000000001,2.67365234384905,0.446073357367515,0.189905124730499,1e-10,2.23470346859843,1.51816575036818,-0.296291921198157,2.41583507634664,0.844741091716721,0.246736271960292,0.533617886326325,0.521578474796217,0.523106359211888,-1.0054031842457,0.364895129547605,-0.692342373154154,-0.484597620250002,-1.55481975577275,-0.624686581719146,-0.698172237222528,-0.741619406750026,-0.570864689871124,-0.0655381513550436,-0.616557338443151,1.03673819709792,4725.0000000001,0.673390225080605,0.00911696493866983,0.0750643683329398,0.0323383451008366,0.0323383451008366,0.9933945194644,2.02528173453495,5437.04246476195,0.0156249669969604,69,2,"SNETWORK (2 36 5437.04246476195 0.9933945194644 6000117 69)",6
43,6000118,-0.520953876197749,4,0.131579036527741,0.406563246402039,0.118081199488201,0.12698938418892,0.129762766215853,-1.27415765938388,-0.988510627202327,-0.234271697933543,0.480563903165005,-0.285145208360884,-0.162932286947564,-0.495725781983003,-0.285145208360884,-0.285145208360884,0.416337913978701,3.03137830747888,2.99043526029248,0.2434184102387,3.52320404196155,-0.124352331606218,0.460231660231661,1.53191489361702,0.247465145754118,-0.520953876197749,0.25,0.0927111619869083,0.0798087426716989,0.0794227311478994,-0.117325729368025,0.0775091380454703,-0.527186337100761,-0.676734345941956,0.454509235983363,-0.109711067406161,4.16188291149957,0.0799701818409082,264.0000000001,7.02667635577015,1.24595942285392,225.0000000001,1.79284433385284,8.81952068952299,0.101563585257457,-0.0303999307387281,0.191582565357861,-0.218741543933051,-0.334545729792145,-0.0345332957357584,-0.618554751157042,-0.0529882132069966,-0.0327420580202403,-0.0142250041611836,-0.171412492705644,3.24853515635,10.0000000001,1.29941406260055,3.24853515635,10.0000000001,1.29941406260055,0.135985452265818,0.271475770302776,1e-10,-0.236838645463982,-0.383347829492812,0.230808216676613,0.0730282660876137,-0.0874716815239709,0.0646276650958085,0,0,1.55600483282998e-15,1.34440267027351,0.327277296706726,-0.56156211814212,-1.96316682247101,-0.503111605787188,-0.230836402032383,-0.172854554352393,-0.892552710225701,-0.0616515348492225,-0.205021504258051,-0.817605225552041,-0.414867130489911,264.0000000001,1.70985259901389,0.0809175994426618,0.0206459857147956,0.0149637554510013,0.0149637554510013,0.0585142699490337,0.0992754762992263,2882.92689550416,0.0312500660060792,148,2,"SNETWORK (2 43 2882.92689550416 0.0585142699490337 6000118 148)",6
41,6000119,-0.0951992459626681,44,-0.351973654490753,-0.150431219958124,0,0,0,0.590712469454192,0.538518842049804,-0.0303713990853309,-0.427787931196618,0.744895023550688,-0.0816347075064192,0.159018427616316,0.744895023550688,0.744895023550688,0.496388233456839,-0.225915591301952,-0.32102225628154,-0.00797756563534099,-0.370145372882742,-0.730569948186529,0.438610038610039,0,-0.752534854245882,-0.0951992459626681,0,-0.427108010368779,0.124867607170892,0.124344959496272,0.589142383986419,0.121716817279186,-0.0894248855406481,1.1302587843812,-0.416457314567213,-0.477062280184644,0.165476561749033,0.0799701241440398,6963.0000000001,7.36865838480908,0.0904094626686137,583.0000000001,0.337083878154667,7.70574226286375,0.0880813019561198,1.59505599587866,-1.90976954648284,0.204648462764359,0.47605067413008,0.266223202021301,0.766141309261154,0.257823503427061,0.316448367769597,-0.080205423864145,-0.0866023686291497,0.0736094441076285,934.0000000001,2.750048828225,0.0736094441076285,934.0000000001,2.750048828225,0.777749437781917,0.165909534721316,1e-10,0.606722784729216,0.374165863030869,-0.0909551900784982,0.524934404155557,-0.100644373621669,0.0473714039363848,0,-1.49871635330658e-15,0,-0.365929575416155,-0.799063736988007,0.593716444327399,0.297937102769673,-0.0502032179566475,-0.415452748409869,-0.437624516492133,0.518221353083873,-0.645307688617542,0.394075295498865,-0.102074325105164,0.170749153793347,6963.0000000001,0.276183087764857,0.0842282289396743,0.00385307291644552,0.0314347239615913,0.0314347239615913,0.53815510763752,0.630928050726652,2674.92041419078,0.0625,129,2,"SNETWORK (2 41 2674.92041419078 0.53815510763752 6000119 129)",6
37,6000120,-0.0125993621039322,4,0.694079036527741,0.60967167323295,0.649161038498292,0.645874990233288,0.652741863980251,-0.679190215735689,-0.627818942383591,-0.144475029984265,1.97436432102248,-0.30473554437569,0.0681431525961571,-0.454335057346551,-0.30473554437569,-0.30473554437569,-0.572610994029629,0.171314632117591,0.366605118917583,-0.355758644414726,0.220847749022257,0.0186528497409334,0,0.324951644100581,0.0801647655259819,-0.0125993621039322,0.5,3.15905454699792,-0.0701678868941752,-0.0696754899864456,-1.02682553105574,-0.0673190159744299,-0.0212207550863934,0.485032921053306,1.88956581802123,-0.912675745364652,0.20459091771709,0.0799702643258065,4303.0000000001,5.63008249230536,0.177669997220069,36.0000000001,0.0409047421197049,5.67098723432506,0.0669397293078751,-0.0284341620562863,0.584241128131583,0.7687558251994,0.110957391980937,-0.629301664999878,0.419477595490858,-0.688798948401488,1.71879553150677,-0.632468525175405,-1.88931291802974,0.167413075864974,384.0000000001,2.57146484384909,0.167413075864974,384.0000000001,2.57146484384909,0.737453126468619,0.137192327106805,1e-10,-0.751609751922371,-0.942421365343641,0.206870483882578,-0.766694341992517,0.793884294513914,0.459181735140858,0.843324969095806,0.843044929020692,0.852244106229465,0.118934078792138,-0.788731244146286,1.10183272469899,0.0311719924416322,0.289981886782379,0.972310988581574,1.22252497523333,1.59147490993981,0.735750715526745,-0.369429045629092,0.809119443647577,-0.474498163204932,4303.0000000001,1.12955779684166,0.0664568939904738,0.000482835217401297,0.0303532970889603,0.0303532970889603,0.0793977335413629,0.510067210780126,4312.30815025083,0.0312499339939208,70,2,"SNETWORK (2 37 4312.30815025083 0.0793977335413629 6000120 70)",6
36,6000121,0.826032718769418,44,0.694079036527741,0.60967167323295,0.623124281295046,0.615977027310147,0.618989232093641,-0.172399576109709,-0.163893535181318,-0.00538019809840248,0.360521872099632,-0.364848919083242,0.404761655778711,-0.67042711400106,-0.364848919083242,-0.364848919083242,-0.788463097564088,0.0520243378423984,0.0375338452942095,-1.09443581802752,0.302242807804588,-0.124352331606218,0.460231660231661,1.53191489361702,0.247465145754119,0.826032718769418,0.5,-0.578965451697393,-0.548516797339044,-0.540767233597767,0.74163333599403,-0.506305366869426,0.81516183248814,0.111738861131428,0.340362901419718,-0.131579147907867,0.429827409755516,0.0799702643258065,271.0000000001,0.744938567368389,0.311772265917164,2134.0000000001,4.25489606757919,4.99983463484758,0.0638605069277302,1.89728580482934,-1.14372425266485,0.630765612075909,-0.648312290847511,-1.16441831771069,0.268465120866476,-1.36627031010105,0.710324045620458,-0.374181476651548,-0.0496170658221654,0.131253272087758,388.0000000001,2.03705078134928,0.131253272087758,388.0000000001,2.03705078134928,0.302428366834519,0.0220762695250032,1e-10,0.124229639909944,-0.291487018356271,0.215772728588511,-0.208184977620241,0.827782402343433,0.476189561751334,0.676414028971747,0.668054363157545,0.679057765258309,0.0768836508723152,-1.11421843607932,-1.65605560327126,-0.857931461438868,-0.170832002831851,-0.591021951744509,-0.594022344712681,-0.866698196304498,-0.498461418593663,-0.781054127984675,-1.53820842262769,0.166390062248452,2134.0000000001,1.1233514353211,0.00951474557391722,0.054345761253813,0.0260182795687542,0.0260182795687542,0.153461149473418,1.70451828985884,5276.21182926955,0.0156249669969604,64,2,"SNETWORK (2 36 5276.21182926955 0.153461149473418 6000121 64)",6
28,6000122,0.30247006855316,56,-0.0559209634722586,-0.39032832676705,-0.562675121066356,-0.564925299345405,-0.567713055283144,0.302301303791862,0.425185960954482,1.0490664361048,-0.894980395042951,-1.1612335504699,-1.68519680485796,0.530804614183809,-1.1612335504699,-1.1612335504699,-0.38257446607987,-1.2438704017016,-1.12249070309896,0.964093665820377,-1.90946289491233,0.269430051813471,-0.72998712998713,-1.34966688158177,0.0396070975918883,0.30247006855316,-0.5,-0.607788540531511,0.135180901223657,0.134635190821963,0.936833230709762,0.131880996570711,0.324232359432418,2.98818777131937,-0.868660992615771,0.00233864380025694,0.0953566711419272,0.0399850261056294,21588.0000000001,3.29123017575047,0.0545448861815623,13628.0000000001,1.18845004003098,4.47968021568145,0.0511185374917476,-0.373333617150218,-0.426106941968436,2.17721064337835,2.07466623724585,-0.312141559721625,1.60621040377662,-0.337652049098383,0.0557330645181386,-0.0247287483338148,0.110287932291978,0.111305084183055,1049.0000000001,4.67036132822615,0.111305084183055,1049.0000000001,4.67036132822615,0.896617716749445,0.746392567511949,1e-10,-0.993523034313264,-0.897650859837489,-0.2278447777085,-0.349015130952191,0.38710457596419,-0.540818264859142,-0.323585971028251,-0.331945636842455,-0.32094223474169,1.4675879187511,-0.802435925598275,1.41546273098068,1.17224983139332,0.289981886782379,0.122523041581987,-0.082124844507539,0.304431056608188,0.0522099438777634,0.249686515733161,0.809369893287123,-0.138167722240855,21588.0000000001,0.0977501940487975,0.0375568935062922,0.0135616438854554,0.0532944381508269,0.0532944381508269,0.4203502812364,0.502615977078676,1949.86421133852,0.125,13,2,"SNETWORK (2 28 1949.86421133852 0.4203502812364 6000122 13)",6
41,6000123,-0.544268862283158,25,-0.351973654490753,-0.150431219958124,0,0,0,0.692415070124379,0.875555191951781,0.345807390334444,-0.0226248155007952,0.531286065690031,-0.0584591769945105,-0.000211359461361616,0.531286065690031,0.531286065690031,0.556614482059692,-0.0433667045733822,-0.140647920240087,0.250590442336075,-0.227014279244604,-0.730569948186529,0.438610038610039,0,-0.752534854245882,-0.544268862283158,0,-0.356152804870715,0.797463258146505,0.801681262071575,0.590578097004714,0.821670390711991,-0.549025412389179,-0.00361078207007571,-0.0247073458030437,-0.55571233738564,0.155295745559154,0.0799701241440398,5245.0000000001,5.20907475094802,0.154083018162509,2179.0000000001,2.14717551495275,7.35625026580077,0.0752722837597207,-0.70155493474953,0.662213342910168,-0.109217768947522,0.0171419051516769,0.170166511356782,-0.15705004481469,0.148078351803198,0.00036286199164663,0.306426416744402,0.228041220874122,0.081292294577587,1121.0000000001,3.645146484475,0.081292294577587,1121.0000000001,3.645146484475,0.979722385905468,0.321626709841321,1e-10,1.52290817233252,0.984600681492752,0.156792806022843,1.4433560590336,-0.0230379880866348,-0.432564647757591,-1.4637901463605e-15,0,-1.55600483282998e-15,-0.0351924830809348,0.787180445372046,-0.07337585841409,-0.551492852285027,0.130704381499943,-0.134526320654394,-0.186783898498281,0.0326369774631908,-0.184804801519975,1.3985921356719,1.17764036717338,1.16200712304955,5245.0000000001,0.0139643135212568,0.0533014699185426,0.0219708137411781,0.0372986902624051,0.0372986902624051,0.287185516595499,0.129573312797645,2248.29878131543,0.0625,116,2,"SNETWORK (2 41 2248.29878131543 0.287185516595499 6000123 116)",6
29,6000124,-0.805495907612809,26,-0.305920963472259,-0.59067341236485,-0.562675121066356,-0.564925299345405,-0.567713055283144,0.0837007825314823,0.0852818783434561,0.959773001530294,0.316655831810321,0.840550625651846,-1.20161513287005,0.829088246029835,0.840550625651846,0.840550625651846,0.0411114044049296,-0.166044738018718,-0.236137667847804,0.576319684150126,-0.476563961297765,0.763878608438194,-1.20507446221732,-1.78686561665285,0.401729132717726,-0.805495907612809,-0.5,0.263607664995041,0.108330717996208,0.107851428351814,-0.27417656879435,0.105454621217695,-0.809605025753699,-0.931568231174049,0.295685054813972,0.643864307409636,0.971234799484859,0.0399850261056294,9002.0000000001,13.9784175456687,0.442174229993956,1998.0000000001,1.4124844573854,15.3909020029541,0.176407254291388,-0.0935523238000763,-0.422882023717779,-0.297612466982674,-0.353357626777158,0.0278394600428061,-0.927152056009203,0.0119902498692038,-0.49407959379021,0.112715067161378,0.07238571633104,0.0605599492974044,915.0000000001,2.21649414072554,0.0605599492974044,915.0000000001,2.21649414072554,0.657356302500031,0.00579029788073486,1e-10,1.09088191255343,0.955314014681867,-0.750896859508624,2.29222749117849,0.0840520554609872,-0.720660206626747,-0.323585971028253,-0.331945636842458,-0.320942234741691,-0.0571425417953627,-0.798643028850008,0.841192510449307,-0.530191418017653,-0.423101080169834,0.0751350586107855,0.108038272754758,-0.648324051802209,0.24088531714467,0.188016574324464,-0.197091237151071,0.568500352721304,9002.0000000001,0.30566330498751,0.160217656944162,0.0161895972472258,0.0254049856991191,0.0254049856991191,0.640159340982094,0.515622649596979,1282.3260270268,0.25,41,2,"SNETWORK (2 29 1282.3260270268 0.640159340982094 6000124 41)",6
29,6000125,-0.87965556051712,23,-0.305920963472259,-0.59067341236485,-0.562675121066356,-0.564925299345405,-0.567713055283144,0.00752982980027488,0.0224210664596349,0.935213448694764,0.349201287099161,0.847594202517446,-1.204176313804,0.792904670648544,0.847594202517446,0.847594202517446,0.00925209542484197,-0.0565379541185642,-0.0810551320496277,0.527095866004979,-0.327965097976349,0.763878608438194,-1.20507446221732,-1.78686561665285,0.401729132717726,-0.87965556051712,-0.5,-0.258576385677692,1.0966669402646,1.10693127994166,0.484591860127284,1.15855248232385,-0.88227469265534,0.133400966704767,0.334387624481662,-1.06403029144748,2.53322047919935,0.0399850261056294,7428.0000000001,30.0842820024799,1.0195636415645,171.0000000001,0.278743799754182,30.363025802134,0.29576599527127,2.30803411769066,0.229622561038664,0.149689594550861,-0.0221060196957222,-0.117659684625544,-0.124400709776637,-0.109146705490086,0.356036471421742,-0.236602468167863,-0.439738911290437,0.140298527451365,1026.0000000001,5.75785156260141,0.140298527451365,1026.0000000001,5.75785156260141,1.45644050729178,0.820553791354853,1e-10,-0.182081098131756,-0.169088325398705,0.0503991858055708,-0.020711255874354,-0.206115705486086,-0.892855882414,-0.32358597102825,-0.331945636842457,-0.32094223474169,0.50962789494535,-0.250865198144814,-0.404268359353144,0.18220641530025,-3.08061459546955,0.810980534380011,1.24175039938698,0.276846513298445,0.88150661757872,-1.34611217836157,-0.594852181003731,0.275125222494903,7428.0000000001,0.133436772792009,0.293050754014474,0.00271524115679595,0.0560871867163384,0.0560871867163384,0.566501043183152,0.932043364381179,1213.99212943431,0.25,38,2,"SNETWORK (2 29 1213.99212943431 0.566501043183152 6000125 38)",6
37,6000126,0.745877628848026,40,0.694079036527741,0.60967167323295,0.623124281295046,0.615977027310147,0.618989232093641,-0.405897711810025,-0.40054055838316,-0.13453274079975,1.41385307934795,-0.550427871549102,0.22136180155531,-0.41295446469962,-0.550427871549102,-0.550427871549102,-0.668299723893014,-0.495534132372296,-0.447374597853419,-0.864803164829544,-0.435723083026666,0.955958549222799,-0.986100386100386,-0.606060606060606,0.882446134347275,0.745877628848026,0.5,0.138970600223303,1.14243640102118,1.15383157668549,-0.0313131634691621,1.21154878943095,0.734533379666863,0.602000713208966,1.35705265771737,-1.57076299031585,0.326665776336161,0.0799702643258065,1212.0000000001,2.53199777038615,0.085886244977581,3877.0000000001,2.12949427990947,4.66149205019563,0.0450670606131133,0.380986634778687,0.279954971858761,0.682734390401939,-0.478392402813547,-1.06439680148907,0.182921177243563,-0.933268251252816,1.27362528673313,-0.620720751701278,-1.46174601942274,0.013557282295157,1306.0000000001,0.708232421974748,0.013557282295157,1306.0000000001,0.708232421974748,0.00258917086570044,0.487011501948041,1e-10,1.16952932247969,1.21905044840031,0.327942344035543,1.92948912412916,1.15011088775649,0.556665973567042,0.914571149463148,0.897352840576839,0.905147065520051,-0.248318976526521,-0.0987263976730766,0.657182449581365,0.181347871153098,-1.78598424324513,-0.435906167501335,-0.297231924199018,0.714875183926328,-0.720359404049456,-0.404294051330438,-0.178126325268704,0.834543318269151,3877.0000000001,0.301008533847091,0.0244792215681701,0.0205878389449432,0.00684715388784656,0.00684715388784656,0.937658143272669,0.772352431143607,5183.54278171124,0.0312499339939208,99,2,"SNETWORK (2 37 5183.54278171124 0.937658143272669 6000126 99)",6
43,6000127,-0.338106599249622,12,0.131579036527741,0.406563246402039,0.118081199488201,0.12698938418892,0.129762766215853,-1.35855706397015,-1.10012155498529,-0.296527938088366,0.214476185803476,-0.501834217122451,-0.0632675023649251,-0.472265137464326,-0.501834217122451,-0.501834217122451,0.412768723845257,3.39203470877693,3.3177126978801,0.395151728685508,3.91624702507611,-0.124352331606218,0.460231660231661,1.53191489361702,0.247465145754118,-0.338106599249622,0.25,1.13044470881928,-0.41086020718244,-0.405906011573033,-0.783253053842702,-0.383461604136315,-0.338041946759944,0.439090364123839,0.204760890696594,-0.440748604799692,0.0797091265967375,0.0799701818409082,1453.0000000001,0.740678656663522,0.157146073952667,1926.0000000001,1.93560165093018,2.6762803074937,0.0334155223308378,0.389396454782368,1.39638959522428,0.0110237001413883,0.731629774446468,0.664996734858673,0.477658117199572,0.725394947811369,0.774131970720832,0.872735456910265,1.09791379420662,0.0247618690903846,650.0000000001,0.643808593850272,0.0247618690903846,650.0000000001,0.643808593850272,0.302490066223147,0.455376179977801,1e-10,-0.55222760852133,-0.242089254201772,-1.22855233098146,-0.331132612710426,-0.0874716815239709,0.0646276650958075,0.150581101102304,0.157034344061114,0.155455887928839,-0.182891339164809,-1.85871615463672,-0.0918752271011327,-1.02872848781642,0.289981886782379,-0.18636051661005,-0.218808700022212,0.176139767356253,-0.283650094349376,-1.5023425759438,-0.316828916327952,-0.474498163116712,1926.0000000001,0.716834755724515,0.00924797153942685,0.024167550691411,0.00803847052845422,0.00803847052845422,0.189285832656526,1.44937952142209,3073.67930179366,0.0312500660060792,155,2,"SNETWORK (2 43 3073.67930179366 0.189285832656526 6000127 155)",6
29,6000128,-0.87965556051712,23,-0.305920963472259,-0.59067341236485,-0.562675121066356,-0.564925299345405,-0.567713055283144,0.00752982980027488,0.0224210664596349,0.935213448694764,0.349201287099161,0.847594202517446,-1.204176313804,0.792904670648544,0.847594202517446,0.847594202517446,0.00925209542484197,-0.0565379541185642,-0.0810551320496277,0.527095866004979,-0.327965097976349,0.763878608438194,-1.20507446221732,-1.78686561665285,0.401729132717726,-0.87965556051712,-0.5,-0.258576385677692,1.0966669402646,1.10693127994166,0.484591860127284,1.15855248232385,-0.88227469265534,0.133400966704767,0.334387624481662,-1.06403029144748,2.53322047919935,0.0399850261056294,7428.0000000001,30.0842820024799,1.0195636415645,171.0000000001,0.278743799754182,30.363025802134,0.29576599527127,2.30803411769066,0.229622561038664,0.149689594550861,-0.0221060196957222,-0.117659684625544,-0.124400709776637,-0.109146705490086,0.356036471421742,-0.236602468167863,-0.439738911290437,0.140298527451365,1026.0000000001,5.75785156260141,0.140298527451365,1026.0000000001,5.75785156260141,1.45644050729178,0.820553791354853,1e-10,-0.182081098131756,-0.169088325398705,0.0503991858055708,-0.020711255874354,-0.206115705486086,-0.892855882414,-0.32358597102825,-0.331945636842457,-0.32094223474169,0.50962789494535,-0.250865198144814,-0.404268359353144,0.18220641530025,-3.08061459546955,0.810980534380011,1.24175039938698,0.276846513298445,0.88150661757872,-1.34611217836157,-0.594852181003731,0.275125222494903,7428.0000000001,0.133436772792009,0.293050754014474,0.00271524115679595,0.0560871867163384,0.0560871867163384,0.566501043183152,0.932043364381179,1213.99212943431,0.25,38,2,"SNETWORK (2 29 1213.99212943431 0.566501043183152 6000128 38)",6
37,6000129,0.745877628848026,40,0.694079036527741,0.60967167323295,0.623124281295046,0.615977027310147,0.618989232093641,-0.405897711810025,-0.40054055838316,-0.13453274079975,1.41385307934795,-0.550427871549102,0.22136180155531,-0.41295446469962,-0.550427871549102,-0.550427871549102,-0.668299723893014,-0.495534132372296,-0.447374597853419,-0.864803164829544,-0.435723083026666,0.955958549222799,-0.986100386100386,-0.606060606060606,0.882446134347275,0.745877628848026,0.5,0.138970600223303,1.14243640102118,1.15383157668549,-0.0313131634691621,1.21154878943095,0.734533379666863,0.602000713208966,1.35705265771737,-1.57076299031585,0.326665776336161,0.0799702643258065,1212.0000000001,2.53199777038615,0.085886244977581,3877.0000000001,2.12949427990947,4.66149205019563,0.0450670606131133,0.380986634778687,0.279954971858761,0.682734390401939,-0.478392402813547,-1.06439680148907,0.182921177243563,-0.933268251252816,1.27362528673313,-0.620720751701278,-1.46174601942274,0.013557282295157,1306.0000000001,0.708232421974748,0.013557282295157,1306.0000000001,0.708232421974748,0.00258917086570044,0.487011501948041,1e-10,1.16952932247969,1.21905044840031,0.327942344035543,1.92948912412916,1.15011088775649,0.556665973567042,0.914571149463148,0.897352840576839,0.905147065520051,-0.248318976526521,-0.0987263976730766,0.657182449581365,0.181347871153098,-1.78598424324513,-0.435906167501335,-0.297231924199018,0.714875183926328,-0.720359404049456,-0.404294051330438,-0.178126325268704,0.834543318269151,3877.0000000001,0.301008533847091,0.0244792215681701,0.0205878389449432,0.00684715388784656,0.00684715388784656,0.937658143272669,0.772352431143607,5183.54278171124,0.0312499339939208,99,2,"SNETWORK (2 37 5183.54278171124 0.937658143272669 6000129 99)",6
37,6000130,0.724229547719898,38,0.694079036527741,0.60967167323295,0.623124281295046,0.615977027310147,0.618989232093641,-0.433636968334103,-0.417975137471293,-0.129610990052107,1.44143657929275,-0.530310288600514,0.202254733069497,-0.413804824345784,-0.530310288600514,-0.530310288600514,-0.660155569817397,-0.436800887730697,-0.370769371144139,-0.80377989877107,-0.382865670400719,0.955958549222799,-0.986100386100386,-0.606060606060606,0.882446134347275,0.724229547719898,0.5,1.40393957760583,0.658774883718362,0.660996644306057,-0.82139849818702,0.670999198824405,0.707441828766318,-1.05990247738544,1.37762194350519,0.429470074928646,0.0743279260053948,0.0799702643258065,704.0000000001,0.334642992577466,0.122135991139705,4498.0000000001,3.51333994735634,3.8479829398338,0.0402831434798566,-1.49177253760671,0.655088982426527,-0.449868127610294,-0.88411322313099,-0.301117808744438,-1.19517396577123,-0.294697113459427,-0.135000763191309,-0.208624872580341,-0.677227666154729,0.0909875272588388,1352.0000000001,4.92060546884825,0.0909875272588388,1352.0000000001,4.92060546884825,0.953083674937559,0.699061152468265,1e-10,0.083334231168125,-0.0455117673874352,-1.28653322614347,-0.0804367379306307,0.793884294513914,0.459181735140858,0.91713924838561,0.899825414865476,0.907585034568318,0.0125411858549099,-0.124471718244414,0.950693449565519,-0.209486204184162,-0.26650649817039,0.748192813955273,1.08585785678879,1.61804448713681,0.461255947658826,-0.653411498967185,0.374918171471165,0.317408478807952,4498.0000000001,0.372381691333514,0.00350325660434622,0.0367798867755103,0.0515120411700693,0.0515120411700693,0.894774794011285,1.27413748294757,5140.01116989982,0.0312499339939208,97,2,"SNETWORK (2 37 5140.01116989982 0.894774794011285 6000130 97)",6
37,6000131,0.642410263255791,34,0.694079036527741,0.60967167323295,0.623124281295046,0.615977027310147,0.618989232093641,-0.495449396825226,-0.469921578892787,-0.149504072211951,1.48993421402317,-0.515470582853327,0.197186200192763,-0.451924150606006,-0.515470582853327,-0.515470582853327,-0.671120017144993,-0.387249147146711,-0.306338510521027,-0.799475024119618,-0.323782601860532,0.955958549222799,-0.986100386100386,-0.606060606060606,0.882446134347275,0.642410263255791,0.5,1.49175487392899,1.25171675150181,1.26602919162452,-0.823703055086157,1.33969339269059,0.630466560894125,-0.55714402339788,1.49174941869922,0.0318117190760601,0.118640008059392,0.0799702643258065,766.0000000001,0.581188481875339,0.19648239972324,10299.0000000001,12.9412364872609,13.5224249690362,0.128405872311742,1.08818698048473,0.932820511844502,-0.789997120773304,0.230685357850887,1.01013122655328,-0.740074926028635,0.860716122795817,0.453201848360415,0.640621262556051,1.22854467566859,0.106707177135404,1956.0000000001,8.34876953134703,0.106707177135404,1956.0000000001,8.34876953134703,1.72662653645602,1.43638450396501,1e-10,-0.509374726117619,-0.760026403349127,-1.44935537881295,-0.369941935037495,0.793884294513914,0.459181735140857,0.67641402897175,0.668054363157543,0.67905776525831,0.576601951608881,0.508350595314185,-1.62976006516024,-1.29429029788486,-3.09014362102952,-0.360216934620304,-0.272599609926342,-0.810313816375469,-0.237335942440077,-0.74254128346117,-1.66060373832512,-0.474498163204932,10299.0000000001,1.30954228093786,0.00551883364804881,0.122887038563693,0.0792780167771141,0.0792780167771141,0.796169835907427,2.17571259656688,5039.91561223489,0.0312499339939208,94,2,"SNETWORK (2 37 5039.91561223489 0.796169835907427 6000131 94)",6
35,6000132,1.17907234706316,58,1.00986864890423,0.842832780011516,0.437324878933644,0.435074700654595,0.432286944716856,0.217854344342393,0.212578351254973,0.0161309347738548,-0.564750328112159,-0.198597541965578,0.898115365074345,-0.344969200603323,-0.198597541965578,-0.198597541965578,-0.871938327067632,0.0603592549136044,0.0204260321701974,-1.217200214446,0.350094752321661,-1.24352331606218,1.27773487773488,1.22931442080378,-1.22782002534854,1.17907234706316,0.5,0.0690359178825668,-0.297900206546093,-0.294809844983077,-0.139234152920122,-0.280579114591077,1.17003206558927,0.28834413101072,-0.549419013544956,0.367352456941579,0.196401983377784,0.0799702643258065,168.0000000001,0.211014458059563,0.103291088666649,6884.0000000001,4.54737508505246,4.75838954301202,0.0583159846918851,0.109846918529857,-0.0928048495339021,0.443680005508371,0.480948446126178,0.0249976672794441,0.33914475766201,0.00577488881210993,-0.246743627163186,0.051724735656544,-0.0032482157294023,0.0813343076539568,1390.0000000001,4.52218750009839,0.0813343076539568,1390.0000000001,4.52218750009839,0.863183258852311,0.802869447153523,1e-10,0.177274475620546,0.264187818316473,0.0348690773370395,0.221921519162502,0.861680833452351,0.493197388361809,0.542793822247665,0.530990867461207,0.533127639074315,-0.375745751203908,0.586544060588624,-0.832998211212062,-0.523392312069659,-1.43178125567409,0.574066723759281,0.673867716316572,0.515641500436871,0.537098007067531,0.762742553106226,0.781700413342643,1.37264771267873,6884.0000000001,0.431342125778821,0.00258606735914777,0.0557299172327373,0.055421233212053,0.055421233212053,0.665363613936923,3.84405859584058,5603.50324319195,0.0156249669969604,59,2,"SNETWORK (2 35 5603.50324319195 0.665363613936923 6000132 59)",6
41,6000133,0.165583291378375,52,-0.128289549634743,-0.096718629794287,0,0,0,0.760438713142309,0.605830290944669,-0.089398008286823,-0.611991937231428,0.596740297194507,0.293422060544646,-0.0552534029575488,0.596740297194507,0.596740297194507,0.43784245108352,-0.369055168533346,-0.483834448214188,-0.348029587600357,-0.440217165635312,-0.730569948186529,0.438610038610039,0,-0.752534854245882,0.165583291378375,0,-0.0371691233378375,-0.191810388405025,-0.190121735322507,-0.0123459468840467,-0.182214934891595,0.169790764103247,1.5994571577413,-0.581721970458369,-0.27755584686252,0.165176280109038,0.0799701241440398,5111.0000000001,5.39894746178302,0.063373891601233,2172.0000000001,0.880289935006111,6.27923739668913,0.0756204264563053,0.266875766237098,0.408347976108319,0.812951183733685,0.0611043065886536,-0.716140413325201,1.1035509865823,-0.798193116628561,0.316900281502805,-0.718913804322727,-0.427609433902817,0.00405134159663233,1262.0000000001,0.20451171885,0.00405134159663233,1262.0000000001,0.20451171885,0.203365591563047,0.603434479488436,1e-10,-0.231196010305867,0.0654584451349017,0.0223792531693981,0.281444758452949,0.409756210069151,0.0295175484401241,0,1.49871635330658e-15,-1.55600483282998e-15,0.736946880819068,0.641658858752146,-1.43832708406037,-0.155604008754927,0.289981886782379,-0.70274563484017,-0.7003875709491,-1.42935903518758,-0.487041768582918,1.01491831149066,0.589103669365,-0.387651056689754,5111.0000000001,0.232738557120946,0.0650191548976209,0.0106012714586844,0.00246292063669013,0.00246292063669013,0.646360583345902,1.3945089645512,2858.85822331377,0.0625,135,2,"SNETWORK (2 41 2858.85822331377 0.646360583345902 6000133 135)",6
43,6000134,-0.338106599249622,12,0.131579036527741,0.406563246402039,0.118081199488201,0.12698938418892,0.129762766215853,-1.35855706397015,-1.10012155498529,-0.296527938088366,0.214476185803476,-0.501834217122451,-0.0632675023649251,-0.472265137464326,-0.501834217122451,-0.501834217122451,0.412768723845257,3.39203470877693,3.3177126978801,0.395151728685508,3.91624702507611,-0.124352331606218,0.460231660231661,1.53191489361702,0.247465145754118,-0.338106599249622,0.25,1.13044470881928,-0.41086020718244,-0.405906011573033,-0.783253053842702,-0.383461604136315,-0.338041946759944,0.439090364123839,0.204760890696594,-0.440748604799692,0.0797091265967375,0.0799701818409082,1453.0000000001,0.740678656663522,0.157146073952667,1926.0000000001,1.93560165093018,2.6762803074937,0.0334155223308378,0.389396454782368,1.39638959522428,0.0110237001413883,0.731629774446468,0.664996734858673,0.477658117199572,0.725394947811369,0.774131970720832,0.872735456910265,1.09791379420662,0.0247618690903846,650.0000000001,0.643808593850272,0.0247618690903846,650.0000000001,0.643808593850272,0.302490066223147,0.455376179977801,1e-10,-0.55222760852133,-0.242089254201772,-1.22855233098146,-0.331132612710426,-0.0874716815239709,0.0646276650958075,0.150581101102304,0.157034344061114,0.155455887928839,-0.182891339164809,-1.85871615463672,-0.0918752271011327,-1.02872848781642,0.289981886782379,-0.18636051661005,-0.218808700022212,0.176139767356253,-0.283650094349376,-1.5023425759438,-0.316828916327952,-0.474498163116712,1926.0000000001,0.716834755724515,0.00924797153942685,0.024167550691411,0.00803847052845422,0.00803847052845422,0.189285832656526,1.44937952142209,3073.67930179366,0.0312500660060792,155,2,"SNETWORK (2 43 3073.67930179366 0.189285832656526 6000134 155)",6
43,6000135,0.245629964717178,35,0.131579036527741,0.406563246402039,0.354270929498081,0.350983481983268,0.358474665810763,-0.701329042861867,-0.594295805438763,-0.171728660786038,-0.447102595868036,-0.15977654475895,0.604324491562335,-0.467702351905279,-0.15977654475895,-0.15977654475895,0.245423064521448,2.80229848250164,2.74812081839764,-0.791618235006882,3.5617607655702,-1.08808290155441,1.58918918918919,3.01740812379109,-0.334283903675539,0.245629964717178,0.25,-0.494266346193017,-0.421961999315593,-0.416803792463777,0.607065580095486,-0.393471189004834,0.240047318394107,1.42216439519933,-0.43689144153949,-0.280029530211073,0.0496368884775045,0.0799701818409082,2354.0000000001,0.747252150090883,0.0793199914426553,4268.0000000001,2.16502659174034,2.91227874173122,0.0364287854217643,-0.173587507494783,-0.0162954472659433,0.267547866036175,0.951174333596898,0.630224542534272,1.0778882184504,0.687399271860483,0.533134155317753,0.661304914390627,0.712072225369828,0.0285756075653769,1751.0000000001,2.00143554697585,0.0285756075653769,1751.0000000001,2.00143554697585,0.294392021487968,0.00402582155675227,1e-10,1.89220078533249,1.04951323203958,-0.429838823294665,1.46210077011916,0.368659212721272,0.0324194781095559,0.67641402897175,0.668054363157545,0.679057765258312,-0.35962431196956,0.717401673524075,-0.678459048571947,-0.426675559221424,0.160456776030201,-0.163787511145633,-0.281922013360218,-0.834515942411691,0.0034818387320353,-0.0997521428935742,-0.770305856645729,0.862516808426579,4268.0000000001,0.991466253009232,0.00934714378953897,0.0270816415322253,0.0250353322400897,0.0250353322400897,0.54712440445575,1.95035598995513,3595.64728336914,0.0312500660060792,169,2,"SNETWORK (2 43 3595.64728336914 0.54712440445575 6000135 169)",6
36,6000136,0.994672002569473,51,0.805921214439234,0.59412806327244,0.623124281295046,0.615977027310147,0.618989232093641,-0.141087048857451,-0.135802938489111,-0.0366520983108611,0.239230357223169,-0.380891409315962,0.585127927389311,-0.564466163334699,-0.380891409315962,-0.380891409315962,-0.708104766221181,-0.0353764250913152,-0.115899798403421,-1.2112341404231,0.231565050859701,-0.124352331606218,0.460231660231661,1.53191489361702,0.247465145754119,0.994672002569473,0.5,0.516227339628888,-0.218080520623111,-0.216076037855795,-0.491615551130042,-0.206730588033547,0.979778232511421,-0.323697505358768,0.225653928996045,-0.232411197530068,0.485036133210155,0.0799702643258065,243.0000000001,0.753767535208712,0.205381869902636,4725.0000000001,6.20613156618976,6.95989910129847,0.0841813333716096,0.000721541996613157,-0.0686472290213293,-0.181867488161383,-0.624829106716886,-0.334618952363561,-0.190908330052402,-0.385787069226569,0.203780544452291,-0.278135681652412,-0.0595136335711831,0.0985860009757375,678.0000000001,2.67365234384905,0.0985860009757375,678.0000000001,2.67365234384905,0.446073357367515,0.189905124730499,1e-10,2.23470346859843,1.51816575036818,-0.296291921198157,2.41583507634664,0.844741091716721,0.246736271960292,0.533617886326325,0.521578474796217,0.523106359211888,-1.0054031842457,0.364895129547605,-0.692342373154154,-0.484597620250002,-1.55481975577275,-0.624686581719146,-0.698172237222528,-0.741619406750026,-0.570864689871124,-0.0655381513550436,-0.616557338443151,1.03673819709792,4725.0000000001,0.673390225080605,0.00911696493866983,0.0750643683329398,0.0323383451008366,0.0323383451008366,0.9933945194644,2.02528173453495,5437.04246476195,0.0156249669969604,69,2,"SNETWORK (2 36 5437.04246476195 0.9933945194644 6000136 69)",6
37,6000137,0.735331405776842,39,0.694079036527741,0.60967167323295,0.623124281295046,0.615977027310147,0.618989232093641,-0.423048015605749,-0.409934295793518,-0.136121711847978,1.42875857078023,-0.536977514392275,0.209609451580512,-0.423319532535864,-0.536977514392275,-0.536977514392275,-0.663713256640077,-0.470869384781775,-0.416673573524636,-0.85179388591106,-0.409648531758542,0.955958549222799,-0.986100386100386,-0.606060606060606,0.882446134347275,0.735331405776842,0.5,0.94316723321455,0.997495999169989,1.00549616638892,-0.63922045518706,1.0450692222916,0.719405474880778,-0.53062518844991,1.36543250428068,-0.0598021347613582,0.051263915360403,0.0799702643258065,1318.0000000001,0.432099978236046,0.0840861562126622,4260.0000000001,2.29082102697432,2.72292100511037,0.0269601283859639,0.408769839756013,-1.44451703609009,0.527261924988678,-0.994625734155615,-1.42957304507083,-0.661558725284888,-1.28318302825449,0.475320009787315,-0.95099686063986,-2.24442582189038,0.0442972944826687,1467.0000000001,2.59936523447408,0.0442972944826687,1467.0000000001,2.59936523447408,0.429310955652713,0.0146010829273235,1e-10,0.193378378357886,0.358727553109149,0.328613953506305,0.587496607111494,0.793884294513913,0.459181735140858,0.758739380362263,0.74731748864337,0.757211553191577,0.470420284856024,-0.229239185796286,-1.05654399305869,-0.152992739086931,-0.459918679206979,0.267172432805354,0.393940644925868,0.0160655312818741,0.299192908087583,-0.700229667523924,-1.01448657456291,-0.312735503838425,4260.0000000001,0.550814585049573,0.00427829923140412,0.0226818290545597,0.025736780483844,0.025736780483844,0.916239882437977,0.176117656112183,5161.80074354513,0.0312499339939208,98,2,"SNETWORK (2 37 5161.80074354513 0.916239882437977 6000137 98)",6
37,6000138,0.353650826778083,20,0.694079036527741,0.60967167323295,0.623124281295046,0.615977027310147,0.618989232093641,-0.640914575035111,-0.59159012735141,-0.165684060744019,1.7888225168758,-0.408094853039376,0.0861490347379303,-0.455184685632916,-0.408094853039376,-0.408094853039376,-0.616396864509009,-0.0254302917946354,0.114718139091705,-0.520588823395134,0.0316304145006321,0.435233160621762,-0.438266838266838,-0.0888315781932811,0.436734262779889,0.353650826778083,0.5,-0.518340833416699,0.0467348243371776,0.0464863779908911,0.740196587381037,0.0452658499792245,0.346315018685502,-0.084954341768002,1.71224688172111,-0.429508261165194,0.0637836355846125,0.0799702643258065,197.0000000001,0.0803586362392604,0.0820286243154831,6509.0000000001,3.41457582386462,3.49493446000388,0.0404667722469326,-0.236855307588184,-0.670445228815889,0.153922874991709,0.190058487560587,0.057748073877805,-0.0420802818536353,0.0427647952795168,1.24011593414615,-0.030845659448261,-0.323803131929324,0.0224061262514567,1167.0000000001,1.04591796884963,0.0224061262514567,1167.0000000001,1.04591796884963,0.393223424052491,0.347247394290508,1e-10,0.0851528119062397,-0.161609330201416,0.35779846567011,0.181153635313716,0.793884294513913,0.459181735140857,0.676414028971747,0.668054363157543,0.67905776525831,0.700146844428017,-0.478285909040685,-1.12314157455188,-0.119175291513821,-1.01609586554114,0.0857529874145749,0.115139254496807,-0.65744608612564,0.255914374675575,-0.590377819256011,-0.0174810216961837,-0.17992978749368,6509.0000000001,0.0853374710076804,0.000930447954315902,0.0395363241926167,0.0121103627582584,0.0121103627582584,0.456000592393776,1.51235619577346,4694.60407025247,0.0312499339939208,84,2,"SNETWORK (2 37 4694.60407025247 0.456000592393776 6000138 84)",6
37,6000139,0.196224528032124,13,0.694079036527741,0.60967167323295,0.623124281295046,0.615977027310147,0.618989232093641,-0.659953190663316,-0.616067365522874,-0.162968746569754,1.86470739754928,-0.368189829735806,0.0554105496028364,-0.443775541945226,-0.368189829735806,-0.368189829735806,-0.595033970597872,0.0438947855353179,0.199212962012006,-0.458811641191929,0.0971691546621811,0.0186528497409334,0,0.324951644100581,0.0801647655259819,0.196224528032124,0.5,-0.313354544960337,-0.213157562953508,-0.211213828225084,0.346248995277672,-0.202144398507028,0.196438403525884,0.45235632479935,1.78705257127859,0.140452327695763,0.0821126656013446,0.0799702643258065,747.0000000001,0.392272455531621,0.211906128652639,540.0000000001,0.731803258501218,1.12407571393284,0.0135848857426673,-0.101289502805413,0.49499027874265,0.222964716066338,0.742864076066852,0.481393387074795,0.434603674894559,0.503851392742473,1.68808484451531,0.0596494344661348,-0.111779711350329,0.00786351455895522,268.0000000001,0.0842968750999701,0.00786351455895522,268.0000000001,0.0842968750999701,0.176239896136553,0.641784053599381,1e-10,-0.173814838274399,-0.374457021870333,0.363397121603785,-0.534524968998313,0.793884294513914,0.459181735140856,0.676414028971746,0.668054363157542,0.67905776525831,0.0196633174663734,-0.722088134654453,0.97485055519685,1.2634393238536,0.141563089901022,0.17516157263291,0.266238886535808,0.641666421419734,0.0282590787213133,-0.554115272234366,-0.176947638807316,-0.287218620473637,747.0000000001,1.30954228093786,0.00474076290611804,0.00884412273654927,0.00101876002907675,0.00101876002907675,0.297968283421501,1.01100141118654,4534.18280544148,0.0312499339939208,77,2,"SNETWORK (2 37 4534.18280544148 0.297968283421501 6000139 77)",6
43,6000140,0.356315164295167,40,0.131579036527741,0.406563246402039,0.354270929498081,0.350983481983268,0.358474665810763,-0.612521699550463,-0.561295696049309,-0.148765700403216,-0.704604200653362,-0.159161800460243,0.413436850702718,-0.190052181564068,-0.159161800460243,-0.159161800460243,0.0394064643521148,3.15090374691535,3.24107487955857,-0.416922539092202,3.87165530267471,0,-0.0555984555984545,-0.180528691166989,-0.277249683143219,0.356315164295167,0.25,-0.319432355712354,-0.235281171957215,-0.233058771827387,0.351759683234861,-0.222725743517305,0.353086691221445,0.342581641465577,-0.684662696245492,-0.738117653254305,0.0642606264718485,0.0799701818409082,2903.0000000001,1.19302118674329,0.0720732362741844,1614.0000000001,0.743932820735289,1.93695400737858,0.0234943582515054,-0.103922598212474,0.383482379727549,-0.0944043724075104,0.271014651388092,0.381503901120138,0.362492034008966,0.396230208234422,-0.480651697212535,0.315095553209462,0.117850388301763,0.0201443948607452,1617.0000000001,1.30293945322555,0.0201443948607452,1617.0000000001,1.30293945322555,0.136780933667034,0.249161700855772,1e-10,-0.299565433269605,-0.626476424910053,-0.00855816413623791,-0.652464434545193,-0.0874716815239712,0.0646276650958095,0.676414028971747,0.668054363157543,0.67905776525831,-0.498955683861232,-0.552307163875755,0.463592606353393,-0.334578641637714,0.289981886782379,-0.0798389559023282,-0.229453734086407,-0.400680765532693,-0.00794447758627549,0.000578492994715386,-0.00266882685934577,-0.294339023272321,2903.0000000001,0.78355314207052,0.0144707963823636,0.00902356176914185,0.0158040542245336,0.0158040542245336,0.623684367723868,3.08091594081028,3707.3229177079,0.0312500660060792,174,2,"SNETWORK (2 43 3707.3229177079 0.623684367723868 6000140 174)",6
41,6000141,-0.88154200905414,7,-0.351973654490753,-0.150431219958124,-0.192309249631537,-0.194095720002018,-0.196546296696359,0.629676345834629,0.859909786868806,0.515725404180544,0.237653783409177,0.250180067559183,-0.235232718434724,0.012068130830345,0.250180067559183,0.250180067559183,0.575574259672683,0.75424360032919,0.646177012693312,0.341538279184065,0.71731846576374,-0.730569948186529,0.438610038610039,0,-0.752534854245882,-0.88154200905414,0,0.262568256995363,2.79416707097652,2.88028322926631,0.0546363903206282,3.41423673277366,-0.887604855062767,-0.589596400873959,0.220854219430337,0.139783350769761,0.0684849699318355,0.0799701241440398,3157.0000000001,1.38269180877129,0.175392394690293,10035.0000000001,11.255989352434,12.6386811611052,0.0931562718104826,-0.47269023067909,-0.761784873340926,-0.232896456437609,-1.00351556137187,-0.644486044469654,-1.06857513660952,-0.419018747444262,-0.724101688149402,-0.346916553433059,-0.55602985379269,0.060800869363078,2552.0000000001,6.206552734475,0.060800869363078,2552.0000000001,6.206552734475,1.2432492882162,0.545965812222898,1e-10,-0.398144161972193,-0.661643937290352,0.0334220749599591,-0.752308494728383,-0.39255626838664,-0.335033423986381,-0.487990783359439,-0.503664629107673,-0.50559073871264,-0.427753155859983,0.536492345583464,0.112995869476148,2.3554439925946,0.0716271516765018,0.69637696536365,0.266231149268134,-1.20128140902525,1.1251568586187,0.0139747285799045,0.235909494832018,-0.474498163204932,10035.0000000001,2.23429014750109,0.0101914442005115,0.0829648275099711,0.0457468074036682,0.0457468074036682,0.0492185492168528,0.231089516542852,1843.78022680866,0.0625,105,2,"SNETWORK (2 41 1843.78022680866 0.0492185492168528 6000141 105)",6
43,6000142,0.317792042087317,38,0.131579036527741,0.406563246402039,0.354270929498081,0.350983481983268,0.358474665810763,-0.634348249700963,-0.565131267294333,-0.134180689151167,-0.698929189102997,-0.163550034534983,0.397473005739309,-0.188982144868604,-0.163550034534983,-0.163550034534983,0.0432234945758045,3.20060382931413,3.29038845849642,-0.378839723156116,3.92054270782968,0,-0.0555984555984545,-0.180528691166989,-0.277249683143219,0.317792042087317,0.25,-0.679315830806488,0.12044176564522,0.119929951726435,1.09032602462178,0.117360199595261,0.311010327753117,-0.409543092041618,-0.665888193798882,-0.0844926470977916,0.100398713030114,0.0799701818409082,2056.0000000001,1.32010179542131,0.064590623123369,2677.0000000001,1.10579344424863,2.42589523956994,0.0277496768658009,-0.419463163876867,-0.100111601774772,0.212990442037274,0.52049424456134,0.298231488115936,-0.351689486538985,0.290986803007377,-1.0869617878073,0.469801208254144,0.218627081869223,0.0458890423389152,1793.0000000001,3.29116210947639,0.0458890423389152,1793.0000000001,3.29116210947639,0.585410408456835,0.330887067307116,1e-10,-1.04132793164385,-1.09739496496318,-0.171222483208145,-0.916891528689201,-0.0874716815239712,0.0646276650958085,0.676414028971747,0.668054363157542,0.67905776525831,-0.637814072041468,-0.175151855781607,0.0597446085402503,2.42889899720763,-0.0873020974886223,0.97804248980022,0.909774862294132,0.664798282044684,0.981150835591912,-0.00272410052323656,0.483265229416276,-0.474498163204932,2677.0000000001,1.0566330489751,0.015100568863033,0.0126491079027679,0.0376474149555616,0.0376474149555616,0.592320689464565,0.448552068360128,3661.5736968973,0.0312500660060792,172,2,"SNETWORK (2 43 3661.5736968973 0.592320689464565 6000142 172)",6
41,6000143,-0.584456179033724,23,-0.351973654490753,-0.150431219958124,0,0,0,0.689822839293278,0.876002098372288,0.364854816562582,-0.00639460955675216,0.512754198738831,-0.0708282084511205,-0.00199442437318133,0.512754198738831,0.512754198738831,0.557957351789559,0.0339549945704017,-0.0645896527112984,0.276534740187019,-0.140728500468376,-0.730569948186529,0.438610038610039,0,-0.752534854245882,-0.584456179033724,0,-0.439508595474693,1.20242046354769,1.21537916460915,0.817189146103464,1.28160499845971,-0.586565129979068,0.322163505019587,-0.011439779282511,-1.05553820838624,0.113654695100803,0.0799701241440398,2787.0000000001,2.0257222062337,0.124596052433812,4624.0000000001,3.68449224890642,5.71021445504012,0.0546641915522217,-0.316320590316953,-0.246666221797071,-0.0115627223602032,0.341826638907678,0.367189488939362,-0.01588944784497,0.312248764725048,0.143115486161673,0.197679272204426,0.106955870029831,0.0241863837391338,964.0000000001,0.932626953225,0.0241863837391338,964.0000000001,0.932626953225,0.367660045283877,0.431752450864791,1e-10,-0.659494620237148,-0.247739820466571,0.159635028459815,-0.613878643696146,-0.39255626838664,-0.335033423986381,1.4637901463605e-15,0,0,-0.94229681926201,-0.0707877909503133,0.0421231366839699,1.6215239542668,-0.489942705612123,0.984672406313539,0.894054318646507,0.33770966590181,1.07327174247712,1.48708087139989,1.5644921436649,0.118053964122685,4624.0000000001,0.229635376360667,0.019392348112129,0.0352718433400928,0.00892808820429176,0.00892808820429176,0.260608211695429,0.948202366413081,2203.12018749927,0.0625,115,2,"SNETWORK (2 41 2203.12018749927 0.260608211695429 6000143 115)",6
43,6000144,0.341771079741074,39,0.131579036527741,0.406563246402039,0.354270929498081,0.350983481983268,0.358474665810763,-0.627123789241792,-0.564342950595993,-0.145603222845756,-0.701146859322678,-0.162297808668255,0.404068213452571,-0.189603414618088,-0.162297808668255,-0.162297808668255,0.0415030150451677,3.18031547236823,3.26961892651541,-0.397204173988722,3.9014499722602,0,-0.0555984555984545,-0.180528691166989,-0.277249683143219,0.341771079741074,0.25,-0.358808642486401,0.113220463128884,0.112727534373441,0.47257947149236,0.110258583084598,0.331142406013842,0.237717554793416,-0.681858936630161,-0.504249062215057,0.0974132436943358,0.0799701818409082,1522.0000000001,0.948175704207242,0.0645815042082817,2180.0000000001,0.900369583639008,1.84854528774625,0.0211705736772891,0.522867502673243,-0.471548729314284,0.303457956841268,-0.360294356096965,-0.58977165803244,0.195823906313244,-0.625795117773524,-0.618058901420536,-0.563139262830173,-0.324193024518301,0.0249439759610954,1771.0000000001,1.76703125010075,0.0249439759610954,1771.0000000001,1.76703125010075,0.241500220730679,0.131444388729559,1e-10,-0.727305034833344,-0.67417107837803,-0.00784268242497093,-0.81530179410622,-0.0874716815239709,0.0646276650958095,0.67641402897175,0.668054363157543,0.67905776525831,-1.23136215860221,-0.444371330247181,0.079897813735031,2.55189254979461,0.176612181356155,0.955037545965817,0.855632319221424,0.260397154619392,1.05778244369486,-0.24498717038073,0.224685527003711,-0.146650491476651,2180.0000000001,1.02249806061202,0.0108590379917387,0.0103115355855504,0.0202370292691843,0.0202370292691843,0.607401224888601,2.63788296254419,3683.57120431184,0.0312500660060792,173,2,"SNETWORK (2 43 3683.57120431184 0.607401224888601 6000144 173)",6
29,6000145,-1.22969747030233,4,-0.305920963472259,-0.59067341236485,-0.88766904750336,-0.89062955707874,-0.905942372439505,-0.157691793228554,-0.13531221107413,0.838445824548129,0.955338313278628,0.49409375136624,-1.17885240454122,0.55748175104131,0.49409375136624,0.49409375136624,-0.289140386223173,0.589848778419729,0.50327969048288,0.375233542695561,0.506582209845279,0.110535405872193,-0.218618618618618,-0.00859660434128468,0.225496408956485,-1.22969747030233,-0.5,1.01532506579281,7.71893015956371,8.32967454081786,-0.0769091751654964,14.9027546920314,-1.23220951935919,-1.26538753670755,0.908979181613372,0.905419881896143,0.0452299995778231,0.0399850261056294,1599.0000000001,0.115629810121243,0.0896912096959794,127246,18.2468871357699,18.3625169457911,0.060440583075265,0.592164857928562,2.34792143536355,-1.1436011442998,-1.00928209422794,0.283533744838084,-2.21401865799971,0.119538211800675,-2.35208493188173,0.16539025091532,0.0899651266340604,0.4810605506394,6396.0000000001,123.07453125013,0.4810605506394,6396.0000000001,123.07453125013,27.6137464035098,10.0886212728734,1e-10,-2.26400557582362,-1.67252999725685,0.121121021456958,-1.22492322758166,-0.206115705486086,-0.892855882414001,-0.796323874383979,-0.808058563259408,-0.835083858992255,-4.81855795118568,-0.352334750656541,-0.258793507441551,-0.465275356711251,0.289981886782379,0.423104603180956,0.373727978196714,-0.389659064748264,0.589862343175703,-2.54762061539585,0.366826995564723,7.20697909032393,127246,8.19860356875787,0.000380597776855585,0.0600599851984094,0.40510222210604,0.40510222210604,0.10430958537426,6.16231723882622,785.210244842767,0.25,21,2,"SNETWORK (2 29 785.210244842767 0.10430958537426 6000145 21)",6
41,6000146,-0.226865764685873,38,-0.351973654490753,-0.150431219958124,0,0,0,0.687834256392997,0.688189283245889,0.122526677929023,-0.254361540757459,0.708056187538648,-0.00114037651114245,0.0185962731272347,0.708056187538648,0.708056187538648,0.519399410170282,-0.621763331370572,-0.74865722792646,-0.180606350132085,-0.799666992457465,-0.730569948186529,0.438610038610039,0,-0.752534854245882,-0.226865764685873,0,0.448533544145576,1.30045539966272,1.31616692229118,-0.304563394610623,1.39758503139421,-0.232626073529818,-0.619347805627047,-0.252490811950868,0.64834310314398,0.239957625200787,0.0799701241440398,8164.0000000001,12.528327290325,0.0728129429277721,726.0000000001,0.338065415453615,12.8663927056786,0.121201218888248,0.554067308044385,-1.31150169560457,-0.856706568335589,-0.318499738228929,0.64063775694027,-0.810937004342805,0.540435038847523,-0.913888620793633,0.557679409456274,0.38790598006111,0.134508200764018,1746.0000000001,9.394052734475,0.134508200764018,1746.0000000001,9.394052734475,2.27692558568025,1.68105661684261,1e-10,-0.341527029488869,-0.329304851663549,-1.29866705842853,-0.292115725439479,-0.392556268386639,-0.335033423986382,0,-1.49871635330658e-15,0,-0.000789105813087645,0.832883252181842,-0.725764611026078,-0.0915359895467737,0.028442145073121,-0.727759212621378,-0.690179633711795,-0.0698186101386909,-0.866902563856701,1.94997230015587,1.13050568264614,-0.364787980507666,8164.0000000001,0.983708301108534,0.118016647843725,0.00318457094452341,0.0884918303693363,0.0884918303693363,0.462156538455787,0.165931457742261,2545.7309233609,0.0625,124,2,"SNETWORK (2 41 2545.7309233609 0.462156538455787 6000146 124)",6
29,6000147,-1.19161885608309,7,-0.305920963472259,-0.59067341236485,-0.88766904750336,-0.89062955707874,-0.905942372439505,-0.129583352738896,-0.116748213438609,0.844430925052891,0.919414018259799,0.512582092362317,-1.17142662694553,0.588963593679409,0.512582092362317,0.512582092362317,-0.291433700911599,0.577730388155224,0.502088463754511,0.389535380673595,0.487423108594623,0.110535405872193,-0.218618618618618,-0.00859660434128468,0.225496408956485,-1.19161885608309,-0.5,0.978281528888095,5.69523306958407,6.045818884408,-0.277073741516505,9.05470869217727,-1.19690444158966,-1.16322541184698,0.906514890651018,0.741436900946685,2.40831735192271,0.0399850261056294,19065.0000000001,73.4083208336971,0.13049676488255,24816.0000000001,5.17757371805607,78.5858945516532,0.360118252763862,-1.89583820713445,0.0519142589422207,-0.833806460107777,-1.23401376496557,-0.231492653844757,-1.97451980389395,-0.0685173845433715,-1.69121027417966,-0.316968026452002,-0.742812823576672,0.385753947312059,4339.0000000001,66.9514550782414,0.385753947312059,4339.0000000001,66.9514550782414,14.9499403114592,7.47831081826856,1e-10,-0.274049883641426,-0.477082146055436,-1.386847961966,-0.442536443614185,-0.206115705486086,-0.892855882414001,-0.642157328871708,-0.655861193874932,-0.670337298852447,0.0933878668957038,0.777333080982341,-1.31765281595438,0.81599696549392,-0.0033393720155965,-0.447383040349966,-0.607932804700123,-0.549312154928195,-0.408624557263478,0.512857701813635,0.472139667296628,0.126941187246766,24816.0000000001,5.00698215681063,0.336392127116923,0.0237261255469392,0.306803672002826,0.306803672002826,0.174463965531858,1.82411019750298,850.293505963452,0.25,24,2,"SNETWORK (2 29 850.293505963452 0.174463965531858 6000147 24)",6
28,6000148,0.149152758287262,54,-0.0559209634722586,-0.39032832676705,-0.562675121066356,-0.564925299345405,-0.567713055283144,0.365166896577207,0.451303944178152,1.07142412388922,-0.834615935007216,-0.759953306017682,-1.43832355455045,0.665054208878749,-0.759953306017682,-0.759953306017682,-0.242301406597791,-1.06274207260398,-1.00232010701938,1.30406594931256,-1.7930580724607,0.269430051813471,-0.72998712998713,-1.34966688158177,0.0396070975918883,0.149152758287262,-0.5,-0.758209536249803,-0.0714915360190172,-0.0709884662898528,1.23542344133357,-0.068581542161658,0.172112699103298,2.48761155112451,-0.780075390330015,-0.463013764738592,0.234273973910094,0.0399850261056294,33905.0000000001,12.6993811665883,0.053277160709793,5271.0000000001,0.448981920329151,13.1483630868175,0.155235735426433,2.52447715917695,0.832175406132605,1.80833959660042,2.43857336806794,0.374578416576019,1.47141416245402,0.379805681519182,0.188081072780355,-0.101967720802994,0.354212942992999,0.0293103067848706,1236.0000000001,1.44910156260036,0.0293103067848706,1236.0000000001,1.44910156260036,0.484199172336808,0.214515019656861,1e-10,-1.2061741902985,-1.12975752776314,-0.0595226868512965,-0.677973633929949,0.38710457596419,-0.540818264859143,-0.32358597102825,-0.331945636842458,-0.320942234741691,1.1612776629924,0.255581515065183,1.34056165207193,2.37328407318614,0.289981886782379,0.524940281680693,0.422074927467882,0.48642880602336,0.485948250968554,0.962442891183271,1.39717847395958,0.618704154081335,33905.0000000001,0.192397207237316,0.14993484440371,0.00530089092272294,0.0171087720299322,0.0171087720299322,0.362061008533933,0.470532529987395,1903.5893882339,0.125,11,2,"SNETWORK (2 28 1903.5893882339 0.362061008533933 6000148 11)",6
41,6000149,-0.669720400409544,19,-0.351973654490753,-0.150431219958124,0,0,0,0.731049338841397,0.939116061975537,0.438807757448614,0.0597724271304803,0.460373891628546,-0.0527736111670043,0.00862798651264471,0.460373891628546,0.460373891628546,0.558572287007234,0.233156974299845,0.141298953730198,0.364668807126433,0.075034565845035,-0.730569948186529,0.438610038610039,0,-0.752534854245882,-0.669720400409544,0,-0.116636811011484,0.467656636292389,0.467983941488495,0.177949907210757,0.468866659588,-0.671981770302462,-0.121653180950793,0.0726101446120746,-0.537434337348626,0.275844704154695,0.0799701241440398,8563.0000000001,15.1058835941737,0.0911500585975576,755.0000000001,0.440108182213412,15.5459917762871,0.167946560860296,0.48055267192929,-0.109511873711361,0.414593547414379,-0.497895182484677,-0.819547248387438,-0.174240272636256,-0.810955272887637,0.0806436821387067,-0.953481108888482,-1.05215170326022,0.222337710511471,2005.0000000001,17.8314843751,0.222337710511471,2005.0000000001,17.8314843751,4.18077700473927,4.44662916649103,1e-10,0.755370636153492,0.878527727072855,0.164889898784801,1.37817534447797,-0.0111710590678413,-0.4356968232718,-1.4637901463605e-15,-1.49871635330658e-15,0,-0.67518820182947,0.41846715162073,0.186122654314582,-0.471152858950028,0.278543242562294,-0.00766073565512827,-0.0804873505540981,0.0514345896981103,-0.0381337481865907,1.25375111011697,1.14669460415071,1.29253460694552,8563.0000000001,1.3855702095647,0.16319198114823,0.00475457961206656,0.192637209458676,0.192637209458676,0.208309700567108,0.883432066068053,2114.21827662682,0.0625,111,2,"SNETWORK (2 41 2114.21827662682 0.208309700567108 6000149 111)",6
28,6000150,-0.2975859015076,45,-0.305920963472259,-0.59067341236485,-0.562675121066356,-0.564925299345405,-0.567713055283144,0.372867273755062,0.403147450747698,1.06233856071055,-0.52478647155748,0.364569503571018,-0.784643814011099,0.806926458381653,0.364569503571018,0.364569503571018,-0.0325443703377256,-0.845322480029181,-0.83575842757982,1.35584802674886,-1.54392989037211,0.269430051813471,-0.72998712998713,-1.34966688158177,0.0396070975918883,-0.2975859015076,-0.5,-0.228574994487038,-0.4338958776674,-0.428514191670935,0.190334381943724,-0.404210832859904,-0.299062665120457,-0.221780294052998,-0.508629340307109,0.322678101259252,0.219180904122635,0.0399850261056294,8176.0000000001,2.8650906165003,0.0841769663151117,22366.0000000001,3.01006833886435,5.87515895526465,0.0736353034787835,-0.125347400348555,-0.284773920707777,1.79028957248981,0.0177513067218581,-1.78178231614897,-0.0444500408520746,-2.03736024837897,-0.515573348832087,-1.41319688531553,-0.922502280941866,0.111077175110629,1470.0000000001,6.5313378907266,0.111077175110629,1470.0000000001,6.5313378907266,1.31653494040942,1.50493320886839,1e-10,0.401085272883605,0.492135789128612,0.0445692589250387,1.36858477963522,0.0856895835665926,-0.719688440301483,-0.323585971028251,-0.331945636842457,-0.32094223474169,0.992638489739828,-0.247094992812903,1.46456580823034,-0.351285543931022,0.249399278439407,-0.554731194747829,-0.650610220351099,0.307117844333538,-0.757297672085349,0.576278261278884,-0.353041011251035,1.51783853976455,22366.0000000001,0.555469356189992,0.0359091249030605,0.037726178475723,0.0818594102246133,0.0818594102246133,0.106721447484493,0.623204074098745,1700.87982485529,0.125,4,2,"SNETWORK (2 28 1700.87982485529 0.106721447484493 6000150 4)",6
37,6000151,0.764086415930732,41,0.694079036527741,0.60967167323295,0.623124281295046,0.615977027310147,0.618989232093641,-0.400268750668775,-0.391630166823763,-0.144875058458918,1.34223345231232,-0.569685697102615,0.255638877178404,-0.454454707069734,-0.569685697102615,-0.569685697102615,-0.661123991256289,-0.514476182451562,-0.492761177802436,-1.02962421983423,-0.408204354534679,0.55958549222798,-0.547600661886376,-0.0626324030579359,0.640729675900778,0.764086415930732,0.5,-0.296088559768717,1.44744265508592,1.46773540995831,0.608664582600266,1.57498501835827,0.753827998671254,0.782214330478697,1.28716926362806,-0.66416555590218,0.250778539464203,0.0799702643258065,1177.0000000001,1.88766052246787,0.494167415369499,3362.0000000001,10.6249984710929,12.5126589934607,0.11505511348807,-0.422096348224962,0.25474566327129,0.357095656128767,0.626320107246365,0.244618657640128,0.21515165563044,0.200516806861418,1.26631161990561,-0.220104729035013,-0.564357876507873,0.0757116808245575,565.0000000001,1.71108398447439,0.0757116808245575,565.0000000001,1.71108398447439,0.228876085141556,0.251033052414707,1e-10,0.440952235950266,0.58824882508149,-1.08701275532585,0.922559648310475,0.824536951262912,0.47456120923302,0.901838235898361,0.885093548528407,0.893059350014349,-0.195038033042552,-0.0619254858833967,0.636026045548986,-0.0821162693645646,-0.096068837375117,-0.0151836840436062,0.152340406952056,1.06860428135367,-0.308969016825465,-0.210437113068547,-0.291083493087311,0.803298185131715,3362.0000000001,0.848719938036385,0.0173572216388586,0.0976978917492118,0.0157335832410334,0.0157335832410334,0.960114296793588,2.52183646208141,5206.33840226531,0.0312499339939208,100,2,"SNETWORK (2 37 5206.33840226531 0.960114296793588 6000151 100)",6
41,6000152,-0.313683053607257,35,-0.351973654490753,-0.150431219958124,0,0,0,0.674472631187344,0.697486951712678,0.1572247214961,-0.226431325409578,0.701139226706174,-0.0242436816410815,0.0257291200613163,0.701139226706174,0.701139226706174,0.516863922783458,-0.557689278392751,-0.66012531946177,-0.0880692721851384,-0.749974112853823,-0.730569948186529,0.438610038610039,0,-0.752534854245882,-0.313683053607257,0,0.379166542215887,0.43218026100455,0.432266589200788,-0.33623893854063,0.432033214977964,-0.313856736252074,-0.372059068675693,-0.225144726016579,0.619973791943654,0.107963662478182,0.0799701241440398,2858.0000000001,1.97331025210576,0.134793465599562,4043.0000000001,3.48520332515523,5.45851357716099,0.0593148828580449,1.24505879448309,0.334500300210813,-0.843101048910851,0.239610285766444,1.08044594071606,-0.387063489313282,1.04571917865251,-0.441633197827594,0.920299052490543,0.710559685825494,0.0499776127951638,1313.0000000001,2.62482421885,0.0499776127951638,1313.0000000001,2.62482421885,0.749493321416861,0.0885789944950347,1e-10,-0.228284817553278,-0.163228988451388,-1.3204297230904,-0.123168505479182,-0.39255626838664,-0.335033423986381,0,0,0,0.0730556623138603,0.994189677696812,-0.36953570943802,0.0111599158157641,0.125573599183463,-0.427308136739573,-0.333269875752783,0.0541620082755343,-0.540002982082837,1.31086857636497,0.973343033053004,0.189936835176429,4043.0000000001,0.311869666508068,0.0214429559605476,0.0378719267974973,0.0285226259122839,0.0285226259122839,0.424229145561269,0.435176882177142,2481.25838618943,0.0625,121,2,"SNETWORK (2 41 2481.25838618943 0.424229145561269 6000152 121)",6
36,6000153,0.810268947661217,43,0.694079036527741,0.60967167323295,0.623124281295046,0.615977027310147,0.618989232093641,-0.176967551632281,-0.16870412072797,-0.00875807878846165,0.364378263233857,-0.359512235680072,0.397356687283122,-0.677398458062267,-0.359512235680072,-0.359512235680072,-0.786093677597022,0.0577657834337606,0.0453762277537912,-1.09407796697551,0.309131567522588,-0.124352331606218,0.460231660231661,1.53191489361702,0.247465145754119,0.810268947661217,0.5,-0.00466611258233926,0.417850546631057,0.41784945096111,0.0327257702374069,0.417215589506122,0.795313012308162,-0.704838537752713,1.24014028227761,0.175923130435894,0.0854838232573449,0.0799702643258065,1113.0000000001,0.608465786863668,0.131651114206141,4776.0000000001,4.02110967659891,4.62957546336258,0.0504260657266711,-1.16026850096855,0.943620789151671,0.104307100623312,0.433935474822298,0.328886623256247,-0.720541099174988,0.309882558003402,0.348883277467881,0.367104665585278,1.7387244221484,0.117330357009954,1198.0000000001,5.622470703223,0.117330357009954,1198.0000000001,5.622470703223,1.11145498736618,0.957408581069405,1e-10,-0.667338436615351,-0.732470137496256,0.216046060083179,-0.440572559914419,0.800381304874705,0.462441504867786,0.676414028971747,0.668054363157542,0.67905776525831,0.488268934566625,-0.686579817159862,-1.77746102707319,-1.395251033902,-0.238094902338232,-0.160468727710429,-0.091152125251095,-0.689923867920934,-0.0297770582129431,-0.890040742700094,-1.29008120869833,-0.368598578618536,4776.0000000001,0.133436772792009,0.00662750525148715,0.043798560375184,0.0612408370723291,0.0612408370723291,0.0452022735897162,0.367289121004029,5255.48239473565,0.0156249669969604,63,2,"SNETWORK (2 36 5255.48239473565 0.0452022735897162 6000153 63)",6
36,6000154,0.930391810753434,48,0.694079036527741,0.60967167323295,0.623124281295046,0.615977027310147,0.618989232093641,-0.150969699085968,-0.139778125405353,-0.029762096979517,0.295041724418495,-0.358809528240834,0.462618032029276,-0.636896215460419,-0.358809528240834,-0.358809528240834,-0.696133782155727,-0.0125287557443614,-0.0745298006374344,-1.22486188729645,0.263596636779023,-0.124352331606218,0.460231660231661,1.53191489361702,0.247465145754119,0.930391810753434,0.5,-0.060342499652801,-0.0213511204767204,-0.0212165251351362,0.0375449974173267,-0.0205658522837411,0.921233066869938,0.17345738127532,0.276725101899531,0.546156518803904,0.319081058864428,0.0799702643258065,2526.0000000001,5.15455802167249,0.0694751246625157,4153.0000000001,1.84522073901167,6.99977876058416,0.0819626440094142,-0.210139655246977,0.366954838614663,-0.36897541177159,0.265967719972112,0.656169052468882,0.181729264828164,0.674469320115257,0.583145125307863,0.578878126177284,0.644182800816522,0.052150838348414,1261.0000000001,2.63048828134907,0.052150838348414,1261.0000000001,2.63048828134907,0.436333668189202,0.149087070581413,1e-10,0.788140896988438,0.404470692522075,0.0379958049318769,0.404168862065112,0.831282147242411,0.477945485328783,0.676414028971749,0.668054363157542,0.67905776525831,0.0420214579366021,-1.02270594328355,-1.61385986408571,-1.17755894459326,-0.531864045321735,-0.643963571279797,-0.673710857614822,-1.07016740624794,-0.509307781813297,-0.275340559532808,-0.860227199534452,0.5180982249795,4153.0000000001,0.231186966740807,0.0603563652636557,0.0216062786457586,0.030801226964635,0.030801226964635,0.634414697491024,1.85210682062593,5368.30492561935,0.0156249669969604,67,2,"SNETWORK (2 36 5368.30492561935 0.634414697491024 6000154 67)",6
29,6000155,-0.834803620300734,25,-0.305920963472259,-0.59067341236485,-0.562675121066356,-0.564925299345405,-0.567713055283144,0.0683165354351213,0.0711641199187658,0.955115017011014,0.322337385160744,0.845011301637726,-1.19519454207917,0.815867951780354,0.845011301637726,0.845011301637726,0.0403838571662137,-0.152422043505877,-0.217549463575456,0.54149043158147,-0.449268345698222,0.763878608438194,-1.20507446221732,-1.78686561665285,0.401729132717726,-0.834803620300734,-0.5,-0.283695800945006,-0.188559315934143,-0.186908322881978,0.306286411444316,-0.179173688399706,-0.833658686145746,-0.40243108848516,0.313007385800623,0.719313228670585,6.83789793363812,0.0399850261056294,17905.0000000001,195.745463091859,4.19452294674691,1329.0000000001,8.91255701609077,204.65802010785,2.46336209870764,-0.365827537478497,-0.262750447012283,-0.795766535771742,0.199448703815773,1.04806260469968,-0.273484796920351,1.11709070684296,0.199085274845851,1.05809610465395,1.24832021914629,0.0385360910949622,794.0000000001,1.2239062501003,0.0385360910949622,794.0000000001,1.2239062501003,0.118947606852472,0.277642693243169,1e-10,-0.427477690612323,-0.663262421451001,0.0462233542906521,-0.449726706157228,-0.206115705486086,-0.892855882414001,-0.323585971028251,-0.331945636842455,-0.32094223474169,0.746938898681364,0.510938295723994,-1.67690982755053,-0.388735338437334,-0.153767256715778,0.134072395456076,0.299424817971231,-2.29457935959738,0.735069187733407,-1.4314516368403,-0.467361705536872,-0.138950886133685,17905.0000000001,0.493405740984407,2.35608628726483,0.107275811342806,0.0147315226977786,0.0147315226977786,0.61615186353227,0.78895787341753,1260.05393339265,0.25,40,2,"SNETWORK (2 29 1260.05393339265 0.61615186353227 6000155 40)",6
28,6000156,-0.000611198484336175,51,-0.305920963472259,-0.59067341236485,-0.562675121066356,-0.564925299345405,-0.567713055283144,0.398535008026131,0.426799744978563,1.09370045201088,-0.610258360216043,0.0131804757339476,-0.784930576767418,0.752300620820652,0.0131804757339476,0.0131804757339476,-0.13527986222977,-0.902749634888374,-0.876613854548142,1.42376953637953,-1.63478640480608,0.269430051813471,-0.72998712998713,-1.34966688158177,0.0396070975918883,-0.000611198484336175,-0.5,-0.497570621239527,2.50321706133935,2.57164020082998,1.20692550181148,2.9820303961986,0.00969436475169113,0.458078126282724,-0.587012023633933,0.607255813223461,0.117122949804983,0.0399850261056294,25507.0000000001,4.77635006410691,0.154909903724293,13178.0000000001,3.26379935754688,8.04014942155379,0.062159870209704,-1.20839956070951,-1.08779114560505,0.215657066082765,1.63476379195897,1.36769145502974,-0.238624238000194,0.960524369890526,-0.82915998572198,0.716379991203155,0.390261545717571,0.0864683252174544,1756.0000000001,6.07353515635149,0.0864683252174544,1756.0000000001,6.07353515635149,1.21323473928037,0.578065590790077,1e-10,-0.650422106205759,0.125819886745863,0.0221490323163556,0.493102457249605,-0.035154196922976,-0.791401356919686,-0.323585971028253,-0.331945636842457,-0.320942234741693,0.876962993016037,0.0656042239768724,0.662634301526523,-1.10107075897874,0.289981886782379,-0.158933990580758,-0.189759541639263,-0.182682752578681,-0.158523621666683,0.782900112653926,0.947236594780286,0.0759202417206294,25507.0000000001,0.99922420490993,0.0369268385466724,0.0252330315630316,0.0469556144581017,0.0469556144581017,0.275359535131981,1.87513744965465,1834.7586212922,0.125,8,2,"SNETWORK (2 28 1834.7586212922 0.275359535131981 6000156 8)",6
35,6000157,1.27343814054719,61,1.00986864890423,0.842832780011516,0.437324878933644,0.435074700654595,0.432286944716856,0.171479148959818,0.151967974635357,-0.0504322641102117,-0.614683887955319,-0.234843812743797,0.890806136067307,-0.237058808741778,-0.234843812743797,-0.234843812743797,-0.868955867418254,-0.154526091802317,-0.253074279988249,-1.45476327699066,0.161098502003066,-1.24352331606218,1.27773487773488,1.22931442080378,-1.22782002534854,1.27343814054719,0.5,-1.07994171936366,-0.461752195678134,-0.45583198888684,2.12339432888877,-0.429198459884439,1.2655884678848,1.74785575101383,-0.586543682621955,-1.54707431638591,0.07993406434961,0.0799702643258065,813.0000000001,0.415603793346458,0.0816807218895615,5046.0000000001,2.63586931844222,3.05147311168867,0.0384212216145407,-1.32910911503911,-0.732431565749029,1.24935438928806,0.639271300577381,-0.689924080147511,1.2543774255433,-0.807322464804487,0.424785269929662,-0.871916698946852,-0.505314133407682,0.0625779283376723,943.0000000001,2.36043945322416,0.0625779283376723,943.0000000001,2.36043945322416,0.375398911436289,0.120385494417674,1e-10,2.22364098051373,1.28195617590574,-0.143270541181901,2.26868749767155,0.861680833452351,0.493197388361808,0.598016787676988,0.586732774017087,0.579627963523127,-0.242475235257115,0.824163619816004,-0.326898834256552,-0.140947272612496,-1.49306023025825,-0.471799020155946,-0.536827473513965,-0.776914227780726,-0.379191532042535,0.300078212784007,-0.363349365826837,1.72183819139357,5046.0000000001,0.2622187743436,0.00523288419025006,0.0331883373242906,0.0297203887380573,0.0297203887380573,0.937709155530446,0.882384520893603,5671.12098199637,0.0156249669969604,62,2,"SNETWORK (2 35 5671.12098199637 0.937709155530446 6000157 62)",6
37,6000158,0.307132869753059,18,0.694079036527741,0.60967167323295,0.623124281295046,0.615977027310147,0.618989232093641,-0.645116334861,-0.602222718183422,-0.16253520017944,1.80964833736063,-0.395500999188054,0.0841477222996855,-0.448352094476852,-0.395500999188054,-0.395500999188054,-0.606950981188047,0.000335083411523359,0.145849826186128,-0.499770127107552,0.0566496708547321,0.435233160621762,-0.438266838266838,-0.0888315781932811,0.436734262779889,0.307132869753059,0.5,-0.814498175682713,0.568525287791896,0.569727727991434,1.52846444765067,0.574764170688079,0.30169732238185,-0.0734416547665359,1.7345638024261,-0.941203448097529,0.0978375851971736,0.0799702643258065,718.0000000001,0.449249115586694,0.113353188377159,6076.0000000001,4.4046212236515,4.8538703391382,0.0515738429958183,0.873650585195184,-0.57238764811583,0.141383847653102,0.897646138199542,0.704493270128868,-0.158408297183548,0.663550738624047,1.14315564633728,0.825283755374306,1.75119725710341,0.0481050553860383,992.0000000001,1.90880859384932,0.0481050553860383,992.0000000001,1.90880859384932,0.273491353646826,0.130258967981119,1e-10,0.190128497502936,0.162505715211953,0.35935840858123,0.35575833053919,0.793884294513914,0.459181735140859,0.676414028971749,0.668054363157545,0.67905776525831,-0.0483766187823994,0.236552014822031,0.533813394415428,0.243071960810403,0.152105797748368,0.0196124280305723,0.0909482230280797,0.15720087852034,-0.0327900206202433,-0.655875565127842,-0.471721357699619,0.0110274181967822,6076.0000000001,0.186190845716757,0.00477340795794458,0.0468004349378738,0.0202816696071289,0.0202816696071289,0.409740956189959,1.94178389757872,4647.64513256578,0.0312499339939208,82,2,"SNETWORK (2 37 4647.64513256578 0.409740956189959 6000158 82)",6
43,6000159,0.317792042087317,38,0.131579036527741,0.406563246402039,0.354270929498081,0.350983481983268,0.358474665810763,-0.634348249700963,-0.565131267294333,-0.134180689151167,-0.698929189102997,-0.163550034534983,0.397473005739309,-0.188982144868604,-0.163550034534983,-0.163550034534983,0.0432234945758045,3.20060382931413,3.29038845849642,-0.378839723156116,3.92054270782968,0,-0.0555984555984545,-0.180528691166989,-0.277249683143219,0.317792042087317,0.25,-0.679315830806488,0.12044176564522,0.119929951726435,1.09032602462178,0.117360199595261,0.311010327753117,-0.409543092041618,-0.665888193798882,-0.0844926470977916,0.100398713030114,0.0799701818409082,2056.0000000001,1.32010179542131,0.064590623123369,2677.0000000001,1.10579344424863,2.42589523956994,0.0277496768658009,-0.419463163876867,-0.100111601774772,0.212990442037274,0.52049424456134,0.298231488115936,-0.351689486538985,0.290986803007377,-1.0869617878073,0.469801208254144,0.218627081869223,0.0458890423389152,1793.0000000001,3.29116210947639,0.0458890423389152,1793.0000000001,3.29116210947639,0.585410408456835,0.330887067307116,1e-10,-1.04132793164385,-1.09739496496318,-0.171222483208145,-0.916891528689201,-0.0874716815239712,0.0646276650958085,0.676414028971747,0.668054363157542,0.67905776525831,-0.637814072041468,-0.175151855781607,0.0597446085402503,2.42889899720763,-0.0873020974886223,0.97804248980022,0.909774862294132,0.664798282044684,0.981150835591912,-0.00272410052323656,0.483265229416276,-0.474498163204932,2677.0000000001,1.0566330489751,0.015100568863033,0.0126491079027679,0.0376474149555616,0.0376474149555616,0.592320689464565,0.448552068360128,3661.5736968973,0.0312500660060792,172,2,"SNETWORK (2 43 3661.5736968973 0.592320689464565 6000159 172)",6
37,6000160,0.0708841169028906,8,0.694079036527741,0.60967167323295,0.649161038498292,0.645874990233288,0.652741863980251,-0.684933864270661,-0.631270797620621,-0.155094686458256,1.91348305878216,-0.340666662242892,0.0460663056103553,-0.443661477308831,-0.340666662242892,-0.340666662242892,-0.588021741784071,0.103947784446414,0.284621670650114,-0.389966070848655,0.149231084344446,0.0186528497409334,0,0.324951644100581,0.0801647655259819,0.0708841169028906,0.5,-0.432458207205013,-0.175222485044043,-0.173722702903009,0.5438538860644,-0.166680756707923,0.067139737026055,0.0913176813358905,1.83150096222075,-0.525076735254308,0.174587111554178,0.0799702643258065,1667.0000000001,1.86125055979642,0.612432581298121,315.0000000001,1.23374641206517,3.09499697176159,0.0371710643553922,0.302407195548669,1.42537172692156,0.408933157733215,0.0457993627701798,-0.314954588313055,0.156903961250199,-0.361377853323783,1.46905998140567,-0.319126547914905,-1.0278336694368,0.0827888040981618,68.0000000001,0.22518554697492,0.0827888040981618,68.0000000001,0.22518554697492,0.208030506040516,0.597019640122514,1e-10,-0.710291785030892,-1.23961600606636,0.202488843311646,-0.816829259206037,0.793884294513914,0.459181735140859,0.750193702091776,0.745406194568189,0.755611715391128,0.739078211590924,-1.48393077441801,0.925219195137162,2.6174558572934,-3.36812613719176,0.868212194660193,1.12110326643693,1.1590010864988,0.722762356254766,0.505404699033152,0.801303331073318,-0.474498163204932,1667.0000000001,1.61986035696579,0.0223537098043485,0.0148173544510438,0.00270448937718331,0.00270448937718331,0.175382142299617,0.228245134839611,4409.74354403373,0.0312499339939208,73,2,"SNETWORK (2 37 4409.74354403373 0.175382142299617 6000160 73)",6
28,6000161,-0.2975859015076,45,-0.305920963472259,-0.59067341236485,-0.562675121066356,-0.564925299345405,-0.567713055283144,0.372867273755062,0.403147450747698,1.06233856071055,-0.52478647155748,0.364569503571018,-0.784643814011099,0.806926458381653,0.364569503571018,0.364569503571018,-0.0325443703377256,-0.845322480029181,-0.83575842757982,1.35584802674886,-1.54392989037211,0.269430051813471,-0.72998712998713,-1.34966688158177,0.0396070975918883,-0.2975859015076,-0.5,-0.228574994487038,-0.4338958776674,-0.428514191670935,0.190334381943724,-0.404210832859904,-0.299062665120457,-0.221780294052998,-0.508629340307109,0.322678101259252,0.219180904122635,0.0399850261056294,8176.0000000001,2.8650906165003,0.0841769663151117,22366.0000000001,3.01006833886435,5.87515895526465,0.0736353034787835,-0.125347400348555,-0.284773920707777,1.79028957248981,0.0177513067218581,-1.78178231614897,-0.0444500408520746,-2.03736024837897,-0.515573348832087,-1.41319688531553,-0.922502280941866,0.111077175110629,1470.0000000001,6.5313378907266,0.111077175110629,1470.0000000001,6.5313378907266,1.31653494040942,1.50493320886839,1e-10,0.401085272883605,0.492135789128612,0.0445692589250387,1.36858477963522,0.0856895835665926,-0.719688440301483,-0.323585971028251,-0.331945636842457,-0.32094223474169,0.992638489739828,-0.247094992812903,1.46456580823034,-0.351285543931022,0.249399278439407,-0.554731194747829,-0.650610220351099,0.307117844333538,-0.757297672085349,0.576278261278884,-0.353041011251035,1.51783853976455,22366.0000000001,0.555469356189992,0.0359091249030605,0.037726178475723,0.0818594102246133,0.0818594102246133,0.106721447484493,0.623204074098745,1700.87982485529,0.125,4,2,"SNETWORK (2 28 1700.87982485529 0.106721447484493 6000161 4)",6
37,6000162,0.745877628848026,40,0.694079036527741,0.60967167323295,0.623124281295046,0.615977027310147,0.618989232093641,-0.405897711810025,-0.40054055838316,-0.13453274079975,1.41385307934795,-0.550427871549102,0.22136180155531,-0.41295446469962,-0.550427871549102,-0.550427871549102,-0.668299723893014,-0.495534132372296,-0.447374597853419,-0.864803164829544,-0.435723083026666,0.955958549222799,-0.986100386100386,-0.606060606060606,0.882446134347275,0.745877628848026,0.5,0.138970600223303,1.14243640102118,1.15383157668549,-0.0313131634691621,1.21154878943095,0.734533379666863,0.602000713208966,1.35705265771737,-1.57076299031585,0.326665776336161,0.0799702643258065,1212.0000000001,2.53199777038615,0.085886244977581,3877.0000000001,2.12949427990947,4.66149205019563,0.0450670606131133,0.380986634778687,0.279954971858761,0.682734390401939,-0.478392402813547,-1.06439680148907,0.182921177243563,-0.933268251252816,1.27362528673313,-0.620720751701278,-1.46174601942274,0.013557282295157,1306.0000000001,0.708232421974748,0.013557282295157,1306.0000000001,0.708232421974748,0.00258917086570044,0.487011501948041,1e-10,1.16952932247969,1.21905044840031,0.327942344035543,1.92948912412916,1.15011088775649,0.556665973567042,0.914571149463148,0.897352840576839,0.905147065520051,-0.248318976526521,-0.0987263976730766,0.657182449581365,0.181347871153098,-1.78598424324513,-0.435906167501335,-0.297231924199018,0.714875183926328,-0.720359404049456,-0.404294051330438,-0.178126325268704,0.834543318269151,3877.0000000001,0.301008533847091,0.0244792215681701,0.0205878389449432,0.00684715388784656,0.00684715388784656,0.937658143272669,0.772352431143607,5183.54278171124,0.0312499339939208,99,2,"SNETWORK (2 37 5183.54278171124 0.937658143272669 6000162 99)",6
36,6000163,0.951373129898651,49,0.805921214439234,0.59412806327244,0.623124281295046,0.615977027310147,0.618989232093641,-0.133094509273149,-0.122964806614797,-0.0209946570033943,0.255650275368896,-0.381588526599632,0.5700088641261,-0.573282478806218,-0.381588526599632,-0.381588526599632,-0.715206313296433,0.00930600354567978,-0.0541512727913371,-1.17219634210775,0.274046169452876,-0.124352331606218,0.460231660231661,1.53191489361702,0.247465145754119,0.951373129898651,0.5,0.704259218090851,-0.165572502263881,-0.164178842973661,-0.595877091027119,-0.157624448346495,0.941625477936479,-0.436859588905865,0.240464820596318,0.464965449889914,0.453736457233533,0.0799702643258065,2800.0000000001,8.12491392753109,0.120212999423397,2938.0000000001,2.25870902079678,10.3836229482279,0.124509616935862,-0.106790567809312,-0.28161740468958,-0.579392961342583,0.208338159988691,0.828342801055811,-0.312735842479059,0.875502418848128,0.101071995508729,0.764800542308883,0.861364664067549,0.0701160020250225,1112.0000000001,3.11875976572389,0.0701160020250225,1112.0000000001,3.11875976572389,0.546508944032291,0.324235363612845,1e-10,-0.332055564731735,0.165111316927551,-1.26272812354226,0.0137285582751885,0.861680833452351,0.493197388361808,0.67641402897175,0.668054363157543,0.679057765258309,-0.691537996709302,0.0493869422943452,-0.648163805128129,-0.410131428074495,-3.5718298237299,0.221565487252161,0.386664381584882,0.0999700860843757,0.223127068368608,0.0513947963866477,0.263905377482545,-0.474498163180626,2938.0000000001,1e-10,0.0974255252701755,0.0270840915656867,0.0373969264254675,0.0373969264254675,0.756118505658385,0.496098245104132,5391.60879888922,0.0156249669969604,68,2,"SNETWORK (2 36 5391.60879888922 0.756118505658385 6000163 68)",6
43,6000164,0.268497732399415,36,0.131579036527741,0.406563246402039,0.354270929498081,0.350983481983268,0.358474665810763,-0.58415790790553,-0.547453076895591,-0.104383921406074,-0.678721568723654,-0.202712874481023,0.320356051617712,-0.164029691122935,-0.202712874481023,-0.202712874481023,0.061463179661672,3.17072143748821,3.24897582959164,-0.30020524473975,3.85997124085925,0,-0.0555984555984545,-0.180528691166989,-0.277249683143219,0.268497732399415,0.25,-0.0424294798462943,-0.381973039087168,-0.377532164416919,-0.0315528274750243,-0.357331412872915,0.263956559247286,0.300956988873438,-0.660648432275611,-0.695284467543715,0.0547491681507831,0.0799701818409082,2694.0000000001,0.94325970358233,0.0969910439733316,2976.0000000001,1.84595337049512,2.78921307397745,0.0346600807571389,-0.112535599089217,-0.248451527211733,0.43365781547593,1.42627098110907,0.893774990760789,0.370410127652999,0.978571973569322,-0.425242127383849,0.927053371245541,0.927536888624815,0.0399993821758375,1612.0000000001,2.57916015635109,0.0399993821758375,1612.0000000001,2.57916015635109,0.424751811555897,0.182244525128692,1e-10,-1.16488494488305,-1.11262442901878,0.000241821737490338,-1.00430830312997,-0.0874716815239709,0.0646276650958085,0.676414028971749,0.668054363157543,0.67905776525831,-1.58948198104522,-0.396863980369809,0.0798359459727674,3.97819301532838,-1.44079081191894,1.26969557824042,1.16776541282342,0.718789659714856,1.31556099046241,0.157319596595504,0.585768818938752,0.0527369255373511,2976.0000000001,0.775795190169822,0.011721391136991,0.0229386895201479,0.0320498637700238,0.0320498637700238,0.56162199864155,0.153733679292671,3616.79447255228,0.0312500660060792,170,2,"SNETWORK (2 43 3616.79447255228 0.56162199864155 6000164 170)",6
29,6000165,-0.938940458290447,20,-0.305920963472259,-0.59067341236485,-0.695629464068801,-0.700108350003007,-0.706051805186474,-0.0298749673559876,-0.0247475648492157,0.911449367562419,0.371907875100682,0.863320328967361,-1.20278803893814,0.788954886365172,0.863320328967361,0.863320328967361,-0.0595706492967209,0.0558628049368279,0.0809685734368587,0.605094714214885,-0.214902459496864,0.763878608438194,-1.20507446221732,-1.78686561665285,0.401729132717726,-0.938940458290447,-0.5,0.674775016651943,2.10921401120411,2.15664718320536,-0.398524523476173,2.42844931510815,-0.941869522364298,-0.55040269981625,0.349292812929984,-0.336420935403208,0.720902773726284,0.0399850261056294,2483.0000000001,2.86185866262269,1.74280748309673,141.0000000001,0.392883051578203,3.2547417141009,0.0268444673162608,0.738492212792063,1.84400098433978,-0.0738361982235175,-0.939448102725573,-0.679625319019862,-0.904840566398515,-0.501725146912681,-0.425096363969798,-0.684507051914601,-1.05044521031757,6.29392264239911,140.0000000001,35.2459667969837,6.29392264239911,140.0000000001,35.2459667969837,7.79580367044691,7.05072623414625,1e-10,-0.565863772669276,-0.680739442742586,-1.52329471805302,-0.423137104628698,-0.206115705486086,-0.892855882414002,-0.440493611355984,-0.454054595318587,-0.452244846297332,0.850860561482238,0.435288033415331,-0.189623408784813,1.79987412685083,-7.49575082866445,1.22552279657014,2.02657565061291,1.63991429080893,1.02568146382185,-1.63597998328052,-1.57443304075065,-0.474498163204932,2483.0000000001,1.50814584959573,0.0236040453573274,0.00324042185893349,0.290701777076281,0.290701777076281,0.490191384270009,0.129559786990285,1143.19852473112,0.25,35,2,"SNETWORK (2 29 1143.19852473112 0.490191384270009 6000165 35)",6
29,6000166,-0.976907945512536,18,-0.305920963472259,-0.59067341236485,-0.695629464068801,-0.700108350003007,-0.706051805186474,-0.0443328600590266,-0.0427082516422202,0.900530554404578,0.379820182270904,0.871191779311588,-1.18685096202393,0.780125851937636,0.871191779311588,0.871191779311588,-0.0905715308935772,0.0905303652952137,0.142652286031732,0.657245159613026,-0.188656820817599,0.763878608438194,-1.20507446221732,-1.78686561665285,0.401729132717726,-0.976907945512536,-0.5,1.19060027068828,2.38384735689848,2.4455444902721,-0.668587543356029,2.81054736435006,-0.980729417210208,-1.06450775000375,0.355975316228409,0.816876517901407,1.19327821067534,0.0399850261056294,10937.0000000001,20.8657830800447,1.05846632820332,901.0000000001,1.52474284281407,22.3905259227587,0.1765305108826,-0.256215890678052,1.39398438651262,-0.8576768345848,-0.817276890716236,0.177692919463818,-1.47668234490342,0.132389419677723,-1.15923122186697,0.211587442370589,0.137184008023514,0.425888289690747,1405.0000000001,23.9349218751059,0.425888289690747,1405.0000000001,23.9349218751059,5.24354015676443,4.34225683646721,1e-10,-0.601243609871799,-1.04979037417503,-1.38877697433969,-0.674482285130367,-0.206115705486086,-0.892855882414001,-0.405788377193844,-0.417805535283672,-0.413266069040298,1.22608930564867,1.6502032879729,-0.708900200709357,1.96441973061418,-2.19163320430641,0.553927406861736,1.25275029261333,1.53944151228138,0.24948825286124,-1.60429821403116,-0.49519270545575,-0.474498163204932,10937.0000000001,0.454615981480915,0.1645091927588,0.0120213180238005,0.188706777086489,0.188706777086489,0.440464253476986,0.531818079762161,1097.06592643983,0.25,33,2,"SNETWORK (2 29 1097.06592643983 0.440464253476986 6000166 33)",6
41,6000167,-0.912072118710737,5,-0.351973654490753,-0.150431219958124,-0.192309249631537,-0.194095720002018,-0.196546296696359,0.605531461864491,0.839279205040928,0.517891556009096,0.247391252795597,0.249527649280528,-0.257143013837279,0.0108952252673796,0.249527649280528,0.249527649280528,0.576936720785754,0.770227271607464,0.660247146948348,0.310544816519879,0.74632241358222,-0.730569948186529,0.438610038610039,0,-0.752534854245882,-0.912072118710737,0,0.583905842719652,0.322112834076743,0.321674769547233,-0.490919500082629,0.319100538632839,-0.9176514408673,-0.960790245273431,0.229479237798577,0.651000898704464,0.0620472563451908,0.0799701241440398,2729.0000000001,1.0828833011337,0.0746402398937419,4847.0000000001,2.31367090393593,3.39655420496963,0.0375836360539894,0.0123360866687012,1.2971595424603,-0.914345188266736,-0.42944718624854,0.571253018600798,-1.0051906580642,0.555742284239024,-0.6407226634723,0.6426142848383,0.653937915640039,0.0182443918718681,1812.0000000001,1.322353515725,0.0182443918718681,1812.0000000001,1.322353515725,0.455599302235967,0.280281820594156,1e-10,-0.373372226684152,-0.811080918712055,-1.65871396485108,-0.87177542537508,-0.39255626838664,-0.335033423986382,-0.487990783359436,-0.503664629107673,-0.505590738712639,0.000789105813087645,-1.69436077047067,-0.0425997849114472,2.58072388624288,0.219098320984623,-0.117195630966844,-0.155282280458051,-1.16013053949958,0.142947904242563,-0.309315537487673,0.281408180457769,-0.474498163204932,4847.0000000001,1.08611326619775,0.0119823472000992,0.0256012887538901,0.0146321389667431,0.0146321389667431,0.0248269756070969,1.26993997009728,1802.31714389655,0.0625,103,2,"SNETWORK (2 41 1802.31714389655 0.0248269756070969 6000167 103)",6
43,6000168,-0.0991943970310119,22,0.131579036527741,0.406563246402039,0.125190979814175,0.126908484697204,0.131153005061719,-0.967066064543459,-0.76665713277516,-0.132319240647427,-0.216984966125742,-0.554146670883327,0.0928908238041831,-0.332228092796009,-0.554146670883327,-0.554146670883327,0.256859911588869,3.0952500173656,3.03740808251238,0.117361491609464,3.6397631472644,-1.08808290155441,1.58918918918919,3.01740812379109,-0.334283903675539,-0.0991943970310119,0.25,0.195471208195222,-0.68691824155157,-0.675770212493179,-0.299310796158195,-0.627068224214567,-0.106554389143566,-0.824437077340566,-0.20943487113157,0.714547186781552,0.871191988264161,0.0799701818409082,1048.0000000001,5.83890381969947,0.509776652464824,759.0000000001,2.47444544343421,8.31334926303368,0.108634810945476,0.0921961911143578,0.0324161250468473,-0.561369061299567,-0.996239624236996,-0.280983823942515,-0.629524279787554,-0.358132964279603,-0.667178270680181,-0.25423557588989,-0.313884366023292,0.030262134793287,216.0000000001,0.26146484385011,0.030262134793287,216.0000000001,0.26146484385011,0.0982210194289651,0.578107058544033,1e-10,-0.436941621393051,-0.135371037511014,-1.29329812043025,-0.44274933073611,-0.0874716815239709,0.0646276650958085,0.629855285280611,0.622071029675713,0.63231710614122,-0.905273264059506,-0.858355477474969,0.594898442444675,0.135680268957484,0.223333654485989,0.998614637080634,0.978566210210554,1.1945079762709,0.869356113231289,-0.22617875107519,0.046439725321351,-0.474498163204932,1048.0000000001,1.39022498070512,0.0762999594898859,0.0323348513555896,0.00341669559947149,0.00341669559947149,0.344679818222653,0.247996450652853,3300.34766956378,0.0312500660060792,160,2,"SNETWORK (2 43 3300.34766956378 0.344679818222653 6000168 160)",6
37,6000169,0.353650826778083,20,0.694079036527741,0.60967167323295,0.623124281295046,0.615977027310147,0.618989232093641,-0.640914575035111,-0.59159012735141,-0.165684060744019,1.7888225168758,-0.408094853039376,0.0861490347379303,-0.455184685632916,-0.408094853039376,-0.408094853039376,-0.616396864509009,-0.0254302917946354,0.114718139091705,-0.520588823395134,0.0316304145006321,0.435233160621762,-0.438266838266838,-0.0888315781932811,0.436734262779889,0.353650826778083,0.5,-0.518340833416699,0.0467348243371776,0.0464863779908911,0.740196587381037,0.0452658499792245,0.346315018685502,-0.084954341768002,1.71224688172111,-0.429508261165194,0.0637836355846125,0.0799702643258065,197.0000000001,0.0803586362392604,0.0820286243154831,6509.0000000001,3.41457582386462,3.49493446000388,0.0404667722469326,-0.236855307588184,-0.670445228815889,0.153922874991709,0.190058487560587,0.057748073877805,-0.0420802818536353,0.0427647952795168,1.24011593414615,-0.030845659448261,-0.323803131929324,0.0224061262514567,1167.0000000001,1.04591796884963,0.0224061262514567,1167.0000000001,1.04591796884963,0.393223424052491,0.347247394290508,1e-10,0.0851528119062397,-0.161609330201416,0.35779846567011,0.181153635313716,0.793884294513913,0.459181735140857,0.676414028971747,0.668054363157543,0.67905776525831,0.700146844428017,-0.478285909040685,-1.12314157455188,-0.119175291513821,-1.01609586554114,0.0857529874145749,0.115139254496807,-0.65744608612564,0.255914374675575,-0.590377819256011,-0.0174810216961837,-0.17992978749368,6509.0000000001,0.0853374710076804,0.000930447954315902,0.0395363241926167,0.0121103627582584,0.0121103627582584,0.456000592393776,1.51235619577346,4694.60407025247,0.0312499339939208,84,2,"SNETWORK (2 37 4694.60407025247 0.456000592393776 6000169 84)",6
37,6000170,0.374632145923299,21,0.694079036527741,0.60967167323295,0.623124281295046,0.615977027310147,0.618989232093641,-0.637493900192561,-0.587573816047659,-0.166399539737907,1.77639309676549,-0.419947976506151,0.096910114936737,-0.448006743843802,-0.419947976506151,-0.419947976506151,-0.617305056582775,-0.0383047190020081,0.100574494349209,-0.51588895553574,0.0144955594351472,0.435233160621762,-0.438266838266838,-0.0888315781932811,0.436734262779889,0.374632145923299,0.5,-0.446998287938946,-0.047430644259358,-0.0471135692703186,0.592238829658462,-0.0455891758058095,0.366389429327108,0.169250254861504,1.70447053498531,-0.953818113428364,0.102110447501837,0.0799702643258065,281.0000000001,0.183498940537338,0.142747411443113,4897.0000000001,4.47049287652216,4.6539918169595,0.0547297716830223,0.399280938669608,-0.305858061033394,0.665198183379599,-0.0437050457811816,-0.671956198030511,0.185141060072785,-0.731243849575338,1.4387036386582,-0.512032019585365,-1.45671316796196,0.0778811019185204,1007.0000000001,3.13705078134889,0.0778811019185204,1007.0000000001,3.13705078134889,0.550636192410341,0.310798589569706,1e-10,0.316094827834991,0.155952994349679,0.356866859136366,0.299737084404422,0.793884294513913,0.459181735140859,0.676414028971749,0.668054363157543,0.67905776525831,-0.339726463057502,-0.101105187690674,-0.618972514532706,-0.617830673412905,-0.300124324410563,0.0490459526738994,-0.0103062872043322,-0.495288899425684,0.170332221329706,-0.191361254099447,-0.370040017820984,0.369729486246513,4897.0000000001,0.162916990014663,0.0021579013223618,0.0525718702606605,0.0368909270704195,0.0368909270704195,0.478949309120254,1.21227994686831,4717.89970003218,0.0312499339939208,85,2,"SNETWORK (2 37 4717.89970003218 0.478949309120254 6000170 85)",6
28,6000171,-0.207882021074828,47,-0.305920963472259,-0.59067341236485,-0.562675121066356,-0.564925299345405,-0.567713055283144,0.366889284819733,0.392820534136851,1.0739274454763,-0.55345918121195,0.25256123731413,-0.79756885503218,0.789867833950498,0.25256123731413,0.25256123731413,-0.0633582058096771,-0.85774412158521,-0.841895106441273,1.32674069345789,-1.55013359278482,0.269430051813471,-0.72998712998713,-1.34966688158177,0.0396070975918883,-0.207882021074828,-0.5,-0.565642123029382,2.04119307498918,2.08535897032746,1.25399230888622,2.33642313462732,-0.1929786757337,2.21016063331495,-0.534762140129831,-0.00404764536930212,0.128356038545559,0.0399850261056294,26251.0000000001,5.38712338076609,0.0507074973236022,19437.0000000001,1.57578214729535,6.96290552796144,0.0580737820436162,-0.538449185104889,0.820584222103815,2.33399495707038,2.05425944759811,-0.478152359923492,0.756612452272534,-0.356468533275336,0.123558889978925,0.377577474856207,0.192435367716132,0.0779202998830928,1628.0000000001,5.07416992197625,0.0779202998830928,1628.0000000001,5.07416992197625,0.987734492207244,0.454990375719915,1e-10,-0.484967302719718,0.110063595057887,-0.124768799476973,0.740312305407865,0.0734125693776866,-0.726974048971476,-0.323585971028251,-0.331945636842457,-0.32094223474169,1.27747461159057,-0.471244714824195,1.63697925354364,0.848279103243868,0.289981886782379,-0.396041929518517,-0.44369727517592,0.162097311026891,-0.530449095544028,0.577043580839507,0.290009508064456,-0.251204543713198,26251.0000000001,0.800620636252056,0.044931045992268,0.0131427359513482,0.0423208725737807,0.0423208725737807,0.164599870341686,0.440287738107145,1746.82848153115,0.125,5,2,"SNETWORK (2 28 1746.82848153115 0.164599870341686 6000171 5)",6
35,6000172,1.27343814054719,61,1.00986864890423,0.842832780011516,0.437324878933644,0.435074700654595,0.432286944716856,0.171479148959818,0.151967974635357,-0.0504322641102117,-0.614683887955319,-0.234843812743797,0.890806136067307,-0.237058808741778,-0.234843812743797,-0.234843812743797,-0.868955867418254,-0.154526091802317,-0.253074279988249,-1.45476327699066,0.161098502003066,-1.24352331606218,1.27773487773488,1.22931442080378,-1.22782002534854,1.27343814054719,0.5,-1.07994171936366,-0.461752195678134,-0.45583198888684,2.12339432888877,-0.429198459884439,1.2655884678848,1.74785575101383,-0.586543682621955,-1.54707431638591,0.07993406434961,0.0799702643258065,813.0000000001,0.415603793346458,0.0816807218895615,5046.0000000001,2.63586931844222,3.05147311168867,0.0384212216145407,-1.32910911503911,-0.732431565749029,1.24935438928806,0.639271300577381,-0.689924080147511,1.2543774255433,-0.807322464804487,0.424785269929662,-0.871916698946852,-0.505314133407682,0.0625779283376723,943.0000000001,2.36043945322416,0.0625779283376723,943.0000000001,2.36043945322416,0.375398911436289,0.120385494417674,1e-10,2.22364098051373,1.28195617590574,-0.143270541181901,2.26868749767155,0.861680833452351,0.493197388361808,0.598016787676988,0.586732774017087,0.579627963523127,-0.242475235257115,0.824163619816004,-0.326898834256552,-0.140947272612496,-1.49306023025825,-0.471799020155946,-0.536827473513965,-0.776914227780726,-0.379191532042535,0.300078212784007,-0.363349365826837,1.72183819139357,5046.0000000001,0.2622187743436,0.00523288419025006,0.0331883373242906,0.0297203887380573,0.0297203887380573,0.937709155530446,0.882384520893603,5671.12098199637,0.0156249669969604,62,2,"SNETWORK (2 35 5671.12098199637 0.937709155530446 6000172 62)",6
29,6000173,-0.658396288358295,32,-0.305920963472259,-0.59067341236485,-0.562675121066356,-0.564925299345405,-0.567713055283144,0.113667515818873,0.140661525071422,0.96456753788373,-0.00632264975611352,1.07630309700204,-1.32724746635612,1.01859540161603,1.07630309700204,1.07630309700204,0.132962369265427,-0.427568496670321,-0.46371021802518,1.13115885463849,-0.965713012744033,0.756476683937826,-1.05945945945946,-1.47001934235976,0.356463878326996,-0.658396288358295,-0.5,0.259873910098681,0.0229338895632652,0.0228040331736573,-0.279992020335714,0.0221698951589537,-0.663405850157339,-0.776071862004184,0.177031330913571,0.858845488784845,0.0966946908790782,0.0399850261056294,9137.0000000001,1.41254086044522,0.055195178974734,3613.0000000001,0.318833445519413,1.73137430586463,0.0201258199204003,-0.754778703616839,-0.595196025648515,-0.631800794663943,0.755692083011299,1.41066188943222,-0.719715367667238,1.46083457632203,-0.365800062903519,1.33574117068636,1.61316904505818,0.0868421622846801,1219.0000000001,4.23442382822604,0.0868421622846801,1219.0000000001,4.23442382822604,1.11268897513601,0.638242305301414,1e-10,0.0986538426692101,0.0398474601599599,-0.0047078853235733,-0.149327010585812,-0.206115705486087,-0.892855882414001,-0.323585971028251,-0.331945636842457,-0.32094223474169,-0.452899362886675,0.702271869144167,-0.11669923376023,-0.0975641958102142,-0.3320258276191,-0.20496948209347,-0.247696453455194,-1.26376628625983,0.0648024728053782,1.34667327729243,1.36092648364633,0.110494459839343,9137.0000000001,0.166020170774942,0.0164196400221534,0.00370617979824685,0.049221737162397,0.049221737162397,0.784082412221608,2.74883208882937,1415.84559922928,0.25,46,2,"SNETWORK (2 29 1415.84559922928 0.784082412221608 6000173 46)",6
41,6000174,-0.0951992459626681,44,-0.351973654490753,-0.150431219958124,0,0,0,0.590712469454192,0.538518842049804,-0.0303713990853309,-0.427787931196618,0.744895023550688,-0.0816347075064192,0.159018427616316,0.744895023550688,0.744895023550688,0.496388233456839,-0.225915591301952,-0.32102225628154,-0.00797756563534099,-0.370145372882742,-0.730569948186529,0.438610038610039,0,-0.752534854245882,-0.0951992459626681,0,-0.427108010368779,0.124867607170892,0.124344959496272,0.589142383986419,0.121716817279186,-0.0894248855406481,1.1302587843812,-0.416457314567213,-0.477062280184644,0.165476561749033,0.0799701241440398,6963.0000000001,7.36865838480908,0.0904094626686137,583.0000000001,0.337083878154667,7.70574226286375,0.0880813019561198,1.59505599587866,-1.90976954648284,0.204648462764359,0.47605067413008,0.266223202021301,0.766141309261154,0.257823503427061,0.316448367769597,-0.080205423864145,-0.0866023686291497,0.0736094441076285,934.0000000001,2.750048828225,0.0736094441076285,934.0000000001,2.750048828225,0.777749437781917,0.165909534721316,1e-10,0.606722784729216,0.374165863030869,-0.0909551900784982,0.524934404155557,-0.100644373621669,0.0473714039363848,0,-1.49871635330658e-15,0,-0.365929575416155,-0.799063736988007,0.593716444327399,0.297937102769673,-0.0502032179566475,-0.415452748409869,-0.437624516492133,0.518221353083873,-0.645307688617542,0.394075295498865,-0.102074325105164,0.170749153793347,6963.0000000001,0.276183087764857,0.0842282289396743,0.00385307291644552,0.0314347239615913,0.0314347239615913,0.53815510763752,0.630928050726652,2674.92041419078,0.0625,129,2,"SNETWORK (2 41 2674.92041419078 0.53815510763752 6000174 129)",6
37,6000175,0.196224528032124,13,0.694079036527741,0.60967167323295,0.623124281295046,0.615977027310147,0.618989232093641,-0.659953190663316,-0.616067365522874,-0.162968746569754,1.86470739754928,-0.368189829735806,0.0554105496028364,-0.443775541945226,-0.368189829735806,-0.368189829735806,-0.595033970597872,0.0438947855353179,0.199212962012006,-0.458811641191929,0.0971691546621811,0.0186528497409334,0,0.324951644100581,0.0801647655259819,0.196224528032124,0.5,-0.313354544960337,-0.213157562953508,-0.211213828225084,0.346248995277672,-0.202144398507028,0.196438403525884,0.45235632479935,1.78705257127859,0.140452327695763,0.0821126656013446,0.0799702643258065,747.0000000001,0.392272455531621,0.211906128652639,540.0000000001,0.731803258501218,1.12407571393284,0.0135848857426673,-0.101289502805413,0.49499027874265,0.222964716066338,0.742864076066852,0.481393387074795,0.434603674894559,0.503851392742473,1.68808484451531,0.0596494344661348,-0.111779711350329,0.00786351455895522,268.0000000001,0.0842968750999701,0.00786351455895522,268.0000000001,0.0842968750999701,0.176239896136553,0.641784053599381,1e-10,-0.173814838274399,-0.374457021870333,0.363397121603785,-0.534524968998313,0.793884294513914,0.459181735140856,0.676414028971746,0.668054363157542,0.67905776525831,0.0196633174663734,-0.722088134654453,0.97485055519685,1.2634393238536,0.141563089901022,0.17516157263291,0.266238886535808,0.641666421419734,0.0282590787213133,-0.554115272234366,-0.176947638807316,-0.287218620473637,747.0000000001,1.30954228093786,0.00474076290611804,0.00884412273654927,0.00101876002907675,0.00101876002907675,0.297968283421501,1.01100141118654,4534.18280544148,0.0312499339939208,77,2,"SNETWORK (2 37 4534.18280544148 0.297968283421501 6000175 77)",6
37,6000176,0.555370720340103,30,0.694079036527741,0.60967167323295,0.623124281295046,0.615977027310147,0.618989232093641,-0.55135941221101,-0.52183770342855,-0.146756245126931,1.59993458199942,-0.515391114288435,0.101474409661916,-0.400310812402013,-0.515391114288435,-0.515391114288435,-0.632737374824582,-0.204353743376533,-0.0951441507477795,-0.563738745389801,-0.17321932942527,0.955958549222799,-0.986100386100386,-0.606060606060606,0.882446134347275,0.555370720340103,0.5,0.798084858545333,1.31821257363206,1.33444875452391,-0.542469671799613,1.41879143418299,0.543821191861613,-0.0597894930335066,1.54969168859723,-0.116388490740083,0.102999330660905,0.0799702643258065,461.0000000001,0.303663357437585,0.199736807553827,3947.0000000001,5.04176143811105,5.34542479544863,0.0502070316511722,-0.529637602880686,0.819371628551506,0.439964217903998,-0.413368988124016,-0.769411253975066,-0.322940051942189,-0.655232973488742,0.904174877205051,-0.578258361462071,-1.52903860817701,0.131596246682625,823.0000000001,4.33214843759846,0.131596246682625,823.0000000001,4.33214843759846,0.820302183872681,0.411677604402763,1e-10,-0.507088097521572,-0.849529420560338,-1.62547484236466,-0.642873869702437,0.793884294513914,0.459181735140858,0.676414028971749,0.668054363157543,0.679057765258309,0.493107561268691,-1.92979310197243,0.741684176467047,0.747534914637487,-0.816226383390011,0.899086022388782,1.02250532385606,1.22888000836142,0.741644949767584,-1.48726949506487,-0.671054351690741,-0.474498163204932,3947.0000000001,0.448409619960357,0.00285216542117466,0.0473548661299975,0.040689808876389,0.040689808876389,0.7012966736135,0.685160662047565,4943.6082634985,0.0312499339939208,92,2,"SNETWORK (2 37 4943.6082634985 0.7012966736135 6000176 92)",6
43,6000177,0.0721065138715629,28,0.131579036527741,0.406563246402039,0.354270929498081,0.350983481983268,0.358474665810763,-0.803021034150264,-0.644264365937079,-0.143952048991453,-0.355654772856436,-0.366245641074604,0.353643158628731,-0.378587403779176,-0.366245641074604,-0.366245641074604,0.240656281231066,2.78334753443363,2.72145247759162,-0.362573407249818,3.40692320573437,-1.08808290155441,1.58918918918919,3.01740812379109,-0.334283903675539,0.0721065138715629,0.25,0.58455328402025,-0.0260142697852331,-0.025848504072241,-0.518715728240257,-0.0250479547400922,0.0725976693770712,-0.193547292472663,-0.312906802496038,0.675123713776117,0.425288451613596,0.0799701818409082,1082.0000000001,2.94284248102745,0.357216129861664,1458.0000000001,3.33077081656692,6.27361329749437,0.0735162086931906,-0.0739370986529167,0.429895016915009,-0.589839831569341,0.123036633479314,0.748717893023892,-0.117992443392746,0.772739640177045,-0.297265633505495,0.698971845931353,0.507925469932059,0.00519717066139381,226.0000000001,0.0469824219750199,0.00519717066139381,226.0000000001,0.0469824219750199,0.167820133161373,0.654217200702051,1e-10,-1.12897899195292,-0.195171433765389,-1.3525640774502,-0.688655245272575,-0.0874716815239709,0.0646276650958095,0.676414028971752,0.668054363157545,0.679057765258312,-1.67113763541577,0.087810030477729,-0.737456575295774,-0.221994300921106,-0.24548006793516,0.408881344510427,0.222947782054359,-0.573494687961754,0.620201451689716,-0.458423400649819,-0.690241938170765,-0.474498163204932,1458.0000000001,1.37470907690372,0.0344851700972103,0.0390310384959803,0.000550555057037351,0.000550555057037351,0.437298419157378,1.06446179771801,3435.44753860017,0.0312500660060792,164,2,"SNETWORK (2 43 3435.44753860017 0.437298419157378 6000177 164)",6
29,6000178,-1.11468102824997,11,-0.305920963472259,-0.59067341236485,-0.695629464068801,-0.700108350003007,-0.706051805186474,-0.154711515827516,-0.170644604350032,0.851516789454063,0.663070312084749,0.770045227936381,-1.285848355316,0.833426745605445,0.770045227936381,0.770045227936381,-0.126064385214537,0.592387793170021,0.628653939490526,1.02848341424183,0.309107262102475,0.202072538860104,-0.56138996138996,-1.05738233397807,-0.0396070975918889,-1.11468102824997,-0.5,0.88753388273363,-0.231727948278613,-0.229551286859728,-0.685955009422835,-0.21942521635162,-1.11376897113049,-0.0261495244804375,0.633902702940569,0.184086706587474,1.94529156599296,0.0399850261056294,898.0000000001,2.79290270174818,1.71571145416583,328.0000000001,0.899731364126691,3.69263406577487,0.0447637194514397,-0.0997840902328654,-0.30303328049216,-0.21650314455336,-0.65275790943797,-0.327769891236149,0.0758145255291723,-0.379296075278735,0.758929474639849,-0.225841793944847,-0.514989402887795,8.725830078225,34.0000000001,11.8671289063529,8.725830078225,34.0000000001,11.8671289063529,2.5205213819695,3.15131449674622,1e-10,-0.551574189239774,-0.654898040515397,-1.41431545112308,-0.782171235756521,-0.206115705486087,-0.892855882414001,-0.487990783359437,-0.503664629107672,-0.505590738712639,0.172627961933941,-1.11705270632828,1.03093495988093,-0.760340721768966,-0.232623965139683,0.869829246948541,0.866173001688318,0.380092389239432,0.925209043922063,-0.376949465886637,-0.0380045300350139,-0.474498163204932,898.0000000001,1.67261442989054,0.0338567836641587,0.010906935687281,0.14385850815948,0.14385850815948,0.271719491362693,1.81647579319015,940.518902707869,0.25,27,2,"SNETWORK (2 29 940.518902707869 0.271719491362693 6000178 27)",6
29,6000179,-1.13510942282399,10,-0.305920963472259,-0.59067341236485,-0.695629464068801,-0.700108350003007,-0.706051805186474,-0.157953671593464,-0.172727174771367,0.850420606601797,0.670086392647017,0.761551611632813,-1.29338335937111,0.833987436654693,0.761551611632813,0.761551611632813,-0.126960736404389,0.615597746293914,0.647507705198363,1.0382958838169,0.334385320462442,0.202072538860104,-0.56138996138996,-1.05738233397807,-0.0396070975918889,-1.13510942282399,-0.5,0.95622102629051,-0.37703431904547,-0.372678674613064,-0.721226492188469,-0.352851722765811,-1.13513443568413,-0.709396486285564,0.634902249529891,0.789394172366379,2.09506783312519,0.0399850261056294,7978.0000000001,26.7231030550023,0.761850171762634,1214.0000000001,1.47871004176548,28.2018130966677,0.350163785577043,-0.233742114042208,0.0491609458976337,-0.0146508759586934,-0.828544883071259,-0.690755704661231,-0.55718985155329,-0.796270642274137,0.159508337221932,-0.580912158214957,-1.07171929665635,0.599761053956383,705.0000000001,16.9132617188542,0.599761053956383,705.0000000001,16.9132617188542,3.65914833920421,4.90772592465376,1e-10,-0.321841100018358,0.0100803197403274,-1.47803013580164,-0.498121271149005,-0.206115705486086,-0.892855882414001,-0.487990783359437,-0.503664629107672,-0.505590738712639,-1.77905586437152,-0.823944613535394,0.394332885479066,0.223667369885719,-0.440180433666469,0.658120803162294,0.291605545932186,0.198823658713404,0.719038233500728,-0.185768287166977,-0.0261651550531825,-0.474498163204932,7978.0000000001,0.631497284816835,0.331803593384446,0.018360192092597,0.210001099146483,0.210001099146483,0.246878109418192,0.546683900657275,917.473183480349,0.25,26,2,"SNETWORK (2 29 917.473183480349 0.246878109418192 6000179 26)",6
36,6000180,0.930391810753434,48,0.694079036527741,0.60967167323295,0.623124281295046,0.615977027310147,0.618989232093641,-0.150969699085968,-0.139778125405353,-0.029762096979517,0.295041724418495,-0.358809528240834,0.462618032029276,-0.636896215460419,-0.358809528240834,-0.358809528240834,-0.696133782155727,-0.0125287557443614,-0.0745298006374344,-1.22486188729645,0.263596636779023,-0.124352331606218,0.460231660231661,1.53191489361702,0.247465145754119,0.930391810753434,0.5,-0.060342499652801,-0.0213511204767204,-0.0212165251351362,0.0375449974173267,-0.0205658522837411,0.921233066869938,0.17345738127532,0.276725101899531,0.546156518803904,0.319081058864428,0.0799702643258065,2526.0000000001,5.15455802167249,0.0694751246625157,4153.0000000001,1.84522073901167,6.99977876058416,0.0819626440094142,-0.210139655246977,0.366954838614663,-0.36897541177159,0.265967719972112,0.656169052468882,0.181729264828164,0.674469320115257,0.583145125307863,0.578878126177284,0.644182800816522,0.052150838348414,1261.0000000001,2.63048828134907,0.052150838348414,1261.0000000001,2.63048828134907,0.436333668189202,0.149087070581413,1e-10,0.788140896988438,0.404470692522075,0.0379958049318769,0.404168862065112,0.831282147242411,0.477945485328783,0.676414028971749,0.668054363157542,0.67905776525831,0.0420214579366021,-1.02270594328355,-1.61385986408571,-1.17755894459326,-0.531864045321735,-0.643963571279797,-0.673710857614822,-1.07016740624794,-0.509307781813297,-0.275340559532808,-0.860227199534452,0.5180982249795,4153.0000000001,0.231186966740807,0.0603563652636557,0.0216062786457586,0.030801226964635,0.030801226964635,0.634414697491024,1.85210682062593,5368.30492561935,0.0156249669969604,67,2,"SNETWORK (2 36 5368.30492561935 0.634414697491024 6000180 67)",6
