"rid","pid","elevation.min","WS_ID","ws_mi60_mean","ws_accum_precip_mean","ws_10.min.storm.accum_mean","ws_30.min.storm.accum_mean","ws_60.min.storm.accum_mean","ws_sbs_mean","ws_dnbr.BAER_mean","ws_dnbr.extended_mean","ws_flow.accum_max","ws_slope_mean","ws_aspect.northness_mean","ws_aspect.eastness_mean","ws_slope.northness_mean","ws_slope.eastness_mean","ws_bare.earth_mean","ws_ndvi.max_mean","ws_ndvi.mean_mean","ws_ndvi.min_mean","ws_ndvi.range_mean","ws_RV.Sand","ws_RV.Silt","ws_RV.Clay","ws_Kw","ch_elevation.min","ch_watershed","ch_valley_width","ch_area","ch_channel_width","ch_channel.width.over.valley.width","ch_ch_area","ch_elevation.mean","ch_slope.median","ch_flow.accumulation.max","ch_curvature.median","ch_sfm.erosion.mean","ch_sfm.resolution","ch_sfm.erosion.count","ch_sfm.erosion.sum","ch_sfm.deposition.mean","ch_sfm.deposition.count","ch_sfm.deposition.sum","ch_sfm.net.change","ch_sfm.net.change.norm","ch_distance.upstream","ch_distance.downstream","ch_slope.upstream","ch_slope.downstream","ch_central.slope.difference","ch_slope.over.width","ch_change.in.slope.over.width","ch_stream.power","ch_slope.over.width.central.diff","ch_stream.power.central.diff","ch_lidar.erosion.mean","ch_lidar.erosion.count","ch_lidar.erosion.sum","ch_lidar.deposition.mean","ch_lidar.deposition.count","ch_lidar.deposition.sum","ch_lidar.net.change","ch_lidar.net.change.norm","ch_lidar.resolution","hs_area","hs_hillslope.length","hs_flow.accumulation.max","hs_elevation.range","hs_mi60.mean","hs_accum.precip.mean","hs_storm.accum.10.min","hs_storm.accum.30.min","hs_storm.accum.60.min","hs_slope.median","hs_northness.median","hs_eastness.median","hs_curvature.median","hs_bare.earth.mean","hs_ndvi.max","hs_ndvi.mean","hs_ndvi.min","hs_ndvi.range","hs_dnbr.BAER.median","hs_extended.dnbr.median","hs_drainage_density","ch_sfm.net.change.count","ch_lidar.net.change.count","ch_sfm.erosion.norm","ch_sfm.deposition.norm","ch_lidar.erosion.norm","ch_lidar.deposition.norm","ratio","snapdist","upDist","afv_flow_accum","locID","netID","netgeom","bootstrap_rep"
36,87000001,0.905968265111069,47,0.694079036527741,0.60967167323295,0.623124281295046,0.615977027310147,0.618989232093641,-0.158756375292642,-0.146048443969772,-0.0257769081978501,0.300621879868019,-0.357913720905001,0.448649061808085,-0.644443636270269,-0.357913720905001,-0.357913720905001,-0.695029621098429,-0.000335083411523359,-0.0561003617543286,-1.20686524037246,0.272933859822192,-0.124352331606218,0.460231660231661,1.53191489361702,0.247465145754119,0.905968265111069,0.5,0.450776771967135,0.127540305030281,0.127011387496949,-0.418463613360169,0.124349233190392,0.895569114336287,0.232543099726076,0.293987711549085,0.0372637374656998,0.161195236181623,0.0799702643258065,1809.0000000001,1.86486686053552,0.105219485858617,4932.0000000001,3.3187634978932,5.18363035832872,0.0592259531075617,0.5046524825779,1.30304564569384,0.157552413790003,0.120856086019718,-0.00462279695163364,0.188346117595297,-0.021314965299852,0.603230829923869,-0.427673523515352,-0.647897809486464,0.0935343425479167,1260.0000000001,4.71413085947333,0.0935343425479167,1260.0000000001,4.71413085947333,0.906494026001572,0.761454879025782,1e-10,-0.44817359644854,-0.484568197513405,0.206848053229497,-0.469562463742662,0.832719013372965,0.478666402763942,0.676414028971747,0.668054363157542,0.67905776525831,-0.471938131086722,-0.968291719347957,-1.39960709737141,-0.00656213859431441,-0.969890326396942,0.0392633074725346,0.262456877879964,0.431394353658803,-0.0799075170656946,-0.35471897262817,0.0034390972448643,-0.420420237379279,4932.0000000001,0.229635376360667,0.021307174587822,0.0379187784197398,0.0538616516715025,0.0538616516715025,0.508212541318124,1.5612932369113,5344.13970763544,0.0156249669969604,66,2,"SNETWORK (2 36 5344.13970763544 0.508212541318124 87000001 66)",87
43,87000002,0.178352054392599,32,0.131579036527741,0.406563246402039,0.354270929498081,0.350983481983268,0.358474665810763,-0.744402688387712,-0.612084101131915,-0.155963312732731,-0.399403060744702,-0.25267942439154,0.46213769588973,-0.412777822192418,-0.25267942439154,-0.25267942439154,0.257846994771148,2.74953643095273,2.68693886114591,-0.589843871393623,3.43549077474184,-1.08808290155441,1.58918918918919,3.01740812379109,-0.334283903675539,0.178352054392599,0.25,1.03483717837525,-0.242972127184232,-0.240649436122728,-0.743799141350603,-0.229863198673186,0.165468056237598,-0.651097549776455,-0.392672506260918,-0.512659317626548,0.0691205072879117,0.0799701818409082,2952.0000000001,1.3049066230773,0.0722326687547962,4218.0000000001,1.94848201594016,3.25338863891746,0.0395121665317777,-0.158368185071774,-0.300689356484484,1.03508793751701,-1.09072239539639,-2.01589008963982,-0.520304318562991,-2.22886013006818,-0.793842745180558,-1.83303908614479,-1.41889430388001,0.0683783362754442,1970.0000000001,5.38821289072728,0.0683783362754442,1970.0000000001,5.38821289072728,1.0585962398537,1.06890243613289,1e-10,0.852629119445692,0.547568325703957,0.0796245746216735,0.0704150766659748,0.349280418712381,0.260147466527925,0.676414028971747,0.668054363157542,0.67905776525831,-1.5426045842031,-0.453042186584001,0.438723196958372,-0.528121121636308,-0.158909524186797,-0.277480266291268,-0.350403025679242,0.321715379720455,-0.429946440133124,0.0168389029189941,-0.108785287122765,0.680471151163726,4218.0000000001,1.33126454625981,0.015847995240971,0.0236641711908067,0.0654394504130621,0.0654394504130621,0.502085196288196,0.0627331109717488,3529.94999293795,0.0312500660060792,167,2,"SNETWORK (2 43 3529.94999293795 0.502085196288196 87000002 167)",87
29,87000003,-1.20316251171407,6,-0.305920963472259,-0.59067341236485,-0.88766904750336,-0.89062955707874,-0.905942372439505,-0.136956323143961,-0.118527430366513,0.841859969754623,0.953032328758162,0.49539013874051,-1.1797264537794,0.560750383172326,0.49539013874051,0.49539013874051,-0.289160160021934,0.585279849118336,0.498236512054695,0.375501670112174,0.500929923573803,0.110535405872193,-0.218618618618618,-0.00859660434128468,0.225496408956485,-1.20316251171407,-0.5,1.03246543484533,9.55599463842705,10.4421255362296,0.155691194375177,22.1669798373372,-1.20868206819057,-1.30533926005369,0.908114793839587,0.86613886105562,0.298552247824616,0.0399850261056294,7485.0000000001,3.57278527272495,0.0838131272144358,133162,17.8437906660351,21.4165759386601,0.0522195034204952,0.157445935010587,-2.16608968702728,-0.995619985003604,-1.26270513594471,-0.0879636826710986,-2.34158223351741,0.0214900898585586,-2.85164692024061,-0.0206728669630776,-0.237539808701428,0.410512444938376,8519.0000000001,139.886220703259,0.410512444938376,8519.0000000001,139.886220703259,31.407194479345,8.38854490037988,1e-10,0.679744017427191,0.236850781466933,-0.903021886078489,0.119240738079652,-0.206115705486086,-0.892855882414001,-0.716539400649793,-0.729293388352373,-0.749824002149801,-0.548085334799953,-0.197250303437353,-0.516991929247695,0.640169066943972,-0.39967716506619,-0.368693232472066,-0.60093205490574,-0.556733101681848,-0.312738193348258,0.110689306271296,0.442652535971388,0.152227059189744,133162,11.4926299457943,0.0087114332815145,0.0435080700389807,0.341081085391808,0.341081085391808,0.157695505932967,8.86021766173192,834.737156777348,0.25,23,2,"SNETWORK (2 29 834.737156777348 0.157695505932967 87000003 23)",87
41,87000004,-0.0951992459626681,44,-0.351973654490753,-0.150431219958124,0,0,0,0.590712469454192,0.538518842049804,-0.0303713990853309,-0.427787931196618,0.744895023550688,-0.0816347075064192,0.159018427616316,0.744895023550688,0.744895023550688,0.496388233456839,-0.225915591301952,-0.32102225628154,-0.00797756563534099,-0.370145372882742,-0.730569948186529,0.438610038610039,0,-0.752534854245882,-0.0951992459626681,0,-0.427108010368779,0.124867607170892,0.124344959496272,0.589142383986419,0.121716817279186,-0.0894248855406481,1.1302587843812,-0.416457314567213,-0.477062280184644,0.165476561749033,0.0799701241440398,6963.0000000001,7.36865838480908,0.0904094626686137,583.0000000001,0.337083878154667,7.70574226286375,0.0880813019561198,1.59505599587866,-1.90976954648284,0.204648462764359,0.47605067413008,0.266223202021301,0.766141309261154,0.257823503427061,0.316448367769597,-0.080205423864145,-0.0866023686291497,0.0736094441076285,934.0000000001,2.750048828225,0.0736094441076285,934.0000000001,2.750048828225,0.777749437781917,0.165909534721316,1e-10,0.606722784729216,0.374165863030869,-0.0909551900784982,0.524934404155557,-0.100644373621669,0.0473714039363848,0,-1.49871635330658e-15,0,-0.365929575416155,-0.799063736988007,0.593716444327399,0.297937102769673,-0.0502032179566475,-0.415452748409869,-0.437624516492133,0.518221353083873,-0.645307688617542,0.394075295498865,-0.102074325105164,0.170749153793347,6963.0000000001,0.276183087764857,0.0842282289396743,0.00385307291644552,0.0314347239615913,0.0314347239615913,0.53815510763752,0.630928050726652,2674.92041419078,0.0625,129,2,"SNETWORK (2 41 2674.92041419078 0.53815510763752 87000004 129)",87
43,87000005,-0.0991943970310119,22,0.131579036527741,0.406563246402039,0.125190979814175,0.126908484697204,0.131153005061719,-0.967066064543459,-0.76665713277516,-0.132319240647427,-0.216984966125742,-0.554146670883327,0.0928908238041831,-0.332228092796009,-0.554146670883327,-0.554146670883327,0.256859911588869,3.0952500173656,3.03740808251238,0.117361491609464,3.6397631472644,-1.08808290155441,1.58918918918919,3.01740812379109,-0.334283903675539,-0.0991943970310119,0.25,0.195471208195222,-0.68691824155157,-0.675770212493179,-0.299310796158195,-0.627068224214567,-0.106554389143566,-0.824437077340566,-0.20943487113157,0.714547186781552,0.871191988264161,0.0799701818409082,1048.0000000001,5.83890381969947,0.509776652464824,759.0000000001,2.47444544343421,8.31334926303368,0.108634810945476,0.0921961911143578,0.0324161250468473,-0.561369061299567,-0.996239624236996,-0.280983823942515,-0.629524279787554,-0.358132964279603,-0.667178270680181,-0.25423557588989,-0.313884366023292,0.030262134793287,216.0000000001,0.26146484385011,0.030262134793287,216.0000000001,0.26146484385011,0.0982210194289651,0.578107058544033,1e-10,-0.436941621393051,-0.135371037511014,-1.29329812043025,-0.44274933073611,-0.0874716815239709,0.0646276650958085,0.629855285280611,0.622071029675713,0.63231710614122,-0.905273264059506,-0.858355477474969,0.594898442444675,0.135680268957484,0.223333654485989,0.998614637080634,0.978566210210554,1.1945079762709,0.869356113231289,-0.22617875107519,0.046439725321351,-0.474498163204932,1048.0000000001,1.39022498070512,0.0762999594898859,0.0323348513555896,0.00341669559947149,0.00341669559947149,0.344679818222653,0.247996450652853,3300.34766956378,0.0312500660060792,160,2,"SNETWORK (2 43 3300.34766956378 0.344679818222653 87000005 160)",87
37,87000006,0.245630186754339,15,0.694079036527741,0.60967167323295,0.623124281295046,0.615977027310147,0.618989232093641,-0.655306833077022,-0.612037282732835,-0.164310797609468,1.85307280614602,-0.372523270237429,0.0668500452347523,-0.451241874050419,-0.372523270237429,-0.372523270237429,-0.596349910576551,0.0245422479564137,0.175436028334599,-0.482655365313137,0.0808983207244223,0.0186528497409334,0,0.324951644100581,0.0801647655259819,0.245630186754339,0.5,-0.366125138793951,-0.544671847521918,-0.537008242710007,0.3717642930947,-0.502911419327006,0.236638619569856,0.30465648458281,1.77324751272418,-0.0790098117453231,0.132626547762872,0.0799702643258065,973.0000000001,0.825278188332023,0.51865994005011,1894.0000000001,6.28231548516992,7.10759367340194,0.0907243507248097,-0.0875135107189539,-0.374490546860626,-0.0806413209168747,0.282291251948441,0.383495942995545,0.415861174793853,0.41631062953736,1.66637038567335,0.568641012196265,1.12412610546207,0.0127464257850369,406.0000000001,0.207001953224927,0.0127464257850369,406.0000000001,0.207001953224927,0.203927496707933,0.598672109124204,1e-10,-0.203149802607921,-0.311418982895506,0.36235364491057,0.0538471364021012,0.793884294513914,0.459181735140859,0.676414028971747,0.668054363157543,0.679057765258309,1.1203450850408,0.360736865557229,-1.38893277325366,-0.0707371938085542,-2.00515105975861,-0.330229852212436,-0.195641445910649,-1.06401520600268,-0.136212720818702,-0.740036796753929,-1.13598463178071,-0.417970758701162,1894.0000000001,1.09542280847859,0.0105342020314713,0.0801901485933385,0.00264226102933677,0.00264226102933677,0.34285610698006,1.09535785485059,4579.7491929524,0.0312499339939208,79,2,"SNETWORK (2 37 4579.7491929524 0.34285610698006 87000006 79)",87
43,87000007,-0.247960921242806,16,0.131579036527741,0.406563246402039,0.125190979814175,0.126908484697204,0.131153005061719,-1.31929934583501,-1.08604976370934,-0.231049856810823,-0.128651039941778,-0.633750108351803,-0.162232794312755,-0.270855146861401,-0.633750108351803,-0.633750108351803,0.302430916271149,3.38906148223975,3.32748444351509,0.565417760974785,3.86034079217998,-1.08808290155441,1.58918918918919,3.01740812379109,-0.334283903675539,-0.247960921242806,0.25,0.632868808241312,1.25665575532868,1.2711072329787,-0.445075164145687,1.34553902534293,-0.25478454938268,-1.05485454957552,-0.0993873062297998,0.70407788929932,0.816602208970828,0.0799701818409082,599.0000000001,3.12819299188581,1.0606885758873,1100.0000000001,7.46168210296871,10.5898750947545,0.100477418349946,0.954671214630641,1.45298292887977,0.619686644434735,-1.02132779340901,-1.41981848863012,-1.28928791542794,-1.21894486603252,-1.3153780881848,-0.962365631639839,-0.88008663714266,0.00142097483144531,384.0000000001,0.0218261719750092,0.00142097483144531,384.0000000001,0.0218261719750092,0.152293922765345,0.663337938667272,1e-10,1.20477058658272,0.279069537222786,-0.0188893603592726,-0.125999904200795,-0.0874716815239709,0.0646276650958085,0.336485197489974,0.332326644175046,0.337800751470732,-0.903471582216485,-0.723769611554493,0.489797933027005,0.120945831836089,0.267180329108301,0.716826653371723,0.589104063248866,0.902067874958231,0.608112135202982,-1.94422355027461,-1.18098174604702,0.158036651144542,1100.0000000001,1.12955779684166,0.0296804969645836,0.0707969212853626,0.000207088127166627,0.000207088127166627,0.25087461855194,0.749518238939345,3163.51694590194,0.0312500660060792,157,2,"SNETWORK (2 43 3163.51694590194 0.25087461855194 87000007 157)",87
43,87000008,-0.0761043753544714,23,0.131579036527741,0.406563246402039,0.354270929498081,0.350983481983268,0.358474665810763,-0.971489737795635,-0.76498784903013,-0.139183738736611,-0.222905295178285,-0.549504092891183,0.1111679812947,-0.338880308198253,-0.549504092891183,-0.549504092891183,0.254134517062063,3.06277363212659,3.00094136477911,0.0821869286436048,3.61098007522417,-1.08808290155441,1.58918918918919,3.01740812379109,-0.334283903675539,-0.0761043753544714,0.25,0.37694804172359,-0.516307208027169,-0.509263689688921,-0.423471679449381,-0.477808093388136,-0.0813942445669507,-0.659869852678296,-0.218679105468667,0.653022089505643,0.113044958286076,0.0799701818409082,1220.0000000001,0.881997175328965,0.297975955522202,856.0000000001,1.63121479445655,2.51321196968551,0.0319299679077551,0.126350617092733,-0.00729060710818453,-0.48833463565311,-0.764963342773913,-0.147507321289626,-0.469807416818024,-0.193711363619836,-0.515505959594227,-0.0494956887835171,-0.116939560532701,0.00036200171637931,464.0000000001,0.00671875010000284,0.00036200171637931,464.0000000001,0.00671875010000284,0.155702813977757,0.666570401806979,1e-10,0.185967931247951,0.244230473077752,-1.32735316801047,-0.124041342679078,-0.0874716815239709,0.0646276650958075,0.676414028971747,0.668054363157543,0.679057765258309,-0.806386297412817,-0.817907979942371,0.475225155664426,0.0630630452649796,0.00333937201558161,0.921331460239958,0.917519409376937,1.1296627332534,0.793753123908363,-0.21063394207426,-0.136855566236369,-0.474498163204932,1220.0000000001,1.00543056643049,0.0112056371497532,0.0207243306580019,8.53606754243757e-05,8.53606754243757e-05,0.359149849535279,0.451325670677634,3321.45465364213,0.0312500660060792,161,2,"SNETWORK (2 43 3321.45465364213 0.359149849535279 87000008 161)",87
41,87000009,-0.313683053607257,35,-0.351973654490753,-0.150431219958124,0,0,0,0.674472631187344,0.697486951712678,0.1572247214961,-0.226431325409578,0.701139226706174,-0.0242436816410815,0.0257291200613163,0.701139226706174,0.701139226706174,0.516863922783458,-0.557689278392751,-0.66012531946177,-0.0880692721851384,-0.749974112853823,-0.730569948186529,0.438610038610039,0,-0.752534854245882,-0.313683053607257,0,0.379166542215887,0.43218026100455,0.432266589200788,-0.33623893854063,0.432033214977964,-0.313856736252074,-0.372059068675693,-0.225144726016579,0.619973791943654,0.107963662478182,0.0799701241440398,2858.0000000001,1.97331025210576,0.134793465599562,4043.0000000001,3.48520332515523,5.45851357716099,0.0593148828580449,1.24505879448309,0.334500300210813,-0.843101048910851,0.239610285766444,1.08044594071606,-0.387063489313282,1.04571917865251,-0.441633197827594,0.920299052490543,0.710559685825494,0.0499776127951638,1313.0000000001,2.62482421885,0.0499776127951638,1313.0000000001,2.62482421885,0.749493321416861,0.0885789944950347,1e-10,-0.228284817553278,-0.163228988451388,-1.3204297230904,-0.123168505479182,-0.39255626838664,-0.335033423986381,0,0,0,0.0730556623138603,0.994189677696812,-0.36953570943802,0.0111599158157641,0.125573599183463,-0.427308136739573,-0.333269875752783,0.0541620082755343,-0.540002982082837,1.31086857636497,0.973343033053004,0.189936835176429,4043.0000000001,0.311869666508068,0.0214429559605476,0.0378719267974973,0.0285226259122839,0.0285226259122839,0.424229145561269,0.435176882177142,2481.25838618943,0.0625,121,2,"SNETWORK (2 41 2481.25838618943 0.424229145561269 87000009 121)",87
29,87000010,-0.465777966904483,40,-0.305920963472259,-0.59067341236485,-0.562675121066356,-0.564925299345405,-0.567713055283144,0.0490857097366594,0.0826654135406854,0.938761676902386,-0.15664340239021,1.00903720855591,-1.26214642011984,1.03995407255397,1.00903720855591,1.00903720855591,0.07284152142427,-0.627157498009049,-0.613576621734285,1.78786054513016,-1.41063619315645,-0.730569948186529,0.438610038610039,0,-0.752534854245882,-0.465777966904483,-0.5,0.894679406862946,1.18357348421486,1.19603099916602,-0.603771625883569,1.25951956820508,-0.469762301425409,-0.67666571840967,-0.147022930636024,0.401574933425012,4.08741774262795,0.0399850261056294,6976.0000000001,45.587970998678,0.160088854129773,19594.0000000001,5.01509270151574,50.6030637000937,0.485929470643325,-1.63745385261653,0.972385760254782,0.724830109051244,0.777143730684876,0.00462279695163364,-0.845600099224674,-0.000910795777016676,-0.82741387716538,0.792525118188983,0.706283267807719,0.124015896576834,1813.0000000001,8.99363281260221,0.124015896576834,1813.0000000001,8.99363281260221,1.87213572994156,1.62454607205316,1e-10,0.343223514615844,0.151404038150816,0.128875721617468,0.189434944356628,-0.206115705486086,-0.892855882414,-0.323585971028251,-0.331945636842457,-0.32094223474169,-0.210744358448063,0.866890534034943,-0.228790865579019,-0.0499923360889192,-0.222640521230927,-0.372844629153501,-0.410289211609525,-0.409968702220859,-0.355478227196751,-0.00845204630895352,0.37713206666788,0.519374968835417,19594.0000000001,1.08766485657789,0.437770699849665,0.0481587706936595,0.086363767552691,0.086363767552691,0.973230359614526,0.974932624958456,1591.32096118045,0.25,53,2,"SNETWORK (2 29 1591.32096118045 0.973230359614526 87000010 53)",87
28,87000011,-0.2975859015076,45,-0.305920963472259,-0.59067341236485,-0.562675121066356,-0.564925299345405,-0.567713055283144,0.372867273755062,0.403147450747698,1.06233856071055,-0.52478647155748,0.364569503571018,-0.784643814011099,0.806926458381653,0.364569503571018,0.364569503571018,-0.0325443703377256,-0.845322480029181,-0.83575842757982,1.35584802674886,-1.54392989037211,0.269430051813471,-0.72998712998713,-1.34966688158177,0.0396070975918883,-0.2975859015076,-0.5,-0.228574994487038,-0.4338958776674,-0.428514191670935,0.190334381943724,-0.404210832859904,-0.299062665120457,-0.221780294052998,-0.508629340307109,0.322678101259252,0.219180904122635,0.0399850261056294,8176.0000000001,2.8650906165003,0.0841769663151117,22366.0000000001,3.01006833886435,5.87515895526465,0.0736353034787835,-0.125347400348555,-0.284773920707777,1.79028957248981,0.0177513067218581,-1.78178231614897,-0.0444500408520746,-2.03736024837897,-0.515573348832087,-1.41319688531553,-0.922502280941866,0.111077175110629,1470.0000000001,6.5313378907266,0.111077175110629,1470.0000000001,6.5313378907266,1.31653494040942,1.50493320886839,1e-10,0.401085272883605,0.492135789128612,0.0445692589250387,1.36858477963522,0.0856895835665926,-0.719688440301483,-0.323585971028251,-0.331945636842457,-0.32094223474169,0.992638489739828,-0.247094992812903,1.46456580823034,-0.351285543931022,0.249399278439407,-0.554731194747829,-0.650610220351099,0.307117844333538,-0.757297672085349,0.576278261278884,-0.353041011251035,1.51783853976455,22366.0000000001,0.555469356189992,0.0359091249030605,0.037726178475723,0.0818594102246133,0.0818594102246133,0.106721447484493,0.623204074098745,1700.87982485529,0.125,4,2,"SNETWORK (2 28 1700.87982485529 0.106721447484493 87000011 4)",87
41,87000012,-0.123951323664833,43,-0.351973654490753,-0.150431219958124,0,0,0,0.596891327110463,0.545045240551185,-0.00475355470753764,-0.420899415735482,0.756882878287192,-0.0757219332007187,0.151689249559146,0.756882878287192,0.756882878287192,0.498173265487958,-0.231572024455884,-0.32154018012534,0.00797756563534099,-0.381937828611956,-0.730569948186529,0.438610038610039,0,-0.752534854245882,-0.123951323664833,0,-0.593766236307013,0.964715627897462,0.972023750379968,1.08099449670685,1.00795928142724,-0.125778445045942,0.447934337907513,-0.405575458302327,-0.96698269884744,0.101559130899499,0.0799701241440398,7007.0000000001,4.55099786862363,0.096695617721373,628.0000000001,0.38834880658428,4.93934667510791,0.0491697672101057,-2.00452780884334,0.924568071441992,0.98299654673302,-0.0426189277367136,-1.0202162994314,0.12807770255464,-0.922964093084011,-0.203518561085925,-0.453714389141312,-0.367126886514288,0.0505327284849918,1226.0000000001,2.4781250001,0.0505327284849918,1226.0000000001,2.4781250001,0.716391599508113,0.0137532837593007,1e-10,-0.279202370043781,-0.249429470309711,0.0745392204079114,-0.109000867515022,-0.240013974955305,-0.135203138948286,0,0,0,0.665448114170483,0.569059158166507,-0.391879918827554,1.66199015929781,0.110576925061382,-0.646357911372453,-0.575854525527893,0.0486291824946835,-0.800180653254974,1.08762963689165,1.32414627765954,-0.0957453548136992,7007.0000000001,0.176881303435919,0.0453038670976736,0.0038659000124321,0.0246690174099868,0.0246690174099868,0.5267963052626,0.521120711253581,2655.61165731479,0.0625,128,2,"SNETWORK (2 41 2655.61165731479 0.5267963052626 87000012 128)",87
37,87000013,0.47887762253276,26,0.694079036527741,0.60967167323295,0.623124281295046,0.615977027310147,0.618989232093641,-0.576315698471555,-0.545702985244609,-0.160574727272267,1.68567795536039,-0.453928577393754,0.145045974204403,-0.430203788963616,-0.453928577393754,-0.453928577393754,-0.642086167874688,-0.147253482057361,-0.02248539616155,-0.560355797759536,-0.104658206756959,0.435233160621762,-0.438266838266838,-0.0888315781932811,0.436734262779889,0.47887762253276,0.5,-0.645209916323564,-0.680845658843007,-0.669859220480169,0.849289042876213,-0.621826467051369,0.467599952072899,0.417652553412116,1.61476594343604,-0.380277588817185,0.110731458579079,0.0799702643258065,1062.0000000001,0.75206018792674,0.0883923438380542,3283.0000000001,1.85584881572915,2.60790900355589,0.0340447593158113,0.272576857314419,0.987434342081657,-0.0566435423815573,0.0750933823308423,0.165927302215774,0.534428903634538,0.168372442254161,1.69503856630174,0.222637422288444,0.280704467452617,0.0432013591165317,741.0000000001,1.28048828134955,0.0432013591165317,741.0000000001,1.28048828134955,0.13171497316433,0.224943947887792,1e-10,-0.317542698188832,0.0340946817760346,0.349494061423091,0.0865412761518524,0.793884294513914,0.459181735140858,0.676414028971749,0.668054363157543,0.679057765258309,0.37308983593358,0.936718005639427,-0.747986467926228,0.304024063698004,-3.17945453873446,-0.0473043094532304,0.0354639459879516,-0.267084249919167,-0.0034818387320353,-0.5399135292725,-0.765368113520512,0.317710710520892,3283.0000000001,0.575640031131808,0.00981771525633379,0.0242270439594775,0.0167160415321393,0.0167160415321393,0.602185336259111,1.73512182943523,4842.99867170744,0.0312499339939208,89,2,"SNETWORK (2 37 4842.99867170744 0.602185336259111 87000013 89)",87
41,87000014,0.520509368209141,62,0.398026345509247,0.0967186297942882,0,0,0,0.83933166680567,0.683972885037241,-0.217139156865099,-0.901070810897003,0.762847774925742,0.707236599693271,0.375561604561328,0.762847774925742,0.762847774925742,0.427128454197068,-0.320405061656905,-0.407734583990253,-0.127180771059757,-0.448722128135496,-0.730569948186529,0.438610038610039,0,-0.752534854245882,0.520509368209141,0,-0.194050639319001,-0.736122884332138,-0.723623030194363,0.100431927211115,-0.6693502393212,0.520314823462281,0.304229654808838,-0.870804674294758,-0.370040040637716,0.128233994345035,0.0799701241440398,5426.0000000001,4.44977957969576,0.0471982689431103,624.0000000001,0.188350249114456,4.63812982871022,0.0611029292221297,2.43459025594137,0.534736115278829,0.866865220520114,0.727580059092361,-0.16727661555243,0.466162037685546,-0.226433175695516,-0.846076079572712,-0.423837492255084,0.0129471203719938,0.0690613103791878,985.0000000001,2.7210156251,0.0690613103791878,985.0000000001,2.7210156251,0.771198284857226,0.283071374569009,1e-10,1.49036578840915,0.735217219241544,-0.0991122409622114,1.66963378092851,0.827782402343433,0,-0.0164590779106796,-0.0229634113976224,-0.0267028627700797,0.476515994295942,1.16952050795578,-0.0237691960789765,-0.646741594778429,0.271932940865665,-0.782067703245764,-0.818081618787929,-0.576853085232775,-0.801234445658057,0.937626159370835,-0.419412278405065,1.21000392787065,5426.0000000001,0.197051978377735,0.0586215945452762,0.00248133457685343,0.0358467811420452,0.0358467811420452,0.775921641102773,0.72041832060688,3079.09825234597,0.0625,143,2,"SNETWORK (2 41 3079.09825234597 0.775921641102773 87000014 143)",87
43,87000015,-0.228421542646002,17,0.131579036527741,0.406563246402039,0.125190979814175,0.126908484697204,0.131153005061719,-1.01328657197697,-0.819311084049528,-0.150825236850875,-0.205477939823617,-0.564921445590379,0.058631431451698,-0.320039304799813,-0.564921445590379,-0.564921445590379,0.262929630557223,3.15663385838133,3.10846525285758,0.191069527780424,3.69195969322173,-1.08808290155441,1.58918918918919,3.01740812379109,-0.334283903675539,-0.228421542646002,0.25,0.665815303971246,0.920037059349678,0.926447341863322,-0.494272822699065,0.957697651418167,-0.229774107104638,0.709133464800962,-0.136357957121652,0.041187732164273,0.0813033853987803,0.0799701818409082,2065.0000000001,1.07370469237104,0.102852730527745,2403.0000000001,1.5806137740243,2.65431846629534,0.0266178868442297,1.15638869142863,0.775282858931927,-0.263831553324916,-0.989702211752204,-0.550449861791527,0.306506845657665,-0.505389256857842,0.293025388226108,-0.579188726317897,-0.569109620079766,0.0577656813628601,1215.0000000001,2.80741210947619,0.0577656813628601,1215.0000000001,2.80741210947619,0.790693088061241,0.0787671062357729,1e-10,-2.1332940480998,-1.38866215987513,-1.94535764896756,-1.08083057910619,-0.0874716815239709,0.0646276650958085,-1.4637901463605e-15,1.49871635330658e-15,0,-2.0392649156756,0.0115903464314846,0.0095951000033322,5.15944883752197,0.289981886782379,1.93327399984472,2.25035419759742,1.03914232944866,2.02557604645777,-2.23017878540405,-2.41854559469053,-0.474498163029455,2403.0000000001,0.159813809254383,0.0107672648401472,0.0158506219040825,0.028153131782588,0.028153131782588,0.267511902466476,2.56791660725328,3187.78523386236,0.0312500660060792,158,2,"SNETWORK (2 43 3187.78523386236 0.267511902466476 87000015 158)",87
29,87000016,-0.805495907612809,26,-0.305920963472259,-0.59067341236485,-0.562675121066356,-0.564925299345405,-0.567713055283144,0.0837007825314823,0.0852818783434561,0.959773001530294,0.316655831810321,0.840550625651846,-1.20161513287005,0.829088246029835,0.840550625651846,0.840550625651846,0.0411114044049296,-0.166044738018718,-0.236137667847804,0.576319684150126,-0.476563961297765,0.763878608438194,-1.20507446221732,-1.78686561665285,0.401729132717726,-0.805495907612809,-0.5,0.263607664995041,0.108330717996208,0.107851428351814,-0.27417656879435,0.105454621217695,-0.809605025753699,-0.931568231174049,0.295685054813972,0.643864307409636,0.971234799484859,0.0399850261056294,9002.0000000001,13.9784175456687,0.442174229993956,1998.0000000001,1.4124844573854,15.3909020029541,0.176407254291388,-0.0935523238000763,-0.422882023717779,-0.297612466982674,-0.353357626777158,0.0278394600428061,-0.927152056009203,0.0119902498692038,-0.49407959379021,0.112715067161378,0.07238571633104,0.0605599492974044,915.0000000001,2.21649414072554,0.0605599492974044,915.0000000001,2.21649414072554,0.657356302500031,0.00579029788073486,1e-10,1.09088191255343,0.955314014681867,-0.750896859508624,2.29222749117849,0.0840520554609872,-0.720660206626747,-0.323585971028253,-0.331945636842458,-0.320942234741691,-0.0571425417953627,-0.798643028850008,0.841192510449307,-0.530191418017653,-0.423101080169834,0.0751350586107855,0.108038272754758,-0.648324051802209,0.24088531714467,0.188016574324464,-0.197091237151071,0.568500352721304,9002.0000000001,0.30566330498751,0.160217656944162,0.0161895972472258,0.0254049856991191,0.0254049856991191,0.640159340982094,0.515622649596979,1282.3260270268,0.25,41,2,"SNETWORK (2 29 1282.3260270268 0.640159340982094 87000016 41)",87
41,87000017,-0.348211024746763,34,-0.351973654490753,-0.150431219958124,0,0,0,0.676859775776396,0.704234022117698,0.165893789818861,-0.223382846582523,0.694936007932901,-0.026133227294711,0.023803253843766,0.694936007932901,0.694936007932901,0.517970128317662,-0.522583965851664,-0.61795664984857,-0.0692738122894505,-0.712952231605577,-0.730569948186529,0.438610038610039,0,-0.752534854245882,-0.348211024746763,0,-0.256024990911232,0.101539758958949,0.101080552771284,0.312879686736293,0.0987891426830916,-0.344863669731485,0.205519677423208,-0.222897317804738,0.259916676722655,0.0506695688827287,0.0799701241440398,330.0000000001,0.106934215558465,0.0865319102696815,4950.0000000001,2.73928379955223,2.84621801501069,0.0326592642791468,0.468884302352331,0.849600032449893,-0.313071219885982,-0.658413648754797,-0.221190016897894,0.174791089647303,-0.245733254449983,0.0785108453688396,-0.532636847997283,-0.555806345465938,0.0211543536386446,1103.0000000001,0.933330078225,0.0211543536386446,1103.0000000001,0.933330078225,0.0533809888657993,0.384444381971186,1e-10,-0.966386228079792,-0.744804541593998,-1.61873785118828,-0.827297983426738,-0.39255626838664,-0.335033423986381,1.4637901463605e-15,0,1.55600483282998e-15,-0.913218589402311,-0.0828205250302012,-0.189238698869918,2.91703515062445,0.289981886782379,1.57448048947571,1.8125881613734,1.16884397878194,1.5636950534146,0.215092976181899,1.36015776799036,-0.474498163204932,4950.0000000001,0.0139643135212568,0.00122702926274515,0.0314322349164017,0.0107096060203893,0.0107096060203893,0.411899784143179,4.56004525008724,2460.29978208661,0.0625,120,2,"SNETWORK (2 41 2460.29978208661 0.411899784143179 87000017 120)",87
41,87000018,0.13438913015343,51,-0.128289549634743,-0.096718629794287,0,0,0,0.736154475842804,0.580057266680122,-0.101249939625557,-0.582766445472052,0.647585549165463,0.216159712858439,0.0242954918861379,0.647585549165463,0.647585549165463,0.443054960819332,-0.318340969452646,-0.409422130359748,-0.231966783631074,-0.414035712065424,-0.730569948186529,0.438610038610039,0,-0.752534854245882,0.13438913015343,0,-0.0241381881073939,0.222043228326232,0.22142403943165,0.0285439613876234,0.218168279272714,0.130605378902362,0.0225032873881388,-0.553593220685271,0.121079081315234,0.105443064730858,0.0799701241440398,4010.0000000001,2.70407001194282,0.107591219702213,2955.0000000001,2.03324566514791,4.73731567699073,0.0532905174659306,0.550271902073301,-1.01677630236998,1.38777965346687,-0.291559914407724,-1.6544244799719,0.00301965812745635,-1.69363349361323,-0.547818536990154,-1.7151852656783,-1.05156797080591,0.0133949024284793,1279.0000000001,0.685283203225,0.0133949024284793,1279.0000000001,0.685283203225,0.00258917086570044,0.464130121996849,1e-10,0.610411895600943,0.150434837352989,-1.14262817362101,0.522752311155817,0.359132498335443,0.033092175798254,0,0,0,0.599096824008018,-0.335226566469627,1.23211714816341,0.0988291865034111,-0.0598188397815278,-0.29285281867139,-0.246986355342245,0.195714753923737,-0.415869212537686,0.142337770764757,-0.680414609495445,0.542447009101158,4010.0000000001,0.25911559358332,0.0304183423173059,0.0228721750486247,0.00770881632711506,0.00770881632711506,0.632329335043613,0.306638775044121,2835.00659237654,0.0625,134,2,"SNETWORK (2 41 2835.00659237654 0.632329335043613 87000018 134)",87
28,87000019,-0.000611198484336175,51,-0.305920963472259,-0.59067341236485,-0.562675121066356,-0.564925299345405,-0.567713055283144,0.398535008026131,0.426799744978563,1.09370045201088,-0.610258360216043,0.0131804757339476,-0.784930576767418,0.752300620820652,0.0131804757339476,0.0131804757339476,-0.13527986222977,-0.902749634888374,-0.876613854548142,1.42376953637953,-1.63478640480608,0.269430051813471,-0.72998712998713,-1.34966688158177,0.0396070975918883,-0.000611198484336175,-0.5,-0.497570621239527,2.50321706133935,2.57164020082998,1.20692550181148,2.9820303961986,0.00969436475169113,0.458078126282724,-0.587012023633933,0.607255813223461,0.117122949804983,0.0399850261056294,25507.0000000001,4.77635006410691,0.154909903724293,13178.0000000001,3.26379935754688,8.04014942155379,0.062159870209704,-1.20839956070951,-1.08779114560505,0.215657066082765,1.63476379195897,1.36769145502974,-0.238624238000194,0.960524369890526,-0.82915998572198,0.716379991203155,0.390261545717571,0.0864683252174544,1756.0000000001,6.07353515635149,0.0864683252174544,1756.0000000001,6.07353515635149,1.21323473928037,0.578065590790077,1e-10,-0.650422106205759,0.125819886745863,0.0221490323163556,0.493102457249605,-0.035154196922976,-0.791401356919686,-0.323585971028253,-0.331945636842457,-0.320942234741693,0.876962993016037,0.0656042239768724,0.662634301526523,-1.10107075897874,0.289981886782379,-0.158933990580758,-0.189759541639263,-0.182682752578681,-0.158523621666683,0.782900112653926,0.947236594780286,0.0759202417206294,25507.0000000001,0.99922420490993,0.0369268385466724,0.0252330315630316,0.0469556144581017,0.0469556144581017,0.275359535131981,1.87513744965465,1834.7586212922,0.125,8,2,"SNETWORK (2 28 1834.7586212922 0.275359535131981 87000019 8)",87
28,87000020,0.149152758287262,54,-0.0559209634722586,-0.39032832676705,-0.562675121066356,-0.564925299345405,-0.567713055283144,0.365166896577207,0.451303944178152,1.07142412388922,-0.834615935007216,-0.759953306017682,-1.43832355455045,0.665054208878749,-0.759953306017682,-0.759953306017682,-0.242301406597791,-1.06274207260398,-1.00232010701938,1.30406594931256,-1.7930580724607,0.269430051813471,-0.72998712998713,-1.34966688158177,0.0396070975918883,0.149152758287262,-0.5,-0.758209536249803,-0.0714915360190172,-0.0709884662898528,1.23542344133357,-0.068581542161658,0.172112699103298,2.48761155112451,-0.780075390330015,-0.463013764738592,0.234273973910094,0.0399850261056294,33905.0000000001,12.6993811665883,0.053277160709793,5271.0000000001,0.448981920329151,13.1483630868175,0.155235735426433,2.52447715917695,0.832175406132605,1.80833959660042,2.43857336806794,0.374578416576019,1.47141416245402,0.379805681519182,0.188081072780355,-0.101967720802994,0.354212942992999,0.0293103067848706,1236.0000000001,1.44910156260036,0.0293103067848706,1236.0000000001,1.44910156260036,0.484199172336808,0.214515019656861,1e-10,-1.2061741902985,-1.12975752776314,-0.0595226868512965,-0.677973633929949,0.38710457596419,-0.540818264859143,-0.32358597102825,-0.331945636842458,-0.320942234741691,1.1612776629924,0.255581515065183,1.34056165207193,2.37328407318614,0.289981886782379,0.524940281680693,0.422074927467882,0.48642880602336,0.485948250968554,0.962442891183271,1.39717847395958,0.618704154081335,33905.0000000001,0.192397207237316,0.14993484440371,0.00530089092272294,0.0171087720299322,0.0171087720299322,0.362061008533933,0.470532529987395,1903.5893882339,0.125,11,2,"SNETWORK (2 28 1903.5893882339 0.362061008533933 87000020 11)",87
42,87000021,-0.975685548543864,2,-0.351973654490753,-0.150431219958124,-0.192309249631537,-0.194095720002018,-0.196546296696359,0.709702414890734,1.03928692772192,0.728563732467897,0.636098470445374,-0.00156707679172201,-0.359414968439345,0.086394254150063,-0.00156707679172201,-0.00156707679172201,0.619874531030842,1.1517495844959,0.955805764046124,0.485368344514097,1.15770763152677,-0.730569948186529,0.438610038610039,0,-0.752534854245882,-0.975685548543864,0,0.188222522149028,1.07046944899926,1.08011086024595,-0.0924235241447195,1.12839580010892,-0.975804928182077,0.186087434062979,0.60285703733448,0.170770620385299,0.245022964331208,0.0799701241440398,10013.0000000001,15.6901301126967,0.0539942594385225,847.0000000001,0.292473510549352,15.982603623146,0.156358639572074,0.549424638047957,-0.926548454074152,-0.255267847669249,-0.231828171316644,0.0949813242107254,-0.0796450378897949,0.0777254608432952,0.597531321235709,0.544041105551252,0.664640765969151,0.132985866249307,1949.0000000001,10.3675781251,0.132985866249307,1949.0000000001,10.3675781251,2.49659524054386,2.02453721159914,1e-10,-1.23948666841823,-0.961164810187302,0.250594063872504,-0.983381499044669,-0.39255626838664,-0.335033423986382,-0.487990783359439,-0.503664629107673,-0.50559073871264,-1.18018661861959,-0.95148882698927,0.127440764345227,3.32581660978367,-0.195029304983077,0.577303881610614,0.480693184495851,-1.00568429416783,0.932599975510829,0.257783745244712,0.881562477144306,1.14042389875212,10013.0000000001,1.29868114827688,0.1534973559632,0.00286128350887341,0.101426554050803,0.101426554050803,0.642552404088378,0.387773377180638,1737.49311324506,0.0625,145,2,"SNETWORK (2 42 1737.49311324506 0.642552404088378 87000021 145)",87
37,87000022,0.162808048901299,12,0.694079036527741,0.60967167323295,0.623124281295046,0.615977027310147,0.618989232093641,-0.664562017089785,-0.618860107107765,-0.162886076824185,1.87655459745442,-0.363228781002882,0.0501389665026191,-0.443360554772349,-0.363228781002882,-0.363228781002882,-0.592681415704931,0.0599295607769363,0.22153228830216,-0.439090754451587,0.110659115912857,0.0186528497409334,0,0.324951644100581,0.0801647655259819,0.162808048901299,0.5,0.708238403939245,0.629520635436934,0.631387680931425,-0.541985194560313,0.639649700184434,0.15842723423939,0.72148946396191,1.79993980717866,-0.639700811315166,0.110148025874282,0.0799702643258065,1907.0000000001,1.34333544003039,0.289724484068621,1396.0000000001,2.58659050028091,3.9299259402113,0.0413395350017282,0.645760473108266,0.67390374349118,0.398161902727428,-0.223523627853926,-0.543539236923536,0.389727242001567,-0.52634165709616,1.65582156322427,-0.474052062804094,-1.42675317386715,0.0297370410443431,274.0000000001,0.325917968849884,0.0297370410443431,274.0000000001,0.325917968849884,0.230760120039225,0.577796660248216,1e-10,0.0544529524360478,0.223441855553772,0.363814470125224,0.462808619799567,0.793884294513914,0.459181735140858,0.676414028971749,0.668054363157543,0.67905776525831,0.205530276197149,-0.11525392615159,-0.133175588969352,0.10555730865568,-0.521786675203171,0.282344781228542,0.521460071939262,0.528364327190955,0.185431080919048,-0.591226824776692,-0.67336134970531,-0.13787760855512,1907.0000000001,1.30023273865702,0.0141307656047477,0.0272087692969804,0.00342838451654247,0.00342838451654247,0.272440115891216,1.01428417302668,4508.26873160337,0.0312499339939208,76,2,"SNETWORK (2 37 4508.26873160337 0.272440115891216 87000022 76)",87
29,87000023,-1.0626139644624,14,-0.305920963472259,-0.59067341236485,-0.695629464068801,-0.700108350003007,-0.706051805186474,-0.116049360411828,-0.139217997898251,0.857427519788028,0.645211197926249,0.784100643641762,-1.2775772158818,0.838707708094534,0.784100643641762,0.784100643641762,-0.105780218636023,0.518420485427677,0.54259041089779,0.988997609335685,0.231068518621364,0.202072538860104,-0.56138996138996,-1.05738233397807,-0.0396070975918889,-1.0626139644624,-0.5,1.3807746104079,0.0921821077094726,0.0917527513541838,-0.835104773416957,0.0896164685528144,-1.0632064243121,-0.167789447078928,0.618284001675341,0.1332625484286,0.397332070332536,0.0399850261056294,9770.0000000001,6.2064455473645,0.539180988887439,2454.0000000001,2.1154555037248,8.32190105098931,0.0956379575067292,0.503884702706701,-0.36485696345973,-0.149200326209525,0.678722705588618,0.805006589722113,-0.12385398086146,0.817256757467522,0.567603179292981,0.940178909763159,1.28859519934066,0.05816650400625,784.0000000001,1.82410156260045,0.05816650400625,784.0000000001,1.82410156260045,0.254377764522032,0.112162029155363,1e-10,1.00263327512193,0.63600218376621,-0.837322827409761,0.281428791918805,-0.206115705486086,-0.892855882414001,-0.487990783359436,-0.50366462910767,-0.505590738712639,-1.16656179452611,-0.810861474475572,0.438734650509785,-0.0348861430440847,-0.751969889759377,0.27773458799131,-0.000248910699223587,0.231549802166937,0.256334921810868,-0.281463790396444,-0.216459259002216,0.35200770996174,9770.0000000001,0.508921644785803,0.0713264639013024,0.0243114935054268,0.0209631605174305,0.0209631605174305,0.34062322124381,1.2598520230422,1004.44191697965,0.25,29,2,"SNETWORK (2 29 1004.44191697965 0.34062322124381 87000023 29)",87
37,87000024,0.353650826778083,20,0.694079036527741,0.60967167323295,0.623124281295046,0.615977027310147,0.618989232093641,-0.640914575035111,-0.59159012735141,-0.165684060744019,1.7888225168758,-0.408094853039376,0.0861490347379303,-0.455184685632916,-0.408094853039376,-0.408094853039376,-0.616396864509009,-0.0254302917946354,0.114718139091705,-0.520588823395134,0.0316304145006321,0.435233160621762,-0.438266838266838,-0.0888315781932811,0.436734262779889,0.353650826778083,0.5,-0.518340833416699,0.0467348243371776,0.0464863779908911,0.740196587381037,0.0452658499792245,0.346315018685502,-0.084954341768002,1.71224688172111,-0.429508261165194,0.0637836355846125,0.0799702643258065,197.0000000001,0.0803586362392604,0.0820286243154831,6509.0000000001,3.41457582386462,3.49493446000388,0.0404667722469326,-0.236855307588184,-0.670445228815889,0.153922874991709,0.190058487560587,0.057748073877805,-0.0420802818536353,0.0427647952795168,1.24011593414615,-0.030845659448261,-0.323803131929324,0.0224061262514567,1167.0000000001,1.04591796884963,0.0224061262514567,1167.0000000001,1.04591796884963,0.393223424052491,0.347247394290508,1e-10,0.0851528119062397,-0.161609330201416,0.35779846567011,0.181153635313716,0.793884294513913,0.459181735140857,0.676414028971747,0.668054363157543,0.67905776525831,0.700146844428017,-0.478285909040685,-1.12314157455188,-0.119175291513821,-1.01609586554114,0.0857529874145749,0.115139254496807,-0.65744608612564,0.255914374675575,-0.590377819256011,-0.0174810216961837,-0.17992978749368,6509.0000000001,0.0853374710076804,0.000930447954315902,0.0395363241926167,0.0121103627582584,0.0121103627582584,0.456000592393776,1.51235619577346,4694.60407025247,0.0312499339939208,84,2,"SNETWORK (2 37 4694.60407025247 0.456000592393776 87000024 84)",87
36,87000025,0.826032718769418,44,0.694079036527741,0.60967167323295,0.623124281295046,0.615977027310147,0.618989232093641,-0.172399576109709,-0.163893535181318,-0.00538019809840248,0.360521872099632,-0.364848919083242,0.404761655778711,-0.67042711400106,-0.364848919083242,-0.364848919083242,-0.788463097564088,0.0520243378423984,0.0375338452942095,-1.09443581802752,0.302242807804588,-0.124352331606218,0.460231660231661,1.53191489361702,0.247465145754119,0.826032718769418,0.5,-0.578965451697393,-0.548516797339044,-0.540767233597767,0.74163333599403,-0.506305366869426,0.81516183248814,0.111738861131428,0.340362901419718,-0.131579147907867,0.429827409755516,0.0799702643258065,271.0000000001,0.744938567368389,0.311772265917164,2134.0000000001,4.25489606757919,4.99983463484758,0.0638605069277302,1.89728580482934,-1.14372425266485,0.630765612075909,-0.648312290847511,-1.16441831771069,0.268465120866476,-1.36627031010105,0.710324045620458,-0.374181476651548,-0.0496170658221654,0.131253272087758,388.0000000001,2.03705078134928,0.131253272087758,388.0000000001,2.03705078134928,0.302428366834519,0.0220762695250032,1e-10,0.124229639909944,-0.291487018356271,0.215772728588511,-0.208184977620241,0.827782402343433,0.476189561751334,0.676414028971747,0.668054363157545,0.679057765258309,0.0768836508723152,-1.11421843607932,-1.65605560327126,-0.857931461438868,-0.170832002831851,-0.591021951744509,-0.594022344712681,-0.866698196304498,-0.498461418593663,-0.781054127984675,-1.53820842262769,0.166390062248452,2134.0000000001,1.1233514353211,0.00951474557391722,0.054345761253813,0.0260182795687542,0.0260182795687542,0.153461149473418,1.70451828985884,5276.21182926955,0.0156249669969604,64,2,"SNETWORK (2 36 5276.21182926955 0.153461149473418 87000025 64)",87
43,87000026,-0.247960921242806,16,0.131579036527741,0.406563246402039,0.125190979814175,0.126908484697204,0.131153005061719,-1.31929934583501,-1.08604976370934,-0.231049856810823,-0.128651039941778,-0.633750108351803,-0.162232794312755,-0.270855146861401,-0.633750108351803,-0.633750108351803,0.302430916271149,3.38906148223975,3.32748444351509,0.565417760974785,3.86034079217998,-1.08808290155441,1.58918918918919,3.01740812379109,-0.334283903675539,-0.247960921242806,0.25,0.632868808241312,1.25665575532868,1.2711072329787,-0.445075164145687,1.34553902534293,-0.25478454938268,-1.05485454957552,-0.0993873062297998,0.70407788929932,0.816602208970828,0.0799701818409082,599.0000000001,3.12819299188581,1.0606885758873,1100.0000000001,7.46168210296871,10.5898750947545,0.100477418349946,0.954671214630641,1.45298292887977,0.619686644434735,-1.02132779340901,-1.41981848863012,-1.28928791542794,-1.21894486603252,-1.3153780881848,-0.962365631639839,-0.88008663714266,0.00142097483144531,384.0000000001,0.0218261719750092,0.00142097483144531,384.0000000001,0.0218261719750092,0.152293922765345,0.663337938667272,1e-10,1.20477058658272,0.279069537222786,-0.0188893603592726,-0.125999904200795,-0.0874716815239709,0.0646276650958085,0.336485197489974,0.332326644175046,0.337800751470732,-0.903471582216485,-0.723769611554493,0.489797933027005,0.120945831836089,0.267180329108301,0.716826653371723,0.589104063248866,0.902067874958231,0.608112135202982,-1.94422355027461,-1.18098174604702,0.158036651144542,1100.0000000001,1.12955779684166,0.0296804969645836,0.0707969212853626,0.000207088127166627,0.000207088127166627,0.25087461855194,0.749518238939345,3163.51694590194,0.0312500660060792,157,2,"SNETWORK (2 43 3163.51694590194 0.25087461855194 87000026 157)",87
41,87000027,0.421370534676705,59,0.398026345509247,0.0967186297942882,0,0,0,0.792482690985407,0.582342771204729,-0.170043244715979,-0.775599085783442,0.540215346529005,0.632222151155305,0.065720238374979,0.540215346529005,0.540215346529005,0.372955866624226,-0.572244506353792,-0.674958842647201,-0.400065537947631,-0.671922452835951,-0.730569948186529,0.438610038610039,0,-0.752534854245882,0.421370534676705,0,0.211574401473654,0.187755438600105,0.187139520682709,-0.219453503466888,0.183961578564029,0.420414189160299,-0.273692989788878,-0.750903088771839,0.888703420193583,0.157308200370287,0.0799701241440398,2813.0000000001,2.8299361304094,0.125836090531807,1440.0000000001,1.1588393885638,3.9887755188732,0.045124240463325,-0.228182463646584,-0.153702462932887,-0.0418871199387122,-0.196195099037031,-0.0919199033149609,-0.240373786563491,-0.10960152969599,-1.16295139396279,-0.0760622735112636,-0.052985240667432,0.00673236278939394,792.0000000001,0.2132812501,0.00673236278939394,792.0000000001,0.2132812501,0.109093333095463,0.604765184034941,1e-10,-0.672959314749797,0.000532023179682553,-0.0349692283866093,0.0257194254176579,0.827782402343433,-9.66724007780397e-16,0,0,-1.55600483282998e-15,-0.0466267072990595,0.405686902899724,-1.15494791515719,0.0399063462793952,0.190939709298254,-0.369756333024771,-0.448337233938681,-0.733208472760565,-0.26857765672568,0.505393988223304,0.352198506494319,-0.366594418337718,2813.0000000001,0.496508921744686,0.0320145161230368,0.0131097242402881,0.00241280923047543,0.00241280923047543,0.737009540548541,0.699483246098166,3012.9518168032,0.0625,140,2,"SNETWORK (2 41 3012.9518168032 0.737009540548541 87000027 140)",87
41,87000028,-0.895308204628168,6,-0.351973654490753,-0.150431219958124,-0.192309249631537,-0.194095720002018,-0.196546296696359,0.619243077933846,0.852146449086349,0.516472480436722,0.240757867536726,0.249093081522538,-0.232932916272197,0.0118061637380765,0.249093081522538,0.249093081522538,0.575741222702479,0.764744814171535,0.653907114291764,0.328997042741567,0.73397142710362,-0.730569948186529,0.438610038610039,0,-0.752534854245882,-0.895308204628168,0,0.217904069523747,1.82126290134646,1.85560275233961,-0.0274649122691198,2.04575960930974,-0.901760870828774,-1.06901692886011,0.226801207313978,0.616193091336992,0.0601480267569332,0.0799701241440398,1357.0000000001,0.521983494609501,0.0774708962283907,9037.0000000001,4.47732274365504,4.99930623816454,0.0432302919896323,-0.739332717353171,-0.0797522982068636,-0.500743305207186,-0.897956107799962,-0.261525874425028,-1.39693481041866,-0.202739787966264,-1.14958163082725,0.155973993823355,0.0578800365799966,0.00381848485392297,2103.0000000001,0.3212109376,0.00381848485392297,2103.0000000001,0.3212109376,0.0847397030504972,0.59507835472975,1e-10,-0.815607506665422,-1.00246367873186,-1.79673628505626,-0.881142458739815,-0.392556268386639,-0.33503342398638,-0.487990783359437,-0.503664629107672,-0.50559073871264,-0.498678420061275,0.691211131986514,0.00399850138976409,2.49009130178271,0.0191418959203493,0.641934521224767,0.242964316195379,-1.33274867033197,1.09398210223696,-0.178461450260893,0.229000100601195,-0.474498163204932,9037.0000000001,1.53762606681839,0.00451372605610817,0.0387165658335241,0.00277759391503957,0.00277759391503957,0.0375287847225309,1.80031563155353,1823.90886950282,0.0625,104,2,"SNETWORK (2 41 1823.90886950282 0.0375287847225309 87000028 104)",87
41,87000029,-0.669720400409544,19,-0.351973654490753,-0.150431219958124,0,0,0,0.731049338841397,0.939116061975537,0.438807757448614,0.0597724271304803,0.460373891628546,-0.0527736111670043,0.00862798651264471,0.460373891628546,0.460373891628546,0.558572287007234,0.233156974299845,0.141298953730198,0.364668807126433,0.075034565845035,-0.730569948186529,0.438610038610039,0,-0.752534854245882,-0.669720400409544,0,-0.116636811011484,0.467656636292389,0.467983941488495,0.177949907210757,0.468866659588,-0.671981770302462,-0.121653180950793,0.0726101446120746,-0.537434337348626,0.275844704154695,0.0799701241440398,8563.0000000001,15.1058835941737,0.0911500585975576,755.0000000001,0.440108182213412,15.5459917762871,0.167946560860296,0.48055267192929,-0.109511873711361,0.414593547414379,-0.497895182484677,-0.819547248387438,-0.174240272636256,-0.810955272887637,0.0806436821387067,-0.953481108888482,-1.05215170326022,0.222337710511471,2005.0000000001,17.8314843751,0.222337710511471,2005.0000000001,17.8314843751,4.18077700473927,4.44662916649103,1e-10,0.755370636153492,0.878527727072855,0.164889898784801,1.37817534447797,-0.0111710590678413,-0.4356968232718,-1.4637901463605e-15,-1.49871635330658e-15,0,-0.67518820182947,0.41846715162073,0.186122654314582,-0.471152858950028,0.278543242562294,-0.00766073565512827,-0.0804873505540981,0.0514345896981103,-0.0381337481865907,1.25375111011697,1.14669460415071,1.29253460694552,8563.0000000001,1.3855702095647,0.16319198114823,0.00475457961206656,0.192637209458676,0.192637209458676,0.208309700567108,0.883432066068053,2114.21827662682,0.0625,111,2,"SNETWORK (2 41 2114.21827662682 0.208309700567108 87000029 111)",87
43,87000030,-0.42570177715107,8,0.131579036527741,0.406563246402039,0.118081199488201,0.12698938418892,0.129762766215853,-1.30570853960958,-1.00793893060761,-0.253896811949059,0.386551694530646,-0.401632996008025,-0.0447512629576623,-0.497999702793125,-0.401632996008025,-0.401632996008025,0.394062156881797,3.23428966818537,3.17367808111687,0.325257606644045,3.74542166324037,-0.124352331606218,0.460231660231661,1.53191489361702,0.247465145754118,-0.42570177715107,0.25,0.497527143667656,-0.239749369122771,-0.23746891796561,-0.481427362964049,-0.226873463221836,-0.431463520555606,-0.886603198119088,0.363578785409449,0.727614954778201,2.03965728835838,0.0799701818409082,1834.0000000001,23.9228379767422,0.130819120486506,1143.0000000001,0.956254784483318,24.8790927611256,0.301994273303156,-0.334035864457035,-0.121926701893293,-0.448930155434592,-0.160649147732016,0.359083687276846,-0.801078139183484,0.371940012491066,-0.297691113217896,0.375200108481635,0.390124764530464,0.021136763316944,571.0000000001,0.482763671975204,0.021136763316944,571.0000000001,0.482763671975204,0.0482863822185773,0.513224891409499,1e-10,0.102123247295263,0.496481570490104,0.217873800192006,0.795466036520786,-0.0874716815239709,0.0646276650958085,0.111586645810702,0.116368758114995,0.115199058703378,0.214893819528171,-1.04318677706616,-0.0462116597693983,-0.367737195671855,0.289981886782379,-0.310076424670583,-0.294919729581575,-0.45886608975494,-0.267928794213829,0.272536307322494,-0.0200685671872253,-0.110639321789454,1834.0000000001,0.839410395755547,0.29038679734458,0.0116074758585761,0.00586001529948189,0.00586001529948189,0.122035508427723,0.960565903396462,2975.58334801901,0.0312500660060792,151,2,"SNETWORK (2 43 2975.58334801901 0.122035508427723 87000030 151)",87
43,87000031,-0.390284567997187,10,0.131579036527741,0.406563246402039,0.118081199488201,0.12698938418892,0.129762766215853,-1.31863844148931,-1.02595688565203,-0.268738342156959,0.350133493607435,-0.422459263320017,0.0186418798801478,-0.494303449125698,-0.422459263320017,-0.422459263320017,0.389295990356034,3.28917249699302,3.22369961254551,0.349852633938074,3.80476892795356,-0.124352331606218,0.460231660231661,1.53191489361702,0.247465145754118,-0.390284567997187,0.25,0.167706084703733,-0.0662804231690319,-0.0658190746873861,-0.207596140440533,-0.0636094920413483,-0.393544360974869,-0.287251264188381,0.340787237235939,0.0456830848382732,1.09387824885267,0.0799701818409082,2741.0000000001,19.17494770636,0.0632873785267792,1350.0000000001,0.546395407872116,19.7213431141321,0.232639549045349,-0.228561239137388,0.288148926910081,0.620409454063764,-0.477331960967726,-1.01569737014438,-0.192889375787312,-1.09933948665648,0.297578348522371,-0.994396440203516,-1.39327946766952,0.0243509146883413,1040.0000000001,1.01299804697543,0.0243509146883413,1040.0000000001,1.01299804697543,0.385795258392014,0.351514757861846,1e-10,0.363297291445798,0.728814114567914,-1.07880387676955,1.18742316105443,-0.0874716815239706,0.0646276650958085,0.0713655226636064,0.0744239347303264,0.0736758505015835,0.0088394851250124,-0.347271398533284,-0.383139148952085,-0.0391288543656961,0.206012465760711,-0.436867452742728,-0.401722275106618,-0.496192793509885,-0.409740954950284,-0.0641336916714212,-0.0743715661043342,0.151576425623642,2741.0000000001,0.111714507470054,0.226194086256782,0.00644546268856666,0.0119496632326193,0.0119496632326193,0.153317559453014,1.22641278175765,3021.21350172523,0.0312500660060792,153,2,"SNETWORK (2 43 3021.21350172523 0.153317559453014 87000031 153)",87
43,87000032,-0.311018716090173,13,0.131579036527741,0.406563246402039,0.118081199488201,0.12698938418892,0.129762766215853,-1.354272112392,-1.10059491637881,-0.298452498941151,0.208958177454504,-0.502555978782896,-0.0420484291169711,-0.472785630315331,-0.502555978782896,-0.502555978782896,0.410960946913413,3.3909540690978,3.31621555676784,0.383201375965771,3.91859645981671,-0.124352331606218,0.460231660231661,1.53191489361702,0.247465145754118,-0.311018716090173,0.25,1.05634836889121,0.334084364887325,0.333686891798179,-0.723755217695853,0.331285814187118,-0.311875119896577,0.00361078207007571,0.195881270838621,0.84745427243035,0.0637482767512804,0.0799701818409082,1471.0000000001,0.599704472154144,0.13257464240669,3245.0000000001,2.75125808113136,3.3509625531855,0.0370061287180567,-0.305241930160193,0.262376379303183,-0.846795307132885,0.467424658723618,1.32713462518528,-0.0395532696016655,1.30748867278446,0.317237337549825,1.35397718401902,1.51501079690922,0.00473737792810333,1442.0000000001,0.273251953225115,0.00473737792810333,1442.0000000001,0.273251953225115,0.0955613350764238,0.58870396296487,1e-10,0.452626184471633,0.711423553265964,0.0284395543034105,0.698458697237257,-0.0874716815239709,0.0646276650958085,0.0578690160044366,0.0603490272231779,0.0597424192058895,-0.92500813796276,-0.437619534300523,-0.299829451040677,0.174588484747561,0.271535793591193,0.434147764431319,0.388657054276783,0.104170374166733,0.475923903005059,-0.452742635697212,-0.117338099763506,0.561985790184837,3245.0000000001,0.512024825546082,0.00662279583077549,0.0303833327872812,0.00301763948784575,0.00301763948784575,0.205225155607654,1.99818268883973,3096.92949583129,0.0312500660060792,156,2,"SNETWORK (2 43 3096.92949583129 0.205225155607654 87000032 156)",87
43,87000033,-0.40727095811122,9,0.131579036527741,0.406563246402039,0.118081199488201,0.12698938418892,0.129762766215853,-1.30816609420379,-1.00892477716977,-0.267553865678847,0.369225737076878,-0.411319324641925,-0.0151854279742994,-0.499700048291141,-0.411319324641925,-0.411319324641925,0.393130652677716,3.24878326770764,3.18458529579981,0.330788339768419,3.76138922807856,-0.124352331606218,0.460231660231661,1.53191489361702,0.247465145754118,-0.40727095811122,0.25,0.508038547270205,-0.0755402373976579,-0.075004203381654,-0.474753767045477,-0.0724415951362642,-0.412239713436873,-0.529537951824233,0.352150007425877,0.526755637646925,0.198339716905424,0.0799701818409082,1947.0000000001,2.46962951215121,0.127258403501085,2361.0000000001,1.9214921888178,4.39112170086901,0.0518782425680369,0.41780040606353,-0.394035600262887,-0.239906502093355,-0.825597389042274,-0.455830860087571,-0.42713660364395,-0.504652411802377,0.0817770126320575,-0.335826152597285,-0.576375495560013,0.032680673588779,1036.0000000001,1.35428710947557,0.032680673588779,1036.0000000001,1.35428710947557,0.148367197399977,0.24395784474603,1e-10,0.355262589947352,0.65598963655879,-1.11526173913602,1.1344568451193,-0.0874716815239709,0.0646276650958085,0.0953871876174606,0.0994750624725875,0.0984751727777116,0.0168914900263437,-0.697213157151996,-0.448655274227419,0.101976410521634,0.141667370471913,-0.588276090460843,-0.605320806933726,-0.620261803769637,-0.558622228371994,-0.191303881815948,-0.537880010281909,0.404240092287671,2361.0000000001,0.117920868990613,0.0291770639401716,0.0227011785278653,0.0160000199992678,0.0160000199992678,0.137901586166547,1.89281497604967,2998.72670154631,0.0312500660060792,152,2,"SNETWORK (2 43 2998.72670154631 0.137901586166547 87000033 152)",87
41,87000034,0.241854357228574,54,-0.128289549634743,-0.096718629794287,0,0,0,0.726860508481266,0.555944951737413,-0.121997520184205,-0.628595025778781,0.548159446584315,0.284179562240328,-0.0180477946230728,0.548159446584315,0.548159446584315,0.428118923684759,-0.366117379415087,-0.487544256791187,-0.273885390421774,-0.459401278631652,-0.730569948186529,0.438610038610039,0,-0.752534854245882,0.241854357228574,0,-0.515733868533074,-0.15779058716283,-0.156480499091034,0.695976497470417,-0.150310908091728,0.242796140673181,0.991097365653807,-0.608511704989168,-0.193899947298926,0.144606353253029,0.0799701241440398,5634.0000000001,5.21026431784164,0.0503932789695391,2015.0000000001,0.649386426560231,5.85965074430187,0.0701727782430783,-0.0404681007462593,-0.540635390558218,0.0694603512630314,0.949311399230382,0.838963081767829,0.763987150471299,0.885921169169456,-0.00036286199164663,0.855464840103596,0.457679877953773,0.0460473735963389,1195.0000000001,2.201064453225,0.0460473735963389,1195.0000000001,2.201064453225,0.653874694151098,0.0311253142532962,1e-10,0.00215675834942375,0.21704165842782,0.0156792684578235,0.537138158419952,0.827782402343433,0,-1.4637901463605e-15,-1.49871635330658e-15,0,0.498333745942287,-0.145118838791269,-0.0487034337837347,-0.216921323312723,0.289981886782379,-0.192340421848709,-0.202619324290456,-0.375022080086274,-0.148905731882684,0.085712350322298,0.137751967465562,-0.311758313823609,5634.0000000001,0.12878200165159,0.0623959921839132,0.00777678595916506,0.0263590466890181,0.0263590466890181,0.671897554813257,0.301766509539448,2902.26836085617,0.0625,136,2,"SNETWORK (2 41 2902.26836085617 0.671897554813257 87000034 136)",87
28,87000035,0.377185356443231,57,-0.0559209634722586,-0.39032832676705,-0.562675121066356,-0.564925299345405,-0.567713055283144,0.302618233625163,0.438515307621093,1.04129426597263,-0.897224232462865,-1.1933627434557,-1.67929663096085,0.520268660722242,-1.1933627434557,-1.1933627434557,-0.388801713250659,-1.26451749136552,-1.13928764928596,0.956762837664322,-1.9323794953298,0.269430051813471,-0.72998712998713,-1.34966688158177,0.0396070975918883,0.377185356443231,-0.5,-0.621840576042849,-0.100107432457991,-0.0993610567121142,0.918096234357949,-0.0958095823650831,0.403272057128541,2.51451445678531,-0.869918283923095,0.226753940082086,0.0923156802851591,0.0399850261056294,24003.0000000001,3.54271131736168,0.103664848536487,4626.0000000001,0.76671138319404,4.30942270045572,0.0511195712077242,1.91298500327688,-0.429692723882897,1.24385520742099,2.95369995135622,1.39352561612363,1.49086696557369,1.47127057481966,-0.0343753477268098,1.49302702626607,0.518866462068124,0.0295191837172614,1163.0000000001,1.37323242197534,0.0295191837172614,1163.0000000001,1.37323242197534,0.152642083600361,0.236266342097543,1e-10,-0.793940553241872,-0.493517118407437,-0.252430494982922,0.0483919039027532,0.38710457596419,-0.540818264859142,-0.323585971028253,-0.331945636842457,-0.320942234741691,1.37283600422346,-0.492515202606448,1.36175708937804,1.69466169452083,0.289981886782379,0.273488927698891,-0.021019432770151,0.68342084400727,0.134938591906326,0.483879542238335,0.756688251045836,0.422123081278285,24003.0000000001,0.0791311094871218,0.0420246273548308,0.00909494375289343,0.0162896650708444,0.0162896650708444,0.446214476088401,0.52197536546737,1970.39733837939,0.125,14,2,"SNETWORK (2 28 1970.39733837939 0.446214476088401 87000035 14)",87
29,87000036,-1.02131537774031,16,-0.305920963472259,-0.59067341236485,-0.695629464068801,-0.700108350003007,-0.706051805186474,-0.0855893963827722,-0.0782007684898513,0.896112754258076,0.395105098106558,0.860683175901659,-1.16789314018598,0.771287283112331,0.860683175901659,0.860683175901659,-0.111715179600268,0.141925790475017,0.22209606260301,0.708967017168202,-0.141885055361902,0.763878608438194,-1.20507446221732,-1.78686561665285,0.401729132717726,-1.02131537774031,-0.5,1.32428291918674,1.84444880610802,1.87977084543537,-0.748473992237303,2.07591385587157,-1.02337303437564,-0.115856665236039,0.371295410808148,0.368620737660232,0.820616817804434,0.0399850261056294,12021.0000000001,15.7716007981175,1.0209218851622,922.0000000001,1.5049365863337,17.2765373843512,0.148826726136205,-0.661015115228846,0.480112041122941,-0.749615088447527,-0.138466841527021,0.683953203349333,-0.48507453837639,0.532687220309068,0.039352452911353,0.853340267756563,1.21400815230184,0.0293110575429461,482.0000000001,0.565117187600139,0.0293110575429461,482.0000000001,0.565117187600139,0.284733863644186,0.539564158952149,1e-10,-0.00670958577658247,-0.5061980003861,0.0559030401610459,-0.578778879468634,-0.206115705486086,-0.892855882414001,-0.405788377193844,-0.417805535283672,-0.413266069040296,-0.726083132307777,0.41962024200724,0.211543004417336,0.359134889506657,-2.21010977923452,0.371665919983614,0.629231930849225,0.340611558351896,0.34043730099171,-0.405640425830926,0.434119998198811,0.277910224391472,12021.0000000001,0.977501939587975,0.135862624489709,0.0129641015464958,0.00486813641945989,0.00486813641945989,0.389847242835823,0.523549731350897,1050.10777338785,0.25,31,2,"SNETWORK (2 29 1050.10777338785 0.389847242835823 87000036 31)",87
37,87000037,0.724229547719898,38,0.694079036527741,0.60967167323295,0.623124281295046,0.615977027310147,0.618989232093641,-0.433636968334103,-0.417975137471293,-0.129610990052107,1.44143657929275,-0.530310288600514,0.202254733069497,-0.413804824345784,-0.530310288600514,-0.530310288600514,-0.660155569817397,-0.436800887730697,-0.370769371144139,-0.80377989877107,-0.382865670400719,0.955958549222799,-0.986100386100386,-0.606060606060606,0.882446134347275,0.724229547719898,0.5,1.40393957760583,0.658774883718362,0.660996644306057,-0.82139849818702,0.670999198824405,0.707441828766318,-1.05990247738544,1.37762194350519,0.429470074928646,0.0743279260053948,0.0799702643258065,704.0000000001,0.334642992577466,0.122135991139705,4498.0000000001,3.51333994735634,3.8479829398338,0.0402831434798566,-1.49177253760671,0.655088982426527,-0.449868127610294,-0.88411322313099,-0.301117808744438,-1.19517396577123,-0.294697113459427,-0.135000763191309,-0.208624872580341,-0.677227666154729,0.0909875272588388,1352.0000000001,4.92060546884825,0.0909875272588388,1352.0000000001,4.92060546884825,0.953083674937559,0.699061152468265,1e-10,0.083334231168125,-0.0455117673874352,-1.28653322614347,-0.0804367379306307,0.793884294513914,0.459181735140858,0.91713924838561,0.899825414865476,0.907585034568318,0.0125411858549099,-0.124471718244414,0.950693449565519,-0.209486204184162,-0.26650649817039,0.748192813955273,1.08585785678879,1.61804448713681,0.461255947658826,-0.653411498967185,0.374918171471165,0.317408478807952,4498.0000000001,0.372381691333514,0.00350325660434622,0.0367798867755103,0.0515120411700693,0.0515120411700693,0.894774794011285,1.27413748294757,5140.01116989982,0.0312499339939208,97,2,"SNETWORK (2 37 5140.01116989982 0.894774794011285 87000037 97)",87
41,87000038,-0.282708435962051,36,-0.351973654490753,-0.150431219958124,0,0,0,0.694362397442244,0.708954541387047,0.146565739403513,-0.234461384980845,0.701425454820966,-0.0382607642417747,0.0320092047421172,0.701425454820966,0.701425454820966,0.520232420320692,-0.570628941683445,-0.680246849940422,-0.105510872523325,-0.76039306003955,-0.730569948186529,0.438610038610039,0,-0.752534854245882,-0.282708435962051,0,0.633051650902466,-0.677927324574717,-0.667018133571721,-0.593132417885974,-0.619305562136675,-0.286157795946307,-0.986435334566448,-0.227159535336565,0.768891997515454,0.139843562691723,0.0799701241440398,1103.0000000001,0.986446488423058,0.127032930811333,1930.0000000001,1.56793901198244,2.5543855003055,0.0333299876823588,0.197989215179111,1.03876830333777,-0.308441352469235,-0.323734120736759,0.0662329540677914,-0.846579084055562,0.0510178617939792,-0.922340020801964,0.21729352802908,0.110747335727791,0.00115931526437861,692.0000000001,0.03208984385,0.00115931526437861,692.0000000001,0.03208984385,0.164459720039891,0.657718259759129,1e-10,0.286729399649061,0.666361434747401,-1.05457074271817,0.951549552138717,-0.278974944222136,-0.186241978202764,-1.4637901463605e-15,-1.49871635330658e-15,-1.55600483282998e-15,-0.0241819476597069,-0.582607965624624,0.587711497751177,-0.374931706317625,0.222644545637431,-0.203279226194477,-0.13240467047709,0.448922971115373,-0.374078284927572,0.809689439659713,0.567860458448181,-0.146931882646359,1930.0000000001,0.65166795975865,0.0128712949567808,0.0204586926255781,0.000418712873848246,0.000418712873848246,0.437630861167458,0.384885689723863,2504.03987844714,0.0625,122,2,"SNETWORK (2 41 2504.03987844714 0.437630861167458 87000038 122)",87
29,87000039,-1.19161885608309,7,-0.305920963472259,-0.59067341236485,-0.88766904750336,-0.89062955707874,-0.905942372439505,-0.129583352738896,-0.116748213438609,0.844430925052891,0.919414018259799,0.512582092362317,-1.17142662694553,0.588963593679409,0.512582092362317,0.512582092362317,-0.291433700911599,0.577730388155224,0.502088463754511,0.389535380673595,0.487423108594623,0.110535405872193,-0.218618618618618,-0.00859660434128468,0.225496408956485,-1.19161885608309,-0.5,0.978281528888095,5.69523306958407,6.045818884408,-0.277073741516505,9.05470869217727,-1.19690444158966,-1.16322541184698,0.906514890651018,0.741436900946685,2.40831735192271,0.0399850261056294,19065.0000000001,73.4083208336971,0.13049676488255,24816.0000000001,5.17757371805607,78.5858945516532,0.360118252763862,-1.89583820713445,0.0519142589422207,-0.833806460107777,-1.23401376496557,-0.231492653844757,-1.97451980389395,-0.0685173845433715,-1.69121027417966,-0.316968026452002,-0.742812823576672,0.385753947312059,4339.0000000001,66.9514550782414,0.385753947312059,4339.0000000001,66.9514550782414,14.9499403114592,7.47831081826856,1e-10,-0.274049883641426,-0.477082146055436,-1.386847961966,-0.442536443614185,-0.206115705486086,-0.892855882414001,-0.642157328871708,-0.655861193874932,-0.670337298852447,0.0933878668957038,0.777333080982341,-1.31765281595438,0.81599696549392,-0.0033393720155965,-0.447383040349966,-0.607932804700123,-0.549312154928195,-0.408624557263478,0.512857701813635,0.472139667296628,0.126941187246766,24816.0000000001,5.00698215681063,0.336392127116923,0.0237261255469392,0.306803672002826,0.306803672002826,0.174463965531858,1.82411019750298,850.293505963452,0.25,24,2,"SNETWORK (2 29 850.293505963452 0.174463965531858 87000039 24)",87
29,87000040,-1.13510942282399,10,-0.305920963472259,-0.59067341236485,-0.695629464068801,-0.700108350003007,-0.706051805186474,-0.157953671593464,-0.172727174771367,0.850420606601797,0.670086392647017,0.761551611632813,-1.29338335937111,0.833987436654693,0.761551611632813,0.761551611632813,-0.126960736404389,0.615597746293914,0.647507705198363,1.0382958838169,0.334385320462442,0.202072538860104,-0.56138996138996,-1.05738233397807,-0.0396070975918889,-1.13510942282399,-0.5,0.95622102629051,-0.37703431904547,-0.372678674613064,-0.721226492188469,-0.352851722765811,-1.13513443568413,-0.709396486285564,0.634902249529891,0.789394172366379,2.09506783312519,0.0399850261056294,7978.0000000001,26.7231030550023,0.761850171762634,1214.0000000001,1.47871004176548,28.2018130966677,0.350163785577043,-0.233742114042208,0.0491609458976337,-0.0146508759586934,-0.828544883071259,-0.690755704661231,-0.55718985155329,-0.796270642274137,0.159508337221932,-0.580912158214957,-1.07171929665635,0.599761053956383,705.0000000001,16.9132617188542,0.599761053956383,705.0000000001,16.9132617188542,3.65914833920421,4.90772592465376,1e-10,-0.321841100018358,0.0100803197403274,-1.47803013580164,-0.498121271149005,-0.206115705486086,-0.892855882414001,-0.487990783359437,-0.503664629107672,-0.505590738712639,-1.77905586437152,-0.823944613535394,0.394332885479066,0.223667369885719,-0.440180433666469,0.658120803162294,0.291605545932186,0.198823658713404,0.719038233500728,-0.185768287166977,-0.0261651550531825,-0.474498163204932,7978.0000000001,0.631497284816835,0.331803593384446,0.018360192092597,0.210001099146483,0.210001099146483,0.246878109418192,0.546683900657275,917.473183480349,0.25,26,2,"SNETWORK (2 29 917.473183480349 0.246878109418192 87000040 26)",87
43,87000041,-0.550375426297391,3,0.131579036527741,0.406563246402039,0.118081199488201,0.12698938418892,0.129762766215853,-1.28422583590237,-1.00056625651279,-0.233487642132566,0.484852053103062,-0.27144660324251,-0.166058489459052,-0.494777598597546,-0.27144660324251,-0.27144660324251,0.417685526511392,3.03420712219613,2.99869338258722,0.251345872601224,3.52421823347994,-0.124352331606218,0.460231660231661,1.53191489361702,0.247465145754118,-0.550375426297391,0.25,0.986881775935176,0.0112016608188046,0.0111363098889516,-0.713373102834059,0.0108180748209885,-0.549587002388358,-0.383143860730847,0.457709042360502,0.476547723039772,0.929358087700671,0.0799701818409082,834.0000000001,4.95684454966494,2.85213699309181,569.0000000001,10.3786009507412,15.3354455003062,0.178607026853159,0.311374519466496,-0.26883446141348,-0.575918263437395,-0.737703902225629,-0.034343457450926,-0.301170594275631,-0.0540323231024956,0.285755076584185,0.0342726656760768,-0.106581867072997,0.944010416766667,45.0000000001,1.69921875010072,0.944010416766667,45.0000000001,1.69921875010072,0.226198772392612,0.143308390178579,1e-10,-0.534518932858448,-0.412695908079832,0.067774706365484,0.158050060406721,-0.0874716815239709,0.0646276650958075,0,-1.49871635330658e-15,0,1.34430959601023,-0.176375701799284,-0.00633365019735191,-3.27252480923692,0.289981886782379,0.0545272592158832,0.241260925795024,-0.173130852531806,0.0939448950745202,-1.27695846224946,-0.781569007295812,-0.474498163204932,834.0000000001,1.655546935709,0.0577307823932139,0.120876244359945,0.0197902570705733,0.0197902570705733,0.0421632373127617,0.277573740317675,2859.07615336947,0.0312500660060792,147,2,"SNETWORK (2 43 2859.07615336947 0.0421632373127617 87000041 147)",87
28,87000042,0.0768795539199709,53,-0.305920963472259,-0.59067341236485,-0.562675121066356,-0.564925299345405,-0.567713055283144,0.392277683465887,0.439422930897406,1.08522835335199,-0.801906934716924,-0.493258572066815,-1.27192241072776,0.74976767586093,-0.493258572066815,-0.493258572066815,-0.176365917847959,-0.950280054589364,-0.910508776135059,1.47699428499205,-1.70906625398793,0.269430051813471,-0.72998712998713,-1.34966688158177,0.0396070975918883,0.0768795539199709,-0.5,-1.16897072518464,0.522200023486209,0.522965756779106,2.76113803353664,0.525913262101017,0.100793945380281,2.46004519526245,-0.619082381655491,-0.0357623197239078,0.187803967460435,0.0399850261056294,36972.0000000001,11.1012650666176,0.0484571688605304,4878.0000000001,0.37791540672356,11.4791804732411,0.122903417956374,1.01737254953929,2.51014645224379,2.15400118155613,0.27402945267769,-1.74530466179643,1.28704344689087,-1.6969838820713,0.390119425893416,-1.65712867599673,-0.567199322611707,0.031621576765522,1456.0000000001,1.84164062510045,0.031621576765522,1456.0000000001,1.84164062510045,0.572773051570222,0.14523307770702,1e-10,0.688283125064499,0.776674973034019,-0.0454489552034712,2.16013103202355,0.0908219023657016,-0.716642743215482,-0.323585971028251,-0.331945636842455,-0.32094223474169,1.07892290905632,0.772989166345431,1.09959660169239,-0.489421977889177,0.289981886782379,-0.301858281063856,-0.387649522951282,0.522982911187437,-0.510872792742537,0.330032176852785,0.682537135962128,0.71503030626312,36972.0000000001,0.533747090868037,0.1188572147983,0.00404620305807487,0.0197177775717789,0.0197177775717789,0.333252781741395,0.322539458550009,1880.71904628287,0.125,10,2,"SNETWORK (2 28 1880.71904628287 0.333252781741395 87000042 10)",87
37,87000043,0.0708841169028906,8,0.694079036527741,0.60967167323295,0.649161038498292,0.645874990233288,0.652741863980251,-0.684933864270661,-0.631270797620621,-0.155094686458256,1.91348305878216,-0.340666662242892,0.0460663056103553,-0.443661477308831,-0.340666662242892,-0.340666662242892,-0.588021741784071,0.103947784446414,0.284621670650114,-0.389966070848655,0.149231084344446,0.0186528497409334,0,0.324951644100581,0.0801647655259819,0.0708841169028906,0.5,-0.432458207205013,-0.175222485044043,-0.173722702903009,0.5438538860644,-0.166680756707923,0.067139737026055,0.0913176813358905,1.83150096222075,-0.525076735254308,0.174587111554178,0.0799702643258065,1667.0000000001,1.86125055979642,0.612432581298121,315.0000000001,1.23374641206517,3.09499697176159,0.0371710643553922,0.302407195548669,1.42537172692156,0.408933157733215,0.0457993627701798,-0.314954588313055,0.156903961250199,-0.361377853323783,1.46905998140567,-0.319126547914905,-1.0278336694368,0.0827888040981618,68.0000000001,0.22518554697492,0.0827888040981618,68.0000000001,0.22518554697492,0.208030506040516,0.597019640122514,1e-10,-0.710291785030892,-1.23961600606636,0.202488843311646,-0.816829259206037,0.793884294513914,0.459181735140859,0.750193702091776,0.745406194568189,0.755611715391128,0.739078211590924,-1.48393077441801,0.925219195137162,2.6174558572934,-3.36812613719176,0.868212194660193,1.12110326643693,1.1590010864988,0.722762356254766,0.505404699033152,0.801303331073318,-0.474498163204932,1667.0000000001,1.61986035696579,0.0223537098043485,0.0148173544510438,0.00270448937718331,0.00270448937718331,0.175382142299617,0.228245134839611,4409.74354403373,0.0312499339939208,73,2,"SNETWORK (2 37 4409.74354403373 0.175382142299617 87000043 73)",87
41,87000044,-0.814597479721017,11,-0.351973654490753,-0.150431219958124,-0.192309249631537,-0.194095720002018,-0.196546296696359,0.67409475829963,0.904025201338436,0.512698952861594,0.197967953356966,0.287360678420391,-0.181905663877268,0.0145864119065555,0.287360678420391,0.287360678420391,0.568544132071011,0.62318941464502,0.527481495604164,0.409709821076845,0.536641266892852,-0.730569948186529,0.438610038610039,0,-0.752534854245882,-0.814597479721017,0,0.362991314667272,1.85068210458049,1.88627037077613,-0.169549317581025,2.08403996400261,-0.82122052110515,-0.529742160578839,0.196582210742454,0.125910358025038,0.196725046486004,0.0799701241440398,782.0000000001,0.983834275680537,0.103702351457211,5009.0000000001,3.32196593568786,4.30580021126839,0.0370538545867558,2.36481045384731,-2.21001675844199,-0.529733406187538,-0.58443050228507,0.0566041275950202,-0.835209414244041,0.0453779329516789,-0.474480149304961,-0.0391788148202103,-0.16707306064475,0.0377413842985887,1736.0000000001,2.62076171885,0.0377413842985887,1736.0000000001,2.62076171885,0.43413893279991,0.0699401942266876,1e-10,0.301160641493903,0.409919950756534,0.192474977900043,-0.373859058080929,-0.39255626838664,-0.335033423986381,-0.249726623935306,-0.257748024493378,-0.258734109344306,-2.34891798060977,-0.0145950280358602,-0.10960526864899,0.871929079721598,-0.204221227630798,0.676035322028011,0.391356306768692,-0.483081569049901,0.915976297245337,1.15050433811627,0.830422494860497,0.0591077325194467,5009.0000000001,0.968192397307137,0.00846645229657598,0.0285874021901798,0.0225531419500468,0.0225531419500468,0.0986514171964195,0.652475832030177,1927.81084887563,0.0625,107,2,"SNETWORK (2 41 1927.81084887563 0.0986514171964195 87000044 107)",87
41,87000045,-0.0951992459626681,44,-0.351973654490753,-0.150431219958124,0,0,0,0.590712469454192,0.538518842049804,-0.0303713990853309,-0.427787931196618,0.744895023550688,-0.0816347075064192,0.159018427616316,0.744895023550688,0.744895023550688,0.496388233456839,-0.225915591301952,-0.32102225628154,-0.00797756563534099,-0.370145372882742,-0.730569948186529,0.438610038610039,0,-0.752534854245882,-0.0951992459626681,0,-0.427108010368779,0.124867607170892,0.124344959496272,0.589142383986419,0.121716817279186,-0.0894248855406481,1.1302587843812,-0.416457314567213,-0.477062280184644,0.165476561749033,0.0799701241440398,6963.0000000001,7.36865838480908,0.0904094626686137,583.0000000001,0.337083878154667,7.70574226286375,0.0880813019561198,1.59505599587866,-1.90976954648284,0.204648462764359,0.47605067413008,0.266223202021301,0.766141309261154,0.257823503427061,0.316448367769597,-0.080205423864145,-0.0866023686291497,0.0736094441076285,934.0000000001,2.750048828225,0.0736094441076285,934.0000000001,2.750048828225,0.777749437781917,0.165909534721316,1e-10,0.606722784729216,0.374165863030869,-0.0909551900784982,0.524934404155557,-0.100644373621669,0.0473714039363848,0,-1.49871635330658e-15,0,-0.365929575416155,-0.799063736988007,0.593716444327399,0.297937102769673,-0.0502032179566475,-0.415452748409869,-0.437624516492133,0.518221353083873,-0.645307688617542,0.394075295498865,-0.102074325105164,0.170749153793347,6963.0000000001,0.276183087764857,0.0842282289396743,0.00385307291644552,0.0314347239615913,0.0314347239615913,0.53815510763752,0.630928050726652,2674.92041419078,0.0625,129,2,"SNETWORK (2 41 2674.92041419078 0.53815510763752 87000045 129)",87
36,87000046,0.905968265111069,47,0.694079036527741,0.60967167323295,0.623124281295046,0.615977027310147,0.618989232093641,-0.158756375292642,-0.146048443969772,-0.0257769081978501,0.300621879868019,-0.357913720905001,0.448649061808085,-0.644443636270269,-0.357913720905001,-0.357913720905001,-0.695029621098429,-0.000335083411523359,-0.0561003617543286,-1.20686524037246,0.272933859822192,-0.124352331606218,0.460231660231661,1.53191489361702,0.247465145754119,0.905968265111069,0.5,0.450776771967135,0.127540305030281,0.127011387496949,-0.418463613360169,0.124349233190392,0.895569114336287,0.232543099726076,0.293987711549085,0.0372637374656998,0.161195236181623,0.0799702643258065,1809.0000000001,1.86486686053552,0.105219485858617,4932.0000000001,3.3187634978932,5.18363035832872,0.0592259531075617,0.5046524825779,1.30304564569384,0.157552413790003,0.120856086019718,-0.00462279695163364,0.188346117595297,-0.021314965299852,0.603230829923869,-0.427673523515352,-0.647897809486464,0.0935343425479167,1260.0000000001,4.71413085947333,0.0935343425479167,1260.0000000001,4.71413085947333,0.906494026001572,0.761454879025782,1e-10,-0.44817359644854,-0.484568197513405,0.206848053229497,-0.469562463742662,0.832719013372965,0.478666402763942,0.676414028971747,0.668054363157542,0.67905776525831,-0.471938131086722,-0.968291719347957,-1.39960709737141,-0.00656213859431441,-0.969890326396942,0.0392633074725346,0.262456877879964,0.431394353658803,-0.0799075170656946,-0.35471897262817,0.0034390972448643,-0.420420237379279,4932.0000000001,0.229635376360667,0.021307174587822,0.0379187784197398,0.0538616516715025,0.0538616516715025,0.508212541318124,1.5612932369113,5344.13970763544,0.0156249669969604,66,2,"SNETWORK (2 36 5344.13970763544 0.508212541318124 87000046 66)",87
29,87000047,-0.902192657622465,22,-0.305920963472259,-0.59067341236485,-0.695629464068801,-0.700108350003007,-0.706051805186474,0.00734906216020053,0.0156843596739797,0.926121284049183,0.360992881703812,0.849927466021665,-1.20843950261127,0.797383977721036,0.849927466021665,0.849927466021665,-0.00925209542485637,-0.00680130583762188,-0.0176958726633822,0.546589170023916,-0.273323718709952,0.763878608438194,-1.20507446221732,-1.78686561665285,0.401729132717726,-0.902192657622465,-0.5,0.0294840517445172,0.674758281425345,0.677183655094052,0.0283942407401753,0.688190565779037,-0.901474659875094,-0.0628095609565035,0.341227289193503,-0.144829771990245,1.11570043750899,0.0399850261056294,2747.0000000001,4.90005583110044,2.64287724923686,353.0000000001,1.49157969771941,6.39163552871985,0.0667359451944848,0.35329843791389,2.35442285071785,0.122995260877532,-0.0532625283709009,-0.116919045515726,-0.175042345220582,-0.120348147221457,0.31459092160851,0.0644281396119742,-0.0533522688604392,0.620836412684459,259.0000000001,6.43186523447658,0.620836412684459,259.0000000001,6.43186523447658,1.29408958430753,1.11448498610268,1e-10,0.0474114617219992,-0.145590077483313,0.0515542178087585,-0.0706332859659487,-0.206115705486086,-0.892855882414001,-0.401527327828466,-0.413354895906676,-0.408480364656475,0.0581174333191954,-0.289809585047959,0.780554246022453,0.491387823882411,-3.10334614895394,0.772116065435108,0.984767834958742,0.23786963342628,0.845126987660371,-0.701202520146944,-0.346680639069204,-0.0501352212554861,2747.0000000001,1.32350659435912,0.0511621564517097,0.0155737886427751,0.0671559889819259,0.0671559889819259,0.541512963603342,1.44504466387235,1190.81031663027,0.25,37,2,"SNETWORK (2 29 1190.81031663027 0.541512963603342 87000047 37)",87
28,87000048,-0.369525724883435,43,-0.305920963472259,-0.59067341236485,-0.562675121066356,-0.564925299345405,-0.567713055283144,0.380173912018302,0.413567393921433,1.06845390465286,-0.513717745859245,0.395574211074521,-0.756424060360669,0.795865607968594,0.395574211074521,0.395574211074521,-0.0245433751136305,-0.784109881577593,-0.763569816374629,1.37769986224242,-1.47602229167463,0.269430051813471,-0.72998712998713,-1.34966688158177,0.0396070975918883,-0.369525724883435,-0.5,-0.0638749709948568,-2.12990492832844,-2.04618958388916,-0.221844387727068,-1.73653789329879,-0.366336014475169,0.159780872745915,-0.502833227380347,0.927075049006567,1.37347852421275,0.0399850261056294,10355.0000000001,22.7387581213413,0.163995509446892,8783.0000000001,2.30287096636435,25.0416290876056,0.415366044121005,-0.397188862446436,-0.70379701017404,-0.0110237001413883,0.712616029888283,0.713829221975086,0.72929269491732,1.01817979954754,0.154052041592826,2.27019780173587,1.43997253108843,0.0458136665496528,936.0000000001,1.71526367197542,0.0458136665496528,936.0000000001,1.71526367197542,0.229819204365389,0.0866800456112312,1e-10,-0.631701854939917,-0.17698656548642,-0.114248306869919,0.0706332859659487,-0.206115705486086,-0.892855882414,-0.323585971028251,-0.331945636842458,-0.320942234741688,0.78411385254557,0.672868072976823,0.186002063684456,-0.855404738857343,-0.0845453532138124,0.301674202497462,0.38912596276799,0.495415061392949,0.21699754746427,0.656974179075358,0.835209306167298,-0.474498163204932,10355.0000000001,0.273079907004577,0.377168273428464,0.0381977705925413,0.028451115674232,0.028451115674232,0.0524352487703358,1.23115622692138,1657.7829714198,0.125,2,2,"SNETWORK (2 28 1657.7829714198 0.0524352487703358 87000048 2)",87
29,87000049,-1.02131537774031,16,-0.305920963472259,-0.59067341236485,-0.695629464068801,-0.700108350003007,-0.706051805186474,-0.0855893963827722,-0.0782007684898513,0.896112754258076,0.395105098106558,0.860683175901659,-1.16789314018598,0.771287283112331,0.860683175901659,0.860683175901659,-0.111715179600268,0.141925790475017,0.22209606260301,0.708967017168202,-0.141885055361902,0.763878608438194,-1.20507446221732,-1.78686561665285,0.401729132717726,-1.02131537774031,-0.5,1.32428291918674,1.84444880610802,1.87977084543537,-0.748473992237303,2.07591385587157,-1.02337303437564,-0.115856665236039,0.371295410808148,0.368620737660232,0.820616817804434,0.0399850261056294,12021.0000000001,15.7716007981175,1.0209218851622,922.0000000001,1.5049365863337,17.2765373843512,0.148826726136205,-0.661015115228846,0.480112041122941,-0.749615088447527,-0.138466841527021,0.683953203349333,-0.48507453837639,0.532687220309068,0.039352452911353,0.853340267756563,1.21400815230184,0.0293110575429461,482.0000000001,0.565117187600139,0.0293110575429461,482.0000000001,0.565117187600139,0.284733863644186,0.539564158952149,1e-10,-0.00670958577658247,-0.5061980003861,0.0559030401610459,-0.578778879468634,-0.206115705486086,-0.892855882414001,-0.405788377193844,-0.417805535283672,-0.413266069040296,-0.726083132307777,0.41962024200724,0.211543004417336,0.359134889506657,-2.21010977923452,0.371665919983614,0.629231930849225,0.340611558351896,0.34043730099171,-0.405640425830926,0.434119998198811,0.277910224391472,12021.0000000001,0.977501939587975,0.135862624489709,0.0129641015464958,0.00486813641945989,0.00486813641945989,0.389847242835823,0.523549731350897,1050.10777338785,0.25,31,2,"SNETWORK (2 29 1050.10777338785 0.389847242835823 87000049 31)",87
43,87000050,0.386289638966004,41,0.131579036527741,0.406563246402039,0.354270929498081,0.350983481983268,0.358474665810763,-0.623238692699901,-0.572233126560575,-0.152054966678919,-0.71128337851264,-0.159463270396724,0.442530226361571,-0.199648261792434,-0.159463270396724,-0.159463270396724,0.0304565834401767,3.15916419281071,3.25651156378578,-0.42462859956556,3.88408961576721,0,-0.0555984555984545,-0.180528691166989,-0.277249683143219,0.386289638966004,0.25,-0.493977978914967,-0.229616142139762,-0.227466486547258,0.642298789213166,-0.217462691498459,0.376431034264983,-0.118594614656026,-0.690125626975814,-0.434064290716317,0.0537287445448728,0.0799701818409082,2603.0000000001,0.894410782288088,0.0888426347035258,2060.0000000001,1.17042830330055,2.06483908548864,0.0250221669821755,0.140062073860102,-0.185240526276124,0.0797538902789817,0.373294378730609,0.298898856942356,-0.00301965812745635,0.305646513506421,-0.811176444619529,0.393736669615926,0.161178681657116,0.0145468671000731,1709.0000000001,0.99442382822542,0.0145468671000731,1709.0000000001,0.99442382822542,0.0671663950875107,0.348833243920706,1e-10,1.63050457844767,0.897730336524798,-0.175277904177786,0.998640183508699,0.519625572763656,0.337621113356361,0.676414028971749,0.668054363157543,0.67905776525831,-0.670110640646975,0.219830109952247,0.414230128655864,-0.43685388196837,0.00670052392734591,-0.139693129360252,-0.212277493788243,-0.205494148053099,-0.129673294275418,-0.291461648701038,-1.0540624762677,0.770643311151357,2603.0000000001,0.926299457043367,0.0108386634152245,0.014183503466951,0.0120506431494068,0.0120506431494068,0.639098816424597,0.44880538713187,3729.80749402107,0.0312500660060792,175,2,"SNETWORK (2 43 3729.80749402107 0.639098816424597 87000050 175)",87
43,87000051,0.439356845727946,43,0.0559209634722586,0.323316827497892,0.354270929498081,0.350983481983268,0.358474665810763,-0.25399642133941,-0.24947009079102,0.0331969086833405,-0.905044954432274,0.0910108925038233,0.918775916375851,-0.543893188535067,0.0910108925038233,0.0910108925038233,-0.213957035988879,3.57677380218781,3.78103169332899,-0.839684323866525,4.5205801212811,0,-0.0555984555984545,-0.180528691166989,-0.277249683143219,0.439356845727946,0.25,-0.0577633234478762,-0.166128525495747,-0.164728826376493,0.0147299977287453,-0.158146651133917,0.435745051449473,0.338693001581857,-0.878546445519603,-1.00894946851925,0.0530106111937449,0.0799701818409082,3775.0000000001,1.27978180883462,0.0709645841182882,3202.0000000001,1.45317913971197,2.7329609484466,0.0327738314745502,1.09834373396387,0.265818356924378,0.820734318002827,0.120381595805429,-0.660309034282592,0.341642475623635,-0.734208673748118,-0.973665619902115,-0.580711657424157,-0.0271673523486758,0.0163811740932217,1881.0000000001,1.23251953135052,0.0163811740932217,1881.0000000001,1.23251953135052,0.120891137589009,0.276343484625759,1e-10,0.335853792612101,0.286255651081986,-0.0932008175823518,0.136032209821547,0.517830201866211,0.18278565565145,0.676414028971749,0.668054363157543,0.67905776525831,-0.396678068584685,0.199612983400719,0.55822078711161,0.573273734551139,0.289981886782379,0.904591260581334,0.857721821049962,0.333687807991773,0.978669686891775,-0.512347604507058,-0.492995380772567,0.351317187060185,3775.0000000001,1.19317300242739,0.0153472200987945,0.0174266112757557,0.0147804480365818,0.0147804480365818,0.670202103099471,0.942061029316392,3775.17688973607,0.0312500660060792,176,2,"SNETWORK (2 43 3775.17688973607 0.670202103099471 87000051 176)",87
41,87000052,-0.715347519191429,16,-0.351973654490753,-0.150431219958124,0,0,0,0.702779978689768,0.923224186301804,0.494248875441225,0.153889304565768,0.366568869890946,-0.149334822561631,0.0241748313960525,0.366568869890946,0.366568869890946,0.579335691422248,0.431376913147474,0.339561344997634,0.408165990096117,0.30330114059298,-0.730569948186529,0.438610038610039,0,-0.752534854245882,-0.715347519191429,0,0.197165831807065,1.95046298335282,1.99043778655569,0.0123459468840469,2.21524974196063,-0.718998293294472,-0.606906516595043,0.144159449683595,-0.39764045904498,0.123816868886141,0.0799701241440398,1713.0000000001,1.35641542299219,0.098674325214721,5527.0000000001,3.48778068797063,4.84419611086282,0.0410093626485856,-1.02545058582778,0.696226519030464,-0.919387592781054,-0.355927621319111,0.662616821588032,-0.926565515595002,0.508176969207142,-0.624460690856726,0.762458743175487,0.762308189391803,0.0205052310526057,1986.0000000001,1.628935546975,0.0205052310526057,1986.0000000001,1.628935546975,0.524777537997065,0.302643966617356,1e-10,0.0984026467957809,0.13323070594532,0.28194499135778,-0.422040735950781,-0.39255626838664,-0.335033423986381,1.4637901463605e-15,-1.49871635330658e-15,0,-1.57381579689381,-0.632145930352619,0.0598024897553111,-0.122855334011965,0.160702505200482,0.377659547752043,0.306027175548897,-0.284258165022042,0.508455871517105,-0.317125680639731,0.270560078899675,-0.298489061726451,5527.0000000001,1.35608999234205,0.011482964473773,0.0295263980748126,0.0137900297351001,0.0137900297351001,0.168141909318322,3.06701252062793,2045.93730035235,0.0625,110,2,"SNETWORK (2 41 2045.93730035235 0.168141909318322 87000052 110)",87
41,87000053,-0.814597479721017,11,-0.351973654490753,-0.150431219958124,-0.192309249631537,-0.194095720002018,-0.196546296696359,0.67409475829963,0.904025201338436,0.512698952861594,0.197967953356966,0.287360678420391,-0.181905663877268,0.0145864119065555,0.287360678420391,0.287360678420391,0.568544132071011,0.62318941464502,0.527481495604164,0.409709821076845,0.536641266892852,-0.730569948186529,0.438610038610039,0,-0.752534854245882,-0.814597479721017,0,0.362991314667272,1.85068210458049,1.88627037077613,-0.169549317581025,2.08403996400261,-0.82122052110515,-0.529742160578839,0.196582210742454,0.125910358025038,0.196725046486004,0.0799701241440398,782.0000000001,0.983834275680537,0.103702351457211,5009.0000000001,3.32196593568786,4.30580021126839,0.0370538545867558,2.36481045384731,-2.21001675844199,-0.529733406187538,-0.58443050228507,0.0566041275950202,-0.835209414244041,0.0453779329516789,-0.474480149304961,-0.0391788148202103,-0.16707306064475,0.0377413842985887,1736.0000000001,2.62076171885,0.0377413842985887,1736.0000000001,2.62076171885,0.43413893279991,0.0699401942266876,1e-10,0.301160641493903,0.409919950756534,0.192474977900043,-0.373859058080929,-0.39255626838664,-0.335033423986381,-0.249726623935306,-0.257748024493378,-0.258734109344306,-2.34891798060977,-0.0145950280358602,-0.10960526864899,0.871929079721598,-0.204221227630798,0.676035322028011,0.391356306768692,-0.483081569049901,0.915976297245337,1.15050433811627,0.830422494860497,0.0591077325194467,5009.0000000001,0.968192397307137,0.00846645229657598,0.0285874021901798,0.0225531419500468,0.0225531419500468,0.0986514171964195,0.652475832030177,1927.81084887563,0.0625,107,2,"SNETWORK (2 41 1927.81084887563 0.0986514171964195 87000053 107)",87
37,87000054,0.268942240388023,16,0.694079036527741,0.60967167323295,0.623124281295046,0.615977027310147,0.618989232093641,-0.650315781695418,-0.608565005432153,-0.161232784069066,1.84513106087554,-0.381687470917722,0.0663683351902713,-0.445265878753889,-0.381687470917722,-0.381687470917722,-0.594118555180241,0.0228844955287943,0.171633314224573,-0.474440491218471,0.0763569533831695,0.435233160621762,-0.438266838266838,-0.0888315781932811,0.436734262779889,0.268942240388023,0.5,-0.284287879790053,-0.279755793755145,-0.276929006394608,0.292462309503153,-0.263876265940195,0.255740068841783,-0.102641376330486,1.76858296197401,-1.0975390489859,0.0795956848885399,0.0799702643258065,705.0000000001,0.358868800009522,0.141213158605925,4476.0000000001,4.04224196781991,4.40111076772943,0.0537762822440153,0.791197946936363,-0.170351612250526,0.767252706737289,0.336303881521411,-0.427814602964461,0.0230888966360298,-0.492990469518439,1.32351739337419,-0.187484726733123,-0.706237660601692,0.0187058101371868,958.0000000001,0.716806640724745,0.0187058101371868,958.0000000001,0.716806640724745,0.00452388740383585,0.436255445398157,1e-10,0.50501245993685,0.259536687326666,0.361973625463286,0.519489816012305,0.793884294513914,0.459181735140857,0.676414028971749,0.668054363157543,0.67905776525831,0.0622972917234957,-0.140757160245342,-0.548980267822149,0.663969071013419,-0.137085450299111,-0.207588916230445,-0.159325985903407,-0.256579215996325,-0.197606990223456,-0.538670429679338,-0.561873568858713,-0.092630670348548,4476.0000000001,0.238944918641505,0.00438494526849035,0.049391336875525,0.00875851533491459,0.00875851533491459,0.364331685907277,1.0887856078394,4601.5494156819,0.0312499339939208,80,2,"SNETWORK (2 37 4601.5494156819 0.364331685907277 87000054 80)",87
29,87000055,-1.17885009306886,8,-0.305920963472259,-0.59067341236485,-0.88766904750336,-0.89062955707874,-0.905942372439505,-0.12588758151471,-0.111672168513484,0.843270653023744,0.911923657193322,0.510845810676829,-1.1804225123762,0.59965935288262,0.510845810676829,0.510845810676829,-0.2911916871958,0.577442411661056,0.503225402749961,0.392741188773206,0.48608835520545,0.202072538860104,-0.56138996138996,-1.05738233397807,-0.0396070975918889,-1.17885009306886,-0.5,1.06936098455713,1.83965747282542,1.87477549840813,-0.646520024940271,2.06967318705875,-1.18232921387791,-0.97566164891874,0.867277972177715,0.842349131796075,5.48805842923796,0.0399850261056294,6241.0000000001,54.760534020131,0.179874738635819,17278.0000000001,4.96887888372672,59.7294129037577,0.514937243795501,2.35781972654144,-1.81114918529826,-0.759581748426739,-1.09540229074733,-0.167535202929729,-1.28983486813441,-0.128889077910411,-0.539488665345897,-0.456552868129817,-0.839192065853593,0.417737605553897,2104.0000000001,35.1567968751086,0.417737605553897,2104.0000000001,35.1567968751086,7.77568305916021,7.37976404240427,1e-10,1.90423274284847,1.38794776316903,0.0907936734868394,1.38688774994279,-0.206115705486086,-0.892855882414,-0.529691805094407,-0.540315711661435,-0.544641301964505,-1.32614256274808,0.217219205614789,-0.561521895617119,0.333201756755817,-2.20192860820147,-0.451351870832487,-0.658299293752651,-1.43674430626628,-0.184911700057663,0.587030456422611,0.554632876731931,0.295125058376138,17278.0000000001,1.53917765719853,0.472099709016923,0.0428375346785776,0.303092617186447,0.303092617186447,0.197403648666981,3.23947647179432,871.574990942083,0.25,25,2,"SNETWORK (2 29 871.574990942083 0.197403648666981 87000055 25)",87
41,87000056,0.489759714972804,61,0.398026345509247,0.0967186297942882,0,0,0,0.794786788456955,0.572828612214422,-0.196225636046473,-0.793615203143335,0.552210863401348,0.692244447387072,0.0859755614635014,0.552210863401348,0.552210863401348,0.358788256720712,-0.648024697338176,-0.757965270219865,-0.459715211656147,-0.745979598782618,-0.730569948186529,0.438610038610039,0,-0.752534854245882,0.489759714972804,0,-0.0237413376734981,-0.160592104734168,-0.159252137162047,-0.0233493866477314,-0.152944876954348,0.484826666621411,0.705819257144244,-0.765607110610989,-0.576856314965726,0.116677458807192,0.0799701241440398,5522.0000000001,4.12039548911952,0.200255387722534,1439.0000000001,1.84289479041935,5.96329027943888,0.071446906328985,0.689564400520568,0.61993776416165,0.270371234487235,-0.0171419051516769,-0.237421468782312,0.589761806819332,-0.276605952863474,-0.469356972929951,-0.250345555528662,0.00863371432483385,0.032495903537242,1211.0000000001,1.5741015626,0.032495903537242,1211.0000000001,1.5741015626,0.512404607061263,0.168024511720737,1e-10,1.4186423717948,1.0366065284317,-0.0638192308790633,2.09080966294646,0.827782402343433,0,-0.0157131178732186,-0.0219226612827396,-0.0254926328519517,-0.400776106165902,0.543514282441498,-0.520289436507325,-0.174452047230083,-0.609837583481977,-0.829886328327096,-0.874569473842986,-0.740961088108406,-0.816095572673253,0.502964416097411,-0.493299191739217,0.844849041714433,5522.0000000001,0.153607447733825,0.0493669595710086,0.0220799466579765,0.0188595022986714,0.0188595022986714,0.762459210961859,0.942977401558737,3056.2135518317,0.0625,142,2,"SNETWORK (2 41 3056.2135518317 0.762459210961859 87000056 142)",87
37,87000057,0.395282794491624,22,0.694079036527741,0.60967167323295,0.623124281295046,0.615977027310147,0.618989232093641,-0.62799340022299,-0.579268069878952,-0.168675917679674,1.75841623020594,-0.421164406298043,0.106084837478081,-0.442456919624269,-0.421164406298043,-0.421164406298043,-0.622842138258861,-0.0571553078370772,0.0831260550639393,-0.515985831503517,-0.00845124042048917,0.435233160621762,-0.438266838266838,-0.0888315781932811,0.436734262779889,0.395282794491624,0.5,-0.290760986756796,0.134752597309664,0.134207783928037,0.369853142911584,0.131458545403057,0.386144283483091,0.761887494519118,1.68368122321871,-0.428870101202021,0.0500303863899679,0.0799702643258065,217.0000000001,0.0694305575034861,0.0905890223616213,3292.0000000001,1.90718341206914,1.97661396947262,0.0225571335314365,-0.000721541996613157,0.271345143156911,0.634257572869985,0.20423471755996,-0.41491493624724,0.545849383329525,-0.443440460083578,1.73553302153266,-0.0876141798405466,-0.446758948037866,0.0517246604108138,1112.0000000001,2.30071289072418,0.0517246604108138,1112.0000000001,2.30071289072418,0.361922002156976,0.0283823516185446,1e-10,-0.296066538235607,-0.514396462347725,0.191907202724724,-0.344219848530813,0.793884294513913,0.459181735140858,0.676414028971747,0.668054363157542,0.679057765258309,0.808385156629317,-1.02796025583507,0.858965655986007,0.483145571556331,-0.574224194548396,1.06352053276394,1.24331691479619,0.918730259573481,1.01786401964311,-0.541091635921352,0.0630681333108294,-0.45946683716039,3292.0000000001,1e-10,0.000792342041408592,0.0217647913900279,0.0262557527495912,0.0262557527495912,0.499830982147751,2.7335414809328,4739.09703885629,0.0312499339939208,86,2,"SNETWORK (2 37 4739.09703885629 0.499830982147751 87000057 86)",87
28,87000058,0.469664701390239,58,-0.0559209634722586,-0.39032832676705,-0.562675121066356,-0.564925299345405,-0.567713055283144,0.288111633433596,0.431750568680485,1.03999347666537,-0.900315232990298,-1.23202433470748,-1.67476082956535,0.506508963009285,-1.23202433470748,-1.23202433470748,-0.397406436563101,-1.30331536440051,-1.16781976469923,0.926787305885343,-1.97046988051236,0.269430051813471,-0.72998712998713,-1.34966688158177,0.0396070975918883,0.469664701390239,-0.5,-0.694215409533101,0.695425837388254,0.698124748723453,1.25096634791941,0.710486555563486,0.482864198330887,1.43262925695175,-0.872662322201328,0.00696367655075688,0.0946760270440847,0.0399850261056294,35518.0000000001,5.37629750627389,0.0642382064129751,6972.0000000001,0.716053628823315,6.09235113499721,0.0633950849308761,-0.28671587369091,1.64481637896059,2.26103056755489,2.49170024299628,-0.0116513037873149,0.770783947435655,-0.020972961249276,-0.60171001205818,0.424968120046216,0.147119892460319,0.0436505923286786,1366.0000000001,2.38506835947559,0.0436505923286786,1366.0000000001,2.38506835947559,0.380956263497178,0.00978991199701059,1e-10,-0.213056771108664,-0.401342035411908,-0.0913656789133638,0.192053455956316,0.387104575964191,-0.540818264859141,-0.32358597102825,-0.331945636842455,-0.320942234741688,1.54919513637255,0.179566438555565,1.70559760895607,-0.57648138434176,0.289981886782379,0.1003316608643,-0.183061388984522,0.826209344965575,-0.108614232547766,0.414892956901718,0.339357891853849,0.0305080988354459,35518.0000000001,0.394103956655469,0.0559440565609606,0.00745102826991556,0.0248182692727551,0.0248182692727551,0.476560611638688,1.71655216870762,1994.48859890457,0.125,15,2,"SNETWORK (2 28 1994.48859890457 0.476560611638688 87000058 15)",87
43,87000059,-0.311018716090173,13,0.131579036527741,0.406563246402039,0.118081199488201,0.12698938418892,0.129762766215853,-1.354272112392,-1.10059491637881,-0.298452498941151,0.208958177454504,-0.502555978782896,-0.0420484291169711,-0.472785630315331,-0.502555978782896,-0.502555978782896,0.410960946913413,3.3909540690978,3.31621555676784,0.383201375965771,3.91859645981671,-0.124352331606218,0.460231660231661,1.53191489361702,0.247465145754118,-0.311018716090173,0.25,1.05634836889121,0.334084364887325,0.333686891798179,-0.723755217695853,0.331285814187118,-0.311875119896577,0.00361078207007571,0.195881270838621,0.84745427243035,0.0637482767512804,0.0799701818409082,1471.0000000001,0.599704472154144,0.13257464240669,3245.0000000001,2.75125808113136,3.3509625531855,0.0370061287180567,-0.305241930160193,0.262376379303183,-0.846795307132885,0.467424658723618,1.32713462518528,-0.0395532696016655,1.30748867278446,0.317237337549825,1.35397718401902,1.51501079690922,0.00473737792810333,1442.0000000001,0.273251953225115,0.00473737792810333,1442.0000000001,0.273251953225115,0.0955613350764238,0.58870396296487,1e-10,0.452626184471633,0.711423553265964,0.0284395543034105,0.698458697237257,-0.0874716815239709,0.0646276650958085,0.0578690160044366,0.0603490272231779,0.0597424192058895,-0.92500813796276,-0.437619534300523,-0.299829451040677,0.174588484747561,0.271535793591193,0.434147764431319,0.388657054276783,0.104170374166733,0.475923903005059,-0.452742635697212,-0.117338099763506,0.561985790184837,3245.0000000001,0.512024825546082,0.00662279583077549,0.0303833327872812,0.00301763948784575,0.00301763948784575,0.205225155607654,1.99818268883973,3096.92949583129,0.0312500660060792,156,2,"SNETWORK (2 43 3096.92949583129 0.205225155607654 87000059 156)",87
41,87000060,-0.928280397807546,4,-0.351973654490753,-0.150431219958124,-0.192309249631537,-0.194095720002018,-0.196546296696359,0.609146557948812,0.84186422084994,0.519285367311305,0.24950425421435,0.249669186238482,-0.266207576520743,0.0110033917706245,0.249669186238482,0.249669186238482,0.5774079017951,0.770268324475851,0.661576067481815,0.309400605650951,0.746723774513588,-0.730569948186529,0.438610038610039,0,-0.752534854245882,-0.928280397807546,0,0.333112450014413,0.473385230022299,0.47375471905927,-0.294716864509483,0.47483437137716,-0.933785196623457,-0.480443245601428,0.231478330977222,0.0314416284075549,0.0545884117856691,0.0799701241440398,3714.0000000001,1.29657575674948,0.0706946472517632,5319.0000000001,2.40476178001782,3.7013375366673,0.0399486205797582,1.52983204544223,-1.68680089611773,-0.820976720469228,-0.258383445827488,0.651141390398418,-0.499810269507041,0.621209892155594,-0.0903208743351867,0.376035652686766,0.59366149245354,0.01629100048853,2051.0000000001,1.336513671975,0.01629100048853,2051.0000000001,1.336513671975,0.458794449138356,0.285781781049192,1e-10,-1.09179178304865,-2.07984982665851,0.035805390629105,-1.09783493797001,-0.39255626838664,-0.335033423986381,-0.487990783359437,-0.503664629107672,-0.505590738712639,0.389803461477397,-2.3169555160831,0.150193243574745,-1.39485686922447,0.289981886782379,-0.379498226812166,-0.29576091436496,-0.563382949433552,-0.323930229294235,0.0624744500342554,0.00266882685934536,-0.474498163204932,5319.0000000001,1.45694336705112,0.0139939717234442,0.025954648756314,0.0144250225536737,0.0144250225536737,0.011160824389423,0.00404335092753172,1779.08613920232,0.0625,102,2,"SNETWORK (2 41 1779.08613920232 0.011160824389423 87000060 102)",87
43,87000061,-0.36874761386621,11,0.131579036527741,0.406563246402039,0.118081199488201,0.12698938418892,0.129762766215853,-1.32890376236119,-1.04374856195223,-0.281371847921901,0.329356736623041,-0.433887936719981,0.0427580607716754,-0.489971537061461,-0.433887936719981,-0.433887936719981,0.383903681772327,3.3188078271081,3.24661565316661,0.355576621908973,3.83913518425892,-0.124352331606218,0.460231660231661,1.53191489361702,0.247465145754118,-0.36874761386621,0.25,1.05902614562053,-0.445516916963298,-0.439913446014925,-0.761491178570762,-0.414648901876735,-0.367818181228802,0.709971298931259,0.308625725594601,0.360757387634098,0.711648023562585,0.0799701818409082,1521.0000000001,6.92230335731349,0.114045285851902,1417.0000000001,1.03348303995241,7.9557863971659,0.0999037746514345,1.6391935888692,-0.298332373079381,0.386717198139927,-0.241016391581324,-0.548586880073734,0.669593874169271,-0.64496997231851,1.02007304738832,-0.545197797714804,-0.66643806994547,0.0237644362413043,805.0000000001,0.765214843850323,0.0237644362413043,805.0000000001,0.765214843850323,0.0154468827109601,0.413668554768227,1e-10,1.44994871872612,0.683054826121305,-0.642161795638094,1.19287839355378,-0.0874716815239709,0.0646276650958095,0,1.49871635330658e-15,1.55600483282998e-15,-0.124933578531153,0.829305685255361,-0.264431347962048,-0.694296743756248,-0.665260903364853,-0.0797029996788317,-0.134537167243836,-0.403094336760039,-0.00716080477305042,-0.0161195425499248,-0.829291461370686,0.797345128262106,1521.0000000001,0.47633824680287,0.0869259428873988,0.0129778316640357,0.00960908795410062,0.00960908795410062,0.166448976806348,4.4405547322116,3040.36789130565,0.0312500660060792,154,2,"SNETWORK (2 43 3040.36789130565 0.166448976806348 87000061 154)",87
29,87000062,-1.07649128703358,13,-0.305920963472259,-0.59067341236485,-0.695629464068801,-0.700108350003007,-0.706051805186474,-0.135925479590385,-0.155649991078323,0.855410574284198,0.655066419713714,0.775389539545137,-1.27609612857086,0.83233692777529,0.775389539545137,0.775389539545137,-0.122349164532423,0.555872227933132,0.585743911716052,1.01473438721026,0.268818778647279,0.202072538860104,-0.56138996138996,-1.05738233397807,-0.0396070975918889,-1.07649128703358,-0.5,1.28663073190026,-0.211014086773569,-0.209096576666251,-0.821027440666445,-0.200146403171366,-1.07966636020378,0.655727397442354,0.621662972063773,-0.6102669750293,1.3330917507427,0.0399850261056294,10308.0000000001,21.9699574830383,0.270291762286293,9065.0000000001,3.91737713195354,25.8873346148919,0.31274783313152,-0.301878058762041,0.00729060710818802,-0.136845348834576,-0.214557291502403,-0.0108446517551836,0.570979937364546,-0.0325518668011678,1.17355168100882,0.111426864020748,0.00324821572940231,0.0954904711790667,1543.0000000001,5.89367187510145,0.0954904711790667,1543.0000000001,5.89367187510145,1.17264976297126,1.22192968661832,1e-10,-0.270422427827859,-0.154912176996405,-1.5277777113639,-0.406345632886803,-0.206115705486086,-0.892855882414001,-0.436173920905954,-0.449542747978101,-0.447393236563639,-0.297313809388087,-0.0208628465297557,-0.145184180488018,0.658178604457255,-1.46471571957661,0.630010262370684,0.532567913235144,0.674279333265694,0.563070113320631,-0.0809933795899919,0.00525432440064374,-0.474498163204932,10308.0000000001,0.668735453940186,0.265421554471564,0.0473262785599558,0.0712021200688735,0.0712021200688735,0.318356409230736,1.04334585922853,983.784664541288,0.25,28,2,"SNETWORK (2 29 983.784664541288 0.318356409230736 87000062 28)",87
29,87000063,-0.63963208832699,33,-0.305920963472259,-0.59067341236485,-0.562675121066356,-0.564925299345405,-0.567713055283144,0.0980331364506799,0.115070856506891,0.947487401605083,-0.0195141895731884,1.09019291439316,-1.35216714552221,1.03452118833823,1.09019291439316,1.09019291439316,0.135170075515781,-0.451976229713835,-0.489663919289832,1.18650575253655,-1.01245794859276,0.161658031088083,-0.460231660231659,-0.882011605415858,-0.0871356147021551,-0.63963208832699,-0.5,0.328513938283984,-0.0239899676973421,-0.0238378111545413,-0.341162978788771,-0.0231026643376703,-0.642411454179303,-0.741509758538364,-0.0170410120566378,0.607615472062934,1.02214274637483,0.0399850261056294,9815.0000000001,16.0397140115554,0.170989626748809,6463.0000000001,1.76684595110706,17.8065599625624,0.208593377660911,-0.0633605045998031,-0.77579990992423,-0.41360437731726,-0.717790080750161,-0.187126248153007,-0.669734912205923,-0.216064380579241,-0.497296253141674,-0.187457369595297,-0.167852101213893,0.105668462684755,1143.0000000001,4.83116210947619,0.105668462684755,1143.0000000001,4.83116210947619,0.932901364263064,0.834018095828583,1e-10,-0.997548226970634,-0.793321356359203,0.157259333146287,-0.797211710920577,-0.206115705486087,-0.892855882414002,-0.323585971028253,-0.331945636842458,-0.320942234741691,-0.800138495033499,-1.07257764165532,0.573796311743341,1.32903620009098,-1.106533655482,1.06165974871529,1.05496678519814,-2.01014510619271,1.76962563256328,0.843543721461646,1.86632675102581,-0.474498163204932,9815.0000000001,0.0480993018843289,0.187895816362829,0.0206975611980819,0.0565942228068467,0.0565942228068467,0.809862502336562,1.51531384623127,1439.7621719778,0.25,47,2,"SNETWORK (2 29 1439.7621719778 0.809862502336562 87000063 47)",87
43,87000064,-0.0991943970310119,22,0.131579036527741,0.406563246402039,0.125190979814175,0.126908484697204,0.131153005061719,-0.967066064543459,-0.76665713277516,-0.132319240647427,-0.216984966125742,-0.554146670883327,0.0928908238041831,-0.332228092796009,-0.554146670883327,-0.554146670883327,0.256859911588869,3.0952500173656,3.03740808251238,0.117361491609464,3.6397631472644,-1.08808290155441,1.58918918918919,3.01740812379109,-0.334283903675539,-0.0991943970310119,0.25,0.195471208195222,-0.68691824155157,-0.675770212493179,-0.299310796158195,-0.627068224214567,-0.106554389143566,-0.824437077340566,-0.20943487113157,0.714547186781552,0.871191988264161,0.0799701818409082,1048.0000000001,5.83890381969947,0.509776652464824,759.0000000001,2.47444544343421,8.31334926303368,0.108634810945476,0.0921961911143578,0.0324161250468473,-0.561369061299567,-0.996239624236996,-0.280983823942515,-0.629524279787554,-0.358132964279603,-0.667178270680181,-0.25423557588989,-0.313884366023292,0.030262134793287,216.0000000001,0.26146484385011,0.030262134793287,216.0000000001,0.26146484385011,0.0982210194289651,0.578107058544033,1e-10,-0.436941621393051,-0.135371037511014,-1.29329812043025,-0.44274933073611,-0.0874716815239709,0.0646276650958085,0.629855285280611,0.622071029675713,0.63231710614122,-0.905273264059506,-0.858355477474969,0.594898442444675,0.135680268957484,0.223333654485989,0.998614637080634,0.978566210210554,1.1945079762709,0.869356113231289,-0.22617875107519,0.046439725321351,-0.474498163204932,1048.0000000001,1.39022498070512,0.0762999594898859,0.0323348513555896,0.00341669559947149,0.00341669559947149,0.344679818222653,0.247996450652853,3300.34766956378,0.0312500660060792,160,2,"SNETWORK (2 43 3300.34766956378 0.344679818222653 87000064 160)",87
29,87000065,-0.532166861251846,38,-0.305920963472259,-0.59067341236485,-0.562675121066356,-0.564925299345405,-0.567713055283144,0.0778349425089108,0.105980953005257,0.941521528223366,-0.103147832415437,1.05555052323706,-1.30019952675318,1.02633602396891,1.05555052323706,1.05555052323706,0.103339728572643,-0.596392146195494,-0.598733870357441,1.61695810870215,-1.32066315845499,-0.730569948186529,0.438610038610039,0,-0.752534854245882,-0.532166861251846,-0.5,0.257902159779446,-0.563681667985223,-0.555588635575485,-0.3381761641072,-0.519670735327316,-0.531501458523777,2.70653916147959,-0.106663879670935,-2.34073475989632,0.543957911687445,0.0399850261056294,25656.0000000001,22.3125399100735,0.0655397015853395,729.0000000001,0.0763882838952244,22.3889281938687,0.286679359033751,-0.349503272732587,0.110401829562022,0.660667036057482,-0.0528601689805547,-0.680565341849463,1.70591757615106,-0.811160461475774,1.43071720666243,-1.60380881374862,-1.55909941417991,0.113326270763198,949.0000000001,4.30186523447606,0.113326270763198,949.0000000001,4.30186523447606,1.12790668858973,0.793895560846447,1e-10,0.586766560364579,0.596984735967264,0.0271772651944492,1.72456930274145,0.067557016736486,-0.730448938259205,-0.323585971028251,-0.331945636842457,-0.320942234741691,0.650426177077313,-1.1820030262558,0.927732582928978,-0.376767867352719,0.259772957599865,-0.409571876313263,-0.516993792034969,-0.983044328015714,-0.251812137930829,0.446800664414084,0.536243557452458,0.605874146026382,25656.0000000001,0.252909232062762,0.285701244035221,0.000978114898530933,0.0550832963926143,0.0550832963926143,0.924548699493644,0.696655211038888,1546.15826156971,0.25,51,2,"SNETWORK (2 29 1546.15826156971 0.924548699493644 87000065 51)",87
41,87000066,-0.168025374901155,41,-0.351973654490753,-0.150431219958124,0,0,0,0.584226560402147,0.55923846483259,0.0260515578373227,-0.393149099889198,0.777452209357009,-0.168663451157819,0.17609079811439,0.777452209357009,0.777452209357009,0.506376235990876,-0.233441969034043,-0.299944753944679,0.126100577404862,-0.420486318440178,-0.730569948186529,0.438610038610039,0,-0.752534854245882,-0.168025374901155,0,-0.571613747596403,-0.00141407484702723,-0.001405598362727,0.834772318504938,-0.0013644261615509,-0.173738040049926,0.849907554453322,-0.265393763992277,-1.49280641048336,0.184231046536047,0.0799701241440398,8378.0000000001,9.87094459551706,0.0712335592586259,583.0000000001,0.265588177339779,10.1365327727568,0.118302615848331,-1.02214597516746,0.73765892284595,-0.0644218194120004,-0.494947614247025,-0.338494324420295,0.636763138936509,-0.374354427054131,0.416017293373039,-0.748958675316758,-0.549274301963076,0.00676747754845361,970.0000000001,0.2625781251,0.00676747754845361,970.0000000001,0.2625781251,0.216467897412428,0.587458866955009,1e-10,0.0284095245644331,0.223919132352974,0.0812901083566318,0.424435716072446,-0.30584232747402,-0.221438229240306,0,0,0,0.352151433268181,-0.323830488530539,0.2658823084422,0.170333871849572,0.037122681266487,-0.582229527667159,-0.500274877815975,0.359677979215634,-0.803668327627076,0.748383931022935,0.710884902486045,-0.444176959098407,8378.0000000001,0.220325834079829,0.115202958618622,0.00309965712970924,0.0030645270648743,0.0030645270648743,0.500759605788503,1.27716356795281,2611.35203526972,0.0625,127,2,"SNETWORK (2 41 2611.35203526972 0.500759605788503 87000066 127)",87
37,87000067,0.374632145923299,21,0.694079036527741,0.60967167323295,0.623124281295046,0.615977027310147,0.618989232093641,-0.637493900192561,-0.587573816047659,-0.166399539737907,1.77639309676549,-0.419947976506151,0.096910114936737,-0.448006743843802,-0.419947976506151,-0.419947976506151,-0.617305056582775,-0.0383047190020081,0.100574494349209,-0.51588895553574,0.0144955594351472,0.435233160621762,-0.438266838266838,-0.0888315781932811,0.436734262779889,0.374632145923299,0.5,-0.446998287938946,-0.047430644259358,-0.0471135692703186,0.592238829658462,-0.0455891758058095,0.366389429327108,0.169250254861504,1.70447053498531,-0.953818113428364,0.102110447501837,0.0799702643258065,281.0000000001,0.183498940537338,0.142747411443113,4897.0000000001,4.47049287652216,4.6539918169595,0.0547297716830223,0.399280938669608,-0.305858061033394,0.665198183379599,-0.0437050457811816,-0.671956198030511,0.185141060072785,-0.731243849575338,1.4387036386582,-0.512032019585365,-1.45671316796196,0.0778811019185204,1007.0000000001,3.13705078134889,0.0778811019185204,1007.0000000001,3.13705078134889,0.550636192410341,0.310798589569706,1e-10,0.316094827834991,0.155952994349679,0.356866859136366,0.299737084404422,0.793884294513913,0.459181735140859,0.676414028971749,0.668054363157543,0.67905776525831,-0.339726463057502,-0.101105187690674,-0.618972514532706,-0.617830673412905,-0.300124324410563,0.0490459526738994,-0.0103062872043322,-0.495288899425684,0.170332221329706,-0.191361254099447,-0.370040017820984,0.369729486246513,4897.0000000001,0.162916990014663,0.0021579013223618,0.0525718702606605,0.0368909270704195,0.0368909270704195,0.478949309120254,1.21227994686831,4717.89970003218,0.0312499339939208,85,2,"SNETWORK (2 37 4717.89970003218 0.478949309120254 87000067 85)",87
43,87000068,-0.487092667041156,6,0.131579036527741,0.406563246402039,0.118081199488201,0.12698938418892,0.129762766215853,-1.25806167966321,-0.970362657028342,-0.230174572510531,0.45857691316987,-0.328021654998113,-0.117359671532169,-0.492746061187488,-0.328021654998113,-0.328021654998113,0.414070627476638,3.05974405294331,3.01038196953316,0.267777134583684,3.55030115524673,-0.124352331606218,0.460231660231661,1.53191489361702,0.247465145754118,-0.487092667041156,0.25,-0.214177634872314,-0.0812270597555056,-0.0806439119995472,0.224770930998091,-0.0778591444026455,-0.486987233003931,0.742669959469432,0.438283891662351,-0.726845631313298,0.0908837733231688,0.0799701818409082,1507.0000000001,0.875902503648775,0.109692199364862,1672.0000000001,1.17291943651095,2.04882194005973,0.0242281921394257,-0.294798388890792,-0.116488322051768,-0.168820813740419,-0.217087955451053,0.0194833710013668,0.591806705517879,0.00167086380906378,1.0584518036835,0.0990428984354693,0.0385088948355472,0.0253314217311525,833.0000000001,0.844042968850357,0.0253314217311525,833.0000000001,0.844042968850357,0.347671646972531,0.403788008698967,1e-10,1.07479221668199,0.796189163237376,-0.860393766555901,1.61099402319405,-0.0874716815239709,0.0646276650958075,0.0604755004348352,0.0630672140994669,0.0624332837867315,0.316887102597146,-0.0115903464314845,-0.143075715057573,-0.263915931378214,0.283099109213292,-0.688549339690109,-0.679220495592278,-0.577701045790647,-0.689331168802634,0.172683311134121,0.130960824623602,0.444384006638931,1672.0000000001,0.43289371615896,0.0103579201539645,0.0138702718854612,0.00998116758590188,0.00998116758590188,0.0897642092158787,0.334645788997405,2928.51020878829,0.0312500660060792,150,2,"SNETWORK (2 43 2928.51020878829 0.0897642092158787 87000068 150)",87
35,87000069,1.08914892305065,55,1.00986864890423,0.842832780011516,0.623124281295046,0.615977027310147,0.618989232093641,0.194406120284748,0.137559574214794,0.0263819541582635,-0.195197501032378,-0.016483901111552,0.946435381723581,-0.165891046802111,-0.016483901111552,-0.016483901111552,-0.673934315960256,0.101827912090955,0.0519106051884735,-1.10786785125033,0.367074377380629,-1.24352331606218,1.27773487773488,1.22931442080378,-1.22782002534854,1.08914892305065,0.5,0.139100992714315,-0.369865434988555,-0.36563219520794,-0.215265472750721,-0.346342736623333,1.07657270858525,-0.367587323018762,-0.191028126392352,0.168982901574246,0.0594796989880262,0.0799702643258065,304.0000000001,0.115637689897886,0.10902661191598,5219.0000000001,3.63895658853793,3.75459427833581,0.0465633086083833,0.321745015668799,-0.298336556293853,-0.139597302749095,-0.216530499947497,-0.00928330161927933,-0.196956108587749,-0.0331661131847108,-0.21922368796118,-0.161325079357436,-0.197872901724042,0.0770602187186975,1071.0000000001,3.30125976572383,0.0770602187186975,1071.0000000001,3.30125976572383,0.587688878730098,0.418353146749534,1e-10,0.773446191551053,0.936562925302808,-0.0420581236890442,1.12246065579878,0.861680833452351,0.493197388361809,0.543149404371072,0.531355612659826,0.533515979621076,-0.462580142881667,0.608971138483572,-0.600747504691124,-0.3777912900551,-1.09482545750094,0.0743627257285205,0.162315618798412,0.176860531284196,0.0275347716011237,0.376229697427891,0.171397738907157,1.94962866609813,5219.0000000001,0.0636152056857254,0.00143410260236846,0.0451292059060149,0.0409411951177008,0.0409411951177008,0.37797066116886,2.19932886306824,5532.14954486886,0.0156249669969604,57,2,"SNETWORK (2 35 5532.14954486886 0.37797066116886 87000069 57)",87
37,87000070,0.374632145923299,21,0.694079036527741,0.60967167323295,0.623124281295046,0.615977027310147,0.618989232093641,-0.637493900192561,-0.587573816047659,-0.166399539737907,1.77639309676549,-0.419947976506151,0.096910114936737,-0.448006743843802,-0.419947976506151,-0.419947976506151,-0.617305056582775,-0.0383047190020081,0.100574494349209,-0.51588895553574,0.0144955594351472,0.435233160621762,-0.438266838266838,-0.0888315781932811,0.436734262779889,0.374632145923299,0.5,-0.446998287938946,-0.047430644259358,-0.0471135692703186,0.592238829658462,-0.0455891758058095,0.366389429327108,0.169250254861504,1.70447053498531,-0.953818113428364,0.102110447501837,0.0799702643258065,281.0000000001,0.183498940537338,0.142747411443113,4897.0000000001,4.47049287652216,4.6539918169595,0.0547297716830223,0.399280938669608,-0.305858061033394,0.665198183379599,-0.0437050457811816,-0.671956198030511,0.185141060072785,-0.731243849575338,1.4387036386582,-0.512032019585365,-1.45671316796196,0.0778811019185204,1007.0000000001,3.13705078134889,0.0778811019185204,1007.0000000001,3.13705078134889,0.550636192410341,0.310798589569706,1e-10,0.316094827834991,0.155952994349679,0.356866859136366,0.299737084404422,0.793884294513913,0.459181735140859,0.676414028971749,0.668054363157543,0.67905776525831,-0.339726463057502,-0.101105187690674,-0.618972514532706,-0.617830673412905,-0.300124324410563,0.0490459526738994,-0.0103062872043322,-0.495288899425684,0.170332221329706,-0.191361254099447,-0.370040017820984,0.369729486246513,4897.0000000001,0.162916990014663,0.0021579013223618,0.0525718702606605,0.0368909270704195,0.0368909270704195,0.478949309120254,1.21227994686831,4717.89970003218,0.0312499339939208,85,2,"SNETWORK (2 37 4717.89970003218 0.478949309120254 87000070 85)",87
29,87000071,-0.960144031429967,19,-0.305920963472259,-0.59067341236485,-0.695629464068801,-0.700108350003007,-0.706051805186474,-0.0443328600590266,-0.0427082516422202,0.906063739991755,0.37538484183154,0.864811468310622,-1.19893980636933,0.786148509825208,0.864811468310622,0.864811468310622,-0.0840331844600322,0.0750566739092738,0.11480033902718,0.632405584562638,-0.199889727878321,0.763878608438194,-1.20507446221732,-1.78686561665285,0.401729132717726,-0.960144031429967,-0.5,0.956535974042807,3.26351623521638,3.38192053503445,-0.486365429647648,4.15609968159622,-0.962466093923896,-1.00333064174427,0.351662807044289,0.788756813931354,6.14769838332669,0.0399850261056294,3282.0000000001,32.2586281555462,1.98072290430532,384.0000000001,1.2160451882566,33.4746733437028,0.228450382274414,2.13250656216359,-0.323425037699483,-0.466930425667723,-0.999117510536703,-0.363108488921871,-1.53754963913943,-0.21063197621629,-1.25551278789508,-0.174253778182869,-0.377665653901419,3.2040043962643,299.0000000001,38.3198925782344,3.2040043962643,299.0000000001,38.3198925782344,8.48941497421599,6.2757250966892,1e-10,-0.812598491882485,-0.761572011685062,-1.62652850771126,-0.543684437419169,-0.206115705486086,-0.892855882414001,-0.428995671504424,-0.442045181694985,-0.439331069825029,0.495699989018401,0.635089695352929,-0.161284477266656,0.161204509247503,-10.7840909310803,1.01730847233249,1.98493806277862,2.05372745016962,0.670491180058716,-1.66336869442112,-1.50288896677453,-0.474498163204932,3282.0000000001,1.26144297915353,0.220151391916191,0.00829899025822228,0.261516938925716,0.261516938925716,0.463366673577248,1.43307303472063,1118.31284194721,0.25,34,2,"SNETWORK (2 29 1118.31284194721 0.463366673577248 87000071 34)",87
29,87000072,-1.02131537774031,16,-0.305920963472259,-0.59067341236485,-0.695629464068801,-0.700108350003007,-0.706051805186474,-0.0855893963827722,-0.0782007684898513,0.896112754258076,0.395105098106558,0.860683175901659,-1.16789314018598,0.771287283112331,0.860683175901659,0.860683175901659,-0.111715179600268,0.141925790475017,0.22209606260301,0.708967017168202,-0.141885055361902,0.763878608438194,-1.20507446221732,-1.78686561665285,0.401729132717726,-1.02131537774031,-0.5,1.32428291918674,1.84444880610802,1.87977084543537,-0.748473992237303,2.07591385587157,-1.02337303437564,-0.115856665236039,0.371295410808148,0.368620737660232,0.820616817804434,0.0399850261056294,12021.0000000001,15.7716007981175,1.0209218851622,922.0000000001,1.5049365863337,17.2765373843512,0.148826726136205,-0.661015115228846,0.480112041122941,-0.749615088447527,-0.138466841527021,0.683953203349333,-0.48507453837639,0.532687220309068,0.039352452911353,0.853340267756563,1.21400815230184,0.0293110575429461,482.0000000001,0.565117187600139,0.0293110575429461,482.0000000001,0.565117187600139,0.284733863644186,0.539564158952149,1e-10,-0.00670958577658247,-0.5061980003861,0.0559030401610459,-0.578778879468634,-0.206115705486086,-0.892855882414001,-0.405788377193844,-0.417805535283672,-0.413266069040296,-0.726083132307777,0.41962024200724,0.211543004417336,0.359134889506657,-2.21010977923452,0.371665919983614,0.629231930849225,0.340611558351896,0.34043730099171,-0.405640425830926,0.434119998198811,0.277910224391472,12021.0000000001,0.977501939587975,0.135862624489709,0.0129641015464958,0.00486813641945989,0.00486813641945989,0.389847242835823,0.523549731350897,1050.10777338785,0.25,31,2,"SNETWORK (2 29 1050.10777338785 0.389847242835823 87000072 31)",87
37,87000073,0.664725106366832,35,0.694079036527741,0.60967167323295,0.623124281295046,0.615977027310147,0.618989232093641,-0.479168432668945,-0.457368744023307,-0.147011233861705,1.48368679496772,-0.519538247255817,0.196763883150557,-0.446756060933832,-0.519538247255817,-0.519538247255817,-0.668027835197046,-0.39695652404973,-0.319772735170589,-0.802290749510741,-0.334750569708233,0.955958549222799,-0.986100386100386,-0.606060606060606,0.882446134347275,0.664725106366832,0.5,1.55304649727854,-0.78524344443599,-0.771318355929626,-0.897827555150371,-0.711223366620728,0.65002842141931,-0.924880698795663,1.41735549204488,0.415867161280515,0.0841967096496754,0.0799702643258065,300.0000000001,0.161537529361342,0.119966929239949,5636.0000000001,4.32403886176916,4.4855763910305,0.0595741528255017,1.16210639565954,0.896429434550368,-0.450087228458614,-0.504257685142275,0.0488189927789625,-0.740142062361488,0.0300663282933374,0.417282901444613,0.136999729288264,0.0961215470555522,0.114703545750209,1314.0000000001,6.02881835947286,0.114703545750209,1314.0000000001,6.02881835947286,1.20314468571677,1.4574252907031,1e-10,-0.56518188953914,-0.592794009933107,-1.08733840690554,-0.376919310458612,0.793884294513914,0.459181735140858,0.683153348395551,0.674543002588234,0.685455592077951,1.16911278691272,0.530928379578971,-2.07573734135996,-3.43985187522126,-0.740283847313905,0.0605998367717816,0.217561908622917,-0.228536944644092,0.115460448131999,-0.89512935129818,-1.53136962869163,-0.474498162760426,5636.0000000001,0.313421256888208,0.0021454235978621,0.0574287291276396,0.0800703665245308,0.0800703665245308,0.821671386077271,2.84944552296278,5065.80266634106,0.0312499339939208,95,2,"SNETWORK (2 37 5065.80266634106 0.821671386077271 87000073 95)",87
29,87000074,-0.960144031429967,19,-0.305920963472259,-0.59067341236485,-0.695629464068801,-0.700108350003007,-0.706051805186474,-0.0443328600590266,-0.0427082516422202,0.906063739991755,0.37538484183154,0.864811468310622,-1.19893980636933,0.786148509825208,0.864811468310622,0.864811468310622,-0.0840331844600322,0.0750566739092738,0.11480033902718,0.632405584562638,-0.199889727878321,0.763878608438194,-1.20507446221732,-1.78686561665285,0.401729132717726,-0.960144031429967,-0.5,0.956535974042807,3.26351623521638,3.38192053503445,-0.486365429647648,4.15609968159622,-0.962466093923896,-1.00333064174427,0.351662807044289,0.788756813931354,6.14769838332669,0.0399850261056294,3282.0000000001,32.2586281555462,1.98072290430532,384.0000000001,1.2160451882566,33.4746733437028,0.228450382274414,2.13250656216359,-0.323425037699483,-0.466930425667723,-0.999117510536703,-0.363108488921871,-1.53754963913943,-0.21063197621629,-1.25551278789508,-0.174253778182869,-0.377665653901419,3.2040043962643,299.0000000001,38.3198925782344,3.2040043962643,299.0000000001,38.3198925782344,8.48941497421599,6.2757250966892,1e-10,-0.812598491882485,-0.761572011685062,-1.62652850771126,-0.543684437419169,-0.206115705486086,-0.892855882414001,-0.428995671504424,-0.442045181694985,-0.439331069825029,0.495699989018401,0.635089695352929,-0.161284477266656,0.161204509247503,-10.7840909310803,1.01730847233249,1.98493806277862,2.05372745016962,0.670491180058716,-1.66336869442112,-1.50288896677453,-0.474498163204932,3282.0000000001,1.26144297915353,0.220151391916191,0.00829899025822228,0.261516938925716,0.261516938925716,0.463366673577248,1.43307303472063,1118.31284194721,0.25,34,2,"SNETWORK (2 29 1118.31284194721 0.463366673577248 87000074 34)",87
43,87000075,0.0721065138715629,28,0.131579036527741,0.406563246402039,0.354270929498081,0.350983481983268,0.358474665810763,-0.803021034150264,-0.644264365937079,-0.143952048991453,-0.355654772856436,-0.366245641074604,0.353643158628731,-0.378587403779176,-0.366245641074604,-0.366245641074604,0.240656281231066,2.78334753443363,2.72145247759162,-0.362573407249818,3.40692320573437,-1.08808290155441,1.58918918918919,3.01740812379109,-0.334283903675539,0.0721065138715629,0.25,0.58455328402025,-0.0260142697852331,-0.025848504072241,-0.518715728240257,-0.0250479547400922,0.0725976693770712,-0.193547292472663,-0.312906802496038,0.675123713776117,0.425288451613596,0.0799701818409082,1082.0000000001,2.94284248102745,0.357216129861664,1458.0000000001,3.33077081656692,6.27361329749437,0.0735162086931906,-0.0739370986529167,0.429895016915009,-0.589839831569341,0.123036633479314,0.748717893023892,-0.117992443392746,0.772739640177045,-0.297265633505495,0.698971845931353,0.507925469932059,0.00519717066139381,226.0000000001,0.0469824219750199,0.00519717066139381,226.0000000001,0.0469824219750199,0.167820133161373,0.654217200702051,1e-10,-1.12897899195292,-0.195171433765389,-1.3525640774502,-0.688655245272575,-0.0874716815239709,0.0646276650958095,0.676414028971752,0.668054363157545,0.679057765258312,-1.67113763541577,0.087810030477729,-0.737456575295774,-0.221994300921106,-0.24548006793516,0.408881344510427,0.222947782054359,-0.573494687961754,0.620201451689716,-0.458423400649819,-0.690241938170765,-0.474498163204932,1458.0000000001,1.37470907690372,0.0344851700972103,0.0390310384959803,0.000550555057037351,0.000550555057037351,0.437298419157378,1.06446179771801,3435.44753860017,0.0312500660060792,164,2,"SNETWORK (2 43 3435.44753860017 0.437298419157378 87000075 164)",87
28,87000076,0.0768795539199709,53,-0.305920963472259,-0.59067341236485,-0.562675121066356,-0.564925299345405,-0.567713055283144,0.392277683465887,0.439422930897406,1.08522835335199,-0.801906934716924,-0.493258572066815,-1.27192241072776,0.74976767586093,-0.493258572066815,-0.493258572066815,-0.176365917847959,-0.950280054589364,-0.910508776135059,1.47699428499205,-1.70906625398793,0.269430051813471,-0.72998712998713,-1.34966688158177,0.0396070975918883,0.0768795539199709,-0.5,-1.16897072518464,0.522200023486209,0.522965756779106,2.76113803353664,0.525913262101017,0.100793945380281,2.46004519526245,-0.619082381655491,-0.0357623197239078,0.187803967460435,0.0399850261056294,36972.0000000001,11.1012650666176,0.0484571688605304,4878.0000000001,0.37791540672356,11.4791804732411,0.122903417956374,1.01737254953929,2.51014645224379,2.15400118155613,0.27402945267769,-1.74530466179643,1.28704344689087,-1.6969838820713,0.390119425893416,-1.65712867599673,-0.567199322611707,0.031621576765522,1456.0000000001,1.84164062510045,0.031621576765522,1456.0000000001,1.84164062510045,0.572773051570222,0.14523307770702,1e-10,0.688283125064499,0.776674973034019,-0.0454489552034712,2.16013103202355,0.0908219023657016,-0.716642743215482,-0.323585971028251,-0.331945636842455,-0.32094223474169,1.07892290905632,0.772989166345431,1.09959660169239,-0.489421977889177,0.289981886782379,-0.301858281063856,-0.387649522951282,0.522982911187437,-0.510872792742537,0.330032176852785,0.682537135962128,0.71503030626312,36972.0000000001,0.533747090868037,0.1188572147983,0.00404620305807487,0.0197177775717789,0.0197177775717789,0.333252781741395,0.322539458550009,1880.71904628287,0.125,10,2,"SNETWORK (2 28 1880.71904628287 0.333252781741395 87000076 10)",87
29,87000077,-1.0626139644624,14,-0.305920963472259,-0.59067341236485,-0.695629464068801,-0.700108350003007,-0.706051805186474,-0.116049360411828,-0.139217997898251,0.857427519788028,0.645211197926249,0.784100643641762,-1.2775772158818,0.838707708094534,0.784100643641762,0.784100643641762,-0.105780218636023,0.518420485427677,0.54259041089779,0.988997609335685,0.231068518621364,0.202072538860104,-0.56138996138996,-1.05738233397807,-0.0396070975918889,-1.0626139644624,-0.5,1.3807746104079,0.0921821077094726,0.0917527513541838,-0.835104773416957,0.0896164685528144,-1.0632064243121,-0.167789447078928,0.618284001675341,0.1332625484286,0.397332070332536,0.0399850261056294,9770.0000000001,6.2064455473645,0.539180988887439,2454.0000000001,2.1154555037248,8.32190105098931,0.0956379575067292,0.503884702706701,-0.36485696345973,-0.149200326209525,0.678722705588618,0.805006589722113,-0.12385398086146,0.817256757467522,0.567603179292981,0.940178909763159,1.28859519934066,0.05816650400625,784.0000000001,1.82410156260045,0.05816650400625,784.0000000001,1.82410156260045,0.254377764522032,0.112162029155363,1e-10,1.00263327512193,0.63600218376621,-0.837322827409761,0.281428791918805,-0.206115705486086,-0.892855882414001,-0.487990783359436,-0.50366462910767,-0.505590738712639,-1.16656179452611,-0.810861474475572,0.438734650509785,-0.0348861430440847,-0.751969889759377,0.27773458799131,-0.000248910699223587,0.231549802166937,0.256334921810868,-0.281463790396444,-0.216459259002216,0.35200770996174,9770.0000000001,0.508921644785803,0.0713264639013024,0.0243114935054268,0.0209631605174305,0.0209631605174305,0.34062322124381,1.2598520230422,1004.44191697965,0.25,29,2,"SNETWORK (2 29 1004.44191697965 0.34062322124381 87000077 29)",87
37,87000078,0.162808048901299,12,0.694079036527741,0.60967167323295,0.623124281295046,0.615977027310147,0.618989232093641,-0.664562017089785,-0.618860107107765,-0.162886076824185,1.87655459745442,-0.363228781002882,0.0501389665026191,-0.443360554772349,-0.363228781002882,-0.363228781002882,-0.592681415704931,0.0599295607769363,0.22153228830216,-0.439090754451587,0.110659115912857,0.0186528497409334,0,0.324951644100581,0.0801647655259819,0.162808048901299,0.5,0.708238403939245,0.629520635436934,0.631387680931425,-0.541985194560313,0.639649700184434,0.15842723423939,0.72148946396191,1.79993980717866,-0.639700811315166,0.110148025874282,0.0799702643258065,1907.0000000001,1.34333544003039,0.289724484068621,1396.0000000001,2.58659050028091,3.9299259402113,0.0413395350017282,0.645760473108266,0.67390374349118,0.398161902727428,-0.223523627853926,-0.543539236923536,0.389727242001567,-0.52634165709616,1.65582156322427,-0.474052062804094,-1.42675317386715,0.0297370410443431,274.0000000001,0.325917968849884,0.0297370410443431,274.0000000001,0.325917968849884,0.230760120039225,0.577796660248216,1e-10,0.0544529524360478,0.223441855553772,0.363814470125224,0.462808619799567,0.793884294513914,0.459181735140858,0.676414028971749,0.668054363157543,0.67905776525831,0.205530276197149,-0.11525392615159,-0.133175588969352,0.10555730865568,-0.521786675203171,0.282344781228542,0.521460071939262,0.528364327190955,0.185431080919048,-0.591226824776692,-0.67336134970531,-0.13787760855512,1907.0000000001,1.30023273865702,0.0141307656047477,0.0272087692969804,0.00342838451654247,0.00342838451654247,0.272440115891216,1.01428417302668,4508.26873160337,0.0312499339939208,76,2,"SNETWORK (2 37 4508.26873160337 0.272440115891216 87000078 76)",87
43,87000079,0.108520933548089,29,0.131579036527741,0.406563246402039,0.354270929498081,0.350983481983268,0.358474665810763,-0.793822501564307,-0.635880985301786,-0.144387172061949,-0.359249491988339,-0.357046485684641,0.358023174276032,-0.37686482822188,-0.357046485684641,-0.357046485684641,0.24357647528688,2.75722439018524,2.68942837765956,-0.382068548450682,3.38106701147523,-1.08808290155441,1.58918918918919,3.01740812379109,-0.334283903675539,0.108520933548089,0.25,1.40598170071858,0.00141407484702723,0.001405598362727,-0.844386663576527,0.0013644261615509,0.106026556227941,-0.692871326496398,-0.351125315010408,0.958951189412143,0.310434204479195,0.0799701818409082,2527.0000000001,5.01684836661666,0.144300808884176,2329.0000000001,2.14928703934531,7.16613540586197,0.0835963944210429,0.672198865742042,-0.158032948454801,-0.713443034944518,-0.149621739874135,0.628864093360842,-0.619806163927277,0.643432474336411,-0.837824308144054,0.54251328157012,0.377316814545994,0.0706172027405039,903.0000000001,2.55069335947608,0.0706172027405039,903.0000000001,2.55069335947608,0.418328464507299,0.121306108914268,1e-10,-1.42256718019768,-1.88698669162861,-1.76535020928632,-1.14818806448351,-0.0874716815239709,0.0646276650958085,0.67641402897175,0.668054363157543,0.67905776525831,-1.16194806371957,-0.821002336127482,0.568441086938124,1.84368004278918,0.289981886782379,1.30363340153121,1.13344381826349,1.38291897873634,1.18512366863972,-0.363084528025,-0.164840106110476,-0.474498163204932,2527.0000000001,0.324282389549185,0.0585239338289636,0.0250724604920793,0.029755057055023,0.029755057055023,0.453274605157749,3.14811595715582,3458.75150361981,0.0312500660060792,165,2,"SNETWORK (2 43 3458.75150361981 0.453274605157749 87000079 165)",87
29,87000080,-0.505190105089549,39,-0.305920963472259,-0.59067341236485,-0.562675121066356,-0.564925299345405,-0.567713055283144,0.0519754939203287,0.0852194354917827,0.939271227639924,-0.139693598439781,1.0129392418579,-1.21332017800082,1.0090276313749,1.0129392418579,1.0129392418579,0.084139954504535,-0.629094893240752,-0.620142301917486,1.73104435840786,-1.39555574362307,-0.730569948186529,0.438610038610039,0,-0.752534854245882,-0.505190105089549,-0.5,0.414060153018293,-2.59916245049194,-2.47629987669557,-0.606701482583223,-2.04467213258116,-0.498958479351545,0.75663528187085,-0.142154070048414,0.807543275910381,0.896378115654716,0.0399850261056294,22498.0000000001,32.2425901699275,0.160586050656846,1571.0000000001,0.403346941381121,32.6459371112086,0.585278919897924,1.17189852533126,-0.408070074276415,-0.575859057635962,2.6789925283004,2.99408814659749,1.30846995803578,4.78231168219686,1.09232887979909,3.24123940361372,3.04416263091604,0.076628654333871,1085.0000000001,3.32568359385082,0.076628654333871,1085.0000000001,3.32568359385082,0.907637668238174,0.914450127046555,1e-10,0.249659663338165,-0.270017409349202,-1.11012417248282,-0.159790412628464,-0.206115705486086,-0.892855882414001,-0.323585971028251,-0.331945636842457,-0.32094223474169,0.269376788264615,1.13683531707535,-0.520997473242204,-0.221042454200372,0.289981886782379,-0.632878253054702,-0.704835528692919,-0.787649680310152,-0.568798271060453,0.522637557725825,0.172704879426885,-0.228290483791633,22498.0000000001,0.0418929403637704,0.578047684214355,0.00723123558356922,0.0596231161848874,0.0596231161848874,0.94916280235577,1.8790072593838,1568.99313061464,0.25,52,2,"SNETWORK (2 29 1568.99313061464 0.94916280235577 87000080 52)",87
28,87000081,0.377185356443231,57,-0.0559209634722586,-0.39032832676705,-0.562675121066356,-0.564925299345405,-0.567713055283144,0.302618233625163,0.438515307621093,1.04129426597263,-0.897224232462865,-1.1933627434557,-1.67929663096085,0.520268660722242,-1.1933627434557,-1.1933627434557,-0.388801713250659,-1.26451749136552,-1.13928764928596,0.956762837664322,-1.9323794953298,0.269430051813471,-0.72998712998713,-1.34966688158177,0.0396070975918883,0.377185356443231,-0.5,-0.621840576042849,-0.100107432457991,-0.0993610567121142,0.918096234357949,-0.0958095823650831,0.403272057128541,2.51451445678531,-0.869918283923095,0.226753940082086,0.0923156802851591,0.0399850261056294,24003.0000000001,3.54271131736168,0.103664848536487,4626.0000000001,0.76671138319404,4.30942270045572,0.0511195712077242,1.91298500327688,-0.429692723882897,1.24385520742099,2.95369995135622,1.39352561612363,1.49086696557369,1.47127057481966,-0.0343753477268098,1.49302702626607,0.518866462068124,0.0295191837172614,1163.0000000001,1.37323242197534,0.0295191837172614,1163.0000000001,1.37323242197534,0.152642083600361,0.236266342097543,1e-10,-0.793940553241872,-0.493517118407437,-0.252430494982922,0.0483919039027532,0.38710457596419,-0.540818264859142,-0.323585971028253,-0.331945636842457,-0.320942234741691,1.37283600422346,-0.492515202606448,1.36175708937804,1.69466169452083,0.289981886782379,0.273488927698891,-0.021019432770151,0.68342084400727,0.134938591906326,0.483879542238335,0.756688251045836,0.422123081278285,24003.0000000001,0.0791311094871218,0.0420246273548308,0.00909494375289343,0.0162896650708444,0.0162896650708444,0.446214476088401,0.52197536546737,1970.39733837939,0.125,14,2,"SNETWORK (2 28 1970.39733837939 0.446214476088401 87000081 14)",87
41,87000082,-0.628421591650297,21,-0.351973654490753,-0.150431219958124,0,0,0,0.703668222955226,0.893266951127473,0.388899633437271,0.00912254018096254,0.496159762961173,-0.0735811810308528,-0.00151890536138522,0.496159762961173,0.496159762961173,0.550574199735913,0.119579352616912,0.0251900578062797,0.300446206562114,-0.0436969011452381,-0.730569948186529,0.438610038610039,0,-0.752534854245882,-0.628421591650297,0,-0.760611884044633,1.13779865752898,1.14907679110839,1.51871888232209,1.20616075624468,-0.630626873584606,0.748566144881851,0.00130286811721413,-1.34243724157222,0.146850989010423,0.0799701241440398,2941.0000000001,2.76202394493564,0.100436060668309,3069.0000000001,1.97125177640736,4.733275721243,0.0457959751596823,-0.368667458178206,0.081436469380755,0.275624403778052,0.498940782597177,0.213203108018797,0.274352734498296,0.180634689708579,0.411531261830802,0.664588931796059,0.603324433913059,0.0826636285722222,1125.0000000001,3.71986328135,0.0826636285722222,1125.0000000001,3.71986328135,0.996581743802141,0.286897951136678,1e-10,-0.858904275824706,-1.05932671452281,-0.00191114486953379,-0.895751837481971,-0.39255626838664,-0.33503342398638,1.4637901463605e-15,0,1.55600483282998e-15,-0.317692080508121,-0.277378757765426,0.0301636530892243,3.59698028090917,-0.742589789628684,1.02614624450336,1.17206065343438,0.29148300388445,1.13470267309635,0.660547143643127,0.85329888014807,-0.474498163204932,3069.0000000001,0.0201706750418154,0.0267234759063208,0.0190724991533615,0.0359908815986776,0.0359908815986776,0.235405387816299,1.16316468680294,2160.27806534518,0.0625,113,2,"SNETWORK (2 41 2160.27806534518 0.235405387816299 87000082 113)",87
37,87000083,0.642410263255791,34,0.694079036527741,0.60967167323295,0.623124281295046,0.615977027310147,0.618989232093641,-0.495449396825226,-0.469921578892787,-0.149504072211951,1.48993421402317,-0.515470582853327,0.197186200192763,-0.451924150606006,-0.515470582853327,-0.515470582853327,-0.671120017144993,-0.387249147146711,-0.306338510521027,-0.799475024119618,-0.323782601860532,0.955958549222799,-0.986100386100386,-0.606060606060606,0.882446134347275,0.642410263255791,0.5,1.49175487392899,1.25171675150181,1.26602919162452,-0.823703055086157,1.33969339269059,0.630466560894125,-0.55714402339788,1.49174941869922,0.0318117190760601,0.118640008059392,0.0799702643258065,766.0000000001,0.581188481875339,0.19648239972324,10299.0000000001,12.9412364872609,13.5224249690362,0.128405872311742,1.08818698048473,0.932820511844502,-0.789997120773304,0.230685357850887,1.01013122655328,-0.740074926028635,0.860716122795817,0.453201848360415,0.640621262556051,1.22854467566859,0.106707177135404,1956.0000000001,8.34876953134703,0.106707177135404,1956.0000000001,8.34876953134703,1.72662653645602,1.43638450396501,1e-10,-0.509374726117619,-0.760026403349127,-1.44935537881295,-0.369941935037495,0.793884294513914,0.459181735140857,0.67641402897175,0.668054363157543,0.67905776525831,0.576601951608881,0.508350595314185,-1.62976006516024,-1.29429029788486,-3.09014362102952,-0.360216934620304,-0.272599609926342,-0.810313816375469,-0.237335942440077,-0.74254128346117,-1.66060373832512,-0.474498163204932,10299.0000000001,1.30954228093786,0.00551883364804881,0.122887038563693,0.0792780167771141,0.0792780167771141,0.796169835907427,2.17571259656688,5039.91561223489,0.0312499339939208,94,2,"SNETWORK (2 37 5039.91561223489 0.796169835907427 87000083 94)",87
37,87000084,0.664725106366832,35,0.694079036527741,0.60967167323295,0.623124281295046,0.615977027310147,0.618989232093641,-0.479168432668945,-0.457368744023307,-0.147011233861705,1.48368679496772,-0.519538247255817,0.196763883150557,-0.446756060933832,-0.519538247255817,-0.519538247255817,-0.668027835197046,-0.39695652404973,-0.319772735170589,-0.802290749510741,-0.334750569708233,0.955958549222799,-0.986100386100386,-0.606060606060606,0.882446134347275,0.664725106366832,0.5,1.55304649727854,-0.78524344443599,-0.771318355929626,-0.897827555150371,-0.711223366620728,0.65002842141931,-0.924880698795663,1.41735549204488,0.415867161280515,0.0841967096496754,0.0799702643258065,300.0000000001,0.161537529361342,0.119966929239949,5636.0000000001,4.32403886176916,4.4855763910305,0.0595741528255017,1.16210639565954,0.896429434550368,-0.450087228458614,-0.504257685142275,0.0488189927789625,-0.740142062361488,0.0300663282933374,0.417282901444613,0.136999729288264,0.0961215470555522,0.114703545750209,1314.0000000001,6.02881835947286,0.114703545750209,1314.0000000001,6.02881835947286,1.20314468571677,1.4574252907031,1e-10,-0.56518188953914,-0.592794009933107,-1.08733840690554,-0.376919310458612,0.793884294513914,0.459181735140858,0.683153348395551,0.674543002588234,0.685455592077951,1.16911278691272,0.530928379578971,-2.07573734135996,-3.43985187522126,-0.740283847313905,0.0605998367717816,0.217561908622917,-0.228536944644092,0.115460448131999,-0.89512935129818,-1.53136962869163,-0.474498162760426,5636.0000000001,0.313421256888208,0.0021454235978621,0.0574287291276396,0.0800703665245308,0.0800703665245308,0.821671386077271,2.84944552296278,5065.80266634106,0.0312499339939208,95,2,"SNETWORK (2 37 5065.80266634106 0.821671386077271 87000084 95)",87
43,87000085,-0.247960921242806,16,0.131579036527741,0.406563246402039,0.125190979814175,0.126908484697204,0.131153005061719,-1.31929934583501,-1.08604976370934,-0.231049856810823,-0.128651039941778,-0.633750108351803,-0.162232794312755,-0.270855146861401,-0.633750108351803,-0.633750108351803,0.302430916271149,3.38906148223975,3.32748444351509,0.565417760974785,3.86034079217998,-1.08808290155441,1.58918918918919,3.01740812379109,-0.334283903675539,-0.247960921242806,0.25,0.632868808241312,1.25665575532868,1.2711072329787,-0.445075164145687,1.34553902534293,-0.25478454938268,-1.05485454957552,-0.0993873062297998,0.70407788929932,0.816602208970828,0.0799701818409082,599.0000000001,3.12819299188581,1.0606885758873,1100.0000000001,7.46168210296871,10.5898750947545,0.100477418349946,0.954671214630641,1.45298292887977,0.619686644434735,-1.02132779340901,-1.41981848863012,-1.28928791542794,-1.21894486603252,-1.3153780881848,-0.962365631639839,-0.88008663714266,0.00142097483144531,384.0000000001,0.0218261719750092,0.00142097483144531,384.0000000001,0.0218261719750092,0.152293922765345,0.663337938667272,1e-10,1.20477058658272,0.279069537222786,-0.0188893603592726,-0.125999904200795,-0.0874716815239709,0.0646276650958085,0.336485197489974,0.332326644175046,0.337800751470732,-0.903471582216485,-0.723769611554493,0.489797933027005,0.120945831836089,0.267180329108301,0.716826653371723,0.589104063248866,0.902067874958231,0.608112135202982,-1.94422355027461,-1.18098174604702,0.158036651144542,1100.0000000001,1.12955779684166,0.0296804969645836,0.0707969212853626,0.000207088127166627,0.000207088127166627,0.25087461855194,0.749518238939345,3163.51694590194,0.0312500660060792,157,2,"SNETWORK (2 43 3163.51694590194 0.25087461855194 87000085 157)",87
43,87000086,0.356315164295167,40,0.131579036527741,0.406563246402039,0.354270929498081,0.350983481983268,0.358474665810763,-0.612521699550463,-0.561295696049309,-0.148765700403216,-0.704604200653362,-0.159161800460243,0.413436850702718,-0.190052181564068,-0.159161800460243,-0.159161800460243,0.0394064643521148,3.15090374691535,3.24107487955857,-0.416922539092202,3.87165530267471,0,-0.0555984555984545,-0.180528691166989,-0.277249683143219,0.356315164295167,0.25,-0.319432355712354,-0.235281171957215,-0.233058771827387,0.351759683234861,-0.222725743517305,0.353086691221445,0.342581641465577,-0.684662696245492,-0.738117653254305,0.0642606264718485,0.0799701818409082,2903.0000000001,1.19302118674329,0.0720732362741844,1614.0000000001,0.743932820735289,1.93695400737858,0.0234943582515054,-0.103922598212474,0.383482379727549,-0.0944043724075104,0.271014651388092,0.381503901120138,0.362492034008966,0.396230208234422,-0.480651697212535,0.315095553209462,0.117850388301763,0.0201443948607452,1617.0000000001,1.30293945322555,0.0201443948607452,1617.0000000001,1.30293945322555,0.136780933667034,0.249161700855772,1e-10,-0.299565433269605,-0.626476424910053,-0.00855816413623791,-0.652464434545193,-0.0874716815239712,0.0646276650958095,0.676414028971747,0.668054363157543,0.67905776525831,-0.498955683861232,-0.552307163875755,0.463592606353393,-0.334578641637714,0.289981886782379,-0.0798389559023282,-0.229453734086407,-0.400680765532693,-0.00794447758627549,0.000578492994715386,-0.00266882685934577,-0.294339023272321,2903.0000000001,0.78355314207052,0.0144707963823636,0.00902356176914185,0.0158040542245336,0.0158040542245336,0.623684367723868,3.08091594081028,3707.3229177079,0.0312500660060792,174,2,"SNETWORK (2 43 3707.3229177079 0.623684367723868 87000086 174)",87
41,87000087,-0.732333687268302,15,-0.351973654490753,-0.150431219958124,0,0,0,0.696824375551262,0.924058697738651,0.498903498507586,0.162884279645598,0.349073975559153,-0.151927493785684,0.0209947320878001,0.349073975559153,0.349073975559153,0.579467856144639,0.470840169585616,0.378033081025342,0.414803163246163,0.349365101187716,-0.730569948186529,0.438610038610039,0,-0.752534854245882,-0.732333687268302,0,0.116916151997992,1.04437661441926,1.05341526410975,-0.020175890403706,1.09848722362922,-0.737834685025903,-0.40506602052298,0.149509224196257,-0.645990917106952,0.0901090657261296,0.0799701241440398,2011.0000000001,1.15887367175837,0.0897466072550777,4471.0000000001,2.56612760381044,3.72500127546881,0.0365986061144172,0.867543140942374,0.834579973873012,-0.515676951224167,-0.656753155630787,-0.0191323675484342,-0.553289413615289,-0.0232842117188578,-0.216685194647322,0.213109427154287,0.127282833969144,0.0357726714570442,1629.0000000001,2.330947265725,0.0357726714570442,1629.0000000001,2.330947265725,0.683181903669561,0.0606802776028803,1e-10,-0.121360405202634,-0.337783961033061,0.186778637201049,-0.723967896622014,-0.39255626838664,-0.33503342398638,0,0,0,-2.39090011810783,-0.0582833908746984,-0.184351538255313,0.846504265366921,0.0860824789297406,0.751616060155139,0.593129386620147,-0.106225026903858,0.909225168359665,0.370895705461584,0.87897888256739,-0.227498626546128,4471.0000000001,0.802172226632196,0.0113860795726322,0.025212526441785,0.0229018500420637,0.0229018500420637,0.154471351998931,0.480311575973235,2022.69880575346,0.0625,109,2,"SNETWORK (2 41 2022.69880575346 0.154471351998931 87000087 109)",87
29,87000088,-0.92173203621927,21,-0.305920963472259,-0.59067341236485,-0.695629464068801,-0.700108350003007,-0.706051805186474,-0.00734906216020053,0.000942896987129763,0.918904621986079,0.367145444658416,0.858919781189067,-1.2069741957615,0.792437186411237,0.858919781189067,0.858919781189067,-0.040029419643248,0.0268804219736563,0.0355502713082633,0.577555714883884,-0.24177472564537,0.763878608438194,-1.20507446221732,-1.78686561665285,0.401729132717726,-0.92173203621927,-0.5,0.399630548181127,0.63092611697748,0.632809672374857,-0.332753166415659,0.641152431911067,-0.924597912684736,-0.0947533186395345,0.345388923420744,-0.667678402550094,0.752960788840627,0.0399850261056294,11869.0000000001,14.2883228892718,3.69659859045326,575.0000000001,3.39832494887741,17.6866478380492,0.186005714506896,2.69504302718742,0.579131148863637,-0.0462779324454585,-0.49768250044618,-0.327097293197835,-0.190673052878304,-0.320947286201524,0.303335709175159,-0.378204506175151,-0.642150712342896,0.0472813260165194,849.0000000001,1.60567382822539,0.0472813260165194,849.0000000001,1.60567382822539,0.519528682878885,0.220419044681786,1e-10,-0.375946929515943,-0.514020617932273,0.0520798816887312,-0.32067985502387,-0.206115705486086,-0.892855882414001,-0.405695070477138,-0.417708076089101,-0.413161274590743,1.10214347765446,0.0199284039387549,-0.181140190356255,1.67114401708432,-8.13038659650065,1.13087757491549,1.92105223323573,1.43788578763324,0.964659000469275,-1.73400391452138,-1.6761481701087,-0.323183693865518,11869.0000000001,0.408068270076726,0.150266445684202,0.0357392687226939,0.016886439433938,0.016886439433938,0.515583936620038,0.127642918729535,1166.75557293545,0.25,36,2,"SNETWORK (2 29 1166.75557293545 0.515583936620038 87000088 36)",87
37,87000089,0.724229547719898,38,0.694079036527741,0.60967167323295,0.623124281295046,0.615977027310147,0.618989232093641,-0.433636968334103,-0.417975137471293,-0.129610990052107,1.44143657929275,-0.530310288600514,0.202254733069497,-0.413804824345784,-0.530310288600514,-0.530310288600514,-0.660155569817397,-0.436800887730697,-0.370769371144139,-0.80377989877107,-0.382865670400719,0.955958549222799,-0.986100386100386,-0.606060606060606,0.882446134347275,0.724229547719898,0.5,1.40393957760583,0.658774883718362,0.660996644306057,-0.82139849818702,0.670999198824405,0.707441828766318,-1.05990247738544,1.37762194350519,0.429470074928646,0.0743279260053948,0.0799702643258065,704.0000000001,0.334642992577466,0.122135991139705,4498.0000000001,3.51333994735634,3.8479829398338,0.0402831434798566,-1.49177253760671,0.655088982426527,-0.449868127610294,-0.88411322313099,-0.301117808744438,-1.19517396577123,-0.294697113459427,-0.135000763191309,-0.208624872580341,-0.677227666154729,0.0909875272588388,1352.0000000001,4.92060546884825,0.0909875272588388,1352.0000000001,4.92060546884825,0.953083674937559,0.699061152468265,1e-10,0.083334231168125,-0.0455117673874352,-1.28653322614347,-0.0804367379306307,0.793884294513914,0.459181735140858,0.91713924838561,0.899825414865476,0.907585034568318,0.0125411858549099,-0.124471718244414,0.950693449565519,-0.209486204184162,-0.26650649817039,0.748192813955273,1.08585785678879,1.61804448713681,0.461255947658826,-0.653411498967185,0.374918171471165,0.317408478807952,4498.0000000001,0.372381691333514,0.00350325660434622,0.0367798867755103,0.0515120411700693,0.0515120411700693,0.894774794011285,1.27413748294757,5140.01116989982,0.0312499339939208,97,2,"SNETWORK (2 37 5140.01116989982 0.894774794011285 87000089 97)",87
37,87000090,0.745877628848026,40,0.694079036527741,0.60967167323295,0.623124281295046,0.615977027310147,0.618989232093641,-0.405897711810025,-0.40054055838316,-0.13453274079975,1.41385307934795,-0.550427871549102,0.22136180155531,-0.41295446469962,-0.550427871549102,-0.550427871549102,-0.668299723893014,-0.495534132372296,-0.447374597853419,-0.864803164829544,-0.435723083026666,0.955958549222799,-0.986100386100386,-0.606060606060606,0.882446134347275,0.745877628848026,0.5,0.138970600223303,1.14243640102118,1.15383157668549,-0.0313131634691621,1.21154878943095,0.734533379666863,0.602000713208966,1.35705265771737,-1.57076299031585,0.326665776336161,0.0799702643258065,1212.0000000001,2.53199777038615,0.085886244977581,3877.0000000001,2.12949427990947,4.66149205019563,0.0450670606131133,0.380986634778687,0.279954971858761,0.682734390401939,-0.478392402813547,-1.06439680148907,0.182921177243563,-0.933268251252816,1.27362528673313,-0.620720751701278,-1.46174601942274,0.013557282295157,1306.0000000001,0.708232421974748,0.013557282295157,1306.0000000001,0.708232421974748,0.00258917086570044,0.487011501948041,1e-10,1.16952932247969,1.21905044840031,0.327942344035543,1.92948912412916,1.15011088775649,0.556665973567042,0.914571149463148,0.897352840576839,0.905147065520051,-0.248318976526521,-0.0987263976730766,0.657182449581365,0.181347871153098,-1.78598424324513,-0.435906167501335,-0.297231924199018,0.714875183926328,-0.720359404049456,-0.404294051330438,-0.178126325268704,0.834543318269151,3877.0000000001,0.301008533847091,0.0244792215681701,0.0205878389449432,0.00684715388784656,0.00684715388784656,0.937658143272669,0.772352431143607,5183.54278171124,0.0312499339939208,99,2,"SNETWORK (2 37 5183.54278171124 0.937658143272669 87000090 99)",87
37,87000091,0.779849965001772,42,0.694079036527741,0.60967167323295,0.623124281295046,0.615977027310147,0.618989232093641,-0.395438085782159,-0.385774149212126,-0.145064464433083,1.32004039561536,-0.580294985252931,0.265602049002435,-0.467174020960897,-0.580294985252931,-0.580294985252931,-0.670740723079337,-0.541915939284636,-0.531181009157551,-1.09636685727063,-0.421160922123693,0.55958549222798,-0.547600661886376,-0.0626324030579359,0.640729675900778,0.779849965001772,0.5,-0.00792344358669085,-0.533195680526471,-0.525785936537227,-0.088614957255223,-0.492768727449122,0.77248026400782,0.404754990199273,1.26235976290629,0.498319165565652,0.233168312523772,0.0799702643258065,1817.0000000001,2.70945235646632,0.0994787673819644,2385.0000000001,1.51731531105206,4.22676766741839,0.0538502269997454,1.14019662103065,-0.473937969751195,-0.600164089338141,0.802092387563666,1.35873051030766,0.485787121169932,1.53602070691481,1.48360782924118,0.89923087439617,1.64522869042725,0.0801205704635621,765.0000000001,2.45168945322413,0.0801205704635621,765.0000000001,2.45168945322413,0.395988878785192,0.160611818836697,1e-10,2.76371953695769,2.07624490550739,0.0520621117661151,4.15718786756292,1.16676563583462,0.561223677745715,0.859461948744225,0.844450595296047,0.841427408667893,-0.752189018602507,0.430515828634737,0.0171797082678423,0.0486817278722187,-1.16174145547687,-0.749316585627079,-0.757192567136308,-0.58170441844716,-0.760872164933067,-0.0722858930178423,-0.751256371480869,1.47522867761589,2385.0000000001,0.538401862008456,0.034519196617434,0.0193310302823113,0.0312352236341885,0.0312352236341885,0.982798144680693,1.35071522573254,5229.36515921453,0.0312499339939208,101,2,"SNETWORK (2 37 5229.36515921453 0.982798144680693 87000091 101)",87
29,87000092,-1.07649128703358,13,-0.305920963472259,-0.59067341236485,-0.695629464068801,-0.700108350003007,-0.706051805186474,-0.135925479590385,-0.155649991078323,0.855410574284198,0.655066419713714,0.775389539545137,-1.27609612857086,0.83233692777529,0.775389539545137,0.775389539545137,-0.122349164532423,0.555872227933132,0.585743911716052,1.01473438721026,0.268818778647279,0.202072538860104,-0.56138996138996,-1.05738233397807,-0.0396070975918889,-1.07649128703358,-0.5,1.28663073190026,-0.211014086773569,-0.209096576666251,-0.821027440666445,-0.200146403171366,-1.07966636020378,0.655727397442354,0.621662972063773,-0.6102669750293,1.3330917507427,0.0399850261056294,10308.0000000001,21.9699574830383,0.270291762286293,9065.0000000001,3.91737713195354,25.8873346148919,0.31274783313152,-0.301878058762041,0.00729060710818802,-0.136845348834576,-0.214557291502403,-0.0108446517551836,0.570979937364546,-0.0325518668011678,1.17355168100882,0.111426864020748,0.00324821572940231,0.0954904711790667,1543.0000000001,5.89367187510145,0.0954904711790667,1543.0000000001,5.89367187510145,1.17264976297126,1.22192968661832,1e-10,-0.270422427827859,-0.154912176996405,-1.5277777113639,-0.406345632886803,-0.206115705486086,-0.892855882414001,-0.436173920905954,-0.449542747978101,-0.447393236563639,-0.297313809388087,-0.0208628465297557,-0.145184180488018,0.658178604457255,-1.46471571957661,0.630010262370684,0.532567913235144,0.674279333265694,0.563070113320631,-0.0809933795899919,0.00525432440064374,-0.474498163204932,10308.0000000001,0.668735453940186,0.265421554471564,0.0473262785599558,0.0712021200688735,0.0712021200688735,0.318356409230736,1.04334585922853,983.784664541288,0.25,28,2,"SNETWORK (2 29 983.784664541288 0.318356409230736 87000092 28)",87
41,87000093,-0.0951992459626681,44,-0.351973654490753,-0.150431219958124,0,0,0,0.590712469454192,0.538518842049804,-0.0303713990853309,-0.427787931196618,0.744895023550688,-0.0816347075064192,0.159018427616316,0.744895023550688,0.744895023550688,0.496388233456839,-0.225915591301952,-0.32102225628154,-0.00797756563534099,-0.370145372882742,-0.730569948186529,0.438610038610039,0,-0.752534854245882,-0.0951992459626681,0,-0.427108010368779,0.124867607170892,0.124344959496272,0.589142383986419,0.121716817279186,-0.0894248855406481,1.1302587843812,-0.416457314567213,-0.477062280184644,0.165476561749033,0.0799701241440398,6963.0000000001,7.36865838480908,0.0904094626686137,583.0000000001,0.337083878154667,7.70574226286375,0.0880813019561198,1.59505599587866,-1.90976954648284,0.204648462764359,0.47605067413008,0.266223202021301,0.766141309261154,0.257823503427061,0.316448367769597,-0.080205423864145,-0.0866023686291497,0.0736094441076285,934.0000000001,2.750048828225,0.0736094441076285,934.0000000001,2.750048828225,0.777749437781917,0.165909534721316,1e-10,0.606722784729216,0.374165863030869,-0.0909551900784982,0.524934404155557,-0.100644373621669,0.0473714039363848,0,-1.49871635330658e-15,0,-0.365929575416155,-0.799063736988007,0.593716444327399,0.297937102769673,-0.0502032179566475,-0.415452748409869,-0.437624516492133,0.518221353083873,-0.645307688617542,0.394075295498865,-0.102074325105164,0.170749153793347,6963.0000000001,0.276183087764857,0.0842282289396743,0.00385307291644552,0.0314347239615913,0.0314347239615913,0.53815510763752,0.630928050726652,2674.92041419078,0.0625,129,2,"SNETWORK (2 41 2674.92041419078 0.53815510763752 87000093 129)",87
41,87000094,-0.370856538434695,33,-0.351973654490753,-0.150431219958124,0,0,0,0.666992874567981,0.68918348116261,0.175115357664743,-0.212055719781995,0.678854468480296,-0.0477526375244801,0.0341825464518971,0.678854468480296,0.678854468480296,0.521986129668022,-0.441757189130902,-0.53352367760945,-0.0120900468191686,-0.631986383711264,-0.730569948186529,0.438610038610039,0,-0.752534854245882,-0.370856538434695,0,0.212489738111317,4.74958753729118,4.99801938954727,0.419174997072589,6.91654522491784,-0.37738906332466,-0.715195132345001,-0.211669706430338,0.482870200998257,0.123963374919555,0.0799701241440398,13339.0000000001,10.5748009892477,0.139065061619099,7792.0000000001,6.92982895752548,17.5046299466732,0.0936429204996088,1.03657624816303,-0.875150171222385,0.185212944134174,-0.446291366229788,-0.545857801975015,-1.4934989257562,-0.241077273200208,-1.73410510596164,-0.90805536643293,-0.873870478466695,0.027158139197242,3508.0000000001,3.810830078225,0.027158139197242,3508.0000000001,3.810830078225,1.017107808213,0.127476541051091,1e-10,-0.0123728202036868,0.0241879635163739,0.121225577263441,-0.233694177004998,-0.247563611855401,-0.145093157217225,0,1.49871635330658e-15,0,-0.498805061122186,-0.311055849637327,0.739466066237805,-0.488569409915252,0.289981886782379,0.776214075503082,0.743937316333819,0.777074531209761,0.711212671201263,0.917262519782276,0.544745928591247,-0.401464952598848,13339.0000000001,3.71761055091459,0.056571047219557,0.0370718731800518,0.0203864496851106,0.0203864496851106,0.395410070371842,0.455121046164102,2432.26902112643,0.0625,119,2,"SNETWORK (2 41 2432.26902112643 0.395410070371842 87000094 119)",87
36,87000095,0.877657984982948,46,0.694079036527741,0.60967167323295,0.623124281295046,0.615977027310147,0.618989232093641,-0.145082611255785,-0.135991890460624,-0.00529782345106054,0.326861039900892,-0.3689070360356,0.454725083293202,-0.642696666969197,-0.3689070360356,-0.3689070360356,-0.760109500535954,0.0292570336604905,-0.00429933334264923,-1.14457457893754,0.289884008878661,-0.124352331606218,0.460231660231661,1.53191489361702,0.247465145754119,0.877657984982948,0.5,-0.00250438893893569,2.39587372263359,2.45823421748803,0.326414673046261,2.82767345430971,0.870842660619911,0.0837648485975446,0.323395755227385,0.620206617926019,0.420348173463347,0.0799702643258065,1418.0000000001,3.8119084110838,0.0976944541032883,5009.0000000001,3.1295219620399,6.9414303730237,0.0546194187109746,1.53631912588269,-1.66596971324894,0.208526377119885,0.743338121029141,0.503668257323885,-0.460058225707808,0.363533410173233,0.0260577042634487,-0.145859477453375,-0.288789234801972,0.0749839203029955,1327.0000000001,3.98014648447359,0.0749839203029955,1327.0000000001,3.98014648447359,0.7408752389785,0.162815947102726,1e-10,0.54233615451974,0.336797751349943,0.209560588566382,0.0159053290968796,0.861680833452351,0.493197388361809,0.918392032503243,0.901031599631714,0.908774338016181,-0.942454871631135,0.512004654030454,-0.187608085330142,0.30995606148518,-5.62388878004683,-0.145085578237911,0.0340429439402096,0.20693690922497,-0.242285369321459,0.32483297503566,0.784257547622955,1.23998814106089,5009.0000000001,0.333591931830023,0.0299944262234996,0.024624992387475,0.0313182262565049,0.0313182262565049,0.393094777134066,3.19868703773727,5322.09693158716,0.0156249669969604,65,2,"SNETWORK (2 36 5322.09693158716 0.393094777134066 87000095 65)",87
43,87000096,0.00560649252704824,26,0.131579036527741,0.406563246402039,0.354270929498081,0.350983481983268,0.358474665810763,-0.923202394092036,-0.742616218378291,-0.146549117153011,-0.2934422543043,-0.491188530126462,0.195573398161132,-0.353928373108549,-0.491188530126462,-0.491188530126462,0.246968700989872,2.89455726812878,2.82468393773348,-0.137379603831757,3.47334294125749,-1.08808290155441,1.58918918918919,3.01740812379109,-0.334283903675539,0.00560649252704824,0.25,0.768953942721956,-0.0630464287300848,-0.0626105721085397,-0.621892377630478,-0.0605217361318824,-0.00151205273800329,-0.234574231213765,-0.289778928897819,0.149852936931327,0.172202967964216,0.0799701818409082,1319.0000000001,1.45258512892145,0.27638379046674,1055.0000000001,1.86475248326297,3.31733761208442,0.0391115726083418,0.544974494062068,-0.154830012105002,0.0821022995513585,-0.60074112195341,-0.575444795930834,-0.145681642893088,-0.630666679645673,-0.29277630479961,-0.385739606710991,-0.358629764544743,0.0217260681999373,399.0000000001,0.346748046975147,0.0217260681999373,399.0000000001,0.346748046975147,0.0789774208782252,0.560275937084238,1e-10,0.362605114832029,0.46593439760829,0.200232678562676,0.0547093292459006,-0.0874716815239709,0.0646276650958066,0.676414028971749,0.668054363157543,0.67905776525831,-0.507795095752731,0.234053122193623,-0.00399850138976409,-0.263216472202775,0.184556184127646,0.742438052646083,0.715271540524203,0.0569119641457114,0.856267638157595,-0.689241571896973,-0.440078616002667,0.396071207308707,1319.0000000001,1.10628394113957,0.0171260496324503,0.0219855228758916,0.00408817641246064,0.00408817641246064,0.405952224203849,1.38920100442304,3389.72382014327,0.0312500660060792,163,2,"SNETWORK (2 43 3389.72382014327 0.405952224203849 87000096 163)",87
41,87000097,-0.756423851919211,14,-0.351973654490753,-0.150431219958124,-0.192309249631537,-0.194095720002018,-0.196546296696359,0.696824375551262,0.924058697738651,0.501785062631375,0.16776446248891,0.341924406247344,-0.153204285240409,0.0192039551029986,0.341924406247344,0.341924406247344,0.577039667130574,0.500043662211944,0.409517925739731,0.422393758917825,0.382633487040837,-0.730569948186529,0.438610038610039,0,-0.752534854245882,-0.756423851919211,0,0.255173860125824,0.615315567649458,0.617018767396788,-0.211340564049596,0.624481026378174,-0.757675403697895,-0.713492682608391,0.160315642982704,0.536832449524931,0.186600324422597,0.0799701241440398,978.0000000001,1.16709655841672,0.0989826154568382,2685.0000000001,1.69964708637896,2.86674364469569,0.0302263323496499,1.02002262612437,0.945749019246166,-0.341546716117733,-0.514810157533868,-0.0658215500046481,-0.77051118182087,-0.0735035455593681,-0.435547891748453,-0.0333258792839637,-0.161500987947316,0.0183363347804047,1013.0000000001,0.74298828135,0.0183363347804047,1013.0000000001,0.74298828135,0.324869315837334,0.460808278915006,1e-10,-0.525645577754357,-0.314244243130163,-1.50648324325311,-0.760813335249317,-0.39255626838664,-0.335033423986381,-0.242934752380892,-0.250738012221284,-0.251697298074802,-1.41629939858411,0.105882338381347,-0.146127499990561,1.3098181547435,0.119608010597457,1.04286607791659,0.995522728699901,0.0864639658582419,1.207448756576,0.338515540273093,0.502429768790696,-0.474498163204932,2685.0000000001,0.153607447733825,0.0123056166551925,0.0179207155944573,0.00783390963087882,0.00783390963087882,0.141437552933656,0.643305582313999,2000.54273251483,0.0625,108,2,"SNETWORK (2 41 2000.54273251483 0.141437552933656 87000097 108)",87
29,87000098,-0.92173203621927,21,-0.305920963472259,-0.59067341236485,-0.695629464068801,-0.700108350003007,-0.706051805186474,-0.00734906216020053,0.000942896987129763,0.918904621986079,0.367145444658416,0.858919781189067,-1.2069741957615,0.792437186411237,0.858919781189067,0.858919781189067,-0.040029419643248,0.0268804219736563,0.0355502713082633,0.577555714883884,-0.24177472564537,0.763878608438194,-1.20507446221732,-1.78686561665285,0.401729132717726,-0.92173203621927,-0.5,0.399630548181127,0.63092611697748,0.632809672374857,-0.332753166415659,0.641152431911067,-0.924597912684736,-0.0947533186395345,0.345388923420744,-0.667678402550094,0.752960788840627,0.0399850261056294,11869.0000000001,14.2883228892718,3.69659859045326,575.0000000001,3.39832494887741,17.6866478380492,0.186005714506896,2.69504302718742,0.579131148863637,-0.0462779324454585,-0.49768250044618,-0.327097293197835,-0.190673052878304,-0.320947286201524,0.303335709175159,-0.378204506175151,-0.642150712342896,0.0472813260165194,849.0000000001,1.60567382822539,0.0472813260165194,849.0000000001,1.60567382822539,0.519528682878885,0.220419044681786,1e-10,-0.375946929515943,-0.514020617932273,0.0520798816887312,-0.32067985502387,-0.206115705486086,-0.892855882414001,-0.405695070477138,-0.417708076089101,-0.413161274590743,1.10214347765446,0.0199284039387549,-0.181140190356255,1.67114401708432,-8.13038659650065,1.13087757491549,1.92105223323573,1.43788578763324,0.964659000469275,-1.73400391452138,-1.6761481701087,-0.323183693865518,11869.0000000001,0.408068270076726,0.150266445684202,0.0357392687226939,0.016886439433938,0.016886439433938,0.515583936620038,0.127642918729535,1166.75557293545,0.25,36,2,"SNETWORK (2 29 1166.75557293545 0.515583936620038 87000098 36)",87
37,87000099,0.282819562959204,17,0.694079036527741,0.60967167323295,0.623124281295046,0.615977027310147,0.618989232093641,-0.640844318056227,-0.600794270385695,-0.159984211716744,1.82087733716029,-0.391489075346507,0.0779885216616578,-0.441622757355024,-0.391489075346507,-0.391489075346507,-0.602594103890594,0.0126996745341951,0.158766016543752,-0.483357568252767,0.066680714996588,0.435233160621762,-0.438266838266838,-0.0888315781932811,0.436734262779889,0.282819562959204,0.5,-0.787850914145533,-0.0475915388427222,-0.0472732763873324,1.31538111225171,-0.0457432246260867,0.279040460227015,0.880182491412238,1.75320628928544,-1.27827134831043,0.143940041935275,0.0799702643258065,2244.0000000001,2.06567283879716,0.0760782058480361,3087.0000000001,1.50194473535606,3.56761757405322,0.041955396577394,-0.530597840222082,0.62695410944206,-0.0554503682591003,-0.0609561860901049,0.0452524834506313,0.667683834881371,0.0293002691380238,1.8661428375156,0.284869727829697,0.446230290230353,0.0257880582843917,1126.0000000001,1.16149414072459,0.0257880582843917,1126.0000000001,1.16149414072459,0.419302433424737,0.306117059348964,1e-10,0.021664534304349,-0.230310117383665,0.360113286732327,-0.27903381179714,0.793884294513914,0.459181735140857,0.676414028971747,0.668054363157543,0.679057765258309,-0.0816920103241537,-0.168056558326709,0.833897145719728,1.38037429048179,-0.0159000823589323,0.0978397773618775,0.09065518089409,0.463383026542195,-0.0181870609308263,0.169096219058909,-0.0378288913045575,-0.380708863225243,3087.0000000001,0.021722265421955,0.0242924363790735,0.0176629600983205,0.0136592407022137,0.0136592407022137,0.388134279555405,1.85830135457218,4625.71183034032,0.0312499339939208,81,2,"SNETWORK (2 37 4625.71183034032 0.388134279555405 87000099 81)",87
41,87000100,0.13438913015343,51,-0.128289549634743,-0.096718629794287,0,0,0,0.736154475842804,0.580057266680122,-0.101249939625557,-0.582766445472052,0.647585549165463,0.216159712858439,0.0242954918861379,0.647585549165463,0.647585549165463,0.443054960819332,-0.318340969452646,-0.409422130359748,-0.231966783631074,-0.414035712065424,-0.730569948186529,0.438610038610039,0,-0.752534854245882,0.13438913015343,0,-0.0241381881073939,0.222043228326232,0.22142403943165,0.0285439613876234,0.218168279272714,0.130605378902362,0.0225032873881388,-0.553593220685271,0.121079081315234,0.105443064730858,0.0799701241440398,4010.0000000001,2.70407001194282,0.107591219702213,2955.0000000001,2.03324566514791,4.73731567699073,0.0532905174659306,0.550271902073301,-1.01677630236998,1.38777965346687,-0.291559914407724,-1.6544244799719,0.00301965812745635,-1.69363349361323,-0.547818536990154,-1.7151852656783,-1.05156797080591,0.0133949024284793,1279.0000000001,0.685283203225,0.0133949024284793,1279.0000000001,0.685283203225,0.00258917086570044,0.464130121996849,1e-10,0.610411895600943,0.150434837352989,-1.14262817362101,0.522752311155817,0.359132498335443,0.033092175798254,0,0,0,0.599096824008018,-0.335226566469627,1.23211714816341,0.0988291865034111,-0.0598188397815278,-0.29285281867139,-0.246986355342245,0.195714753923737,-0.415869212537686,0.142337770764757,-0.680414609495445,0.542447009101158,4010.0000000001,0.25911559358332,0.0304183423173059,0.0228721750486247,0.00770881632711506,0.00770881632711506,0.632329335043613,0.306638775044121,2835.00659237654,0.0625,134,2,"SNETWORK (2 41 2835.00659237654 0.632329335043613 87000100 134)",87
41,87000101,0.456895938376014,60,0.398026345509247,0.0967186297942882,0,0,0,0.802729629799947,0.584027282409778,-0.170043244715979,-0.779409684317261,0.541916280291167,0.634411351342331,0.0808393414363361,0.541916280291167,0.541916280291167,0.370096490513417,-0.584854441141723,-0.687357542662355,-0.393538374980704,-0.689296548546154,-0.730569948186529,0.438610038610039,0,-0.752534854245882,0.456895938376014,0,-0.233787939720368,-0.505463938369009,-0.498650942287109,0.186523160816489,-0.468180879837996,0.452895612283782,-0.0577200153415251,-0.754602668443638,0.175289468600835,0.199225441986262,0.0799701241440398,4981.0000000001,6.34624566627562,0.0921160020282013,1171.0000000001,0.689838636464954,7.03608430264057,0.089232624081613,0.783465225571121,-0.297988688171868,0.616827437438684,-0.227792258774525,-0.780671864544073,0.1178189519928,-0.917350994782888,-0.844953091470435,-0.734442706483019,-0.360147290834166,0.0945655956865473,1089.0000000001,4.11927734385,0.0945655956865473,1089.0000000001,4.11927734385,1.08670692194538,0.718425566168118,1e-10,0.169782154805005,0.697318713020467,-0.0363688610376704,0.970954213302252,0.827782402343433,-9.66724007780397e-16,-1.4637901463605e-15,-1.49871635330658e-15,0,-0.358717147146215,-0.262379106758251,-0.034382074128801,-0.190792633034394,0.207983090064501,-0.131525891211282,-0.148499054129832,0.0509843013968218,-0.185944872533619,0.259525051221178,-0.229126727753574,0.0117239562189728,4981.0000000001,0.0356865788432118,0.0804839920721693,0.00874863190944373,0.0522412623962022,0.0522412623962022,0.749697890526917,0.672496156616078,3034.52066330685,0.0625,141,2,"SNETWORK (2 41 3034.52066330685 0.749697890526917 87000101 141)",87
43,87000102,0.0721065138715629,28,0.131579036527741,0.406563246402039,0.354270929498081,0.350983481983268,0.358474665810763,-0.803021034150264,-0.644264365937079,-0.143952048991453,-0.355654772856436,-0.366245641074604,0.353643158628731,-0.378587403779176,-0.366245641074604,-0.366245641074604,0.240656281231066,2.78334753443363,2.72145247759162,-0.362573407249818,3.40692320573437,-1.08808290155441,1.58918918918919,3.01740812379109,-0.334283903675539,0.0721065138715629,0.25,0.58455328402025,-0.0260142697852331,-0.025848504072241,-0.518715728240257,-0.0250479547400922,0.0725976693770712,-0.193547292472663,-0.312906802496038,0.675123713776117,0.425288451613596,0.0799701818409082,1082.0000000001,2.94284248102745,0.357216129861664,1458.0000000001,3.33077081656692,6.27361329749437,0.0735162086931906,-0.0739370986529167,0.429895016915009,-0.589839831569341,0.123036633479314,0.748717893023892,-0.117992443392746,0.772739640177045,-0.297265633505495,0.698971845931353,0.507925469932059,0.00519717066139381,226.0000000001,0.0469824219750199,0.00519717066139381,226.0000000001,0.0469824219750199,0.167820133161373,0.654217200702051,1e-10,-1.12897899195292,-0.195171433765389,-1.3525640774502,-0.688655245272575,-0.0874716815239709,0.0646276650958095,0.676414028971752,0.668054363157545,0.679057765258312,-1.67113763541577,0.087810030477729,-0.737456575295774,-0.221994300921106,-0.24548006793516,0.408881344510427,0.222947782054359,-0.573494687961754,0.620201451689716,-0.458423400649819,-0.690241938170765,-0.474498163204932,1458.0000000001,1.37470907690372,0.0344851700972103,0.0390310384959803,0.000550555057037351,0.000550555057037351,0.437298419157378,1.06446179771801,3435.44753860017,0.0312500660060792,164,2,"SNETWORK (2 43 3435.44753860017 0.437298419157378 87000102 164)",87
41,87000103,-0.417042002616905,31,-0.351973654490753,-0.150431219958124,0,0,0,0.626789614626213,0.657410447467907,0.181425545497731,-0.17989295979655,0.605287654244954,-0.107086033448241,0.0446647096333252,0.605287654244954,0.605287654244954,0.525509036270293,-0.332625243404699,-0.436820670803529,0.0564780280973414,-0.520008324125189,-0.730569948186529,0.438610038610039,0,-0.752534854245882,-0.417042002616905,0,-0.0384604846916156,0.396295549531703,0.396173719516472,0.0696605316698989,0.39499170224606,-0.415363465271985,0.0238956198059058,-0.17801830458982,-0.467347950439289,0.101465788557152,0.0799701241440398,2815.0000000001,1.8266425629889,0.088080524578078,1504.0000000001,0.847194773035695,2.6738373359246,0.029227402810319,1.67537156080001,3.37392048727089,-0.421474416776089,0.262687103238726,0.639079803975133,-0.0385797248063008,0.616535386534624,-0.0581500462236188,1.08521948756614,0.897756302708828,0.0459853664589015,528.0000000001,0.9712109376,0.0459853664589015,528.0000000001,0.9712109376,0.376366269705489,0.386924957765138,1e-10,0.601058429010414,0.100272024025167,0.126971709922056,-0.265515479554853,-0.24299163688824,-0.139103873750555,-1.4637901463605e-15,-1.49871635330658e-15,-1.55600483282998e-15,-1.6908756022068,-0.529523810714006,0.256927654777105,-0.136776683272971,0.00634370644997495,0.0942115552265929,-0.0491329662741121,0.131601402937806,0.0628906933568156,0.311100849033316,0.299429749840779,0.111049883228344,2815.0000000001,0.906128782101552,0.0199668158859404,0.00926058682437857,0.010616192992243,0.010616192992243,0.368466062417231,2.78609126340598,2386.46707108907,0.0625,118,2,"SNETWORK (2 41 2386.46707108907 0.368466062417231 87000103 118)",87
41,87000104,0.421370534676705,59,0.398026345509247,0.0967186297942882,0,0,0,0.792482690985407,0.582342771204729,-0.170043244715979,-0.775599085783442,0.540215346529005,0.632222151155305,0.065720238374979,0.540215346529005,0.540215346529005,0.372955866624226,-0.572244506353792,-0.674958842647201,-0.400065537947631,-0.671922452835951,-0.730569948186529,0.438610038610039,0,-0.752534854245882,0.421370534676705,0,0.211574401473654,0.187755438600105,0.187139520682709,-0.219453503466888,0.183961578564029,0.420414189160299,-0.273692989788878,-0.750903088771839,0.888703420193583,0.157308200370287,0.0799701241440398,2813.0000000001,2.8299361304094,0.125836090531807,1440.0000000001,1.1588393885638,3.9887755188732,0.045124240463325,-0.228182463646584,-0.153702462932887,-0.0418871199387122,-0.196195099037031,-0.0919199033149609,-0.240373786563491,-0.10960152969599,-1.16295139396279,-0.0760622735112636,-0.052985240667432,0.00673236278939394,792.0000000001,0.2132812501,0.00673236278939394,792.0000000001,0.2132812501,0.109093333095463,0.604765184034941,1e-10,-0.672959314749797,0.000532023179682553,-0.0349692283866093,0.0257194254176579,0.827782402343433,-9.66724007780397e-16,0,0,-1.55600483282998e-15,-0.0466267072990595,0.405686902899724,-1.15494791515719,0.0399063462793952,0.190939709298254,-0.369756333024771,-0.448337233938681,-0.733208472760565,-0.26857765672568,0.505393988223304,0.352198506494319,-0.366594418337718,2813.0000000001,0.496508921744686,0.0320145161230368,0.0131097242402881,0.00241280923047543,0.00241280923047543,0.737009540548541,0.699483246098166,3012.9518168032,0.0625,140,2,"SNETWORK (2 41 3012.9518168032 0.737009540548541 87000104 140)",87
37,87000105,0.353650826778083,20,0.694079036527741,0.60967167323295,0.623124281295046,0.615977027310147,0.618989232093641,-0.640914575035111,-0.59159012735141,-0.165684060744019,1.7888225168758,-0.408094853039376,0.0861490347379303,-0.455184685632916,-0.408094853039376,-0.408094853039376,-0.616396864509009,-0.0254302917946354,0.114718139091705,-0.520588823395134,0.0316304145006321,0.435233160621762,-0.438266838266838,-0.0888315781932811,0.436734262779889,0.353650826778083,0.5,-0.518340833416699,0.0467348243371776,0.0464863779908911,0.740196587381037,0.0452658499792245,0.346315018685502,-0.084954341768002,1.71224688172111,-0.429508261165194,0.0637836355846125,0.0799702643258065,197.0000000001,0.0803586362392604,0.0820286243154831,6509.0000000001,3.41457582386462,3.49493446000388,0.0404667722469326,-0.236855307588184,-0.670445228815889,0.153922874991709,0.190058487560587,0.057748073877805,-0.0420802818536353,0.0427647952795168,1.24011593414615,-0.030845659448261,-0.323803131929324,0.0224061262514567,1167.0000000001,1.04591796884963,0.0224061262514567,1167.0000000001,1.04591796884963,0.393223424052491,0.347247394290508,1e-10,0.0851528119062397,-0.161609330201416,0.35779846567011,0.181153635313716,0.793884294513913,0.459181735140857,0.676414028971747,0.668054363157543,0.67905776525831,0.700146844428017,-0.478285909040685,-1.12314157455188,-0.119175291513821,-1.01609586554114,0.0857529874145749,0.115139254496807,-0.65744608612564,0.255914374675575,-0.590377819256011,-0.0174810216961837,-0.17992978749368,6509.0000000001,0.0853374710076804,0.000930447954315902,0.0395363241926167,0.0121103627582584,0.0121103627582584,0.456000592393776,1.51235619577346,4694.60407025247,0.0312499339939208,84,2,"SNETWORK (2 37 4694.60407025247 0.456000592393776 87000105 84)",87
41,87000106,-0.912072118710737,5,-0.351973654490753,-0.150431219958124,-0.192309249631537,-0.194095720002018,-0.196546296696359,0.605531461864491,0.839279205040928,0.517891556009096,0.247391252795597,0.249527649280528,-0.257143013837279,0.0108952252673796,0.249527649280528,0.249527649280528,0.576936720785754,0.770227271607464,0.660247146948348,0.310544816519879,0.74632241358222,-0.730569948186529,0.438610038610039,0,-0.752534854245882,-0.912072118710737,0,0.583905842719652,0.322112834076743,0.321674769547233,-0.490919500082629,0.319100538632839,-0.9176514408673,-0.960790245273431,0.229479237798577,0.651000898704464,0.0620472563451908,0.0799701241440398,2729.0000000001,1.0828833011337,0.0746402398937419,4847.0000000001,2.31367090393593,3.39655420496963,0.0375836360539894,0.0123360866687012,1.2971595424603,-0.914345188266736,-0.42944718624854,0.571253018600798,-1.0051906580642,0.555742284239024,-0.6407226634723,0.6426142848383,0.653937915640039,0.0182443918718681,1812.0000000001,1.322353515725,0.0182443918718681,1812.0000000001,1.322353515725,0.455599302235967,0.280281820594156,1e-10,-0.373372226684152,-0.811080918712055,-1.65871396485108,-0.87177542537508,-0.39255626838664,-0.335033423986382,-0.487990783359436,-0.503664629107673,-0.505590738712639,0.000789105813087645,-1.69436077047067,-0.0425997849114472,2.58072388624288,0.219098320984623,-0.117195630966844,-0.155282280458051,-1.16013053949958,0.142947904242563,-0.309315537487673,0.281408180457769,-0.474498163204932,4847.0000000001,1.08611326619775,0.0119823472000992,0.0256012887538901,0.0146321389667431,0.0146321389667431,0.0248269756070969,1.26993997009728,1802.31714389655,0.0625,103,2,"SNETWORK (2 41 1802.31714389655 0.0248269756070969 87000106 103)",87
41,87000107,-0.544268862283158,25,-0.351973654490753,-0.150431219958124,0,0,0,0.692415070124379,0.875555191951781,0.345807390334444,-0.0226248155007952,0.531286065690031,-0.0584591769945105,-0.000211359461361616,0.531286065690031,0.531286065690031,0.556614482059692,-0.0433667045733822,-0.140647920240087,0.250590442336075,-0.227014279244604,-0.730569948186529,0.438610038610039,0,-0.752534854245882,-0.544268862283158,0,-0.356152804870715,0.797463258146505,0.801681262071575,0.590578097004714,0.821670390711991,-0.549025412389179,-0.00361078207007571,-0.0247073458030437,-0.55571233738564,0.155295745559154,0.0799701241440398,5245.0000000001,5.20907475094802,0.154083018162509,2179.0000000001,2.14717551495275,7.35625026580077,0.0752722837597207,-0.70155493474953,0.662213342910168,-0.109217768947522,0.0171419051516769,0.170166511356782,-0.15705004481469,0.148078351803198,0.00036286199164663,0.306426416744402,0.228041220874122,0.081292294577587,1121.0000000001,3.645146484475,0.081292294577587,1121.0000000001,3.645146484475,0.979722385905468,0.321626709841321,1e-10,1.52290817233252,0.984600681492752,0.156792806022843,1.4433560590336,-0.0230379880866348,-0.432564647757591,-1.4637901463605e-15,0,-1.55600483282998e-15,-0.0351924830809348,0.787180445372046,-0.07337585841409,-0.551492852285027,0.130704381499943,-0.134526320654394,-0.186783898498281,0.0326369774631908,-0.184804801519975,1.3985921356719,1.17764036717338,1.16200712304955,5245.0000000001,0.0139643135212568,0.0533014699185426,0.0219708137411781,0.0372986902624051,0.0372986902624051,0.287185516595499,0.129573312797645,2248.29878131543,0.0625,116,2,"SNETWORK (2 41 2248.29878131543 0.287185516595499 87000107 116)",87
29,87000108,-0.532166861251846,38,-0.305920963472259,-0.59067341236485,-0.562675121066356,-0.564925299345405,-0.567713055283144,0.0778349425089108,0.105980953005257,0.941521528223366,-0.103147832415437,1.05555052323706,-1.30019952675318,1.02633602396891,1.05555052323706,1.05555052323706,0.103339728572643,-0.596392146195494,-0.598733870357441,1.61695810870215,-1.32066315845499,-0.730569948186529,0.438610038610039,0,-0.752534854245882,-0.532166861251846,-0.5,0.257902159779446,-0.563681667985223,-0.555588635575485,-0.3381761641072,-0.519670735327316,-0.531501458523777,2.70653916147959,-0.106663879670935,-2.34073475989632,0.543957911687445,0.0399850261056294,25656.0000000001,22.3125399100735,0.0655397015853395,729.0000000001,0.0763882838952244,22.3889281938687,0.286679359033751,-0.349503272732587,0.110401829562022,0.660667036057482,-0.0528601689805547,-0.680565341849463,1.70591757615106,-0.811160461475774,1.43071720666243,-1.60380881374862,-1.55909941417991,0.113326270763198,949.0000000001,4.30186523447606,0.113326270763198,949.0000000001,4.30186523447606,1.12790668858973,0.793895560846447,1e-10,0.586766560364579,0.596984735967264,0.0271772651944492,1.72456930274145,0.067557016736486,-0.730448938259205,-0.323585971028251,-0.331945636842457,-0.320942234741691,0.650426177077313,-1.1820030262558,0.927732582928978,-0.376767867352719,0.259772957599865,-0.409571876313263,-0.516993792034969,-0.983044328015714,-0.251812137930829,0.446800664414084,0.536243557452458,0.605874146026382,25656.0000000001,0.252909232062762,0.285701244035221,0.000978114898530933,0.0550832963926143,0.0550832963926143,0.924548699493644,0.696655211038888,1546.15826156971,0.25,51,2,"SNETWORK (2 29 1546.15826156971 0.924548699493644 87000108 51)",87
43,87000109,-0.0761043753544714,23,0.131579036527741,0.406563246402039,0.354270929498081,0.350983481983268,0.358474665810763,-0.971489737795635,-0.76498784903013,-0.139183738736611,-0.222905295178285,-0.549504092891183,0.1111679812947,-0.338880308198253,-0.549504092891183,-0.549504092891183,0.254134517062063,3.06277363212659,3.00094136477911,0.0821869286436048,3.61098007522417,-1.08808290155441,1.58918918918919,3.01740812379109,-0.334283903675539,-0.0761043753544714,0.25,0.37694804172359,-0.516307208027169,-0.509263689688921,-0.423471679449381,-0.477808093388136,-0.0813942445669507,-0.659869852678296,-0.218679105468667,0.653022089505643,0.113044958286076,0.0799701818409082,1220.0000000001,0.881997175328965,0.297975955522202,856.0000000001,1.63121479445655,2.51321196968551,0.0319299679077551,0.126350617092733,-0.00729060710818453,-0.48833463565311,-0.764963342773913,-0.147507321289626,-0.469807416818024,-0.193711363619836,-0.515505959594227,-0.0494956887835171,-0.116939560532701,0.00036200171637931,464.0000000001,0.00671875010000284,0.00036200171637931,464.0000000001,0.00671875010000284,0.155702813977757,0.666570401806979,1e-10,0.185967931247951,0.244230473077752,-1.32735316801047,-0.124041342679078,-0.0874716815239709,0.0646276650958075,0.676414028971747,0.668054363157543,0.679057765258309,-0.806386297412817,-0.817907979942371,0.475225155664426,0.0630630452649796,0.00333937201558161,0.921331460239958,0.917519409376937,1.1296627332534,0.793753123908363,-0.21063394207426,-0.136855566236369,-0.474498163204932,1220.0000000001,1.00543056643049,0.0112056371497532,0.0207243306580019,8.53606754243757e-05,8.53606754243757e-05,0.359149849535279,0.451325670677634,3321.45465364213,0.0312500660060792,161,2,"SNETWORK (2 43 3321.45465364213 0.359149849535279 87000109 161)",87
37,87000110,0.555370720340103,30,0.694079036527741,0.60967167323295,0.623124281295046,0.615977027310147,0.618989232093641,-0.55135941221101,-0.52183770342855,-0.146756245126931,1.59993458199942,-0.515391114288435,0.101474409661916,-0.400310812402013,-0.515391114288435,-0.515391114288435,-0.632737374824582,-0.204353743376533,-0.0951441507477795,-0.563738745389801,-0.17321932942527,0.955958549222799,-0.986100386100386,-0.606060606060606,0.882446134347275,0.555370720340103,0.5,0.798084858545333,1.31821257363206,1.33444875452391,-0.542469671799613,1.41879143418299,0.543821191861613,-0.0597894930335066,1.54969168859723,-0.116388490740083,0.102999330660905,0.0799702643258065,461.0000000001,0.303663357437585,0.199736807553827,3947.0000000001,5.04176143811105,5.34542479544863,0.0502070316511722,-0.529637602880686,0.819371628551506,0.439964217903998,-0.413368988124016,-0.769411253975066,-0.322940051942189,-0.655232973488742,0.904174877205051,-0.578258361462071,-1.52903860817701,0.131596246682625,823.0000000001,4.33214843759846,0.131596246682625,823.0000000001,4.33214843759846,0.820302183872681,0.411677604402763,1e-10,-0.507088097521572,-0.849529420560338,-1.62547484236466,-0.642873869702437,0.793884294513914,0.459181735140858,0.676414028971749,0.668054363157543,0.679057765258309,0.493107561268691,-1.92979310197243,0.741684176467047,0.747534914637487,-0.816226383390011,0.899086022388782,1.02250532385606,1.22888000836142,0.741644949767584,-1.48726949506487,-0.671054351690741,-0.474498163204932,3947.0000000001,0.448409619960357,0.00285216542117466,0.0473548661299975,0.040689808876389,0.040689808876389,0.7012966736135,0.685160662047565,4943.6082634985,0.0312499339939208,92,2,"SNETWORK (2 37 4943.6082634985 0.7012966736135 87000110 92)",87
41,87000111,-0.928280397807546,4,-0.351973654490753,-0.150431219958124,-0.192309249631537,-0.194095720002018,-0.196546296696359,0.609146557948812,0.84186422084994,0.519285367311305,0.24950425421435,0.249669186238482,-0.266207576520743,0.0110033917706245,0.249669186238482,0.249669186238482,0.5774079017951,0.770268324475851,0.661576067481815,0.309400605650951,0.746723774513588,-0.730569948186529,0.438610038610039,0,-0.752534854245882,-0.928280397807546,0,0.333112450014413,0.473385230022299,0.47375471905927,-0.294716864509483,0.47483437137716,-0.933785196623457,-0.480443245601428,0.231478330977222,0.0314416284075549,0.0545884117856691,0.0799701241440398,3714.0000000001,1.29657575674948,0.0706946472517632,5319.0000000001,2.40476178001782,3.7013375366673,0.0399486205797582,1.52983204544223,-1.68680089611773,-0.820976720469228,-0.258383445827488,0.651141390398418,-0.499810269507041,0.621209892155594,-0.0903208743351867,0.376035652686766,0.59366149245354,0.01629100048853,2051.0000000001,1.336513671975,0.01629100048853,2051.0000000001,1.336513671975,0.458794449138356,0.285781781049192,1e-10,-1.09179178304865,-2.07984982665851,0.035805390629105,-1.09783493797001,-0.39255626838664,-0.335033423986381,-0.487990783359437,-0.503664629107672,-0.505590738712639,0.389803461477397,-2.3169555160831,0.150193243574745,-1.39485686922447,0.289981886782379,-0.379498226812166,-0.29576091436496,-0.563382949433552,-0.323930229294235,0.0624744500342554,0.00266882685934536,-0.474498163204932,5319.0000000001,1.45694336705112,0.0139939717234442,0.025954648756314,0.0144250225536737,0.0144250225536737,0.011160824389423,0.00404335092753172,1779.08613920232,0.0625,102,2,"SNETWORK (2 41 1779.08613920232 0.011160824389423 87000111 102)",87
41,87000112,0.0163749695925366,47,-0.351973654490753,-0.150431219958124,0,0,0,0.636975676505608,0.561661049456329,-0.0795577887923847,-0.486094995114093,0.769668172296507,0.0881621792624305,0.113914710810744,0.769668172296507,0.769668172296507,0.481853670700444,-0.240775339613832,-0.347813098798269,-0.177249584611301,-0.336285854720538,-0.730569948186529,0.438610038610039,0,-0.752534854245882,0.0163749695925366,0,-0.521066419788096,-0.326854129723446,-0.323322701277517,0.673794777039116,-0.307130644273745,0.00771752992902375,0.195988363144337,-0.460236197888222,-0.61861224684526,0.138686881849802,0.0799701241440398,5276.0000000001,4.67945968190153,0.0712685258516099,1177.0000000001,0.536450651921247,5.21591033372277,0.0642289681189624,0.294823932626398,-0.656290671425533,0.147369803603789,-0.323699687915453,-0.402592831531916,0.277149051476369,-0.469266727933318,-0.155322972718551,-0.336304678094047,-0.253943233998139,0.0499209988135754,1081.0000000001,2.158583984475,0.0499209988135754,1081.0000000001,2.158583984475,0.644289253443932,0.0370167682588871,1e-10,0.506690432243545,0.257292886625181,0.0578576516587287,0.475667001963884,0.108344504899672,-0.0843721653759507,0,0,0,0.0904601201720968,0.897122702382877,-0.394626123279033,-0.179333424932269,-0.0393431420492517,-1.06944064460226,-1.16127809910735,-1.06592765771022,-1.01852867891481,1.27835276531263,1.04427437573581,0.11958871060029,5276.0000000001,0.0480993018843289,0.0576230891683483,0.00660587885061414,0.0265809058880753,0.0265809058880753,0.576652521299252,1.52304520876321,2740.36192608731,0.0625,131,2,"SNETWORK (2 41 2740.36192608731 0.576652521299252 87000112 131)",87
29,87000113,-0.976907945512536,18,-0.305920963472259,-0.59067341236485,-0.695629464068801,-0.700108350003007,-0.706051805186474,-0.0443328600590266,-0.0427082516422202,0.900530554404578,0.379820182270904,0.871191779311588,-1.18685096202393,0.780125851937636,0.871191779311588,0.871191779311588,-0.0905715308935772,0.0905303652952137,0.142652286031732,0.657245159613026,-0.188656820817599,0.763878608438194,-1.20507446221732,-1.78686561665285,0.401729132717726,-0.976907945512536,-0.5,1.19060027068828,2.38384735689848,2.4455444902721,-0.668587543356029,2.81054736435006,-0.980729417210208,-1.06450775000375,0.355975316228409,0.816876517901407,1.19327821067534,0.0399850261056294,10937.0000000001,20.8657830800447,1.05846632820332,901.0000000001,1.52474284281407,22.3905259227587,0.1765305108826,-0.256215890678052,1.39398438651262,-0.8576768345848,-0.817276890716236,0.177692919463818,-1.47668234490342,0.132389419677723,-1.15923122186697,0.211587442370589,0.137184008023514,0.425888289690747,1405.0000000001,23.9349218751059,0.425888289690747,1405.0000000001,23.9349218751059,5.24354015676443,4.34225683646721,1e-10,-0.601243609871799,-1.04979037417503,-1.38877697433969,-0.674482285130367,-0.206115705486086,-0.892855882414001,-0.405788377193844,-0.417805535283672,-0.413266069040298,1.22608930564867,1.6502032879729,-0.708900200709357,1.96441973061418,-2.19163320430641,0.553927406861736,1.25275029261333,1.53944151228138,0.24948825286124,-1.60429821403116,-0.49519270545575,-0.474498163204932,10937.0000000001,0.454615981480915,0.1645091927588,0.0120213180238005,0.188706777086489,0.188706777086489,0.440464253476986,0.531818079762161,1097.06592643983,0.25,33,2,"SNETWORK (2 29 1097.06592643983 0.440464253476986 87000113 33)",87
37,87000114,0.576352039485319,31,0.694079036527741,0.60967167323295,0.623124281295046,0.615977027310147,0.618989232093641,-0.543627295084356,-0.516255515953161,-0.145985733862257,1.59355305604278,-0.517691332943886,0.113008810602929,-0.40320527857787,-0.517691332943886,-0.517691332943886,-0.63117988857546,-0.222584696275535,-0.117003824003474,-0.584012899739149,-0.189218218622084,0.955958549222799,-0.986100386100386,-0.606060606060606,0.882446134347275,0.576352039485319,0.5,1.51673206650682,0.612517295714569,0.614188867361077,-0.851325659627826,0.621497067993063,0.565317644435899,0.500810862444937,1.52511164353906,-0.505847620383157,0.298585745108191,0.0799702643258065,739.0000000001,1.41114151987624,0.396269168252585,3596.0000000001,9.11311872357161,10.5242602433478,0.111016669673295,2.33329741189475,-0.571516369245152,-0.339557348678882,-0.0191603808834022,0.360743271063138,0.252655979612077,0.332190711401509,1.41549847136513,0.348960567947232,0.550320899099435,0.0801528457168167,611.0000000001,1.9589355469743,0.0801528457168167,611.0000000001,1.9589355469743,0.284802173681278,0.120103219554846,1e-10,-0.00215675834942375,-0.878193335507767,-1.43410184760469,-0.714590218901183,0.793884294513914,0.459181735140858,0.676414028971749,0.668054363157543,0.67905776525831,0.0424442087817131,-1.84557145210484,0.417115898349961,-0.180916889630586,0.172068803966636,0.395300676223728,0.384731573395585,0.308543229731493,0.376918249287429,-1.61139086366548,-1.04689931734786,-0.417742937029285,3596.0000000001,0.777346780549961,0.0148856288424325,0.0961310407308628,0.0206641127543624,0.0206641127543624,0.722995757353024,0.922038087546276,4965.63536973628,0.0312499339939208,93,2,"SNETWORK (2 37 4965.63536973628 0.722995757353024 87000114 93)",87
41,87000115,0.489759714972804,61,0.398026345509247,0.0967186297942882,0,0,0,0.794786788456955,0.572828612214422,-0.196225636046473,-0.793615203143335,0.552210863401348,0.692244447387072,0.0859755614635014,0.552210863401348,0.552210863401348,0.358788256720712,-0.648024697338176,-0.757965270219865,-0.459715211656147,-0.745979598782618,-0.730569948186529,0.438610038610039,0,-0.752534854245882,0.489759714972804,0,-0.0237413376734981,-0.160592104734168,-0.159252137162047,-0.0233493866477314,-0.152944876954348,0.484826666621411,0.705819257144244,-0.765607110610989,-0.576856314965726,0.116677458807192,0.0799701241440398,5522.0000000001,4.12039548911952,0.200255387722534,1439.0000000001,1.84289479041935,5.96329027943888,0.071446906328985,0.689564400520568,0.61993776416165,0.270371234487235,-0.0171419051516769,-0.237421468782312,0.589761806819332,-0.276605952863474,-0.469356972929951,-0.250345555528662,0.00863371432483385,0.032495903537242,1211.0000000001,1.5741015626,0.032495903537242,1211.0000000001,1.5741015626,0.512404607061263,0.168024511720737,1e-10,1.4186423717948,1.0366065284317,-0.0638192308790633,2.09080966294646,0.827782402343433,0,-0.0157131178732186,-0.0219226612827396,-0.0254926328519517,-0.400776106165902,0.543514282441498,-0.520289436507325,-0.174452047230083,-0.609837583481977,-0.829886328327096,-0.874569473842986,-0.740961088108406,-0.816095572673253,0.502964416097411,-0.493299191739217,0.844849041714433,5522.0000000001,0.153607447733825,0.0493669595710086,0.0220799466579765,0.0188595022986714,0.0188595022986714,0.762459210961859,0.942977401558737,3056.2135518317,0.0625,142,2,"SNETWORK (2 41 3056.2135518317 0.762459210961859 87000115 142)",87
28,87000116,0.617431082627666,60,-0.0559209634722586,-0.39032832676705,-0.562675121066356,-0.564925299345405,-0.567713055283144,0.273201675239883,0.438474354512179,1.04263797763561,-0.90981065577457,-1.37665850702373,-1.69026585168986,0.452380962430444,-1.37665850702373,-1.37665850702373,-0.424449434470266,-1.38715931487956,-1.22133632601931,0.84321727431377,-2.04701227282351,0.269430051813471,-0.72998712998713,-1.34966688158177,0.0396070975918883,0.617431082627666,-0.5,-0.456128428135528,0.369704916004538,0.369452011602599,0.686424215377453,0.367683187918957,0.639867222811099,2.98098933663577,-0.882025999212621,-0.0757798686443708,0.0904780588569739,0.0399850261056294,34414.0000000001,4.97820978438423,0.0571273464422174,10134.0000000001,0.925592264637558,5.90380204892179,0.0648169384928378,0.738613691556336,-0.0640295808949525,1.01189239102728,2.58646441341945,1.32341873689303,1.53417008306784,1.29649313328835,-0.0372299487278727,1.1257728885091,0.376813776961944,0.0624665041443777,1414.0000000001,3.53310546885087,0.0624665041443777,1414.0000000001,3.53310546885087,0.640003349495808,0.361213023636001,1e-10,-0.504949909910168,-0.36838906777934,-0.257955749336895,-0.0135156711532628,0.387104575964191,-0.540818264859142,-0.323585971028253,-0.331945636842458,-0.32094223474169,0.65296596733371,-0.820753036239189,0.585351814224923,1.19864229405285,0.289981886782379,-0.649450847827139,-0.903729575044501,-0.305024877874036,-0.71283283612563,-0.36181552025054,-0.0398232147157155,-0.474498163204932,34414.0000000001,0.468580294902172,0.0546550026959268,0.0101619356969109,0.0387894237661856,0.0387894237661856,0.533581032527151,0.646210580271711,2039.75610298604,0.125,17,2,"SNETWORK (2 28 2039.75610298604 0.533581032527151 87000116 17)",87
29,87000117,-1.00088698316629,17,-0.305920963472259,-0.59067341236485,-0.695629464068801,-0.700108350003007,-0.706051805186474,-0.0625800132870484,-0.0601228356816375,0.90163924622414,0.383460694003214,0.872868336170347,-1.17878107103539,0.77703060302273,0.872868336170347,0.872868336170347,-0.0953622693941523,0.105570449874259,0.169701026666276,0.677871317038898,-0.176656481109845,0.763878608438194,-1.20507446221732,-1.78686561665285,0.401729132717726,-1.00088698316629,-0.5,1.40225316156234,2.76861142190061,2.85310085188823,-0.732488642705119,3.37544799514152,-0.999704124162206,-0.878072461087542,0.369010283857087,0.864138386640119,2.72069868779311,0.0399850261056294,2751.0000000001,11.9664630229787,1.36780291236641,199.0000000001,0.435182443344942,12.4016454662236,0.0917932352054239,1.63654280586903,-0.690722783801789,-0.910455065176103,-0.0738457862278362,0.887676902963596,-1.33562792704849,0.601611388485285,-0.946551857738806,0.696962961673377,0.787537485207047,3.33721350003323,234.0000000001,31.2363183594827,3.33721350003323,234.0000000001,31.2363183594827,6.89105265226876,5.47070882379608,1e-10,-0.741560708246303,-0.734535181453532,0.218410487912677,-0.614533271596068,-0.206115705486087,-0.892855882414001,-0.405788377193844,-0.417805535283672,-0.413266069040298,0.565346138956905,1.25579645258574,-0.103451202474347,1.18007264210272,-1.83681690740605,0.508572998405672,1.13508203769144,1.10068730212113,0.308272210479362,-1.33832385274413,-0.0874617081851024,-0.474498163204932,2751.0000000001,1.36229635386261,0.0885721460623889,0.00322108904303502,0.231201796795672,0.231201796795672,0.412995616340395,1.96015742108766,1071.58286352381,0.25,32,2,"SNETWORK (2 29 1071.58286352381 0.412995616340395 87000117 32)",87
42,87000118,-0.975685548543864,2,-0.351973654490753,-0.150431219958124,-0.192309249631537,-0.194095720002018,-0.196546296696359,0.709702414890734,1.03928692772192,0.728563732467897,0.636098470445374,-0.00156707679172201,-0.359414968439345,0.086394254150063,-0.00156707679172201,-0.00156707679172201,0.619874531030842,1.1517495844959,0.955805764046124,0.485368344514097,1.15770763152677,-0.730569948186529,0.438610038610039,0,-0.752534854245882,-0.975685548543864,0,0.188222522149028,1.07046944899926,1.08011086024595,-0.0924235241447195,1.12839580010892,-0.975804928182077,0.186087434062979,0.60285703733448,0.170770620385299,0.245022964331208,0.0799701241440398,10013.0000000001,15.6901301126967,0.0539942594385225,847.0000000001,0.292473510549352,15.982603623146,0.156358639572074,0.549424638047957,-0.926548454074152,-0.255267847669249,-0.231828171316644,0.0949813242107254,-0.0796450378897949,0.0777254608432952,0.597531321235709,0.544041105551252,0.664640765969151,0.132985866249307,1949.0000000001,10.3675781251,0.132985866249307,1949.0000000001,10.3675781251,2.49659524054386,2.02453721159914,1e-10,-1.23948666841823,-0.961164810187302,0.250594063872504,-0.983381499044669,-0.39255626838664,-0.335033423986382,-0.487990783359439,-0.503664629107673,-0.50559073871264,-1.18018661861959,-0.95148882698927,0.127440764345227,3.32581660978367,-0.195029304983077,0.577303881610614,0.480693184495851,-1.00568429416783,0.932599975510829,0.257783745244712,0.881562477144306,1.14042389875212,10013.0000000001,1.29868114827688,0.1534973559632,0.00286128350887341,0.101426554050803,0.101426554050803,0.642552404088378,0.387773377180638,1737.49311324506,0.0625,145,2,"SNETWORK (2 42 1737.49311324506 0.642552404088378 87000118 145)",87
41,87000119,0.0163749695925366,47,-0.351973654490753,-0.150431219958124,0,0,0,0.636975676505608,0.561661049456329,-0.0795577887923847,-0.486094995114093,0.769668172296507,0.0881621792624305,0.113914710810744,0.769668172296507,0.769668172296507,0.481853670700444,-0.240775339613832,-0.347813098798269,-0.177249584611301,-0.336285854720538,-0.730569948186529,0.438610038610039,0,-0.752534854245882,0.0163749695925366,0,-0.521066419788096,-0.326854129723446,-0.323322701277517,0.673794777039116,-0.307130644273745,0.00771752992902375,0.195988363144337,-0.460236197888222,-0.61861224684526,0.138686881849802,0.0799701241440398,5276.0000000001,4.67945968190153,0.0712685258516099,1177.0000000001,0.536450651921247,5.21591033372277,0.0642289681189624,0.294823932626398,-0.656290671425533,0.147369803603789,-0.323699687915453,-0.402592831531916,0.277149051476369,-0.469266727933318,-0.155322972718551,-0.336304678094047,-0.253943233998139,0.0499209988135754,1081.0000000001,2.158583984475,0.0499209988135754,1081.0000000001,2.158583984475,0.644289253443932,0.0370167682588871,1e-10,0.506690432243545,0.257292886625181,0.0578576516587287,0.475667001963884,0.108344504899672,-0.0843721653759507,0,0,0,0.0904601201720968,0.897122702382877,-0.394626123279033,-0.179333424932269,-0.0393431420492517,-1.06944064460226,-1.16127809910735,-1.06592765771022,-1.01852867891481,1.27835276531263,1.04427437573581,0.11958871060029,5276.0000000001,0.0480993018843289,0.0576230891683483,0.00660587885061414,0.0265809058880753,0.0265809058880753,0.576652521299252,1.52304520876321,2740.36192608731,0.0625,131,2,"SNETWORK (2 41 2740.36192608731 0.576652521299252 87000119 131)",87
41,87000120,-0.715347519191429,16,-0.351973654490753,-0.150431219958124,0,0,0,0.702779978689768,0.923224186301804,0.494248875441225,0.153889304565768,0.366568869890946,-0.149334822561631,0.0241748313960525,0.366568869890946,0.366568869890946,0.579335691422248,0.431376913147474,0.339561344997634,0.408165990096117,0.30330114059298,-0.730569948186529,0.438610038610039,0,-0.752534854245882,-0.715347519191429,0,0.197165831807065,1.95046298335282,1.99043778655569,0.0123459468840469,2.21524974196063,-0.718998293294472,-0.606906516595043,0.144159449683595,-0.39764045904498,0.123816868886141,0.0799701241440398,1713.0000000001,1.35641542299219,0.098674325214721,5527.0000000001,3.48778068797063,4.84419611086282,0.0410093626485856,-1.02545058582778,0.696226519030464,-0.919387592781054,-0.355927621319111,0.662616821588032,-0.926565515595002,0.508176969207142,-0.624460690856726,0.762458743175487,0.762308189391803,0.0205052310526057,1986.0000000001,1.628935546975,0.0205052310526057,1986.0000000001,1.628935546975,0.524777537997065,0.302643966617356,1e-10,0.0984026467957809,0.13323070594532,0.28194499135778,-0.422040735950781,-0.39255626838664,-0.335033423986381,1.4637901463605e-15,-1.49871635330658e-15,0,-1.57381579689381,-0.632145930352619,0.0598024897553111,-0.122855334011965,0.160702505200482,0.377659547752043,0.306027175548897,-0.284258165022042,0.508455871517105,-0.317125680639731,0.270560078899675,-0.298489061726451,5527.0000000001,1.35608999234205,0.011482964473773,0.0295263980748126,0.0137900297351001,0.0137900297351001,0.168141909318322,3.06701252062793,2045.93730035235,0.0625,110,2,"SNETWORK (2 41 2045.93730035235 0.168141909318322 87000120 110)",87
29,87000121,-1.19161885608309,7,-0.305920963472259,-0.59067341236485,-0.88766904750336,-0.89062955707874,-0.905942372439505,-0.129583352738896,-0.116748213438609,0.844430925052891,0.919414018259799,0.512582092362317,-1.17142662694553,0.588963593679409,0.512582092362317,0.512582092362317,-0.291433700911599,0.577730388155224,0.502088463754511,0.389535380673595,0.487423108594623,0.110535405872193,-0.218618618618618,-0.00859660434128468,0.225496408956485,-1.19161885608309,-0.5,0.978281528888095,5.69523306958407,6.045818884408,-0.277073741516505,9.05470869217727,-1.19690444158966,-1.16322541184698,0.906514890651018,0.741436900946685,2.40831735192271,0.0399850261056294,19065.0000000001,73.4083208336971,0.13049676488255,24816.0000000001,5.17757371805607,78.5858945516532,0.360118252763862,-1.89583820713445,0.0519142589422207,-0.833806460107777,-1.23401376496557,-0.231492653844757,-1.97451980389395,-0.0685173845433715,-1.69121027417966,-0.316968026452002,-0.742812823576672,0.385753947312059,4339.0000000001,66.9514550782414,0.385753947312059,4339.0000000001,66.9514550782414,14.9499403114592,7.47831081826856,1e-10,-0.274049883641426,-0.477082146055436,-1.386847961966,-0.442536443614185,-0.206115705486086,-0.892855882414001,-0.642157328871708,-0.655861193874932,-0.670337298852447,0.0933878668957038,0.777333080982341,-1.31765281595438,0.81599696549392,-0.0033393720155965,-0.447383040349966,-0.607932804700123,-0.549312154928195,-0.408624557263478,0.512857701813635,0.472139667296628,0.126941187246766,24816.0000000001,5.00698215681063,0.336392127116923,0.0237261255469392,0.306803672002826,0.306803672002826,0.174463965531858,1.82411019750298,850.293505963452,0.25,24,2,"SNETWORK (2 29 850.293505963452 0.174463965531858 87000121 24)",87
41,87000122,0.60110896611914,64,0.398026345509247,0.0967186297942882,0,0,0,0.65999384397409,0.479084240642823,-0.224115266961489,-1.02735044831774,0.228363951974302,0.0314557030244312,0.518437395317619,0.228363951974302,0.228363951974302,0.254859500979668,0.139279450050914,0.0586833749178982,0.129275307908576,0.0328759497796374,-0.730569948186529,0.438610038610039,0,-0.752534854245882,0.60110896611914,0,-0.428829346520826,0.383941066589439,0.383755879663444,0.640081458037238,0.382288968590434,0.602584365101195,1.24494893373586,-0.991485780428218,-0.804059158663179,0.09910266934928,0.0799701241440398,6955.0000000001,4.40796386518421,0.0707389228754423,607.0000000001,0.274601352901317,4.68256521798552,0.0512887989339375,-1.16219150557081,0.089149091665767,0.895398215955918,1.01026491380849,0.0410306003585553,0.758012306790625,0.0269897235873782,-1.01065933645356,-2.67369897977984,-0.408842578833756,0.0248162533001336,1123.0000000001,1.11474609385,0.0248162533001336,1123.0000000001,1.11474609385,0.408754041547772,0.344602290118935,1e-10,0.546145271865043,0.968039612837454,-0.171359250278563,2.04283555002049,0.827782402343433,0,-0.0132293167736313,-0.0184573063710479,-0.0214629660461697,0.0969427062488899,0.47238303391677,0.242747116273168,-0.122642299264864,0.195915359952646,-0.553082636589263,-0.570952396098382,-0.662825090071605,-0.505635365433013,1.07737294994704,-0.510836509898663,1.61669639793251,6955.0000000001,0.0170674942815361,0.0482810513946581,0.00300774743927937,0.0122099715632106,0.0122099715632106,0.803231564788394,0.603606914554176,3125.5222202382,0.0625,144,2,"SNETWORK (2 41 3125.5222202382 0.803231564788394 87000122 144)",87
28,87000123,0.803053824090029,63,-0.0559209634722586,-0.39032832676705,-0.562675121066356,-0.564925299345405,-0.567713055283144,0.245132475658058,0.398369735159869,1.15168844534029,-0.985410968145522,-1.83923034412005,-1.35357980209411,0.250368953209502,-1.83923034412005,-1.83923034412005,-0.627221899241312,-1.58519188680317,-1.40712854602893,0.426779299899091,-2.1605454837171,0.269430051813471,-0.72998712998713,-1.34966688158177,0.0396070975918883,0.803053824090029,-0.5,-0.68720329696535,-0.754451729804094,-0.741428931362982,0.92403229807876,-0.685013970514728,0.832765213680231,2.21427311155786,-0.95374503861063,0.436209323597933,0.0798116366953051,0.0399850261056294,24777.0000000001,3.1616202379414,0.0502016954101167,8195.0000000001,0.657751893682828,3.81937213152422,0.0504689995670382,0.0487461292324274,0.930342449151104,1.98698883593222,0.519929368191123,-1.47320686397401,1.55635483537987,-1.7833772671363,-0.2519251466474,-2.2344673093667,-0.601774808068409,0.0355994999869801,1106.0000000001,1.57492187510039,0.0355994999869801,1106.0000000001,1.57492187510039,0.198151993238327,0.116204184608835,1e-10,-0.638968637115573,-0.872839772663425,-0.136832075434357,-0.406127423586829,0.38710457596419,-0.540818264859142,-0.323585971028251,-0.331945636842457,-0.320942234741688,1.03943586027259,0.300401997730968,1.03198439815811,2.55116733097508,0.289981886782379,-0.325796170448788,-0.543918062790492,-0.162999121221842,-0.3628673585919,0.100602140542798,0.320772092886026,-0.384864547580943,24777.0000000001,0.00930954238083786,0.0417774976116543,0.00869150185538388,0.0208109418341443,0.0208109418341443,0.619874595997299,1.11185358092189,2108.26303744431,0.125,18,2,"SNETWORK (2 28 2108.26303744431 0.619874595997299 87000123 18)",87
41,87000124,-0.348211024746763,34,-0.351973654490753,-0.150431219958124,0,0,0,0.676859775776396,0.704234022117698,0.165893789818861,-0.223382846582523,0.694936007932901,-0.026133227294711,0.023803253843766,0.694936007932901,0.694936007932901,0.517970128317662,-0.522583965851664,-0.61795664984857,-0.0692738122894505,-0.712952231605577,-0.730569948186529,0.438610038610039,0,-0.752534854245882,-0.348211024746763,0,-0.256024990911232,0.101539758958949,0.101080552771284,0.312879686736293,0.0987891426830916,-0.344863669731485,0.205519677423208,-0.222897317804738,0.259916676722655,0.0506695688827287,0.0799701241440398,330.0000000001,0.106934215558465,0.0865319102696815,4950.0000000001,2.73928379955223,2.84621801501069,0.0326592642791468,0.468884302352331,0.849600032449893,-0.313071219885982,-0.658413648754797,-0.221190016897894,0.174791089647303,-0.245733254449983,0.0785108453688396,-0.532636847997283,-0.555806345465938,0.0211543536386446,1103.0000000001,0.933330078225,0.0211543536386446,1103.0000000001,0.933330078225,0.0533809888657993,0.384444381971186,1e-10,-0.966386228079792,-0.744804541593998,-1.61873785118828,-0.827297983426738,-0.39255626838664,-0.335033423986381,1.4637901463605e-15,0,1.55600483282998e-15,-0.913218589402311,-0.0828205250302012,-0.189238698869918,2.91703515062445,0.289981886782379,1.57448048947571,1.8125881613734,1.16884397878194,1.5636950534146,0.215092976181899,1.36015776799036,-0.474498163204932,4950.0000000001,0.0139643135212568,0.00122702926274515,0.0314322349164017,0.0107096060203893,0.0107096060203893,0.411899784143179,4.56004525008724,2460.29978208661,0.0625,120,2,"SNETWORK (2 41 2460.29978208661 0.411899784143179 87000124 120)",87
29,87000125,-0.723896166728441,30,-0.305920963472259,-0.59067341236485,-0.562675121066356,-0.564925299345405,-0.567713055283144,0.164688824173581,0.151808019231768,0.976401421266395,0.217711105932186,0.856057047064356,-1.1476088169683,0.863782588107309,0.856057047064356,0.856057047064356,0.0414970523663411,-0.347883797548812,-0.445339404734119,0.874941397461812,-0.789908431631197,0.763878608438194,-1.20507446221732,-1.78686561665285,0.401729132717726,-0.723896166728441,-0.5,0.128499411461763,-0.284266759679495,-0.281375365696144,-0.195628005011403,-0.268033449540917,-0.723400488380111,-0.010467448599538,0.200907292839647,-0.373884983127294,1.36527412696783,0.0399850261056294,15526.0000000001,33.8902059074628,0.04443297469999,3746.0000000001,0.266114125158146,34.156320032521,0.417659660357291,-0.329324776252416,0.21462909574164,0.641692823826935,0.317563373273675,-0.324586249523468,0.101964822027508,-0.379575754996171,0.448348932078756,-0.200604810452422,-0.328630529006653,0.141504132406134,1080.0000000001,6.1129785157265,0.141504132406134,1080.0000000001,6.1129785157265,1.53657258805412,1.31611196272539,1e-10,0.00226016404980508,0.37300391325585,0.194755941062778,0.309774712203222,-0.206115705486087,-0.892855882414001,-0.323585971028251,-0.331945636842458,-0.32094223474169,-0.66109528430263,-0.674684956514797,0.616113452352618,-0.248237809070756,0.101557626044253,0.623985874452216,0.566594730831096,-1.73043622308467,1.17492412349611,0.0525864366055448,0.353863617095772,0.0376014279449388,15526.0000000001,0.0496508922644686,0.414405646506513,0.0032540137507774,0.0747488174245133,0.0747488174245133,0.735825930496125,1.38211312482292,1371.07734393503,0.25,44,2,"SNETWORK (2 29 1371.07734393503 0.735825930496125 87000125 44)",87
43,87000126,0.356315164295167,40,0.131579036527741,0.406563246402039,0.354270929498081,0.350983481983268,0.358474665810763,-0.612521699550463,-0.561295696049309,-0.148765700403216,-0.704604200653362,-0.159161800460243,0.413436850702718,-0.190052181564068,-0.159161800460243,-0.159161800460243,0.0394064643521148,3.15090374691535,3.24107487955857,-0.416922539092202,3.87165530267471,0,-0.0555984555984545,-0.180528691166989,-0.277249683143219,0.356315164295167,0.25,-0.319432355712354,-0.235281171957215,-0.233058771827387,0.351759683234861,-0.222725743517305,0.353086691221445,0.342581641465577,-0.684662696245492,-0.738117653254305,0.0642606264718485,0.0799701818409082,2903.0000000001,1.19302118674329,0.0720732362741844,1614.0000000001,0.743932820735289,1.93695400737858,0.0234943582515054,-0.103922598212474,0.383482379727549,-0.0944043724075104,0.271014651388092,0.381503901120138,0.362492034008966,0.396230208234422,-0.480651697212535,0.315095553209462,0.117850388301763,0.0201443948607452,1617.0000000001,1.30293945322555,0.0201443948607452,1617.0000000001,1.30293945322555,0.136780933667034,0.249161700855772,1e-10,-0.299565433269605,-0.626476424910053,-0.00855816413623791,-0.652464434545193,-0.0874716815239712,0.0646276650958095,0.676414028971747,0.668054363157543,0.67905776525831,-0.498955683861232,-0.552307163875755,0.463592606353393,-0.334578641637714,0.289981886782379,-0.0798389559023282,-0.229453734086407,-0.400680765532693,-0.00794447758627549,0.000578492994715386,-0.00266882685934577,-0.294339023272321,2903.0000000001,0.78355314207052,0.0144707963823636,0.00902356176914185,0.0158040542245336,0.0158040542245336,0.623684367723868,3.08091594081028,3707.3229177079,0.0312500660060792,174,2,"SNETWORK (2 43 3707.3229177079 0.623684367723868 87000126 174)",87
41,87000127,-0.895308204628168,6,-0.351973654490753,-0.150431219958124,-0.192309249631537,-0.194095720002018,-0.196546296696359,0.619243077933846,0.852146449086349,0.516472480436722,0.240757867536726,0.249093081522538,-0.232932916272197,0.0118061637380765,0.249093081522538,0.249093081522538,0.575741222702479,0.764744814171535,0.653907114291764,0.328997042741567,0.73397142710362,-0.730569948186529,0.438610038610039,0,-0.752534854245882,-0.895308204628168,0,0.217904069523747,1.82126290134646,1.85560275233961,-0.0274649122691198,2.04575960930974,-0.901760870828774,-1.06901692886011,0.226801207313978,0.616193091336992,0.0601480267569332,0.0799701241440398,1357.0000000001,0.521983494609501,0.0774708962283907,9037.0000000001,4.47732274365504,4.99930623816454,0.0432302919896323,-0.739332717353171,-0.0797522982068636,-0.500743305207186,-0.897956107799962,-0.261525874425028,-1.39693481041866,-0.202739787966264,-1.14958163082725,0.155973993823355,0.0578800365799966,0.00381848485392297,2103.0000000001,0.3212109376,0.00381848485392297,2103.0000000001,0.3212109376,0.0847397030504972,0.59507835472975,1e-10,-0.815607506665422,-1.00246367873186,-1.79673628505626,-0.881142458739815,-0.392556268386639,-0.33503342398638,-0.487990783359437,-0.503664629107672,-0.50559073871264,-0.498678420061275,0.691211131986514,0.00399850138976409,2.49009130178271,0.0191418959203493,0.641934521224767,0.242964316195379,-1.33274867033197,1.09398210223696,-0.178461450260893,0.229000100601195,-0.474498163204932,9037.0000000001,1.53762606681839,0.00451372605610817,0.0387165658335241,0.00277759391503957,0.00277759391503957,0.0375287847225309,1.80031563155353,1823.90886950282,0.0625,104,2,"SNETWORK (2 41 1823.90886950282 0.0375287847225309 87000127 104)",87
41,87000128,-0.544268862283158,25,-0.351973654490753,-0.150431219958124,0,0,0,0.692415070124379,0.875555191951781,0.345807390334444,-0.0226248155007952,0.531286065690031,-0.0584591769945105,-0.000211359461361616,0.531286065690031,0.531286065690031,0.556614482059692,-0.0433667045733822,-0.140647920240087,0.250590442336075,-0.227014279244604,-0.730569948186529,0.438610038610039,0,-0.752534854245882,-0.544268862283158,0,-0.356152804870715,0.797463258146505,0.801681262071575,0.590578097004714,0.821670390711991,-0.549025412389179,-0.00361078207007571,-0.0247073458030437,-0.55571233738564,0.155295745559154,0.0799701241440398,5245.0000000001,5.20907475094802,0.154083018162509,2179.0000000001,2.14717551495275,7.35625026580077,0.0752722837597207,-0.70155493474953,0.662213342910168,-0.109217768947522,0.0171419051516769,0.170166511356782,-0.15705004481469,0.148078351803198,0.00036286199164663,0.306426416744402,0.228041220874122,0.081292294577587,1121.0000000001,3.645146484475,0.081292294577587,1121.0000000001,3.645146484475,0.979722385905468,0.321626709841321,1e-10,1.52290817233252,0.984600681492752,0.156792806022843,1.4433560590336,-0.0230379880866348,-0.432564647757591,-1.4637901463605e-15,0,-1.55600483282998e-15,-0.0351924830809348,0.787180445372046,-0.07337585841409,-0.551492852285027,0.130704381499943,-0.134526320654394,-0.186783898498281,0.0326369774631908,-0.184804801519975,1.3985921356719,1.17764036717338,1.16200712304955,5245.0000000001,0.0139643135212568,0.0533014699185426,0.0219708137411781,0.0372986902624051,0.0372986902624051,0.287185516595499,0.129573312797645,2248.29878131543,0.0625,116,2,"SNETWORK (2 41 2248.29878131543 0.287185516595499 87000128 116)",87
37,87000129,0.196224528032124,13,0.694079036527741,0.60967167323295,0.623124281295046,0.615977027310147,0.618989232093641,-0.659953190663316,-0.616067365522874,-0.162968746569754,1.86470739754928,-0.368189829735806,0.0554105496028364,-0.443775541945226,-0.368189829735806,-0.368189829735806,-0.595033970597872,0.0438947855353179,0.199212962012006,-0.458811641191929,0.0971691546621811,0.0186528497409334,0,0.324951644100581,0.0801647655259819,0.196224528032124,0.5,-0.313354544960337,-0.213157562953508,-0.211213828225084,0.346248995277672,-0.202144398507028,0.196438403525884,0.45235632479935,1.78705257127859,0.140452327695763,0.0821126656013446,0.0799702643258065,747.0000000001,0.392272455531621,0.211906128652639,540.0000000001,0.731803258501218,1.12407571393284,0.0135848857426673,-0.101289502805413,0.49499027874265,0.222964716066338,0.742864076066852,0.481393387074795,0.434603674894559,0.503851392742473,1.68808484451531,0.0596494344661348,-0.111779711350329,0.00786351455895522,268.0000000001,0.0842968750999701,0.00786351455895522,268.0000000001,0.0842968750999701,0.176239896136553,0.641784053599381,1e-10,-0.173814838274399,-0.374457021870333,0.363397121603785,-0.534524968998313,0.793884294513914,0.459181735140856,0.676414028971746,0.668054363157542,0.67905776525831,0.0196633174663734,-0.722088134654453,0.97485055519685,1.2634393238536,0.141563089901022,0.17516157263291,0.266238886535808,0.641666421419734,0.0282590787213133,-0.554115272234366,-0.176947638807316,-0.287218620473637,747.0000000001,1.30954228093786,0.00474076290611804,0.00884412273654927,0.00101876002907675,0.00101876002907675,0.297968283421501,1.01100141118654,4534.18280544148,0.0312499339939208,77,2,"SNETWORK (2 37 4534.18280544148 0.297968283421501 87000129 77)",87
41,87000130,0.13438913015343,51,-0.128289549634743,-0.096718629794287,0,0,0,0.736154475842804,0.580057266680122,-0.101249939625557,-0.582766445472052,0.647585549165463,0.216159712858439,0.0242954918861379,0.647585549165463,0.647585549165463,0.443054960819332,-0.318340969452646,-0.409422130359748,-0.231966783631074,-0.414035712065424,-0.730569948186529,0.438610038610039,0,-0.752534854245882,0.13438913015343,0,-0.0241381881073939,0.222043228326232,0.22142403943165,0.0285439613876234,0.218168279272714,0.130605378902362,0.0225032873881388,-0.553593220685271,0.121079081315234,0.105443064730858,0.0799701241440398,4010.0000000001,2.70407001194282,0.107591219702213,2955.0000000001,2.03324566514791,4.73731567699073,0.0532905174659306,0.550271902073301,-1.01677630236998,1.38777965346687,-0.291559914407724,-1.6544244799719,0.00301965812745635,-1.69363349361323,-0.547818536990154,-1.7151852656783,-1.05156797080591,0.0133949024284793,1279.0000000001,0.685283203225,0.0133949024284793,1279.0000000001,0.685283203225,0.00258917086570044,0.464130121996849,1e-10,0.610411895600943,0.150434837352989,-1.14262817362101,0.522752311155817,0.359132498335443,0.033092175798254,0,0,0,0.599096824008018,-0.335226566469627,1.23211714816341,0.0988291865034111,-0.0598188397815278,-0.29285281867139,-0.246986355342245,0.195714753923737,-0.415869212537686,0.142337770764757,-0.680414609495445,0.542447009101158,4010.0000000001,0.25911559358332,0.0304183423173059,0.0228721750486247,0.00770881632711506,0.00770881632711506,0.632329335043613,0.306638775044121,2835.00659237654,0.0625,134,2,"SNETWORK (2 41 2835.00659237654 0.632329335043613 87000130 134)",87
41,87000131,0.421370534676705,59,0.398026345509247,0.0967186297942882,0,0,0,0.792482690985407,0.582342771204729,-0.170043244715979,-0.775599085783442,0.540215346529005,0.632222151155305,0.065720238374979,0.540215346529005,0.540215346529005,0.372955866624226,-0.572244506353792,-0.674958842647201,-0.400065537947631,-0.671922452835951,-0.730569948186529,0.438610038610039,0,-0.752534854245882,0.421370534676705,0,0.211574401473654,0.187755438600105,0.187139520682709,-0.219453503466888,0.183961578564029,0.420414189160299,-0.273692989788878,-0.750903088771839,0.888703420193583,0.157308200370287,0.0799701241440398,2813.0000000001,2.8299361304094,0.125836090531807,1440.0000000001,1.1588393885638,3.9887755188732,0.045124240463325,-0.228182463646584,-0.153702462932887,-0.0418871199387122,-0.196195099037031,-0.0919199033149609,-0.240373786563491,-0.10960152969599,-1.16295139396279,-0.0760622735112636,-0.052985240667432,0.00673236278939394,792.0000000001,0.2132812501,0.00673236278939394,792.0000000001,0.2132812501,0.109093333095463,0.604765184034941,1e-10,-0.672959314749797,0.000532023179682553,-0.0349692283866093,0.0257194254176579,0.827782402343433,-9.66724007780397e-16,0,0,-1.55600483282998e-15,-0.0466267072990595,0.405686902899724,-1.15494791515719,0.0399063462793952,0.190939709298254,-0.369756333024771,-0.448337233938681,-0.733208472760565,-0.26857765672568,0.505393988223304,0.352198506494319,-0.366594418337718,2813.0000000001,0.496508921744686,0.0320145161230368,0.0131097242402881,0.00241280923047543,0.00241280923047543,0.737009540548541,0.699483246098166,3012.9518168032,0.0625,140,2,"SNETWORK (2 41 3012.9518168032 0.737009540548541 87000131 140)",87
41,87000132,0.456895938376014,60,0.398026345509247,0.0967186297942882,0,0,0,0.802729629799947,0.584027282409778,-0.170043244715979,-0.779409684317261,0.541916280291167,0.634411351342331,0.0808393414363361,0.541916280291167,0.541916280291167,0.370096490513417,-0.584854441141723,-0.687357542662355,-0.393538374980704,-0.689296548546154,-0.730569948186529,0.438610038610039,0,-0.752534854245882,0.456895938376014,0,-0.233787939720368,-0.505463938369009,-0.498650942287109,0.186523160816489,-0.468180879837996,0.452895612283782,-0.0577200153415251,-0.754602668443638,0.175289468600835,0.199225441986262,0.0799701241440398,4981.0000000001,6.34624566627562,0.0921160020282013,1171.0000000001,0.689838636464954,7.03608430264057,0.089232624081613,0.783465225571121,-0.297988688171868,0.616827437438684,-0.227792258774525,-0.780671864544073,0.1178189519928,-0.917350994782888,-0.844953091470435,-0.734442706483019,-0.360147290834166,0.0945655956865473,1089.0000000001,4.11927734385,0.0945655956865473,1089.0000000001,4.11927734385,1.08670692194538,0.718425566168118,1e-10,0.169782154805005,0.697318713020467,-0.0363688610376704,0.970954213302252,0.827782402343433,-9.66724007780397e-16,-1.4637901463605e-15,-1.49871635330658e-15,0,-0.358717147146215,-0.262379106758251,-0.034382074128801,-0.190792633034394,0.207983090064501,-0.131525891211282,-0.148499054129832,0.0509843013968218,-0.185944872533619,0.259525051221178,-0.229126727753574,0.0117239562189728,4981.0000000001,0.0356865788432118,0.0804839920721693,0.00874863190944373,0.0522412623962022,0.0522412623962022,0.749697890526917,0.672496156616078,3034.52066330685,0.0625,141,2,"SNETWORK (2 41 3034.52066330685 0.749697890526917 87000132 141)",87
29,87000133,-0.87965556051712,23,-0.305920963472259,-0.59067341236485,-0.562675121066356,-0.564925299345405,-0.567713055283144,0.00752982980027488,0.0224210664596349,0.935213448694764,0.349201287099161,0.847594202517446,-1.204176313804,0.792904670648544,0.847594202517446,0.847594202517446,0.00925209542484197,-0.0565379541185642,-0.0810551320496277,0.527095866004979,-0.327965097976349,0.763878608438194,-1.20507446221732,-1.78686561665285,0.401729132717726,-0.87965556051712,-0.5,-0.258576385677692,1.0966669402646,1.10693127994166,0.484591860127284,1.15855248232385,-0.88227469265534,0.133400966704767,0.334387624481662,-1.06403029144748,2.53322047919935,0.0399850261056294,7428.0000000001,30.0842820024799,1.0195636415645,171.0000000001,0.278743799754182,30.363025802134,0.29576599527127,2.30803411769066,0.229622561038664,0.149689594550861,-0.0221060196957222,-0.117659684625544,-0.124400709776637,-0.109146705490086,0.356036471421742,-0.236602468167863,-0.439738911290437,0.140298527451365,1026.0000000001,5.75785156260141,0.140298527451365,1026.0000000001,5.75785156260141,1.45644050729178,0.820553791354853,1e-10,-0.182081098131756,-0.169088325398705,0.0503991858055708,-0.020711255874354,-0.206115705486086,-0.892855882414,-0.32358597102825,-0.331945636842457,-0.32094223474169,0.50962789494535,-0.250865198144814,-0.404268359353144,0.18220641530025,-3.08061459546955,0.810980534380011,1.24175039938698,0.276846513298445,0.88150661757872,-1.34611217836157,-0.594852181003731,0.275125222494903,7428.0000000001,0.133436772792009,0.293050754014474,0.00271524115679595,0.0560871867163384,0.0560871867163384,0.566501043183152,0.932043364381179,1213.99212943431,0.25,38,2,"SNETWORK (2 29 1213.99212943431 0.566501043183152 87000133 38)",87
41,87000134,0.60110896611914,64,0.398026345509247,0.0967186297942882,0,0,0,0.65999384397409,0.479084240642823,-0.224115266961489,-1.02735044831774,0.228363951974302,0.0314557030244312,0.518437395317619,0.228363951974302,0.228363951974302,0.254859500979668,0.139279450050914,0.0586833749178982,0.129275307908576,0.0328759497796374,-0.730569948186529,0.438610038610039,0,-0.752534854245882,0.60110896611914,0,-0.428829346520826,0.383941066589439,0.383755879663444,0.640081458037238,0.382288968590434,0.602584365101195,1.24494893373586,-0.991485780428218,-0.804059158663179,0.09910266934928,0.0799701241440398,6955.0000000001,4.40796386518421,0.0707389228754423,607.0000000001,0.274601352901317,4.68256521798552,0.0512887989339375,-1.16219150557081,0.089149091665767,0.895398215955918,1.01026491380849,0.0410306003585553,0.758012306790625,0.0269897235873782,-1.01065933645356,-2.67369897977984,-0.408842578833756,0.0248162533001336,1123.0000000001,1.11474609385,0.0248162533001336,1123.0000000001,1.11474609385,0.408754041547772,0.344602290118935,1e-10,0.546145271865043,0.968039612837454,-0.171359250278563,2.04283555002049,0.827782402343433,0,-0.0132293167736313,-0.0184573063710479,-0.0214629660461697,0.0969427062488899,0.47238303391677,0.242747116273168,-0.122642299264864,0.195915359952646,-0.553082636589263,-0.570952396098382,-0.662825090071605,-0.505635365433013,1.07737294994704,-0.510836509898663,1.61669639793251,6955.0000000001,0.0170674942815361,0.0482810513946581,0.00300774743927937,0.0122099715632106,0.0122099715632106,0.803231564788394,0.603606914554176,3125.5222202382,0.0625,144,2,"SNETWORK (2 41 3125.5222202382 0.803231564788394 87000134 144)",87
41,87000135,-0.123951323664833,43,-0.351973654490753,-0.150431219958124,0,0,0,0.596891327110463,0.545045240551185,-0.00475355470753764,-0.420899415735482,0.756882878287192,-0.0757219332007187,0.151689249559146,0.756882878287192,0.756882878287192,0.498173265487958,-0.231572024455884,-0.32154018012534,0.00797756563534099,-0.381937828611956,-0.730569948186529,0.438610038610039,0,-0.752534854245882,-0.123951323664833,0,-0.593766236307013,0.964715627897462,0.972023750379968,1.08099449670685,1.00795928142724,-0.125778445045942,0.447934337907513,-0.405575458302327,-0.96698269884744,0.101559130899499,0.0799701241440398,7007.0000000001,4.55099786862363,0.096695617721373,628.0000000001,0.38834880658428,4.93934667510791,0.0491697672101057,-2.00452780884334,0.924568071441992,0.98299654673302,-0.0426189277367136,-1.0202162994314,0.12807770255464,-0.922964093084011,-0.203518561085925,-0.453714389141312,-0.367126886514288,0.0505327284849918,1226.0000000001,2.4781250001,0.0505327284849918,1226.0000000001,2.4781250001,0.716391599508113,0.0137532837593007,1e-10,-0.279202370043781,-0.249429470309711,0.0745392204079114,-0.109000867515022,-0.240013974955305,-0.135203138948286,0,0,0,0.665448114170483,0.569059158166507,-0.391879918827554,1.66199015929781,0.110576925061382,-0.646357911372453,-0.575854525527893,0.0486291824946835,-0.800180653254974,1.08762963689165,1.32414627765954,-0.0957453548136992,7007.0000000001,0.176881303435919,0.0453038670976736,0.0038659000124321,0.0246690174099868,0.0246690174099868,0.5267963052626,0.521120711253581,2655.61165731479,0.0625,128,2,"SNETWORK (2 41 2655.61165731479 0.5267963052626 87000135 128)",87
42,87000136,-0.975685548543864,2,-0.351973654490753,-0.150431219958124,-0.192309249631537,-0.194095720002018,-0.196546296696359,0.709702414890734,1.03928692772192,0.728563732467897,0.636098470445374,-0.00156707679172201,-0.359414968439345,0.086394254150063,-0.00156707679172201,-0.00156707679172201,0.619874531030842,1.1517495844959,0.955805764046124,0.485368344514097,1.15770763152677,-0.730569948186529,0.438610038610039,0,-0.752534854245882,-0.975685548543864,0,0.188222522149028,1.07046944899926,1.08011086024595,-0.0924235241447195,1.12839580010892,-0.975804928182077,0.186087434062979,0.60285703733448,0.170770620385299,0.245022964331208,0.0799701241440398,10013.0000000001,15.6901301126967,0.0539942594385225,847.0000000001,0.292473510549352,15.982603623146,0.156358639572074,0.549424638047957,-0.926548454074152,-0.255267847669249,-0.231828171316644,0.0949813242107254,-0.0796450378897949,0.0777254608432952,0.597531321235709,0.544041105551252,0.664640765969151,0.132985866249307,1949.0000000001,10.3675781251,0.132985866249307,1949.0000000001,10.3675781251,2.49659524054386,2.02453721159914,1e-10,-1.23948666841823,-0.961164810187302,0.250594063872504,-0.983381499044669,-0.39255626838664,-0.335033423986382,-0.487990783359439,-0.503664629107673,-0.50559073871264,-1.18018661861959,-0.95148882698927,0.127440764345227,3.32581660978367,-0.195029304983077,0.577303881610614,0.480693184495851,-1.00568429416783,0.932599975510829,0.257783745244712,0.881562477144306,1.14042389875212,10013.0000000001,1.29868114827688,0.1534973559632,0.00286128350887341,0.101426554050803,0.101426554050803,0.642552404088378,0.387773377180638,1737.49311324506,0.0625,145,2,"SNETWORK (2 42 1737.49311324506 0.642552404088378 87000136 145)",87
43,87000137,0.245629964717178,35,0.131579036527741,0.406563246402039,0.354270929498081,0.350983481983268,0.358474665810763,-0.701329042861867,-0.594295805438763,-0.171728660786038,-0.447102595868036,-0.15977654475895,0.604324491562335,-0.467702351905279,-0.15977654475895,-0.15977654475895,0.245423064521448,2.80229848250164,2.74812081839764,-0.791618235006882,3.5617607655702,-1.08808290155441,1.58918918918919,3.01740812379109,-0.334283903675539,0.245629964717178,0.25,-0.494266346193017,-0.421961999315593,-0.416803792463777,0.607065580095486,-0.393471189004834,0.240047318394107,1.42216439519933,-0.43689144153949,-0.280029530211073,0.0496368884775045,0.0799701818409082,2354.0000000001,0.747252150090883,0.0793199914426553,4268.0000000001,2.16502659174034,2.91227874173122,0.0364287854217643,-0.173587507494783,-0.0162954472659433,0.267547866036175,0.951174333596898,0.630224542534272,1.0778882184504,0.687399271860483,0.533134155317753,0.661304914390627,0.712072225369828,0.0285756075653769,1751.0000000001,2.00143554697585,0.0285756075653769,1751.0000000001,2.00143554697585,0.294392021487968,0.00402582155675227,1e-10,1.89220078533249,1.04951323203958,-0.429838823294665,1.46210077011916,0.368659212721272,0.0324194781095559,0.67641402897175,0.668054363157545,0.679057765258312,-0.35962431196956,0.717401673524075,-0.678459048571947,-0.426675559221424,0.160456776030201,-0.163787511145633,-0.281922013360218,-0.834515942411691,0.0034818387320353,-0.0997521428935742,-0.770305856645729,0.862516808426579,4268.0000000001,0.991466253009232,0.00934714378953897,0.0270816415322253,0.0250353322400897,0.0250353322400897,0.54712440445575,1.95035598995513,3595.64728336914,0.0312500660060792,169,2,"SNETWORK (2 43 3595.64728336914 0.54712440445575 87000137 169)",87
41,87000138,-0.184678161986571,40,-0.351973654490753,-0.150431219958124,0,0,0,0.680454183979007,0.67356929111589,0.10360064124962,-0.265826045359206,0.708095891746937,0.00415027742044646,0.0240837519779983,0.708095891746937,0.708095891746937,0.516708222893832,-0.625205020831217,-0.758633510362397,-0.21285320396878,-0.793959455888592,-0.730569948186529,0.438610038610039,0,-0.752534854245882,-0.184678161986571,0,-0.308104748357459,0.970663561066235,0.978095164207047,0.54187553343225,1.01467810106687,-0.193159675967574,-0.547598709711093,-0.261769621798917,-0.648106472893688,0.177396899462116,0.0799701241440398,6235.0000000001,7.0735596773054,0.184472174340974,1292.0000000001,1.52422443486835,8.59778411207375,0.085504755088304,0.913205835891535,-0.972617677518318,0.741134152764817,-0.93835115021578,-1.56192460139753,-0.672487352884283,-1.40779850158916,-0.776189171961138,-1.45965358618678,-1.31577644910144,0.0878181960842177,1291.0000000001,4.534931640725,0.0878181960842177,1291.0000000001,4.534931640725,1.18049660305323,0.528784193972355,1e-10,1.52513741877886,1.10508111503322,0.109936278499954,1.95433837343594,0.172910763548865,-0.201007130903008,0,0,0,-0.203297632229817,0.734096871861757,-0.494373206959847,-0.281424977152208,-0.0559597173188511,-1.10142419198392,-1.21059921807891,-0.936353047314373,-1.09008195503767,0.813953878287717,0.209925484500032,0.814770642062753,6235.0000000001,0.277734678144996,0.0703463798599321,0.0151583751283719,0.0450997854528976,0.0450997854528976,0.487305989420714,1.58636095817666,2588.48231723307,0.0625,126,2,"SNETWORK (2 41 2588.48231723307 0.487305989420714 87000138 126)",87
37,87000139,0.196224528032124,13,0.694079036527741,0.60967167323295,0.623124281295046,0.615977027310147,0.618989232093641,-0.659953190663316,-0.616067365522874,-0.162968746569754,1.86470739754928,-0.368189829735806,0.0554105496028364,-0.443775541945226,-0.368189829735806,-0.368189829735806,-0.595033970597872,0.0438947855353179,0.199212962012006,-0.458811641191929,0.0971691546621811,0.0186528497409334,0,0.324951644100581,0.0801647655259819,0.196224528032124,0.5,-0.313354544960337,-0.213157562953508,-0.211213828225084,0.346248995277672,-0.202144398507028,0.196438403525884,0.45235632479935,1.78705257127859,0.140452327695763,0.0821126656013446,0.0799702643258065,747.0000000001,0.392272455531621,0.211906128652639,540.0000000001,0.731803258501218,1.12407571393284,0.0135848857426673,-0.101289502805413,0.49499027874265,0.222964716066338,0.742864076066852,0.481393387074795,0.434603674894559,0.503851392742473,1.68808484451531,0.0596494344661348,-0.111779711350329,0.00786351455895522,268.0000000001,0.0842968750999701,0.00786351455895522,268.0000000001,0.0842968750999701,0.176239896136553,0.641784053599381,1e-10,-0.173814838274399,-0.374457021870333,0.363397121603785,-0.534524968998313,0.793884294513914,0.459181735140856,0.676414028971746,0.668054363157542,0.67905776525831,0.0196633174663734,-0.722088134654453,0.97485055519685,1.2634393238536,0.141563089901022,0.17516157263291,0.266238886535808,0.641666421419734,0.0282590787213133,-0.554115272234366,-0.176947638807316,-0.287218620473637,747.0000000001,1.30954228093786,0.00474076290611804,0.00884412273654927,0.00101876002907675,0.00101876002907675,0.297968283421501,1.01100141118654,4534.18280544148,0.0312499339939208,77,2,"SNETWORK (2 37 4534.18280544148 0.297968283421501 87000139 77)",87
29,87000140,-0.505190105089549,39,-0.305920963472259,-0.59067341236485,-0.562675121066356,-0.564925299345405,-0.567713055283144,0.0519754939203287,0.0852194354917827,0.939271227639924,-0.139693598439781,1.0129392418579,-1.21332017800082,1.0090276313749,1.0129392418579,1.0129392418579,0.084139954504535,-0.629094893240752,-0.620142301917486,1.73104435840786,-1.39555574362307,-0.730569948186529,0.438610038610039,0,-0.752534854245882,-0.505190105089549,-0.5,0.414060153018293,-2.59916245049194,-2.47629987669557,-0.606701482583223,-2.04467213258116,-0.498958479351545,0.75663528187085,-0.142154070048414,0.807543275910381,0.896378115654716,0.0399850261056294,22498.0000000001,32.2425901699275,0.160586050656846,1571.0000000001,0.403346941381121,32.6459371112086,0.585278919897924,1.17189852533126,-0.408070074276415,-0.575859057635962,2.6789925283004,2.99408814659749,1.30846995803578,4.78231168219686,1.09232887979909,3.24123940361372,3.04416263091604,0.076628654333871,1085.0000000001,3.32568359385082,0.076628654333871,1085.0000000001,3.32568359385082,0.907637668238174,0.914450127046555,1e-10,0.249659663338165,-0.270017409349202,-1.11012417248282,-0.159790412628464,-0.206115705486086,-0.892855882414001,-0.323585971028251,-0.331945636842457,-0.32094223474169,0.269376788264615,1.13683531707535,-0.520997473242204,-0.221042454200372,0.289981886782379,-0.632878253054702,-0.704835528692919,-0.787649680310152,-0.568798271060453,0.522637557725825,0.172704879426885,-0.228290483791633,22498.0000000001,0.0418929403637704,0.578047684214355,0.00723123558356922,0.0596231161848874,0.0596231161848874,0.94916280235577,1.8790072593838,1568.99313061464,0.25,52,2,"SNETWORK (2 29 1568.99313061464 0.94916280235577 87000140 52)",87
37,87000141,0.53782891727747,29,0.694079036527741,0.60967167323295,0.623124281295046,0.615977027310147,0.618989232093641,-0.556685299764871,-0.529408300688746,-0.150785774265269,1.63020021996803,-0.492500854080739,0.108355652417421,-0.412753339283383,-0.492500854080739,-0.492500854080739,-0.64133601731771,-0.168660503808502,-0.0500035526899893,-0.548750005962351,-0.134312559183047,0.955958549222799,-0.986100386100386,-0.606060606060606,0.882446134347275,0.53782891727747,0.5,0.433543500692055,0.717785991325115,0.720793836613091,-0.350745927549106,0.734693180152349,0.523846760125833,-0.463958790612454,1.56320442692269,-0.0336695416923061,0.164334929310827,0.0799702643258065,922.0000000001,0.968986809242142,0.172564710311986,4382.0000000001,4.83594576489217,5.80493257403431,0.0601824376583671,1.00326149307039,1.4272678535252,-0.0436724833522246,-0.82332252236742,-0.613031219703027,-0.537389292308436,-0.582904234672108,0.69859576466865,-0.383470111367108,-1.11787336863133,0.0798300467229839,744.0000000001,2.37574218759916,0.0798300467229839,744.0000000001,2.37574218759916,0.378851873640455,0.01477810470787,1e-10,0.460949713671803,0.277020695190614,0.344993524732074,0.54738335116263,0.793884294513914,0.459181735140858,0.676414028971749,0.668054363157543,0.679057765258312,0.938784855264892,0.640052026345471,-0.862130603269551,-0.918399969367923,0.197882852171491,0.00422136651835368,0.0883328736930934,-0.444977332029317,0.103848525804685,-0.752490920928052,-1.14154997945885,-0.148705095088609,4382.0000000001,0.570985259991389,0.010045937208286,0.050136500350081,0.0246304249072514,0.0246304249072514,0.676737443765806,1.35414568887447,4918.67777466003,0.0312499339939208,91,2,"SNETWORK (2 37 4918.67777466003 0.676737443765806 87000141 91)",87
29,87000142,-0.87965556051712,23,-0.305920963472259,-0.59067341236485,-0.562675121066356,-0.564925299345405,-0.567713055283144,0.00752982980027488,0.0224210664596349,0.935213448694764,0.349201287099161,0.847594202517446,-1.204176313804,0.792904670648544,0.847594202517446,0.847594202517446,0.00925209542484197,-0.0565379541185642,-0.0810551320496277,0.527095866004979,-0.327965097976349,0.763878608438194,-1.20507446221732,-1.78686561665285,0.401729132717726,-0.87965556051712,-0.5,-0.258576385677692,1.0966669402646,1.10693127994166,0.484591860127284,1.15855248232385,-0.88227469265534,0.133400966704767,0.334387624481662,-1.06403029144748,2.53322047919935,0.0399850261056294,7428.0000000001,30.0842820024799,1.0195636415645,171.0000000001,0.278743799754182,30.363025802134,0.29576599527127,2.30803411769066,0.229622561038664,0.149689594550861,-0.0221060196957222,-0.117659684625544,-0.124400709776637,-0.109146705490086,0.356036471421742,-0.236602468167863,-0.439738911290437,0.140298527451365,1026.0000000001,5.75785156260141,0.140298527451365,1026.0000000001,5.75785156260141,1.45644050729178,0.820553791354853,1e-10,-0.182081098131756,-0.169088325398705,0.0503991858055708,-0.020711255874354,-0.206115705486086,-0.892855882414,-0.32358597102825,-0.331945636842457,-0.32094223474169,0.50962789494535,-0.250865198144814,-0.404268359353144,0.18220641530025,-3.08061459546955,0.810980534380011,1.24175039938698,0.276846513298445,0.88150661757872,-1.34611217836157,-0.594852181003731,0.275125222494903,7428.0000000001,0.133436772792009,0.293050754014474,0.00271524115679595,0.0560871867163384,0.0560871867163384,0.566501043183152,0.932043364381179,1213.99212943431,0.25,38,2,"SNETWORK (2 29 1213.99212943431 0.566501043183152 87000142 38)",87
29,87000143,-0.549375283323022,37,-0.305920963472259,-0.59067341236485,-0.562675121066356,-0.564925299345405,-0.567713055283144,0.0756418299072693,0.104676861161517,0.942663110001891,-0.100838576994942,1.05335753542835,-1.2799974533571,1.01310239662255,1.05335753542835,1.05335753542835,0.10686852735499,-0.586206922563551,-0.592708602421925,1.58165182521813,-1.29740569793199,0.161658031088083,-0.460231660231659,-0.882011605415858,-0.0871356147021551,-0.549375283323022,-0.5,-0.124726537597114,-0.236929484790094,-0.234685739013167,0.0850861425953932,-0.224256183963208,-0.552187725891543,-0.0943407926084344,-0.100628881395782,-0.535501769241793,0.336629817743123,0.0399850261056294,15974.0000000001,8.5972791346651,0.145693679219283,4001.0000000001,0.931974495297494,9.5292536298626,0.115616859993126,0.221905146873435,-0.340129221756384,2.34287267664407,0.163807617000167,-2.20217878867403,0.0196210173217246,-2.43039699656169,0.0813379672867308,-2.22583573364321,-2.18329078706327,0.0703339386408781,1321.0000000001,3.71644531260091,0.0703339386408781,1321.0000000001,3.71644531260091,0.995810501446598,0.528551347205204,1e-10,-0.107682282130747,-0.0344794709076127,0.142668605707583,-0.0252936511738064,-0.206115705486086,-0.892855882414001,-0.32358597102825,-0.331945636842457,-0.32094223474169,-0.149822573199901,0.778427750485566,-0.277977977303094,-0.151152473374594,0.198404803662416,-0.470027508400911,-0.593616618884745,-0.993912382421711,-0.32121377742568,0.533839814653554,0.4066770755706,0.322571804491862,15974.0000000001,0.324282389549185,0.104309367321129,0.0113074925719969,0.0450910169558145,0.0450910169558145,0.900741849815533,0.847971703374138,1524.07229330114,0.25,50,2,"SNETWORK (2 29 1524.07229330114 0.900741849815533 87000143 50)",87
43,87000144,0.292812861459192,37,0.131579036527741,0.406563246402039,0.354270929498081,0.350983481983268,0.358474665810763,-0.58498935033094,-0.543268526576147,-0.112448372213606,-0.680360289638198,-0.200939663183852,0.325807482330291,-0.164142780408126,-0.200939663183852,-0.200939663183852,0.062824425686185,3.15341123644198,3.23208196834302,-0.312462344037226,3.84263597787864,0,-0.0555984555984545,-0.180528691166989,-0.277249683143219,0.292812861459192,0.25,-0.375539056378546,-0.367556876868867,-0.363362723667314,0.416407749131652,-0.344245063696658,0.286426981495959,0.493500889000445,-0.662264051605522,-0.633384195278959,0.057890193618662,0.0799701818409082,2403.0000000001,0.889641304421246,0.0699491309106507,2238.0000000001,1.00114866030841,1.89078996462965,0.0234400637016995,-0.010101922777695,-0.193055600064162,-0.345409139820112,0.332695559316286,0.698072287973927,0.504086711784842,0.757609509094449,-0.31625330282715,0.813590026323469,0.380772219867996,0.0538806277723981,1374.0000000001,2.96127929697625,0.0538806277723981,1374.0000000001,2.96127929697625,0.510974503379085,0.306017615898255,1e-10,0.33254377975166,0.343640632501306,-0.000241821737490759,-0.117500385857908,0.335363785143464,0.253917439401492,0.67641402897175,0.668054363157542,0.67905776525831,-1.29380598014428,-0.467966155527326,0.448306957576413,-0.540591125374732,0.163057486936621,-0.251774545360324,-0.354378549363746,0.0038721585305777,-0.317424245458714,0.273882366884205,-0.172280878594711,0.797753411068249,2403.0000000001,0.406516679696587,0.01102885521247,0.0124112083892294,0.0367108861181427,0.0367108861181427,0.575959329470182,2.04608163051307,3637.70789056693,0.0312500660060792,171,2,"SNETWORK (2 43 3637.70789056693 0.575959329470182 87000144 171)",87
41,87000145,-0.603331506062181,22,-0.351973654490753,-0.150431219958124,0,0,0,0.699748824686281,0.892709533039043,0.383827580748249,0.00632264975611352,0.49623358718015,-0.0713940258878164,-0.00126362642960656,0.49623358718015,0.49623358718015,0.552839599856629,0.101889536139339,0.00429933334265321,0.294653691447051,-0.0634821765265498,-0.730569948186529,0.438610038610039,0,-0.752534854245882,-0.603331506062181,0,-0.540683999875521,1.09064665408378,1.10076627119089,0.994850415230313,1.15161096688255,-0.607644166818262,0.310318788582539,-0.00130286811721413,-1.18961592290457,0.0950053403522897,0.0799701241440398,1213.0000000001,0.736994688517844,0.117686328214524,3455.0000000001,2.60033681016194,3.33733149857978,0.0325411228444308,-0.171619920557182,-0.425458848002139,0.285842983785979,0.769273456339145,0.450910308165102,0.00335928280404571,0.39060685989562,0.170717867145681,0.416469542036919,0.334561802800167,0.0670871353561633,649.0000000001,1.74158203135,0.0670871353561633,649.0000000001,1.74158203135,0.550195482492965,0.21789360621024,1e-10,0.100412125438786,0.25334656664123,-0.00265088700867598,0.00283938198868505,-0.39255626838664,-0.335033423986382,-1.4637901463605e-15,0,1.55600483282998e-15,-1.06658968711695,0.160139213087334,0.12181611622212,0.444738678024806,-0.606007061358746,0.798489886934272,0.700148701716156,0.113087109208,0.908746448498089,1.63760670256397,1.68644851608916,0.378848822866836,3455.0000000001,0.718386346104655,0.00718617093588789,0.0253549518085429,0.0169815418918429,0.0169815418918429,0.247586640446289,0.284198643639684,2180.98490024855,0.0625,114,2,"SNETWORK (2 41 2180.98490024855 0.247586640446289 87000145 114)",87
29,87000146,-0.92173203621927,21,-0.305920963472259,-0.59067341236485,-0.695629464068801,-0.700108350003007,-0.706051805186474,-0.00734906216020053,0.000942896987129763,0.918904621986079,0.367145444658416,0.858919781189067,-1.2069741957615,0.792437186411237,0.858919781189067,0.858919781189067,-0.040029419643248,0.0268804219736563,0.0355502713082633,0.577555714883884,-0.24177472564537,0.763878608438194,-1.20507446221732,-1.78686561665285,0.401729132717726,-0.92173203621927,-0.5,0.399630548181127,0.63092611697748,0.632809672374857,-0.332753166415659,0.641152431911067,-0.924597912684736,-0.0947533186395345,0.345388923420744,-0.667678402550094,0.752960788840627,0.0399850261056294,11869.0000000001,14.2883228892718,3.69659859045326,575.0000000001,3.39832494887741,17.6866478380492,0.186005714506896,2.69504302718742,0.579131148863637,-0.0462779324454585,-0.49768250044618,-0.327097293197835,-0.190673052878304,-0.320947286201524,0.303335709175159,-0.378204506175151,-0.642150712342896,0.0472813260165194,849.0000000001,1.60567382822539,0.0472813260165194,849.0000000001,1.60567382822539,0.519528682878885,0.220419044681786,1e-10,-0.375946929515943,-0.514020617932273,0.0520798816887312,-0.32067985502387,-0.206115705486086,-0.892855882414001,-0.405695070477138,-0.417708076089101,-0.413161274590743,1.10214347765446,0.0199284039387549,-0.181140190356255,1.67114401708432,-8.13038659650065,1.13087757491549,1.92105223323573,1.43788578763324,0.964659000469275,-1.73400391452138,-1.6761481701087,-0.323183693865518,11869.0000000001,0.408068270076726,0.150266445684202,0.0357392687226939,0.016886439433938,0.016886439433938,0.515583936620038,0.127642918729535,1166.75557293545,0.25,36,2,"SNETWORK (2 29 1166.75557293545 0.515583936620038 87000146 36)",87
43,87000147,-0.0761043753544714,23,0.131579036527741,0.406563246402039,0.354270929498081,0.350983481983268,0.358474665810763,-0.971489737795635,-0.76498784903013,-0.139183738736611,-0.222905295178285,-0.549504092891183,0.1111679812947,-0.338880308198253,-0.549504092891183,-0.549504092891183,0.254134517062063,3.06277363212659,3.00094136477911,0.0821869286436048,3.61098007522417,-1.08808290155441,1.58918918918919,3.01740812379109,-0.334283903675539,-0.0761043753544714,0.25,0.37694804172359,-0.516307208027169,-0.509263689688921,-0.423471679449381,-0.477808093388136,-0.0813942445669507,-0.659869852678296,-0.218679105468667,0.653022089505643,0.113044958286076,0.0799701818409082,1220.0000000001,0.881997175328965,0.297975955522202,856.0000000001,1.63121479445655,2.51321196968551,0.0319299679077551,0.126350617092733,-0.00729060710818453,-0.48833463565311,-0.764963342773913,-0.147507321289626,-0.469807416818024,-0.193711363619836,-0.515505959594227,-0.0494956887835171,-0.116939560532701,0.00036200171637931,464.0000000001,0.00671875010000284,0.00036200171637931,464.0000000001,0.00671875010000284,0.155702813977757,0.666570401806979,1e-10,0.185967931247951,0.244230473077752,-1.32735316801047,-0.124041342679078,-0.0874716815239709,0.0646276650958075,0.676414028971747,0.668054363157543,0.679057765258309,-0.806386297412817,-0.817907979942371,0.475225155664426,0.0630630452649796,0.00333937201558161,0.921331460239958,0.917519409376937,1.1296627332534,0.793753123908363,-0.21063394207426,-0.136855566236369,-0.474498163204932,1220.0000000001,1.00543056643049,0.0112056371497532,0.0207243306580019,8.53606754243757e-05,8.53606754243757e-05,0.359149849535279,0.451325670677634,3321.45465364213,0.0312500660060792,161,2,"SNETWORK (2 43 3321.45465364213 0.359149849535279 87000147 161)",87
41,87000148,-0.260060211859554,37,-0.351973654490753,-0.150431219958124,0,0,0,0.682651366437191,0.685431539772933,0.125848856281253,-0.252693381742654,0.707146984829607,0.00114037651114245,0.0174724947613207,0.707146984829607,0.707146984829607,0.519945749478789,-0.615197532176236,-0.740343764213984,-0.1770884659372,-0.792743621503542,-0.730569948186529,0.438610038610039,0,-0.752534854245882,-0.260060211859554,0,0.671050544840903,1.05270974707558,1.06193897689847,-0.486887123330975,1.10802515888794,-0.260377355836343,-0.366692426084458,-0.247848263798576,0.677163937880037,0.231415639201447,0.0799701241440398,6832.0000000001,10.1110463747747,0.0907237294461953,1684.0000000001,0.977053896025798,11.0881002707005,0.108792769907573,-1.34517619375955,0.0887015216698565,-0.526410201619055,-0.922969177801368,-0.261104800091034,-0.520325571542379,-0.237261951514635,-0.601798689424564,0.0956827865614941,0.00379028660520634,0.0527900703039043,1223.0000000001,2.582490234475,0.0527900703039043,1223.0000000001,2.582490234475,0.739940933953512,0.00402582155675227,1e-10,-1.33085415957035,-1.39274133671163,-1.7533321740494,-0.914932967167484,-0.39255626838664,-0.33503342398638,0,0,0,-0.0621120947046836,0.966766696818383,-0.35741854292587,-1.5457721658904,0.289981886782379,-0.0238628515903625,0.0463182062402159,-0.149888137813491,-0.00565663932276562,2.02736740373082,1.05067510511397,-0.474498163204932,6832.0000000001,0.1722265322955,0.0992062403755761,0.00958652943199727,0.0253385394018854,0.0253385394018854,0.450648498884902,0.580065041780472,2526.16847911201,0.0625,123,2,"SNETWORK (2 41 2526.16847911201 0.450648498884902 87000148 123)",87
41,87000149,-0.88154200905414,7,-0.351973654490753,-0.150431219958124,-0.192309249631537,-0.194095720002018,-0.196546296696359,0.629676345834629,0.859909786868806,0.515725404180544,0.237653783409177,0.250180067559183,-0.235232718434724,0.012068130830345,0.250180067559183,0.250180067559183,0.575574259672683,0.75424360032919,0.646177012693312,0.341538279184065,0.71731846576374,-0.730569948186529,0.438610038610039,0,-0.752534854245882,-0.88154200905414,0,0.262568256995363,2.79416707097652,2.88028322926631,0.0546363903206282,3.41423673277366,-0.887604855062767,-0.589596400873959,0.220854219430337,0.139783350769761,0.0684849699318355,0.0799701241440398,3157.0000000001,1.38269180877129,0.175392394690293,10035.0000000001,11.255989352434,12.6386811611052,0.0931562718104826,-0.47269023067909,-0.761784873340926,-0.232896456437609,-1.00351556137187,-0.644486044469654,-1.06857513660952,-0.419018747444262,-0.724101688149402,-0.346916553433059,-0.55602985379269,0.060800869363078,2552.0000000001,6.206552734475,0.060800869363078,2552.0000000001,6.206552734475,1.2432492882162,0.545965812222898,1e-10,-0.398144161972193,-0.661643937290352,0.0334220749599591,-0.752308494728383,-0.39255626838664,-0.335033423986381,-0.487990783359439,-0.503664629107673,-0.50559073871264,-0.427753155859983,0.536492345583464,0.112995869476148,2.3554439925946,0.0716271516765018,0.69637696536365,0.266231149268134,-1.20128140902525,1.1251568586187,0.0139747285799045,0.235909494832018,-0.474498163204932,10035.0000000001,2.23429014750109,0.0101914442005115,0.0829648275099711,0.0457468074036682,0.0457468074036682,0.0492185492168528,0.231089516542852,1843.78022680866,0.0625,105,2,"SNETWORK (2 41 1843.78022680866 0.0492185492168528 87000149 105)",87
41,87000150,-0.0495694167662179,45,-0.351973654490753,-0.150431219958124,0,0,0,0.628263637341468,0.573332441381492,-0.0501095541707946,-0.456719041953381,0.773849210977694,0.0269468610409606,0.133246428760202,0.773849210977694,0.773849210977694,0.493756505114129,-0.242596166869137,-0.342825392819136,-0.147851156851988,-0.347531811266441,-0.730569948186529,0.438610038610039,0,-0.752534854245882,-0.0495694167662179,0,-0.16313494372442,-0.376873592132477,-0.372520709054619,0.113077909424645,-0.352705874083691,-0.0449225607338569,0.22804807244511,-0.442344942585007,0.415664649810498,0.139101661158576,0.0799701241440398,3310.0000000001,2.94452908984418,0.107792659512978,1257.0000000001,0.866522818878113,3.81105190862229,0.0473181278639161,-0.192872443737683,1.35634100461298,-0.313040763686575,1.14155933929056,1.35212889007257,0.314520495605665,1.49097114668033,-0.09610588555026,1.25285500386496,0.855878720791169,0.0172207920034091,660.0000000001,0.45462890635,0.0172207920034091,660.0000000001,0.45462890635,0.259802903607171,0.51894296312221,1e-10,-0.317596239818637,-0.336713705259075,0.0649678923204187,-0.337024263809722,-0.173088846749494,-0.0475310451242814,-1.4637901463605e-15,0,0,0.393751493757319,0.151812256899972,-0.108945807590937,0.676692104212799,0.166359712834747,-0.542697794753122,-0.47128406702832,-0.122031581606533,-0.632450539276428,1.33016295212403,1.10370759493394,-0.451753051775261,3310.0000000001,0.701318851923119,0.0365593560563983,0.0107587717075178,0.00564468529620426,0.00564468529620426,0.551673762210285,1.40009871616206,2697.90069026392,0.0625,130,2,"SNETWORK (2 41 2697.90069026392 0.551673762210285 87000150 130)",87
37,87000151,0.642410263255791,34,0.694079036527741,0.60967167323295,0.623124281295046,0.615977027310147,0.618989232093641,-0.495449396825226,-0.469921578892787,-0.149504072211951,1.48993421402317,-0.515470582853327,0.197186200192763,-0.451924150606006,-0.515470582853327,-0.515470582853327,-0.671120017144993,-0.387249147146711,-0.306338510521027,-0.799475024119618,-0.323782601860532,0.955958549222799,-0.986100386100386,-0.606060606060606,0.882446134347275,0.642410263255791,0.5,1.49175487392899,1.25171675150181,1.26602919162452,-0.823703055086157,1.33969339269059,0.630466560894125,-0.55714402339788,1.49174941869922,0.0318117190760601,0.118640008059392,0.0799702643258065,766.0000000001,0.581188481875339,0.19648239972324,10299.0000000001,12.9412364872609,13.5224249690362,0.128405872311742,1.08818698048473,0.932820511844502,-0.789997120773304,0.230685357850887,1.01013122655328,-0.740074926028635,0.860716122795817,0.453201848360415,0.640621262556051,1.22854467566859,0.106707177135404,1956.0000000001,8.34876953134703,0.106707177135404,1956.0000000001,8.34876953134703,1.72662653645602,1.43638450396501,1e-10,-0.509374726117619,-0.760026403349127,-1.44935537881295,-0.369941935037495,0.793884294513914,0.459181735140857,0.67641402897175,0.668054363157543,0.67905776525831,0.576601951608881,0.508350595314185,-1.62976006516024,-1.29429029788486,-3.09014362102952,-0.360216934620304,-0.272599609926342,-0.810313816375469,-0.237335942440077,-0.74254128346117,-1.66060373832512,-0.474498163204932,10299.0000000001,1.30954228093786,0.00551883364804881,0.122887038563693,0.0792780167771141,0.0792780167771141,0.796169835907427,2.17571259656688,5039.91561223489,0.0312499339939208,94,2,"SNETWORK (2 37 5039.91561223489 0.796169835907427 87000151 94)",87
41,87000152,0.241854357228574,54,-0.128289549634743,-0.096718629794287,0,0,0,0.726860508481266,0.555944951737413,-0.121997520184205,-0.628595025778781,0.548159446584315,0.284179562240328,-0.0180477946230728,0.548159446584315,0.548159446584315,0.428118923684759,-0.366117379415087,-0.487544256791187,-0.273885390421774,-0.459401278631652,-0.730569948186529,0.438610038610039,0,-0.752534854245882,0.241854357228574,0,-0.515733868533074,-0.15779058716283,-0.156480499091034,0.695976497470417,-0.150310908091728,0.242796140673181,0.991097365653807,-0.608511704989168,-0.193899947298926,0.144606353253029,0.0799701241440398,5634.0000000001,5.21026431784164,0.0503932789695391,2015.0000000001,0.649386426560231,5.85965074430187,0.0701727782430783,-0.0404681007462593,-0.540635390558218,0.0694603512630314,0.949311399230382,0.838963081767829,0.763987150471299,0.885921169169456,-0.00036286199164663,0.855464840103596,0.457679877953773,0.0460473735963389,1195.0000000001,2.201064453225,0.0460473735963389,1195.0000000001,2.201064453225,0.653874694151098,0.0311253142532962,1e-10,0.00215675834942375,0.21704165842782,0.0156792684578235,0.537138158419952,0.827782402343433,0,-1.4637901463605e-15,-1.49871635330658e-15,0,0.498333745942287,-0.145118838791269,-0.0487034337837347,-0.216921323312723,0.289981886782379,-0.192340421848709,-0.202619324290456,-0.375022080086274,-0.148905731882684,0.085712350322298,0.137751967465562,-0.311758313823609,5634.0000000001,0.12878200165159,0.0623959921839132,0.00777678595916506,0.0263590466890181,0.0263590466890181,0.671897554813257,0.301766509539448,2902.26836085617,0.0625,136,2,"SNETWORK (2 41 2902.26836085617 0.671897554813257 87000152 136)",87
43,87000153,-0.390284567997187,10,0.131579036527741,0.406563246402039,0.118081199488201,0.12698938418892,0.129762766215853,-1.31863844148931,-1.02595688565203,-0.268738342156959,0.350133493607435,-0.422459263320017,0.0186418798801478,-0.494303449125698,-0.422459263320017,-0.422459263320017,0.389295990356034,3.28917249699302,3.22369961254551,0.349852633938074,3.80476892795356,-0.124352331606218,0.460231660231661,1.53191489361702,0.247465145754118,-0.390284567997187,0.25,0.167706084703733,-0.0662804231690319,-0.0658190746873861,-0.207596140440533,-0.0636094920413483,-0.393544360974869,-0.287251264188381,0.340787237235939,0.0456830848382732,1.09387824885267,0.0799701818409082,2741.0000000001,19.17494770636,0.0632873785267792,1350.0000000001,0.546395407872116,19.7213431141321,0.232639549045349,-0.228561239137388,0.288148926910081,0.620409454063764,-0.477331960967726,-1.01569737014438,-0.192889375787312,-1.09933948665648,0.297578348522371,-0.994396440203516,-1.39327946766952,0.0243509146883413,1040.0000000001,1.01299804697543,0.0243509146883413,1040.0000000001,1.01299804697543,0.385795258392014,0.351514757861846,1e-10,0.363297291445798,0.728814114567914,-1.07880387676955,1.18742316105443,-0.0874716815239706,0.0646276650958085,0.0713655226636064,0.0744239347303264,0.0736758505015835,0.0088394851250124,-0.347271398533284,-0.383139148952085,-0.0391288543656961,0.206012465760711,-0.436867452742728,-0.401722275106618,-0.496192793509885,-0.409740954950284,-0.0641336916714212,-0.0743715661043342,0.151576425623642,2741.0000000001,0.111714507470054,0.226194086256782,0.00644546268856666,0.0119496632326193,0.0119496632326193,0.153317559453014,1.22641278175765,3021.21350172523,0.0312500660060792,153,2,"SNETWORK (2 43 3021.21350172523 0.153317559453014 87000153 153)",87
37,87000154,0.745877628848026,40,0.694079036527741,0.60967167323295,0.623124281295046,0.615977027310147,0.618989232093641,-0.405897711810025,-0.40054055838316,-0.13453274079975,1.41385307934795,-0.550427871549102,0.22136180155531,-0.41295446469962,-0.550427871549102,-0.550427871549102,-0.668299723893014,-0.495534132372296,-0.447374597853419,-0.864803164829544,-0.435723083026666,0.955958549222799,-0.986100386100386,-0.606060606060606,0.882446134347275,0.745877628848026,0.5,0.138970600223303,1.14243640102118,1.15383157668549,-0.0313131634691621,1.21154878943095,0.734533379666863,0.602000713208966,1.35705265771737,-1.57076299031585,0.326665776336161,0.0799702643258065,1212.0000000001,2.53199777038615,0.085886244977581,3877.0000000001,2.12949427990947,4.66149205019563,0.0450670606131133,0.380986634778687,0.279954971858761,0.682734390401939,-0.478392402813547,-1.06439680148907,0.182921177243563,-0.933268251252816,1.27362528673313,-0.620720751701278,-1.46174601942274,0.013557282295157,1306.0000000001,0.708232421974748,0.013557282295157,1306.0000000001,0.708232421974748,0.00258917086570044,0.487011501948041,1e-10,1.16952932247969,1.21905044840031,0.327942344035543,1.92948912412916,1.15011088775649,0.556665973567042,0.914571149463148,0.897352840576839,0.905147065520051,-0.248318976526521,-0.0987263976730766,0.657182449581365,0.181347871153098,-1.78598424324513,-0.435906167501335,-0.297231924199018,0.714875183926328,-0.720359404049456,-0.404294051330438,-0.178126325268704,0.834543318269151,3877.0000000001,0.301008533847091,0.0244792215681701,0.0205878389449432,0.00684715388784656,0.00684715388784656,0.937658143272669,0.772352431143607,5183.54278171124,0.0312499339939208,99,2,"SNETWORK (2 37 5183.54278171124 0.937658143272669 87000154 99)",87
37,87000155,0.268942240388023,16,0.694079036527741,0.60967167323295,0.623124281295046,0.615977027310147,0.618989232093641,-0.650315781695418,-0.608565005432153,-0.161232784069066,1.84513106087554,-0.381687470917722,0.0663683351902713,-0.445265878753889,-0.381687470917722,-0.381687470917722,-0.594118555180241,0.0228844955287943,0.171633314224573,-0.474440491218471,0.0763569533831695,0.435233160621762,-0.438266838266838,-0.0888315781932811,0.436734262779889,0.268942240388023,0.5,-0.284287879790053,-0.279755793755145,-0.276929006394608,0.292462309503153,-0.263876265940195,0.255740068841783,-0.102641376330486,1.76858296197401,-1.0975390489859,0.0795956848885399,0.0799702643258065,705.0000000001,0.358868800009522,0.141213158605925,4476.0000000001,4.04224196781991,4.40111076772943,0.0537762822440153,0.791197946936363,-0.170351612250526,0.767252706737289,0.336303881521411,-0.427814602964461,0.0230888966360298,-0.492990469518439,1.32351739337419,-0.187484726733123,-0.706237660601692,0.0187058101371868,958.0000000001,0.716806640724745,0.0187058101371868,958.0000000001,0.716806640724745,0.00452388740383585,0.436255445398157,1e-10,0.50501245993685,0.259536687326666,0.361973625463286,0.519489816012305,0.793884294513914,0.459181735140857,0.676414028971749,0.668054363157543,0.67905776525831,0.0622972917234957,-0.140757160245342,-0.548980267822149,0.663969071013419,-0.137085450299111,-0.207588916230445,-0.159325985903407,-0.256579215996325,-0.197606990223456,-0.538670429679338,-0.561873568858713,-0.092630670348548,4476.0000000001,0.238944918641505,0.00438494526849035,0.049391336875525,0.00875851533491459,0.00875851533491459,0.364331685907277,1.0887856078394,4601.5494156819,0.0312499339939208,80,2,"SNETWORK (2 37 4601.5494156819 0.364331685907277 87000155 80)",87
36,87000156,0.930391810753434,48,0.694079036527741,0.60967167323295,0.623124281295046,0.615977027310147,0.618989232093641,-0.150969699085968,-0.139778125405353,-0.029762096979517,0.295041724418495,-0.358809528240834,0.462618032029276,-0.636896215460419,-0.358809528240834,-0.358809528240834,-0.696133782155727,-0.0125287557443614,-0.0745298006374344,-1.22486188729645,0.263596636779023,-0.124352331606218,0.460231660231661,1.53191489361702,0.247465145754119,0.930391810753434,0.5,-0.060342499652801,-0.0213511204767204,-0.0212165251351362,0.0375449974173267,-0.0205658522837411,0.921233066869938,0.17345738127532,0.276725101899531,0.546156518803904,0.319081058864428,0.0799702643258065,2526.0000000001,5.15455802167249,0.0694751246625157,4153.0000000001,1.84522073901167,6.99977876058416,0.0819626440094142,-0.210139655246977,0.366954838614663,-0.36897541177159,0.265967719972112,0.656169052468882,0.181729264828164,0.674469320115257,0.583145125307863,0.578878126177284,0.644182800816522,0.052150838348414,1261.0000000001,2.63048828134907,0.052150838348414,1261.0000000001,2.63048828134907,0.436333668189202,0.149087070581413,1e-10,0.788140896988438,0.404470692522075,0.0379958049318769,0.404168862065112,0.831282147242411,0.477945485328783,0.676414028971749,0.668054363157542,0.67905776525831,0.0420214579366021,-1.02270594328355,-1.61385986408571,-1.17755894459326,-0.531864045321735,-0.643963571279797,-0.673710857614822,-1.07016740624794,-0.509307781813297,-0.275340559532808,-0.860227199534452,0.5180982249795,4153.0000000001,0.231186966740807,0.0603563652636557,0.0216062786457586,0.030801226964635,0.030801226964635,0.634414697491024,1.85210682062593,5368.30492561935,0.0156249669969604,67,2,"SNETWORK (2 36 5368.30492561935 0.634414697491024 87000156 67)",87
41,87000157,0.285706154470592,55,-0.128289549634743,-0.096718629794287,0,0,0,0.72337915615855,0.556317456159736,-0.12922244179439,-0.639536186375884,0.524092065422632,0.304742509645356,-0.013568210007363,0.524092065422632,0.524092065422632,0.420750550985253,-0.39370086951207,-0.519254281423919,-0.27270494440105,-0.493385302509732,-0.730569948186529,0.438610038610039,0,-0.752534854245882,0.285706154470592,0,-0.266194491778129,-0.137345615844663,-0.136246557769029,0.289122021735823,-0.131052244131634,0.285481308121393,0.0713467651058367,-0.617517053977873,0.442140009812379,0.254131039983608,0.0799701241440398,4472.0000000001,7.26800216118916,0.108381343884876,1807.0000000001,1.25247257003241,8.52047473112157,0.101694455118424,0.0195438834577498,-0.127664591131341,0.171921701180903,1.00582753238002,0.776304549625171,0.131481807272423,0.81569410893742,-0.548172983229897,0.768603919942495,0.400673846498085,0.041674711958365,1052.0000000001,1.7536718751,0.041674711958365,1052.0000000001,1.7536718751,0.552923476882729,0.113026492914542,1e-10,0.25714317030465,0.349203354745491,0.0127146868688639,0.446671775957593,0.623538186484531,-0.250657379010997,0,0,0,0.148421791356776,0.340798533345641,-1.3916641920968,-0.302029784254178,0.163263546196412,-0.739215620530572,-0.79371400862047,-1.25335319918835,-0.575906209945497,0.451990156035958,-0.0857346415048178,0.119155350128597,4472.0000000001,0.0930954229083786,0.0867458143093479,0.0149486407090759,0.0209306067137271,0.0209306067137271,0.684735071923122,0.169885528739542,2924.09077563055,0.0625,137,2,"SNETWORK (2 41 2924.09077563055 0.684735071923122 87000157 137)",87
43,87000158,0.00560649252704824,26,0.131579036527741,0.406563246402039,0.354270929498081,0.350983481983268,0.358474665810763,-0.923202394092036,-0.742616218378291,-0.146549117153011,-0.2934422543043,-0.491188530126462,0.195573398161132,-0.353928373108549,-0.491188530126462,-0.491188530126462,0.246968700989872,2.89455726812878,2.82468393773348,-0.137379603831757,3.47334294125749,-1.08808290155441,1.58918918918919,3.01740812379109,-0.334283903675539,0.00560649252704824,0.25,0.768953942721956,-0.0630464287300848,-0.0626105721085397,-0.621892377630478,-0.0605217361318824,-0.00151205273800329,-0.234574231213765,-0.289778928897819,0.149852936931327,0.172202967964216,0.0799701818409082,1319.0000000001,1.45258512892145,0.27638379046674,1055.0000000001,1.86475248326297,3.31733761208442,0.0391115726083418,0.544974494062068,-0.154830012105002,0.0821022995513585,-0.60074112195341,-0.575444795930834,-0.145681642893088,-0.630666679645673,-0.29277630479961,-0.385739606710991,-0.358629764544743,0.0217260681999373,399.0000000001,0.346748046975147,0.0217260681999373,399.0000000001,0.346748046975147,0.0789774208782252,0.560275937084238,1e-10,0.362605114832029,0.46593439760829,0.200232678562676,0.0547093292459006,-0.0874716815239709,0.0646276650958066,0.676414028971749,0.668054363157543,0.67905776525831,-0.507795095752731,0.234053122193623,-0.00399850138976409,-0.263216472202775,0.184556184127646,0.742438052646083,0.715271540524203,0.0569119641457114,0.856267638157595,-0.689241571896973,-0.440078616002667,0.396071207308707,1319.0000000001,1.10628394113957,0.0171260496324503,0.0219855228758916,0.00408817641246064,0.00408817641246064,0.405952224203849,1.38920100442304,3389.72382014327,0.0312500660060792,163,2,"SNETWORK (2 43 3389.72382014327 0.405952224203849 87000158 163)",87
43,87000159,0.178352054392599,32,0.131579036527741,0.406563246402039,0.354270929498081,0.350983481983268,0.358474665810763,-0.744402688387712,-0.612084101131915,-0.155963312732731,-0.399403060744702,-0.25267942439154,0.46213769588973,-0.412777822192418,-0.25267942439154,-0.25267942439154,0.257846994771148,2.74953643095273,2.68693886114591,-0.589843871393623,3.43549077474184,-1.08808290155441,1.58918918918919,3.01740812379109,-0.334283903675539,0.178352054392599,0.25,1.03483717837525,-0.242972127184232,-0.240649436122728,-0.743799141350603,-0.229863198673186,0.165468056237598,-0.651097549776455,-0.392672506260918,-0.512659317626548,0.0691205072879117,0.0799701818409082,2952.0000000001,1.3049066230773,0.0722326687547962,4218.0000000001,1.94848201594016,3.25338863891746,0.0395121665317777,-0.158368185071774,-0.300689356484484,1.03508793751701,-1.09072239539639,-2.01589008963982,-0.520304318562991,-2.22886013006818,-0.793842745180558,-1.83303908614479,-1.41889430388001,0.0683783362754442,1970.0000000001,5.38821289072728,0.0683783362754442,1970.0000000001,5.38821289072728,1.0585962398537,1.06890243613289,1e-10,0.852629119445692,0.547568325703957,0.0796245746216735,0.0704150766659748,0.349280418712381,0.260147466527925,0.676414028971747,0.668054363157542,0.67905776525831,-1.5426045842031,-0.453042186584001,0.438723196958372,-0.528121121636308,-0.158909524186797,-0.277480266291268,-0.350403025679242,0.321715379720455,-0.429946440133124,0.0168389029189941,-0.108785287122765,0.680471151163726,4218.0000000001,1.33126454625981,0.015847995240971,0.0236641711908067,0.0654394504130621,0.0654394504130621,0.502085196288196,0.0627331109717488,3529.94999293795,0.0312500660060792,167,2,"SNETWORK (2 43 3529.94999293795 0.502085196288196 87000159 167)",87
41,87000160,0.520509368209141,62,0.398026345509247,0.0967186297942882,0,0,0,0.83933166680567,0.683972885037241,-0.217139156865099,-0.901070810897003,0.762847774925742,0.707236599693271,0.375561604561328,0.762847774925742,0.762847774925742,0.427128454197068,-0.320405061656905,-0.407734583990253,-0.127180771059757,-0.448722128135496,-0.730569948186529,0.438610038610039,0,-0.752534854245882,0.520509368209141,0,-0.194050639319001,-0.736122884332138,-0.723623030194363,0.100431927211115,-0.6693502393212,0.520314823462281,0.304229654808838,-0.870804674294758,-0.370040040637716,0.128233994345035,0.0799701241440398,5426.0000000001,4.44977957969576,0.0471982689431103,624.0000000001,0.188350249114456,4.63812982871022,0.0611029292221297,2.43459025594137,0.534736115278829,0.866865220520114,0.727580059092361,-0.16727661555243,0.466162037685546,-0.226433175695516,-0.846076079572712,-0.423837492255084,0.0129471203719938,0.0690613103791878,985.0000000001,2.7210156251,0.0690613103791878,985.0000000001,2.7210156251,0.771198284857226,0.283071374569009,1e-10,1.49036578840915,0.735217219241544,-0.0991122409622114,1.66963378092851,0.827782402343433,0,-0.0164590779106796,-0.0229634113976224,-0.0267028627700797,0.476515994295942,1.16952050795578,-0.0237691960789765,-0.646741594778429,0.271932940865665,-0.782067703245764,-0.818081618787929,-0.576853085232775,-0.801234445658057,0.937626159370835,-0.419412278405065,1.21000392787065,5426.0000000001,0.197051978377735,0.0586215945452762,0.00248133457685343,0.0358467811420452,0.0358467811420452,0.775921641102773,0.72041832060688,3079.09825234597,0.0625,143,2,"SNETWORK (2 41 3079.09825234597 0.775921641102773 87000160 143)",87
29,87000161,-1.07649128703358,13,-0.305920963472259,-0.59067341236485,-0.695629464068801,-0.700108350003007,-0.706051805186474,-0.135925479590385,-0.155649991078323,0.855410574284198,0.655066419713714,0.775389539545137,-1.27609612857086,0.83233692777529,0.775389539545137,0.775389539545137,-0.122349164532423,0.555872227933132,0.585743911716052,1.01473438721026,0.268818778647279,0.202072538860104,-0.56138996138996,-1.05738233397807,-0.0396070975918889,-1.07649128703358,-0.5,1.28663073190026,-0.211014086773569,-0.209096576666251,-0.821027440666445,-0.200146403171366,-1.07966636020378,0.655727397442354,0.621662972063773,-0.6102669750293,1.3330917507427,0.0399850261056294,10308.0000000001,21.9699574830383,0.270291762286293,9065.0000000001,3.91737713195354,25.8873346148919,0.31274783313152,-0.301878058762041,0.00729060710818802,-0.136845348834576,-0.214557291502403,-0.0108446517551836,0.570979937364546,-0.0325518668011678,1.17355168100882,0.111426864020748,0.00324821572940231,0.0954904711790667,1543.0000000001,5.89367187510145,0.0954904711790667,1543.0000000001,5.89367187510145,1.17264976297126,1.22192968661832,1e-10,-0.270422427827859,-0.154912176996405,-1.5277777113639,-0.406345632886803,-0.206115705486086,-0.892855882414001,-0.436173920905954,-0.449542747978101,-0.447393236563639,-0.297313809388087,-0.0208628465297557,-0.145184180488018,0.658178604457255,-1.46471571957661,0.630010262370684,0.532567913235144,0.674279333265694,0.563070113320631,-0.0809933795899919,0.00525432440064374,-0.474498163204932,10308.0000000001,0.668735453940186,0.265421554471564,0.0473262785599558,0.0712021200688735,0.0712021200688735,0.318356409230736,1.04334585922853,983.784664541288,0.25,28,2,"SNETWORK (2 29 983.784664541288 0.318356409230736 87000161 28)",87
43,87000162,-0.390284567997187,10,0.131579036527741,0.406563246402039,0.118081199488201,0.12698938418892,0.129762766215853,-1.31863844148931,-1.02595688565203,-0.268738342156959,0.350133493607435,-0.422459263320017,0.0186418798801478,-0.494303449125698,-0.422459263320017,-0.422459263320017,0.389295990356034,3.28917249699302,3.22369961254551,0.349852633938074,3.80476892795356,-0.124352331606218,0.460231660231661,1.53191489361702,0.247465145754118,-0.390284567997187,0.25,0.167706084703733,-0.0662804231690319,-0.0658190746873861,-0.207596140440533,-0.0636094920413483,-0.393544360974869,-0.287251264188381,0.340787237235939,0.0456830848382732,1.09387824885267,0.0799701818409082,2741.0000000001,19.17494770636,0.0632873785267792,1350.0000000001,0.546395407872116,19.7213431141321,0.232639549045349,-0.228561239137388,0.288148926910081,0.620409454063764,-0.477331960967726,-1.01569737014438,-0.192889375787312,-1.09933948665648,0.297578348522371,-0.994396440203516,-1.39327946766952,0.0243509146883413,1040.0000000001,1.01299804697543,0.0243509146883413,1040.0000000001,1.01299804697543,0.385795258392014,0.351514757861846,1e-10,0.363297291445798,0.728814114567914,-1.07880387676955,1.18742316105443,-0.0874716815239706,0.0646276650958085,0.0713655226636064,0.0744239347303264,0.0736758505015835,0.0088394851250124,-0.347271398533284,-0.383139148952085,-0.0391288543656961,0.206012465760711,-0.436867452742728,-0.401722275106618,-0.496192793509885,-0.409740954950284,-0.0641336916714212,-0.0743715661043342,0.151576425623642,2741.0000000001,0.111714507470054,0.226194086256782,0.00644546268856666,0.0119496632326193,0.0119496632326193,0.153317559453014,1.22641278175765,3021.21350172523,0.0312500660060792,153,2,"SNETWORK (2 43 3021.21350172523 0.153317559453014 87000162 153)",87
29,87000163,-0.902192657622465,22,-0.305920963472259,-0.59067341236485,-0.695629464068801,-0.700108350003007,-0.706051805186474,0.00734906216020053,0.0156843596739797,0.926121284049183,0.360992881703812,0.849927466021665,-1.20843950261127,0.797383977721036,0.849927466021665,0.849927466021665,-0.00925209542485637,-0.00680130583762188,-0.0176958726633822,0.546589170023916,-0.273323718709952,0.763878608438194,-1.20507446221732,-1.78686561665285,0.401729132717726,-0.902192657622465,-0.5,0.0294840517445172,0.674758281425345,0.677183655094052,0.0283942407401753,0.688190565779037,-0.901474659875094,-0.0628095609565035,0.341227289193503,-0.144829771990245,1.11570043750899,0.0399850261056294,2747.0000000001,4.90005583110044,2.64287724923686,353.0000000001,1.49157969771941,6.39163552871985,0.0667359451944848,0.35329843791389,2.35442285071785,0.122995260877532,-0.0532625283709009,-0.116919045515726,-0.175042345220582,-0.120348147221457,0.31459092160851,0.0644281396119742,-0.0533522688604392,0.620836412684459,259.0000000001,6.43186523447658,0.620836412684459,259.0000000001,6.43186523447658,1.29408958430753,1.11448498610268,1e-10,0.0474114617219992,-0.145590077483313,0.0515542178087585,-0.0706332859659487,-0.206115705486086,-0.892855882414001,-0.401527327828466,-0.413354895906676,-0.408480364656475,0.0581174333191954,-0.289809585047959,0.780554246022453,0.491387823882411,-3.10334614895394,0.772116065435108,0.984767834958742,0.23786963342628,0.845126987660371,-0.701202520146944,-0.346680639069204,-0.0501352212554861,2747.0000000001,1.32350659435912,0.0511621564517097,0.0155737886427751,0.0671559889819259,0.0671559889819259,0.541512963603342,1.44504466387235,1190.81031663027,0.25,37,2,"SNETWORK (2 29 1190.81031663027 0.541512963603342 87000163 37)",87
43,87000164,-0.520953876197749,4,0.131579036527741,0.406563246402039,0.118081199488201,0.12698938418892,0.129762766215853,-1.27415765938388,-0.988510627202327,-0.234271697933543,0.480563903165005,-0.285145208360884,-0.162932286947564,-0.495725781983003,-0.285145208360884,-0.285145208360884,0.416337913978701,3.03137830747888,2.99043526029248,0.2434184102387,3.52320404196155,-0.124352331606218,0.460231660231661,1.53191489361702,0.247465145754118,-0.520953876197749,0.25,0.0927111619869083,0.0798087426716989,0.0794227311478994,-0.117325729368025,0.0775091380454703,-0.527186337100761,-0.676734345941956,0.454509235983363,-0.109711067406161,4.16188291149957,0.0799701818409082,264.0000000001,7.02667635577015,1.24595942285392,225.0000000001,1.79284433385284,8.81952068952299,0.101563585257457,-0.0303999307387281,0.191582565357861,-0.218741543933051,-0.334545729792145,-0.0345332957357584,-0.618554751157042,-0.0529882132069966,-0.0327420580202403,-0.0142250041611836,-0.171412492705644,3.24853515635,10.0000000001,1.29941406260055,3.24853515635,10.0000000001,1.29941406260055,0.135985452265818,0.271475770302776,1e-10,-0.236838645463982,-0.383347829492812,0.230808216676613,0.0730282660876137,-0.0874716815239709,0.0646276650958085,0,0,1.55600483282998e-15,1.34440267027351,0.327277296706726,-0.56156211814212,-1.96316682247101,-0.503111605787188,-0.230836402032383,-0.172854554352393,-0.892552710225701,-0.0616515348492225,-0.205021504258051,-0.817605225552041,-0.414867130489911,264.0000000001,1.70985259901389,0.0809175994426618,0.0206459857147956,0.0149637554510013,0.0149637554510013,0.0585142699490337,0.0992754762992263,2882.92689550416,0.0312500660060792,148,2,"SNETWORK (2 43 2882.92689550416 0.0585142699490337 87000164 148)",87
29,87000165,-0.788620866533088,27,-0.305920963472259,-0.59067341236485,-0.562675121066356,-0.564925299345405,-0.567713055283144,0.121594595709389,0.118967153167038,0.971833321700319,0.253164391346834,0.841350144700019,-1.11838316416327,0.798790632787595,0.841350144700019,0.841350144700019,0.0336094627997246,-0.294473242315732,-0.390659264818576,0.644269875433033,-0.653977494369412,0.763878608438194,-1.20507446221732,-1.78686561665285,0.401729132717726,-0.788620866533088,-0.5,0.360276555341142,-0.0207988342093807,-0.020667888561658,-0.365553049018104,-0.0200347830417697,-0.790502695222209,-0.354140283045203,0.235790840161342,-0.132115765021472,6.94153985148436,0.0399850261056294,12280.0000000001,136.285280923855,0.427013167339833,5225.0000000001,3.5671578477185,139.852438771474,1.63742782617451,-0.428699856735426,-0.175830976585502,-0.159846474499645,-0.869454265755335,-0.58600040162277,-0.266088959342824,-0.637044458608029,0.141631562894946,-0.514097129997436,-0.735112214446912,0.0288819616057862,1361.0000000001,1.57233398447539,0.0288819616057862,1361.0000000001,1.57233398447539,0.197568052597546,0.179979994763063,1e-10,-0.865376974965152,-1.17513734614474,0.200366521412852,-0.840810993490976,-0.206115705486086,-0.892855882414,-0.323585971028251,-0.331945636842458,-0.320942234741691,-0.0699904133977615,0.162426965421572,-0.610530595265547,1.44216409176776,-1.74969243296127,1.4665868386311,1.8080183283543,-1.11398170456295,2.02251226996699,-1.45068286812269,-0.522718201412838,-0.474498162979244,12280.0000000001,0.386346004754771,1.59566263720112,0.0417651888733896,0.0184092851044786,0.0184092851044786,0.66360381419708,0.514731404255144,1304.07581326481,0.25,42,2,"SNETWORK (2 29 1304.07581326481 0.66360381419708 87000165 42)",87
41,87000166,0.421370534676705,59,0.398026345509247,0.0967186297942882,0,0,0,0.792482690985407,0.582342771204729,-0.170043244715979,-0.775599085783442,0.540215346529005,0.632222151155305,0.065720238374979,0.540215346529005,0.540215346529005,0.372955866624226,-0.572244506353792,-0.674958842647201,-0.400065537947631,-0.671922452835951,-0.730569948186529,0.438610038610039,0,-0.752534854245882,0.421370534676705,0,0.211574401473654,0.187755438600105,0.187139520682709,-0.219453503466888,0.183961578564029,0.420414189160299,-0.273692989788878,-0.750903088771839,0.888703420193583,0.157308200370287,0.0799701241440398,2813.0000000001,2.8299361304094,0.125836090531807,1440.0000000001,1.1588393885638,3.9887755188732,0.045124240463325,-0.228182463646584,-0.153702462932887,-0.0418871199387122,-0.196195099037031,-0.0919199033149609,-0.240373786563491,-0.10960152969599,-1.16295139396279,-0.0760622735112636,-0.052985240667432,0.00673236278939394,792.0000000001,0.2132812501,0.00673236278939394,792.0000000001,0.2132812501,0.109093333095463,0.604765184034941,1e-10,-0.672959314749797,0.000532023179682553,-0.0349692283866093,0.0257194254176579,0.827782402343433,-9.66724007780397e-16,0,0,-1.55600483282998e-15,-0.0466267072990595,0.405686902899724,-1.15494791515719,0.0399063462793952,0.190939709298254,-0.369756333024771,-0.448337233938681,-0.733208472760565,-0.26857765672568,0.505393988223304,0.352198506494319,-0.366594418337718,2813.0000000001,0.496508921744686,0.0320145161230368,0.0131097242402881,0.00241280923047543,0.00241280923047543,0.737009540548541,0.699483246098166,3012.9518168032,0.0625,140,2,"SNETWORK (2 41 3012.9518168032 0.737009540548541 87000166 140)",87
43,87000167,0.245629964717178,35,0.131579036527741,0.406563246402039,0.354270929498081,0.350983481983268,0.358474665810763,-0.701329042861867,-0.594295805438763,-0.171728660786038,-0.447102595868036,-0.15977654475895,0.604324491562335,-0.467702351905279,-0.15977654475895,-0.15977654475895,0.245423064521448,2.80229848250164,2.74812081839764,-0.791618235006882,3.5617607655702,-1.08808290155441,1.58918918918919,3.01740812379109,-0.334283903675539,0.245629964717178,0.25,-0.494266346193017,-0.421961999315593,-0.416803792463777,0.607065580095486,-0.393471189004834,0.240047318394107,1.42216439519933,-0.43689144153949,-0.280029530211073,0.0496368884775045,0.0799701818409082,2354.0000000001,0.747252150090883,0.0793199914426553,4268.0000000001,2.16502659174034,2.91227874173122,0.0364287854217643,-0.173587507494783,-0.0162954472659433,0.267547866036175,0.951174333596898,0.630224542534272,1.0778882184504,0.687399271860483,0.533134155317753,0.661304914390627,0.712072225369828,0.0285756075653769,1751.0000000001,2.00143554697585,0.0285756075653769,1751.0000000001,2.00143554697585,0.294392021487968,0.00402582155675227,1e-10,1.89220078533249,1.04951323203958,-0.429838823294665,1.46210077011916,0.368659212721272,0.0324194781095559,0.67641402897175,0.668054363157545,0.679057765258312,-0.35962431196956,0.717401673524075,-0.678459048571947,-0.426675559221424,0.160456776030201,-0.163787511145633,-0.281922013360218,-0.834515942411691,0.0034818387320353,-0.0997521428935742,-0.770305856645729,0.862516808426579,4268.0000000001,0.991466253009232,0.00934714378953897,0.0270816415322253,0.0250353322400897,0.0250353322400897,0.54712440445575,1.95035598995513,3595.64728336914,0.0312500660060792,169,2,"SNETWORK (2 43 3595.64728336914 0.54712440445575 87000167 169)",87
37,87000168,0.47887762253276,26,0.694079036527741,0.60967167323295,0.623124281295046,0.615977027310147,0.618989232093641,-0.576315698471555,-0.545702985244609,-0.160574727272267,1.68567795536039,-0.453928577393754,0.145045974204403,-0.430203788963616,-0.453928577393754,-0.453928577393754,-0.642086167874688,-0.147253482057361,-0.02248539616155,-0.560355797759536,-0.104658206756959,0.435233160621762,-0.438266838266838,-0.0888315781932811,0.436734262779889,0.47887762253276,0.5,-0.645209916323564,-0.680845658843007,-0.669859220480169,0.849289042876213,-0.621826467051369,0.467599952072899,0.417652553412116,1.61476594343604,-0.380277588817185,0.110731458579079,0.0799702643258065,1062.0000000001,0.75206018792674,0.0883923438380542,3283.0000000001,1.85584881572915,2.60790900355589,0.0340447593158113,0.272576857314419,0.987434342081657,-0.0566435423815573,0.0750933823308423,0.165927302215774,0.534428903634538,0.168372442254161,1.69503856630174,0.222637422288444,0.280704467452617,0.0432013591165317,741.0000000001,1.28048828134955,0.0432013591165317,741.0000000001,1.28048828134955,0.13171497316433,0.224943947887792,1e-10,-0.317542698188832,0.0340946817760346,0.349494061423091,0.0865412761518524,0.793884294513914,0.459181735140858,0.676414028971749,0.668054363157543,0.679057765258309,0.37308983593358,0.936718005639427,-0.747986467926228,0.304024063698004,-3.17945453873446,-0.0473043094532304,0.0354639459879516,-0.267084249919167,-0.0034818387320353,-0.5399135292725,-0.765368113520512,0.317710710520892,3283.0000000001,0.575640031131808,0.00981771525633379,0.0242270439594775,0.0167160415321393,0.0167160415321393,0.602185336259111,1.73512182943523,4842.99867170744,0.0312499339939208,89,2,"SNETWORK (2 37 4842.99867170744 0.602185336259111 87000168 89)",87
29,87000169,-1.00088698316629,17,-0.305920963472259,-0.59067341236485,-0.695629464068801,-0.700108350003007,-0.706051805186474,-0.0625800132870484,-0.0601228356816375,0.90163924622414,0.383460694003214,0.872868336170347,-1.17878107103539,0.77703060302273,0.872868336170347,0.872868336170347,-0.0953622693941523,0.105570449874259,0.169701026666276,0.677871317038898,-0.176656481109845,0.763878608438194,-1.20507446221732,-1.78686561665285,0.401729132717726,-1.00088698316629,-0.5,1.40225316156234,2.76861142190061,2.85310085188823,-0.732488642705119,3.37544799514152,-0.999704124162206,-0.878072461087542,0.369010283857087,0.864138386640119,2.72069868779311,0.0399850261056294,2751.0000000001,11.9664630229787,1.36780291236641,199.0000000001,0.435182443344942,12.4016454662236,0.0917932352054239,1.63654280586903,-0.690722783801789,-0.910455065176103,-0.0738457862278362,0.887676902963596,-1.33562792704849,0.601611388485285,-0.946551857738806,0.696962961673377,0.787537485207047,3.33721350003323,234.0000000001,31.2363183594827,3.33721350003323,234.0000000001,31.2363183594827,6.89105265226876,5.47070882379608,1e-10,-0.741560708246303,-0.734535181453532,0.218410487912677,-0.614533271596068,-0.206115705486087,-0.892855882414001,-0.405788377193844,-0.417805535283672,-0.413266069040298,0.565346138956905,1.25579645258574,-0.103451202474347,1.18007264210272,-1.83681690740605,0.508572998405672,1.13508203769144,1.10068730212113,0.308272210479362,-1.33832385274413,-0.0874617081851024,-0.474498163204932,2751.0000000001,1.36229635386261,0.0885721460623889,0.00322108904303502,0.231201796795672,0.231201796795672,0.412995616340395,1.96015742108766,1071.58286352381,0.25,32,2,"SNETWORK (2 29 1071.58286352381 0.412995616340395 87000169 32)",87
37,87000170,0.576352039485319,31,0.694079036527741,0.60967167323295,0.623124281295046,0.615977027310147,0.618989232093641,-0.543627295084356,-0.516255515953161,-0.145985733862257,1.59355305604278,-0.517691332943886,0.113008810602929,-0.40320527857787,-0.517691332943886,-0.517691332943886,-0.63117988857546,-0.222584696275535,-0.117003824003474,-0.584012899739149,-0.189218218622084,0.955958549222799,-0.986100386100386,-0.606060606060606,0.882446134347275,0.576352039485319,0.5,1.51673206650682,0.612517295714569,0.614188867361077,-0.851325659627826,0.621497067993063,0.565317644435899,0.500810862444937,1.52511164353906,-0.505847620383157,0.298585745108191,0.0799702643258065,739.0000000001,1.41114151987624,0.396269168252585,3596.0000000001,9.11311872357161,10.5242602433478,0.111016669673295,2.33329741189475,-0.571516369245152,-0.339557348678882,-0.0191603808834022,0.360743271063138,0.252655979612077,0.332190711401509,1.41549847136513,0.348960567947232,0.550320899099435,0.0801528457168167,611.0000000001,1.9589355469743,0.0801528457168167,611.0000000001,1.9589355469743,0.284802173681278,0.120103219554846,1e-10,-0.00215675834942375,-0.878193335507767,-1.43410184760469,-0.714590218901183,0.793884294513914,0.459181735140858,0.676414028971749,0.668054363157543,0.67905776525831,0.0424442087817131,-1.84557145210484,0.417115898349961,-0.180916889630586,0.172068803966636,0.395300676223728,0.384731573395585,0.308543229731493,0.376918249287429,-1.61139086366548,-1.04689931734786,-0.417742937029285,3596.0000000001,0.777346780549961,0.0148856288424325,0.0961310407308628,0.0206641127543624,0.0206641127543624,0.722995757353024,0.922038087546276,4965.63536973628,0.0312499339939208,93,2,"SNETWORK (2 37 4965.63536973628 0.722995757353024 87000170 93)",87
29,87000171,-0.700139383068989,31,-0.305920963472259,-0.59067341236485,-0.562675121066356,-0.564925299345405,-0.567713055283144,0.17140928263874,0.165415945869072,0.979305745322436,0.206599858533574,0.867655941732255,-1.13450596782109,0.862248255046798,0.867655941732255,0.867655941732255,0.0360866406329842,-0.399703899734824,-0.499244274753151,0.926832933644316,-0.869006501328879,0.763878608438194,-1.20507446221732,-1.78686561665285,0.401729132717726,-0.700139383068989,-0.5,0.183488261932527,-0.0578778085727348,-0.0574820574004062,-0.22121379558814,-0.0555834585755303,-0.692587929444834,0.734641603364362,0.19062264994574,0.60717743094844,1.70701924435554,0.0399850261056294,10249.0000000001,27.9714304075891,0.127569116730664,1745.0000000001,0.355906357041008,28.3273367645301,0.333696338138666,-0.555734976609302,-0.389760957491112,-0.661617938990259,0.0289461293316063,0.758794397937016,0.580448104699737,0.787214578793967,0.846952608098111,0.809415532602633,0.857065386516283,0.130216169346665,862.0000000001,4.4898535157261,0.130216169346665,862.0000000001,4.4898535157261,1.17032501815594,0.7356666502641,1e-10,1.83794263250924,1.69845491433589,0.191905232333146,3.87924776335468,0.0739235707164719,-0.726670802943823,-0.323585971028251,-0.331945636842457,-0.32094223474169,-0.574441027829434,0.386100529436824,-0.00471094892914269,-0.277427117563144,-1.19684167200232,-0.523337840138499,-0.635400713438111,-0.448905589449272,-0.525181940965354,0.324328025761874,0.441638887308112,0.649078971911467,10249.0000000001,0.387897595134911,0.32950375724706,0.00419258079160575,0.0528905236999114,0.0528905236999114,0.760771241352558,1.03545207173461,1394.21947955876,0.25,45,2,"SNETWORK (2 29 1394.21947955876 0.760771241352558 87000171 45)",87
28,87000172,0.377185356443231,57,-0.0559209634722586,-0.39032832676705,-0.562675121066356,-0.564925299345405,-0.567713055283144,0.302618233625163,0.438515307621093,1.04129426597263,-0.897224232462865,-1.1933627434557,-1.67929663096085,0.520268660722242,-1.1933627434557,-1.1933627434557,-0.388801713250659,-1.26451749136552,-1.13928764928596,0.956762837664322,-1.9323794953298,0.269430051813471,-0.72998712998713,-1.34966688158177,0.0396070975918883,0.377185356443231,-0.5,-0.621840576042849,-0.100107432457991,-0.0993610567121142,0.918096234357949,-0.0958095823650831,0.403272057128541,2.51451445678531,-0.869918283923095,0.226753940082086,0.0923156802851591,0.0399850261056294,24003.0000000001,3.54271131736168,0.103664848536487,4626.0000000001,0.76671138319404,4.30942270045572,0.0511195712077242,1.91298500327688,-0.429692723882897,1.24385520742099,2.95369995135622,1.39352561612363,1.49086696557369,1.47127057481966,-0.0343753477268098,1.49302702626607,0.518866462068124,0.0295191837172614,1163.0000000001,1.37323242197534,0.0295191837172614,1163.0000000001,1.37323242197534,0.152642083600361,0.236266342097543,1e-10,-0.793940553241872,-0.493517118407437,-0.252430494982922,0.0483919039027532,0.38710457596419,-0.540818264859142,-0.323585971028253,-0.331945636842457,-0.320942234741691,1.37283600422346,-0.492515202606448,1.36175708937804,1.69466169452083,0.289981886782379,0.273488927698891,-0.021019432770151,0.68342084400727,0.134938591906326,0.483879542238335,0.756688251045836,0.422123081278285,24003.0000000001,0.0791311094871218,0.0420246273548308,0.00909494375289343,0.0162896650708444,0.0162896650708444,0.446214476088401,0.52197536546737,1970.39733837939,0.125,14,2,"SNETWORK (2 28 1970.39733837939 0.446214476088401 87000172 14)",87
43,87000173,-0.228421542646002,17,0.131579036527741,0.406563246402039,0.125190979814175,0.126908484697204,0.131153005061719,-1.01328657197697,-0.819311084049528,-0.150825236850875,-0.205477939823617,-0.564921445590379,0.058631431451698,-0.320039304799813,-0.564921445590379,-0.564921445590379,0.262929630557223,3.15663385838133,3.10846525285758,0.191069527780424,3.69195969322173,-1.08808290155441,1.58918918918919,3.01740812379109,-0.334283903675539,-0.228421542646002,0.25,0.665815303971246,0.920037059349678,0.926447341863322,-0.494272822699065,0.957697651418167,-0.229774107104638,0.709133464800962,-0.136357957121652,0.041187732164273,0.0813033853987803,0.0799701818409082,2065.0000000001,1.07370469237104,0.102852730527745,2403.0000000001,1.5806137740243,2.65431846629534,0.0266178868442297,1.15638869142863,0.775282858931927,-0.263831553324916,-0.989702211752204,-0.550449861791527,0.306506845657665,-0.505389256857842,0.293025388226108,-0.579188726317897,-0.569109620079766,0.0577656813628601,1215.0000000001,2.80741210947619,0.0577656813628601,1215.0000000001,2.80741210947619,0.790693088061241,0.0787671062357729,1e-10,-2.1332940480998,-1.38866215987513,-1.94535764896756,-1.08083057910619,-0.0874716815239709,0.0646276650958085,-1.4637901463605e-15,1.49871635330658e-15,0,-2.0392649156756,0.0115903464314846,0.0095951000033322,5.15944883752197,0.289981886782379,1.93327399984472,2.25035419759742,1.03914232944866,2.02557604645777,-2.23017878540405,-2.41854559469053,-0.474498163029455,2403.0000000001,0.159813809254383,0.0107672648401472,0.0158506219040825,0.028153131782588,0.028153131782588,0.267511902466476,2.56791660725328,3187.78523386236,0.0312500660060792,158,2,"SNETWORK (2 43 3187.78523386236 0.267511902466476 87000173 158)",87
35,87000174,1.06339185344246,54,1.00986864890423,0.842832780011516,0.623124281295046,0.615977027310147,0.618989232093641,0.175895058740839,0.113518512377388,0.0232532780565393,-0.186918853058905,-0.0245547541961832,0.936813007390551,-0.175538303233959,-0.0245547541961832,-0.0245547541961832,-0.670919946445254,0.16253959532826,0.129830279855621,-1.0516639132201,0.423824274335183,-1.24352331606218,1.27773487773488,1.22931442080378,-1.22782002534854,1.06339185344246,0.5,0.402569911693877,-0.334402926309089,-0.330752360300058,-0.425462253573327,-0.314032541241616,1.05217087222432,-0.262146673774917,-0.18692307027394,0.390474223171779,0.137095632953809,0.0799702643258065,777.0000000001,0.681242448865829,0.0927861015353712,4701.0000000001,2.78952488850499,3.47076733727082,0.0427924223574535,-0.228565849462369,-0.0686209451592079,-0.309213390868857,0.324532605989456,0.654735808297918,-0.105624188342193,0.705605654815277,-0.129723904567133,0.896747226614434,0.723160390653694,0.0696023300790413,1163.0000000001,3.23790039072385,0.0696023300790413,1163.0000000001,3.23790039072385,0.573392249004104,0.391270343563268,1e-10,-0.180509706692889,0.0638422249774726,0.125868197883829,-0.250693213690771,0.861680833452351,0.493197388361808,0.676414028971749,0.668054363157543,0.67905776525831,-0.721364930694918,0.170651159376698,-0.658640781774216,-0.25758111552256,-1.03874435046173,1.08045360640839,1.37329311190523,1.12014196992598,0.986237009727858,-0.205842772417429,0.0565936400920895,-0.135686575296008,4701.0000000001,0.0791311094871218,0.00839929954828149,0.0343931227091721,0.0399213163208151,0.0399213163208151,0.279113478371637,1.83080387084851,5507.60536057191,0.0156249669969604,56,2,"SNETWORK (2 35 5507.60536057191 0.279113478371637 87000174 56)",87
34,87000175,1.41498683077323,64,1.00986864890423,0.842832780011516,0.437324878933644,0.435074700654595,0.432286944716856,0.19963908724491,0.034668789221674,-0.0682931583606488,-1.01893115164301,-0.651625374516418,0.0379690842098599,0.41720769077937,-0.651625374516418,-0.651625374516418,-0.9881906279258,-0.24645463434753,-0.226921604005681,-0.822820720846382,-0.144992428066468,-1.24352331606218,1.27773487773488,1.22931442080378,-1.22782002534854,1.41498683077323,0.5,-0.850010057985118,-0.412630986639829,-0.407644501322867,1.39612712490103,-0.385059385699291,1.40699999825012,0.967437148935364,-0.984149485649984,0.198655856436595,0.0518869898657025,0.0799702643258065,1064.0000000001,0.353067031160257,0.0355626921769457,3078.0000000001,0.700035890840606,1.05310292190086,0.0131526812442259,-1.1745355864978,-0.983303247329759,1.20739388566198,1.98840222433057,0.63408622482799,0.820316795266079,0.690778177015675,-0.932263684338116,1.10240745730101,0.296193013705222,0.0222803549767223,1379.0000000001,1.22898437509956,0.0222803549767223,1379.0000000001,1.22898437509956,0.12009345263799,0.261236480807194,1e-10,0.574796523761893,1.21177196605626,-0.15682032018736,2.39424832218337,0.861680833452351,0.493197388361809,0.596791918692857,0.585493511005905,0.57855251865665,-0.233575953423346,0.532071679856915,0.470407541686086,-0.139929687465731,0.172215587580781,-0.796406262144643,-0.829509684565975,-0.670849700704534,-0.794160727980525,0.49045795228766,0.00283301910385514,2.10090430835899,3078.0000000001,0.414274631597285,0.00440961465963169,0.00874306648459419,0.0153493445711488,0.0153493445711488,0.113427682280977,1.77708057779819,5734.05047664942,0.00781248349848019,54,2,"SNETWORK (2 34 5734.05047664942 0.113427682280977 87000175 54)",87
41,87000176,-0.417042002616905,31,-0.351973654490753,-0.150431219958124,0,0,0,0.626789614626213,0.657410447467907,0.181425545497731,-0.17989295979655,0.605287654244954,-0.107086033448241,0.0446647096333252,0.605287654244954,0.605287654244954,0.525509036270293,-0.332625243404699,-0.436820670803529,0.0564780280973414,-0.520008324125189,-0.730569948186529,0.438610038610039,0,-0.752534854245882,-0.417042002616905,0,-0.0384604846916156,0.396295549531703,0.396173719516472,0.0696605316698989,0.39499170224606,-0.415363465271985,0.0238956198059058,-0.17801830458982,-0.467347950439289,0.101465788557152,0.0799701241440398,2815.0000000001,1.8266425629889,0.088080524578078,1504.0000000001,0.847194773035695,2.6738373359246,0.029227402810319,1.67537156080001,3.37392048727089,-0.421474416776089,0.262687103238726,0.639079803975133,-0.0385797248063008,0.616535386534624,-0.0581500462236188,1.08521948756614,0.897756302708828,0.0459853664589015,528.0000000001,0.9712109376,0.0459853664589015,528.0000000001,0.9712109376,0.376366269705489,0.386924957765138,1e-10,0.601058429010414,0.100272024025167,0.126971709922056,-0.265515479554853,-0.24299163688824,-0.139103873750555,-1.4637901463605e-15,-1.49871635330658e-15,-1.55600483282998e-15,-1.6908756022068,-0.529523810714006,0.256927654777105,-0.136776683272971,0.00634370644997495,0.0942115552265929,-0.0491329662741121,0.131601402937806,0.0628906933568156,0.311100849033316,0.299429749840779,0.111049883228344,2815.0000000001,0.906128782101552,0.0199668158859404,0.00926058682437857,0.010616192992243,0.010616192992243,0.368466062417231,2.78609126340598,2386.46707108907,0.0625,118,2,"SNETWORK (2 41 2386.46707108907 0.368466062417231 87000176 118)",87
28,87000177,0.52561849966357,59,-0.0559209634722586,-0.39032832676705,-0.562675121066356,-0.564925299345405,-0.567713055283144,0.265805001983245,0.426646777676243,1.03447504209534,-0.907942971857994,-1.34270520016502,-1.69189542377287,0.462082183757377,-1.34270520016502,-1.34270520016502,-0.41883447692578,-1.38231803246296,-1.22230868673318,0.844116825262457,-2.04138710602205,0.269430051813471,-0.72998712998713,-1.34966688158177,0.0396070975918883,0.52561849966357,-0.5,-0.570252017356606,0.611486277876619,0.613146250020115,0.956626151019483,0.620397977150486,0.551904527609277,2.61167308673934,-0.881202473406324,0.327981011487131,0.0780811822811721,0.0399850261056294,30026.0000000001,3.74833696650508,0.0497851276381294,10884.0000000001,0.866329140318262,4.61466610672334,0.0486867290545691,0.0296641096234628,-0.351099436110728,2.57964415934933,1.43647793794894,-1.30040842748015,1.32205751504435,-1.24814011140387,-0.195286444474158,-1.1646268461432,-0.43202284323258,0.0623461897280954,1373.0000000001,3.42405273447584,0.0623461897280954,1373.0000000001,3.42405273447584,0.615396311248233,0.290465867206136,1e-10,-1.10435888497482,-1.0081822723421,-0.0935626585700138,-0.322201997945639,0.38710457596419,-0.540818264859143,-0.323585971028253,-0.331945636842458,-0.32094223474169,1.73944996781294,-0.277469321221693,1.33100805827195,-0.222703377113103,0.289981886782379,-0.455049217266706,-0.680494603297211,-0.0743195881560723,-0.540058008390685,-0.577358426652895,0.338114380395238,0.00283969030223927,30026.0000000001,0.404965089316447,0.0395465807703455,0.00914014818422357,0.0361252414698948,0.0361252414698948,0.5062329554633,2.48496488695354,2018.04494809068,0.125,16,2,"SNETWORK (2 28 2018.04494809068 0.5062329554633 87000177 16)",87
43,87000178,0.108520933548089,29,0.131579036527741,0.406563246402039,0.354270929498081,0.350983481983268,0.358474665810763,-0.793822501564307,-0.635880985301786,-0.144387172061949,-0.359249491988339,-0.357046485684641,0.358023174276032,-0.37686482822188,-0.357046485684641,-0.357046485684641,0.24357647528688,2.75722439018524,2.68942837765956,-0.382068548450682,3.38106701147523,-1.08808290155441,1.58918918918919,3.01740812379109,-0.334283903675539,0.108520933548089,0.25,1.40598170071858,0.00141407484702723,0.001405598362727,-0.844386663576527,0.0013644261615509,0.106026556227941,-0.692871326496398,-0.351125315010408,0.958951189412143,0.310434204479195,0.0799701818409082,2527.0000000001,5.01684836661666,0.144300808884176,2329.0000000001,2.14928703934531,7.16613540586197,0.0835963944210429,0.672198865742042,-0.158032948454801,-0.713443034944518,-0.149621739874135,0.628864093360842,-0.619806163927277,0.643432474336411,-0.837824308144054,0.54251328157012,0.377316814545994,0.0706172027405039,903.0000000001,2.55069335947608,0.0706172027405039,903.0000000001,2.55069335947608,0.418328464507299,0.121306108914268,1e-10,-1.42256718019768,-1.88698669162861,-1.76535020928632,-1.14818806448351,-0.0874716815239709,0.0646276650958085,0.67641402897175,0.668054363157543,0.67905776525831,-1.16194806371957,-0.821002336127482,0.568441086938124,1.84368004278918,0.289981886782379,1.30363340153121,1.13344381826349,1.38291897873634,1.18512366863972,-0.363084528025,-0.164840106110476,-0.474498163204932,2527.0000000001,0.324282389549185,0.0585239338289636,0.0250724604920793,0.029755057055023,0.029755057055023,0.453274605157749,3.14811595715582,3458.75150361981,0.0312500660060792,165,2,"SNETWORK (2 43 3458.75150361981 0.453274605157749 87000178 165)",87
29,87000179,-1.13510942282399,10,-0.305920963472259,-0.59067341236485,-0.695629464068801,-0.700108350003007,-0.706051805186474,-0.157953671593464,-0.172727174771367,0.850420606601797,0.670086392647017,0.761551611632813,-1.29338335937111,0.833987436654693,0.761551611632813,0.761551611632813,-0.126960736404389,0.615597746293914,0.647507705198363,1.0382958838169,0.334385320462442,0.202072538860104,-0.56138996138996,-1.05738233397807,-0.0396070975918889,-1.13510942282399,-0.5,0.95622102629051,-0.37703431904547,-0.372678674613064,-0.721226492188469,-0.352851722765811,-1.13513443568413,-0.709396486285564,0.634902249529891,0.789394172366379,2.09506783312519,0.0399850261056294,7978.0000000001,26.7231030550023,0.761850171762634,1214.0000000001,1.47871004176548,28.2018130966677,0.350163785577043,-0.233742114042208,0.0491609458976337,-0.0146508759586934,-0.828544883071259,-0.690755704661231,-0.55718985155329,-0.796270642274137,0.159508337221932,-0.580912158214957,-1.07171929665635,0.599761053956383,705.0000000001,16.9132617188542,0.599761053956383,705.0000000001,16.9132617188542,3.65914833920421,4.90772592465376,1e-10,-0.321841100018358,0.0100803197403274,-1.47803013580164,-0.498121271149005,-0.206115705486086,-0.892855882414001,-0.487990783359437,-0.503664629107672,-0.505590738712639,-1.77905586437152,-0.823944613535394,0.394332885479066,0.223667369885719,-0.440180433666469,0.658120803162294,0.291605545932186,0.198823658713404,0.719038233500728,-0.185768287166977,-0.0261651550531825,-0.474498163204932,7978.0000000001,0.631497284816835,0.331803593384446,0.018360192092597,0.210001099146483,0.210001099146483,0.246878109418192,0.546683900657275,917.473183480349,0.25,26,2,"SNETWORK (2 29 917.473183480349 0.246878109418192 87000179 26)",87
37,87000180,0.353650826778083,20,0.694079036527741,0.60967167323295,0.623124281295046,0.615977027310147,0.618989232093641,-0.640914575035111,-0.59159012735141,-0.165684060744019,1.7888225168758,-0.408094853039376,0.0861490347379303,-0.455184685632916,-0.408094853039376,-0.408094853039376,-0.616396864509009,-0.0254302917946354,0.114718139091705,-0.520588823395134,0.0316304145006321,0.435233160621762,-0.438266838266838,-0.0888315781932811,0.436734262779889,0.353650826778083,0.5,-0.518340833416699,0.0467348243371776,0.0464863779908911,0.740196587381037,0.0452658499792245,0.346315018685502,-0.084954341768002,1.71224688172111,-0.429508261165194,0.0637836355846125,0.0799702643258065,197.0000000001,0.0803586362392604,0.0820286243154831,6509.0000000001,3.41457582386462,3.49493446000388,0.0404667722469326,-0.236855307588184,-0.670445228815889,0.153922874991709,0.190058487560587,0.057748073877805,-0.0420802818536353,0.0427647952795168,1.24011593414615,-0.030845659448261,-0.323803131929324,0.0224061262514567,1167.0000000001,1.04591796884963,0.0224061262514567,1167.0000000001,1.04591796884963,0.393223424052491,0.347247394290508,1e-10,0.0851528119062397,-0.161609330201416,0.35779846567011,0.181153635313716,0.793884294513913,0.459181735140857,0.676414028971747,0.668054363157543,0.67905776525831,0.700146844428017,-0.478285909040685,-1.12314157455188,-0.119175291513821,-1.01609586554114,0.0857529874145749,0.115139254496807,-0.65744608612564,0.255914374675575,-0.590377819256011,-0.0174810216961837,-0.17992978749368,6509.0000000001,0.0853374710076804,0.000930447954315902,0.0395363241926167,0.0121103627582584,0.0121103627582584,0.456000592393776,1.51235619577346,4694.60407025247,0.0312499339939208,84,2,"SNETWORK (2 37 4694.60407025247 0.456000592393776 87000180 84)",87
