"rid","pid","elevation.min","WS_ID","ws_mi60_mean","ws_accum_precip_mean","ws_10.min.storm.accum_mean","ws_30.min.storm.accum_mean","ws_60.min.storm.accum_mean","ws_sbs_mean","ws_dnbr.BAER_mean","ws_dnbr.extended_mean","ws_flow.accum_max","ws_slope_mean","ws_aspect.northness_mean","ws_aspect.eastness_mean","ws_slope.northness_mean","ws_slope.eastness_mean","ws_bare.earth_mean","ws_ndvi.max_mean","ws_ndvi.mean_mean","ws_ndvi.min_mean","ws_ndvi.range_mean","ws_RV.Sand","ws_RV.Silt","ws_RV.Clay","ws_Kw","ch_elevation.min","ch_watershed","ch_valley_width","ch_area","ch_channel_width","ch_channel.width.over.valley.width","ch_elevation.mean","ch_slope.median","ch_flow.accumulation.max","ch_curvature.median","ch_sfm.erosion.mean","ch_sfm.erosion.count","ch_sfm.erosion.sum","ch_sfm.deposition.mean","ch_sfm.deposition.count","ch_sfm.deposition.sum","ch_sfm.net.change","ch_sfm.net.change.norm","ch_ch_area","ch_distance.upstream","ch_distance.downstream","ch_slope.upstream","ch_slope.downstream","ch_central.slope.difference","ch_slope.over.width","ch_change.in.slope.over.width","ch_stream.power","ch_slope.over.width.central.diff","ch_stream.power.central.diff","ch_lidar.erosion.mean","ch_lidar.erosion.count","ch_lidar.erosion.sum","ch_lidar.deposition.mean","ch_lidar.deposition.count","ch_lidar.deposition.sum","ch_lidar.net.change","ch_lidar.net.change.norm","ch_lidar.resolution","hs_area","hs_hillslope.length","hs_flow.accumulation.max","hs_elevation.range","hs_mi60.mean","hs_accum.precip.mean","hs_storm.accum.10.min.mean","hs_storm.accum.30.min.mean","hs_storm.accum.60.min.mean","hs_slope.median","hs_aspect.northness.median","hs_aspect.eastness.median","hs_slope.northness.median","hs_slope.eastness.median","hs_curvature.median","hs_bare.earth.mean","hs_ndvi.max.mean","hs_ndvi.mean.mean","hs_ndvi.min.mean","hs_ndvi.range.mean","hs_dnbr.BAER.median","hs_extended.dnbr.median","hs_drainage_density","ch_sfm.net.change.count","ch_sfm.erosion.norm","ch_sfm.deposition.norm","ratio","snapdist","upDist","afv_flow_accum","locID","netID","netgeom","bootstrap_rep"
318,87000001,0.156843021142712,111,0.847990630531859,0.546799996361712,0.449959143780463,0.448153051499128,0.45024912066774,0.924358955886188,0.961164304595049,0.586922035220781,0.672033930845898,0.0055725634055735,0.390309561569972,-0.0850536965069211,0.0055725634055735,0.0055725634055735,0.158210756524408,-0.891213852561618,-0.738293843614601,0.0149626025541486,-0.971305653559524,-0.603050539930755,0.694143931109334,-0.735182512335809,-0.673195464551723,0.156843021142712,8,0.379991715497102,0.64709257511397,0.656265702179294,0.0388452889522249,0.155418413363774,-0.248339332305723,0.672035314237443,2.01666172568272,0.232149739683333,4875.0000000001,2.19104926412081,0.109406165865756,4049.0000000001,0.857627891312727,3.04867715533354,0.0311826941640421,0.809432037656606,-0.237207225943993,0.467093815113738,-0.415889928993831,-0.28813791855659,0.32267914077898,-0.577931792865479,0.209531602470902,-0.212337457443668,0.0104257418912861,0.0218898549553867,0.105509897396348,89.0000000001,9.390380859475,0.105509897396348,89.0000000001,9.390380859475,0.709344446325357,0.476249390702646,1e-10,-0.0202365586813791,0.270783413394374,2.06362277115733,0.0450391247343333,1,0.867841683603147,0.975277852907367,0.986233363658323,0.989828666406973,-0.673406679045853,0.421451853957545,0.824968259173409,-0.625392100233809,-0.625392100233809,-0.493198572614698,0.546785841716209,-0.0247504331875956,-0.148141477646299,0.0287458396630839,-0.0190110991194016,1.24751678255007,1.49298667655515,0,4875.0000000001,0.0224106441582109,0.00877204990583119,0.322970934726334,3.57349843602613,17892.6598512019,5.82076609134674e-11,313,1,"SNETWORK (1 318 17892.6598512019 0.322970934726334 87000001 313)",87
318,87000002,0.494286004545003,190,0.826606769083661,0.576140491778701,0.449959143780463,0.448153051499128,0.45024912066774,0.94598183498961,0.962540620268476,0.591907797398967,0.638491661199578,-0.034658453159709,0.358583094105617,-0.103749007493879,-0.034658453159709,-0.034658453159709,-0.307048025693006,-0.90465929011318,-0.755047906176937,-0.023737788046895,-0.979148410105184,-0.603050539930755,0.694143931109334,-0.735182512335809,-0.673195464551723,0.494286004545003,8,0.134859278461937,0.55126705979144,0.558110020143842,0.29447094132529,0.493409984216431,-0.304151607447239,0.638488528058186,2.02355037288684,0.116903038503749,1309.0000000001,0.296261192933882,0.1014589046402,1198.0000000001,0.235318628593741,0.531579821427622,0.00585834492687006,0.662697038303673,0.305528112233675,-0.370328606854013,-0.360362110154664,-0.302128967770168,0.121408416660729,-0.57215776741263,0.0846501638216053,-0.224901969261842,0.102621272277674,0.209073833935473,0.0203043620791667,42.0000000001,0.852783203225,0.0203043620791667,42.0000000001,0.852783203225,0.335673452042085,0.349207903932053,1e-10,0.174075574011429,-0.299568580906388,-0.1157899852248,-0.370535757218281,1,0.955946779738605,0.975277852907368,0.986233363658323,0.989828666406973,-0.950040959347869,0.40560128685927,-0.262705615330046,-0.845136265069438,-0.845136265069438,1.02046584355828,-0.531366000646804,0.0276376066331651,0.20233138920047,1.06276706078784,-0.476467411110698,0.996390559382646,0.907465363769696,0,1309.0000000001,0.00326498515708527,0.0025933596697848,0.736368578052672,1.57529885321856,18382.5759656914,5.82076609134674e-11,383,1,"SNETWORK (1 318 18382.5759656914 0.736368578052672 87000002 383)",87
56,87000003,-0.76493985513259,62,0,0,-0.0539298651555209,-0.0526282971591558,-0.0497659234028937,-0.30582690894818,-0.0459439284181693,-0.481873285281027,0.000227927539718302,1.00197339217151,-0.682015632413864,0.929589620142817,1.00197339217151,1.00197339217151,0.000330825083943748,0.166698440743438,0.337658535310688,0.173940920725601,0.0209487843887292,0.396949460069245,-0.3182243350896,0.145121969788322,0.0313608172450206,-0.76493985513259,2,-0.660771512365298,-0.595982698403626,-0.586565242815217,-0.0479876707778014,-0.766598649469897,0.617658481206836,0.000246632554906511,-0.480781283968226,0.711128220393989,2941.0000000001,3.34628495351257,0.0797738464197211,1707.0000000001,0.217878329168239,3.56416328258081,0.0965810520379692,-0.461102890109275,-0.335726661905908,-0.168120506415209,0.401732260098668,0.17891054288845,-0.840877961898087,0.697110361245794,-1.44183520694292,0.75730340484519,-1.25903705447815,-1.35966605199811,0.944592927731579,19.0000000001,17.9472656251,0.944592927731579,19.0000000001,17.9472656251,0.487161404171165,1.08945433571926,1e-10,0.412939462466508,0.584451380452218,0.0716388100726017,0.975579498062196,-0.0232557920329049,-0.14537465218179,-0.0271915829158128,-0.0139858942366326,-0.00897050369333051,0.133699729132768,0.0637372123785145,-0.448823414664226,0.141322355050561,0.141322355050561,-0.172141734754745,-0.404874825308647,-0.31033224644028,-0.269521074005982,-0.637157116950591,-0.0629355499641437,-0.343360109044832,-0.620960156656386,0,2941.0000000001,0.0906770243870061,0.00590402755096302,0.688473356580856,0.666684073196882,6105.95013541504,0.00048828125,23,1,"SNETWORK (1 56 6105.95013541504 0.688473356580856 87000003 23)",87
328,87000004,0.827667987091895,271,0.833942087661095,0.661934694919581,0.679648502105189,0.676245639047415,0.674971766192546,0.8546321189566,1.02257537438152,0.254908146608404,0.0902368247544077,-0.0499725562274918,0.257781517946553,-0.277867006037435,-0.0499725562274918,-0.0499725562274918,-2.98339712877185,-0.102076500836775,0.0190960331622599,1.06867908739634,-0.352657929895743,-0.560339494672534,0.667148486569063,-0.788859635579387,-0.682989322922567,0.827667987091895,8,-0.0387775665242568,-0.561899776486664,-0.553617889101611,-0.80977648160308,0.818261576982099,-0.158031139733354,0.0902369937017627,-0.038810560681456,0.186569763452666,4332.0000000001,1.56472863454571,0.0832040899940142,340.0000000001,0.0547687607093987,1.61949739515511,0.042717453667573,-0.44005069408682,0.800692084958648,2.21190983018462,-0.296919277736958,-0.603085317644566,-0.820001979252639,0.12579787218554,-1.36856945000748,0.282315203629278,-1.76605705926896,-2.14352981387951,0.340738932391667,33.0000000001,11.244384765725,0.340738932391667,33.0000000001,11.244384765725,0.193791740229294,0.18910779045349,1e-10,-0.543299088719662,-0.494586930536318,-0.0801996086268518,-0.386813954755715,1,0.955946779738605,1.27717508738715,1.28529677079185,1.31366454417867,0.0867740082059427,0.704208880903677,-0.0669670396951269,0.0910193700742078,0.0910193700742078,-0.706347644292939,-0.349064815692497,-0.582336225242566,-0.408667094625395,0.279841613263369,-0.896691771548108,1.86713909640538,1.13543257324647,0,4332.0000000001,0.0412728189572123,0.00144463461036064,0.246726439527411,0.236511481925845,18879.8824184681,2.91038304567337e-11,483,1,"SNETWORK (1 328 18879.8824184681 0.246726439527411 87000004 483)",87
328,87000005,0.813982479927454,268,0.833942087661095,0.661934694919581,0.679648502105189,0.676245639047415,0.674971766192546,0.845876714011652,1.01802135818714,0.270903046078656,0.0926862663565496,-0.0450364719992096,0.246836376101961,-0.270113805594188,-0.0450364719992096,-0.0450364719992096,-1.0842230981124,-0.112236841471273,0.0102484800163261,1.03214261346048,-0.357636926840242,-0.560339494672534,0.667148486569063,-0.788859635579387,-0.682989322922567,0.813982479927454,8,-0.00904304394691424,0.185884350360625,0.186804046114275,0.00553350074833393,0.806001679186729,-0.444125194942574,0.092684940777009,0.834088422359861,0.30621907603143,7928.0000000001,4.70007950807421,0.0600675250342603,589.0000000001,0.0684958649686356,4.76857537294284,0.0698896892102784,0.192831477613945,-1.04360065567153,-0.799142264160515,-0.612541266367447,-0.454705376437219,0.482421393268809,-0.516730786307378,0.457565628786861,-0.62382737574906,0.604512144271776,0.737351796437542,0.377390894496552,58.0000000001,21.8886718751,0.377390894496552,58.0000000001,21.8886718751,0.659667681886611,0.243755880410682,1e-10,-0.313003512918127,-0.268969108750596,-0.196685271755991,-0.25315193732349,1,0.955946779738605,1.27717508738715,1.28529677079185,1.31366454417867,0.110108323967605,0.684923644175088,-0.23621780735404,0.115937040730138,0.115937040730138,0.584256748776045,-0.523104517432473,-0.584575108321376,-0.532778063853434,0.0780712768366646,-0.796695307982885,1.93811389626116,0.904286412633724,0,7928.0000000001,0.0688857929092722,0.00100389620100618,0.22009719980904,3.06925026007844,18859.9285196549,2.91038304567337e-11,480,1,"SNETWORK (1 328 18859.9285196549 0.22009719980904 87000005 480)",87
137,87000006,0.347806914133199,122,-0.166057912338905,-0.453200003638288,-0.550040856219537,-0.551846948500872,-0.54975087933226,-0.023193713081378,-0.0563644298549964,-0.53989666735336,-0.398324461826814,-0.0685223729452012,-0.0204010154952808,0.157320825692767,-0.0685223729452012,-0.0685223729452012,-0.700205175603798,0.153426349687652,0.0544530285536551,-0.67950214531823,0.119133712537615,0.0244718896476977,-0.0463928842676715,0.415324305327625,0.335969349634022,0.347806914133199,1,-0.581177982745646,-0.981894642797922,-0.953425650730705,-0.620252321379449,0.337353022346823,-0.427564900532946,-0.398316334885986,0.0805010661209335,0.117090009571534,2876.0000000001,0.622652974943626,0.0525198121260384,410.0000000001,0.0398147841281521,0.662467758971778,0.0243961619067633,-0.664604843309005,-0.212503535593994,0.188247918792268,-0.321397030794595,-0.325384049264159,-0.058878293364238,0.143917228989444,-0.105170367079199,-0.600089601987582,-0.167294690494814,-0.0795138514236814,0.0774558739425926,27.0000000001,2.09130859385,0.0774558739425926,27.0000000001,2.09130859385,0.389880857074943,0.434420830666083,1e-10,0.699884412388046,0.850930558952465,0.197104538688891,1.44341258723325,0,-6.2602913664822e-16,-0.0247221470926322,-0.0137666363416776,-0.0101713335930277,-0.340554341274396,-0.0583052726637315,-0.164347065408386,-0.333378980602916,-0.333378980602916,-0.0190040672976688,0.477201139177166,0.289863379135926,0.269958732172977,0.150852333761991,0.341549642286434,0.551364441523209,0.4165435355456,257216989.218724,2876.0000000001,0.0229299351105293,0.00146622669623404,0.498959402614742,1.57597983558539,5075.70044259552,0.001953125,257,1,"SNETWORK (1 137 5075.70044259552 0.498959402614742 87000006 257)",87
318,87000007,0.364514459206937,163,0.826606769083661,0.576140491778701,0.449959143780463,0.448153051499128,0.45024912066774,0.930793516356711,0.955447456782288,0.454100139760539,0.643669177206196,-0.0229467695406693,0.339398046358721,-0.103288287568442,-0.0229467695406693,-0.0229467695406693,-0.255781717247662,-0.88502300173189,-0.733637267615046,-0.0287946101019164,-0.959689183175148,-0.603050539930755,0.694143931109334,-0.735182512335809,-0.673195464551723,0.364514459206937,8,-0.320022804723563,0.45385015588137,0.458634366507891,0.977125183428777,0.359746841675789,0.0352459468833492,0.643672570423194,-0.376172868868546,0.157454504136569,9412.0000000001,2.8691042473044,0.200466123049557,2308.0000000001,0.89574855704262,3.76485280424702,0.0447634856212586,0.524225605378972,0.302706044682273,-0.893060499042812,0.603749823411911,0.0879072292436747,-1.71029011855133,-0.339124153651851,-1.30528565225979,0.181943970587652,-1.65012733164975,-3.34467960920838,1.250927734475,55.0000000001,68.801025390725,1.250927734475,55.0000000001,68.801025390725,3.30961158315284,2.18406783764204,1e-10,-0.768512798533188,-1.21292849102238,-0.813875032249093,-0.655987639084343,1,0.955946779738605,0.975277852907368,0.986233363658323,0.989828666406973,-0.0855775674648316,0.39641514591085,-0.792910552037559,-0.087281711131909,-0.087281711131909,1.77911763266676,-1.01644962614939,-0.075993217722325,0.0544218717874959,0.262571189934284,-0.207260487014995,0.368575001463634,-0.124545407682266,0,9412.0000000001,0.0341131813406483,0.0106503041806103,0.595185546508619,1.57245962017362,18215.2604442739,5.82076609134674e-11,371,1,"SNETWORK (1 318 18215.2604442739 0.595185546508619 87000007 371)",87
137,87000008,0.743904811903652,176,-0.166057912338905,-0.453200003638288,-0.550040856219537,-0.551846948500872,-0.54975087933226,-0.0208242209933045,-0.0458429200644962,-0.725988685265826,-0.42468578326175,-0.204821922259558,-0.0240744974759968,0.207151793211767,-0.204821922259558,-0.204821922259558,-4.01589587763305,0.183996421460371,0.0313160931773289,-0.70777041048141,0.152074016851993,0,0,0.264817487664191,0.333376028400019,0.743904811903652,1,-1.5163074748586,-1.93270786196087,-1.79359271972237,-0.467266947856782,0.729684844218585,0.119276926790568,-0.424639888573939,-1.04852760755464,0.168912975364064,89.0000000001,0.0277965159592881,0.0913175696365475,93.0000000001,0.0157027110738056,0.0434992269330937,0.00347070841421578,-0.969820691425909,-0.97589524223108,-0.106277141576995,0.339910565531741,0.428680037586079,0.0448475211086379,1.54862244854271,0.322341148877608,0.626394965548994,-3.00136519712906,-1.33695331199863,0.6263427735375,4.0000000001,2.50537109385,0.6263427735375,4.0000000001,2.50537109385,0.188694769560918,0.614943230269599,1e-10,-0.23913026643986,-0.127685833616877,-0.43980174671109,-0.182509432571141,0,6.2602913664822e-16,-0.0247221470926318,-0.0137666363416769,-0.010171333593027,-0.394864468315619,-0.0598693439990597,-0.401905327972242,-0.38321118141917,-0.38321118141917,0.834776063754936,0.482560368627051,-0.172823107176614,-0.0544293120955778,0.0356056877655712,-0.221548970096245,0.489242499317599,0.160353177605797,0,93.0000000001,0.0022178232976239,0.00125288501659188,0.679681007420773,0.546016062386417,5389.606923056,0.001953125,244,1,"SNETWORK (1 137 5389.606923056 0.679681007420773 87000008 244)",87
56,87000009,-0.642049429965454,78,0,0,-0.0539298651555209,-0.0526282971591558,-0.0497659234028937,-0.271525520128008,-0.036875059931648,-0.435651955238906,-0.00366932160953272,0.98928104350069,-0.67429888986476,0.924064857950696,0.98928104350069,0.98928104350069,-0.0507032307649077,0.184140205075877,0.356489925617597,0.228136236585612,0.0306044054236681,0.396949460069245,-0.3182243350896,0.145121969788322,0.0313608172450206,-0.642049429965454,2,-0.00103896365617635,0.232355533160257,0.233741957601517,-0.208083941131244,-0.637767928856751,0.547944627658654,-0.00366913102309354,-0.394402881300683,0.250967307012021,8810.0000000001,3.53763515832887,0.145738812001969,8640.0000000001,2.01469333583112,5.55232849405999,0.0784740896874814,0.245511342772875,2.91534934917808,0.645069200251016,0.331511838702269,0.400607560026165,-0.01070752314919,0.0489005333255294,-0.00669482012833218,0.0715687424721057,0.707580337871448,0.771673907460217,1.66578144939847,49.0000000001,81.623291015725,1.66578144939847,49.0000000001,81.623291015725,3.27411444151689,2.16474670602578,1e-10,1.4928593653742,0.795911945847372,0.615001445655547,1.72269683379762,-0.0232557920329049,-0.14537465218179,0.0694933085946525,0.0931023968990642,0.104279781821112,0.576614314589002,-0.737589838510152,0.872616944206792,0.655949371342612,0.655949371342612,-0.765640434397937,0.467803230754391,-2.30637203157829,-2.59484364725013,-2.61843676873442,-1.73450844349007,-1.42281077213382,-1.21948936888485,7899858825.73258,8810.0000000001,0.0499993288647588,0.0284747607227226,0.798895747447933,1.79402383510023,6194.27796332006,0.00048828125,66,1,"SNETWORK (1 56 6194.27796332006 0.798895747447933 87000009 66)",87
318,87000010,0.229170562178077,129,0.847990630531859,0.546799996361712,0.449959143780463,0.448153051499128,0.45024912066774,0.933516682546757,0.964076792113695,0.610355640506507,0.66705874360564,-0.000572778594585807,0.390578040999504,-0.087399294899171,-0.000572778594585807,-0.000572778594585807,0.0983296865823034,-0.904934586105227,-0.752403176142597,0.00111802553783833,-0.982640233432857,-0.603050539930755,0.694143931109334,-0.735182512335809,-0.673195464551723,0.229170562178077,8,0.659775407147585,0.717715343386632,0.728787726384565,-0.272270087615623,0.223745272615152,-0.600337529730545,0.667131379504654,1.66232837142893,0.236651070868981,5973.0000000001,2.73659362040514,0.131291105380027,8507.0000000001,2.16232544500159,4.89891906530674,0.0474281859982265,0.924724121283031,0.417624684745058,0.378942659467063,-0.635761396541478,-0.526384587345227,0.317144437578901,-0.802736411682458,0.19401800436601,-0.74919434883983,0.188431203337806,0.391929188871616,0.496189024490244,82.0000000001,40.6875000001,0.496189024490244,82.0000000001,40.6875000001,1.48244911053436,0.420883939095873,1e-10,1.13402809199908,0.621147481244776,0.0984157210620046,1.08285275572125,1,0.911894231670876,0.975277852907368,0.986233363658323,0.989828666406973,0.289378067012963,-0.742175529136037,-0.553423647467654,0.313815438979765,0.313815438979765,-0.723883282372213,-0.0908241558111464,0.604866965598566,0.354677971917548,-0.24517745915212,0.96714628830007,-1.24442804734367,-1.25025691976345,4531391011.34146,8507.0000000001,0.026493940647753,0.0209342452504735,0.419516765728533,3.69380660448223,18007.075980946,5.82076609134674e-11,322,1,"SNETWORK (1 318 18007.075980946 0.419516765728533 87000010 322)",87
56,87000011,-1.03996519657693,27,0,0,-0.0539298651555209,-0.0526282971591558,-0.0497659234028937,-0.323175358097629,-0.0519895476487647,-0.467878737490348,0.0074558068355945,1.01144030900634,-0.675255885758623,0.911258645931848,1.01144030900634,1.01144030900634,0.0887618516361579,0.150310063618516,0.320977847391341,0.124808691024695,0.0116350404275835,0.396949460069245,-0.3182243350896,0.145121969788322,0.0313608172450206,-1.03996519657693,2,0.748067944584824,0.719615973717555,0.730741519831993,-0.386088466758245,-1.03834278884567,-0.294149704362842,0.0074559170973301,0.483872992302583,0.394806630958956,4501.0000000001,2.84323943289146,0.0504997888766622,16743.0000000001,1.35282874167911,4.19606817447057,0.0405636168419901,0.927914426520854,-0.227019656647015,-0.262237419028098,-0.12233596643603,-0.343795887629639,-0.713151324468121,-0.629699794438459,-0.44558735018876,-0.955387359342232,-0.230297187230761,-0.25146350263467,0.164776702525373,67.0000000001,11.0400390626,0.164776702525373,67.0000000001,11.0400390626,0.184847999245162,0.0732519638923771,1e-10,-1.08922265844553,-1.46967264379538,-0.308515796768202,-0.678702744982385,-0.0232557920329049,-0.14537465218179,-0.0456386537822686,-0.0156235779160857,0,-0.535235241141978,-0.626673821174469,0.55679874968361,-0.508001109491665,-0.508001109491665,-2.87025073047288,-0.297745839997884,0.192240908470957,0.0536395571363198,-0.27901364465648,0.429776626507576,0.252670590770893,-0.482434223935386,0,16743.0000000001,0.027485748530472,0.0130778682115181,0.418592218571082,1.71779318410312,5890.06987303571,0.00048828125,55,1,"SNETWORK (1 56 5890.06987303571 0.418592218571082 87000011 55)",87
137,87000012,0.00543344579587132,89,-0.169336007143403,-0.45983907781187,-0.612877153222713,-0.614349237474709,-0.609405455638136,-0.00129070005711158,-0.0224358650577154,-0.243022930580781,-0.381375284253046,0.000236954980472534,0.0102102003333088,0.0445752744492782,0.000236954980472534,0.000236954980472534,0.236744759288645,0.081427510733208,-0.00304572850678893,-0.753692790386766,0.0598380926992138,0.0677281446396492,-0.117429098893948,0.617705950750841,0.326804535448277,0.00543344579587132,1,-0.049415997626369,0.622016983281029,0.630552270885501,0.735261679079633,0.0400294654922376,1.95073664195403,-0.381296883568758,-0.0552001043663426,0.314288164346784,3011.0000000001,1.74975050014467,0.247052772526814,2850.0000000001,1.30188294140777,3.05163344145245,0.0318281692172496,0.769981899920409,1.08693799523551,0.213220025726087,1.90862981059497,1.8006097681527,-0.828971102215032,0.307382938992494,-0.557000661046021,-0.369879170801151,0.594614192066626,0.305883051506119,0.879696655373438,80.0000000001,70.375732421975,0.879696655373438,80.0000000001,70.375732421975,2.78183469583115,0.992693968032387,1e-10,-0.80339708996615,-0.585120379892185,1.6213153938099,-0.348868892870996,1.03276561575505e-16,-0.0440532202613954,-0.0137791460992912,-0.00767301648016581,-0.0157201728676664,0.510943799747486,0.382165332930756,-0.50950737319866,0.574883885113115,0.574883885113115,1.19424972942111,0.45906771677418,-1.24773794562786,-1.20171846604781,-0.650963408736535,-1.31592673793367,-0.693290017568903,0.717134750462717,0,3011.0000000001,0.0182496868967762,0.0135784822204734,0.387487456012961,0.766341782590921,4882.07795642183,0.001953125,170,1,"SNETWORK (1 137 4882.07795642183 0.387487456012961 87000012 170)",87
318,87000013,0.599841402122715,219,0.826606769083661,0.576140491778701,0.449959143780463,0.448153051499128,0.45024912066774,0.949841940293554,0.964248374281587,0.657087928186716,0.625701135633788,-0.051072342146439,0.349941747400328,-0.112948659413518,-0.051072342146439,-0.051072342146439,-0.668261522686655,-0.893858634667672,-0.747824651338777,-0.0144461516195906,-0.97001625688712,-0.603050539930755,0.694143931109334,-0.735182512335809,-0.673195464551723,0.599841402122715,8,-0.173430306097736,-0.192141095486705,-0.191337134280479,-0.244346524275857,0.592517529929234,-0.0761602841939367,0.626751903402742,1.75078542701691,0.181067449164648,6692.0000000001,2.34587915942692,0.0605791149078611,917.0000000001,0.107547812340915,2.45342697166783,0.0483553375725988,-0.172320148332224,-0.196723252103106,0.290287872583927,-0.284206040220256,0.0787942567826929,0.938266385080132,-0.0489645501049012,1.19760943780613,0.571224760512572,1.13072600020163,2.28426941070621,0.311497465193085,47.0000000001,14.640380859475,0.311497465193085,47.0000000001,14.640380859475,0.342426671040856,0.145508751324958,1e-10,-0.551840794783176,-0.895388992785772,0.454550532474913,-0.666098201320079,1,0.955946779738605,0.975277852907369,0.986233363658323,0.989828666406973,-3.14152336127208,0.174839000716437,0.00702950974113844,-2.03457510607091,-2.03457510607091,0.968143969520786,-1.96958792117272,1.20065354160746,1.23971390505568,0.910351040037981,1.17808269470636,-0.177141598881353,0.429762926585514,1.44637529809694,6692.0000000001,0.0462356449707976,0.0021196925018012,0.877374652533333,2.46604652230202,18549.6817759063,5.82076609134674e-11,418,1,"SNETWORK (1 318 18549.6817759063 0.877374652533333 87000013 418)",87
137,87000014,0.58711685946833,155,-0.166057912338905,-0.453200003638288,-0.550040856219537,-0.551846948500872,-0.54975087933226,-0.00705322825470621,-0.0496265240364618,-0.69880134367191,-0.409425632445592,-0.135854111481565,0.0141841435547984,0.118435417780273,-0.135854111481565,-0.135854111481565,-1.62282950428308,0.15247776329977,0.0334234700166106,-0.704132478310306,0.12142529458136,0,0,0.264817487664191,0.333376028400019,0.58711685946833,1,-1.25534235979935,-1.61825226287385,-1.52768052801888,-0.462327963145581,0.578694646600672,0.436208034311541,-0.409336199062501,-0.916875867112773,0.0491090130020021,136.0000000001,0.0123491612430462,0.0921532571174268,483.0000000001,0.0822991150072651,0.0946482761503113,0.00582691129770203,-0.892374408369471,-0.246105986085186,-0.276631799859928,0.542250446501504,1.0785653990166,1.24605428414861,1.50241374724788,4.99166239196406,0.637888706961937,2.22030048276078,1.06351067748013,0.620742797951563,16.0000000001,9.931884765725,0.620742797951563,16.0000000001,9.931884765725,0.136346636847342,0.606593664461835,1e-10,0.0334822930580092,0.1927046925319,-0.186241747356871,0.202865193572067,-1.03276561575505e-16,0,-0.0247221470926329,-0.0137666363416776,-0.0101713335930258,-0.168441345560401,-0.602744196718651,0.854725570163378,-0.169510341367786,-0.169510341367786,-0.367795196568849,0.471701469344318,1.02962855281932,1.0809998327934,0.509328792474366,1.15291924411598,-1.24991131988838,-1.95052843836924,0,483.0000000001,0.000760261764391702,0.00506664943331033,0.612011636170507,1.11761273129295,5272.06782646075,0.001953125,218,1,"SNETWORK (1 137 5272.06782646075 0.612011636170507 87000014 218)",87
137,87000015,-0.68909309181422,39,-0.169336007143403,-0.45983907781187,-0.612877153222713,-0.614349237474709,-0.609405455638136,-0.00718067713328355,0.00742708605387869,0.0216630657549793,-0.359576123695898,0.120274024228658,-0.0670799360971078,-0.00996729360556307,0.120274024228658,0.120274024228658,0.558962456379799,-0.0241516449601927,-0.105435472047009,-0.950538266113717,-0.0156734001085589,0.0677281446396492,-0.117429098893948,0.617705950750841,0.326804535448277,-0.68909309181422,1,-0.682729962358194,-0.182375341504733,-0.181658915544648,0.606453760965664,-0.676968001906886,0.941659011763698,-0.359572707047456,0.0547954205827516,0.285111473558814,3564.0000000001,1.87883972671926,0.140572222139054,1209.0000000001,0.314241222273996,2.19308094889325,0.0428937596614265,-0.164163453521947,0.591086249719419,0.208106695899,0.91822957319744,1.5474757904173,1.35875768497102,0.53512644793145,1.71621996355676,-0.0759726872231807,0.20026071213501,0.109479118680942,0.435489052320395,38.0000000001,16.548583984475,0.435489052320395,38.0000000001,16.548583984475,0.425944328785153,0.330380256645136,1e-10,-0.473991775200307,-0.564739598335552,-0.629368971114792,-0.28164359146148,0,-0.044053220261396,0,3.57648972802931e-16,-0.0227070388776265,0.903382110709114,-1.04213193902194,0.44617298228102,1.08611495332787,1.08611495332787,0.0664383535808683,0.223646044222743,-0.821328536943647,-1.00370097822751,-1.19915205483901,-0.462902263408552,-1.15749973932412,0.371332439647683,0,3564.0000000001,0.0367476173336911,0.00614614222773539,0.230779615559587,0.736123035670435,4609.882461533,0.001953125,205,1,"SNETWORK (1 137 4609.882461533 0.230779615559587 87000015 205)",87
56,87000016,-0.932477820747688,42,0,0,-0.0539298651555209,-0.0526282971591558,-0.0497659234028937,-0.315645191273054,-0.0483181045661856,-0.463864223146313,0.00565749300710432,1.00752011077702,-0.668961360882069,0.910919134509727,1.00752011077702,1.00752011077702,0.0459269052163837,0.155454193451491,0.326714044813984,0.141513169327091,0.014393270109246,0.396949460069245,-0.3182243350896,0.145121969788322,0.0313608172450206,-0.932477820747688,2,-0.123076868612085,0.730410973465771,0.741840467515872,1.06935825380604,-0.931045718744695,0.19106522471637,0.00571636173168544,-0.205623828427236,0.639568968647613,16557.0000000001,16.9429494596742,0.0627972977888553,7963.0000000001,0.800087810493493,17.7430372700677,0.170088621638566,0.946123273436519,-0.23775404779709,-0.173682594981098,0.588578321848859,0.0291933157442075,-1.81920715107557,-0.397102584641628,-1.12256209734401,-0.52857439020377,-0.663362943609539,-0.722293607341234,0.317954534316772,79.0000000001,25.118408203225,0.317954534316772,79.0000000001,25.118408203225,0.801025805517535,0.155136243935621,1e-10,-0.31484214721487,0.148564712522008,0.138638549686055,0.229648246038641,-0.0232557920329049,-0.14537465218179,-0.0456386537822682,-0.0156235779160857,0,0.307921960119916,-0.163422448923852,-0.194572974056955,0.33495087848243,0.33495087848243,-0.719797700801843,-0.153987297423396,0.00783472682755088,-0.107739429895952,-0.651453561733505,0.372036611566053,-0.709210111345761,-0.486444410318311,0.807710682480403,16557.0000000001,0.162418805446257,0.00766981609230909,0.535906378243166,2.25959241022033,5983.910486565,0.00048828125,10,1,"SNETWORK (1 56 5983.910486565 0.535906378243166 87000016 10)",87
318,87000017,0.533531636678695,199,0.826606769083661,0.576140491778701,0.449959143780463,0.448153051499128,0.45024912066774,0.94747540861626,0.963947321559895,0.616303858777831,0.637053207050427,-0.0371607795040684,0.360507223688561,-0.104669163216032,-0.0371607795040684,-0.0371607795040684,-0.315873950762517,-0.908134402933499,-0.759569135336212,-0.0276180815180504,-0.981972758133895,-0.603050539930755,0.694143931109334,-0.735182512335809,-0.673195464551723,0.533531636678695,8,-0.622410535195693,-0.161622452686805,-0.161074850145343,0.526726466073721,0.527325630191677,0.550677325037753,0.637081426156441,-0.763989145222406,0.240594643268895,3759.0000000001,1.75092523054359,0.0741502792521102,1221.0000000001,0.175282184105999,1.92620741454959,0.0370649787850318,-0.146624791943527,0.786962267644384,1.97282337070765,0.0991384079686017,0.284700772750144,0.33391446007092,0.321252103019531,0.422415751906566,1.00396095797527,-0.207291281862905,-0.419626922903295,0.0313979641151515,33.0000000001,1.0361328126,0.0313979641151515,33.0000000001,1.0361328126,0.252999946672635,0.272119715478508,1e-10,0.502783995957854,0.61840458831888,0.241277525734015,1.03531964956035,1,0.955946779738604,0.975277852907368,0.986233363658322,0.989828666406972,-0.146795994732278,-0.258589543000911,0.188481337875923,-0.148244417572991,-0.148244417572991,0.0316584418189648,-0.326148837776841,0.466141898648501,0.563792776575787,0.619265835716183,0.339370000797329,-0.109304486106994,-0.0247108110028805,0,3759.0000000001,0.0336921174005659,0.00337286128446589,0.783702696335267,1.23651701305062,18438.6714652332,5.82076609134674e-11,351,1,"SNETWORK (1 318 18438.6714652332 0.783702696335267 87000017 351)",87
318,87000018,0.549468219848965,205,0.826606769083661,0.576140491778701,0.449959143780463,0.448153051499128,0.45024912066774,0.951097593575183,0.966169907154278,0.653983141495886,0.63520385976992,-0.0399511861001276,0.365419348436791,-0.106936229396752,-0.0399511861001276,-0.0399511861001276,-0.35531011678424,-0.914209933617068,-0.767391831622916,-0.0381726007284914,-0.986418384755946,-0.603050539930755,0.694143931109334,-0.735182512335809,-0.673195464551723,0.549468219848965,8,-0.73846534113495,-0.361165740113372,-0.357989314428116,0.424309152422952,0.54394391546042,0.790686255529037,0.635204032237156,-0.566289302444897,0.279424674219169,7053.0000000001,3.81546925652683,0.0789632354392787,795.0000000001,0.121535005463664,3.9370042618905,0.0886310533848968,-0.304192014318559,-0.207095503082049,-0.398790041192608,0.401994754840487,0.926081594726104,1.24825319844447,0.601758355931345,1.81817345723713,1.28633396556407,1.80462289339461,3.66582160314193,0.0931861515136905,42.0000000001,3.913818359475,0.0931861515136905,42.0000000001,3.913818359475,0.127050275250932,0.179993503692505,1e-10,0.207758309331123,0.475837792017391,-0.0139712430074468,0.664652461444265,1,0.955946779738605,0.975277852907368,0.986233363658323,0.989828666406973,0.138525150552751,-0.737215323116879,-0.00625638907644111,0.146538759297326,0.146538759297326,0.0844990170679659,-0.129971994026607,0.407366350277963,0.477665308356587,0.493350471276543,0.324646034015281,-0.677706170124449,-0.526598151468897,0,7053.0000000001,0.0858950197883346,0.00273603349656224,0.811666881320734,0.0877247094614529,18471.8117239505,5.82076609134674e-11,397,1,"SNETWORK (1 318 18471.8117239505 0.811666881320734 87000018 397)",87
137,87000019,-0.345721344998109,60,-0.169336007143403,-0.45983907781187,-0.612877153222713,-0.614349237474709,-0.609405455638136,0.0260204175494873,0.0158051573197055,0.0279242012954205,-0.3625012758363,0.0885130726185857,-0.0289403557189685,-0.0185492500378893,0.0885130726185857,0.0885130726185857,0.512414247190614,-0.00272284704925992,-0.0836003124940768,-0.899304514332307,-0.00181202263210207,0.0677281446396492,-0.117429098893948,0.617705950750841,0.326804535448277,-0.345721344998109,1,-0.375532704431981,-0.356256600673454,-0.353172820588303,-0.162291284107648,-0.353318938926807,-0.101347400230183,-0.362489141111563,-0.052890345998653,0.220070936179872,76.0000000001,0.0309252791805946,0.0909224629027912,553.0000000001,0.0929680383169739,0.123893317397568,0.00277835918011641,-0.300599124232194,0.534117173125871,0.553142588362721,-0.0585065738122429,0,0.0494684427931716,0.0357488265363069,0.0855460910606777,-0.623664457581082,2.78692594297499,1.50497919306687,0.296105018128846,13.0000000001,3.849365234475,0.296105018128846,13.0000000001,3.849365234475,0.129871240149153,0.122558606680022,1e-10,0.724756650972664,0.546675197041026,0.22523556327332,0.811322932127161,0,-0.044053220261396,-0.00189804047131851,-0.0010569390706606,-0.0217446184599495,-0.404949776709041,-0.109056172904259,-0.445291729239155,-0.392368366864092,-0.392368366864092,-1.1031791877586,0.44227851700557,-0.796444461171321,-0.945369856650488,-0.812791986088535,-0.626693011546768,0.815459138424135,1.05649815288646,6087194848.89087,553.0000000001,0.000693512223361787,0.00208484685675463,0.296015452145485,0.195607598930157,4723.19460196332,0.001953125,140,1,"SNETWORK (1 137 4723.19460196332 0.296015452145485 87000019 140)",87
56,87000020,-0.561270978717781,89,0,0,0,0,0,-0.226902978633894,-0.0257670064775424,-0.371356924674668,-0.00813204109850244,0.973890714616249,-0.664487168546418,0.914133556518397,0.973890714616249,0.973890714616249,-0.170175997970675,0.210774808044383,0.386357572107472,0.299462698169036,0.0468375411568178,0.442037567785408,-0.329724348592432,0,0,-0.561270978717781,2,-0.416772115541739,0.386788821918672,0.390348928885621,1.05600637835373,-0.553970074733051,1.15227525685461,-0.00805748392786055,0.205516750234682,0.941716142961728,4196.0000000001,6.32230549681117,0.588113025165806,15758.0000000001,14.8279760784667,21.1502815751778,0.264975083197921,0.434766044781985,-0.426402168567237,-0.51266776531099,0.483193075694928,0.84326178632473,0.778239448497423,0.204910324948356,0.626643672812877,0.24487393455995,-0.253583445467789,-0.270314355177062,1.82040744367639,54.0000000001,98.302001953225,1.82040744367639,54.0000000001,98.302001953225,4.00410322177014,2.39529412449246,1e-10,-0.633585202549706,-0.825419875806424,-0.559085224274748,-0.616465406426009,-0.0232557920329049,-0.14537465218179,-0.0247221470926318,-0.0137666363416772,-0.010171333593027,-1.43469009559689,-0.371188745070743,0.682678623837753,-1.18549798111046,-1.18549798111046,0.123712881196591,0.606346050916983,-1.01516958834514,-1.22545717877096,-1.40822284835938,-0.616727048184497,-1.12127961098264,0.742489531768559,0,15758.0000000001,0.0792071452294754,0.185767937868446,0.881006716572021,0.310164044883483,6259.95923949019,0.00048828125,49,1,"SNETWORK (1 56 6259.95923949019 0.881006716572021 87000020 49)",87
56,87000021,-1.06856023995271,23,0,0,-0.0539298651555209,-0.0526282971591558,-0.0497659234028937,-0.324319109584177,-0.0523297616083711,-0.467573582058581,0.00763828014312996,1.01153068298115,-0.675975615053847,0.911720609177906,1.01153068298115,1.01153068298115,0.0948021316261993,0.14980997231861,0.320464556955711,0.123811405032183,0.0112875615124139,0.396949460069245,-0.3182243350896,0.145121969788322,0.0313608172450206,-1.06856023995271,2,1.02226772618238,0.474029175521801,0.479213103545016,-0.934254731621802,-1.06480066691257,0.0560307591164745,0.00793556244529532,1.95719359821959,0.444486486753883,9869.0000000001,7.01861941895356,0.056488183225904,13295.0000000001,1.20161663155322,8.22023605040678,0.0962118399614725,0.5520615686791,-0.528990179409375,0.0477320570706015,-0.0130703597977386,-0.268901798536183,-0.834798061059331,-0.338175144375653,-0.627446963720136,-0.43253521761605,-0.186655261275784,-0.203301502868326,0.707027994891667,75.0000000001,53.027099609475,0.707027994891667,75.0000000001,53.027099609475,2.02252497739337,0.735244927138121,1e-10,-0.252940053621256,-0.738771342635023,-0.506470208904937,-0.559087805456626,-0.0232557920329049,-0.145374652181789,-0.0456386537822686,-0.0156235779160853,3.8573928898018e-16,-0.373236105402338,-0.594358383921027,0.764045768697927,-0.363471576786396,-0.363471576786396,-0.453878556589239,0.807381650806132,-0.466513193125025,-0.456889533728652,-0.139366991326348,-0.526996030156624,-0.539730807515865,-0.290117679454831,0,13295.0000000001,0.082147797635344,0.0140640422261286,0.391475982707322,1.17403027507013,5868.37936084883,0.00048828125,44,1,"SNETWORK (1 56 5868.37936084883 0.391475982707322 87000021 44)",87
328,87000022,0.813982479927454,268,0.833942087661095,0.661934694919581,0.679648502105189,0.676245639047415,0.674971766192546,0.845876714011652,1.01802135818714,0.270903046078656,0.0926862663565496,-0.0450364719992096,0.246836376101961,-0.270113805594188,-0.0450364719992096,-0.0450364719992096,-1.0842230981124,-0.112236841471273,0.0102484800163261,1.03214261346048,-0.357636926840242,-0.560339494672534,0.667148486569063,-0.788859635579387,-0.682989322922567,0.813982479927454,8,-0.00904304394691424,0.185884350360625,0.186804046114275,0.00553350074833393,0.806001679186729,-0.444125194942574,0.092684940777009,0.834088422359861,0.30621907603143,7928.0000000001,4.70007950807421,0.0600675250342603,589.0000000001,0.0684958649686356,4.76857537294284,0.0698896892102784,0.192831477613945,-1.04360065567153,-0.799142264160515,-0.612541266367447,-0.454705376437219,0.482421393268809,-0.516730786307378,0.457565628786861,-0.62382737574906,0.604512144271776,0.737351796437542,0.377390894496552,58.0000000001,21.8886718751,0.377390894496552,58.0000000001,21.8886718751,0.659667681886611,0.243755880410682,1e-10,-0.313003512918127,-0.268969108750596,-0.196685271755991,-0.25315193732349,1,0.955946779738605,1.27717508738715,1.28529677079185,1.31366454417867,0.110108323967605,0.684923644175088,-0.23621780735404,0.115937040730138,0.115937040730138,0.584256748776045,-0.523104517432473,-0.584575108321376,-0.532778063853434,0.0780712768366646,-0.796695307982885,1.93811389626116,0.904286412633724,0,7928.0000000001,0.0688857929092722,0.00100389620100618,0.22009719980904,3.06925026007844,18859.9285196549,2.91038304567337e-11,480,1,"SNETWORK (1 328 18859.9285196549 0.22009719980904 87000022 480)",87
319,87000023,-0.161046599140194,30,0.849676501735058,0.527879359151426,0.423921895297046,0.422083328008158,0.425620192291929,0.864001471875048,0.878143604767113,0.53952231924761,0.777358442885691,-0.0131635162029575,0.367303369372095,-0.0439506160400295,-0.0131635162029575,-0.0131635162029575,0.281425242890517,-0.740435657084749,-0.546596989736412,0.414978575099524,-0.878917711419349,-0.604424467785202,0.699593179675348,-0.759818089809216,-0.694672009762475,-0.161046599140194,8,0.548159051848421,0.946681897550878,0.964879007590709,0.195547424340853,-0.164570062060515,-0.66816584680253,0.777352173894494,1.2895029111759,0.082212945866325,4308.0000000001,0.68568591092525,0.0865501755869522,1543.0000000001,0.258549201348614,0.944235112173864,0.00765109291686178,1.34473287200275,-0.111875147184528,0.00602288785106638,-0.655710878536596,-0.577707267980034,0.244899604194948,-0.895222518495805,0.122157481573212,-0.976138343677843,-0.0295997829101628,-0.0662853840991637,0.0247620928526596,47.0000000001,1.163818359475,0.0247620928526596,47.0000000001,1.163818359475,0.247411444241689,0.282013802148664,1e-10,0.397505747086522,-0.376658600082317,-0.223703160143234,-0.556722049296204,1,0.867841683603148,1.22175774577911,1.23268413022516,1.27579607796359,-1.84847828393417,0.290525518877223,0.511245015110308,-1.43649864217737,-1.43649864217737,1.29895407206862,-1.45757031325549,0.665369795560389,0.835279887911211,1.361708118935,0.228145635442807,0.74043498576951,0.843930846995219,0,4308.0000000001,0.00555608076829069,0.00209501204857109,0.750995712532842,4.77587647828168,17371.5405935154,1.16415321826935e-10,434,1,"SNETWORK (1 319 17371.5405935154 0.750995712532842 87000023 434)",87
137,87000024,0.707218339788609,171,-0.166057912338905,-0.453200003638288,-0.550040856219537,-0.551846948500872,-0.54975087933226,-0.0158457355409735,-0.0453246170250946,-0.687280563116874,-0.423517593085181,-0.1978285273421,-0.0193290576242811,0.197661848808087,-0.1978285273421,-0.1978285273421,-3.70532240374014,0.182295992780272,0.0330199649708255,-0.705600426435199,0.150164323346852,0,0,0.264817487664191,0.333376028400019,0.707218339788609,1,-1.2726100037415,-1.21180999758411,-1.16582754562743,0.0946910853618073,0.70025782838231,0.593523087050046,-0.423474004141064,-0.777827555954712,0.316665913595753,9.0000000001,0.00526964282481572,0.226673270145202,553.0000000001,0.231772969976943,0.237042612701758,0.0104960222776375,-0.760013513204373,-0.0711407541464072,0.457136933110204,0.479251077088692,0.845405038448361,0.763114807947661,1.22378851295636,2.21304786756819,0.360458444908681,2.21527567569055,1.00631600675873,0.13336181650625,8.0000000001,1.06689453135,0.13336181650625,8.0000000001,1.06689453135,0.34504461195019,0.517776613082795,1e-10,-0.262862218471398,-0.122297270637983,-0.427656343725839,-0.163336549650426,-1.03276561575505e-16,0,-0.0247221470926318,-0.0137666363416776,-0.0101713335930273,-0.311664801597531,-0.0269805450286928,-0.504003968929656,-0.306510338579329,-0.306510338579329,0.793183776158494,0.363566669626384,0.345698578624323,0.402943535250705,0.185188958105662,0.399072836652008,0.482393615833781,0.226903975034713,0,553.0000000001,0.000233334784412014,0.0102626873932255,0.662802058218064,0.347297174041159,5360.28883713163,0.001953125,136,1,"SNETWORK (1 137 5360.28883713163 0.662802058218064 87000024 136)",87
137,87000025,-0.29984544049459,65,-0.169336007143403,-0.45983907781187,-0.612877153222713,-0.614349237474709,-0.609405455638136,0.0227222300315572,0.0124222090725348,0.00791659140077545,-0.363537862062651,0.0827354934078155,-0.0319100349862776,-0.0149232696831779,0.0827354934078155,0.0827354934078155,0.51088283884745,0.00132516529854202,-0.0799158821376122,-0.892550466779885,0.00118527787301795,0.0677281446396492,-0.117429098893948,0.617705950750841,0.326804535448277,-0.29984544049459,1,0.191237871606668,0.711974793544134,0.722887248046562,0.0723654106230397,-0.299240451317005,0.0620668320400323,-0.3635354013711,0.216979301256967,0.0572025598203469,69.0000000001,0.00729796715398558,0.0794890797480586,980.0000000001,0.144035945930688,0.151333912984674,0.00147167528718225,0.915116630024383,0.790539024648365,-0.0307877720981406,0.0338027090783246,-0.391551588040958,-1.26898172895681,-0.44796983236299,-0.795093798180317,-1.30824452071408,-0.562617942314001,-0.30255124720846,0.0666796876,25.0000000001,1.6669921876,0.0666796876,25.0000000001,1.6669921876,0.371309504828322,0.418353532578187,1e-10,-0.226736328329415,-0.299949413585781,1.77810333651122,-0.144961869011479,0,-0.044053220261396,0,0,-0.0227070388776269,0.905865287591764,-0.962747156207553,0.902455914947204,1.08956216784913,1.08956216784913,-0.377666586986143,0.533085354944555,-0.595377988455653,-0.787389693307178,-0.81894248064945,-0.353283979708663,-0.394462368928991,0.220436999062492,0,980.0000000001,7.09704574837028e-05,0.00140070472969855,0.311199263253249,4.1107017123205,4749.56829817928,0.001953125,155,1,"SNETWORK (1 137 4749.56829817928 0.311199263253249 87000025 155)",87
137,87000026,0.0346272032072015,91,-0.169336007143403,-0.45983907781187,-0.612877153222713,-0.614349237474709,-0.609405455638136,-0.00129070005711158,-0.0217577128750937,-0.243022930580781,-0.381468325948525,-0.000480047477941115,0.0097429832556022,0.0449237574087422,-0.000480047477941115,-0.000480047477941115,0.234534513161263,0.0821666042727104,-0.00239649668017826,-0.75309254084219,0.0604674360700732,0.0677281446396492,-0.117429098893948,0.617705950750841,0.326804535448277,0.0346272032072015,1,0.0770135592206761,0.841897320364882,0.856658821136872,0.865622009841085,0.0709860040580303,1.91742195500318,-0.381398129268277,-0.141547599920579,0.0972714631170275,1219.0000000001,0.219243384782272,0.165297403536988,2154.0000000001,0.658338229374339,0.87758161405661,0.00771415444909147,1.14330730889379,-0.147206125220875,-0.577812818499194,1.6618010959116,2.10662221428362,0.73113373624652,0.144749730415281,0.408240944141273,-0.549207990921262,0.338247582997009,0.173635171828794,0.57275390635,66.0000000001,37.8017578126,0.57275390635,66.0000000001,37.8017578126,1.35614681850038,0.535042208152799,1e-10,0.393532867959081,0.328825527795668,0.0178385361190142,0.622767678257162,0,-0.0247269766036854,-0.0216523042809548,-0.0120571808701871,-0.0117279396844408,0.585450990176302,-0.836690602204698,0.272147220383502,0.666990461333834,0.666990461333834,0.659925728609325,0.636540971906772,-0.906072611694412,-1.07645654451607,-0.963083938153371,-0.697328325685467,-0.480911805376536,0.111854539564823,0,2154.0000000001,0.00192720230524326,0.00578695204384821,0.393861268339916,2.87525840274548,4893.14902341915,0.001953125,175,1,"SNETWORK (1 137 4893.14902341915 0.393861268339916 87000026 175)",87
319,87000027,-0.179240999313478,25,0.849676501735058,0.527879359151426,0.423921895297046,0.422083328008158,0.425620192291929,0.863142867570726,0.87751826000854,0.538461633421243,0.778057978596144,-0.0131560224981149,0.36696406072354,-0.044198028289614,-0.0131560224981149,-0.0131560224981149,0.27479551960889,-0.737228178373018,-0.542966086854983,0.421138242413512,-0.876644819667241,-0.604424467785202,0.699593179675348,-0.759818089809216,-0.694672009762475,-0.179240999313478,8,0.588292430272173,0.133029193581464,0.133529687029807,-0.811421196516842,-0.187444550673358,-0.256609099050188,0.778053017302349,0.133560803040582,0.506812059352914,10981.0000000001,10.7745254969001,0.113246002077925,2087.0000000001,0.457566951615724,11.2320924484158,0.171567645296488,0.135163126532812,0.953639692746546,0.0054202057264069,-0.412183433787951,-0.496560243811404,-0.251667437616864,-0.357483361460991,-0.242166985364976,0.245780450166774,-0.0952702972928056,-0.213617810907296,0.295604359119886,44.0000000001,13.006591796975,0.295604359119886,44.0000000001,13.006591796975,0.270919485060197,0.121812123900158,1e-10,0.128527744061097,-0.327472719852168,2.07906467465562,-0.537815233802745,0.99999999999997,0.867841683603182,1.11446852592804,1.12323690396323,1.18436031392693,-1.28494521945677,0.323767503480282,0.70059457484399,-1.08600563135534,-1.08600563135534,1.43487877887298,-1.06038387510129,0.796934031533098,1.07885582532344,1.70870273331544,0.227847944551807,0.136766180078114,0.72644144288595,0,10981.0000000001,0.164578414583178,0.00698923061330922,0.705762039056859,1.54048564011988,17346.4049969279,1.16415321826935e-10,445,1,"SNETWORK (1 319 17346.4049969279 0.705762039056859 87000027 445)",87
56,87000028,-0.581477823831534,84,0,0,0,0,0,-0.230557909003629,-0.026182586411323,-0.372417720465215,-0.00758199566067973,0.974862323824809,-0.661322658607011,0.912154375544703,0.974862323824809,0.974862323824809,-0.167791291861741,0.20886574822694,0.384493988732047,0.296769410246034,0.0453548926168841,0.442037567785408,-0.329724348592432,0,0,-0.581477823831534,2,0.033639015818085,1.2881518753532,1.31933482960963,1.80152284672678,-0.550967184033297,0.520618477713728,-0.00734892812474258,0.0254715490799725,0.664825002382228,7999.0000000001,8.5086963093017,0.205084778278637,11421.0000000001,3.74763720262198,12.2563335118237,0.0761961214127046,2.12629445656254,-0.102302623899851,0.107990978524688,0.823128343828651,0.33719778300672,-0.0297086292872349,-0.519773757012837,-0.0100465751597697,-0.75817797479311,0,0,1.05110677093333,105.0000000001,110.3662109376,1.05110677093333,105.0000000001,110.3662109376,4.53212587497311,1.24826651795165,1e-10,-0.17726846034227,-0.0689062711125689,1.92296968480813,-0.0273151873210857,-0.0232557920329048,-0.14537465218179,-0.0247221470926322,-0.0137666363416772,-0.0101713335930273,0.654949474879895,0.624166250905614,-0.882351692714241,0.754942031400819,0.754942031400819,-1.51296432745332,-0.994561848672961,-0.611300982943457,-0.395572299105749,0.136689356682646,-0.862544686998656,-0.103888098519732,-0.144621076765773,0,11421.0000000001,0.05289752074458,0.0232986005681246,0.844499860076399,1.51010765104786,6230.7570884357,0.00048828125,78,1,"SNETWORK (1 56 6230.7570884357 0.844499860076399 87000028 78)",87
140,87000029,-0.441052619985535,109,0,0,0,0,0,-0.135812228917411,-0.0142032260568208,-0.486703695155198,-0.0305375315759228,0.978748096673137,-0.705920757556387,0.951852921167287,0.978748096673137,0.978748096673137,-1.23722217605959,0.281909388994151,0.46291675378809,0.466108996973904,0.0932893333012597,0.45221133369877,-0.305856068890666,-0.190739766812213,-0.0312046492625428,-0.441052619985535,2,0.200094137840963,-0.156055828076422,-0.155549563549742,-0.674053438924881,-0.442860723310858,0.447385318568914,-0.0305082665390675,-0.408521450060062,0.239927688161275,7012.0000000001,2.69179671799479,0.33087796391826,3391.0000000001,1.79521148059084,4.48700819848563,0.0859645079045667,-0.141872437128637,0.444550573317664,0.062209251824843,0.477226884323161,0.261176351170174,-0.814132397033518,0.260104958530471,-0.991277463135207,0.274043701384693,-0.925550762948332,-0.957835236395487,1.3806640626,40.0000000001,55.2265625001,1.3806640626,40.0000000001,55.2265625001,2.11879040454516,1.73963656983349,1e-10,0.0993421438858452,0.223297788914989,1.77006219300668,-0.0596087206003507,0,0,-0.0247221470926315,-0.0137666363416772,-0.010171333593027,-2.06607578434542,0.230434093166646,-0.244910303795154,-1.55553836496894,-1.55553836496894,0,0.057712919180779,-0.419968885699437,-0.506501401262048,-0.536619030821053,-0.261631786963393,0.500004718546555,-0.123342400860685,0,7012.0000000001,0.0515708841465964,0.0343936236579703,0.0196434375064021,1.16265870717764,6374.83836793835,0.000244140625,273,1,"SNETWORK (1 140 6374.83836793835 0.0196434375064021 87000029 273)",87
140,87000030,-0.251894679848893,149,0.016376969797183,0.0406255841243769,0,0,0,-0.0960746515834935,-0.000258946679413323,-0.616339668471477,-0.0511338779745857,0.960358249780105,-0.746533351809217,0.991682024628261,0.960358249780105,0.960358249780105,-3.41975615357259,0.336564386870581,0.523462035391407,0.617395666738997,0.12595954552883,0.45221133369877,-0.305856068890666,-0.190739766812213,-0.0312046492625428,-0.251894679848893,2,0.568734685345885,0.31577818647351,0.318223451831624,-0.610643555341069,-0.255846450611405,-0.317395180006245,-0.0511156225888509,0.273974111902793,0.425925873080766,2266.0000000001,1.54423684517776,0.0927289980652052,2381.0000000001,0.353260390747948,1.89749723582571,0.0251267701186065,0.344943778825021,-0.470663987012823,-0.330787182404231,-0.303162801196143,-0.317605966323674,-0.0936220482280412,-0.483343557792988,-0.0777737115313397,-0.754469894471745,0.0436901512546519,0.0440773261877068,0.117070587688028,71.0000000001,8.31201171885,0.117070587688028,71.0000000001,8.31201171885,0.065448522833344,0.144381799934412,1e-10,1.55418050793559,1.10118016634924,1.9097594480142,1.67476622931165,1.03276561575505e-16,0,-0.0247221470926318,-0.0137666363416769,-0.0101713335930262,-1.69134878680117,0.2487284758441,-0.276621564723089,-1.34514306589364,-1.34514306589364,-0.132009559203339,0.331061946201582,-0.584871635380671,-0.670680597162614,-0.499051653884018,-0.502468766847264,0.344307814282699,0.062293783888419,16586142392.6708,2381.0000000001,0.020448875144573,0.00467789487403353,0.257669064398784,3.53125799459159,6613.49326808862,0.000244140625,275,1,"SNETWORK (1 140 6613.49326808862 0.257669064398784 87000030 275)",87
140,87000031,-0.25713782228961,147,0.016376969797183,0.0406255841243769,0,0,0,-0.0958713579540191,-0.000475878887971306,-0.616396743187052,-0.0510400158056016,0.960388476423189,-0.746062268686954,0.99143638093908,0.960388476423189,0.960388476423189,-3.41020669689456,0.336229353648549,0.523096565258207,0.616535377207644,0.12575150238933,0.45221133369877,-0.305856068890666,-0.190739766812213,-0.0312046492625428,-0.25713782228961,2,0.534452786553838,0.222384228022836,0.223662924221254,-0.66728365645475,-0.265782191267139,-0.489904508003253,-0.0510350526723778,0.266819115172217,0.618369293927281,6600.0000000001,6.52997974291059,0.0513613713288552,2514.0000000001,0.206595979730773,6.73657572254136,0.0959564392120688,0.234048368015857,-0.308890618819617,-0.214549430296347,-0.326833813047867,-0.374608496169114,-0.180509449783117,-0.565869826047542,-0.161866621423498,-0.907557001856642,0.0343540740843063,0.0355581989426288,0.329455019922761,67.0000000001,22.073486328225,0.329455019922761,67.0000000001,22.073486328225,0.667756585022797,0.172283472510969,1e-10,-0.299752050522691,-0.111038503894741,1.90978613639116,-0.159531464877497,0,0,-0.0247221470926318,-0.0137666363416772,-0.010171333593027,0.161763121897957,0.614648757299875,-0.585328600206866,0.171774641691465,0.171774641691465,0.576169164821491,-0.549371106797234,-0.39404959175095,-0.358762752078131,-0.269011251139939,-0.363407047493474,0.127107479186918,-0.368282215271587,0,6600.0000000001,0.0930136659054679,0.00294277320660089,0.239173631144471,0.461096193805712,6594.94893807604,0.000244140625,282,1,"SNETWORK (1 140 6594.94893807604 0.239173631144471 87000031 282)",87
318,87000032,0.273383090969833,141,0.847990630531859,0.546799996361712,0.449959143780463,0.448153051499128,0.45024912066774,0.939573300459074,0.965934677235217,0.635241824290812,0.663780787858042,-0.00430020590542769,0.390991245330078,-0.0896806691406488,-0.00430020590542769,-0.00430020590542769,0.0645342117822078,-0.916498763115199,-0.764333523857724,-0.00924618547149179,-0.992369256349412,-0.603050539930755,0.694143931109334,-0.735182512335809,-0.673195464551723,0.273383090969833,8,0.658684971739219,0.796028371004576,0.809377152195786,-0.173824308961445,0.269247674377002,-0.543919604158445,0.663777143939222,1.99103030706666,0.200025690352131,3300.0000000001,1.27793580777488,0.216949511252478,5691.0000000001,2.39032296008613,3.66825876776101,0.0334153584616079,1.06012405060496,-1.53025345163336,-0.935782011770337,-0.665937163841389,-0.525839744959673,0.453740632936055,-0.790771342978111,0.261459832732462,-0.717265577488671,0.220701230255802,0.45804032552665,0.142143811777632,95.0000000001,13.503662109475,0.142143811777632,95.0000000001,13.503662109475,0.292675108290415,0.106997612925694,1e-10,0.800983460401828,0.747141471030094,0.144970606208379,1.20929889630102,1,0.892856820367323,0.975277852907368,0.986233363658323,0.989828666406973,-0.108236121124523,-0.241738325290207,0.0603853357188524,-0.109987320704981,-0.109987320704981,-0.332762569606743,-0.480820022456344,0.77258827613337,0.71549874425135,0.610793926876755,0.755613644770163,0.215200574379888,-0.0770474251741682,979578464.444324,5691.0000000001,0.0116411315780254,0.0217742267835825,0.478863542702849,1.58354123023535,18077.4076406739,5.82076609134674e-11,357,1,"SNETWORK (1 318 18077.4076406739 0.478863542702849 87000032 357)",87
56,87000033,-0.694106210942524,73,0,0,-0.0539298651555209,-0.0526282971591558,-0.0497659234028937,-0.286543317420452,-0.0404500695720223,-0.452649056266824,-0.00225236386621556,0.994525698673376,-0.676857768317388,0.926384354430649,0.994525698673376,0.994525698673376,-0.0346058101782253,0.176883976198209,0.348509190875427,0.206611426918398,0.0264505262571102,0.396949460069245,-0.3182243350896,0.145121969788322,0.0313608172450206,-0.694106210942524,2,0.26398061301841,0.0114113628682649,0.0114219203649387,-0.5743851589372,-0.677956039021612,0.684783480897893,-0.00223429731710383,0.909620297638492,0.917313000953155,6582.0000000001,9.6604066746766,0.223643462340868,5098.0000000001,1.82421499290478,11.4846216674814,0.19294678500847,0.0110589300353257,-0.216952713207323,0.523470487017269,0.613637335812538,0.406725953437801,-0.825879707791748,0.265793539414377,-0.883939704484221,0.319586635797854,0.435163680081865,0.469981380757981,1.66582728804643,35.0000000001,58.303955078225,1.66582728804643,35.0000000001,58.303955078225,2.2534807929621,2.16481505146797,1e-10,0.453986282742208,0.668843108018513,-0.0244078028431747,1.33639898573814,-0.0232557920329049,-0.14537465218179,-0.0275835088643111,-0.0140206929968624,-0.00877991921222838,0.303436967020201,0.140654141844794,-0.188771156915187,0.329827397843024,0.329827397843024,-0.0717147729660303,-0.390850969893701,-0.767406042881073,-0.748820082560418,-0.875338853459106,-0.555729943423233,-0.5591133811124,-0.667283573070048,0,6582.0000000001,0.162299156450391,0.030647628458079,0.761035204663475,4.37029313482344,6163.99298686558,0.00048828125,85,1,"SNETWORK (1 56 6163.99298686558 0.761035204663475 87000033 85)",87
137,87000034,0.750079849625716,177,-0.166057912338905,-0.453200003638288,-0.550040856219537,-0.551846948500872,-0.54975087933226,-0.0208242209933045,-0.0458429200644962,-0.725988685265826,-0.424750436573952,-0.205226473858489,-0.0240982930727446,0.207474481229706,-0.205226473858489,-0.205226473858489,-4.02835145049407,0.184160170944026,0.0313809967981326,-0.70775883420581,0.152229295561274,0,0,0.264817487664191,0.333376028400019,0.750079849625716,1,-1.71604394023894,-1.87290056604341,-1.74406295155208,-0.0741803170180249,0.740233296178388,0.377246525223283,-0.424710612879438,-0.691387737862016,0.132203599397338,225.0000000001,0.05500005737969,0.0969459407029777,119.0000000001,0.021331133642166,0.076331190921856,0.00579520889933182,-0.956498709763813,1.12420105922423,-0.982189216366085,0.876070834119265,0.137443894970889,-2.34297582628196,1.71221667428867,-11.3303487088261,0.757921027637798,-7.51384585215266,-3.35196773579343,0.365094866171429,7.0000000001,2.5556640626,0.365094866171429,7.0000000001,2.5556640626,0.186493562102458,0.225422497327272,1e-10,0.959287483316176,1.2007082124266,0.338924823895946,2.63590115114233,0.00943973522655107,0.00536422033285824,0.0601224073027797,0.0663569680187966,0.0481231716703514,-0.736748085353158,0.0497255526017765,-0.345352012800666,-0.677467659508236,-0.677467659508236,-0.328671713124656,-0.202872342334595,-0.00317161707586143,0.180901507137652,0.122755433669904,-0.0379986146177468,0.172538373020157,-0.675021166555636,16045890076.7383,225.0000000001,0.00417570867792291,0.00161950012140891,0.683368016562542,0.15492058446398,5396.01111620358,0.001953125,270,1,"SNETWORK (1 137 5396.01111620358 0.683368016562542 87000034 270)",87
137,87000035,0.573368339605047,153,-0.166057912338905,-0.453200003638288,-0.550040856219537,-0.551846948500872,-0.54975087933226,-0.00840348295630027,-0.046964893064737,-0.686392748301702,-0.409214442565378,-0.131588451690795,0.0168232267579624,0.110983897880968,-0.131588451690795,-0.131588451690795,-1.50193276727989,0.150960773994443,0.0344600681410451,-0.702218129111399,0.11972307505366,0,0,0.264817487664191,0.333376028400019,0.573368339605047,1,-1.16128083562682,-1.43098289953495,-1.36329407916107,-0.371022473783386,0.567182899829339,1.05765587785329,-0.409033282431525,-0.702715095188675,0.110902361350438,313.0000000001,0.0641833639886068,0.161120792837358,279.0000000001,0.0831176275094519,0.147300991398059,0.0077856071818966,-0.836506430090793,-0.336902617529121,0.716011726168643,0.960623499987767,0.834316477425372,-0.684798390419496,1.71707146510186,-2.26735359934722,0.812141172508048,-4.00536116078547,-1.8711571796697,0.502197265725,9.0000000001,4.519775390725,0.502197265725,9.0000000001,4.519775390725,0.100528931018416,0.429842229147082,1e-10,0.115153735011844,0.318610005556288,1.74948462158575,0.28558010713221,-1.03276561575505e-16,-6.2602913664822e-16,-0.0247221470926315,-0.0137666363416772,-0.010171333593027,-0.389269124669053,0.0313482379507355,-0.326897573133886,-0.378117783089277,-0.378117783089277,0.535905552724606,0.259247141521832,0.682374756471558,0.853184447925418,0.477112036776165,0.70259607862668,0.296632047839565,-0.116523601712901,0,313.0000000001,0.00339241744422442,0.00439318963767218,0.604703014555626,1.96031791488739,5259.37303166515,0.001953125,256,1,"SNETWORK (1 137 5259.37303166515 0.604703014555626 87000035 256)",87
56,87000036,-0.8702287554105,50,0,0,-0.0539298651555209,-0.0526282971591558,-0.0497659234028937,-0.31111504077119,-0.04693230261254,-0.468783350573554,0.00325366973184629,1.00596016515004,-0.67326305272508,0.918278628610849,1.00596016515004,1.00596016515004,0.00787884881289828,0.160816398055538,0.332247031416265,0.157194910361531,0.0174920373804737,0.396949460069245,-0.3182243350896,0.145121969788322,0.0313608172450206,-0.8702287554105,2,-0.566859898624381,-0.286794637982129,-0.284866409171726,0.235546796405659,-0.869654462940874,0.428727841630424,0.00330024879858932,-0.218036623633164,0.229791166660025,5186.0000000001,1.90671518374686,0.0965304979281637,2448.0000000001,0.378090653993033,2.28480583763989,0.0485109986568138,-0.248277686117329,-0.128772481348153,-0.714831535689537,0.157553747889822,0.622501682412691,1.14912066194961,0.344127312703777,1.5787464696595,0.410666456445082,0.393582598826326,0.428092690450776,0.609026227778571,28.0000000001,17.0527343751,0.609026227778571,28.0000000001,17.0527343751,0.448009830735251,0.589124253711843,1e-10,0.303593376163647,-0.0421122749243768,-0.0173127811708732,0.08521530625002,-0.0232557920329049,-0.14537465218179,-0.0456386537822686,-0.0156235779160857,0,0.478816194780627,-0.896748409451387,0.507912961473843,0.535851415487341,0.535851415487341,0.296462616117141,0.675162838583907,-1.88285345669316,-2.11246220406218,-2.33768315508078,-1.30855137243269,-1.42311401382831,-1.01998866479422,0,5186.0000000001,0.0404833776255322,0.00802762093128163,0.600336590628917,3.08719506661873,6035.44877211383,0.00048828125,71,1,"SNETWORK (1 56 6035.44877211383 0.600336590628917 87000036 71)",87
137,87000037,0.805916148421179,182,-0.166057912338905,-0.453200003638288,-0.550040856219537,-0.551846948500872,-0.54975087933226,-0.0188843581799702,-0.0445802423699211,-0.744457185687634,-0.426206941140215,-0.213989918687461,-0.0261691067391298,0.206287639624739,-0.213989918687461,-0.213989918687461,-4.40736889044866,0.187010736595083,0.0304394970224409,-0.710394344688424,0.155301397601098,0,0,0.264817487664191,0.333376028400019,0.805916148421179,1,-0.678045427037259,-1.7015642667943,-1.59941913907964,-1.16804783263105,0.802892058351159,1.59545566513624,-0.425941642438259,-0.742699926775067,0.0505087807890577,59.0000000001,0.00551005899238307,0.0771370327241634,371.0000000001,0.0529144374033622,0.0584244962957453,0.00385099924834748,-0.914752997579844,0.536552256671025,3.61848031400787,1.12917732443198,1.27622969753887,0.0149445077394374,2.27107384355525,0.136947113914659,1.1888609184928,-7.02799661128288,-3.11117783064903,0.213165283303125,8.0000000001,1.705322265725,0.213165283303125,8.0000000001,1.705322265725,0.223711064907394,0.00110457086396983,1e-10,0.612077375496944,0.507067031873507,0.0488371774797247,0.748030940756721,0,0,-0.0247221470926318,-0.0137666363416772,-0.010171333593027,0.0941203765928372,-0.326323816180252,1.42127339638885,0.0988438274744155,0.0988438274744155,0.112811216299485,0.53986701262119,0.653501940049238,0.786976478454519,0.726704572512816,0.536367842237547,-0.360656915811526,-1.62188061661474,1495791399.54176,371.0000000001,0.000363190673152213,0.00348780847519526,0.702197390388771,1.53004220555336,5428.71701472308,0.001953125,239,1,"SNETWORK (1 137 5428.71701472308 0.702197390388771 87000037 239)",87
137,87000038,0.720911790944502,173,-0.166057912338905,-0.453200003638288,-0.550040856219537,-0.551846948500872,-0.54975087933226,-0.0148397137195561,-0.0453246170250946,-0.72755016090603,-0.423598163583382,-0.198668606342876,-0.0193052778786177,0.197787336285083,-0.198668606342876,-0.198668606342876,-3.72625063663926,0.182435701346482,0.03300450341256,-0.70541807890956,0.150274039083801,0,0,0.264817487664191,0.333376028400019,0.720911790944502,1,-1.30763150733979,-1.19905620113027,-1.15418030238331,0.174804989389027,0.711559968169072,0.575510846345295,-0.42359067463111,-0.844701376717482,0.0715796501444412,1.0000000001,0.000132351004999022,0.128547376514918,2075.0000000001,0.493194997643198,0.493327348548197,0.0216211118464045,-0.755152109372636,-1.75013064264636,0.259179117887789,0.46944753775039,0.556545456210497,0.0093937023903569,1.19999600046573,0.0699878776320273,0.339814185141251,-0.513342809533333,-0.219784335197266,0.371599469966071,14.0000000001,5.202392578225,0.371599469966071,14.0000000001,5.202392578225,0.526045840779596,0.872989048373603,1e-10,0.983811605623729,0.805804612022765,0.309696037360015,1.16727947658446,0.011186450510944,0.0063568088844351,0.0758219226153097,0.0811829249724543,0.0589099043039185,-0.691456465196476,0.127521065811004,-0.686034587116666,-0.640341098553162,-0.640341098553162,-0.512720571786149,0.335533003438711,0.209792567698282,0.450188765643276,0.22473862059306,0.196200513151766,0.373912525951563,-0.672299200525771,12258395611.6139,2075.0000000001,5.80055761295812e-06,0.0216153111887915,0.669137750364522,0.291054657660425,5371.2936908408,0.001953125,181,1,"SNETWORK (1 137 5371.2936908408 0.669137750364522 87000038 181)",87
328,87000039,0.8678133755282,278,0.833942087661095,0.661934694919581,0.679648502105189,0.676245639047415,0.674971766192546,0.855658729959762,1.02503592669849,0.235707220356246,0.088527942537974,-0.0548748085295359,0.262957401224486,-0.278737075726033,-0.0548748085295359,-0.0548748085295359,-4.24286012857374,-0.102207331626456,0.0168558941863643,1.08758697883933,-0.355237156984806,-0.560339494672534,0.667148486569063,-0.788859635579387,-0.682989322922567,0.8678133755282,8,0.120509540211703,-0.72473164712825,-0.710265366288617,-1.0988274654718,0.853820032239839,-0.315685864202159,0.0885356721254016,-0.166089642492934,0.192024522375501,3876.0000000001,1.44095289313,0.0723301715116877,792.0000000001,0.11090573334546,1.55185862637546,0.0465688572526204,-0.535821299765484,-0.235898568204593,0.342620420926411,-0.263960403228543,-0.509172840077805,-0.732767322434037,0.0902187123726975,-1.38672003286648,0.239026054829549,-1.05999793458707,-1.28602395417704,0.828681640725,25.0000000001,20.717041015725,0.828681640725,25.0000000001,20.717041015725,0.608388096482967,0.916630561066687,1e-10,0.14635490767514,-0.0180583862728895,-0.227582125541431,-0.031251702991816,1,0.955946779738605,1.27717508738715,1.28529677079185,1.31366454417867,0.142386003760104,0.718606210367442,-0.0131975799731164,0.15071834412058,0.15071834412058,-0.0730848588344036,-0.922339560406159,-0.55520002633837,-0.418902063240395,0.556933128333081,-1.00167235461277,2.45485439393297,0.952664689338043,0,3876.0000000001,0.0432407490624459,0.00332810809017451,0.304334338108833,0.539736058658182,18923.0493354096,2.91038304567337e-11,490,1,"SNETWORK (1 328 18923.0493354096 0.304334338108833 87000039 490)",87
137,87000040,0.493367892006594,140,-0.166057912338905,-0.453200003638288,-0.550040856219537,-0.551846948500872,-0.54975087933226,-0.0242263632630219,-0.0552703209150122,-0.679296740760744,-0.40535313015565,-0.106392003332449,-0.00483718153044314,0.135897869750078,-0.106392003332449,-0.106392003332449,-1.16092936599564,0.155533198153817,0.047246528671698,-0.68729149420698,0.122161427363299,0,0,0.264817487664191,0.333376028400019,0.493367892006594,1,-0.400388119399272,-1.68480141248896,-1.58505671129884,-1.36505845816821,0.4780979661061,-0.376079794433931,-0.40510636049442,0.145063134508704,0.072026502751981,611.0000000001,0.0813712303761359,0.114752904267213,651.0000000001,0.13812809392481,0.219499324200946,0.0142703793130062,-0.91036498663973,1.30155285256337,0.128423111403444,-0.282221387402304,-0.159932208803527,0.266048997202025,0.757750662887904,1.18270962628626,0.00564033365704636,-1.86229247562051,-0.883897100677887,0.277750651141667,6.0000000001,1.66650390635,0.277750651141667,6.0000000001,1.66650390635,0.225410055130186,0.0951922382615349,1e-10,0.289170043609593,0.615882867655837,0.154764627286219,0.933694714875093,0,0,-0.0247221470926315,-0.0137666363416769,-0.010171333593027,-0.155919280421875,-0.398994563242115,0.380955147187497,-0.157226046773327,-0.157226046773327,-0.147389840524467,0.391406462887497,0.779218514656869,0.770917190999054,0.233978421900715,0.956893317036521,-0.348015682055062,-0.581393099625866,0,651.0000000001,0.00529021361603504,0.0089801655969712,0.562892800103837,1.48638170487973,5186.75029638153,0.001953125,225,1,"SNETWORK (1 137 5186.75029638153 0.562892800103837 87000040 225)",87
140,87000041,-0.265394457151039,145,0.016376969797183,0.0406255841243769,0,0,0,-0.095946980669134,-0.000420291270030401,-0.586910197727345,-0.0505198356033647,0.960986521518683,-0.742411018249746,0.989035034700968,0.960986521518683,0.960986521518683,-3.3456463367475,0.335134928340031,0.521998703522627,0.613414190978343,0.125108884171991,0.45221133369877,-0.305856068890666,-0.190739766812213,-0.0312046492625428,-0.265394457151039,2,0.416742427774209,0.0617285894700617,0.0618593205626196,-0.697297578963718,-0.276035846702391,-0.698351319265887,-0.0505191426573238,0.321700278069304,0.300344836346264,9012.0000000001,4.33073226289847,0.0505665548966794,3476.0000000001,0.281230951256975,4.61196321405545,0.0744891310996029,0.0609985750233652,0.153452044768086,1.1785617924749,-0.379397793181608,-0.656956629912771,-0.76633659408426,-0.68035986009414,-0.788685419327726,-1.14878031921727,-0.418737323976207,-0.420713719491026,0.0918143137160714,42.0000000001,3.856201171975,0.0918143137160714,42.0000000001,3.856201171975,0.129572046902372,0.182038914389931,1e-10,0.414925901717101,0.574233868079977,0.0438571712772022,0.719802148414334,0,0,-0.0247221470926315,-0.0137666363416772,-0.010171333593027,-0.187021944301071,0.478159600437018,-0.600108590844266,-0.187646121320849,-0.187646121320849,-0.0639225176913669,-0.360545105740381,-0.136610188188811,-0.140461638791667,-0.340572199756731,0.0191689785704501,0.301547490069969,-0.25630848783367,0,9012.0000000001,0.0699468898346071,0.00454224116499582,0.225857283483584,1.92717288434505,6581.59738571226,0.000244140625,305,1,"SNETWORK (1 140 6581.59738571226 0.225857283483584 87000041 305)",87
56,87000042,-1.07319732586357,22,0,0,-0.0539298651555209,-0.0526282971591558,-0.0497659234028937,-0.323698862040206,-0.0522330113348855,-0.466194404918573,0.00794070667711184,1.01142459695065,-0.674887140757091,0.910594605866964,1.01142459695065,1.01142459695065,0.0898281419253397,0.14970588758905,0.320277185210939,0.122539750891536,0.0113522672524334,0.396949460069245,-0.3182243350896,0.145121969788322,0.0313608172450206,-1.07319732586357,2,1.06850456441956,0.369843056336476,0.373119843011042,-1.06057223508309,-1.07347744021466,-0.271867799070537,0.00795952009866615,1.8137392288087,0.242778256006369,13124.0000000001,5.09795492892001,0.0609559159632633,10127.0000000001,0.987680896014795,6.0856358248348,0.0772567614849223,0.412882588016576,0.028236873828437,0.211486790051398,0.0321952247423787,-0.231390350298735,-0.848036584418959,-0.477586124805376,-0.689964636885561,-0.661390040218626,-0.128179750969918,-0.140004221797586,0.835028754440278,72.0000000001,60.1220703126,0.835028754440278,72.0000000001,60.1220703126,2.33305551113275,0.926094110120035,1e-10,0.243804600756416,0.299515346859554,1.92750234415863,0.0627662677792346,-0.0232557920329048,-0.14537465218179,-0.0456386537822682,-0.0156235779160857,3.8573928898018e-16,-0.0783717436972387,0.317294222540649,-0.742200197926756,-0.0800257606025895,-0.0800257606025895,-0.234851952061878,-1.14103980064707,0.699172065607053,0.754084045346534,0.162603264806426,0.885733564735427,0.272056569639384,-0.0963243137931496,0,13124.0000000001,0.0647182149622138,0.0125385464227086,0.385392994457557,2.10919038346297,5863.51352580347,0.00048828125,42,1,"SNETWORK (1 56 5863.51352580347 0.385392994457557 87000042 42)",87
140,87000043,-0.254409183404497,148,0.016376969797183,0.0406255841243769,0,0,0,-0.0960746515834935,-0.000258946679413323,-0.616396743187052,-0.0510954798145467,0.960310854057906,-0.746434482497815,0.991657395625993,0.960310854057906,0.960310854057906,-3.41573563332291,0.336397462686224,0.52327364890546,0.616921403774776,0.125862616861359,0.45221133369877,-0.305856068890666,-0.190739766812213,-0.0312046492625428,-0.254409183404497,2,0.551709848745506,0.262177416684658,0.263910325604845,-0.646354471820488,-0.261511009745361,-0.318749994850962,-0.0510460469379658,0.162930935512956,0.484072738311831,3814.0000000001,2.95400547776138,0.0608092425070778,2095.0000000001,0.203832580648353,3.15783805830974,0.0436036675508099,0.28032473911597,-0.34080427009786,-0.298053891795534,-0.325535939918221,-0.495412018011123,-0.523740884745772,-0.460671599796221,-0.461614314000917,-0.71472820439522,-0.184419638559087,-0.185162551403418,0.0842440167170635,63.0000000001,5.307373046975,0.0842440167170635,63.0000000001,5.307373046975,0.0660575948000053,0.193326230201853,1e-10,-0.86418362195559,-1.1932609211007,-0.689998304616137,-0.605171966110062,-1.03276561575505e-16,0,-0.0247221470926318,-0.0137666363416772,-0.010171333593027,0.340452741016061,0.691243634482798,-0.559068201031851,0.372337462271713,0.372337462271713,0.485777031057748,-1.95036729005265,-0.323149329131016,-0.470676568769462,-0.531078577279917,-0.134317793578409,-0.15782419709923,0.0180981563941025,0,3814.0000000001,0.0407891317165393,0.00281453573427054,0.244410886551513,0.514158135885165,6600.20003932319,0.000244140625,297,1,"SNETWORK (1 140 6600.20003932319 0.244410886551513 87000043 297)",87
137,87000044,-0.60525649168279,45,-0.169336007143403,-0.45983907781187,-0.612877153222713,-0.614349237474709,-0.609405455638136,0.00867886939047368,0.0102034237458084,0.0276720604663093,-0.36060171557728,0.109094211733476,-0.0533446966572499,-0.0187463655221691,0.109094211733476,0.109094211733476,0.541432776628506,-0.0164558673022311,-0.0976361438203718,-0.932447723145176,-0.0106556868295375,0.0677281446396492,-0.117429098893948,0.617705950750841,0.326804535448277,-0.60525649168279,1,-0.656857533309548,-0.064842469406405,-0.0647818767374013,0.75201882922963,-0.58421176649502,1.83993132419249,-0.36058680497781,0.426468064203247,1.11942147779566,1218.0000000001,2.52103147605258,1.00343597452808,2958.0000000001,5.48813999571168,8.00917147166426,0.142845027931297,-0.0610269166341114,-0.570524836452715,-0.647401602203346,1.35342975503385,2.02741688650221,1.47226757617133,0.807632390682511,1.69349760602424,0.180637979823595,2.93633708961658,1.60259662165341,0.458925189493939,33.0000000001,15.1445312501,0.458925189493939,33.0000000001,15.1445312501,0.364492172990955,0.365323546416197,1e-10,0.704321101369415,0.497292189397158,1.77980379707497,1.07930732711227,0,-0.0237508656972547,-0.011393439434306,-0.00634452819594514,-0.0169298813802849,0.606574692670314,-0.844519303673368,-0.203943360154912,0.693512759343731,0.693512759343731,-0.19925851126298,0.46002810872352,-1.3022318807129,-1.38103550981254,-1.25311324134621,-1.08177403180228,-0.538521623589522,-0.363020556550361,7645928803.97199,2958.0000000001,0.0449630542465697,0.0978819735847272,0.249014706092856,1.7281884356959,4641.55611281736,0.001953125,113,1,"SNETWORK (1 137 4641.55611281736 0.249014706092856 87000044 113)",87
56,87000045,-0.595307111132323,82,0,0,0,0,0,-0.232585917737695,-0.0265010265232667,-0.375613965854531,-0.00714730879767484,0.975127033787772,-0.658931860106312,0.910989485030466,0.975127033787772,0.975127033787772,-0.157429183456393,0.207312181430904,0.382941586141447,0.29458192109044,0.0441561269440594,0.442037567785408,-0.329724348592432,0,0,-0.595307111132323,2,0.275053644962725,0.613289045144257,0.621606924859197,0.155592199036407,-0.583643771521028,0.401712611188324,-0.00713199649627524,1.41483942483457,0.380201766700503,5676.0000000001,3.45284036365622,0.229427166889805,8981.0000000001,3.296776616,6.74961697955622,0.0708776647873824,0.756428519408465,-0.385557800595364,0.130656557097693,0.187596215845496,0.664272247281415,1.15337218627132,-0.244150396286503,0.775459443036505,-0.313807565756732,1.43176232559961,1.5334930311401,1.30136447492639,54.0000000001,70.273681640725,1.30136447492639,54.0000000001,70.273681640725,2.77736816807564,1.6214008533293,1e-10,0.282218055440668,0.178387877020549,-0.145417795869519,0.167410907482265,-0.0232557920329049,-0.14537465218179,-0.0247221470926318,-0.0137666363416772,-0.010171333593027,0.28892124577179,0.477748248788878,-0.522658246997397,0.313296384220728,0.313296384220728,0.686118179747924,-0.204304597803189,-0.839872720210442,-0.719355025362467,-0.174396839035867,-1.01097435886309,-0.121380386624224,-0.311193320700459,0,8981.0000000001,0.0362582443199486,0.0346194203674338,0.828432785940331,0.36171702388674,6217.90489651987,0.00048828125,76,1,"SNETWORK (1 56 6217.90489651987 0.828432785940331 87000045 76)",87
56,87000046,-0.954733522524937,38,0,0,-0.0539298651555209,-0.0526282971591558,-0.0497659234028937,-0.316198287662392,-0.0482059965483263,-0.462450929100996,0.00589477394478082,1.0080004351622,-0.667168070172464,0.909994133522569,1.0080004351622,1.0080004351622,0.0422011209542716,0.155417740596246,0.326780619448419,0.140912996624912,0.014437815355882,0.396949460069245,-0.3182243350896,0.145121969788322,0.0313608172450206,-0.954733522524937,2,-0.00401352681480375,0.784168272140888,0.797161166582697,0.924629842779606,-0.958287949109066,-0.341874612277448,0.0058950595708692,0.234836833123572,0.457057720713088,11827.0000000001,8.6489946587983,0.049249817846629,8810.0000000001,0.694225431055898,9.3432200897542,0.0858988817803807,1.03908984444095,1.00085972176761,0.0985683161735053,-0.347166895672151,-0.0581263635502327,0.726306212936442,-0.677367528752413,0.424877576687933,-1.06264806113789,0.241420530932628,0.263192351911571,0.644930013120833,90.0000000001,58.043701171975,0.644930013120833,90.0000000001,58.043701171975,2.24209007863823,0.642656811820816,1e-10,-0.271694547768116,-0.179641844804696,-0.306608533339539,-0.209427121567169,-0.0232557920329049,-0.14537465218179,-0.0456386537822686,-0.0156235779160857,0,0.101698623586331,0.562633858830754,-0.651523618189232,0.106934880459718,0.106934880459718,-0.918048094317188,-0.92578333150857,0.63587913287241,0.783127326980029,0.0391178261703267,0.863696871691427,0.288890719112375,-0.14062321961632,0,11827.0000000001,0.0795163724832331,0.00638250919714758,0.504000405950575,2.68851973861456,5958.38862267786,0.00048828125,82,1,"SNETWORK (1 56 5958.38862267786 0.504000405950575 87000046 82)",87
137,87000047,-0.49397364778789,52,-0.169336007143403,-0.45983907781187,-0.612877153222713,-0.614349237474709,-0.609405455638136,0.0215356456196128,0.0128066604488288,0.0271772315820452,-0.361870167616173,0.0964572919384646,-0.0382988206799301,-0.0164900776463678,0.0964572919384646,0.0964572919384646,0.519299054352053,-0.00743099321557175,-0.0885638585986945,-0.911734464837115,-0.00470415134291416,0.0677281446396492,-0.117429098893948,0.617705950750841,0.326804535448277,-0.49397364778789,1,-0.677737850475466,-0.478448573254016,-0.472609676746833,0.142886932550114,-0.488244839554639,0.914270084749044,-0.361863288440629,-0.50438614310482,0.082425508371665,188.0000000001,0.0286521244719606,0.0741615081236714,442.0000000001,0.0606091463034752,0.0892612706754358,0.00220420602865431,-0.386109656309258,-0.716179718898698,0.436291765213757,1.05521678703595,1.45227044620332,0.730614297894187,0.761497191089578,1.17547450726908,0.134505440644299,1.18142497423059,0.640819041765734,0.0500691732770833,12.0000000001,0.600830078225,0.0500691732770833,12.0000000001,0.600830078225,0.272052145208725,0.244280935252475,1e-10,-0.224550607319336,-0.0167449463571588,-0.246692402449462,0.309481296742117,0,-0.0440532202613966,3.42243995575329e-16,0,-0.0227070388776265,0.919976147620709,-0.722657740209937,0.212844981863394,1.10920423738515,1.10920423738515,-0.138305440726794,0.373072505969827,-1.20923853087727,-1.41379008550584,-1.50407689622405,-0.828655829197915,-0.73783398585553,-0.449181765491673,0,442.0000000001,0.000707531743633908,0.0014966741850204,0.271574290058572,1.01685152406934,4680.74124295679,0.001953125,158,1,"SNETWORK (1 137 4680.74124295679 0.271574290058572 87000047 158)",87
56,87000048,-0.8887171561051,48,0,0,-0.0539298651555209,-0.0526282971591558,-0.0497659234028937,-0.310701213981201,-0.0469315301109289,-0.467640188771665,0.00341202111833164,1.00622250758867,-0.672635779271526,0.917863870884957,1.00622250758867,1.00622250758867,0.00653925945090175,0.160706594163539,0.33217124676231,0.156677244928451,0.0174538754004111,0.396949460069245,-0.3182243350896,0.145121969788322,0.0313608172450206,-0.8887171561051,2,-0.482761861091908,-0.0175748934613311,-0.0175788613143956,0.499349936003334,-0.886505171264027,0.458290404088254,0.00341560654050501,-0.0748325021396945,0.194730130274152,5337.0000000001,1.66283952768172,0.166849532931825,8956.0000000001,2.3908870657649,4.05372659334662,0.0696689203992557,-0.0168430498563572,-0.641860754155508,-0.591775490717176,0.540071566515899,0.713867796383003,0.239852271001116,0.169348731325013,0.271777259034591,0.220771529250408,-0.64464991777689,-0.699708726800672,0.1544287110375,50.0000000001,7.721435546975,0.1544287110375,50.0000000001,7.721435546975,0.0396003634060854,0.0886808232829683,1e-10,0.0675472131377834,0.126680638499461,0.195357730756589,0.133665223063879,-0.0232557920329049,-0.145374652181789,-0.0376787896332842,-0.014916990307022,-0.00387078836919197,0.0906588347739745,0.204679146745812,-0.286096548381128,0.0951546837150818,0.0951546837150818,0.633444653872918,-0.601256404142529,0.268308466887599,0.318069684244347,-0.169604806008379,0.476171336936771,0.295785828141733,-0.0557976440016721,0,8956.0000000001,0.0285782062141395,0.0410907140851163,0.580142395427546,4.17286939388032,6019.29526027243,0.00048828125,81,1,"SNETWORK (1 56 6019.29526027243 0.580142395427546 87000048 81)",87
328,87000049,0.8678133755282,278,0.833942087661095,0.661934694919581,0.679648502105189,0.676245639047415,0.674971766192546,0.855658729959762,1.02503592669849,0.235707220356246,0.088527942537974,-0.0548748085295359,0.262957401224486,-0.278737075726033,-0.0548748085295359,-0.0548748085295359,-4.24286012857374,-0.102207331626456,0.0168558941863643,1.08758697883933,-0.355237156984806,-0.560339494672534,0.667148486569063,-0.788859635579387,-0.682989322922567,0.8678133755282,8,0.120509540211703,-0.72473164712825,-0.710265366288617,-1.0988274654718,0.853820032239839,-0.315685864202159,0.0885356721254016,-0.166089642492934,0.192024522375501,3876.0000000001,1.44095289313,0.0723301715116877,792.0000000001,0.11090573334546,1.55185862637546,0.0465688572526204,-0.535821299765484,-0.235898568204593,0.342620420926411,-0.263960403228543,-0.509172840077805,-0.732767322434037,0.0902187123726975,-1.38672003286648,0.239026054829549,-1.05999793458707,-1.28602395417704,0.828681640725,25.0000000001,20.717041015725,0.828681640725,25.0000000001,20.717041015725,0.608388096482967,0.916630561066687,1e-10,0.14635490767514,-0.0180583862728895,-0.227582125541431,-0.031251702991816,1,0.955946779738605,1.27717508738715,1.28529677079185,1.31366454417867,0.142386003760104,0.718606210367442,-0.0131975799731164,0.15071834412058,0.15071834412058,-0.0730848588344036,-0.922339560406159,-0.55520002633837,-0.418902063240395,0.556933128333081,-1.00167235461277,2.45485439393297,0.952664689338043,0,3876.0000000001,0.0432407490624459,0.00332810809017451,0.304334338108833,0.539736058658182,18923.0493354096,2.91038304567337e-11,490,1,"SNETWORK (1 328 18923.0493354096 0.304334338108833 87000049 490)",87
137,87000050,0.546832264388535,148,-0.166057912338905,-0.453200003638288,-0.550040856219537,-0.551846948500872,-0.54975087933226,-0.00316045163125642,-0.0459678139865308,-0.669939596347164,-0.408198368176655,-0.126330493241436,0.0221338923058537,0.103972236003772,-0.126330493241436,-0.126330493241436,-1.41841006222951,0.151432008753528,0.0378176925741627,-0.696369011951051,0.119414911727445,0,0,0.264817487664191,0.333376028400019,0.546832264388535,1,-0.809815633492752,-0.821878741053916,-0.802764547895922,-0.119458693863323,0.539865893343703,-0.0713389722849947,-0.406487371527084,-0.48075057625565,0.353013560571092,896.0000000001,0.584839561371066,0.251061767891225,1778.0000000001,0.825371908673021,1.41021146994409,0.0457138387968425,-0.587491963215215,0.149171257099766,-0.441832227275041,0.0500044590958848,0.0549348504246749,-0.121405853377784,0.387279297281858,-0.224626536198771,-0.361258055230889,-0.914282494727596,-0.420715163754224,1.4291015626,20.0000000001,28.5820312501,1.4291015626,20.0000000001,28.5820312501,0.952620612377609,1.81185690144157,1e-10,0.41154621611587,0.645542683464405,0.461684213720474,0.673717987760898,0,0,0.0564512491852726,0.0628900817507518,0.0456008136035468,-0.895481269736215,0.175243744431802,-0.672061570986669,-0.803348630260097,-0.803348630260097,-0.314327060506291,0.405586386888271,0.271935315335034,0.506505271279653,0.455983010166459,0.161679169887359,0.523427830586127,-0.233983119072583,25345414442.6784,1778.0000000001,0.0189583349300325,0.02675550376681,0.58871916539913,2.8079979443343,5231.60970011267,0.001953125,234,1,"SNETWORK (1 137 5231.60970011267 0.58871916539913 87000050 234)",87
56,87000051,-0.515178771380426,97,0,0,0,0,0,-0.211628576204675,-0.0219848294912321,-0.369142614673228,-0.00981319131046356,0.968555268927692,-0.657004462613358,0.914139549862847,0.968555268927692,0.968555268927692,-0.217212392119367,0.219323815455336,0.396308097790775,0.325196852939777,0.051674806682735,0.442037567785408,-0.329724348592432,0,0,-0.515178771380426,2,0.0714793981926561,-0.236384380374285,-0.235117894103582,-0.609080543883228,-0.519347323738102,-0.154113092643961,-0.00981262817754787,0.650062135760293,0.63565206960743,4872.0000000001,4.95503501232014,0.120400852512537,5946.0000000001,1.14544554961094,6.10048056183108,0.124490521907994,-0.208514428040857,-0.359015986328849,-0.365429958090481,-0.147434993879595,-0.132850392665665,-0.0488006769043026,-0.0798230025804559,-0.0523367536530806,-0.0957724059786329,0.255684868943037,0.272926398709629,1.30154854920714,35.0000000001,45.55419921885,1.30154854920714,35.0000000001,45.55419921885,1.69545333129624,1.62167530815452,1e-10,-0.333637176248555,-0.578917516050536,-0.460424968994675,-0.292013809861164,-0.0232557920329049,-0.145374652181789,-0.0247221470926318,-0.0137666363416772,-0.010171333593027,1.00632361204313,0.974656309396876,-0.244516314351475,1.23138332139888,1.23138332139888,0.599636464233767,-1.61038281745124,-0.0100502701658841,0.202864394128557,1.08339803578529,-0.537659050974943,0.136766180078153,0.0892848202753988,0,5946.0000000001,0.101115787191874,0.0233747346161198,0.939193660831466,1.5927900839597,6306.50348073066,0.00048828125,65,1,"SNETWORK (1 56 6306.50348073066 0.939193660831466 87000051 65)",87
318,87000052,-0.0598477689463911,56,0.849676501735058,0.527879359151426,0.449959143780463,0.448153051499128,0.45024912066774,0.909095036959554,0.947546725234332,0.49883371682748,0.68430230707304,0.017526275442915,0.388227971648195,-0.089491248413707,0.017526275442915,0.017526275442915,0.164839944494852,-0.841130536912792,-0.678722376812114,0.110587909091714,-0.93577615509384,-0.604424467785202,0.699593179675348,-0.759818089809216,-0.694672009762475,-0.0598477689463911,8,0.514673889268933,0.281819339314794,0.283800076938679,-0.583390393073013,-0.066777783670555,-0.0174484828462893,0.684302781417919,-0.0592120470743252,0.229541311816166,5442.0000000001,2.41840325184041,0.136336638952499,8683.0000000001,2.29187910738007,4.71028235912048,0.064049796275499,0.303695095943294,0.0682830242872921,1.35258647906707,-0.215711328392287,-0.0741455513139936,0.302350516008726,-0.280654986942955,0.266179676919083,0.29864371725842,-0.0702528746117633,-0.147209603218499,0.442003615459043,47.0000000001,20.774169921975,0.442003615459043,47.0000000001,20.774169921975,1.20758668600052,0.977961657077308,1e-10,-0.92520444891042,-1.25119754606917,-0.889044694172533,-0.715730996214149,1,0.867841683603147,1.32904696563017,1.34213135648708,1.36723184200025,-2.21352511729226,-0.235302743733507,-0.0846601361435206,-1.6315417772043,-1.6315417772043,1.87138939043179,-1.26440982731801,2.58701566238403,3.06608839309384,2.99551280723636,1.97710898904325,-1.17198779066071,-1.59834290847644,0,8683.0000000001,0.0328851273740517,0.0311646688014473,0.0334091232094246,1.85056085884571,17549.5011518405,5.82076609134674e-11,316,1,"SNETWORK (1 318 17549.5011518405 0.0334091232094246 87000052 316)",87
56,87000053,-0.859681262321623,51,0,0,-0.0539298651555209,-0.0526282971591558,-0.0497659234028937,-0.31111504077119,-0.0460952989109851,-0.468783350573554,0.00308087801167107,1.00528640810635,-0.671981002721891,0.917788325333245,1.00528640810635,1.00528640810635,0.00166610789526911,0.161752856516041,0.333318738725988,0.160161807187049,0.0180025550952981,0.396949460069245,-0.3182243350896,0.145121969788322,0.0313608172450206,-0.859681262321623,2,-0.474613013581081,-0.349687432860579,-0.346725328327132,-0.00392675879569355,-0.863457717111948,0.186889149041167,0.00325413852052629,-0.505920332329234,0.272532154066589,4740.0000000001,2.06688385578087,0.137756390517229,4245.0000000001,0.935641403813034,3.0025252594939,0.0669853633498194,-0.295769987781105,0.750700197821026,-0.113309774416204,0.599661503323013,0.458920929641814,-0.635836613012656,0.238133825126928,-0.896325555981756,0.296939604025211,-0.0113172370601538,-0.0108491609019349,0.601817738026136,22.0000000001,13.239990234475,0.601817738026136,22.0000000001,13.239990234475,0.281134797343148,0.57837639264729,1e-10,-0.355904287580783,-0.219207995588037,-0.197249532255042,-0.088629303961199,-0.0232557920329048,-0.14537465218179,-0.0456386537822682,-0.0156235779160853,0,0.571390827664431,-0.934784990359923,0.421253873900049,0.649437740212077,0.649437740212077,-0.675909564796354,0.685307573879426,-1.70729566850874,-2.00044730373615,-2.47599048468241,-1.00196339704916,-1.40621128726896,-0.396392594725183,0,4740.0000000001,0.0461115074502049,0.0208738557996145,0.604210915580436,0.146025953814387,6038.54787823605,0.00048828125,75,1,"SNETWORK (1 56 6038.54787823605 0.604210915580436 87000053 75)",87
56,87000054,-1.13709508192388,14,0,0,-0.0539298651555209,-0.0526282971591558,-0.0497659234028937,-0.322665830354786,-0.0525335963041864,-0.462501810780812,0.00811842123831769,1.01128468639583,-0.675155567381758,0.91070050327011,1.01128468639583,1.01128468639583,0.0941659990144149,0.149200205084267,0.319694563791768,0.121018237492116,0.0110672594324447,0.396949460069245,-0.3182243350896,0.145121969788322,0.0313608172450206,-1.13709508192388,2,0.940242395212096,-0.216012414002819,-0.214972420201384,-1.36374063694655,-1.13174952389949,0.527889907803388,0.00812180858622606,2.21495528413682,0.349942068440047,6888.0000000001,3.85664154685874,0.0752349581492348,4185.0000000001,0.503773279197252,4.36041482595599,0.0875680098462084,-0.19200183723167,-1.44683489830257,-1.31899074481963,0.517201218872157,0.297491131761564,-0.924310598141308,0.348642655392727,-1.18032164261866,0.421919834170948,-1.41669385202508,-1.54868094107022,0.415738192571591,44.0000000001,18.29248046885,0.415738192571591,44.0000000001,18.29248046885,0.502270663133606,0.300931716968166,1e-10,-1.81123809189597,-2.06188341386577,-1.03512627380496,-0.715990652378098,-0.0232557920329049,-0.14537465218179,-0.0456386537822686,-0.0156235779160857,0,-0.80719384808039,-0.579059454777766,-0.188928006944589,-0.734136967750197,-0.734136967750197,1.49401491390751,0.50752131817821,-0.122423724823722,-0.357582261904857,-0.527271844237238,0.133549606559989,-0.124018743980514,0.389929162254779,0,6888.0000000001,0.0774509852942499,0.0101170244519585,0.329236670095818,1.89873929601163,5818.59359502627,0.00048828125,19,1,"SNETWORK (1 56 5818.59359502627 0.329236670095818 87000054 19)",87
140,87000055,-0.316086135681955,134,0.016376969797183,0.0406255841243769,0,0,0,-0.0909578986174246,0,-0.51718766707156,-0.0486719651751662,0.963163161000123,-0.730840759731738,0.978868994940914,0.963163161000123,0.963163161000123,-3.13405121564914,0.332068529404651,0.518711359565407,0.603149851763931,0.123507310139784,0.45221133369877,-0.305856068890666,-0.190739766812213,-0.0312046492625428,-0.316086135681955,2,0.37893734278278,1.06142145804067,1.08369254401943,0.663191495849,-0.322963993281092,-0.581990725141063,-0.048671449664478,0.132582842155328,0.22879859635208,1229.0000000001,0.449909559769711,0.105375346218551,24095.0000000001,4.06243034365894,4.51233990332865,0.0334468332750644,1.58477135263417,-1.02748050786752,-0.886140432527786,-0.58250870312918,-0.555703543777778,0.0932029697581841,-0.875540332935393,0.0381850465477943,-1.69255371253497,0.0117308479465029,0.0120746756391474,0.0703900951823643,129.0000000001,9.080322265725,0.0703900951823643,129.0000000001,9.080322265725,0.0990757066769087,0.213982432675314,1e-10,-0.158084119109925,0.179952822422561,-0.169744239081203,0.0954605050152107,0,0,-0.0247221470926318,-0.0137666363416769,-0.010171333593027,-0.31740004540678,0.43658579697822,-0.648828913235092,-0.311864504277684,-0.311864504277684,-0.0233939501194461,-0.115170591107525,0.0336483094451795,-0.0449441497141355,-0.0821006287394492,0.11607488978533,0.416868505918943,-0.0339132182831337,0,24095.0000000001,0.00333486623544747,0.0301119669396169,0.157949945189323,7.0659049704777,6513.5105193875,0.000244140625,306,1,"SNETWORK (1 140 6513.5105193875 0.157949945189323 87000055 306)",87
318,87000056,-0.0678140745336629,54,0.849676501735058,0.527879359151426,0.449959143780463,0.448153051499128,0.45024912066774,0.909359642363043,0.94748950325414,0.49883371682748,0.684525475866428,0.017684878578189,0.388817539093042,-0.0892489278630255,0.017684878578189,0.017684878578189,0.159110633197037,-0.839997092331518,-0.677237246993683,0.114092210345513,-0.93514795151827,-0.604424467785202,0.699593179675348,-0.759818089809216,-0.694672009762475,-0.0678140745336629,8,0.476972521678201,0.222086473459581,0.223362015943613,-0.602118260962611,-0.071657632300588,-0.0485423279747639,0.684603564833184,-0.0446456242730909,0.548966166582927,12359.0000000001,13.1352466707598,0.167044164364013,315.0000000001,0.101871144134448,13.2371178147942,0.188594668593052,0.233707422764206,0.749141529621945,0.21352274345267,-0.102330647089789,-0.0985767597420532,-0.0864257399483934,-0.267761255325494,-0.0758614837670839,0.317680726168145,-0.0653822098070806,-0.137100808567442,0.213778409190909,44.0000000001,9.4062500001,0.213778409190909,44.0000000001,9.4062500001,0.710039002076813,0.63767778449911,1e-10,0.336905438193215,0.150670613689538,2.06551209504261,-0.168459149033021,1,0.867841683603147,1.15216222552802,1.16418216806147,1.17853025420371,-0.782555893216284,0.519869939195993,0.250148893434155,-0.71446480965602,-0.71446480965602,-0.706121577571404,-1.14375378720347,0.65839231437601,0.859255991051527,1.40340457795452,0.19747999620679,1.49864300571665,0.993933809709882,0,12359.0000000001,0.187143268353902,0.00145140013914944,0.019672411575237,1.93182442104707,17533.221822487,5.82076609134674e-11,310,1,"SNETWORK (1 318 17533.221822487 0.019672411575237 87000056 310)",87
137,87000057,0.592484523563899,156,-0.166057912338905,-0.453200003638288,-0.550040856219537,-0.551846948500872,-0.54975087933226,-0.00705322825470621,-0.0496265240364618,-0.69880134367191,-0.410419061765574,-0.136608770158132,0.0152713368156162,0.117057620191361,-0.136608770158132,-0.136608770158132,-1.63218398901843,0.152076745844007,0.0327984090925404,-0.704910270599551,0.121142403310851,0,0,0.264817487664191,0.333376028400019,0.592484523563899,1,-1.48797800854805,-1.65606434864721,-1.56035012254644,-0.161172351712957,0.581281346631696,0.588463683629932,-0.410367690905576,-0.838571798246141,0.352105853300521,106.0000000001,0.0690107035547741,0.143728018050287,390.0000000001,0.103643814545503,0.172654518000278,0.0109634405547071,-0.902709368930594,-0.944460045122683,-0.233656759322712,0.90250309177135,0.466691823333102,-1.58747132255267,1.65063253015241,-6.39980907174066,0.754761139624518,-6.51736675304376,-3.02322190007184,0.43505859385,13.0000000001,5.65576171885,0.43505859385,13.0000000001,5.65576171885,0.0508094246872736,0.329738442895966,1e-10,0.822112376701628,0.893564947138914,0.403347418043134,1.59441066064863,1.03276561575505e-16,0,-0.0247221470926318,-0.0137666363416772,-0.0101713335930266,-0.277126935165448,-0.537678314943113,0.63804125941105,-0.274055172255322,-0.274055172255322,-0.286544268291516,0.5603559342545,0.634300789062289,0.684989412097863,0.321056955595872,0.717643664378112,-0.896864391772118,-1.45441754343136,10122405609.0856,390.0000000001,0.00438213113253636,0.0065813093221707,0.614688834614275,1.62941041309971,5276.71801724386,0.001953125,260,1,"SNETWORK (1 137 5276.71801724386 0.614688834614275 87000057 260)",87
137,87000058,0.24941351826629,108,-0.169336007143403,-0.45983907781187,-0.612877153222713,-0.614349237474709,-0.609405455638136,0.0155351021607988,-0.0204742812581213,-0.270309714006872,-0.383665718089898,-0.0190702267735087,0.0236712081753058,0.0396732283223909,-0.0190702267735087,-0.0190702267735087,0.147979374287985,0.0958851178431227,0.0112888961841134,-0.726880612211191,0.0701966989126868,0.0677281446396492,-0.117429098893948,0.617705950750841,0.326804535448277,0.24941351826629,1,0.18783788810498,-1.42187892617408,-1.35519702862596,-0.0794229690530002,0.242784588907232,1.34394287780962,-0.383650476872168,-0.783768501334514,0.250985415308907,42.0000000001,0.0194910449235061,0.294772158768612,332.0000000001,0.180951376160598,0.200442420984104,0.0105164654700769,-0.833579547848941,4.07530860002285,2.81586115182514,0.60963630351211,1.3463264177606,1.44378917116843,1.8587146736488,4.91751495948246,1.00077205387196,4.45047633191032,2.26150345183904,0.566761363736364,11.0000000001,6.2343750001,0.566761363736364,11.0000000001,6.2343750001,0.0254848534418817,0.526107324751873,1e-10,-0.195429984201445,0.0681305379372375,0.0504132218287143,0.123160368134739,-1.03276561575505e-16,-0.013767780099461,-0.0247221470926322,-0.013766636341678,-0.010171333593027,0.343168221085852,-0.308883673832524,0.511227680151665,0.375476213019855,0.375476213019855,0.461935391102121,0.592579036019992,-0.728420600015994,-0.805414556448701,-0.771945025887099,-0.55611012756218,1.3515749200517,1.64678152387413,0,332.0000000001,0.00102262234216148,0.00949384302791546,0.447877416077699,0.83694832213223,4986.97299561439,0.001953125,210,1,"SNETWORK (1 137 4986.97299561439 0.447877416077699 87000058 210)",87
140,87000059,-0.362531985740876,125,0.016376969797183,0.0406255841243769,0,0,0,-0.0905745453146169,-4.37927329885736e-05,-0.441349419155403,-0.0452504265641753,0.965224340624218,-0.723360296685265,0.969016055557097,0.965224340624218,0.965224340624218,-2.71157604438382,0.323838601591517,0.509519601881769,0.576532502926861,0.11908613605548,0.45221133369877,-0.305856068890666,-0.190739766812213,-0.0312046492625428,-0.362531985740876,2,0.442406229929165,0.195896045562582,0.196908641738709,-0.589311947259048,-0.369500431519443,-0.507226860017845,-0.0365350932034763,1.54129656437027,0.399648022163139,357.0000000001,0.228278950302273,0.10392416184109,6920.0000000001,1.15064831889638,1.37892726909865,0.0200524270128824,0.204021904504655,1.49343352776292,6.36241686947833,-0.576169960215394,-0.0109297128502609,1.25355699197551,-0.568598939688878,1.1736543266877,-0.891883489336042,1.86713322687099,1.92303783731601,0.256435818242361,36.0000000001,9.231689453225,0.256435818242361,36.0000000001,9.231689453225,0.105700699998488,0.0634118140001959,1e-10,0.639661312458219,0.594144572246685,0.0511099205474881,0.542280678696334,0,0,-0.0247221470926318,-0.0137666363416772,-0.010171333593027,-0.771567150136035,0.317564004090532,-0.565283020659936,-0.705639859650773,-0.705639859650773,0.145653309452861,-0.0957899495346725,0.114222715421596,0.0170233567492313,-0.251895935863834,0.311062910443044,0.503796813938498,-0.0277082560517424,1775557598.49495,6920.0000000001,0.00331964351390681,0.0167327833989756,0.109621870559142,1.45573202030707,6465.0546788299,0.000244140625,304,1,"SNETWORK (1 140 6465.0546788299 0.109621870559142 87000059 304)",87
137,87000060,0.352946359407754,123,-0.166057912338905,-0.453200003638288,-0.550040856219537,-0.551846948500872,-0.54975087933226,-0.0260264713318958,-0.0564844230453406,-0.566102227133411,-0.398772604455302,-0.0712977386086463,-0.020755978565656,0.158109602085755,-0.0712977386086463,-0.0712977386086463,-0.729297684774142,0.153592143173203,0.0541437565656354,-0.679571376048429,0.119302106691325,0.0244718896476977,-0.0463928842676715,0.415324305327625,0.335969349634022,0.352946359407754,1,-0.483235752993912,-0.750689217413059,-0.73505384515168,-0.489502823698147,0.34215808971837,-0.313074684116825,-0.398606780409728,0.192499770813785,0.243251743556197,3629.0000000001,1.63222593570051,0.0644498477161598,468.0000000001,0.055770571288262,1.68799650688878,0.051708728581038,-0.550008422777582,1.47376275629719,-0.199191296016657,-0.183533229734988,-0.430649720693389,-0.73014289970439,0.1102768273628,-1.41009145774471,-0.639606095798392,-1.12092378819739,-0.54195967447335,0.0605468751,20.0000000001,1.2109375001,0.0605468751,20.0000000001,1.2109375001,0.351349041078789,0.409209506721358,1e-10,0.708747399823473,0.751395011900849,0.11381563705632,1.20562203679424,0,0,-0.0247221470926315,-0.0137666363416769,-0.010171333593027,-0.403796303238029,0.0162029000925927,-0.524895406494419,-0.391322565960845,-0.391322565960845,-0.164459037549482,0.589822181914011,0.194648104681984,0.203176124450693,0.149864056462366,0.214067780829464,0.718801741929899,0.465555088197844,811536919.65565,3629.0000000001,0.050000297621609,0.00170843085942896,0.50283511897163,1.62539348733844,5082.4324129217,0.001953125,209,1,"SNETWORK (1 137 5082.4324129217 0.50283511897163 87000060 209)",87
137,87000061,-0.68909309181422,39,-0.169336007143403,-0.45983907781187,-0.612877153222713,-0.614349237474709,-0.609405455638136,-0.00718067713328355,0.00742708605387869,0.0216630657549793,-0.359576123695898,0.120274024228658,-0.0670799360971078,-0.00996729360556307,0.120274024228658,0.120274024228658,0.558962456379799,-0.0241516449601927,-0.105435472047009,-0.950538266113717,-0.0156734001085589,0.0677281446396492,-0.117429098893948,0.617705950750841,0.326804535448277,-0.68909309181422,1,-0.682729962358194,-0.182375341504733,-0.181658915544648,0.606453760965664,-0.676968001906886,0.941659011763698,-0.359572707047456,0.0547954205827516,0.285111473558814,3564.0000000001,1.87883972671926,0.140572222139054,1209.0000000001,0.314241222273996,2.19308094889325,0.0428937596614265,-0.164163453521947,0.591086249719419,0.208106695899,0.91822957319744,1.5474757904173,1.35875768497102,0.53512644793145,1.71621996355676,-0.0759726872231807,0.20026071213501,0.109479118680942,0.435489052320395,38.0000000001,16.548583984475,0.435489052320395,38.0000000001,16.548583984475,0.425944328785153,0.330380256645136,1e-10,-0.473991775200307,-0.564739598335552,-0.629368971114792,-0.28164359146148,0,-0.044053220261396,0,3.57648972802931e-16,-0.0227070388776265,0.903382110709114,-1.04213193902194,0.44617298228102,1.08611495332787,1.08611495332787,0.0664383535808683,0.223646044222743,-0.821328536943647,-1.00370097822751,-1.19915205483901,-0.462902263408552,-1.15749973932412,0.371332439647683,0,3564.0000000001,0.0367476173336911,0.00614614222773539,0.230779615559587,0.736123035670435,4609.882461533,0.001953125,205,1,"SNETWORK (1 137 4609.882461533 0.230779615559587 87000061 205)",87
137,87000062,0.827249464915726,184,-0.166057912338905,-0.453200003638288,-0.550040856219537,-0.551846948500872,-0.54975087933226,-0.00712834788253358,-0.0421208436982001,-0.713518363648652,-0.426902538577844,-0.219978004446029,-0.0233436172669013,0.19429007921565,-0.219978004446029,-0.219978004446029,-4.64742269490919,0.185973474551213,0.02743771760807,-0.718367704884407,0.155342874310578,0,0,0.264817487664191,0.333376028400019,0.827249464915726,1,-0.728355697091643,-2.17804867614799,-1.99121313720523,-1.44618246023333,0.815271603610091,0.399084542258772,-0.426898799918478,-0.65825770520566,0.0768243921058012,10.0000000001,0.00142048452562302,0.114878188380097,166.0000000001,0.0352600571259444,0.0366805415515674,0.00359530041828506,-1.0184771273347,1.24647575491444,0.923932093042973,0.20865893283181,1.26135205984399,2.54692664193769,2.05014507216246,16.1411818008602,1.01611919412672,7.23950144118069,3.22019645843564,0.3946923829125,1e-10,1e-10,0.3946923829125,1e-10,1e-10,0.298349094506155,0.318934092211261,1e-10,-0.419453419936176,-0.424085138419534,0.57352786006349,-0.381040612147421,-1.03276561575505e-16,-6.2602913664822e-16,-0.0247221470926315,-0.0137666363416776,-0.0101713335930277,-0.0344973784002515,-0.396217980136335,1.01337175576095,-0.0354770579850333,-0.0354770579850333,0.578675263578534,0.1103173300513,1.17014688895654,1.38261041963298,0.735639030034096,1.22626901535052,-0.0613560624765582,0.0405876642107567,13.7645072591061,166.0000000001,0.000139230990205112,0.00345606932807995,0.708842073609123,1.2174463074353,5440.25857404972,0.001953125,230,1,"SNETWORK (1 137 5440.25857404972 0.708842073609123 87000062 230)",87
140,87000063,-0.323150517462287,132,0.016376969797183,0.0406255841243769,0,0,0,-0.0899478173201054,0.00012707641714579,-0.504375418599234,-0.0484194234302947,0.963419247520809,-0.729289476404242,0.977522884663056,0.963419247520809,0.963419247520809,-3.10578688186587,0.33168769310974,0.518282602514144,0.601632304128551,0.123338916452244,0.45221133369877,-0.305856068890666,-0.190739766812213,-0.0312046492625428,-0.323150517462287,2,0.436622431494196,1.05096314692038,1.07285005790234,0.541951424623536,-0.330576783256044,-0.506321206044723,-0.0484195661170518,1.57989847711181,0.449493843551269,3641.0000000001,2.61857133450751,0.096482643500281,22100.0000000001,3.41162627073106,6.03019760513857,0.0450619721950492,1.56200279317728,-0.742585195262227,-0.537584137034507,-0.546391723286661,-0.521949077349731,0.0753505370944046,-0.836663074017956,0.0300660618569496,-1.56339828514044,0.082506023923358,0.0836557678613793,0.344853677140289,121.0000000001,41.727294921975,0.344853677140289,121.0000000001,41.727294921975,1.52795854046437,0.19524287649691,1e-10,0.452059043521408,0.499402096026331,0.134699160774584,0.541754955105129,0,0,-0.0247221470926318,-0.0137666363416772,-0.010171333593027,-0.447245495375033,0.404594311113134,-0.646552780388147,-0.43044605643697,-0.43044605643697,-0.239403488675848,-0.0999508407952088,0.0646317253951807,-0.0356021004447129,-0.242813169789517,0.239767097543781,0.455256663163927,-0.0348149021071413,0,22100.0000000001,0.0195678477105581,0.0254941243844911,0.145484596504983,5.00636162422597,6501.01221580381,0.000244140625,284,1,"SNETWORK (1 140 6501.01221580381 0.145484596504983 87000063 284)",87
56,87000064,-0.930929155943566,43,0,0,-0.0539298651555209,-0.0526282971591558,-0.0497659234028937,-0.315069422566336,-0.0483225742139812,-0.463864223146313,0.00559579339952038,1.00742207985114,-0.668883883598808,0.910976608973399,1.00742207985114,1.00742207985114,0.0447356716749249,0.155634086690036,0.326904755155335,0.142232358468329,0.0144717672530525,0.396949460069245,-0.3182243350896,0.145121969788322,0.0313608172450206,-0.930929155943566,2,-0.176465926786443,0.691933052180982,0.70229477001767,1.10989053302927,-0.920534630813619,0.636824106394775,0.00561232644239021,-0.0904956289615006,0.532252855481698,17758.0000000001,15.1227939294764,0.133896714362971,6080.0000000001,1.30254723644908,16.4253411658254,0.162241483379511,0.881905590358693,-0.136744227687854,-0.225090317935401,0.192940501454928,0.212022085031187,-0.115860480027648,-0.188622226934034,-0.076248370461848,-0.218767301512151,-0.291849116449523,-0.315043057633285,0.560574688588924,79.0000000001,44.285400390725,0.560574688588924,79.0000000001,44.285400390725,1.63992092759906,0.516882989666463,1e-10,1.08465758251912,0.74006526287092,1.92653589000583,0.704177899734253,-0.0232557920329048,-0.14537465218179,-0.0351803085670275,-0.0146952031345462,-0.00508577034261541,-1.33000702716347,0.185055436921085,-0.469307786595439,-1.1164569019195,-1.1164569019195,0.186641438335998,0.0411010054597568,-0.124148490371567,-0.13936769488317,-0.270210541821371,0,0.257499941216424,0.000842229009562487,12004598582.2606,17758.0000000001,0.149375559002219,0.0128659242772915,0.541942600809262,2.83004486910905,5988.7389133345,0.00048828125,91,1,"SNETWORK (1 56 5988.7389133345 0.541942600809262 87000064 91)",87
137,87000065,-0.623062040405746,44,-0.169336007143403,-0.45983907781187,-0.612877153222713,-0.614349237474709,-0.609405455638136,-0.00468345691385027,0.0074365097152385,0.0209083915124977,-0.359826204020255,0.117606577999148,-0.0655050375080859,-0.0107578180082197,0.117606577999148,0.117606577999148,0.558055376206681,-0.0227748023726224,-0.104138030260523,-0.94776130081456,-0.0147168468452261,0.0677281446396492,-0.117429098893948,0.617705950750841,0.326804535448277,-0.623062040405746,1,-0.666258740179601,-0.39421304213652,-0.390374345438508,0.246435402378244,-0.609586038598292,1.93854800427411,-0.359816221825554,-0.261344069600426,0.260736125453149,227.0000000001,0.109437058043782,0.58942903102725,323.0000000001,0.352023283221352,0.461460341165134,0.0106626321907857,-0.32802814884102,-0.649490686746953,0.436094271480699,1.74111996704215,1.98378670250793,0.141499716680418,1.12999792439574,0.225130672699785,0.469566906670917,3.93083190961406,2.14463776634597,0.0635986329125,12.0000000001,0.76318359385,0.0635986329125,12.0000000001,0.76318359385,0.264946305597676,0.224108505598841,1e-10,0.925155050600394,0.40106374855583,0.330919793980477,0.904545906248097,0,-0.0224862190769869,-0.0121031440465616,-0.00673973290556879,-0.0165700185535033,0.684495096410237,-0.896673619842743,0.661646110361485,0.792939395224514,0.792939395224514,-0.749186826228635,0.471855632227554,-1.29205869531626,-1.42626838866231,-1.35785263680919,-1.01462964280004,-0.208761086122357,-0.332706848424672,5491350011.5652,323.0000000001,0.00252868336043605,0.0081339487303497,0.246602198414051,1.1508054966249,4637.36567971806,0.001953125,100,1,"SNETWORK (1 137 4637.36567971806 0.246602198414051 87000065 100)",87
56,87000066,-1.15265045688671,12,0,0,-0.0539298651555209,-0.0526282971591558,-0.0497659234028937,-0.323054861639505,-0.0525968796567149,-0.462501810780812,0.00814648143219229,1.01130422226162,-0.675136966390222,0.910631499615728,1.01130422226162,1.01130422226162,0.094543028001949,0.149056923993627,0.31952150253505,0.120526134909335,0.0109913936019486,0.396949460069245,-0.3182243350896,0.145121969788322,0.0313608172450206,-1.15265045688671,2,1.11927088202182,0.225002528356857,0.226309114710491,-1.20741209016166,-1.14468255142241,0.318643718709297,0.0081462585201456,1.66344591282589,0.341060900164969,14662.0000000001,8.00101586689738,0.181983106701076,5172.0000000001,1.50594660384395,9.50696247064133,0.135141315752301,0.23704983532983,-0.440404484615646,1.01259936009582,0.240368234505826,0.392478915601039,0.23527988660259,-0.0619536601583262,0.2178024750847,-0.0485542095744956,-0.671854434498222,-0.734437019255885,0.869608216466525,59.0000000001,51.306884765725,0.869608216466525,59.0000000001,51.306884765725,1.94723513393555,0.977652101642399,1e-10,-0.775129345398607,-1.1378050493979,-0.90466303604738,-0.637737978079891,-0.0232557920329049,-0.14537465218179,-0.0456386537822682,-0.0156235779160857,0,-0.856444300501567,-0.443021321437527,-0.536988193260239,-0.772991278358678,-0.772991278358678,1.57903302394609,-0.268986298634451,0.0269745890721405,-0.15841001536302,-0.615744499925315,0.379534314728643,-0.124018743980514,-0.0963243137931496,0,14662.0000000001,0.113734309370043,0.0214070062822583,0.315547453817753,4.52834920424198,5807.643472229,0.00048828125,15,1,"SNETWORK (1 56 5807.643472229 0.315547453817753 87000066 15)",87
56,87000067,-0.74028496220451,65,0,0,-0.0539298651555209,-0.0526282971591558,-0.0497659234028937,-0.304454246943311,-0.0451511272831622,-0.480822923808228,-0.000153756734856767,1.00099514759836,-0.682530078838115,0.929837033185163,1.00099514759836,1.00099514759836,0.000217762121238023,0.167517759314796,0.338419199920174,0.176999302064204,0.0213358470038779,0.396949460069245,-0.3182243350896,0.145121969788322,0.0313608172450206,-0.74028496220451,2,-0.551693430225205,-0.0509469890315649,-0.0509168883860699,0.573212156529165,-0.74008643116412,0.0241719729218277,-6.35041907843112e-05,-0.1481830580465,1.05821169561478,8255.0000000001,13.9768600744474,0.133716750984061,2815.0000000001,0.602260246081305,14.5791203204287,0.257203501993543,-0.0482045324050509,-0.00708277140051805,0.14862934531366,-0.125481562625042,0.380144560395813,1.29022669098543,-0.0664483453597085,1.46883067763353,-0.0653649090441477,1.86029588887063,2.01170868144236,1.44977361515682,33.0000000001,47.842529296975,1.44977361515682,33.0000000001,47.842529296975,1.79560827065618,1.84267893995869,1e-10,1.01697377827175,0.576313450619771,0.357842387426021,1.29451420255104,-0.0232557920329048,-0.145374652181789,-0.0348459563895978,-0.0146655162536923,-0.00524835801125777,0.395487579124947,-0.779506646707239,0.569156076702335,0.436495521186156,0.436495521186156,-0.410727940493347,0.654130731122027,-2.11152745446795,-2.33957500793858,-2.4845357161492,-1.54096045457395,-1.38517411067374,-1.14711366500144,7213204784.82794,8255.0000000001,0.246578481939379,0.0106250199541646,0.709403354567931,1.44856479281195,6122.69222228472,0.00048828125,32,1,"SNETWORK (1 56 6122.69222228472 0.709403354567931 87000067 32)",87
318,87000068,0.584804876003625,215,0.826606769083661,0.576140491778701,0.449959143780463,0.448153051499128,0.45024912066774,0.951173283085296,0.96507432249361,0.661837948610239,0.627413627933644,-0.0488430507218707,0.355722621291952,-0.111879797242291,-0.0488430507218707,-0.0488430507218707,-0.62686336444941,-0.895967593372535,-0.749207924986058,-0.00796700341575088,-0.972875731401463,-0.603050539930755,0.694143931109334,-0.735182512335809,-0.673195464551723,0.584804876003625,8,0.0708427247824121,-0.422880265719336,-0.418411847447189,-0.79398538129749,0.575950625788833,-0.0325254424259301,0.627410410683407,0.66289407130281,0.189622240587166,5532.0000000001,2.03086365190535,0.134347446729258,488.0000000001,0.126928328429552,2.1577919802349,0.0509983344093667,-0.348219135306719,-0.245406458417594,-0.288684890881912,-0.135274289642349,-0.172108400526424,-0.19518241685172,0.132683346150467,-0.280104290755271,0.789374658004306,-0.399772053576613,-0.788371245910766,0.325016902143269,26.0000000001,8.450439453225,0.325016902143269,26.0000000001,8.450439453225,0.0715071860806593,0.165666237150956,1e-10,-0.457580844424972,-0.82205836605183,-0.0688390109664598,-0.657564809857959,1,0.955946779738605,0.975277852907368,0.986233363658323,0.989828666406973,-3.53991623216818,0.152801452334171,0.222838844828602,-2.17357716152882,-2.17357716152882,0.555291079466467,-1.89136277907746,2.61785444570169,2.73398843078625,2.33540826983986,2.35554974133404,-0.145750820985403,0.265523408486555,0,5532.0000000001,0.0479984467478813,0.00299988756148535,0.857906984337388,1.76206814086584,18526.6107097919,5.82076609134674e-11,423,1,"SNETWORK (1 318 18526.6107097919 0.857906984337388 87000068 423)",87
318,87000069,0.612628957475943,223,0.826606769083661,0.576140491778701,0.449959143780463,0.448153051499128,0.45024912066774,0.948285280682775,0.964584008624921,0.629809137001054,0.624058219487165,-0.052559838719684,0.346602384172296,-0.114761641429871,-0.052559838719684,-0.052559838719684,-0.757889716531261,-0.886468835262175,-0.740177984202938,-0.00211948306517077,-0.964542564226631,-0.603050539930755,0.694143931109334,-0.735182512335809,-0.673195464551723,0.612628957475943,8,-0.051361697624092,0.481962144834535,0.487307101061693,-0.351898105783884,0.609190053148775,-0.0547533034167368,0.624155123508267,1.69059816081739,0.280724641418633,3852.0000000001,2.09351528301042,0.103011568230985,1860.0000000001,0.370943926166805,2.46445920907723,0.0286668833487549,0.563123768065301,0.795139480657519,-0.303410292438904,-0.035259373374699,-0.149530306665127,-0.421920440991515,-0.401389413946517,-0.315413862877225,0.0692313938837114,-0.669265835527061,-1.34685951686111,0.475490663209756,82.0000000001,38.9902343751,0.475490663209756,82.0000000001,38.9902343751,1.40816370154788,0.390022674261383,1e-10,0.406513401462646,0.248728102953345,-0.172740751700907,0.318540411795442,1,0.955946779738606,0.975277852907368,0.986233363658323,0.989828666406974,0.127460810404715,-0.804724064023094,0.447377117893854,0.13459005583914,0.13459005583914,-0.802384214842201,0.42087271112014,0.0958487141992716,-0.0917422986332292,-0.347955754241575,0.335404812266824,-0.898329805252248,-0.939637185774139,0,3852.0000000001,0.0243520192892881,0.00431486395946678,0.896732116042378,1.12370571680367,18572.6222388282,5.82076609134674e-11,404,1,"SNETWORK (1 318 18572.6222388282 0.896732116042378 87000069 404)",87
56,87000070,-1.06856023995271,23,0,0,-0.0539298651555209,-0.0526282971591558,-0.0497659234028937,-0.324319109584177,-0.0523297616083711,-0.467573582058581,0.00763828014312996,1.01153068298115,-0.675975615053847,0.911720609177906,1.01153068298115,1.01153068298115,0.0948021316261993,0.14980997231861,0.320464556955711,0.123811405032183,0.0112875615124139,0.396949460069245,-0.3182243350896,0.145121969788322,0.0313608172450206,-1.06856023995271,2,1.02226772618238,0.474029175521801,0.479213103545016,-0.934254731621802,-1.06480066691257,0.0560307591164745,0.00793556244529532,1.95719359821959,0.444486486753883,9869.0000000001,7.01861941895356,0.056488183225904,13295.0000000001,1.20161663155322,8.22023605040678,0.0962118399614725,0.5520615686791,-0.528990179409375,0.0477320570706015,-0.0130703597977386,-0.268901798536183,-0.834798061059331,-0.338175144375653,-0.627446963720136,-0.43253521761605,-0.186655261275784,-0.203301502868326,0.707027994891667,75.0000000001,53.027099609475,0.707027994891667,75.0000000001,53.027099609475,2.02252497739337,0.735244927138121,1e-10,-0.252940053621256,-0.738771342635023,-0.506470208904937,-0.559087805456626,-0.0232557920329049,-0.145374652181789,-0.0456386537822686,-0.0156235779160853,3.8573928898018e-16,-0.373236105402338,-0.594358383921027,0.764045768697927,-0.363471576786396,-0.363471576786396,-0.453878556589239,0.807381650806132,-0.466513193125025,-0.456889533728652,-0.139366991326348,-0.526996030156624,-0.539730807515865,-0.290117679454831,0,13295.0000000001,0.082147797635344,0.0140640422261286,0.391475982707322,1.17403027507013,5868.37936084883,0.00048828125,44,1,"SNETWORK (1 56 5868.37936084883 0.391475982707322 87000070 44)",87
137,87000071,0.563940276151211,151,-0.166057912338905,-0.453200003638288,-0.550040856219537,-0.551846948500872,-0.54975087933226,-0.00467680939528226,-0.0463707917527785,-0.679253164094371,-0.40862501439931,-0.128534841620214,0.0198965535308458,0.107274428138232,-0.128534841620214,-0.128534841620214,-1.45373811018037,0.151503848088999,0.0367596997847868,-0.698317020257961,0.119735463881943,0,0,0.264817487664191,0.333376028400019,0.563940276151211,1,-0.88040157023868,-0.89382711001416,-0.870777134062156,-0.106153115555599,0.55457555233081,-0.0960390305309111,-0.408611726188308,-0.643510824742859,0.0991736901169348,414.0000000001,0.0759161471295175,0.290097570641353,1047.0000000001,0.561601317599714,0.637517464629231,0.0218843190200394,-0.623342798011057,-0.754480920250783,-0.0844833438627883,0.735393225173293,-0.19802966643681,-2.93505308422048,0.420160950911409,-6.4363947496093,-0.334026043539869,-7.53532898847836,-3.545177724033,0.806669347526471,17.0000000001,13.71337890635,0.806669347526471,17.0000000001,13.71337890635,0.301853929682732,0.883810223224065,1e-10,0.181549909662216,0.534720172831396,0.0907769230038098,0.59046773371459,0,6.2602913664822e-16,-0.0247221470926318,-0.0137666363416776,-0.010171333593027,-0.449334112031473,0.0148527483612882,-0.320112149239351,-0.4323128348074,-0.4323128348074,0.240528302376755,0.297475940503087,0.549275495102785,0.766605372002882,0.378732735122421,0.573909981717478,0.341835906407901,-0.475577695859345,1.49290855889129,1047.0000000001,0.00260600417276629,0.0192783147472731,0.598692962255557,0.50065583567141,5248.9338018513,0.001953125,186,1,"SNETWORK (1 137 5248.9338018513 0.598692962255557 87000071 186)",87
56,87000072,-0.539405331385125,93,0,0,0,0,0,-0.217748410120548,-0.0234091962619746,-0.367080093234009,-0.00903226462830417,0.970832982265822,-0.65972106950616,0.914868999870038,0.970832982265822,0.970832982265822,-0.196921711727623,0.215548654728494,0.391961667832023,0.313773527520953,0.0495457809554815,0.442037567785408,-0.329724348592432,0,0,-0.539405331385125,2,0.0818221417416883,-0.329903589192925,-0.327292141268294,-0.715959476375813,-0.5471804187725,-0.125703749900109,-0.00901332865994999,-0.387050378146039,0.184503971386867,358.0000000001,0.105683874853028,0.281124010525376,5173.0000000001,2.32680720958679,2.43249108433982,0.0534291396647311,-0.281077935519731,0.0753820152485192,-0.203692996553017,-0.237232898183451,0.174992915594021,1.06950276609874,0,1.52154675288059,0.00517195510406102,0.27726053764013,0.298724159893669,0.832068810196154,26.0000000001,21.6337890626,0.832068810196154,26.0000000001,21.6337890626,0.64851204797092,0.92168083208438,1e-10,0.610883530647028,0.565209883930107,0.0363459043239223,1.08954932024581,-0.0232557920329049,-0.14537465218179,-0.0247221470926318,-0.0137666363416776,-0.010171333593027,0.259890649986931,-0.462036283489611,0.196694784795274,0.280468679958442,0.280468679958442,-0.600599938458449,0.366586970552287,-1.59937000336261,-1.8500038203517,-1.84314872905143,-1.17996256628173,-0.884008780051812,-0.667403028851926,0,5173.0000000001,0.00232132340813317,0.0511078161565979,0.909634351310493,0.430408666638912,6282.85873274198,0.00048828125,70,1,"SNETWORK (1 56 6282.85873274198 0.909634351310493 87000072 70)",87
137,87000073,-0.259098268272715,70,-0.169336007143403,-0.45983907781187,-0.612877153222713,-0.614349237474709,-0.609405455638136,0.0245501509756674,0.0128654027388498,0.00649270355555975,-0.363864738707085,0.0793304270788316,-0.0276299069858953,-0.0192274445687883,0.0793304270788316,0.0793304270788316,0.505961771896128,0.00307336079406261,-0.0781086043051872,-0.888040824088682,0.00227282678046561,0.0677281446396492,-0.117429098893948,0.617705950750841,0.326804535448277,-0.259098268272715,1,0.129697360650701,-0.408919355796107,-0.404764086209245,-0.841984948643549,-0.247476624594739,1.66714938553442,-0.363750363877372,-0.216343711426863,0.0781153208286619,312.0000000001,0.0450638362116355,0.155967677947876,4036.0000000001,1.16391993939307,1.2089837755047,0.0282608807780741,-0.338441845499368,-0.539553479448641,0.387911277876017,0.978813454315576,1.88565310862707,2.15325459718523,1.03942275453859,3.24640502999621,0.380058709022228,2.99033533695652,1.60888929272717,0.88045654306875,20.0000000001,17.609130859475,0.88045654306875,20.0000000001,17.609130859475,1.06906021274091,1.63169514510839,1e-10,0.981672233398771,0.264285563723457,1.63232720638217,0.537158079313738,0,-0.0220264420822819,-0.0123611654167386,-0.00688341417650337,-0.0164391862353271,0.615199816974895,-0.861204111977575,0.691421654210336,0.704394745577314,0.704394745577314,-0.111256320009442,0.564906323789093,-0.920411547589055,-1.02957452808086,-0.918950958837611,-0.739132495410158,-0.235093804227709,0.284127522540382,6663965495.58998,4036.0000000001,0.00105340015404334,0.0272074805240307,0.327935411612377,1.56324766205585,4778.63834452774,0.001953125,94,1,"SNETWORK (1 137 4778.63834452774 0.327935411612377 87000073 94)",87
56,87000074,-0.580132944376937,85,0,0,0,0,0,-0.229746204192404,-0.0261283880782911,-0.372417720465215,-0.00764369526826366,0.97462738533854,-0.661803206329203,0.912535937233721,0.97462738533854,0.97462738533854,-0.165821643815655,0.209028927582577,0.384619125352878,0.296816555928416,0.0455044076214004,0.442037567785408,-0.329724348592432,0,0,-0.580132944376937,2,0.0327738088368379,0.999546006820206,1.01958113726205,1.23822612859777,-0.553400205004329,0.404866788211422,-0.00764101458364716,0.175308935291322,0.593876510664897,3178.0000000001,3.01974328101784,0.271713993343604,7933.0000000001,3.4488113735395,6.46855465445734,0.0503062015763957,1.45269347070886,1.16160178917026,15.0233041345905,0.47725671685846,0.398618876760264,-0.306464712907735,-0.434340909330245,-0.158642045480284,-0.608264458073157,0.670958657086258,0.716991529817743,1.27827412383311,74.0000000001,94.59228515635,1.27827412383311,74.0000000001,94.59228515635,3.84173745802595,1.58697313074032,1e-10,0.328512410595721,0.346279804181029,1.92291357522749,0.251315110385926,-0.0232557920329048,-0.145374652181789,-0.0247221470926318,-0.0137666363416769,-0.010171333593027,-0.431172750300233,0.367010220309402,-0.472870035081857,-0.416037911483851,-0.416037911483851,0.448949440564369,0.0413549891132707,-0.919698201346865,-0.93487074582227,-0.594481301428934,-0.903817281290792,0.0651915806610945,-0.0721273454088808,0,7933.0000000001,0.0234846611050143,0.0268215403713814,0.852255658356292,0.8724172654963,6236.96101872876,0.00048828125,40,1,"SNETWORK (1 56 6236.96101872876 0.852255658356292 87000074 40)",87
137,87000075,0.707218339788609,171,-0.166057912338905,-0.453200003638288,-0.550040856219537,-0.551846948500872,-0.54975087933226,-0.0158457355409735,-0.0453246170250946,-0.687280563116874,-0.423517593085181,-0.1978285273421,-0.0193290576242811,0.197661848808087,-0.1978285273421,-0.1978285273421,-3.70532240374014,0.182295992780272,0.0330199649708255,-0.705600426435199,0.150164323346852,0,0,0.264817487664191,0.333376028400019,0.707218339788609,1,-1.2726100037415,-1.21180999758411,-1.16582754562743,0.0946910853618073,0.70025782838231,0.593523087050046,-0.423474004141064,-0.777827555954712,0.316665913595753,9.0000000001,0.00526964282481572,0.226673270145202,553.0000000001,0.231772969976943,0.237042612701758,0.0104960222776375,-0.760013513204373,-0.0711407541464072,0.457136933110204,0.479251077088692,0.845405038448361,0.763114807947661,1.22378851295636,2.21304786756819,0.360458444908681,2.21527567569055,1.00631600675873,0.13336181650625,8.0000000001,1.06689453135,0.13336181650625,8.0000000001,1.06689453135,0.34504461195019,0.517776613082795,1e-10,-0.262862218471398,-0.122297270637983,-0.427656343725839,-0.163336549650426,-1.03276561575505e-16,0,-0.0247221470926318,-0.0137666363416776,-0.0101713335930273,-0.311664801597531,-0.0269805450286928,-0.504003968929656,-0.306510338579329,-0.306510338579329,0.793183776158494,0.363566669626384,0.345698578624323,0.402943535250705,0.185188958105662,0.399072836652008,0.482393615833781,0.226903975034713,0,553.0000000001,0.000233334784412014,0.0102626873932255,0.662802058218064,0.347297174041159,5360.28883713163,0.001953125,136,1,"SNETWORK (1 137 5360.28883713163 0.662802058218064 87000075 136)",87
137,87000076,0.819605928329913,183,-0.166057912338905,-0.453200003638288,-0.550040856219537,-0.551846948500872,-0.54975087933226,-0.0132341360516235,-0.0429400825598192,-0.731987113631642,-0.426569098145369,-0.217716338377958,-0.0240229434896104,0.197532243228033,-0.217716338377958,-0.217716338377958,-4.52823798703551,0.186256023008929,0.0286983440471747,-0.714769847555855,0.155146979573028,0,0,0.264817487664191,0.333376028400019,0.819605928329913,1,-0.545725547287465,-1.79191053732601,-1.67618810962836,-1.3322828859965,0.813687683449522,1.20114086202309,-0.426494965775015,-0.661659481676743,0.07633010961149,77.0000000001,0.0108673576255131,0.0558805769908579,395.0000000001,0.0408126995602289,0.051680057085742,0.00366944444945161,-0.937451382936708,0.882496921566396,0.569102520211594,0.360830749293845,1.67099102858728,3.24502183483306,2.16803946137924,14.869707768158,1.10828683187943,3.08453669906404,1.39527320771267,0.2656250001,1.0000000001,0.2656250001,0.2656250001,1.0000000001,0.2656250001,0.286723299774093,0.0771128877749698,1e-10,0.572818845896765,0.898334755235995,1.73733033825994,1.49777048318486,0,0,0.0251119393450704,0.0332945511949721,0.0240683965095613,-0.439181704913222,-0.159299722503761,0.554263405476193,-0.423226826643047,-0.423226826643047,-0.209510713954536,0.634182570487766,0.519223360366862,0.708813573556976,0.711364778611954,0.363703857408155,-0.289795267136274,-0.899370721233787,0,395.0000000001,0.000771616093156908,0.00289782825629471,0.705582780164434,1.11238892433559,5434.59730662623,0.001953125,265,1,"SNETWORK (1 137 5434.59730662623 0.705582780164434 87000076 265)",87
318,87000077,0.0213519734789105,75,0.847990630531859,0.546799996361712,0.449959143780463,0.448153051499128,0.45024912066774,0.912065292665477,0.952526539219727,0.532359811228335,0.680487105274299,0.0154076377559713,0.388111253731015,-0.0869693649912394,0.0154076377559713,0.0154076377559713,0.207672963833726,-0.867515659600476,-0.711965357138978,0.0471308398417143,-0.952798328901819,-0.617135106478376,0.700828921651292,-0.704722392945234,-0.65941867091232,0.0213519734789105,8,0.997352911741074,0.6599077959803,0.669414390201392,-0.740779451209655,0.0157386432084121,-0.356174685023055,0.680485638043178,0.246087520869156,0.128661774806563,14590.0000000001,3.63424457705613,0.080540435674066,1688.0000000001,0.263205971441295,3.89745054839743,0.0394685459529524,0.829889778602725,2.15838547318474,-1.72916082298496,-0.634054154732995,-0.031436190320994,1.65535843496563,-0.642404521988712,1.07353643793977,-0.33992242098839,1.94116173317959,4.07486952418431,0.0308191637029412,68.0000000001,2.0957031251,0.0308191637029412,68.0000000001,2.0957031251,0.39007319559073,0.364885477301078,1e-10,-0.882010324794192,-0.473019931709795,0.219683070778487,-0.522059554224862,1,0.867841683603147,0.975277852907368,0.986233363658323,0.989828666406972,-1.18306501499985,0.337790445470162,0.742704894157909,-1.01548968684485,-1.01548968684485,-1.18753571246297,0.420413772009532,0.715265887200512,0.967876627461905,1.11130841551401,0.423045888240601,0.696305394365382,1.7963465670968,0,14590.0000000001,0.0368031221817802,0.00266542367117213,0.134331628809519,0.705068650858841,17669.1040634834,5.82076609134674e-11,311,1,"SNETWORK (1 318 17669.1040634834 0.134331628809519 87000077 311)",87
318,87000078,0.569619695506761,211,0.826606769083661,0.576140491778701,0.449959143780463,0.448153051499128,0.45024912066774,0.956340690492357,0.96840021093493,0.709458169479897,0.632749003042644,-0.0441536218426625,0.371257061326406,-0.108475541822646,-0.0441536218426625,-0.0441536218426625,-0.383879484642759,-0.921714767227931,-0.776429610383664,-0.0419168673275091,-0.993116778057879,-0.603050539930755,0.694143931109334,-0.735182512335809,-0.673195464551723,0.569619695506761,8,-0.122445510019615,0.0841280933525318,0.0843502038828789,0.0415239255869636,0.566770909834778,0.524749900932511,0.633782490105981,-0.478952779264836,0.153631368130421,9083.0000000001,2.70158436103701,0.110015378126905,1336.0000000001,0.284556935589619,2.98614129652662,0.0473917156657331,0.0838604085652953,3.15499066359014,1.1461865482836,0.192665537029043,0.0607010562119692,-0.469148615036826,0.135132258441222,-0.472520975606786,0.796812501034893,-0.119402750054903,-0.237438119898802,0.191593715222768,56.0000000001,10.729248046975,0.191593715222768,56.0000000001,10.729248046975,0.171245391989726,0.033267787381536,1e-10,-1.79823590168318,-1.8666375579928,-1.00698437651072,-0.724527249471872,1,0.955946779738605,0.975277852907369,0.986233363658323,0.989828666406973,-1.60928231704274,0.252918968635402,0.681545351176391,-1.29553946850359,-1.29553946850359,2.92728124857715,0.818529303861445,-0.178205014243966,0.0611203469044422,-0.161236110824234,-0.12829410447982,-0.225435103336662,1.03599098411104,0,9083.0000000001,0.0428756394627308,0.00451607610300233,0.839922198870721,1.09817357642997,18505.297002861,5.82076609134674e-11,391,1,"SNETWORK (1 318 18505.297002861 0.839922198870721 87000078 391)",87
328,87000079,0.688869446486065,241,0.833942087661095,0.661934694919581,0.584902015722838,0.581791403280787,0.581496445193316,0.826550426783631,0.990899770056753,0.372855428279005,0.10451421240615,-0.0347787110318301,0.214960212657176,-0.236593177343363,-0.0347787110318301,-0.0347787110318301,0.836751032906787,-0.128382213905305,-0.00114119072015211,0.983274380149063,-0.366747067946481,-0.560339494672534,0.667148486569062,-0.788859635579386,-0.682989322922567,0.688869446486065,8,4.53551606886163,1.54624538796562,1.58877768539421,-2.02087580917465,0.684770340260284,-0.260757493497795,0.104518052420002,0.338181645790823,0.101129796724476,6923.0000000001,1.35544776900976,0.108269673870236,1940.0000000001,0.406647287580781,1.76209505649054,0.0089692372964028,2.86958723167679,2.32100238298352,2.26076440087342,-0.475732376903304,-0.404781603875279,0.157278792460498,-0.856728242215206,0.042056618807636,-1.42712753437781,0.0411474523359492,0.353303456588897,0.248697916766667,57.0000000001,14.1757812501,0.248697916766667,57.0000000001,14.1757812501,0.918790404545157,0.689742784069938,1e-10,0.576368705150329,0.438845089121517,-0.150334801241046,0.426868322268561,1,0.955946779738605,0.975277852907367,0.986233363658323,0.989828666406974,0.137217512003829,-0.582424137835917,1.07849254178022,0.145124359208136,0.145124359208136,0.0104160126140657,0.257536209993941,0.335994251454866,0.251986399064204,0.364385159922756,0.294547353392099,-0.695787163585024,-0.258010592169856,0,6923.0000000001,0.00689936249613546,0.00206987470026733,0.0163382701651287,2.95944553032431,18707.2472900212,2.91038304567337e-11,459,1,"SNETWORK (1 328 18707.2472900212 0.0163382701651287 87000079 459)",87
140,87000080,-0.423276441239854,113,0,0,0,0,0,-0.135786410673427,-0.0140281892880664,-0.488229755992074,-0.0307662795891462,0.978685787027911,-0.707001197693252,0.952448937443074,0.978685787027911,0.978685787027911,-1.24418885865873,0.282410393624194,0.463430069739777,0.467521854292865,0.0935857465554307,0.45221133369877,-0.305856068890666,-0.190739766812213,-0.0312046492625428,-0.423276441239854,2,-0.0577181253143442,-0.341140273920283,-0.338332560726578,-0.566821045470257,-0.423836246833132,0.0898439553178851,-0.0307642524243997,0.186346363955088,0.20614380581651,2245.0000000001,0.740468550233081,0.188498604953908,6275.0000000001,1.89252599283164,2.63299454296473,0.0583471557741801,-0.289450087510955,-0.366835085546113,-0.46495916909413,-0.232438265198611,0.281704481974798,0.450416223455218,0.165995047393446,0.469841627388464,0.169565196462535,0,0,1.79591587621607,28.0000000001,50.28564453135,1.79591587621607,28.0000000001,50.28564453135,1.90253779996109,2.35877718774747,1e-10,-0.229410266599172,-0.319956382331756,-0.349639781223138,-0.269167273065321,0,0,-0.0247221470926318,-0.0137666363416772,-0.010171333593027,0.72869177025301,0.831000934196894,-0.412474048051883,0.850465308352716,0.850465308352716,1.18554727711193,-0.943237768377133,-0.0329014784328387,0.146377753154285,0.0831250345331749,-0.057728538487281,0.776655114110992,-0.434874038841303,0,6275.0000000001,0.0164087821159867,0.0419383735581934,0.041759653746829,2.72652275396303,6397.01305327569,0.000244140625,281,1,"SNETWORK (1 140 6397.01305327569 0.041759653746829 87000080 281)",87
56,87000081,-1.11758210252325,16,0,0,-0.0539298651555209,-0.0526282971591558,-0.0497659234028937,-0.322665830354786,-0.0525335963041864,-0.462501810780812,0.00809790940069005,1.01128695139618,-0.675161830891357,0.910727095073658,1.01128695139618,1.01128695139618,0.0933060526420178,0.149300470947027,0.319797120017839,0.12125361598649,0.0111312172784721,0.396949460069245,-0.3182243350896,0.145121969788322,0.0313608172450206,-1.11758210252325,2,1.02238970923671,-0.137027273049741,-0.136649835681132,-1.37014355273622,-1.11393237299697,0.812189131987553,0.00810195327076119,2.25155219760293,0.501825712138085,6874.0000000001,5.51927991137503,0.0687046142060613,4210.0000000001,0.462794280718039,5.98207419199306,0.112908328161119,-0.125472539724469,-0.96804235356226,-1.14747331382296,0.495726686623423,0.597700142064699,0.0472436875852225,0.437721382485913,0.066727255753242,0.513942000520765,0.738270326085816,0.807225555982105,0.4260986329125,40.0000000001,17.0439453126,0.4260986329125,40.0000000001,17.0439453126,0.447625153703676,0.316379137603545,1e-10,-0.739326009339818,-0.944794908744206,-0.728422786118014,-0.613314270510433,-0.0232557920329049,-0.14537465218179,-0.0456386537822686,-0.0156235779160853,-3.8573928898018e-16,-0.776279692985506,-0.595905734337849,0.0327892875019657,-0.709428321428635,-0.709428321428635,1.04454353766643,0.654069238649004,0.0295804510800867,-0.122094857702211,-0.521804818265646,0.335079505130155,-0.331865600961295,-0.133120690766944,0,6874.0000000001,0.104173343040096,0.00873498502102246,0.340368852848905,0.976517225844509,5827.4983245354,0.00048828125,25,1,"SNETWORK (1 56 5827.4983245354 0.340368852848905 87000081 25)",87
137,87000082,0.105005011252373,96,-0.169336007143403,-0.45983907781187,-0.612877153222713,-0.614349237474709,-0.609405455638136,0.00543256997848647,-0.0206107026259381,-0.249260432290703,-0.382006720662575,-0.00642744671472391,0.0139892301483931,0.0442243797816591,-0.00642744671472391,-0.00642744671472391,0.215761834359694,0.0860462750827004,0.00137705124075652,-0.746370561271954,0.063307050351949,0.0677281446396492,-0.117429098893948,0.617705950750841,0.326804535448277,0.105005011252373,1,-0.670741725875832,-0.253477095581749,-0.252002529290232,0.469786468458346,0.112409984496874,1.29786599155228,-0.381962118683589,-0.465955440815944,0.0467558803715038,411.0000000001,0.0355316524530399,0.0675931856679385,1587.0000000001,0.198343140800145,0.233874793153185,0.00483718259791965,-0.222170445414917,1.14537249165977,0.259853063033088,1.43018081831118,1.59068882678557,-0.013599186591055,0.753338893996045,-0.00609255090766011,0.0706158016089571,-1.55927995505243,-0.795270407428502,0.00618703751776316,38.0000000001,0.235107421975,0.00618703751776316,38.0000000001,0.235107421975,0.308639205100801,0.328158967441866,1e-10,-1.11647814076884,-0.897635924626831,1.76700831991713,-0.493170401761815,0,-0.044053220261396,-0.0247221470926315,-0.0137666363416772,-0.010171333593027,0.295647249973496,0.570964860642074,-0.691455089174117,0.320946485153573,0.320946485153573,1.31693017190511,0.919432168673253,-1.0406465858932,-0.847636927686998,0.166743243621722,-1.45500434685225,-0.172312248435922,0.246649113466626,0,1587.0000000001,0.000734893592595099,0.00410228890532455,0.409885844506738,1.44184048846364,4920.98309622299,0.001953125,143,1,"SNETWORK (1 137 4920.98309622299 0.409885844506738 87000082 143)",87
318,87000083,-0.0753336909617574,52,0.849676501735058,0.527879359151426,0.449959143780463,0.448153051499128,0.45024912066774,0.909571239747855,0.94748950325414,0.501106501997773,0.684708441458067,0.0178024227906284,0.389312774164358,-0.0890148957369346,0.0178024227906284,0.0178024227906284,0.15458650903578,-0.839172507467326,-0.676133480718228,0.116724242946153,-0.934697097502708,-0.604424467785202,0.699593179675348,-0.759818089809216,-0.694672009762475,-0.0753336909617574,8,0.35957266853054,0.389059752263034,0.392658636519262,-0.265369463272015,-0.0803529910773329,-0.246001257189087,0.684733690991561,-0.240823042469315,0.258858334783719,7521.0000000001,3.76918160698726,0.0743317453177728,4301.0000000001,0.618946474887643,4.3881280817749,0.0548780666090399,0.437720453128357,0.649144043553852,0.0481287121877089,-0.124859499018604,-0.210233331361996,-0.321450374661612,-0.469907342500951,-0.25723821806603,-0.00289229956026899,-0.526182139397724,-0.955992239659063,0.621734043437264,53.0000000001,32.951904296975,0.621734043437264,53.0000000001,32.951904296975,1.74057808419467,1.24593979609457,1e-10,-0.984467302073943,-0.859378986758022,2.06554139273515,-0.627752435478649,1,0.867841683603147,1.32904696563017,1.34213135648708,1.36723184200025,-1.05084502796508,0.439211953611618,0.524262786439782,-0.920417691631871,-0.920417691631871,-1.8311350609395,-1.38239139998468,0.998659258580779,1.00819895109639,0.730085852215209,0.99859372465593,0.117448778296029,0.905510247487325,0,7521.0000000001,0.0471375026110127,0.00774056389802719,0.0115238318961884,0.592723081681157,17523.564968948,5.82076609134674e-11,369,1,"SNETWORK (1 318 17523.564968948 0.0115238318961884 87000083 369)",87
137,87000084,-0.0104520406627335,88,-0.169336007143403,-0.45983907781187,-0.612877153222713,-0.614349237474709,-0.609405455638136,-0.00533875518032386,-0.0224966357826822,-0.238385120053571,-0.381069411730343,0.00368126630722432,0.00513161294778955,0.0463621128860207,0.00368126630722432,0.00368126630722432,0.248151658734906,0.0791907773364381,-0.00542392299328138,-0.759566444349486,0.0584578635946613,0.0677281446396492,-0.117429098893948,0.617705950750841,0.326804535448277,-0.0104520406627335,1,-0.195018758071354,0.439067139421916,0.443567620098743,0.706139829252181,0.022388331474417,1.72022550314338,-0.38105599428692,-0.184438497760755,0.239970345285228,2233.0000000001,0.990794629464802,0.159611864117308,2016.0000000001,0.594967224311385,1.58576185367619,0.0190730213655998,0.50410606844042,0.189581035206845,-0.18255814788073,1.84726823158571,1.9123721244394,-0.37204091008233,0.368695572517972,-0.287078158586238,-0.304588431853578,0.20227413834871,0.104974472890201,0.404491360004661,59.0000000001,23.864990234475,0.404491360004661,59.0000000001,23.864990234475,0.746166586625618,0.284162685174118,1e-10,0.516508203615667,0.313776022634428,1.76745108027016,0.671092575436527,-1.03276561575505e-16,-0.0223939734992886,-0.0245158959071885,-0.0136517852102328,-0.0102759168754519,0.60975289605398,-0.933295987803646,0.341673389707693,0.697519022067484,0.697519022067484,0.334254152999462,0.566963488573239,-0.970589163938555,-1.16926676025537,-1.17241169511696,-0.677185754017013,-0.0149692159931651,0.102753218620074,747532896.882539,2233.0000000001,0.0119169514597036,0.00715606980589627,0.383556208032095,2.79741919814952,4875.24952979948,0.001953125,208,1,"SNETWORK (1 137 4875.24952979948 0.383556208032095 87000084 208)",87
319,87000085,-0.179240999313478,25,0.849676501735058,0.527879359151426,0.423921895297046,0.422083328008158,0.425620192291929,0.863142867570726,0.87751826000854,0.538461633421243,0.778057978596144,-0.0131560224981149,0.36696406072354,-0.044198028289614,-0.0131560224981149,-0.0131560224981149,0.27479551960889,-0.737228178373018,-0.542966086854983,0.421138242413512,-0.876644819667241,-0.604424467785202,0.699593179675348,-0.759818089809216,-0.694672009762475,-0.179240999313478,8,0.588292430272173,0.133029193581464,0.133529687029807,-0.811421196516842,-0.187444550673358,-0.256609099050188,0.778053017302349,0.133560803040582,0.506812059352914,10981.0000000001,10.7745254969001,0.113246002077925,2087.0000000001,0.457566951615724,11.2320924484158,0.171567645296488,0.135163126532812,0.953639692746546,0.0054202057264069,-0.412183433787951,-0.496560243811404,-0.251667437616864,-0.357483361460991,-0.242166985364976,0.245780450166774,-0.0952702972928056,-0.213617810907296,0.295604359119886,44.0000000001,13.006591796975,0.295604359119886,44.0000000001,13.006591796975,0.270919485060197,0.121812123900158,1e-10,0.128527744061097,-0.327472719852168,2.07906467465562,-0.537815233802745,0.99999999999997,0.867841683603182,1.11446852592804,1.12323690396323,1.18436031392693,-1.28494521945677,0.323767503480282,0.70059457484399,-1.08600563135534,-1.08600563135534,1.43487877887298,-1.06038387510129,0.796934031533098,1.07885582532344,1.70870273331544,0.227847944551807,0.136766180078114,0.72644144288595,0,10981.0000000001,0.164578414583178,0.00698923061330922,0.705762039056859,1.54048564011988,17346.4049969279,1.16415321826935e-10,445,1,"SNETWORK (1 319 17346.4049969279 0.705762039056859 87000085 445)",87
318,87000086,0.595186561473197,217,0.826606769083661,0.576140491778701,0.449959143780463,0.448153051499128,0.45024912066774,0.950534634219626,0.96512956349565,0.662569172097708,0.626809759433886,-0.0499029993676539,0.3534734471939,-0.112133272538455,-0.0499029993676539,-0.0499029993676539,-0.625123776951722,-0.897458452499741,-0.751202245924481,-0.0154743501325084,-0.973328329434426,-0.603050539930755,0.694143931109334,-0.735182512335809,-0.673195464551723,0.595186561473197,8,-0.0405007411954415,-0.305933127271957,-0.303715131927322,-0.549711958874112,0.585697604075753,0.170718616202251,0.626809500226941,2.07359601820668,0.138174127943718,2908.0000000001,0.777911972926344,0.0991356322670467,1398.0000000001,0.268315816230818,1.04622778905716,0.0225505951077802,-0.262974108974609,0.181175322655932,-1.03197947935058,0.0387003748008205,-0.109870984643849,-0.553571083900564,0.196646148233962,-0.752710397250327,0.861173386676768,-0.220050770549679,-0.441300496740238,0.477820763321154,26.0000000001,12.42333984385,0.477820763321154,26.0000000001,12.42333984385,0.245391889825918,0.393496854446677,1e-10,-0.353753989369092,-0.666270951078991,0.0903443169596744,-0.560921426762536,1,0.955946779738606,0.975277852907368,0.986233363658323,0.989828666406973,-2.71686090989406,0.199635714757018,0.0493031509940304,-1.86515613095538,-1.86515613095538,-1.82656411379986,-1.71508629070259,2.11278180737073,2.22532156081266,1.96473969425763,1.86587199448759,-0.0660665386341433,0.349950714286708,0,2908.0000000001,0.0167672642956614,0.0057833307121188,0.867887965556907,0.393481869480736,18538.4391360464,5.82076609134674e-11,329,1,"SNETWORK (1 318 18538.4391360464 0.867887965556907 87000086 329)",87
137,87000087,0.472952086553323,138,-0.166057912338905,-0.453200003638288,-0.550040856219537,-0.551846948500872,-0.54975087933226,-0.0260703303442002,-0.057462338667546,-0.677417441128497,-0.404633903081075,-0.101185131349964,-0.010340173716403,0.141167453650979,-0.101185131349964,-0.101185131349964,-1.1009788555077,0.157020589717794,0.0496519677462648,-0.684901241792223,0.123274620232317,0,0,0.264817487664191,0.333376028400019,0.472952086553323,1,-0.32757133359225,-0.643646018063977,-0.632501795878729,-0.565666831473615,0.460338470585655,-0.295891232547851,-0.404629012455682,0.0540122742116979,0.130981408704959,2524.0000000001,0.61127460232735,0.0914897982236075,4920.0000000001,0.83229084331887,1.44356544554622,0.0406218456784199,-0.489631487826733,0.254720287022863,0.835880202893973,-0.181437454669147,-0.345710538746073,-0.51500348796648,0.0558154314991755,-0.908061224712139,-0.721895003199751,-2.68392127805896,-1.27534321477025,0.365091258181897,29.0000000001,10.587646484475,0.365091258181897,29.0000000001,10.587646484475,0.761746006404429,0.863285302035978,1e-10,0.706510202856853,0.870492802777417,1.75230666998462,1.52455353565143,0,0,-0.0247221470926312,-0.0137666363416772,-0.010171333593027,-0.230505698841382,-0.315322917543545,0.182356535740986,-0.229662663595544,-0.229662663595544,-0.515007996000858,0.463489720020578,0.664653293106247,0.654813187620053,0.291604026816693,0.773478727388102,-0.210617395056588,-0.232076742717875,0,4920.0000000001,0.0172012308662694,0.0234206147121505,0.556808842968262,0.0263576338184066,5176.18269670937,0.001953125,266,1,"SNETWORK (1 137 5176.18269670937 0.556808842968262 87000087 266)",87
137,87000088,-0.259098268272715,70,-0.169336007143403,-0.45983907781187,-0.612877153222713,-0.614349237474709,-0.609405455638136,0.0245501509756674,0.0128654027388498,0.00649270355555975,-0.363864738707085,0.0793304270788316,-0.0276299069858953,-0.0192274445687883,0.0793304270788316,0.0793304270788316,0.505961771896128,0.00307336079406261,-0.0781086043051872,-0.888040824088682,0.00227282678046561,0.0677281446396492,-0.117429098893948,0.617705950750841,0.326804535448277,-0.259098268272715,1,0.129697360650701,-0.408919355796107,-0.404764086209245,-0.841984948643549,-0.247476624594739,1.66714938553442,-0.363750363877372,-0.216343711426863,0.0781153208286619,312.0000000001,0.0450638362116355,0.155967677947876,4036.0000000001,1.16391993939307,1.2089837755047,0.0282608807780741,-0.338441845499368,-0.539553479448641,0.387911277876017,0.978813454315576,1.88565310862707,2.15325459718523,1.03942275453859,3.24640502999621,0.380058709022228,2.99033533695652,1.60888929272717,0.88045654306875,20.0000000001,17.609130859475,0.88045654306875,20.0000000001,17.609130859475,1.06906021274091,1.63169514510839,1e-10,0.981672233398771,0.264285563723457,1.63232720638217,0.537158079313738,0,-0.0220264420822819,-0.0123611654167386,-0.00688341417650337,-0.0164391862353271,0.615199816974895,-0.861204111977575,0.691421654210336,0.704394745577314,0.704394745577314,-0.111256320009442,0.564906323789093,-0.920411547589055,-1.02957452808086,-0.918950958837611,-0.739132495410158,-0.235093804227709,0.284127522540382,6663965495.58998,4036.0000000001,0.00105340015404334,0.0272074805240307,0.327935411612377,1.56324766205585,4778.63834452774,0.001953125,94,1,"SNETWORK (1 137 4778.63834452774 0.327935411612377 87000088 94)",87
318,87000089,0.618491337692327,224,0.826606769083661,0.576140491778701,0.449959143780463,0.448153051499128,0.45024912066774,0.948783040674271,0.964584008624921,0.643760062689043,0.623799606238355,-0.0529970196577104,0.34755686456775,-0.11523461453642,-0.0529970196577104,-0.0529970196577104,-0.773609389038126,-0.88669868562738,-0.740205105611474,0.000713595395298377,-0.965130099251613,-0.603050539930755,0.694143931109334,-0.735182512335809,-0.673195464551723,0.618491337692327,8,0.215314367799523,0.0599622776332959,0.0600867848607113,-0.462076178348385,0.609789016575745,-0.0143832811976085,0.623901270838646,0.395168580107773,0.11672156629628,3358.0000000001,0.758824107583243,0.115147402046844,2239.0000000001,0.49913446500506,1.2579585724883,0.0203457631408181,0.0592125329940416,1.54411493131353,0.834331048174385,-0.232776564570471,-0.0433496321030103,0.419147572533027,-0.156955760106116,0.440935013892187,0.428933596258608,-0.772305065897349,-1.55334225035707,0.302156409538776,49.0000000001,14.8056640626,0.302156409538776,49.0000000001,14.8056640626,0.349660736329097,0.131581233659436,1e-10,0.385813087496794,0.105078298580791,0.380367483814706,0.0161499722712862,1,0.955946779738605,0.975277852907368,0.986233363658322,0.989828666406972,-0.0526550807089037,0.6442723118822,-0.227371278694078,-0.0539910256051767,-0.0539910256051767,0.702152190665383,-0.666314536985523,-0.210273221504668,-0.0765025006763462,0.49269518971187,-0.505236287817162,1.21066254650565,0.440128459887526,300484144.462771,3358.0000000001,0.0122729442919594,0.00807281874885876,0.901940938705132,0.316829646006227,18578.7951965148,5.82076609134674e-11,376,1,"SNETWORK (1 318 18578.7951965148 0.901940938705132 87000089 376)",87
319,87000090,-0.195633418628642,20,0.849676501735058,0.527879359151426,0.423921895297046,0.422083328008158,0.425620192291929,0.863031168853767,0.876525329098964,0.53721512716213,0.778975596164253,-0.0134509883515854,0.36664523256147,-0.0442869864809907,-0.0134509883515854,-0.0134509883515854,0.267077535087862,-0.733634243853681,-0.539172675939672,0.428030672633577,-0.87409937916702,-0.604424467785202,0.699593179675348,-0.759818089809216,-0.694672009762475,-0.195633418628642,8,0.534546931743257,0.104389248960143,0.104713699135681,-0.782532038774981,-0.201759376689934,-0.348577506201501,0.778971284619219,0.0159408920401073,0.110529530687508,1592.0000000001,0.340667505701699,0.119006994472699,1477.0000000001,0.340300277980734,0.680967783582433,0.0106373244636215,0.104882365261454,0.105190453414025,-0.949500052052835,-0.378329977830796,-0.427786431028183,-0.174553137869651,-0.409573326380151,-0.169966605650922,0.162941230762048,-0.367026425931975,-0.822239132076657,0.1097656251,30.0000000001,3.2929687501,0.1097656251,30.0000000001,3.2929687501,0.154223433342507,0.155273502034892,1e-10,0.877025931348993,0.64637047525799,0.177712496017784,0.177918968043058,0.752353662680459,1.14930699599469,1.21488456242916,1.22567270023913,1.26993850185446,-2.41040610521183,-0.134522301906423,-0.2427583766268,-1.72750219165728,-1.72750219165728,-0.279822412246215,-0.600385432860771,0.843012543975992,0.717980296670628,0.745901978718164,0.781302321213543,-0.286229377255219,0.475014191344145,14191180250.0712,1592.0000000001,0.00532153039413883,0.00531579396948266,0.656420407649085,0.551965960650705,17318.9866767534,1.16415321826935e-10,451,1,"SNETWORK (1 319 17318.9866767534 0.656420407649085 87000090 451)",87
137,87000091,0.768469126647013,179,-0.166057912338905,-0.453200003638288,-0.550040856219537,-0.551846948500872,-0.54975087933226,-0.0207353267536368,-0.0463754762058735,-0.778770584918967,-0.425697262998844,-0.210253289547035,-0.0271871454104354,0.212575648772169,-0.210253289547035,-0.210253289547035,-4.24663862407323,0.186624361055264,0.0312029900074576,-0.70884973325965,0.15473004061603,0,0,0.264817487664191,0.333376028400019,0.768469126647013,1,-1.20013618842437,-1.46918314570151,-1.39716529035585,-0.361876103677395,0.764504446950142,1.00235323388413,-0.42559130278109,-0.597230114475461,0.0560165413540807,122.0000000001,0.0126361120520051,0.0736470274425502,155.0000000001,0.021106890962829,0.0337430029148341,0.00183966503573734,-0.84856625745205,6.47559542152437,1.43521145503387,1.624169167838,0.986873030070832,-1.80538744256832,1.72420844060103,-6.25970435913615,0.764581177504497,7.24075128657159,3.24509307770435,0.5941162110375,8.0000000001,4.7529296876,0.5941162110375,8.0000000001,4.7529296876,0.0903243042085644,0.566893412869063,1e-10,0.27531907433438,0.656193856134815,0.0907769230038098,0.981487477199945,0,0,-0.0247221470926322,-0.0137666363416769,-0.010171333593027,-0.145459788277639,-0.287146285156179,1.11145255017323,-0.146926717861289,-0.146926717861289,0.29393971892467,0.817632853383771,0.240515705867262,0.350374612522489,0.268040446703511,0.215391363614437,-0.561233501734075,-1.5107041077478,0,155.0000000001,0.000688919483832536,0.00115074545190481,0.690642214172046,0.404841867949872,5408.64611782513,0.001953125,233,1,"SNETWORK (1 137 5408.64611782513 0.690642214172046 87000091 233)",87
318,87000092,0.392786733581265,168,0.826606769083661,0.576140491778701,0.449959143780463,0.448153051499128,0.45024912066774,0.932854700965229,0.956773451397376,0.46973722221636,0.643103214582374,-0.0242924141532664,0.341624878393002,-0.103571621900083,-0.0242924141532664,-0.0242924141532664,-0.255702080433515,-0.888157835365774,-0.736908874772966,-0.0279887359751393,-0.962797243780216,-0.603050539930755,0.694143931109334,-0.735182512335809,-0.673195464551723,0.392786733581265,8,-0.390742754926516,0.176211219235707,0.177045198910019,0.641504222986812,0.402127528864544,1.07141443658404,0.643099555864489,-0.257164131776565,0.0743480654008687,2858.0000000001,0.41137814721768,0.113052428575482,759.0000000001,0.166123469798328,0.577501616916008,0.00852829014625919,0.182101156658284,0.404493687552564,-0.0770761048314748,1.32285803580378,0.769665784642788,-0.353991611398984,0.321999906199485,-0.767281080650245,1.00909971750093,0,0,0.730230422347024,42.0000000001,30.669677734475,0.730230422347024,42.0000000001,30.669677734475,1.64069028166222,1.40770793984969,1e-10,0.890795864109441,0.515534242767486,0.202174841971885,0.954310132039968,1,0.955946779738605,0.975277852907368,0.986233363658323,0.989828666406973,0.354531457552057,-0.879656885691338,0.0278570250477986,0.388640806736678,0.388640806736678,-0.295861464043768,-0.260075337458863,0.836156571212315,0.764415494264664,0.126749060228242,1.0881692605681,-0.49587872828639,-0.754195701649664,3897425525.86632,2858.0000000001,0.00607505166246145,0.00245323838379775,0.620332795101826,2.33171768020838,18245.0623614347,5.82076609134674e-11,380,1,"SNETWORK (1 318 18245.0623614347 0.620332795101826 87000092 380)",87
140,87000093,-0.359253562027556,126,0.016376969797183,0.0406255841243769,0,0,0,-0.0913791551377462,-0.000369269639251763,-0.453264126588525,-0.0456419565208116,0.965056741732721,-0.72557041222566,0.97095437980424,0.965056741732721,0.965056741732721,-2.74681158497826,0.324228325550027,0.509974014210898,0.578278483143796,0.119233353092856,0.45221133369877,-0.305856068890666,-0.190739766812213,-0.0312046492625428,-0.359253562027556,2,0.466855456176326,0.781824000511021,0.794747013653728,0.0907752942280983,-0.365165182870201,-0.579025291250178,-0.0452535458147456,1.69337950191392,0.921742007033411,771.0000000001,1.1370609398521,0.106548099132222,19165.0000000001,3.26719090882132,4.40425184857341,0.0405653008559436,1.03495491725237,-0.593139762786039,1.55055940371224,-0.581623710709643,-0.513407564613591,0.193670242188681,-0.806989677121999,0.110793019679584,-1.46864692230455,0.486976155329905,0.507395586724249,0.093052008313141,78.0000000001,7.258056640725,0.093052008313141,78.0000000001,7.258056640725,0.0193193354635732,0.180193511257442,1e-10,0.781230489360502,0.805577511753472,0.152734562292055,1.04372802138797,0,0,-0.0247221470926318,-0.0137666363416772,-0.010171333593027,-0.732905874911538,0.278010745011333,-0.570619002686952,-0.67433931343342,-0.67433931343342,0.174633228652239,0.0673242564930276,0.0323609553782979,-0.0332414735352553,-0.113496617743955,0.130372791158632,0.465162010374251,0.016427251620133,21846596074.2566,19165.0000000001,0.0104728840642634,0.0300924166916802,0.114437565975368,3.85203334936502,6469.8831055994,0.000244140625,293,1,"SNETWORK (1 140 6469.8831055994 0.114437565975368 87000093 293)",87
56,87000094,-1.07953726895924,21,0,0,-0.0539298651555209,-0.0526282971591558,-0.0497659234028937,-0.323492184305684,-0.0522330113348855,-0.466194404918573,0.00796860277628543,1.01144782242997,-0.67497795841148,0.910707810685305,1.01144782242997,1.01144782242997,0.0905873513938633,0.149589746853739,0.320155386408962,0.122220181509973,0.0112866741470244,0.396949460069245,-0.3182243350896,0.145121969788322,0.0313608172450206,-1.07953726895924,2,1.10393976256222,0.230954835133543,0.232325879151247,-1.1916343218278,-1.0821647478232,-0.235759614901398,0.00797789857248487,0.0444313681876173,0.337750528039453,10937.0000000001,5.91036403861309,0.076783865030672,9017.0000000001,1.10777617622686,7.01814021473995,0.0992998251191221,0.243895784284001,0.187891199633444,-0.0432783282726296,-0.281922036062642,-0.10517734636767,0.42652290687138,-0.390841167955057,0.390399180996897,-0.515400283258538,0.541356321704864,0.59177366878605,0.933259041178629,62.0000000001,57.862060546975,0.933259041178629,62.0000000001,57.862060546975,2.23414008665233,1.07255550639772,1e-10,-0.716308240469121,-1.24593115296163,-0.889044694172533,-0.630778551759732,-0.0232557920329049,-0.14537465218179,-0.0456386537822682,-0.0156235779160853,0,0.307636901634311,-0.67941334352209,1.07208688567818,0.334625016215951,0.334625016215951,-1.9783772662042,0.600359135912797,-0.727417568685625,-0.763318753821655,-0.976782429088931,-0.45019063063325,-0.43792652294002,-0.289379229548062,0,10937.0000000001,0.0836258747865116,0.0156739502326105,0.375969658048812,1.54297100089025,5855.97571730226,0.00048828125,39,1,"SNETWORK (1 56 5855.97571730226 0.375969658048812 87000094 39)",87
318,87000095,0.549468219848965,205,0.826606769083661,0.576140491778701,0.449959143780463,0.448153051499128,0.45024912066774,0.951097593575183,0.966169907154278,0.653983141495886,0.63520385976992,-0.0399511861001276,0.365419348436791,-0.106936229396752,-0.0399511861001276,-0.0399511861001276,-0.35531011678424,-0.914209933617068,-0.767391831622916,-0.0381726007284914,-0.986418384755946,-0.603050539930755,0.694143931109334,-0.735182512335809,-0.673195464551723,0.549468219848965,8,-0.73846534113495,-0.361165740113372,-0.357989314428116,0.424309152422952,0.54394391546042,0.790686255529037,0.635204032237156,-0.566289302444897,0.279424674219169,7053.0000000001,3.81546925652683,0.0789632354392787,795.0000000001,0.121535005463664,3.9370042618905,0.0886310533848968,-0.304192014318559,-0.207095503082049,-0.398790041192608,0.401994754840487,0.926081594726104,1.24825319844447,0.601758355931345,1.81817345723713,1.28633396556407,1.80462289339461,3.66582160314193,0.0931861515136905,42.0000000001,3.913818359475,0.0931861515136905,42.0000000001,3.913818359475,0.127050275250932,0.179993503692505,1e-10,0.207758309331123,0.475837792017391,-0.0139712430074468,0.664652461444265,1,0.955946779738605,0.975277852907368,0.986233363658323,0.989828666406973,0.138525150552751,-0.737215323116879,-0.00625638907644111,0.146538759297326,0.146538759297326,0.0844990170679659,-0.129971994026607,0.407366350277963,0.477665308356587,0.493350471276543,0.324646034015281,-0.677706170124449,-0.526598151468897,0,7053.0000000001,0.0858950197883346,0.00273603349656224,0.811666881320734,0.0877247094614529,18471.8117239505,5.82076609134674e-11,397,1,"SNETWORK (1 318 18471.8117239505 0.811666881320734 87000095 397)",87
137,87000096,0.610763362421848,158,-0.166057912338905,-0.453200003638288,-0.550040856219537,-0.551846948500872,-0.54975087933226,0,-0.0455170322321247,-0.683615709264904,-0.411101695721821,-0.141330361820964,0.0208988620680207,0.111083451093748,-0.141330361820964,-0.141330361820964,-1.710445006482,0.150997128815902,0.0303128907973988,-0.70876882585002,0.120608730377874,0,0,0.264817487664191,0.333376028400019,0.610763362421848,1,-1.57583478326739,-1.70373163629984,-1.60127346716588,-0.0801728827073285,0.605275774452468,1.37936018467333,-0.411091343312188,-0.61943657628546,0.222492366341148,52.0000000001,0.0213922174756588,0.142318760869235,135.0000000001,0.0355249330181011,0.0569171503937599,0.0037583278665799,-0.915316223513181,-0.140189739921583,-0.674332161632751,1.46027537482055,1.01553725130868,-1.72633613885822,2.16819458604938,-7.24293183832761,1.15818426426348,-3.95507580238639,-1.82238575301008,0.202067057391667,6.0000000001,1.21240234385,0.202067057391667,6.0000000001,1.21240234385,0.245285035094924,0.017652030076086,1e-10,0.687126529637879,1.11951363677086,0.723602412393406,2.22085840404422,0.00880119403764501,0.00500136316084144,0.0543831846089628,0.060937089138734,0.044179899766616,-0.806365899244665,-0.025270700165672,-0.282576917510413,-0.733478450761166,-0.733478450761166,-0.360913916559324,0.617378713831672,0.273877743611194,0.380072519048074,0.342336971148617,0.222307643967685,0.138146040046408,-0.613296984926479,25941088922.3981,135.0000000001,0.00141256131300843,0.00234576645357147,0.620430602969035,1.80896059777347,5286.69124815777,0.001953125,114,1,"SNETWORK (1 137 5286.69124815777 0.620430602969035 87000096 114)",87
318,87000097,-0.0151839775025982,67,0.847990630531859,0.546799996361712,0.449959143780463,0.448153051499128,0.45024912066774,0.908922107695429,0.950273272077647,0.515867368606147,0.68220517679399,0.016963666248015,0.386790888993039,-0.0886611639584198,0.016963666248015,0.016963666248015,0.195906335586624,-0.857219787171171,-0.699420815842788,0.0666086850990584,-0.94546856639773,-0.604424467785202,0.699593179675348,-0.759818089809216,-0.694672009762475,-0.0151839775025982,8,0.827397348523461,0.781573205043153,0.794488751215532,-0.415890510620385,-0.0155624625644982,-0.266592053675218,0.68219959482029,2.05383695111895,0.127052775500127,5344.0000000001,1.31449799344305,0.185727090324582,359.0000000001,0.129085964845277,1.44358395818833,0.013298703276441,1.03451299548014,-0.647853925917936,-0.508211708089825,-0.418940108423114,-0.203463968552855,0.588896705631316,-0.63748737210378,0.344517573191891,-0.328099673194521,0.274315572910536,0.576333005756862,0.189515904117857,35.0000000001,6.633056640725,0.189515904117857,35.0000000001,6.633056640725,0.58866271314162,0.60150237986389,1e-10,0.233535911850616,-0.0249937009677695,1.91908547624681,-0.25210049014108,1,0.867841683603148,1.1517511211886,1.1637685898318,1.1780916849822,-0.895319655842129,0.461423949243976,0.530136305133224,-0.803223743568343,-0.803223743568343,0.0490491843029802,0.188059713798823,0.391349717434137,0.612352390321804,1.48737490422978,-0.204340171853103,1.01090105890836,1.40887225506259,0,5344.0000000001,0.0121095268076032,0.00118917636883779,0.0922506231168985,6.13070979399958,17619.2340094675,5.82076609134674e-11,340,1,"SNETWORK (1 318 17619.2340094675 0.0922506231168985 87000097 340)",87
318,87000098,0.229170562178077,129,0.847990630531859,0.546799996361712,0.449959143780463,0.448153051499128,0.45024912066774,0.933516682546757,0.964076792113695,0.610355640506507,0.66705874360564,-0.000572778594585807,0.390578040999504,-0.087399294899171,-0.000572778594585807,-0.000572778594585807,0.0983296865823034,-0.904934586105227,-0.752403176142597,0.00111802553783833,-0.982640233432857,-0.603050539930755,0.694143931109334,-0.735182512335809,-0.673195464551723,0.229170562178077,8,0.659775407147585,0.717715343386632,0.728787726384565,-0.272270087615623,0.223745272615152,-0.600337529730545,0.667131379504654,1.66232837142893,0.236651070868981,5973.0000000001,2.73659362040514,0.131291105380027,8507.0000000001,2.16232544500159,4.89891906530674,0.0474281859982265,0.924724121283031,0.417624684745058,0.378942659467063,-0.635761396541478,-0.526384587345227,0.317144437578901,-0.802736411682458,0.19401800436601,-0.74919434883983,0.188431203337806,0.391929188871616,0.496189024490244,82.0000000001,40.6875000001,0.496189024490244,82.0000000001,40.6875000001,1.48244911053436,0.420883939095873,1e-10,1.13402809199908,0.621147481244776,0.0984157210620046,1.08285275572125,1,0.911894231670876,0.975277852907368,0.986233363658323,0.989828666406973,0.289378067012963,-0.742175529136037,-0.553423647467654,0.313815438979765,0.313815438979765,-0.723883282372213,-0.0908241558111464,0.604866965598566,0.354677971917548,-0.24517745915212,0.96714628830007,-1.24442804734367,-1.25025691976345,4531391011.34146,8507.0000000001,0.026493940647753,0.0209342452504735,0.419516765728533,3.69380660448223,18007.075980946,5.82076609134674e-11,322,1,"SNETWORK (1 318 18007.075980946 0.419516765728533 87000098 322)",87
137,87000099,-0.0788914302077559,84,-0.169336007143403,-0.45983907781187,-0.612877153222713,-0.614349237474709,-0.609405455638136,-0.00987997664839615,-0.0240920120082694,-0.235792325551745,-0.380730556172734,0.00761745700469981,0.000775679629438176,0.0474862852359354,0.00761745700469981,0.00761745700469981,0.259363735451769,0.0767148013490394,-0.00791616119203247,-0.765165136782521,0.0568147103443255,0.0677281446396492,-0.117429098893948,0.617705950750841,0.326804535448277,-0.0788914302077559,1,-0.44142418652063,0.130955122335401,0.131441645382949,0.662865569500301,-0.0598584393032961,1.75817350033242,-0.37967481916074,-0.212059586721048,0.0707049921265713,775.0000000001,0.101318587150411,0.171058678351883,1861.0000000001,0.588611617667595,0.689930204718006,0.0105556380179292,0.132947716768269,0.48534351705113,1.44461393271229,1.79388440918558,1.30453736625108,-1.77787252433555,0.618287433344301,-1.7413115542772,-0.0507754545304319,0.286679039450092,0.155627891076451,0.267642750559559,34.0000000001,9.099853515725,0.267642750559559,34.0000000001,9.099853515725,0.0999305445248544,0.0801213545061531,1e-10,0.148288031089406,0.346337110558874,-0.200093720772348,0.682645671916423,0,-0.0260581155005337,-0.0100986383476241,-0.00562350768998425,-0.0175864230970332,0.608331973320454,-0.76818519189233,0.162603107885064,0.695727375349071,0.695727375349071,0.128793722931531,0.483765256132421,-1.00542231150539,-1.12998630676908,-1.0919959055945,-0.765060977136642,-0.524399067767157,0.301454806997727,0,1861.0000000001,0.00155013117573606,0.00900550674219314,0.371182300028761,3.38874390313935,4853.75652726092,0.001953125,201,1,"SNETWORK (1 137 4853.75652726092 0.371182300028761 87000099 201)",87
318,87000100,-0.0693204888632717,53,0.849676501735058,0.527879359151426,0.449959143780463,0.448153051499128,0.45024912066774,0.909518347643837,0.94748950325414,0.501106501997773,0.684691375609161,0.0178014949968718,0.389279824658355,-0.0890491537741232,0.0178014949968718,0.0178014949968718,0.154724256551408,-0.839225593437443,-0.67619335931179,0.116673291263614,-0.93474158365726,-0.604424467785202,0.699593179675348,-0.759818089809216,-0.694672009762475,-0.0693204888632717,8,0.424730203455529,0.219507028410079,0.220755404084564,-0.54328273323093,-0.077005547684831,-0.107914441939037,0.684688565274596,-0.380298968495033,0.383529983941263,10656.0000000001,7.91230200593149,0.0716006099814963,3324.0000000001,0.460773037797742,8.37307504362924,0.119535352554102,0.230757088602971,0.189876172902514,0.684586005572001,-0.0679827444827567,-0.242030011178427,-0.570010115956182,-0.303051876334275,-0.519109170909798,0.265752938964144,-0.481447079567692,-1.0126960634225,0.578150256026724,58.0000000001,33.53271484385,0.578150256026724,58.0000000001,33.53271484385,1.76599882469796,1.18095635187212,1e-10,0.27154037100663,-0.178777489599242,-0.158166893540375,-0.337972950880106,1,0.867841683603147,1.15216222552792,1.16418216806137,1.17853025420361,-0.828442600131504,0.500276947045795,0.300278623946512,-0.750976792552707,-0.750976792552707,0.443507955074327,-1.16671634003322,0.809167996555052,0.997134581676332,1.40562367536647,0.399016705589073,1.59040066418294,1.23668857711095,0,10656.0000000001,0.112957283205205,0.006578069248897,0.0164041782384617,0.485606228789436,17529.3486504855,5.82076609134674e-11,372,1,"SNETWORK (1 318 17529.3486504855 0.0164041782384617 87000100 372)",87
328,87000101,0.844504326564777,273,0.833942087661095,0.661934694919581,0.679648502105189,0.676245639047415,0.674971766192546,0.854251416864528,1.02235341339901,0.254908146608404,0.0901493622787634,-0.0501832374126502,0.257281130159255,-0.277902137727914,-0.0501832374126502,-0.0501832374126502,-3.03918530516433,-0.101404734228123,0.0195906663671111,1.06946514382495,-0.352115920950017,-0.560339494672534,0.667148486569063,-0.788859635579387,-0.682989322922567,0.844504326564777,8,0.0224009306482693,-0.827373072338675,-0.807973437519996,-1.09430304082936,0.828606094052336,-0.374155866731366,0.0901513368862861,-0.250520897022135,0.190880765635362,5578.0000000001,2.06134175072706,0.113611652940317,884.0000000001,0.194439486240841,2.2557812368679,0.0734443833274303,-0.590300342924302,0.152071571883826,0.0794108241271929,-0.436415818188849,-0.285165420772634,0.391384864669734,0.0986226019389816,0.846095603932181,0.250784114750281,0.611672008449368,0.743980513639777,0.644581514346323,34.0000000001,21.915771484475,0.644581514346323,34.0000000001,21.915771484475,0.660853769400636,0.642137200010543,1e-10,0.121894705607177,0.0551879805379534,-0.121234045100623,-0.00735051338190934,1,0.955946779738605,1.27717508738715,1.28529677079185,1.31366454417867,-0.0372097765943097,0.651591785273275,-0.195031674459818,-0.0382496309860256,-0.0382496309860256,0.328487745843183,-0.557583288336154,-0.692874756118479,-0.607114544016454,0.20537726883528,-1.00726017642683,1.8584296139099,0.952664689338043,0,5578.0000000001,0.0671137657447112,0.00633061748271906,0.261715664610307,0.0969458715990186,18891.1141878974,2.91038304567337e-11,485,1,"SNETWORK (1 328 18891.1141878974 0.261715664610307 87000101 485)",87
140,87000102,-0.386453832231347,120,0,0,0,0,0,-0.122769312297304,-0.0119056914077101,-0.465116240396263,-0.0322071951588125,0.97453909761799,-0.701232306971412,0.949250721499003,0.97453909761799,0.97453909761799,-1.32908352431829,0.288653381418438,0.470426072065307,0.486530739856365,0.0970928401080787,0.45221133369877,-0.305856068890666,-0.190739766812213,-0.0312046492625428,-0.386453832231347,2,0.387969731071847,-0.0290279718008736,-0.0290264303563464,-0.754769969344482,-0.381421271995125,-0.034978855990885,-0.0321739798224049,1.13875155302013,0.52310726024354,1920.0000000001,1.6069855032596,0.668125326264315,2764.0000000001,2.95471744252657,4.56170294568617,0.0791061138686748,-0.0276971018046678,-0.650291084128042,0.56084210833953,1.88625540912007,-0.305607879690996,-6.60420438987356,-0.118640281425622,-7.34363769195079,-0.177376992607389,-2.01428609497826,-2.08131522516389,0.533843994240625,32.0000000001,17.0830078126,0.533843994240625,32.0000000001,17.0830078126,0.449334829399567,0.477027513848176,1e-10,1.60434853117647,0.877208210367441,1.91560412992656,1.47938939128261,-0.0115379238540555,-0.0721248996727373,0.126936739806633,0.147411179924322,0.15640877092409,0.155925829792013,-0.597487733805421,0.867849550622284,0.165417520610726,0.165417520610726,0.10987122787416,0.49378269780703,-0.976241412505401,-1.18173205067176,-1.3154262184653,-0.611774406623452,-1.33894924039424,-0.987911142457922,4583616600.94143,2764.0000000001,0.0278673073529603,0.0512388064157145,0.080468216014138,0.925375319086015,6435.82395016723,0.000244140625,272,1,"SNETWORK (1 140 6435.82395016723 0.080468216014138 87000102 272)",87
137,87000103,0.254373373178602,109,-0.169336007143403,-0.45983907781187,-0.612877153222713,-0.614349237474709,-0.609405455638136,0.0151553979231624,-0.0212675498609523,-0.270779285235638,-0.38372068981474,-0.0196093197050481,0.0239549749439513,0.03927769428885,-0.0196093197050481,-0.0196093197050481,0.146146977334445,0.0961859697623186,0.0115684926994636,-0.726409784553951,0.0704232595877926,0.0677281446396492,-0.117429098893948,0.617705950750841,0.326804535448277,0.254373373178602,1,-1.10963314937777,-0.975871631443236,-0.94779498377553,0.154770848695162,0.250486534999806,0.658805966952239,-0.383671809029279,-0.819347374368442,0.0621575643909323,35.0000000001,0.00402253088698522,0.366774477190038,293.0000000001,0.198702838761246,0.202725369548231,0.00742977211100583,-0.661871215332155,3.88220055940741,4.19874485635119,0.119346320219908,1.40970375757235,2.70631158451412,1.04951256295833,6.40010752012299,0.332813385299489,9.1842774203891,4.66517530737653,1.06270926349286,7.0000000001,7.43896484385,1.06270926349286,7.0000000001,7.43896484385,0.0272372710301704,1.26556583893496,1e-10,0.296689460698512,0.37751080042437,-0.115406452506575,0.492513247272809,1.03276561575505e-16,-0.0185086980620906,-0.0195287542774726,-0.0108746915532251,-0.0128047345422802,-0.0826437132266942,-0.135982319167815,0.703979622483374,-0.0843295013326524,-0.0843295013326524,0.105436409702125,0.519447512313747,-0.632756125830162,-0.682551456452302,-0.424082475243836,-0.605106585295314,1.19238587988158,1.1976707978622,0,293.0000000001,0.000147423515546652,0.00728234849545918,0.451788887078062,1.01252884138376,4993.76707038184,0.001953125,132,1,"SNETWORK (1 137 4993.76707038184 0.451788887078062 87000103 132)",87
140,87000104,-0.316086135681955,134,0.016376969797183,0.0406255841243769,0,0,0,-0.0909578986174246,0,-0.51718766707156,-0.0486719651751662,0.963163161000123,-0.730840759731738,0.978868994940914,0.963163161000123,0.963163161000123,-3.13405121564914,0.332068529404651,0.518711359565407,0.603149851763931,0.123507310139784,0.45221133369877,-0.305856068890666,-0.190739766812213,-0.0312046492625428,-0.316086135681955,2,0.37893734278278,1.06142145804067,1.08369254401943,0.663191495849,-0.322963993281092,-0.581990725141063,-0.048671449664478,0.132582842155328,0.22879859635208,1229.0000000001,0.449909559769711,0.105375346218551,24095.0000000001,4.06243034365894,4.51233990332865,0.0334468332750644,1.58477135263417,-1.02748050786752,-0.886140432527786,-0.58250870312918,-0.555703543777778,0.0932029697581841,-0.875540332935393,0.0381850465477943,-1.69255371253497,0.0117308479465029,0.0120746756391474,0.0703900951823643,129.0000000001,9.080322265725,0.0703900951823643,129.0000000001,9.080322265725,0.0990757066769087,0.213982432675314,1e-10,-0.158084119109925,0.179952822422561,-0.169744239081203,0.0954605050152107,0,0,-0.0247221470926318,-0.0137666363416769,-0.010171333593027,-0.31740004540678,0.43658579697822,-0.648828913235092,-0.311864504277684,-0.311864504277684,-0.0233939501194461,-0.115170591107525,0.0336483094451795,-0.0449441497141355,-0.0821006287394492,0.11607488978533,0.416868505918943,-0.0339132182831337,0,24095.0000000001,0.00333486623544747,0.0301119669396169,0.157949945189323,7.0659049704777,6513.5105193875,0.000244140625,306,1,"SNETWORK (1 140 6513.5105193875 0.157949945189323 87000104 306)",87
328,87000105,0.76450785096205,256,0.833942087661095,0.661934694919581,0.679648502105189,0.676245639047415,0.674971766192546,0.843732604671611,1.01512867455504,0.20279682246094,0.0940451345757052,-0.0409347691885971,0.245500043561199,-0.269399475687071,-0.0409347691885971,-0.0409347691885971,-0.827095102635464,-0.113855848614214,0.00763258474736732,1.01113226758419,-0.356460136900956,-0.560339494672534,0.667148486569063,-0.788859635579387,-0.682989322922567,0.76450785096205,8,0.0542935388585486,0.409533418587618,0.413490455012508,0.219527557629035,0.754540474022438,-0.640404541369018,0.0940334612934573,1.27016034236507,0.0822614544529338,2296.0000000001,0.365660112746538,0.0518776086921765,993.0000000001,0.0997329163433452,0.465393028989883,0.00572801032883013,0.464590721875209,-0.152499487629342,-0.369599607522985,-0.643150907643048,-0.542340441247016,0.30912429581443,-0.742810182869511,0.244735395292414,-1.10881174211013,0.332209175743927,0.417092228788713,0.0725341797875,40.0000000001,2.9013671876,0.0725341797875,40.0000000001,2.9013671876,0.171362932193818,0.210785601683238,1e-10,0.12084308346477,-0.161377029652971,-0.244559994673785,-0.164913720424041,1,0.955946779738605,1.27717508738715,1.28529677079185,1.31366454417867,-0.0709235727550516,0.414126723472897,-0.838244493101769,-0.0725078709233247,-0.0725078709233247,0.135127206954401,-1.2580932249678,0.102334039222955,0.0499057473708092,0.461571897497579,-0.0691474885958891,0.459208790590711,0.279532990987974,0,2296.0000000001,0.00450050760431594,0.00122750262451419,0.124943313114475,6.0757753662765,18788.6275344645,2.91038304567337e-11,469,1,"SNETWORK (1 328 18788.6275344645 0.124943313114475 87000105 469)",87
328,87000106,0.76450785096205,256,0.833942087661095,0.661934694919581,0.679648502105189,0.676245639047415,0.674971766192546,0.843732604671611,1.01512867455504,0.20279682246094,0.0940451345757052,-0.0409347691885971,0.245500043561199,-0.269399475687071,-0.0409347691885971,-0.0409347691885971,-0.827095102635464,-0.113855848614214,0.00763258474736732,1.01113226758419,-0.356460136900956,-0.560339494672534,0.667148486569063,-0.788859635579387,-0.682989322922567,0.76450785096205,8,0.0542935388585486,0.409533418587618,0.413490455012508,0.219527557629035,0.754540474022438,-0.640404541369018,0.0940334612934573,1.27016034236507,0.0822614544529338,2296.0000000001,0.365660112746538,0.0518776086921765,993.0000000001,0.0997329163433452,0.465393028989883,0.00572801032883013,0.464590721875209,-0.152499487629342,-0.369599607522985,-0.643150907643048,-0.542340441247016,0.30912429581443,-0.742810182869511,0.244735395292414,-1.10881174211013,0.332209175743927,0.417092228788713,0.0725341797875,40.0000000001,2.9013671876,0.0725341797875,40.0000000001,2.9013671876,0.171362932193818,0.210785601683238,1e-10,0.12084308346477,-0.161377029652971,-0.244559994673785,-0.164913720424041,1,0.955946779738605,1.27717508738715,1.28529677079185,1.31366454417867,-0.0709235727550516,0.414126723472897,-0.838244493101769,-0.0725078709233247,-0.0725078709233247,0.135127206954401,-1.2580932249678,0.102334039222955,0.0499057473708092,0.461571897497579,-0.0691474885958891,0.459208790590711,0.279532990987974,0,2296.0000000001,0.00450050760431594,0.00122750262451419,0.124943313114475,6.0757753662765,18788.6275344645,2.91038304567337e-11,469,1,"SNETWORK (1 328 18788.6275344645 0.124943313114475 87000106 469)",87
318,87000107,0.665865411785437,236,0.826606769083661,0.576140491778701,0.449959143780463,0.448153051499128,0.45024912066774,0.9487634369207,0.965222613000755,0.653562197790817,0.622051505388378,-0.0551810972382134,0.344730182044721,-0.116425938186979,-0.0551810972382134,-0.0551810972382134,-0.797776841540616,-0.884432116501713,-0.738246359033762,0.0078302239642942,-0.963884689180975,-0.603050539930755,0.694143931109334,-0.735182512335809,-0.673195464551723,0.665865411785437,8,1.07494202879503,1.72226986112295,1.77316788666553,0.479764459668889,0.678214631643896,-0.55360189616409,0.621973336116359,1.1431991800941,0.22298983965806,8573.0000000001,3.70106932832648,0.235831279927783,4433.0000000001,2.02399045823865,5.72505978646513,0.0254288765988866,3.46827791445388,0.757775120992737,0.2537687430579,-0.517611455693555,-0.445567156017748,0.188899259560315,-0.984413883549696,0.0436402316316834,-1.47032685985869,-0.00423176083381944,-0.00843709964070918,0.140322503910976,205.0000000001,28.76611328135,0.140322503910976,205.0000000001,28.76611328135,1.55737564790681,0.528155000749157,1e-10,0.543857781045018,0.409662102381881,-0.097068702959113,0.431724854223901,1,0.955946779738605,0.975277852907369,0.986233363658322,0.989828666406974,0.0980364126486734,-0.682348231220752,0.874579780679096,0.103022362761851,0.103022362761851,-0.222620329872405,0.463478949128803,0.0173792799392396,-0.105950512585474,0.0131391379433248,0.0455864183102063,-0.721180566043601,-0.395113235716807,0,8573.0000000001,0.0164389610542463,0.00898991544464023,0.959607361809355,0.301526214085983,18647.1354746945,5.82076609134674e-11,370,1,"SNETWORK (1 318 18647.1354746945 0.959607361809355 87000107 370)",87
137,87000108,0.136397845712167,98,-0.169336007143403,-0.45983907781187,-0.612877153222713,-0.614349237474709,-0.609405455638136,0.0125570670153151,-0.0193747403787082,-0.250283070851466,-0.382405634880757,-0.0107013907780958,0.0202440911366512,0.0407752819892452,-0.0107013907780958,-0.0107013907780958,0.197983600580277,0.0884704218529014,0.00399408464556305,-0.73966225561085,0.0647585840778333,0.0677281446396492,-0.117429098893948,0.617705950750841,0.326804535448277,0.136397845712167,1,-0.784890890165093,0.107223254703062,0.107563494719564,1.33217595016807,0.157390506459499,1.76309317946086,-0.382293587586391,-0.301967083226425,0.064409164081103,130.0000000001,0.015482046294956,0.122364276319539,933.0000000001,0.211092903838874,0.22657495003383,0.00353146308577222,0.107849035071499,-0.446291815135019,-1.10958877568747,1.2415149719077,1.58777255920069,0.569485365970342,0.639026200553691,0.574734126789774,-0.0383596834559177,-0.420180905045607,-0.2107711432976,0.00378715711219512,41.0000000001,0.1552734376,0.00378715711219512,41.0000000001,0.1552734376,0.305145055397323,0.324580744810437,1e-10,-1.26971127662625,-1.38725926707552,-0.200093720772348,-0.610817083452209,0,-0.044053220261396,-0.0247221470926318,-0.0137666363416772,-0.010171333593027,1.03555504795036,0.757679213078423,-0.653122930422419,1.2735289933163,1.2735289933163,0.409746497589896,0.547071845514072,-0.842336867896728,-0.704760281806211,0.348498193974347,-1.28122829518597,0.346134487651648,-0.252356177153529,0,933.0000000001,0.000241307669261188,0.00329015531651103,0.416576705541943,2.59401325032601,4932.60486463892,0.001953125,189,1,"SNETWORK (1 137 4932.60486463892 0.416576705541943 87000108 189)",87
56,87000109,-0.791274914001035,59,0,0,-0.0539298651555209,-0.0526282971591558,-0.0497659234028937,-0.308734914343165,-0.0465233444488334,-0.47888716611561,0.00110649056898525,1.00311313448065,-0.678660408667923,0.925608662966373,1.00311313448065,1.00311313448065,-0.00161880699834857,0.165158602571143,0.33633651896119,0.169828514873867,0.020007927801641,0.396949460069245,-0.3182243350896,0.145121969788322,0.0313608172450206,-0.791274914001035,2,-0.255378131959469,-0.138867552331545,-0.13847849513157,-0.0564850365738366,-0.797389141692482,0.379057668400313,0.00111058491790237,-0.427732414388418,0.148736550879043,5791.0000000001,1.37813338499714,0.0595773520732191,3183.0000000001,0.303415538228955,1.6815489231261,0.031784185616891,-0.127069120333991,1.72360035152408,0.51576466652065,0.476645386650966,0.409545166158527,-0.391322223176419,0.209009280371188,-0.465238307989617,0.261957321128902,-0.725296856977248,-0.780797203622996,0.445296749091936,31.0000000001,13.80419921885,0.445296749091936,31.0000000001,13.80419921885,0.30582892567568,0.345003536400535,1e-10,0.95534796756474,0.740140034744823,0.164631598555696,1.0592176335386,-0.0232557920329048,-0.145374652181789,-0.0360494800667491,-0.0147723584477982,-0.00466310245922123,-0.0551991354488997,0.180913253265226,-0.723473597280891,-0.056576268793752,-0.056576268793752,0.142828793518931,-0.336750962425965,-0.335880235524854,-0.282816642404872,-0.39347836915024,-0.221677378596823,-0.195647613029872,-0.139171212781924,8411297471.65084,5791.0000000001,0.0260491066140166,0.00573507890287432,0.663671409754215,1.13468739432284,6086.11084309569,0.00048828125,16,1,"SNETWORK (1 56 6086.11084309569 0.663671409754215 87000109 16)",87
56,87000110,-0.51813779659088,96,0,0,0,0,0,-0.211628576204675,-0.0219848294912321,-0.366826025256507,-0.00980498657541251,0.968566813301817,-0.656952745529873,0.914122675489841,0.968566813301817,0.968566813301817,-0.217284416678745,0.219311716714033,0.396296592610406,0.325163358660325,0.0516678737436564,0.442037567785408,-0.329724348592432,0,0,-0.51813779659088,2,0.0405176008311829,-0.367760128315641,-0.364456931786129,-0.707785731690317,-0.526541538967524,-0.140905934080781,-0.00977472257529677,0.579959119859131,0.355529670708124,1228.0000000001,0.698544696910253,0.192891318454473,4870.0000000001,1.50300915271678,2.20155384952704,0.0498202222806021,-0.308996962513014,-0.374579593079522,-0.175215230487257,-0.169116459746202,-0.173083656414484,-0.0954014023972814,0.0121447992025931,-0.123952895885361,0.0189310049758051,0.571103439584192,0.609962701199206,0.912818545486905,21.0000000001,19.169189453225,0.912818545486905,21.0000000001,19.169189453225,0.540642197033269,1.0420787192578,1e-10,-1.24770385125544,-1.35879035124713,-0.417775573120375,-0.587842321390218,-0.023255792032905,-0.14537465218179,-0.0247221470926322,-0.0137666363416776,-0.0101713335930273,1.28158879171392,1.07115729283209,-0.360458399419616,1.64460721973062,1.64460721973062,0.480699494036936,-2.0233183218038,0.317170170290373,0.132774185808762,-0.0397706791939219,0.475568622112145,-0.332175050454498,0.284269060881212,0,4870.0000000001,0.0158077677760303,0.0340124544045718,0.933779241574875,1.48779337183136,6302.17243981997,0.00048828125,64,1,"SNETWORK (1 56 6302.17243981997 0.933779241574875 87000110 64)",87
56,87000111,-0.527084625918271,95,0,0,0,0,0,-0.212854502071666,-0.0220009392848682,-0.367059234276357,-0.00960774474478515,0.969169024543665,-0.657479117675872,0.91427408099886,0.969169024543665,0.969169024543665,-0.213477371189709,0.218398067088621,0.395269377011361,0.322429243264658,0.0511489589316354,0.442037567785408,-0.329724348592432,0,0,-0.527084625918271,2,0.0518149884492196,-0.545163625869018,-0.537409682624983,-0.886859304720045,-0.533916039718258,-0.17963411348809,-0.00960439350544118,0.0872296443882378,0.81520380925465,1771.0000000001,2.30996151371867,0.430734617392686,4731.0000000001,3.26048875915597,5.57045027277463,0.145000218768977,-0.429509037523276,-0.189127829085396,0.360384433876695,-0.15646438681907,-0.220439069700884,-0.260707107806969,0.0960209844188606,-0.416325771924205,0.118960541574887,0.103153898160517,0.112550455415369,1.18570223731591,22.0000000001,26.08544921885,1.18570223731591,22.0000000001,26.08544921885,0.843350964463947,1.44894841142455,1e-10,0.309398967727991,0.186058158823279,-0.0609990076366497,0.448791637148142,-0.0232557920329049,-0.14537465218179,-0.0247221470926315,-0.0137666363416772,-0.0101713335930266,0.400120592832582,-0.434499236243991,0.278802692290418,0.441949182947314,0.441949182947314,-0.773237339390694,0.131177274148628,-1.45868064669919,-1.6461593723693,-1.72484969637291,-1.05124396220668,-0.927689059781397,-0.701679151395005,0,4731.0000000001,0.060128877953488,0.0848713407154886,0.92510695295304,0.659462864510715,6295.23540095569,0.00048828125,61,1,"SNETWORK (1 56 6295.23540095569 0.92510695295304 87000111 61)",87
137,87000112,0.24941351826629,108,-0.169336007143403,-0.45983907781187,-0.612877153222713,-0.614349237474709,-0.609405455638136,0.0155351021607988,-0.0204742812581213,-0.270309714006872,-0.383665718089898,-0.0190702267735087,0.0236712081753058,0.0396732283223909,-0.0190702267735087,-0.0190702267735087,0.147979374287985,0.0958851178431227,0.0112888961841134,-0.726880612211191,0.0701966989126868,0.0677281446396492,-0.117429098893948,0.617705950750841,0.326804535448277,0.24941351826629,1,0.18783788810498,-1.42187892617408,-1.35519702862596,-0.0794229690530002,0.242784588907232,1.34394287780962,-0.383650476872168,-0.783768501334514,0.250985415308907,42.0000000001,0.0194910449235061,0.294772158768612,332.0000000001,0.180951376160598,0.200442420984104,0.0105164654700769,-0.833579547848941,4.07530860002285,2.81586115182514,0.60963630351211,1.3463264177606,1.44378917116843,1.8587146736488,4.91751495948246,1.00077205387196,4.45047633191032,2.26150345183904,0.566761363736364,11.0000000001,6.2343750001,0.566761363736364,11.0000000001,6.2343750001,0.0254848534418817,0.526107324751873,1e-10,-0.195429984201445,0.0681305379372375,0.0504132218287143,0.123160368134739,-1.03276561575505e-16,-0.013767780099461,-0.0247221470926322,-0.013766636341678,-0.010171333593027,0.343168221085852,-0.308883673832524,0.511227680151665,0.375476213019855,0.375476213019855,0.461935391102121,0.592579036019992,-0.728420600015994,-0.805414556448701,-0.771945025887099,-0.55611012756218,1.3515749200517,1.64678152387413,0,332.0000000001,0.00102262234216148,0.00949384302791546,0.447877416077699,0.83694832213223,4986.97299561439,0.001953125,210,1,"SNETWORK (1 137 4986.97299561439 0.447877416077699 87000112 210)",87
56,87000113,-0.806164590233751,58,0,0,-0.0539298651555209,-0.0526282971591558,-0.0497659234028937,-0.308734914343165,-0.0465233444488334,-0.47888716611561,0.00111141341001588,1.00311930624203,-0.678640324044457,0.925585722302276,1.00311930624203,1.00311930624203,-0.00160066598889401,0.165132414318546,0.336312220516837,0.169758422819791,0.0199922556662164,0.396949460069245,-0.3182243350896,0.145121969788322,0.0313608172450206,-0.806164590233751,2,-0.192447392598781,-0.119974846046005,-0.119696600922418,-0.125467549150348,-0.804251222645751,0.381199173847172,0.00153476665737897,-0.383125274456412,0.195215213914482,3435.0000000001,1.07290281522349,0.0701470907813794,6289.0000000001,0.705848085371717,1.77875090049521,0.0331265724476888,-0.110570105903968,0.484549979143496,0.0187699747050066,0.341645587902197,0.463911295619958,0.131783410135466,0.197091916197302,0.166680849833901,0.249296979264593,0.114992237436502,0.126790635876443,0.776901657616892,37.0000000001,28.745361328225,0.776901657616892,37.0000000001,28.745361328225,0.959769193881055,0.839426585825847,1e-10,-1.39572862412127,-1.36083243022033,1.77945303409447,-0.621716231074752,-0.0232557920329049,-0.14537465218179,-0.0351803085670867,-0.0146952031345519,-0.00508577034258648,0.87243135359956,0.53354856053494,-1.20640083581583,1.04338121294492,1.04338121294492,-1.89965524761497,-0.865514850130079,-0.129695366537173,-0.0600232228985038,-0.383183671281594,0.0502180361156068,-0.095042641309848,0.0894165295648209,0,6289.0000000001,0.0199812085657022,0.0131453637819866,0.657111169014716,0.61631470109727,6080.86324964564,0.00048828125,13,1,"SNETWORK (1 56 6080.86324964564 0.657111169014716 87000113 13)",87
137,87000114,0.136397845712167,98,-0.169336007143403,-0.45983907781187,-0.612877153222713,-0.614349237474709,-0.609405455638136,0.0125570670153151,-0.0193747403787082,-0.250283070851466,-0.382405634880757,-0.0107013907780958,0.0202440911366512,0.0407752819892452,-0.0107013907780958,-0.0107013907780958,0.197983600580277,0.0884704218529014,0.00399408464556305,-0.73966225561085,0.0647585840778333,0.0677281446396492,-0.117429098893948,0.617705950750841,0.326804535448277,0.136397845712167,1,-0.784890890165093,0.107223254703062,0.107563494719564,1.33217595016807,0.157390506459499,1.76309317946086,-0.382293587586391,-0.301967083226425,0.064409164081103,130.0000000001,0.015482046294956,0.122364276319539,933.0000000001,0.211092903838874,0.22657495003383,0.00353146308577222,0.107849035071499,-0.446291815135019,-1.10958877568747,1.2415149719077,1.58777255920069,0.569485365970342,0.639026200553691,0.574734126789774,-0.0383596834559177,-0.420180905045607,-0.2107711432976,0.00378715711219512,41.0000000001,0.1552734376,0.00378715711219512,41.0000000001,0.1552734376,0.305145055397323,0.324580744810437,1e-10,-1.26971127662625,-1.38725926707552,-0.200093720772348,-0.610817083452209,0,-0.044053220261396,-0.0247221470926318,-0.0137666363416772,-0.010171333593027,1.03555504795036,0.757679213078423,-0.653122930422419,1.2735289933163,1.2735289933163,0.409746497589896,0.547071845514072,-0.842336867896728,-0.704760281806211,0.348498193974347,-1.28122829518597,0.346134487651648,-0.252356177153529,0,933.0000000001,0.000241307669261188,0.00329015531651103,0.416576705541943,2.59401325032601,4932.60486463892,0.001953125,189,1,"SNETWORK (1 137 4932.60486463892 0.416576705541943 87000114 189)",87
56,87000115,-0.694106210942524,73,0,0,-0.0539298651555209,-0.0526282971591558,-0.0497659234028937,-0.286543317420452,-0.0404500695720223,-0.452649056266824,-0.00225236386621556,0.994525698673376,-0.676857768317388,0.926384354430649,0.994525698673376,0.994525698673376,-0.0346058101782253,0.176883976198209,0.348509190875427,0.206611426918398,0.0264505262571102,0.396949460069245,-0.3182243350896,0.145121969788322,0.0313608172450206,-0.694106210942524,2,0.26398061301841,0.0114113628682649,0.0114219203649387,-0.5743851589372,-0.677956039021612,0.684783480897893,-0.00223429731710383,0.909620297638492,0.917313000953155,6582.0000000001,9.6604066746766,0.223643462340868,5098.0000000001,1.82421499290478,11.4846216674814,0.19294678500847,0.0110589300353257,-0.216952713207323,0.523470487017269,0.613637335812538,0.406725953437801,-0.825879707791748,0.265793539414377,-0.883939704484221,0.319586635797854,0.435163680081865,0.469981380757981,1.66582728804643,35.0000000001,58.303955078225,1.66582728804643,35.0000000001,58.303955078225,2.2534807929621,2.16481505146797,1e-10,0.453986282742208,0.668843108018513,-0.0244078028431747,1.33639898573814,-0.0232557920329049,-0.14537465218179,-0.0275835088643111,-0.0140206929968624,-0.00877991921222838,0.303436967020201,0.140654141844794,-0.188771156915187,0.329827397843024,0.329827397843024,-0.0717147729660303,-0.390850969893701,-0.767406042881073,-0.748820082560418,-0.875338853459106,-0.555729943423233,-0.5591133811124,-0.667283573070048,0,6582.0000000001,0.162299156450391,0.030647628458079,0.761035204663475,4.37029313482344,6163.99298686558,0.00048828125,85,1,"SNETWORK (1 56 6163.99298686558 0.761035204663475 87000115 85)",87
140,87000116,-0.258936733397703,146,0.016376969797183,0.0406255841243769,0,0,0,-0.0967599545266801,-0.000405705801731948,-0.599968795603638,-0.0507520296053096,0.960606434244416,-0.744114713734797,0.990188980465585,0.960606434244416,0.960606434244416,-3.36940584275967,0.335564704123631,0.522421448384417,0.614617557742457,0.125364645614508,0.45221133369877,-0.305856068890666,-0.190739766812213,-0.0312046492625428,-0.258936733397703,2,0.497117924289941,0.143398952672501,0.143972129596011,-0.704771627459601,-0.270462706535618,-0.373620119638925,-0.0505362083830126,0.64265913437052,0.600013289551311,9045.0000000001,8.68339232503205,0.0526465115789867,2444.0000000001,0.205868918587256,8.88926124351931,0.134684564650319,0.146292790650355,-0.227477103254688,0.17616313326587,-0.490794847652819,-0.711959649825365,-0.61732662765785,-0.445997410081482,-0.595951979504,-0.688825393746106,-0.234328494653276,-0.234819755349016,0.354332386463636,55.0000000001,19.4882812501,0.354332386463636,55.0000000001,19.4882812501,0.554608110374082,0.20937563583727,1e-10,0.510325641864082,0.73700581806335,1.76370802754208,0.987135800173745,0,0,-0.0247221470926318,-0.0137666363416772,-0.010171333593027,-0.499641597821883,0.446597843225753,-0.543435356110834,-0.476895757250233,-0.476895757250233,-0.00436367610944007,0.0601506747470469,-0.259511424353161,-0.28959585526821,-0.389732250530512,-0.120935619625621,0.351672274904276,-0.0260974711002141,0,9045.0000000001,0.131565366578561,0.00311919797175809,0.232180102786371,2.50867234531673,6587.93692078281,0.000244140625,307,1,"SNETWORK (1 140 6587.93692078281 0.232180102786371 87000116 307)",87
137,87000117,0.244215032288619,107,-0.169336007143403,-0.45983907781187,-0.612877153222713,-0.614349237474709,-0.609405455638136,0.0155351021607988,-0.0204742812581213,-0.270309714006872,-0.383610746365056,-0.0185236995909884,0.02331891587366,0.0400242770154539,-0.0185236995909884,-0.0185236995909884,0.149552365176342,0.0954509437299275,0.0108591357551182,-0.727779926538685,0.0698978513546546,0.0677281446396492,-0.117429098893948,0.617705950750841,0.326804535448277,0.244215032288619,1,0.240986044312531,-1.28651037534655,-1.23370989662581,0,0.237950074617382,1.28293641803267,-0.383598295134004,-0.724256156759283,0.887586455524166,992.0000000001,1.62801980185636,0.361680786635144,50.0000000001,0.033437422180832,1.66145722393719,0.0781309969815034,-0.787547676369878,2.72705220771003,-0.58765371825855,1.26597749300948,1.49801632353265,0.205884035926548,1.69218140894135,0.669373324377848,0.868830598659046,-3.58727449428701,-1.82059330933438,0.533447265725,15.0000000001,8.001708984475,0.533447265725,15.0000000001,8.001708984475,0.0518672865241064,0.476435991474873,1e-10,-0.193732802924202,0.279040829274188,1.76607719272504,0.430933063205439,0,-0.0253487320197204,-0.0247221470926329,-0.0137666363416772,-0.010171333593027,0.345867957418954,-0.345014354513508,0.435272366841376,0.378599517080035,0.378599517080035,0.692641702142715,0.518304368930322,-0.874550222429082,-0.949954401355403,-0.788109346270752,-0.744282087808651,1.18742455201676,0.918449955611455,0,992.0000000001,0.0765585825678268,0.00157241431367661,0.444218512910735,1.00251844711602,4980.61762146463,0.001953125,221,1,"SNETWORK (1 137 4980.61762146463 0.444218512910735 87000117 221)",87
56,87000118,-0.791273410258203,60,0,0,-0.0539298651555209,-0.0526282971591558,-0.0497659234028937,-0.306221724385045,-0.0459439284181693,-0.481873285281027,0.000258285059407205,1.00201945491622,-0.681932474521624,0.929464714936785,1.00201945491622,1.00201945491622,0.000311175149156196,0.166632624694772,0.337594583657781,0.173588422244894,0.0209315713252218,0.396949460069245,-0.3182243350896,0.145121969788322,0.0313608172450206,-0.791273410258203,2,-0.329083634866424,-0.284996707439493,-0.283094598967466,-0.138506212387194,-0.787385317737483,0.519980326556101,0.000640292900362745,0.0609775411467147,0.304286892367823,2310.0000000001,1.12464435392093,0.189204575684005,3288.0000000001,0.995367431331494,2.12001178515242,0.0449484612820363,-0.246885889690657,1.40920419026612,1.7866376093982,0.13102102246674,0.407320435877332,0.549371871540343,0.395532189876054,0.760302293504441,0.460601854945353,-0.514337682656796,-0.552465643768728,0.669601966694828,29.0000000001,19.41845703135,0.669601966694828,29.0000000001,19.41845703135,0.551552065067676,0.679442704332464,1e-10,-1.82544643917641,-2.10382852381669,-1.10603819151394,-0.706274382835766,-0.0232557920329049,-0.14537465218179,-0.0247221470926322,-0.0137666363416772,-0.010171333593027,0.448693259343127,0.300029207450513,-1.16075453829783,0.499623332730865,0.499623332730865,-3.57557561987662,-1.72421909162411,-0.458575264132886,-0.513777789247736,-1.03603574694978,-0.0585698232039155,-0.539342882296168,0.0894165295648208,0,3288.0000000001,0.0238446943728033,0.021103766809233,0.671875137014087,1.49255161199702,6092.67307566374,0.00048828125,20,1,"SNETWORK (1 56 6092.67307566374 0.671875137014087 87000118 20)",87
137,87000119,-0.107949351474189,82,-0.169336007143403,-0.45983907781187,-0.612877153222713,-0.614349237474709,-0.609405455638136,-0.0231976059961534,-0.0264393978680769,-0.218230114942715,-0.379581236886782,0.0178964612506846,-0.0152376519505998,0.0593564502192142,0.0178964612506846,0.0178964612506846,0.302005696533315,0.0698693194063218,-0.0148514218373066,-0.781819959788398,0.0524239436897539,0.0677281446396492,-0.117429098893948,0.617705950750841,0.326804535448277,-0.107949351474189,1,-0.911904934568345,-0.339769040668831,-0.336985685425937,0.792742657505011,-0.0989508374073756,1.09981537609808,-0.379575050302867,-0.352766214058579,0.350248026617537,1985.0000000001,1.28550435589176,0.0962661072361859,4399.0000000001,0.783005326609883,2.06850968240165,0.0457886991628172,-0.288432297015501,-0.119160059271389,0.828283279964106,1.16899997079884,1.43110016139009,0.319060956602862,0.736419892523255,0.467280693879125,0.0616793547080053,0.479914027541082,0.247772481238764,0.0257462212277174,46.0000000001,1.184326171975,0.0257462212277174,46.0000000001,1.184326171975,0.246513864501346,0.280546466353225,1e-10,-0.0558000879177117,0.175752214554598,-0.195001498454847,0.387342883978574,0,-0.0277899983526384,-0.0091267263232303,-0.00508229080676516,-0.0180792409498401,0.478302590097925,-0.522841735543592,0.758109686777017,0.535230735344562,0.535230735344562,0.143584897031347,0.61961635958897,-0.981406095084442,-0.991553485552308,-0.663165447847139,-0.951699997719563,-0.18785387860475,0.306832655657304,0,4399.0000000001,0.0284560292827801,0.0173326697800371,0.366400395041661,2.82681556950531,4845.4505421187,0.001953125,197,1,"SNETWORK (1 137 4845.4505421187 0.366400395041661 87000119 197)",87
137,87000120,-0.721267901918961,37,-0.169336007143403,-0.45983907781187,-0.612877153222713,-0.614349237474709,-0.609405455638136,-0.00884405443840763,0.0073571335122323,0.0200877792891923,-0.359508680773779,0.120793769247872,-0.0664215833228038,-0.0107067184300194,0.120793769247872,0.120793769247872,0.559132465931751,-0.0246305654503825,-0.105811788962145,-0.951366234777648,-0.0160249458649905,0.0677281446396492,-0.117429098893948,0.617705950750841,0.326804535448277,-0.721267901918961,1,-0.424583115758881,0.153688576550549,0.154338522287518,0.668440302479406,-0.71368644732732,1.29423810304502,-0.359483768361654,-0.0612620859898703,0.391891846505398,1336.0000000001,0.968077286168362,0.175269365576474,2977.0000000001,0.964766452788232,1.93284373885659,0.0290505247599974,0.157424689335252,-0.0308059578621147,-0.330576495081944,1.39302179116752,0.726118790532067,-2.3036188971781,0.428757137780511,-2.21810940948898,-0.18250182285431,-1.88869433299577,-1.02715910837665,1.55066697150957,47.0000000001,72.88134765635,1.55066697150957,47.0000000001,72.88134765635,2.89149970624949,1.993110974082,1e-10,-0.62711820666014,-0.699558596360378,1.78045485651896,-0.464415885828223,0,-0.044053220261396,3.42243995575329e-16,0,-0.0227070388776265,0.293811040291819,0.391329988960743,-1.0288984408418,0.318856333510478,0.318856333510478,0.626304089211801,-0.11459297131486,-0.976112314855449,-0.814688729731623,-0.86227979345964,-0.842935935139596,0.267158642107486,0.282046279870349,0,2977.0000000001,0.014550143142872,0.0145003815171254,0.223659149380983,4.4777888946268,4597.51448549736,0.001953125,160,1,"SNETWORK (1 137 4597.51448549736 0.223659149380983 87000120 160)",87
140,87000121,-0.270670039319057,144,0.016376969797183,0.0406255841243769,0,0,0,-0.0960225182554873,-0.00024678725220442,-0.566635026852781,-0.0502517048618963,0.961224271595045,-0.740650526528399,0.987734206061475,0.961224271595045,0.961224271595045,-3.30982335560876,0.334675426016986,0.521494765731296,0.612174528283164,0.124830328043611,0.45221133369877,-0.305856068890666,-0.190739766812213,-0.0312046492625428,-0.270670039319057,2,0.369592004535105,0.10615966873527,0.106493940687411,-0.598503555842676,-0.281542927485675,-0.645405904834246,-0.0502490447295952,0.760375306073891,0.695589254426951,4139.0000000001,4.60647027795092,0.0711625110773061,9069.0000000001,1.03259649938423,5.63906677723515,0.0879653094558301,0.106734901637838,1.13075071095459,0.743536117413239,-0.69048081681166,-0.805694193474507,-0.264527303837963,-0.648129639128131,-0.259841867597451,-1.07611426421075,-0.261023130406263,-0.262154292058152,0.174257340069758,62.0000000001,10.803955078225,0.174257340069758,62.0000000001,10.803955078225,0.174515146758118,0.0591163295736888,1e-10,0.489566925905871,0.730697406125311,-0.0309785154173884,0.980307804751387,0,0,-0.0247221470926318,-0.0137666363416772,-0.010171333593027,-0.475868362516479,0.415853722164865,-0.569682058011194,-0.455918668827673,-0.455918668827673,0.0307886690823379,0.0340093855364152,-0.150821638853522,-0.231106258128644,-0.264143388542466,-0.0389510081455763,0.407209805027881,-0.13943083772689,0,9069.0000000001,0.0718575606645775,0.0161077486912526,0.220967106954714,1.46878800350193,6576.69428092286,0.000244140625,301,1,"SNETWORK (1 140 6576.69428092286 0.220967106954714 87000121 301)",87
137,87000122,0.105005011252373,96,-0.169336007143403,-0.45983907781187,-0.612877153222713,-0.614349237474709,-0.609405455638136,0.00543256997848647,-0.0206107026259381,-0.249260432290703,-0.382006720662575,-0.00642744671472391,0.0139892301483931,0.0442243797816591,-0.00642744671472391,-0.00642744671472391,0.215761834359694,0.0860462750827004,0.00137705124075652,-0.746370561271954,0.063307050351949,0.0677281446396492,-0.117429098893948,0.617705950750841,0.326804535448277,0.105005011252373,1,-0.670741725875832,-0.253477095581749,-0.252002529290232,0.469786468458346,0.112409984496874,1.29786599155228,-0.381962118683589,-0.465955440815944,0.0467558803715038,411.0000000001,0.0355316524530399,0.0675931856679385,1587.0000000001,0.198343140800145,0.233874793153185,0.00483718259791965,-0.222170445414917,1.14537249165977,0.259853063033088,1.43018081831118,1.59068882678557,-0.013599186591055,0.753338893996045,-0.00609255090766011,0.0706158016089571,-1.55927995505243,-0.795270407428502,0.00618703751776316,38.0000000001,0.235107421975,0.00618703751776316,38.0000000001,0.235107421975,0.308639205100801,0.328158967441866,1e-10,-1.11647814076884,-0.897635924626831,1.76700831991713,-0.493170401761815,0,-0.044053220261396,-0.0247221470926315,-0.0137666363416772,-0.010171333593027,0.295647249973496,0.570964860642074,-0.691455089174117,0.320946485153573,0.320946485153573,1.31693017190511,0.919432168673253,-1.0406465858932,-0.847636927686998,0.166743243621722,-1.45500434685225,-0.172312248435922,0.246649113466626,0,1587.0000000001,0.000734893592595099,0.00410228890532455,0.409885844506738,1.44184048846364,4920.98309622299,0.001953125,143,1,"SNETWORK (1 137 4920.98309622299 0.409885844506738 87000122 143)",87
137,87000123,0.554418564762632,150,-0.166057912338905,-0.453200003638288,-0.550040856219537,-0.551846948500872,-0.54975087933226,-0.00426355989868095,-0.0463707917527785,-0.679253164094371,-0.408563314791726,-0.128321149735738,0.0195947775720982,0.107643388629347,-0.128321149735738,-0.128321149735738,-1.45147396192407,0.15148201907712,0.0367670988134972,-0.69858621276608,0.119749542090376,0,0,0.264817487664191,0.333376028400019,0.554418564762632,1,-0.939886931528877,-0.740265396131473,-0.725105774125669,0.206407523626918,0.548310810739076,-0.203646919351238,-0.408468144361599,-0.513564159951889,0.137385868411521,956.0000000001,0.242849548233989,0.194555494386444,1035.0000000001,0.372324139373431,0.61517368750742,0.0186894188373424,-0.544345347392455,-0.10066786261991,-0.634128213642668,-0.113483201046822,0.0910528681124532,0.477221023443901,0.208560776202482,0.955801792867253,-0.558677542415763,0.451774100860316,0.215355744558289,0.901309742747059,17.0000000001,15.3222656251,0.901309742747059,17.0000000001,15.3222656251,0.372271197407261,1.02491908983259,1e-10,-0.638934359871471,-0.884553392666175,-0.702044507236882,-0.517856971126876,1.03276561575505e-16,-6.2602913664822e-16,-0.0247221470926318,-0.0137666363416776,-0.0101713335930266,0.630560906323064,-0.744117631829577,1.21961900351885,0.723851047262164,0.723851047262164,1.41848497262367,0.751083284618786,0.259430588203681,0.225657778756443,-0.590354917034811,0.679034468393136,0.280620456105003,0.16161041333678,0,1035.0000000001,0.00737794380377094,0.0113114749335714,0.59519307093978,2.15801651298619,5242.8546251745,0.001953125,184,1,"SNETWORK (1 137 5242.8546251745 0.59519307093978 87000123 184)",87
137,87000124,0.494751952185677,141,-0.166057912338905,-0.453200003638288,-0.550040856219537,-0.551846948500872,-0.54975087933226,-0.0250525860337747,-0.0552703209150122,-0.674690846338773,-0.405523624550011,-0.1077085891519,-0.00364008302236149,0.134760050588763,-0.1077085891519,-0.1077085891519,-1.17307585728948,0.155005630477324,0.0464967518518729,-0.687957177039035,0.121741797114875,0,0,0.264817487664191,0.333376028400019,0.494751952185677,1,-0.432698559825987,-1.65714089693774,-1.56127759552824,-1.32537536626118,0.486837496308007,-0.272180283880875,-0.405356274919652,2.08973790618365,0.0788183314216273,327.0000000001,0.0476554235918207,0.0729685794497733,70.0000000001,0.00944433274930417,0.0570997562411249,0.00362899427642048,-0.902999230195943,-0.7462905653656,1.35375065097069,-0.497189822527984,-0.37716376074076,0.316553579891434,0.86652393856575,1.36184999092618,0.104830320454254,1.94717779968784,0.928962781385596,0.5645751954125,2.0000000001,1.129150390725,0.5645751954125,2.0000000001,1.129150390725,0.248928781421793,0.522847746918572,1e-10,-1.16403800119203,-0.936856453256094,0.0545592802056316,-0.532824065317951,0,0,-0.0247221470926318,-0.0137666363416776,-0.0101713335930273,0.537691118110863,-0.826738817805351,0.912771288067599,0.607692518211953,0.607692518211953,0.793182213375211,-0.961980641084713,1.59865746071622,1.68341898709419,0.738206601346928,1.80095178441099,-0.465215267414333,0.530398731387792,34.7630854548679,327.0000000001,0.00302875644335916,0.000600237733061314,0.566286262810501,1.64896875351667,5192.6446106555,0.001953125,253,1,"SNETWORK (1 137 5192.6446106555 0.566286262810501 87000124 253)",87
328,87000125,0.781656246443479,260,0.833942087661095,0.661934694919581,0.679648502105189,0.676245639047415,0.674971766192546,0.844139882036179,1.01547494738982,0.204395990313044,0.0936918386844068,-0.0418732270370903,0.243981179058416,-0.268356686317556,-0.0418732270370903,-0.0418732270370903,-0.784839908823323,-0.112774333250366,0.00889644239757493,1.01323367195605,-0.355694868622114,-0.560339494672534,0.667148486569063,-0.788859635579387,-0.682989322922567,0.781656246443479,8,0.309616462603591,0.890775803266226,0.9071046507275,0.513729774381807,0.774980325539092,-0.518152912419397,0.0936965773046196,0.0735923292931588,0.232940555345536,4375.0000000001,1.9730245325505,0.0913338033694514,4059.0000000001,0.717728043570376,2.69075257602087,0.0227708108830065,1.23524411722376,0.531550301034155,6.08880715787979,-0.519959781322781,-0.605793653313692,-0.200871091709117,-0.802042305182392,-0.113834820515374,-1.27069832640696,0.0084388617019342,0.0104262046416714,0.173928653592647,68.0000000001,11.8271484376,0.173928653592647,68.0000000001,11.8271484376,0.815996153329684,0.578261783181797,1e-10,-0.606018813474486,-0.538723458361899,-0.0798756252110097,-0.376575167253832,1,0.955946779738605,1.27717508738715,1.28529677079185,1.31366454417867,0.261671622642483,0.622366793535242,-0.640488979295569,0.282473680139194,0.282473680139194,-1.73539099293083,-1.11863883053869,0.411340002853372,0.333410416133507,0.518847542673814,0.316971198471107,1.03129280669647,0.404175273341711,0,4375.0000000001,0.0166969526297989,0.00607385815320762,0.166983932380634,6.82997202453499,18820.1295327099,2.91038304567337e-11,473,1,"SNETWORK (1 328 18820.1295327099 0.166983932380634 87000125 473)",87
318,87000126,0.423757976114864,174,0.826606769083661,0.576140491778701,0.449959143780463,0.448153051499128,0.45024912066774,0.935082438940021,0.958231509214142,0.48095441175546,0.642231379435849,-0.0262438634048814,0.344664966856564,-0.103930162211932,-0.0262438634048814,-0.0262438634048814,-0.259993552008003,-0.891764391716497,-0.740842209145631,-0.0263955882424621,-0.966458950112987,-0.603050539930755,0.694143931109334,-0.735182512335809,-0.673195464551723,0.423757976114864,8,-0.501028873315907,0.210886525171961,0.212046115361448,0.915975944056629,0.413635237700382,0.0838356460065298,0.642232649818201,-0.510593487861256,0.138365959996534,1486.0000000001,0.398068114213493,0.292860223935819,7057.0000000001,4.00119602791895,4.39926414203244,0.0632291303310481,0.220939507644254,0.896160746526802,0.0355647546688622,-0.018043869611301,0.0405980325592537,0.0410207748445467,-0.183077036429883,0.0411884197752055,0.406858977874974,0.0941511588909251,0.193214983445724,0.507585492150439,57.0000000001,28.932373046975,0.507585492150439,57.0000000001,28.932373046975,1.56465245508744,1.07574426109553,1e-10,0.598975298679163,0.517947854855535,0.0361593162900425,0.948139291106616,1,0.955946779738605,0.975277852907368,0.986233363658323,0.989828666406973,0.327909773788779,-0.874091790110536,0.110588982561567,0.357875326407769,0.357875326407769,-0.20087040525399,-0.295331762864165,0.821284216537108,0.767211620816402,0.215708364740599,1.02276378253235,-0.44275587338555,-0.754195701649664,7827181951.65224,7057.0000000001,0.00572129788438974,0.0575078323466583,0.653338392302698,0.170815240812141,18284.1771802976,5.82076609134674e-11,393,1,"SNETWORK (1 318 18284.1771802976 0.653338392302698 87000126 393)",87
318,87000127,-0.0443557074309721,60,0.849676501735058,0.527879359151426,0.449959143780463,0.448153051499128,0.45024912066774,0.908989160971963,0.947815176781858,0.498903202842546,0.684047468002354,0.0175123234340573,0.387887115454207,-0.0897136950500756,0.0175123234340573,0.0175123234340573,0.168847697938014,-0.842979410282206,-0.681187874809478,0.104015717924996,-0.936692949648051,-0.604424467785202,0.699593179675348,-0.759818089809216,-0.694672009762475,-0.0443557074309721,8,0.387868738708964,-0.0824438684428684,-0.0823306869008297,-0.805272050371784,-0.051265723261253,-0.317427886694804,0.684045154597424,0.0705655258967462,0.104822935824629,5406.0000000001,1.09708854776867,0.143969173642381,2406.0000000001,0.670616842071582,1.76770538974025,0.0319655895104391,-0.0770731886148516,3.32162424427245,0.659236444209268,-0.0667681341169767,-0.106227319095596,-0.193733453208549,-0.293284973564908,-0.216453733669404,0.27983654858808,0.763329344032021,1.60571067565992,0.274315086670946,37.0000000001,10.149658203225,0.274315086670946,37.0000000001,10.149658203225,0.742576267664246,0.727937994502919,1e-10,0.461515676166849,-0.010183979967137,-0.192224763023837,-0.236213379665396,1,0.867841683603148,1.15216222552792,1.16418216806137,1.17853025420361,-0.642304005841847,0.542685715056168,0.308610799867531,-0.599425643639781,-0.599425643639781,0.38404933686493,-0.806117671835192,0.585874244995133,0.817506191435435,1.58455699700112,0.00752374117876562,1.15092977363963,1.31040756383524,0,5406.0000000001,0.0198387594828845,0.0121268299275546,0.0530002954094396,1.64081685894991,17572.7185821222,5.82076609134674e-11,334,1,"SNETWORK (1 318 17572.7185821222 0.0530002954094396 87000127 334)",87
56,87000128,-0.74028496220451,65,0,0,-0.0539298651555209,-0.0526282971591558,-0.0497659234028937,-0.304454246943311,-0.0451511272831622,-0.480822923808228,-0.000153756734856767,1.00099514759836,-0.682530078838115,0.929837033185163,1.00099514759836,1.00099514759836,0.000217762121238023,0.167517759314796,0.338419199920174,0.176999302064204,0.0213358470038779,0.396949460069245,-0.3182243350896,0.145121969788322,0.0313608172450206,-0.74028496220451,2,-0.551693430225205,-0.0509469890315649,-0.0509168883860699,0.573212156529165,-0.74008643116412,0.0241719729218277,-6.35041907843112e-05,-0.1481830580465,1.05821169561478,8255.0000000001,13.9768600744474,0.133716750984061,2815.0000000001,0.602260246081305,14.5791203204287,0.257203501993543,-0.0482045324050509,-0.00708277140051805,0.14862934531366,-0.125481562625042,0.380144560395813,1.29022669098543,-0.0664483453597085,1.46883067763353,-0.0653649090441477,1.86029588887063,2.01170868144236,1.44977361515682,33.0000000001,47.842529296975,1.44977361515682,33.0000000001,47.842529296975,1.79560827065618,1.84267893995869,1e-10,1.01697377827175,0.576313450619771,0.357842387426021,1.29451420255104,-0.0232557920329048,-0.145374652181789,-0.0348459563895978,-0.0146655162536923,-0.00524835801125777,0.395487579124947,-0.779506646707239,0.569156076702335,0.436495521186156,0.436495521186156,-0.410727940493347,0.654130731122027,-2.11152745446795,-2.33957500793858,-2.4845357161492,-1.54096045457395,-1.38517411067374,-1.14711366500144,7213204784.82794,8255.0000000001,0.246578481939379,0.0106250199541646,0.709403354567931,1.44856479281195,6122.69222228472,0.00048828125,32,1,"SNETWORK (1 56 6122.69222228472 0.709403354567931 87000128 32)",87
137,87000129,0.720911790944502,173,-0.166057912338905,-0.453200003638288,-0.550040856219537,-0.551846948500872,-0.54975087933226,-0.0148397137195561,-0.0453246170250946,-0.72755016090603,-0.423598163583382,-0.198668606342876,-0.0193052778786177,0.197787336285083,-0.198668606342876,-0.198668606342876,-3.72625063663926,0.182435701346482,0.03300450341256,-0.70541807890956,0.150274039083801,0,0,0.264817487664191,0.333376028400019,0.720911790944502,1,-1.30763150733979,-1.19905620113027,-1.15418030238331,0.174804989389027,0.711559968169072,0.575510846345295,-0.42359067463111,-0.844701376717482,0.0715796501444412,1.0000000001,0.000132351004999022,0.128547376514918,2075.0000000001,0.493194997643198,0.493327348548197,0.0216211118464045,-0.755152109372636,-1.75013064264636,0.259179117887789,0.46944753775039,0.556545456210497,0.0093937023903569,1.19999600046573,0.0699878776320273,0.339814185141251,-0.513342809533333,-0.219784335197266,0.371599469966071,14.0000000001,5.202392578225,0.371599469966071,14.0000000001,5.202392578225,0.526045840779596,0.872989048373603,1e-10,0.983811605623729,0.805804612022765,0.309696037360015,1.16727947658446,0.011186450510944,0.0063568088844351,0.0758219226153097,0.0811829249724543,0.0589099043039185,-0.691456465196476,0.127521065811004,-0.686034587116666,-0.640341098553162,-0.640341098553162,-0.512720571786149,0.335533003438711,0.209792567698282,0.450188765643276,0.22473862059306,0.196200513151766,0.373912525951563,-0.672299200525771,12258395611.6139,2075.0000000001,5.80055761295812e-06,0.0216153111887915,0.669137750364522,0.291054657660425,5371.2936908408,0.001953125,181,1,"SNETWORK (1 137 5371.2936908408 0.669137750364522 87000129 181)",87
137,87000130,0.643529243319248,162,-0.166057912338905,-0.453200003638288,-0.550040856219537,-0.551846948500872,-0.54975087933226,-0.0186108647433926,-0.0455183502873013,-0.67862368848161,-0.41661839547545,-0.166334530044786,0.000222377716965984,0.155699754383295,-0.166334530044786,-0.166334530044786,-2.56557255190678,0.162861222709006,0.0290284840308098,-0.714590951520021,0.132723556861041,0,0,0.264817487664191,0.333376028400019,0.643529243319248,1,-1.37302637989974,-1.71396949256077,-1.61002431012024,-0.41043036395339,0.633705971046878,0.794095000984496,-0.416582240552562,-0.67733656654972,0.0875862099552964,77.0000000001,0.0124699239988888,0.0816345419316459,394.0000000001,0.0594713129752793,0.071941236874168,0.00479051507453561,-0.917964018523381,0.362374827784156,-0.920790686462026,1.54303761503875,0.335669810793511,-3.86306310789548,1.84700962968335,-16.436653159546,0.891213920945133,-10.5662132328419,-4.84109069432629,0.054351806740625,8.0000000001,0.434814453225,0.054351806740625,8.0000000001,0.434814453225,0.317379922096046,0.399972657353641,1e-10,-0.0261549989523594,0.494671795779002,0.104171312284479,0.653887950351177,1.03276561575505e-16,0,-0.0247221470926315,-0.0137666363416776,-0.010171333593027,-0.165778256757333,-0.31812578830537,0.395691146619911,-0.166902009359816,-0.166902009359816,0.169971741929844,0.644198193620492,0.342401084608735,0.279698325382966,-0.0334282899707967,0.506245977748324,-0.372810166257404,-1.00690049090893,0,394.0000000001,0.000830363222090118,0.00396015175244549,0.633918702295236,1.56918212928576,5310.11955819371,0.001953125,200,1,"SNETWORK (1 137 5310.11955819371 0.633918702295236 87000130 200)",87
318,87000131,0.560749962369717,208,0.826606769083661,0.576140491778701,0.449959143780463,0.448153051499128,0.45024912066774,0.951998943537526,0.966481386641123,0.661102130386707,0.634273771004532,-0.0412610854687825,0.365235295959767,-0.107262596534258,-0.0412610854687825,-0.0412610854687825,-0.377752623011948,-0.914206508853092,-0.767902723887364,-0.0392859908628775,-0.986270437916946,-0.603050539930755,0.694143931109334,-0.735182512335809,-0.673195464551723,0.560749962369717,8,-0.413478141998937,-0.352770296101508,-0.349751417097082,0.0402426289003195,0.554250749867367,0.410854007063656,0.634475457025057,-0.122598548452409,0.22064664362415,7707.0000000001,3.29224393231907,0.085439296050299,998.0000000001,0.165081164619434,3.4573250968385,0.077319324444179,-0.298039310635475,-1.01521792658437,-0.0216285209982839,0.19013766373366,0.176096379759422,-0.211394148177611,0.382461930202468,-0.289192491533684,1.06624168390982,-0.0603449207639143,-0.118584137176357,0.00775737157177419,31.0000000001,0.240478515725,0.00775737157177419,31.0000000001,0.240478515725,0.308874285508986,0.330500336135877,1e-10,-0.182579473264934,-0.117088126238122,-0.131733400833803,-0.0606601677827608,1,0.955946779738605,0.975277852907368,0.986233363658323,0.989828666406973,0.247471231230783,-0.859028758899186,0.056426446659707,0.266519292008966,0.266519292008966,-0.760176378893402,-0.53157028155922,0.751371507826016,0.927553322196231,0.565889366867115,0.750018313711082,-0.454829249499378,-0.773816532785375,0,7707.0000000001,0.0736274632245424,0.00369186111963666,0.825083435819627,0.647246509790421,18487.7116361925,5.82076609134674e-11,360,1,"SNETWORK (1 318 18487.7116361925 0.825083435819627 87000131 360)",87
318,87000132,0.438640610601828,177,0.826606769083661,0.576140491778701,0.449959143780463,0.448153051499128,0.45024912066774,0.941503535554577,0.961112584354109,0.54971745468021,0.640003137490683,-0.0310294518777,0.353655691170882,-0.104211742333865,-0.0310294518777,-0.0310294518777,-0.279430029461105,-0.90161746088372,-0.751756483303285,-0.0308728032956709,-0.975310457351559,-0.603050539930755,0.694143931109334,-0.735182512335809,-0.673195464551723,0.438640610601828,8,-1.10552071114535,-0.734103860151905,-0.719221486132611,-0.0632796383839814,0.427963980369954,0.0324138112848786,0.640450430138334,-0.798294445787353,0.113519522684515,405.0000000001,0.0890092007351628,0.119848962896425,5142.0000000001,1.19309678056175,1.28210598119692,0.0387612526819448,-0.540976445283782,-0.152328218025879,0.0755007627091623,0.129034159831359,-0.0630466343487092,-0.681818411979257,0.407456659227799,-1.29808435711192,1.09637369316557,-2.27700494154712,-4.63667848639082,0.186792834151724,29.0000000001,5.4169921876,0.186792834151724,29.0000000001,5.4169921876,0.06125981737841,0.0404259029523586,1e-10,0.692352530714031,0.480508807492002,2.05874269970693,0.868828758362692,1,0.955946779738605,0.975277852907368,0.986233363658322,0.989828666406972,0.299369566120822,-0.747488665828587,-0.47307602532591,0.325187420311073,0.325187420311073,-0.210683739877558,-0.00342785709943836,0.345451907650754,0.266755328828632,-0.0441888882197476,0.515840838496896,-0.507765919870386,-0.83619785398014,6876753600.67484,5142.0000000001,0.00269096951328842,0.0360702830686563,0.668745160436854,0.891075439751148,18302.4356878217,5.82076609134674e-11,385,1,"SNETWORK (1 318 18302.4356878217 0.668745160436854 87000132 385)",87
137,87000133,0.655093671871271,164,-0.166057912338905,-0.453200003638288,-0.550040856219537,-0.551846948500872,-0.54975087933226,-0.0176272203902266,-0.0452946077455634,-0.684902701533828,-0.416974645071366,-0.16911533232925,0.00357305729214627,0.151343647926815,-0.16911533232925,-0.16911533232925,-2.63355701705142,0.162906641023175,0.0286976608547711,-0.713703941757189,0.132651784555793,0,0,0.264817487664191,0.333376028400019,0.655093671871271,1,-1.21615546165788,-1.01589093823315,-0.985146133152752,0.284511838130442,0.650514955140805,0.947679019689097,-0.416842492869316,-0.847050317328816,0.15368514811893,90.0000000001,0.025574771101712,0.112198131072683,20.0000000001,0.00414909112355599,0.029723862125268,0.00112476562385726,-0.679798909277244,0.990295855624543,-0.755232772216936,1.25073590866509,1.71015908524678,0.842746297725303,1.25474038415365,2.08229768209068,0.408226956241223,8.91367256710956,4.15903333496932,0.419403076271875,8.0000000001,3.355224609475,0.419403076271875,8.0000000001,3.355224609475,0.44519955131013,0.944264244233569,1e-10,1.60763200525865,1.34046031352672,1.74157632007399,3.2542033845059,0.0115201738750426,0.00654644960429738,0.0788214370787288,0.0840155399138185,0.0609707927989138,-0.754468958621278,0.12452635552464,-0.732319033508892,-0.691845558454421,-0.691845558454421,-0.228452328543654,-0.007611717835688,-0.193503022910444,-0.0194916946168876,-0.0442827676460669,-0.208563148290954,0.349575321114585,-0.482386043628297,28253901816.183,90.0000000001,0.000967761883661572,0.000157003640195687,0.639850672242542,0.675845183906837,5320.42316196236,0.001953125,203,1,"SNETWORK (1 137 5320.42316196236 0.639850672242542 87000133 203)",87
319,87000134,-0.154580931395406,32,0.849676501735058,0.527879359151426,0.423921895297046,0.422083328008158,0.425620192291929,0.863743052850038,0.878331712315023,0.539537698341905,0.777097532311067,-0.0130523712620686,0.366938592357902,-0.0443985748703089,-0.0130523712620686,-0.0130523712620686,0.286478929344618,-0.741305406935247,-0.547745772924264,0.411880637768924,-0.879346566524624,-0.604424467785202,0.699593179675348,-0.759818089809216,-0.694672009762475,-0.154580931395406,8,0.532807827634628,0.447412549880439,0.452072251894866,-0.424083719370817,-0.162077057202874,-0.422967839521378,0.777157723077751,0.472035518055811,0.160917522056699,3825.0000000001,1.19163732288927,0.150993095245927,1332.0000000001,0.389377304328023,1.5810146271173,0.0188925908382723,0.515435914099087,-0.354730051707418,-0.418321359886061,-0.455637046957831,-0.674253706721255,-0.63218548021248,-0.605554474013904,-0.484855139592742,-0.19656427134553,-0.890831420920857,-1.99720649805278,0.06121826181875,24.0000000001,1.46923828135,0.06121826181875,24.0000000001,1.46923828135,0.234043917394438,0.227657639838653,1e-10,0.900913780353329,0.177110849269903,-0.0118507549850175,-0.147452644806396,0.872093088372841,1.01321566359127,1.32904696563017,1.34213135648708,1.36723184200025,-0.702231294542074,-0.545252891682209,-0.402080793773369,-0.649223142813394,-0.649223142813394,-0.04204233615917,-0.391158031789292,0.604464125500228,0.580011645662135,0.358187093994089,0.658582651169509,-0.751834301899525,-0.976974848473747,0,3825.0000000001,0.0142396634814068,0.00465292725686546,0.787700401766844,0.198138620704412,17391.9367760617,1.16415321826935e-10,429,1,"SNETWORK (1 319 17391.9367760617 0.787700401766844 87000134 429)",87
56,87000135,-0.76493985513259,62,0,0,-0.0539298651555209,-0.0526282971591558,-0.0497659234028937,-0.30582690894818,-0.0459439284181693,-0.481873285281027,0.000227927539718302,1.00197339217151,-0.682015632413864,0.929589620142817,1.00197339217151,1.00197339217151,0.000330825083943748,0.166698440743438,0.337658535310688,0.173940920725601,0.0209487843887292,0.396949460069245,-0.3182243350896,0.145121969788322,0.0313608172450206,-0.76493985513259,2,-0.660771512365298,-0.595982698403626,-0.586565242815217,-0.0479876707778014,-0.766598649469897,0.617658481206836,0.000246632554906511,-0.480781283968226,0.711128220393989,2941.0000000001,3.34628495351257,0.0797738464197211,1707.0000000001,0.217878329168239,3.56416328258081,0.0965810520379692,-0.461102890109275,-0.335726661905908,-0.168120506415209,0.401732260098668,0.17891054288845,-0.840877961898087,0.697110361245794,-1.44183520694292,0.75730340484519,-1.25903705447815,-1.35966605199811,0.944592927731579,19.0000000001,17.9472656251,0.944592927731579,19.0000000001,17.9472656251,0.487161404171165,1.08945433571926,1e-10,0.412939462466508,0.584451380452218,0.0716388100726017,0.975579498062196,-0.0232557920329049,-0.14537465218179,-0.0271915829158128,-0.0139858942366326,-0.00897050369333051,0.133699729132768,0.0637372123785145,-0.448823414664226,0.141322355050561,0.141322355050561,-0.172141734754745,-0.404874825308647,-0.31033224644028,-0.269521074005982,-0.637157116950591,-0.0629355499641437,-0.343360109044832,-0.620960156656386,0,2941.0000000001,0.0906770243870061,0.00590402755096302,0.688473356580856,0.666684073196882,6105.95013541504,0.00048828125,23,1,"SNETWORK (1 56 6105.95013541504 0.688473356580856 87000135 23)",87
137,87000136,0.743904811903652,176,-0.166057912338905,-0.453200003638288,-0.550040856219537,-0.551846948500872,-0.54975087933226,-0.0208242209933045,-0.0458429200644962,-0.725988685265826,-0.42468578326175,-0.204821922259558,-0.0240744974759968,0.207151793211767,-0.204821922259558,-0.204821922259558,-4.01589587763305,0.183996421460371,0.0313160931773289,-0.70777041048141,0.152074016851993,0,0,0.264817487664191,0.333376028400019,0.743904811903652,1,-1.5163074748586,-1.93270786196087,-1.79359271972237,-0.467266947856782,0.729684844218585,0.119276926790568,-0.424639888573939,-1.04852760755464,0.168912975364064,89.0000000001,0.0277965159592881,0.0913175696365475,93.0000000001,0.0157027110738056,0.0434992269330937,0.00347070841421578,-0.969820691425909,-0.97589524223108,-0.106277141576995,0.339910565531741,0.428680037586079,0.0448475211086379,1.54862244854271,0.322341148877608,0.626394965548994,-3.00136519712906,-1.33695331199863,0.6263427735375,4.0000000001,2.50537109385,0.6263427735375,4.0000000001,2.50537109385,0.188694769560918,0.614943230269599,1e-10,-0.23913026643986,-0.127685833616877,-0.43980174671109,-0.182509432571141,0,6.2602913664822e-16,-0.0247221470926318,-0.0137666363416769,-0.010171333593027,-0.394864468315619,-0.0598693439990597,-0.401905327972242,-0.38321118141917,-0.38321118141917,0.834776063754936,0.482560368627051,-0.172823107176614,-0.0544293120955778,0.0356056877655712,-0.221548970096245,0.489242499317599,0.160353177605797,0,93.0000000001,0.0022178232976239,0.00125288501659188,0.679681007420773,0.546016062386417,5389.606923056,0.001953125,244,1,"SNETWORK (1 137 5389.606923056 0.679681007420773 87000136 244)",87
319,87000137,-0.200145381387511,18,0.849676501735058,0.527879359151426,0.423921895297046,0.422083328008158,0.425620192291929,0.863082821156518,0.876525329098964,0.53721512716213,0.779027450089776,-0.0134603745915973,0.366712850572358,-0.044187172817716,-0.0134603745915973,-0.0134603745915973,0.266502112629115,-0.733546424585257,-0.53903164884572,0.428442349159816,-0.874071480669715,-0.604424467785202,0.699593179675348,-0.759818089809216,-0.694672009762475,-0.200145381387511,8,0.507018775889935,0.260968061440062,0.262686217390895,-0.596360675695911,-0.207647858648644,-0.486373627369484,0.779023630450899,0.291480598782449,0.285907541168875,4108.0000000001,2.27386861272184,0.129858039021008,1477.0000000001,0.371328819576543,2.64519743219838,0.0365596058520367,0.278897349165102,-0.79041567311188,2.926639866861,-0.428434983619728,-0.386686862751156,0.0847300180349067,-0.57834244381137,0.0777590577126294,-0.140408598353465,0.011181402628539,0.0257485514580537,0.444186740551389,54.0000000001,23.986083984475,0.444186740551389,54.0000000001,23.986083984475,0.751466581282882,0.343348513228694,1e-10,-2.53242783273375,-2.05038039675336,1.93312204723565,-0.730435228609621,0.744186065853319,1.15858997967623,1.11446852592804,1.12323690396323,1.18436031392693,-3.52227731957864,-0.0471237988537832,-0.199027110109288,-2.1677966111498,-2.1677966111498,-2.75329961579199,-1.16874909271896,0.350899572234706,0.401741618731249,1.03212837779498,-0.0263057488015935,0.0546672225041282,0.0910534204769987,0,4108.0000000001,0.0314274235263559,0.00513218222568072,0.636091818447979,2.67713800790093,17307.6904193839,1.16415321826935e-10,443,1,"SNETWORK (1 319 17307.6904193839 0.636091818447979 87000137 443)",87
318,87000138,0.517594452011293,195,0.826606769083661,0.576140491778701,0.449959143780463,0.448153051499128,0.45024912066774,0.945451424368274,0.963444488710832,0.590791195642464,0.637708929475708,-0.0359541045106562,0.359159848338828,-0.104038244459699,-0.0359541045106562,-0.0359541045106562,-0.307883952368083,-0.906265331770207,-0.757194566337086,-0.0259829759575522,-0.98039630087602,-0.603050539930755,0.694143931109334,-0.735182512335809,-0.673195464551723,0.517594452011293,8,-0.467896263923998,0.177756337998764,0.178603741617252,0.792590802070847,0.509154464935152,-0.260249674786768,0.637707442920891,-0.267903057546004,0.0992966525259312,4064.0000000001,0.781263668104954,0.0763507389272303,1921.0000000001,0.283955268226341,1.0652189362313,0.0157116936721509,0.183809781378819,-0.684015295195463,-0.0947760852565166,-0.350576722888105,-0.240789009828987,0.267647112058542,-0.381775603426374,0.257251532728446,0.110731685158137,0.328534244888235,0.669396030685844,0.277654474531818,66.0000000001,18.3251953126,0.277654474531818,66.0000000001,18.3251953126,0.503702516528915,0.0950488388983101,1e-10,0.11250719148061,0.394373601627478,-0.00357592749436352,0.725972989347686,1,0.955946779738605,0.975277852907368,0.986233363658323,0.989828666406972,0.350329785086278,-0.654447956686514,0.164320695112452,0.383767390337102,0.383767390337102,-0.56057163109738,-0.0979359302092234,0.599094688241908,0.60214495166806,0.303226113958744,0.679423548868773,-0.518193464508587,-0.692551333421361,0,4064.0000000001,0.0115234295358373,0.00418826403631369,0.76399786631421,0.460580055601895,18415.3193394617,5.82076609134674e-11,320,1,"SNETWORK (1 318 18415.3193394617 0.76399786631421 87000138 320)",87
137,87000139,0.514338055780929,143,-0.166057912338905,-0.453200003638288,-0.550040856219537,-0.551846948500872,-0.54975087933226,-0.0215468461952073,-0.0525547497991117,-0.674772311646605,-0.406051353108495,-0.111633296893669,0.00268876525397402,0.12739802381792,-0.111633296893669,-0.111633296893669,-1.22003774590047,0.153298260235718,0.0439080747546643,-0.690390614708094,0.120424602089549,0,0,0.264817487664191,0.333376028400019,0.514338055780929,1,-0.544791156871179,-1.2249835442619,-1.17784070676134,-0.898319503860515,0.504559773936819,-0.61939980343033,-0.40604300628511,0.381825879592766,0.779824297425193,359.0000000001,0.517640866775682,0.150696249852894,1306.0000000001,0.363900762945542,0.881541629621224,0.0394498449662452,-0.764985011934845,0.0456466390435243,1.22877368016958,-0.511680305712457,-0.502346990310689,0.0202686665479115,0.0526656885550012,0.103043789836353,-0.730016621743327,0.827887153420369,0.395599711464864,1.0958251954125,8.0000000001,8.7666015626,1.0958251954125,8.0000000001,8.7666015626,0.0853448737442806,1.31494170649103,1e-10,-0.571604473777057,-0.766452425130631,-0.128039517500006,-0.537946664700546,-1.03276561575505e-16,6.2602913664822e-16,-0.0247221470926315,-0.0137666363416772,-0.010171333593027,-0.407004944112728,0.244754320021351,-0.815083364208041,-0.394230719204903,-0.394230719204903,0.759274206212065,0.509202227461862,0.559472988412318,0.632841520494965,0.176256584765278,0.690982356760253,0.705124443411828,0.490961274411497,0,1306.0000000001,0.0231649319815732,0.016284912884672,0.571901915800219,1.95733132273428,5202.39878402831,0.001953125,247,1,"SNETWORK (1 137 5202.39878402831 0.571901915800219 87000139 247)",87
318,87000140,0.443909151024094,178,0.826606769083661,0.576140491778701,0.449959143780463,0.448153051499128,0.45024912066774,0.942160585698023,0.96133404667635,0.557416054232361,0.639562707313143,-0.0321025743762198,0.355358659759804,-0.103658030728611,-0.0321025743762198,-0.0321025743762198,-0.287888636979726,-0.903010527342791,-0.753211030209993,-0.0297897495929606,-0.97677802222067,-0.603050539930755,0.694143931109334,-0.735182512335809,-0.673195464551723,0.443909151024094,8,-1.01789658647738,-0.897748636541396,-0.874471652923467,0.110839116880774,0.431163928468429,0.157118318299516,0.639992445134512,-0.80912948270914,0.117581755350365,182.0000000001,0.041430545318774,0.0840573127263041,4469.0000000001,0.727269169819797,0.768699715038571,0.0264700613751017,-0.625240311166534,-0.340489867995605,-0.137470493835346,-0.190587677268792,0.047205038157368,0.584238631292946,0.635187884192267,1.32205710695996,1.32203484992108,-0.136988217769639,-0.273414083014762,0.2149609376,25.0000000001,5.3740234376,0.2149609376,25.0000000001,5.3740234376,0.0631404606438906,0.00157275060103728,1e-10,-0.378989267060872,-0.501741273439273,-0.466418297150107,-0.293196687941375,1,0.955946779738605,0.975277852907367,0.986233363658323,0.989828666406973,0.772437069722732,-0.279319934152951,-0.0733639224279953,0.908224392916702,0.908224392916702,0.91022977106563,-0.944149901540451,0.0752932213258389,0.128418114800706,-0.339205845267043,0.303307660013126,-0.134744487314399,-0.193914447022677,0,4469.0000000001,0.0014266547122233,0.0250434065628784,0.674851414563511,0.0341315288096666,18309.6721884262,5.82076609134674e-11,400,1,"SNETWORK (1 318 18309.6721884262 0.674851414563511 87000140 400)",87
318,87000141,0.0236137624776505,76,0.847990630531859,0.546799996361712,0.449959143780463,0.448153051499128,0.45024912066774,0.912012340391204,0.95280035732915,0.532359811228335,0.680474305887619,0.0154069450275207,0.38809034485256,-0.0870021707494678,0.0154069450275207,0.0154069450275207,0.207374871691682,-0.867622753868455,-0.712101014451685,0.046931628968998,-0.952875264588792,-0.617135106478376,0.700828921651292,-0.704722392945234,-0.65941867091232,0.0236137624776505,8,0.122581509738883,0.998682292021362,1.01868684870382,-0.428242612423989,0.0183769123721954,-0.639449044709302,0.680467587756392,0.302288317804087,0.13227785408952,9673.0000000001,2.47718048425993,0.137031550010499,2898.0000000001,0.768826373300468,3.2460068574604,0.025261257197472,1.45089400106194,-0.767491246115631,2.23258933129843,-0.70662996528219,-0.356485083634504,0.95978844785221,-0.890892754198864,0.473777834479546,-1.02594251553665,0.49771558827674,1.04417684315242,0.0760719993897727,66.0000000001,5.020751953225,0.0760719993897727,66.0000000001,5.020751953225,0.518095848793701,0.432357473161905,1e-10,1.45985526176871,0.545729757123805,0.39203258114082,0.0955887302813583,1,0.867841683603147,0.975277852907368,0.986233363658323,0.989828666406973,-0.697826008460951,0.403093596401895,0.828099703026593,-0.645595484997972,-0.645595484997972,-0.012346201160981,0.40030001560922,0.111199252129541,0.189679813365275,0.779098967204281,-0.219331526928146,0.950511730150103,1.40789225337525,959024280.817244,9673.0000000001,0.0192780532626756,0.00598320383479634,0.136368773729281,6.04700205791555,17671.5182768682,5.82076609134674e-11,325,1,"SNETWORK (1 318 17671.5182768682 0.136368773729281 87000141 325)",87
56,87000142,-0.791274914001035,59,0,0,-0.0539298651555209,-0.0526282971591558,-0.0497659234028937,-0.308734914343165,-0.0465233444488334,-0.47888716611561,0.00110649056898525,1.00311313448065,-0.678660408667923,0.925608662966373,1.00311313448065,1.00311313448065,-0.00161880699834857,0.165158602571143,0.33633651896119,0.169828514873867,0.020007927801641,0.396949460069245,-0.3182243350896,0.145121969788322,0.0313608172450206,-0.791274914001035,2,-0.255378131959469,-0.138867552331545,-0.13847849513157,-0.0564850365738366,-0.797389141692482,0.379057668400313,0.00111058491790237,-0.427732414388418,0.148736550879043,5791.0000000001,1.37813338499714,0.0595773520732191,3183.0000000001,0.303415538228955,1.6815489231261,0.031784185616891,-0.127069120333991,1.72360035152408,0.51576466652065,0.476645386650966,0.409545166158527,-0.391322223176419,0.209009280371188,-0.465238307989617,0.261957321128902,-0.725296856977248,-0.780797203622996,0.445296749091936,31.0000000001,13.80419921885,0.445296749091936,31.0000000001,13.80419921885,0.30582892567568,0.345003536400535,1e-10,0.95534796756474,0.740140034744823,0.164631598555696,1.0592176335386,-0.0232557920329048,-0.145374652181789,-0.0360494800667491,-0.0147723584477982,-0.00466310245922123,-0.0551991354488997,0.180913253265226,-0.723473597280891,-0.056576268793752,-0.056576268793752,0.142828793518931,-0.336750962425965,-0.335880235524854,-0.282816642404872,-0.39347836915024,-0.221677378596823,-0.195647613029872,-0.139171212781924,8411297471.65084,5791.0000000001,0.0260491066140166,0.00573507890287432,0.663671409754215,1.13468739432284,6086.11084309569,0.00048828125,16,1,"SNETWORK (1 56 6086.11084309569 0.663671409754215 87000142 16)",87
328,87000143,0.720445542555261,247,0.833942087661095,0.661934694919581,0.584902015722838,0.581791403280787,0.581496445193316,0.835242497569065,0.996297574364298,0.486139520248602,0.101985841252817,-0.0394689777151522,0.223688119332581,-0.251339207662835,-0.0394689777151522,-0.0394689777151522,0.666098821778102,-0.126194963099814,-0.00029092630828306,0.997702389757985,-0.366526740619844,-0.560339494672534,0.667148486569062,-0.788859635579386,-0.682989322922567,0.720445542555261,8,0.457216975500986,0.845342673171641,0.860212584526004,0.195851209000133,0.708987008740025,-0.465634497400354,0.101982971687633,-0.147939390353202,0.434882856589302,5550.0000000001,4.67277201635054,0.0719010869876122,1163.0000000001,0.161891665869266,4.8346636821198,0.0423842129964986,1.14967495300142,-0.672896258026533,-0.566431199880509,-0.493543860535265,-0.733058940802781,-0.692087170059416,-0.761728650532918,-0.393751717502857,-1.1487533728653,-0.331482602317885,-0.408820962792966,0.236915791029204,113.0000000001,26.7714843751,0.236915791029204,113.0000000001,26.7714843751,1.47007533268535,0.672175629947457,1e-10,-0.52106056309623,-0.397492711993888,1.95297881235323,-0.378674855986998,1,0.955946779738606,1.12734215547695,1.13687047051175,1.15294336663011,0.102998626264357,0.151209440492186,-1.09918435667313,0.108324858293367,0.108324858293367,0.347576416678904,-1.0731462417949,0.402050226367901,0.323184371097761,0.403133408571073,0.363556615760944,-0.0569432552446305,0.487230596105182,0,5550.0000000001,0.0409649516449555,0.00141926125154309,0.0537094640151985,6.04102730657905,18735.2503809281,2.91038304567337e-11,462,1,"SNETWORK (1 328 18735.2503809281 0.0537094640151985 87000143 462)",87
137,87000144,-1.03031348779494,20,-0.169336007143403,-0.45983907781187,-0.612877153222713,-0.614349237474709,-0.609405455638136,-0.0353028275499622,-0.00313806826584398,0.000512568357735651,-0.357545944054865,0.144671238460345,-0.0932427233571258,0.000666552381410447,0.144671238460345,0.144671238460345,0.586469023463431,-0.0340871549133754,-0.11592778178848,-0.985731349413441,-0.0206135706474404,0.0677281446396492,-0.117429098893948,0.617705950750841,0.326804535448277,-1.03031348779494,1,-1.11133765487762,-0.58427866347632,-0.57526037181238,0.780214980340596,-1.02194528716032,1.77330063213708,-0.357537126978517,-0.463746678918512,0.12393318567693,1966.0000000001,0.450514186266292,0.157341384188128,2433.0000000001,0.707819331662578,1.15833351782887,0.0310989766268927,-0.453935828485015,-0.0313977982692639,0.420376741158346,1.73742894055828,1.94273574724928,0.037838210904877,1.23974409551694,0.0855852491148213,0.569589295598681,-1.48075890062927,-0.807870249144708,0.0662462958974138,29.0000000001,1.921142578225,0.0662462958974138,29.0000000001,1.921142578225,0.382433082324716,0.417707345378662,1e-10,-0.0709795958885116,0.0532677714273091,1.781580229268,0.264708239435039,0,-0.044053220261396,0,-3.57648972802931e-16,-0.0227070388776265,0.653461074477345,-0.460271254453408,-0.0893270092596146,0.753037512857571,0.753037512857571,0.195768577230054,0.03345900873687,-0.160632375710208,-0.366831892712743,-0.775377551129408,0.208850592800976,-1.13578452587519,0.072284385279805,0,2433.0000000001,0.0120954197441234,0.0190035567827693,0.170859666924589,1.56152103422929,4505.80381412627,0.001953125,115,1,"SNETWORK (1 137 4505.80381412627 0.170859666924589 87000144 115)",87
137,87000145,-0.275938278992757,67,-0.169336007143403,-0.45983907781187,-0.612877153222713,-0.614349237474709,-0.609405455638136,0.0235693083300916,0.0116572882275362,0.00791659140077545,-0.363615807045636,0.0821683777600409,-0.0310009908924503,-0.0155410121277472,0.0821683777600409,0.0821683777600409,0.510604704361544,0.00160461126330997,-0.0796358056210835,-0.89168511467752,0.00133920864512169,0.0677281446396492,-0.117429098893948,0.617705950750841,0.326804535448277,-0.275938278992757,1,0.198728481355967,0.427925102054759,0.432216875121583,0.01685945691155,-0.272990988209814,0.482137452124246,-0.363611540762634,0.78536046692074,0.380391350381157,2852.0000000001,2.00593796795522,0.114770311964971,1359.0000000001,0.288394094596631,2.29433206245185,0.0278362691070202,0.489092594857826,0.300878814715405,2.08552262233043,1.09554406099727,0.073483027765993,-2.96714735771435,-0.103173966470697,-2.31038829069272,-0.799985202042597,-2.81664348203507,-1.51457574853044,0.143045628424468,47.0000000001,6.72314453135,0.143045628424468,47.0000000001,6.72314453135,0.00409253629704012,0.105653003949504,1e-10,-0.109906592417011,0.0200013948089758,1.77804320223895,0.296745322182009,1.03276561575505e-16,-0.0440532202613954,-0.012461058583947,-0.00693903976358974,-0.0163885336521875,0.871033457778799,-0.895787411943627,1.02063819965841,1.04146127825679,1.04146127825679,-0.308518957726941,0.584287554616348,-0.89585679873553,-1.06064507295127,-1.03808703074458,-0.645306068861895,-0.580660519804161,0.21168864319226,0,2852.0000000001,0.0243372917987189,0.00349897720830138,0.317724244988477,2.13398841667168,4760.90194062769,0.001953125,161,1,"SNETWORK (1 137 4760.90194062769 0.317724244988477 87000145 161)",87
319,87000146,-0.183301097923177,24,0.849676501735058,0.527879359151426,0.423921895297046,0.422083328008158,0.425620192291929,0.863194548301593,0.877406398626055,0.538461633421243,0.778078818623173,-0.0131589899244843,0.366994334026988,-0.0441537712751734,-0.0131589899244843,-0.0131589899244843,0.274691587830402,-0.737180476798259,-0.542904912740918,0.421227697100859,-0.876610321632116,-0.604424467785202,0.699593179675348,-0.759818089809216,-0.694672009762475,-0.183301097923177,8,0.586188608050339,0.260185308345236,0.261893946899917,-0.686899113481115,-0.190635975924033,-0.491009779876571,0.778112090968194,-0.0101015413327556,0.215617096491673,6249.0000000001,2.60857326891308,0.130366319787267,2346.0000000001,0.592110462081725,3.2006837308948,0.0442641072220726,0.27797418222883,-0.0130154916876868,1.2190680156197,-0.267304646220068,-0.708429899642361,-1.22759422874544,-0.581453872117438,-1.08710080709383,-0.1471866490124,-0.896888012363523,-2.01214458547963,0.179997848352119,59.0000000001,10.619873046975,0.179997848352119,59.0000000001,10.619873046975,0.16645830004123,0.0505572294601198,1e-10,-0.732622618107257,-0.662896724545859,-0.521711872984245,-0.569983747447516,1,0.867841683603147,1.11446852592804,1.12323690396323,1.18436031392693,-1.04574035814946,0.367604902477698,0.731467893048641,-0.916664551972218,-0.916664551972218,0.932323467871912,-0.857711027721175,0.869108540474464,1.14293956207473,1.7358991292789,0.310979601622678,0.0957167012911405,0.726441442886088,0,6249.0000000001,0.0360754689679521,0.00818863815412047,0.6957101433952,0.0702113453298807,17340.8193264556,1.16415321826935e-10,431,1,"SNETWORK (1 319 17340.8193264556 0.6957101433952 87000146 431)",87
137,87000147,0.768469126647013,179,-0.166057912338905,-0.453200003638288,-0.550040856219537,-0.551846948500872,-0.54975087933226,-0.0207353267536368,-0.0463754762058735,-0.778770584918967,-0.425697262998844,-0.210253289547035,-0.0271871454104354,0.212575648772169,-0.210253289547035,-0.210253289547035,-4.24663862407323,0.186624361055264,0.0312029900074576,-0.70884973325965,0.15473004061603,0,0,0.264817487664191,0.333376028400019,0.768469126647013,1,-1.20013618842437,-1.46918314570151,-1.39716529035585,-0.361876103677395,0.764504446950142,1.00235323388413,-0.42559130278109,-0.597230114475461,0.0560165413540807,122.0000000001,0.0126361120520051,0.0736470274425502,155.0000000001,0.021106890962829,0.0337430029148341,0.00183966503573734,-0.84856625745205,6.47559542152437,1.43521145503387,1.624169167838,0.986873030070832,-1.80538744256832,1.72420844060103,-6.25970435913615,0.764581177504497,7.24075128657159,3.24509307770435,0.5941162110375,8.0000000001,4.7529296876,0.5941162110375,8.0000000001,4.7529296876,0.0903243042085644,0.566893412869063,1e-10,0.27531907433438,0.656193856134815,0.0907769230038098,0.981487477199945,0,0,-0.0247221470926322,-0.0137666363416769,-0.010171333593027,-0.145459788277639,-0.287146285156179,1.11145255017323,-0.146926717861289,-0.146926717861289,0.29393971892467,0.817632853383771,0.240515705867262,0.350374612522489,0.268040446703511,0.215391363614437,-0.561233501734075,-1.5107041077478,0,155.0000000001,0.000688919483832536,0.00115074545190481,0.690642214172046,0.404841867949872,5408.64611782513,0.001953125,233,1,"SNETWORK (1 137 5408.64611782513 0.690642214172046 87000147 233)",87
318,87000148,-0.0151839775025982,67,0.847990630531859,0.546799996361712,0.449959143780463,0.448153051499128,0.45024912066774,0.908922107695429,0.950273272077647,0.515867368606147,0.68220517679399,0.016963666248015,0.386790888993039,-0.0886611639584198,0.016963666248015,0.016963666248015,0.195906335586624,-0.857219787171171,-0.699420815842788,0.0666086850990584,-0.94546856639773,-0.604424467785202,0.699593179675348,-0.759818089809216,-0.694672009762475,-0.0151839775025982,8,0.827397348523461,0.781573205043153,0.794488751215532,-0.415890510620385,-0.0155624625644982,-0.266592053675218,0.68219959482029,2.05383695111895,0.127052775500127,5344.0000000001,1.31449799344305,0.185727090324582,359.0000000001,0.129085964845277,1.44358395818833,0.013298703276441,1.03451299548014,-0.647853925917936,-0.508211708089825,-0.418940108423114,-0.203463968552855,0.588896705631316,-0.63748737210378,0.344517573191891,-0.328099673194521,0.274315572910536,0.576333005756862,0.189515904117857,35.0000000001,6.633056640725,0.189515904117857,35.0000000001,6.633056640725,0.58866271314162,0.60150237986389,1e-10,0.233535911850616,-0.0249937009677695,1.91908547624681,-0.25210049014108,1,0.867841683603148,1.1517511211886,1.1637685898318,1.1780916849822,-0.895319655842129,0.461423949243976,0.530136305133224,-0.803223743568343,-0.803223743568343,0.0490491843029802,0.188059713798823,0.391349717434137,0.612352390321804,1.48737490422978,-0.204340171853103,1.01090105890836,1.40887225506259,0,5344.0000000001,0.0121095268076032,0.00118917636883779,0.0922506231168985,6.13070979399958,17619.2340094675,5.82076609134674e-11,340,1,"SNETWORK (1 318 17619.2340094675 0.0922506231168985 87000148 340)",87
319,87000149,-0.104810435152926,43,0.849676501735058,0.527879359151426,0.449959143780463,0.448153051499128,0.45024912066774,0.863982057764323,0.880146321319288,0.543999831680901,0.775635284430268,-0.0131326838358793,0.367831631038609,-0.0445761547438192,-0.0131326838358793,-0.0131326838358793,0.29959841602158,-0.746233867089457,-0.553655349740809,0.401731977422351,-0.882744388816296,-0.604424467785202,0.699593179675348,-0.759818089809216,-0.694672009762475,-0.104810435152926,8,0.516890936826147,0.879055725253662,0.895003045249462,0.148837328265244,-0.114837238527103,-0.534981574682881,0.775629848348054,0.74018707876284,0.215652301847312,6231.0000000001,2.60148406936627,0.122268285606811,2691.0000000001,0.636996200373116,3.23848026963938,0.0276567362624301,1.21288293688544,0.475740688458088,1.9524155422558,-0.622496493887882,-0.617185746149494,0.0325104668179643,-0.8079051409371,0.0132023769616919,-0.690317426410876,0.17781434873436,0.398485648450074,0.311029478661047,43.0000000001,13.374267578225,0.311029478661047,43.0000000001,13.374267578225,0.287011807547775,0.144810983221073,1e-10,0.389244548363911,-0.18421494081843,1.9326425160474,-0.368955380813012,0.872093088372884,1.01321566359122,1.32904696563017,1.34213135648708,1.36723184200025,-0.508590998064278,-0.560162642770867,-0.398144443575159,-0.484750597236328,-0.484750597236328,-1.16888300483373,-1.10922220622901,1.40511831286798,1.55951924701894,1.19929298053661,1.30541331507394,-1.13818233754152,-1.13912358972234,0,6231.0000000001,0.0222167660588204,0.00543997010360968,0.914397540320795,0.882914955727756,17462.3402591034,1.16415321826935e-10,446,1,"SNETWORK (1 319 17462.3402591034 0.914397540320795 87000149 446)",87
137,87000150,-0.765106264249028,35,-0.169336007143403,-0.45983907781187,-0.612877153222713,-0.614349237474709,-0.609405455638136,-0.00967531268455841,0.00647637251916232,0.0200877792891923,-0.359451247628421,0.121240966205845,-0.0659372516327362,-0.0113794662967122,0.121240966205845,0.121240966205845,0.558671348619713,-0.0249532703770829,-0.106040978891554,-0.951982231500502,-0.0162535873622021,0.0677281446396492,-0.117429098893948,0.617705950750841,0.326804535448277,-0.765106264249028,1,-0.580787640158665,-0.219618270919003,-0.218539878806784,0.360585616450425,-0.747252812021037,1.0600061458916,-0.359448980536212,0.0440133245550485,0.799110672190307,2611.0000000001,3.85790160668828,0.614973247600596,2342.0000000001,2.66305697954166,6.52095858612994,0.13132878254073,-0.194943490328997,0.349829953080226,-0.10673193536667,0.635620441758289,1.55926393385617,2.25025754773998,0.619933117321586,2.92009885024433,0.0070877526976123,2.79135065214376,1.52154174228705,2.11946105967031,32.0000000001,67.82275390635,2.11946105967031,32.0000000001,67.82275390635,2.67009670363155,2.84118318391287,1e-10,-0.466081401719785,-0.846304421012384,-0.464401524147402,-0.501969860651192,0,-0.044053220261396,0,-3.57648972802931e-16,-0.0227070388776269,0.248526326206324,0.43114859943776,-0.957622669565459,0.26770217558561,0.26770217558561,0.293908799879511,-0.444317309687658,-0.639573379358712,-0.473782341129622,-0.664758276272356,-0.491402705843667,0.151254231414745,-0.0399875720788654,0,2611.0000000001,0.0776961721325446,0.0536326103081858,0.216709619116493,4.1939162311145,4585.44341857362,0.001953125,195,1,"SNETWORK (1 137 4585.44341857362 0.216709619116493 87000150 195)",87
318,87000151,0.59097534023283,216,0.826606769083661,0.576140491778701,0.449959143780463,0.448153051499128,0.45024912066774,0.951173283085296,0.96524833135485,0.661837948610239,0.627372111974286,-0.0488004520883264,0.355694769336511,-0.111917286357332,-0.0488004520883264,-0.0488004520883264,-0.624791282755433,-0.896498555864491,-0.749815129160688,-0.00904118187686529,-0.973243541991122,-0.603050539930755,0.694143931109334,-0.735182512335809,-0.673195464551723,0.59097534023283,8,0.0235925533292179,-0.427198366718997,-0.422630584946375,-0.747620970473992,0.581449798623726,-0.118786161692971,0.627397447295624,1.59815658012193,0.244222262028233,4121.0000000001,1.94848553194564,0.12130969900113,515.0000000001,0.120951727550656,2.0694372593963,0.0490769708448842,-0.351222012262052,-1.02443876047782,-0.232939265663573,0.142062848786139,-0.0202579348556454,-0.62536964712358,0.0682839224568265,-0.935833507008346,0.714467879540425,-0.237292089163032,-0.475961236764707,0.37602306557619,21.0000000001,7.8964843751,0.37602306557619,21.0000000001,7.8964843751,0.0472618476182989,0.24171644695083,1e-10,0.793708999702502,0.492187101445068,0.328182426040046,0.527707877198663,1,0.955946779738605,0.975277852907368,0.986233363658323,0.989828666406973,-0.00834626584826576,0.665799414375952,-0.00413594241295346,-0.00861985037265088,-0.00861985037265088,0.415206436960626,-0.489255637000554,0.0969824625936532,0.148876511568722,0.922846197047505,-0.311825457998892,1.67860001725744,0.712337167244141,7375649154.86184,4121.0000000001,0.0462085849733544,0.00286838577152976,0.863485166194854,1.40019888710231,18533.2213937802,5.82076609134674e-11,408,1,"SNETWORK (1 318 18533.2213937802 0.863485166194854 87000151 408)",87
137,87000152,0.494751952185677,141,-0.166057912338905,-0.453200003638288,-0.550040856219537,-0.551846948500872,-0.54975087933226,-0.0250525860337747,-0.0552703209150122,-0.674690846338773,-0.405523624550011,-0.1077085891519,-0.00364008302236149,0.134760050588763,-0.1077085891519,-0.1077085891519,-1.17307585728948,0.155005630477324,0.0464967518518729,-0.687957177039035,0.121741797114875,0,0,0.264817487664191,0.333376028400019,0.494751952185677,1,-0.432698559825987,-1.65714089693774,-1.56127759552824,-1.32537536626118,0.486837496308007,-0.272180283880875,-0.405356274919652,2.08973790618365,0.0788183314216273,327.0000000001,0.0476554235918207,0.0729685794497733,70.0000000001,0.00944433274930417,0.0570997562411249,0.00362899427642048,-0.902999230195943,-0.7462905653656,1.35375065097069,-0.497189822527984,-0.37716376074076,0.316553579891434,0.86652393856575,1.36184999092618,0.104830320454254,1.94717779968784,0.928962781385596,0.5645751954125,2.0000000001,1.129150390725,0.5645751954125,2.0000000001,1.129150390725,0.248928781421793,0.522847746918572,1e-10,-1.16403800119203,-0.936856453256094,0.0545592802056316,-0.532824065317951,0,0,-0.0247221470926318,-0.0137666363416776,-0.0101713335930273,0.537691118110863,-0.826738817805351,0.912771288067599,0.607692518211953,0.607692518211953,0.793182213375211,-0.961980641084713,1.59865746071622,1.68341898709419,0.738206601346928,1.80095178441099,-0.465215267414333,0.530398731387792,34.7630854548679,327.0000000001,0.00302875644335916,0.000600237733061314,0.566286262810501,1.64896875351667,5192.6446106555,0.001953125,253,1,"SNETWORK (1 137 5192.6446106555 0.566286262810501 87000152 253)",87
137,87000153,0.105005011252373,96,-0.169336007143403,-0.45983907781187,-0.612877153222713,-0.614349237474709,-0.609405455638136,0.00543256997848647,-0.0206107026259381,-0.249260432290703,-0.382006720662575,-0.00642744671472391,0.0139892301483931,0.0442243797816591,-0.00642744671472391,-0.00642744671472391,0.215761834359694,0.0860462750827004,0.00137705124075652,-0.746370561271954,0.063307050351949,0.0677281446396492,-0.117429098893948,0.617705950750841,0.326804535448277,0.105005011252373,1,-0.670741725875832,-0.253477095581749,-0.252002529290232,0.469786468458346,0.112409984496874,1.29786599155228,-0.381962118683589,-0.465955440815944,0.0467558803715038,411.0000000001,0.0355316524530399,0.0675931856679385,1587.0000000001,0.198343140800145,0.233874793153185,0.00483718259791965,-0.222170445414917,1.14537249165977,0.259853063033088,1.43018081831118,1.59068882678557,-0.013599186591055,0.753338893996045,-0.00609255090766011,0.0706158016089571,-1.55927995505243,-0.795270407428502,0.00618703751776316,38.0000000001,0.235107421975,0.00618703751776316,38.0000000001,0.235107421975,0.308639205100801,0.328158967441866,1e-10,-1.11647814076884,-0.897635924626831,1.76700831991713,-0.493170401761815,0,-0.044053220261396,-0.0247221470926315,-0.0137666363416772,-0.010171333593027,0.295647249973496,0.570964860642074,-0.691455089174117,0.320946485153573,0.320946485153573,1.31693017190511,0.919432168673253,-1.0406465858932,-0.847636927686998,0.166743243621722,-1.45500434685225,-0.172312248435922,0.246649113466626,0,1587.0000000001,0.000734893592595099,0.00410228890532455,0.409885844506738,1.44184048846364,4920.98309622299,0.001953125,143,1,"SNETWORK (1 137 4920.98309622299 0.409885844506738 87000153 143)",87
319,87000154,-0.192020309926687,21,0.849676501735058,0.527879359151426,0.423921895297046,0.422083328008158,0.425620192291929,0.863002262911745,0.877087610520947,0.538285457854012,0.778183182853023,-0.0131539518693057,0.367165914855574,-0.0439048644920557,-0.0131539518693057,-0.0131539518693057,0.273236427047662,-0.736896636036955,-0.542478273783003,0.422687099890487,-0.876532234361691,-0.604424467785202,0.699593179675348,-0.759818089809216,-0.694672009762475,-0.192020309926687,8,0.535675392276223,0.0666385880573717,0.0667873772969125,-0.818952709770889,-0.200573690353448,-0.372505455920529,0.778223182278688,0.659140053440393,0.150195230027072,4435.0000000001,1.28961205998042,0.147699313793576,2070.0000000001,0.591913362624378,1.8815254225048,0.0302724637930227,0.065976207794133,1.88180974160649,0.126662037911492,-0.614991874974844,-0.348592657397271,0.706016327701153,-0.409763037401893,0.73480666465834,0.162139409278894,0.704097860802107,1.58141813529249,0.23886969160641,39.0000000001,9.31591796885,0.23886969160641,39.0000000001,9.31591796885,0.109387188217754,0.0372207122563436,1e-10,-1.18324834378131,-1.38064306669273,-0.270891130915081,-0.69577273353828,0.877007873885224,1.00762971110728,1.11446852592804,1.12323690396323,1.18436031392693,-2.89548871506587,0.172255457612941,0.468929358216192,-1.93928213704797,-1.93928213704797,0.25354789253282,-0.407300884519153,0.415128364619329,0.636379648755983,0.918775105348522,0.117897077098127,0.0151950578830723,0.240266907806212,0,4435.0000000001,0.0207489804793162,0.00952348321370655,0.666279653316864,2.14858717204737,17324.465294843,1.16415321826935e-10,430,1,"SNETWORK (1 319 17324.465294843 0.666279653316864 87000154 430)",87
318,87000155,0.556685891764291,206,0.826606769083661,0.576140491778701,0.449959143780463,0.448153051499128,0.45024912066774,0.951591747647243,0.966169907154278,0.663501522874975,0.635065856126361,-0.0402025857167127,0.365899197605958,-0.10699381860986,-0.0402025857167127,-0.0402025857167127,-0.357710864280765,-0.914629796432737,-0.767938461231111,-0.0387141241971096,-0.986748736991762,-0.603050539930755,0.694143931109334,-0.735182512335809,-0.673195464551723,0.556685891764291,8,-0.58776320911509,-0.270236578110256,-0.268541810028876,0.296059766307012,0.546910883889363,0.442054540256826,0.635069639647357,-0.570913804198552,0.278186983948456,6202.0000000001,3.34024166779793,0.0846837432933632,2533.0000000001,0.415283387005369,3.75552505470329,0.0787053562910668,-0.23538674643433,-0.341853580144478,-0.193644368832067,0.128425986505908,0.834946050247888,1.81997794119063,0.339743429488171,2.4605239430673,1.02203820352682,1.7176576745628,3.48794069887685,0.0145539315516129,31.0000000001,0.4511718751,0.0145539315516129,31.0000000001,0.4511718751,0.278602340218609,0.297234174675535,1e-10,0.80310026619887,0.691229665805887,0.289599109166188,0.963891765052845,1,0.955946779738605,0.975277852907369,0.986233363658323,0.989828666406974,-0.60670221149377,0.445586705989587,0.174558171474753,-0.569378611389091,-0.569378611389091,-1.09013199892859,0.156489787197339,-0.636601298225368,-0.624308598106451,0.0477510181553464,-0.851149291029232,1.22324464758065,0.936457090739818,16624282934.0541,6202.0000000001,0.0700021718396386,0.00870318435142813,0.816739290792824,0.600279271773046,18477.8230188376,5.82076609134674e-11,399,1,"SNETWORK (1 318 18477.8230188376 0.816739290792824 87000155 399)",87
318,87000156,-0.0306757382694505,63,0.849676501735058,0.527879359151426,0.449959143780463,0.448153051499128,0.45024912066774,0.90872438639116,0.947771443962681,0.499823329766096,0.683695648963365,0.0173306527689081,0.387121464298911,-0.0901656028278219,0.0173306527689081,0.0173306527689081,0.175549498150992,-0.845272727691798,-0.684355437146009,0.0946812239136722,-0.937675231288608,-0.604424467785202,0.699593179675348,-0.759818089809216,-0.694672009762475,-0.0306757382694505,8,0.330983448485332,0.173986273239912,0.174801101971422,-0.478884822691809,-0.0383039316457798,-0.408046669231574,0.683692517631028,0.377822511116217,0.0832994594938467,2311.0000000001,0.37269318385076,0.0999525138964239,394.0000000001,0.0762428750919577,0.448936058842718,0.00664123329918252,0.179644335302298,0.211008782780343,-0.530835333044377,-0.328490939353928,-0.165606409318362,0.405453751688943,-0.484890567286002,0.388910687554868,-0.0299686346111035,-0.379553177593244,-0.797847276822366,0.04979248056875,20.0000000001,0.995849609475,0.04979248056875,20.0000000001,0.995849609475,0.341935139278287,0.39317470023277,1e-10,-0.697249567404394,-1.00258598587223,-0.266137143542062,-0.622636247359361,1,0.867841683603147,1.15476684462771,1.16680246111038,1.18130887580461,-0.740237269636425,0.528085218640942,0.221592795462353,-0.680305182703273,-0.680305182703273,1.10498157419984,-1.64870602257919,1.38692205036586,1.58816621005113,2.00049427846453,0.871934034453871,0.373663751672994,1.90543932911185,0,2311.0000000001,0.00551335161618877,0.00112788158299375,0.0743558075112355,2.52066001202911,17598.0269255071,5.82076609134674e-11,332,1,"SNETWORK (1 318 17598.0269255071 0.0743558075112355 87000156 332)",87
318,87000157,-0.0446607216937666,59,0.849676501735058,0.527879359151426,0.449959143780463,0.448153051499128,0.45024912066774,0.909042101382575,0.947815176781858,0.498903202842546,0.684051242180477,0.0175117740745162,0.387893175820834,-0.0897092650799306,0.0175117740745162,0.0175117740745162,0.168849911571081,-0.842963269376314,-0.681157751811836,0.10412256795325,-0.936691379363238,-0.604424467785202,0.699593179675348,-0.759818089809216,-0.694672009762475,-0.0446607216937666,8,0.374262142609185,-0.251925231633786,-0.250470242105808,-0.943241965664594,-0.056177465087776,-0.115278801864199,0.684088803472744,-0.450557915767847,0.097832875364173,4229.0000000001,0.800998723932402,0.13114876021287,5709.0000000001,1.44955117970906,2.25054990354146,0.046490873860641,-0.22093801187682,0.62442923345249,0.286616005742629,-0.325567271972491,-0.0797729361227506,0.610359501564317,-0.0408791588824416,0.821227216609186,0.622317145604839,0.718850882828592,1.51252313062901,0.297910748206061,33.0000000001,9.8310546876,0.297910748206061,33.0000000001,9.8310546876,0.728631725269632,0.763119135160012,1e-10,-2.0103437175785,-2.12565179915647,-0.959956611881518,-0.715333497889092,1,0.867841683603148,1.32904696563017,1.34213135648708,1.36723184200025,0.715763744490285,0.82690150156848,0.831301807373422,0.833552624034824,0.833552624034824,0.630162264709837,-2.0233183218038,1.34501218725609,1.83914483696426,2.64375057770806,0.487213250064283,-0.491049377840859,0.88121550580686,0,5709.0000000001,0.0165466806557731,0.0299441931048679,0.0480167474821601,0.587161598727107,17566.8125967439,5.82076609134674e-11,349,1,"SNETWORK (1 318 17566.8125967439 0.0480167474821601 87000157 349)",87
56,87000158,-0.843156978857288,54,0,0,-0.0539298651555209,-0.0526282971591558,-0.0497659234028937,-0.309584850626149,-0.0461991497664434,-0.467971028953894,0.00258071736295877,1.00397212356132,-0.671938133176243,0.918594189081206,1.00397212356132,1.00397212356132,0.000813041162041011,0.162958714955809,0.334555717028625,0.164447866725092,0.0186013649048922,0.396949460069245,-0.3182243350896,0.145121969788322,0.0313608172450206,-0.843156978857288,2,-0.300052721408761,0.0768134408582854,0.0770031825842351,0.321685655562267,-0.840620145588889,0.141276170499885,0.0026924464144418,-0.256486667792948,0.307960789019582,12568.0000000001,6.19272191232086,0.0956978191420467,4363.0000000001,0.668047335268156,6.86076924748902,0.109509392038196,0.0763513536601065,1.02405575132657,0.863214341298568,0.0176654383764787,0.528706971594677,1.20515013663759,-0.0710395114034421,1.24022435439996,-0.0674576851533621,0.631888311738681,0.686385173711712,0.562487586169915,59.0000000001,33.186767578225,0.562487586169915,59.0000000001,33.186767578225,1.15415932050391,0.519735120714339,1e-10,0.828698903514543,0.609863582870162,0.261441188213285,0.524162448589682,-0.0232557920329049,-0.14537465218179,-0.0351803085670272,-0.0146952031345466,-0.00508577034261541,-0.563101118014507,0.21491066660162,-0.682457510679458,-0.532102918042209,-0.532102918042209,0.232770963764425,-0.147447591044429,-0.20832485979974,-0.167074245282928,-0.224365285428046,-0.136552355870663,0.368575001463634,0.05131511589394,10172390689.0537,12568.0000000001,0.0988462352538287,0.0106631566843672,0.628608461129198,1.02396355738977,6058.06368646674,0.00048828125,84,1,"SNETWORK (1 56 6058.06368646674 0.628608461129198 87000158 84)",87
328,87000159,0.774732274300903,258,0.833942087661095,0.661934694919581,0.679648502105189,0.676245639047415,0.674971766192546,0.844522017023466,1.01534543342027,0.204395990313044,0.0939158279513006,-0.0414360423656982,0.244773990146403,-0.2687923811494,-0.0414360423656982,-0.0414360423656982,-0.791130040545107,-0.11346173130993,0.00800750561519117,1.01149185096149,-0.356125753078775,-0.560339494672534,0.667148486569063,-0.788859635579387,-0.682989322922567,0.774732274300903,8,0.194940606153171,0.539106348337731,0.545674797512668,0.178059061108984,0.764055374941173,-0.590741329638109,0.0939153139617656,1.50161611799977,0.175985581227565,3350.0000000001,1.14138251502745,0.111084481272783,1720.0000000001,0.369905815850463,1.51128833077791,0.0168138772854296,0.644838409996357,1.79304979567105,0.507225015593699,-0.592581524505691,-0.66063316060021,-0.161773606872609,-0.746642683364347,-0.116612511082296,-1.11882971101343,0.0259515572983242,0.0317976775625844,0.00521341969635417,48.0000000001,0.250244140725,0.00521341969635417,48.0000000001,0.250244140725,0.309301704432959,0.326707302886063,1e-10,0.263576504791475,-0.00479964214172772,-0.264576016622336,-0.0659109924315037,1,0.955946779738605,1.27717508738715,1.28529677079185,1.31366454417867,-0.265688515792482,0.492819997479083,-0.567995336396595,-0.263225843046,-0.263225843046,0.201526764304885,-0.595862385755872,-0.17309084565561,-0.316648671180817,0.19071954398256,-0.301095543988011,0.614871874185708,0.294547417930471,0,3350.0000000001,0.0126984805202449,0.00411539666518468,0.15731835260265,6.42727293829164,18812.8868925556,2.91038304567337e-11,471,1,"SNETWORK (1 328 18812.8868925556 0.15731835260265 87000159 471)",87
318,87000160,0.630826728147819,227,0.826606769083661,0.576140491778701,0.449959143780463,0.448153051499128,0.45024912066774,0.948515807743195,0.96455963283503,0.648656357996784,0.623499969314291,-0.0533933522531951,0.346791203982795,-0.115215354911062,-0.0533933522531951,-0.0533933522531951,-0.771170290993613,-0.88693507701165,-0.740643121419992,-0.000125636499509552,-0.965246721319818,-0.603050539930755,0.694143931109334,-0.735182512335809,-0.673195464551723,0.630826728147819,8,-0.199503134487422,-0.130698758804115,-0.130359916820721,-0.129019184062988,0.623357552491261,-0.289223928773565,0.6235228711902,1.75855173653859,0.169483204724351,4429.0000000001,1.45325447526856,0.107700821720966,1071.0000000001,0.223314955549546,1.67656943071811,0.0314875087862496,-0.119964768011295,-0.141389399847511,1.5040402228778,-0.189987396148446,-0.425980816857899,-0.698395174413825,-0.245414896954423,-0.832540472709401,0.306201379647506,0.106924908410119,0.215345319779618,0.257697610394118,17.0000000001,4.3808593751,0.257697610394118,17.0000000001,4.3808593751,0.10660896521193,0.0652931465962285,1e-10,-0.110072433774945,0.110454429531247,-0.197249532255042,0.143778990931268,1,0.955946779738605,0.975277852907368,0.986233363658323,0.989828666406973,0.112337371661449,-0.791447236857036,0.580185571102,0.118327257646455,0.118327257646455,-0.890738339351477,0.446737943085242,0.166199118563478,-0.0487264961456778,-0.311850384708739,0.411535911281302,-0.841177285141846,-0.97518320897555,0,4429.0000000001,0.0272934493940587,0.00419405929219086,0.919328780480197,2.58592476600249,18599.4014675454,5.82076609134674e-11,420,1,"SNETWORK (1 318 18599.4014675454 0.919328780480197 87000160 420)",87
318,87000161,0.618491337692327,224,0.826606769083661,0.576140491778701,0.449959143780463,0.448153051499128,0.45024912066774,0.948783040674271,0.964584008624921,0.643760062689043,0.623799606238355,-0.0529970196577104,0.34755686456775,-0.11523461453642,-0.0529970196577104,-0.0529970196577104,-0.773609389038126,-0.88669868562738,-0.740205105611474,0.000713595395298377,-0.965130099251613,-0.603050539930755,0.694143931109334,-0.735182512335809,-0.673195464551723,0.618491337692327,8,0.215314367799523,0.0599622776332959,0.0600867848607113,-0.462076178348385,0.609789016575745,-0.0143832811976085,0.623901270838646,0.395168580107773,0.11672156629628,3358.0000000001,0.758824107583243,0.115147402046844,2239.0000000001,0.49913446500506,1.2579585724883,0.0203457631408181,0.0592125329940416,1.54411493131353,0.834331048174385,-0.232776564570471,-0.0433496321030103,0.419147572533027,-0.156955760106116,0.440935013892187,0.428933596258608,-0.772305065897349,-1.55334225035707,0.302156409538776,49.0000000001,14.8056640626,0.302156409538776,49.0000000001,14.8056640626,0.349660736329097,0.131581233659436,1e-10,0.385813087496794,0.105078298580791,0.380367483814706,0.0161499722712862,1,0.955946779738605,0.975277852907368,0.986233363658322,0.989828666406972,-0.0526550807089037,0.6442723118822,-0.227371278694078,-0.0539910256051767,-0.0539910256051767,0.702152190665383,-0.666314536985523,-0.210273221504668,-0.0765025006763462,0.49269518971187,-0.505236287817162,1.21066254650565,0.440128459887526,300484144.462771,3358.0000000001,0.0122729442919594,0.00807281874885876,0.901940938705132,0.316829646006227,18578.7951965148,5.82076609134674e-11,376,1,"SNETWORK (1 318 18578.7951965148 0.901940938705132 87000161 376)",87
140,87000162,-0.334725659007222,130,0.016376969797183,0.0406255841243769,0,0,0,-0.0938457160365234,-0.000778832690189015,-0.511390611798645,-0.046889076248572,0.964603257831749,-0.73138224498757,0.977620841764462,0.964603257831749,0.964603257831749,-2.89423981822952,0.326100010433652,0.512016321013537,0.583596212317161,0.12033380162835,0.45221133369877,-0.305856068890666,-0.190739766812213,-0.0312046492625428,-0.334725659007222,2,0.460534392497432,0.866291346860521,0.881827217082189,0.220750207283217,-0.34561949781878,-0.631156416236688,-0.0468879172364814,0.316083857379225,0.782622577842596,5011.0000000001,6.27475477940374,0.109972581575982,17035.0000000001,2.99741268080684,9.27216746011058,0.0799739646030285,1.18875790759809,-0.199936387743134,0.0472713017985656,-0.515265576647912,-0.663054610991866,-0.410882771609613,-0.857328123224672,-0.231975459323902,-1.62796367661322,-0.0617269884070777,-0.0609583890887579,0.440029046574359,78.0000000001,34.3222656251,0.440029046574359,78.0000000001,34.3222656251,1.20385745588886,0.337149389868776,1e-10,1.11439619408722,0.93752287008693,0.175411277479789,1.72899269436546,-1.03276561575505e-16,-6.2602913664822e-16,0.0705624087924016,0.0874984919697694,0.09448795543854,-0.152570848812434,-0.366902461934616,0.137267466428954,-0.153932703349721,-0.153932703349721,-0.930214156512373,0.383633334015154,-0.811398396074028,-0.950220851060942,-1.19134040730495,-0.453541884512455,-0.311541675657798,-0.636681722818691,72205155.2047732,17035.0000000001,0.0541207887098141,0.0258531757932144,0.138661344881223,3.85756285411128,6494.17092540904,0.000244140625,300,1,"SNETWORK (1 140 6494.17092540904 0.138661344881223 87000162 300)",87
318,87000163,-0.0598477689463911,56,0.849676501735058,0.527879359151426,0.449959143780463,0.448153051499128,0.45024912066774,0.909095036959554,0.947546725234332,0.49883371682748,0.68430230707304,0.017526275442915,0.388227971648195,-0.089491248413707,0.017526275442915,0.017526275442915,0.164839944494852,-0.841130536912792,-0.678722376812114,0.110587909091714,-0.93577615509384,-0.604424467785202,0.699593179675348,-0.759818089809216,-0.694672009762475,-0.0598477689463911,8,0.514673889268933,0.281819339314794,0.283800076938679,-0.583390393073013,-0.066777783670555,-0.0174484828462893,0.684302781417919,-0.0592120470743252,0.229541311816166,5442.0000000001,2.41840325184041,0.136336638952499,8683.0000000001,2.29187910738007,4.71028235912048,0.064049796275499,0.303695095943294,0.0682830242872921,1.35258647906707,-0.215711328392287,-0.0741455513139936,0.302350516008726,-0.280654986942955,0.266179676919083,0.29864371725842,-0.0702528746117633,-0.147209603218499,0.442003615459043,47.0000000001,20.774169921975,0.442003615459043,47.0000000001,20.774169921975,1.20758668600052,0.977961657077308,1e-10,-0.92520444891042,-1.25119754606917,-0.889044694172533,-0.715730996214149,1,0.867841683603147,1.32904696563017,1.34213135648708,1.36723184200025,-2.21352511729226,-0.235302743733507,-0.0846601361435206,-1.6315417772043,-1.6315417772043,1.87138939043179,-1.26440982731801,2.58701566238403,3.06608839309384,2.99551280723636,1.97710898904325,-1.17198779066071,-1.59834290847644,0,8683.0000000001,0.0328851273740517,0.0311646688014473,0.0334091232094246,1.85056085884571,17549.5011518405,5.82076609134674e-11,316,1,"SNETWORK (1 318 17549.5011518405 0.0334091232094246 87000163 316)",87
319,87000164,-0.104810435152926,43,0.849676501735058,0.527879359151426,0.449959143780463,0.448153051499128,0.45024912066774,0.863982057764323,0.880146321319288,0.543999831680901,0.775635284430268,-0.0131326838358793,0.367831631038609,-0.0445761547438192,-0.0131326838358793,-0.0131326838358793,0.29959841602158,-0.746233867089457,-0.553655349740809,0.401731977422351,-0.882744388816296,-0.604424467785202,0.699593179675348,-0.759818089809216,-0.694672009762475,-0.104810435152926,8,0.516890936826147,0.879055725253662,0.895003045249462,0.148837328265244,-0.114837238527103,-0.534981574682881,0.775629848348054,0.74018707876284,0.215652301847312,6231.0000000001,2.60148406936627,0.122268285606811,2691.0000000001,0.636996200373116,3.23848026963938,0.0276567362624301,1.21288293688544,0.475740688458088,1.9524155422558,-0.622496493887882,-0.617185746149494,0.0325104668179643,-0.8079051409371,0.0132023769616919,-0.690317426410876,0.17781434873436,0.398485648450074,0.311029478661047,43.0000000001,13.374267578225,0.311029478661047,43.0000000001,13.374267578225,0.287011807547775,0.144810983221073,1e-10,0.389244548363911,-0.18421494081843,1.9326425160474,-0.368955380813012,0.872093088372884,1.01321566359122,1.32904696563017,1.34213135648708,1.36723184200025,-0.508590998064278,-0.560162642770867,-0.398144443575159,-0.484750597236328,-0.484750597236328,-1.16888300483373,-1.10922220622901,1.40511831286798,1.55951924701894,1.19929298053661,1.30541331507394,-1.13818233754152,-1.13912358972234,0,6231.0000000001,0.0222167660588204,0.00543997010360968,0.914397540320795,0.882914955727756,17462.3402591034,1.16415321826935e-10,446,1,"SNETWORK (1 319 17462.3402591034 0.914397540320795 87000164 446)",87
318,87000165,0.4075163786818,171,0.826606769083661,0.576140491778701,0.449959143780463,0.448153051499128,0.45024912066774,0.934971209005566,0.958004109790268,0.482142167897163,0.642354450461615,-0.026093675628161,0.34482419162494,-0.103916888493585,-0.026093675628161,-0.026093675628161,-0.258499271215547,-0.892010823906486,-0.741037199047104,-0.0274238376550961,-0.966557832278634,-0.603050539930755,0.694143931109334,-0.735182512335809,-0.673195464551723,0.4075163786818,8,-0.368287044656857,0.223891570757117,0.225186288539206,0.677673075120861,0.399364950966432,-0.0589836705472562,0.642323885813229,-0.352846572553177,0.0817354767415878,1136.0000000001,0.179762149604522,0.422576270500593,9099.0000000001,7.44402961747804,7.62379176698256,0.108466195710927,0.235775558567145,0.129876942779511,0.346415702255076,0.0549492018218366,0.699893179739018,-0.0169553943440291,-0.275084001180392,0.0150831657818721,0.276990202943619,0,0,0.850360945259314,51.0000000001,43.368408203225,0.850360945259314,51.0000000001,43.368408203225,2.19648447945032,1.58682259690213,1e-10,-0.376450949935253,-0.6479650875322,-0.511429288776604,-0.478466169366343,1,0.955946779738605,0.975277852907368,0.986233363658323,0.989828666406973,0.342013728639958,0.16647905234699,0.253650494525773,0.374141427114911,0.374141427114911,1.5551723663354,-0.280089283902628,-0.227350343918316,-0.131315023763021,0.0279701779379517,-0.290945265105966,0.380366181447453,0.293527931534701,0,9099.0000000001,0.00255753528792551,0.105908660323001,0.635084631849577,3.09749054856599,18262.5447120424,5.82076609134674e-11,319,1,"SNETWORK (1 318 18262.5447120424 0.635084631849577 87000165 319)",87
140,87000166,-0.305102666426812,137,0.016376969797183,0.0406255841243769,0,0,0,-0.0927784291834652,-6.84320930563651e-05,-0.540558290293807,-0.0492044524799796,0.962526422810515,-0.734008330820091,0.981961780323939,0.962526422810515,0.962526422810515,-3.19837710310931,0.332868002650844,0.519615834233751,0.605815095095317,0.123925819864196,0.45221133369877,-0.305856068890666,-0.190739766812213,-0.0312046492625428,-0.305102666426812,2,0.349362621358753,0.836453853442729,0.85104471932162,0.36084884647806,-0.314289552497265,-0.692005109493261,-0.0490245789114233,1.57625946362101,0.481895735846895,6552.0000000001,5.0518093770776,0.0539565891909666,19388.0000000001,1.67377655897165,6.72558593594924,0.0593701838830815,1.13328116953825,-0.606266297578163,-1.33398219802863,-0.64928713657382,-0.664641209820549,-0.0135336022507852,-0.885453903336326,-0.0118941924321743,-1.728171647636,-0.159737576213743,-0.160613562702605,0.0127204111689252,107.0000000001,1.361083984475,0.0127204111689252,107.0000000001,1.361083984475,0.238777581977438,0.299967954289427,1e-10,0.164510229325559,0.442832317365912,1.91036573554714,0.436062073851342,0,6.2602913664822e-16,-0.0247221470926325,-0.0137666363416769,-0.0101713335930273,-0.33132877194958,0.389341224861378,-0.718409104976447,-0.324826203769098,-0.324826203769098,-0.26614354811671,-0.383450006785074,0.0154629366259061,-0.0211190700008221,-0.324571036066398,0.21541437515608,0.417493092623101,-0.0963422427190344,0,19388.0000000001,0.0445949028098148,0.0147752809732667,0.182028422270452,6.29508172647319,6537.65265323499,0.000244140625,298,1,"SNETWORK (1 140 6537.65265323499 0.182028422270452 87000166 298)",87
140,87000167,-0.416388580071738,115,0,0,0,0,0,-0.132788415979045,-0.0134999789785144,-0.480407532548393,-0.0311158013023212,0.977717012507159,-0.705623614401588,0.952264399705017,0.977717012507159,0.977717012507159,-1.26585572779718,0.283847970660481,0.465070831923674,0.47228010352955,0.0943441920487528,0.45221133369877,-0.305856068890666,-0.190739766812213,-0.0312046492625428,-0.416388580071738,2,0.0870254522880299,-0.37063337825814,-0.367274111299516,-0.0527041280501326,-0.42120291136161,0.115534606065649,-0.0311116383982766,-0.523574076648744,0.968778540063662,3239.0000000001,5.02059790560345,0.304556547394373,4063.0000000001,1.97986120274959,7.00045910825304,0.158776438779375,-0.311082909495503,0.243268069251134,0.936868040406236,0.567981876340195,0.0246854853252446,-1.68605193387766,0.204314839337253,-2.43988113885089,0.211960330022515,-0.245037621375834,-0.251824348134333,1.01154436393929,28.0000000001,28.3232421876,1.01154436393929,28.0000000001,28.3232421876,0.941294010892328,1.18927895351658,1e-10,0.767846517754398,0.438397956995032,0.191015846118641,0.950370410737584,-1.03276561575505e-16,-1.25205827329644e-15,0.122805392849748,0.143020527359462,0.151870954042014,0.483701725683116,-0.803037756201144,0.617050722648977,0.541760664008022,0.541760664008022,-0.775539096589156,0.581261287522714,-1.95899222637925,-2.2585025332797,-2.45359122387465,-1.35172319787603,-0.919916549160479,-0.988824721796136,7886463920.39651,4063.0000000001,0.113871482307292,0.0449049563720835,0.0518684284280069,0.87187282089144,6407.14855273293,0.000244140625,294,1,"SNETWORK (1 140 6407.14855273293 0.0518684284280069 87000167 294)",87
318,87000168,0.54300315360131,203,0.826606769083661,0.576140491778701,0.449959143780463,0.448153051499128,0.45024912066774,0.950603579801446,0.965843164969705,0.647224362531018,0.635519085690581,-0.0393822098166877,0.364616336584249,-0.106797831932365,-0.0393822098166877,-0.0393822098166877,-0.348683207507063,-0.913497559393768,-0.766314804323241,-0.0372272455759826,-0.985858512832017,-0.603050539930755,0.694143931109334,-0.735182512335809,-0.673195464551723,0.54300315360131,8,-0.880123371051548,-0.570781540385759,-0.562211581539741,0.355988528005139,0.536273840132303,0.988826999742136,0.63552056862998,-0.704269423886921,0.295590662755007,6411.0000000001,3.66881497108579,0.17229881711907,2572.0000000001,0.857951191142044,4.52676616212784,0.120244083379713,-0.445590115463997,-0.327523128519069,-0.410181041013874,0.820012974785194,0.565741361796141,-1.03471922853659,0.877687909579707,-1.74419137762799,1.54469631025248,-0.0828446306200666,-0.158431317121427,0.187414220961486,37.0000000001,6.934326171975,0.187414220961486,37.0000000001,6.934326171975,0.00515039813387295,0.0394994149738724,1e-10,0.479302179907402,0.574836444431686,-0.00290080303928681,0.779676936441941,1,0.955946779738605,0.975277852907368,0.986233363658323,0.989828666406973,0.124544636200734,-0.729419079464775,-0.0501648246957227,0.131447952409244,0.131447952409244,0.00818596724751728,-0.0105840703627869,0.369211827185178,0.445544800250126,0.414304438144052,0.313712827106239,-0.400145716131879,-0.294712279339697,0,6411.0000000001,0.0974544027941245,0.0227896804855886,0.801927667160537,0.1690768385306,18460.2698150002,5.82076609134674e-11,396,1,"SNETWORK (1 318 18460.2698150002 0.801927667160537 87000168 396)",87
318,87000169,0.210529172097049,125,0.847990630531859,0.546799996361712,0.449959143780463,0.448153051499128,0.45024912066774,0.931540804821115,0.963145979087086,0.594506669473685,0.668403335585807,0.00129675703388788,0.389044180150372,-0.0877522423443567,0.00129675703388788,0.00129675703388788,0.109422645313863,-0.900948329569366,-0.748500313622795,0.00154253198295051,-0.978879896972076,-0.603050539930755,0.694143931109334,-0.735182512335809,-0.673195464551723,0.210529172097049,8,0.692933033504129,0.480496276846706,0.485811313777331,-0.58242957819911,0.205500418615218,-0.293782021866522,0.668403760629568,2.03376861349743,0.144245063468612,6242.0000000001,1.7431471282172,0.10282481091689,4246.0000000001,0.845253992107081,2.58840112022428,0.0301430101775498,0.561074579709811,-0.699468086068493,-0.454859732178088,-0.137801452639272,-0.507754247155946,-1.14777462801099,-0.537787646550549,-0.858317927474923,-0.137363613592409,-0.274620283275662,-0.571097550131264,0.00293543208529412,85.0000000001,0.24951171885,0.00293543208529412,85.0000000001,0.24951171885,0.287428540998648,0.314557361963191,1e-10,0.941988594302577,0.707079934859087,2.06308590432499,1.14613833582838,1,0.911894231670875,0.975277852907368,0.986233363658323,0.989828666406973,0.195686587620677,-0.696109222842262,-0.650688850082541,0.208959094105536,0.208959094105536,-0.302938326911372,-0.111373003525922,0.433558910090285,0.225132216248804,-0.14715569755483,0.686837023497843,-0.49587872828634,-0.783904363501268,3534006.21586929,6242.0000000001,0.0202996749773334,0.00984333510021632,0.394002493695224,2.3955882333684,17976.8391055783,5.82076609134674e-11,328,1,"SNETWORK (1 318 17976.8391055783 0.394002493695224 87000169 328)",87
56,87000170,-1.00885137690125,31,0,0,-0.0539298651555209,-0.0526282971591558,-0.0497659234028937,-0.321433806711414,-0.0514747748723103,-0.469253359189732,0.00719095798814645,1.01102187775923,-0.673840809625892,0.91080038360992,1.01102187775923,1.01102187775923,0.0815477403921838,0.151007305588095,0.321725422224033,0.126882425342225,0.0120352037379433,0.396949460069245,-0.3182243350896,0.145121969788322,0.0313608172450206,-1.00885137690125,2,0.516589900559075,0.635543960970584,0.644420906020354,-0.176769019629923,-1.01002825332121,-0.228740364090528,0.00719468021947836,0.517025258140448,0.624430516832986,7521.0000000001,7.51414706625172,0.0462408749129961,12880.0000000001,0.952931948245421,8.46707901439714,0.0873855739676322,0.791168496730149,-0.123078642833684,-0.111740924556987,-0.258701984810662,-0.0379957811089297,0.548178492679348,-0.562764211402945,0.3609519705194,-0.819737065434652,0.0591409076132528,0.0645920325135656,0.297420887564888,89.0000000001,26.470458984475,0.297420887564888,89.0000000001,26.470458984475,0.860201955541577,0.124520568528256,1e-10,-0.147173838514455,-0.154130496851227,-0.224344716713249,-0.162419738997471,-0.0232557920329049,-0.14537465218179,-0.0456386537822686,-0.0156235779160857,0,0.147325466761252,-0.819789442596616,0.377928817885026,0.156073246352324,0.156073246352324,-0.0358489891502165,0.712681548733936,-0.828522686977483,-1.004688519545,-1.14863708807935,-0.498360367038224,-1.13335298709646,-0.348958064224829,0,12880.0000000001,0.07755071759608,0.00983485627155221,0.447737679340223,3.01031372553451,5913.3835798194,0.00048828125,22,1,"SNETWORK (1 56 5913.3835798194 0.447737679340223 87000170 22)",87
56,87000171,-0.822832954583001,56,0,0,-0.0539298651555209,-0.0526282971591558,-0.0497659234028937,-0.309253535317069,-0.0462423909443425,-0.472276466226079,0.00195879844608882,1.00358910589255,-0.674783966918781,0.92183691567256,1.00358910589255,1.00358910589255,-0.0026201108052806,0.16387841116738,0.335325518061213,0.166437159431169,0.0192228637940311,0.396949460069245,-0.3182243350896,0.145121969788322,0.0313608172450206,-0.822832954583001,2,-0.0821385206457659,-0.121049763304711,-0.120765715758649,-0.283549870532208,-0.820853902577232,0.290833971127491,0.0019628866412453,-0.355137387851421,0.268915273856512,3484.0000000001,1.49904130212703,0.0707036707096214,9054.0000000001,1.02424165401836,2.52328295604539,0.0470320271378785,-0.111515289137327,0.280722168697544,1.0810064876011,0.39382995297035,0.0559831114266012,-1.09666716045405,0.145054698356031,-1.30287069550427,0.191277108797791,-1.03181428671533,-1.11472358964528,0.709172566831771,48.0000000001,34.040283203225,0.709172566831771,48.0000000001,34.040283203225,1.19151573445914,0.738442484746827,1e-10,0.62914315496424,0.716231626921838,0.128287081290679,0.933563283977291,-0.0232557920329049,-0.14537465218179,-0.0357707350135345,-0.0147476145832038,-0.00479865290201226,-0.797054815710817,0.149560091883436,-0.461891760764022,-0.726060560245851,-0.726060560245851,-0.0336283952750161,-0.0341997149140179,-0.487149847547092,-0.463449963999758,-0.474209459396662,-0.38379547518771,0.246689455416046,0.026944322792504,22352903515.646,9054.0000000001,0.0279409611521023,0.0190910658857762,0.641126827806557,2.19859816430806,6068.07723651621,0.00048828125,7,1,"SNETWORK (1 56 6068.07723651621 0.641126827806557 87000171 7)",87
56,87000172,-0.711556550936721,70,0,0,-0.0539298651555209,-0.0526282971591558,-0.0497659234028937,-0.288134175640794,-0.040601088142071,-0.453604090709109,-0.00194649134351224,0.995065454871492,-0.675330229845473,0.924742719679104,0.995065454871492,0.995065454871492,-0.0397283927193015,0.176462324270397,0.348239066473497,0.205370287375776,0.0262077894737433,0.396949460069245,-0.3182243350896,0.145121969788322,0.0313608172450206,-0.711556550936721,2,0.103471020965351,0.0869778849123922,0.0872132663263596,-0.284277551329851,-0.712518049983368,0.019712988509819,-0.00194598500907273,-0.232669147776729,0.220494928400935,5139.0000000001,1.81299749856008,0.126398501448583,11579.0000000001,2.34170919548241,4.15470669394248,0.0657905890027913,0.0867974138596671,-0.144539977807041,-0.397690241566321,-0.0936079452407241,-0.0276530191038036,0.0822280118932249,-0.150978747951408,0.0889195884047301,-0.178044487435172,-0.340737303564883,-0.365958390706585,0.997005540597449,49.0000000001,48.853271484475,0.997005540597449,49.0000000001,48.853271484475,1.83984612928737,1.16760156217849,1e-10,0.225548440260452,0.306865232130616,-0.183577348146689,0.276261335914935,-0.0232557920329049,-0.14537465218179,-0.0247221470926315,-0.0137666363416772,-0.010171333593027,0.106203736714638,0.349788409169291,-0.906632137615939,0.111754312674703,0.111754312674703,0.248601502168883,-0.833111601521487,-0.109169022896761,0.0228610635743433,-0.199087934256378,-0.0161741359558858,-0.128848094426045,-0.829151418943525,0,11579.0000000001,0.0287091681537358,0.0370814207490554,0.742388088116604,1.88074204677306,6149.07699665433,0.00048828125,46,1,"SNETWORK (1 56 6149.07699665433 0.742388088116604 87000172 46)",87
137,87000173,0.244215032288619,107,-0.169336007143403,-0.45983907781187,-0.612877153222713,-0.614349237474709,-0.609405455638136,0.0155351021607988,-0.0204742812581213,-0.270309714006872,-0.383610746365056,-0.0185236995909884,0.02331891587366,0.0400242770154539,-0.0185236995909884,-0.0185236995909884,0.149552365176342,0.0954509437299275,0.0108591357551182,-0.727779926538685,0.0698978513546546,0.0677281446396492,-0.117429098893948,0.617705950750841,0.326804535448277,0.244215032288619,1,0.240986044312531,-1.28651037534655,-1.23370989662581,0,0.237950074617382,1.28293641803267,-0.383598295134004,-0.724256156759283,0.887586455524166,992.0000000001,1.62801980185636,0.361680786635144,50.0000000001,0.033437422180832,1.66145722393719,0.0781309969815034,-0.787547676369878,2.72705220771003,-0.58765371825855,1.26597749300948,1.49801632353265,0.205884035926548,1.69218140894135,0.669373324377848,0.868830598659046,-3.58727449428701,-1.82059330933438,0.533447265725,15.0000000001,8.001708984475,0.533447265725,15.0000000001,8.001708984475,0.0518672865241064,0.476435991474873,1e-10,-0.193732802924202,0.279040829274188,1.76607719272504,0.430933063205439,0,-0.0253487320197204,-0.0247221470926329,-0.0137666363416772,-0.010171333593027,0.345867957418954,-0.345014354513508,0.435272366841376,0.378599517080035,0.378599517080035,0.692641702142715,0.518304368930322,-0.874550222429082,-0.949954401355403,-0.788109346270752,-0.744282087808651,1.18742455201676,0.918449955611455,0,992.0000000001,0.0765585825678268,0.00157241431367661,0.444218512910735,1.00251844711602,4980.61762146463,0.001953125,221,1,"SNETWORK (1 137 4980.61762146463 0.444218512910735 87000173 221)",87
140,87000174,-0.265394457151039,145,0.016376969797183,0.0406255841243769,0,0,0,-0.095946980669134,-0.000420291270030401,-0.586910197727345,-0.0505198356033647,0.960986521518683,-0.742411018249746,0.989035034700968,0.960986521518683,0.960986521518683,-3.3456463367475,0.335134928340031,0.521998703522627,0.613414190978343,0.125108884171991,0.45221133369877,-0.305856068890666,-0.190739766812213,-0.0312046492625428,-0.265394457151039,2,0.416742427774209,0.0617285894700617,0.0618593205626196,-0.697297578963718,-0.276035846702391,-0.698351319265887,-0.0505191426573238,0.321700278069304,0.300344836346264,9012.0000000001,4.33073226289847,0.0505665548966794,3476.0000000001,0.281230951256975,4.61196321405545,0.0744891310996029,0.0609985750233652,0.153452044768086,1.1785617924749,-0.379397793181608,-0.656956629912771,-0.76633659408426,-0.68035986009414,-0.788685419327726,-1.14878031921727,-0.418737323976207,-0.420713719491026,0.0918143137160714,42.0000000001,3.856201171975,0.0918143137160714,42.0000000001,3.856201171975,0.129572046902372,0.182038914389931,1e-10,0.414925901717101,0.574233868079977,0.0438571712772022,0.719802148414334,0,0,-0.0247221470926315,-0.0137666363416772,-0.010171333593027,-0.187021944301071,0.478159600437018,-0.600108590844266,-0.187646121320849,-0.187646121320849,-0.0639225176913669,-0.360545105740381,-0.136610188188811,-0.140461638791667,-0.340572199756731,0.0191689785704501,0.301547490069969,-0.25630848783367,0,9012.0000000001,0.0699468898346071,0.00454224116499582,0.225857283483584,1.92717288434505,6581.59738571226,0.000244140625,305,1,"SNETWORK (1 140 6581.59738571226 0.225857283483584 87000174 305)",87
328,87000175,0.802854027541696,265,0.833942087661095,0.661934694919581,0.679648502105189,0.676245639047415,0.674971766192546,0.845972209107015,1.01767357117941,0.26793942522778,0.0927929279122133,-0.0447912525728979,0.247373361514522,-0.270197996609667,-0.0447912525728979,-0.0447912525728979,-1.06472789778307,-0.112840744825125,0.00969061899566221,1.03065887872295,-0.358022659452275,-0.560339494672534,0.667148486569063,-0.788859635579387,-0.682989322922567,0.802854027541696,8,0.00640563078516554,0.16666837263052,0.167421710116671,-0.0437532283685431,0.794617451580268,-0.635549575348549,0.0927976730226649,1.66970081465667,0.320659108131971,9540.0000000001,5.92244827575028,0.0676803531671958,2622.0000000001,0.343561606366774,6.26600988201705,0.0932266875228454,0.171593432406706,-0.921597460250575,-0.312232914991779,-0.526693252874933,-0.611355607396128,-0.241430210779546,-0.660807895810511,-0.226525403699171,-0.914396708891735,-0.448355958444673,-0.546742705685356,0.379136029511765,51.0000000001,19.3359375001,0.379136029511765,51.0000000001,19.3359375001,0.547940375160106,0.246357877406802,1e-10,-2.53242783269177,-1.47622559506413,1.95063003767536,-0.724129751146815,1,0.955946779738605,1.27717508738715,1.28529677079185,1.31366454417867,-4.6443896197461,-0.0216639822136488,0.154516166008572,-2.47674671243924,-2.47674671243924,-0.767023771953474,0.771198204737475,-0.187553442738583,-0.328999917922586,-0.994809945087492,0.284685219255318,0.468427874662866,0.241201931785681,0,9540.0000000001,0.0881151234321222,0.00511156399072325,0.204226405582757,2.9422727771021,18848.0361702891,2.91038304567337e-11,478,1,"SNETWORK (1 328 18848.0361702891 0.204226405582757 87000175 478)",87
328,87000176,0.813982479927454,268,0.833942087661095,0.661934694919581,0.679648502105189,0.676245639047415,0.674971766192546,0.845876714011652,1.01802135818714,0.270903046078656,0.0926862663565496,-0.0450364719992096,0.246836376101961,-0.270113805594188,-0.0450364719992096,-0.0450364719992096,-1.0842230981124,-0.112236841471273,0.0102484800163261,1.03214261346048,-0.357636926840242,-0.560339494672534,0.667148486569063,-0.788859635579387,-0.682989322922567,0.813982479927454,8,-0.00904304394691424,0.185884350360625,0.186804046114275,0.00553350074833393,0.806001679186729,-0.444125194942574,0.092684940777009,0.834088422359861,0.30621907603143,7928.0000000001,4.70007950807421,0.0600675250342603,589.0000000001,0.0684958649686356,4.76857537294284,0.0698896892102784,0.192831477613945,-1.04360065567153,-0.799142264160515,-0.612541266367447,-0.454705376437219,0.482421393268809,-0.516730786307378,0.457565628786861,-0.62382737574906,0.604512144271776,0.737351796437542,0.377390894496552,58.0000000001,21.8886718751,0.377390894496552,58.0000000001,21.8886718751,0.659667681886611,0.243755880410682,1e-10,-0.313003512918127,-0.268969108750596,-0.196685271755991,-0.25315193732349,1,0.955946779738605,1.27717508738715,1.28529677079185,1.31366454417867,0.110108323967605,0.684923644175088,-0.23621780735404,0.115937040730138,0.115937040730138,0.584256748776045,-0.523104517432473,-0.584575108321376,-0.532778063853434,0.0780712768366646,-0.796695307982885,1.93811389626116,0.904286412633724,0,7928.0000000001,0.0688857929092722,0.00100389620100618,0.22009719980904,3.06925026007844,18859.9285196549,2.91038304567337e-11,480,1,"SNETWORK (1 328 18859.9285196549 0.22009719980904 87000176 480)",87
137,87000177,0.384989004614758,127,-0.166057912338905,-0.453200003638288,-0.550040856219537,-0.551846948500872,-0.54975087933226,-0.0243806688434056,-0.0585938806190496,-0.601781240009528,-0.400032687664443,-0.0792328157294891,-0.0196537218749767,0.1507352406125,-0.0792328157294891,-0.0792328157294891,-0.816509977620369,0.154360619586735,0.0537266759300711,-0.679487723667383,0.12002669943158,0.0244718896476977,-0.0463928842676715,0.415324305327625,0.335969349634022,0.384989004614758,1,-0.0877643975765124,0.436640359106451,0.441095004485158,0.504369852460902,0.379373026109963,-0.0799082070720593,-0.400029143008484,0.165284861142565,0.160825062610119,4116.0000000001,1.22395778646316,0.0769849500539794,4160.0000000001,0.592156508439627,1.81611429480279,0.0218849971962663,0.500825086398128,-0.394594725309517,-0.601323542953237,-0.0559441326584972,-0.196957526857195,-0.512187892354474,-0.393894430624307,-0.395991762628418,-1.3237305651364,0.375760908106153,0.182183056753873,0.429209607812766,47.0000000001,20.1728515626,0.429209607812766,47.0000000001,20.1728515626,1.18126836575689,0.95888578662961,1e-10,1.05943507371753,0.584527730382044,0.172792011727307,0.800555215402419,-1.03276561575505e-16,0,-0.0247221470926315,-0.0137666363416776,-0.010171333593027,-0.0790027979855729,-0.435649221785704,1.13408063021592,-0.0806618848548278,-0.0806618848548278,-0.497038586291866,0.166506285998977,0.690074391177391,0.65266445877582,0.310071557899828,0.79822059322195,-0.420613360777523,-0.205436323608549,3804853495.38147,4160.0000000001,0.0147492438546628,0.00713575324160354,0.516787679810314,0.229753034131136,5106.66747475055,0.001953125,138,1,"SNETWORK (1 137 5106.66747475055 0.516787679810314 87000177 138)",87
137,87000178,0.119730383608616,97,-0.169336007143403,-0.45983907781187,-0.612877153222713,-0.614349237474709,-0.609405455638136,0.00543256997848647,-0.0206107026259381,-0.249260432290703,-0.382017879102244,-0.0065360708993873,0.0138662509272504,0.0443468292775663,-0.0065360708993873,-0.0065360708993873,0.215160091176677,0.0861520554710394,0.00147375126363036,-0.746321335750172,0.0634025581227909,0.0677281446396492,-0.117429098893948,0.617705950750841,0.326804535448277,0.119730383608616,1,-0.572923785656097,-0.106777596533751,-0.106565685375073,0.52286332748356,0.131684595403826,1.51535031170216,-0.382015284982851,-0.456930763131024,0.0611798352834295,320.0000000001,0.0361989211025617,0.0946118352107144,956.0000000001,0.167240209643719,0.20343913064628,0.00374971434038559,-0.0989016327267578,-1.10010472540795,1.1935591048434,1.66751126414974,1.36183619586699,-1.34657481522552,0.721211125518838,-1.58419843745814,0.0404163176483058,0.591681238372386,0.30454620864339,0.159880265045652,23.0000000001,3.67724609385,0.159880265045652,23.0000000001,3.67724609385,0.459293690328135,0.557315630316289,1e-10,0.632285248832515,0.257616325812567,1.62075714681482,0.539260973678559,0,-0.0224434560402738,-0.0244881273076491,-0.0136363222441954,-0.0102899974310707,0.507351503563019,-0.864291137334496,0.570627249201207,0.570499239329613,0.570499239329613,0.498137301971504,0.699736684111131,-0.73459791082586,-0.956000470500354,-1.04270791716542,-0.426186829621272,-0.266672068772953,0.03650030487874,6105915006.16136,956.0000000001,0.000667205021990694,0.0030825092183949,0.412406987383248,1.33027051238033,4925.36222448467,0.001953125,145,1,"SNETWORK (1 137 4925.36222448467 0.412406987383248 87000178 145)",87
319,87000179,-0.0923245235638999,47,0.849676501735058,0.527879359151426,0.449959143780463,0.448153051499128,0.45024912066774,0.864894332931135,0.880542399163004,0.546971423759354,0.775102140746651,-0.0130785852715445,0.367951741662851,-0.0446702240799091,-0.0130785852715445,-0.0130785852715445,0.306203570061093,-0.748651983124155,-0.556630785302005,0.396065279799913,-0.884324661009811,-0.604424467785202,0.699593179675348,-0.759818089809216,-0.694672009762475,-0.0923245235638999,8,0.506699069705246,0.907360085872894,0.924234864517162,0.205563034340363,-0.0987729740814279,-0.444837986553185,0.775096872607311,0.774384553382492,0.122250982566747,7443.0000000001,1.76160972270985,0.134120344285621,2179.0000000001,0.565797743608458,2.32740746621831,0.0194438070701706,1.26723290539242,0.0753465598058217,2.83950273428453,-0.429117106907021,-0.324619592432904,0.24063928392728,-0.768615762053823,0.124166748739388,-0.580010535775529,-0.00417525897000342,-0.00886440695626292,0.118610088741827,52.0000000001,6.167724609475,0.118610088741827,52.0000000001,6.167724609475,0.568296201414313,0.49578178116664,1e-10,0.429694890988321,0.00299764344485995,-0.121628341137994,-0.305541575439733,1,0.867841683603147,1.15216222552792,1.16418216806137,1.17853025420361,-1.41418089802193,0.373543914645937,0.323428380410847,-1.17215629099856,-1.17215629099856,0.506801427385302,-0.760798623630955,0.573561908358155,0.69102996280116,1.22111354440508,0.17651413717041,0.96258510626393,1.17097515621117,0,7443.0000000001,0.0147169758204516,0.00472683114971898,0.965679971518857,3.47922097294479,17490.8370492945,1.16415321826935e-10,438,1,"SNETWORK (1 319 17490.8370492945 0.965679971518857 87000179 438)",87
137,87000180,-0.623062040405746,44,-0.169336007143403,-0.45983907781187,-0.612877153222713,-0.614349237474709,-0.609405455638136,-0.00468345691385027,0.0074365097152385,0.0209083915124977,-0.359826204020255,0.117606577999148,-0.0655050375080859,-0.0107578180082197,0.117606577999148,0.117606577999148,0.558055376206681,-0.0227748023726224,-0.104138030260523,-0.94776130081456,-0.0147168468452261,0.0677281446396492,-0.117429098893948,0.617705950750841,0.326804535448277,-0.623062040405746,1,-0.666258740179601,-0.39421304213652,-0.390374345438508,0.246435402378244,-0.609586038598292,1.93854800427411,-0.359816221825554,-0.261344069600426,0.260736125453149,227.0000000001,0.109437058043782,0.58942903102725,323.0000000001,0.352023283221352,0.461460341165134,0.0106626321907857,-0.32802814884102,-0.649490686746953,0.436094271480699,1.74111996704215,1.98378670250793,0.141499716680418,1.12999792439574,0.225130672699785,0.469566906670917,3.93083190961406,2.14463776634597,0.0635986329125,12.0000000001,0.76318359385,0.0635986329125,12.0000000001,0.76318359385,0.264946305597676,0.224108505598841,1e-10,0.925155050600394,0.40106374855583,0.330919793980477,0.904545906248097,0,-0.0224862190769869,-0.0121031440465616,-0.00673973290556879,-0.0165700185535033,0.684495096410237,-0.896673619842743,0.661646110361485,0.792939395224514,0.792939395224514,-0.749186826228635,0.471855632227554,-1.29205869531626,-1.42626838866231,-1.35785263680919,-1.01462964280004,-0.208761086122357,-0.332706848424672,5491350011.5652,323.0000000001,0.00252868336043605,0.0081339487303497,0.246602198414051,1.1508054966249,4637.36567971806,0.001953125,100,1,"SNETWORK (1 137 4637.36567971806 0.246602198414051 87000180 100)",87
56,87000181,-1.11758210252325,16,0,0,-0.0539298651555209,-0.0526282971591558,-0.0497659234028937,-0.322665830354786,-0.0525335963041864,-0.462501810780812,0.00809790940069005,1.01128695139618,-0.675161830891357,0.910727095073658,1.01128695139618,1.01128695139618,0.0933060526420178,0.149300470947027,0.319797120017839,0.12125361598649,0.0111312172784721,0.396949460069245,-0.3182243350896,0.145121969788322,0.0313608172450206,-1.11758210252325,2,1.02238970923671,-0.137027273049741,-0.136649835681132,-1.37014355273622,-1.11393237299697,0.812189131987553,0.00810195327076119,2.25155219760293,0.501825712138085,6874.0000000001,5.51927991137503,0.0687046142060613,4210.0000000001,0.462794280718039,5.98207419199306,0.112908328161119,-0.125472539724469,-0.96804235356226,-1.14747331382296,0.495726686623423,0.597700142064699,0.0472436875852225,0.437721382485913,0.066727255753242,0.513942000520765,0.738270326085816,0.807225555982105,0.4260986329125,40.0000000001,17.0439453126,0.4260986329125,40.0000000001,17.0439453126,0.447625153703676,0.316379137603545,1e-10,-0.739326009339818,-0.944794908744206,-0.728422786118014,-0.613314270510433,-0.0232557920329049,-0.14537465218179,-0.0456386537822686,-0.0156235779160853,-3.8573928898018e-16,-0.776279692985506,-0.595905734337849,0.0327892875019657,-0.709428321428635,-0.709428321428635,1.04454353766643,0.654069238649004,0.0295804510800867,-0.122094857702211,-0.521804818265646,0.335079505130155,-0.331865600961295,-0.133120690766944,0,6874.0000000001,0.104173343040096,0.00873498502102246,0.340368852848905,0.976517225844509,5827.4983245354,0.00048828125,25,1,"SNETWORK (1 56 5827.4983245354 0.340368852848905 87000181 25)",87
137,87000182,-0.852694578228771,31,-0.169336007143403,-0.45983907781187,-0.612877153222713,-0.614349237474709,-0.609405455638136,-0.0254149074402731,0.00121990860040482,0,-0.358223162885979,0.136840624643625,-0.0866124745770916,-0.00168246639016365,0.136840624643625,0.136840624643625,0.579825458968955,-0.0315073817638026,-0.113215789165238,-0.97535405741076,-0.0194942940774774,0.0677281446396492,-0.117429098893948,0.617705950750841,0.326804535448277,-0.852694578228771,1,-0.970084773115621,-1.36770956915294,-1.30682509825127,-0.55590959391596,-0.84967755277216,1.86100135193138,-0.358172497073392,-0.552254880794006,0.125271869954907,118.0000000001,0.0273320944821169,0.145012513635026,682.0000000001,0.182863572364018,0.210195666746135,0.0105547548711039,-0.815733404232936,-0.909698762841204,2.58992057009689,1.6407693163693,1.57350771941353,-0.655506836065888,2.04005319243423,-2.06046000317554,1.21348290892988,-3.05550403304361,-1.66717982395418,0.86798095713125,8.0000000001,6.94384765635,0.86798095713125,8.0000000001,6.94384765635,0.00556713158474649,0.975225857331567,1e-10,-0.698664092157473,-0.663801106045199,-0.403772190646057,-0.353202906866784,2.06553123151011e-16,-0.0440532202613954,6.84487991150658e-16,1.07294691840879e-15,-0.0227070388776258,0.818402099289212,0.0545097390945535,-0.793917709006741,0.969806827653636,0.969806827653636,0.393292237382288,0.203624854025964,-0.509994622740204,-0.502420683974277,-0.909265131872632,-0.192403797260814,-0.243604506358598,-0.235299604974016,0,682.0000000001,0.00137245243057067,0.00918230234053319,0.205676208815694,0.753787636112689,4566.27880901452,0.001953125,185,1,"SNETWORK (1 137 4566.27880901452 0.205676208815694 87000182 185)",87
318,87000183,0.464354627203206,182,0.826606769083661,0.576140491778701,0.449959143780463,0.448153051499128,0.45024912066774,0.943468934753479,0.961501331534772,0.571337140771176,0.639217944346298,-0.0330023561505095,0.356483429145956,-0.1034493208508,-0.0330023561505095,-0.0330023561505095,-0.292418947786351,-0.90374945263154,-0.754005670550885,-0.027749402236145,-0.977755381949242,-0.603050539930755,0.694143931109334,-0.735182512335809,-0.673195464551723,0.464354627203206,8,-0.889522420756761,-0.531361639105558,-0.524028576580606,0.434400916265142,0.453896834100624,0.317040679046876,0.639231543499714,-0.857395626055235,0.217656063688987,3379.0000000001,1.42386325942567,0.12533531791923,193.0000000001,0.046831718881303,1.47069497820698,0.0378671992688783,-0.420712676482494,-0.248098141062833,0.131075462783002,0.429522766249458,-0.0929462938264976,-1.66394830480297,0.458842971576582,-2.7310770468993,1.14787915094136,-0.037544011855085,-0.074851668894316,0.528553355923864,22.0000000001,11.628173828225,0.528553355923864,22.0000000001,11.628173828225,0.210589303941428,0.469139170030784,1e-10,-0.282696325995645,-0.371554080583673,-0.374317197699009,-0.285842968927812,1,0.955946779738605,0.975277852907367,0.986233363658323,0.989828666406973,0.109172847812372,0.00694809491728857,0.0798348219183986,0.114934442288534,0.114934442288534,1.35978063510912,-0.068298092265597,-0.14881462699705,-0.0750548253727415,0.0653268929178191,-0.204450345256323,0.365941064182149,-0.173488303170623,0,3379.0000000001,0.0366613841977855,0.00120581497109288,0.694428710815284,0.192635781131685,18332.8731743696,5.82076609134674e-11,368,1,"SNETWORK (1 318 18332.8731743696 0.694428710815284 87000183 368)",87
137,87000184,0.336690076986053,120,-0.169336007143403,-0.45983907781187,-0.585138056887849,-0.587070912494495,-0.584419668319597,-0.0207350490647412,-0.0499034661415453,-0.498444580040761,-0.395345486624477,-0.0614556155903258,-0.0141968594939703,0.131727555570981,-0.0614556155903258,-0.0614556155903258,-0.521208801924659,0.143892046535887,0.049803269965952,-0.682209378865352,0.110357439343358,0.0244718896476977,-0.0463928842676715,0.415324305327625,0.335969349634022,0.336690076986053,1,-0.673651971274915,-0.571353068666433,-0.562764384353623,0.00573663094984275,0.327528074162507,-0.275127922696877,-0.39532523827199,-0.44740718481711,0.103595618964025,1674.0000000001,0.320652173058003,0.048682448009205,675.0000000001,0.0607594069032847,0.381411579861288,0.0101359824715344,-0.445945272561341,-1.44145171059266,-0.357113596974287,-0.334006249048003,-0.0487603979865652,0.784470300063937,0.0282250197442784,1.35812146181555,-0.726600961162211,0.451064742633307,0.234325337137998,0.322794596454167,18.0000000001,5.810302734475,0.322794596454167,18.0000000001,5.810302734475,0.552652668796907,0.800220962714351,1e-10,1.4427314905402,1.35151017913454,0.617015481612291,3.06250661161529,0.0113072803176476,-0.0439092357849271,0.053137080949655,0.0541107214686984,0.0222626561170459,-1.00419372554439,-0.00275746130935448,-0.64617988011926,-0.885884942467861,-0.885884942467861,-0.139321353830258,0.530555284617061,-0.146404017896542,-0.0507424365923795,0.0471152858666751,-0.191912021173487,0.55955188647308,0.0245506314000257,29368808642.3449,1674.0000000001,0.00852130597222729,0.00161467639930707,0.492702424824894,0.0571233594220245,5064.83231269794,0.001953125,162,1,"SNETWORK (1 137 5064.83231269794 0.492702424824894 87000184 162)",87
318,87000185,0.219845293644704,127,0.847990630531859,0.546799996361712,0.449959143780463,0.448153051499128,0.45024912066774,0.933565180910831,0.964333422281983,0.610215893354743,0.667499501972582,-0.000219951118679722,0.39174451409152,-0.0862595506653886,-0.000219951118679722,-0.000219951118679722,0.108166351546803,-0.90421521639745,-0.751428701285889,0.00393915398602189,-0.982318627964101,-0.603050539930755,0.694143931109334,-0.735182512335809,-0.673195464551723,0.219845293644704,8,0.74497066617884,0.558165375234463,0.565166222452596,-0.561268909660515,0.213063241081349,-0.500450890948321,0.667488611089505,1.78649435917765,0.140917982118512,2300.0000000001,0.627485324400123,0.115341613612895,6897.0000000001,1.54012357962631,2.16760890392643,0.0237604022143843,0.67290219587574,0.140654459952491,-0.349726908257277,-0.519355711943984,-0.112611543554911,1.12290057633562,-0.693934337018431,0.78874629021434,-0.465394283108213,0.519130639007889,1.0807080618815,0.320570018293493,73.0000000001,23.401611328225,0.320570018293493,73.0000000001,23.401611328225,0.725885558683106,0.159035931576692,1e-10,0.657966307305755,0.316524060254152,2.06294248038487,0.121323541197175,1,0.867841683603147,0.975277852907367,0.986233363658323,0.989828666406973,-0.744071346124988,0.470027134627263,0.63919317783356,-0.683419470468657,-0.683419470468657,0.0704561871592666,0.383329947927339,0.221250925294417,0.249897563671071,0.744184647057436,-0.0535788362566339,1.93328454581555,1.68314469563468,9534159051.75363,6897.0000000001,0.00687822586441986,0.0168821762499644,0.401365900819705,4.70222660992295,17985.5654538438,5.82076609134674e-11,358,1,"SNETWORK (1 318 17985.5654538438 0.401365900819705 87000185 358)",87
56,87000186,-1.15265045688671,12,0,0,-0.0539298651555209,-0.0526282971591558,-0.0497659234028937,-0.323054861639505,-0.0525968796567149,-0.462501810780812,0.00814648143219229,1.01130422226162,-0.675136966390222,0.910631499615728,1.01130422226162,1.01130422226162,0.094543028001949,0.149056923993627,0.31952150253505,0.120526134909335,0.0109913936019486,0.396949460069245,-0.3182243350896,0.145121969788322,0.0313608172450206,-1.15265045688671,2,1.11927088202182,0.225002528356857,0.226309114710491,-1.20741209016166,-1.14468255142241,0.318643718709297,0.0081462585201456,1.66344591282589,0.341060900164969,14662.0000000001,8.00101586689738,0.181983106701076,5172.0000000001,1.50594660384395,9.50696247064133,0.135141315752301,0.23704983532983,-0.440404484615646,1.01259936009582,0.240368234505826,0.392478915601039,0.23527988660259,-0.0619536601583262,0.2178024750847,-0.0485542095744956,-0.671854434498222,-0.734437019255885,0.869608216466525,59.0000000001,51.306884765725,0.869608216466525,59.0000000001,51.306884765725,1.94723513393555,0.977652101642399,1e-10,-0.775129345398607,-1.1378050493979,-0.90466303604738,-0.637737978079891,-0.0232557920329049,-0.14537465218179,-0.0456386537822682,-0.0156235779160857,0,-0.856444300501567,-0.443021321437527,-0.536988193260239,-0.772991278358678,-0.772991278358678,1.57903302394609,-0.268986298634451,0.0269745890721405,-0.15841001536302,-0.615744499925315,0.379534314728643,-0.124018743980514,-0.0963243137931496,0,14662.0000000001,0.113734309370043,0.0214070062822583,0.315547453817753,4.52834920424198,5807.643472229,0.00048828125,15,1,"SNETWORK (1 56 5807.643472229 0.315547453817753 87000186 15)",87
319,87000187,-0.104810435152926,43,0.849676501735058,0.527879359151426,0.449959143780463,0.448153051499128,0.45024912066774,0.863982057764323,0.880146321319288,0.543999831680901,0.775635284430268,-0.0131326838358793,0.367831631038609,-0.0445761547438192,-0.0131326838358793,-0.0131326838358793,0.29959841602158,-0.746233867089457,-0.553655349740809,0.401731977422351,-0.882744388816296,-0.604424467785202,0.699593179675348,-0.759818089809216,-0.694672009762475,-0.104810435152926,8,0.516890936826147,0.879055725253662,0.895003045249462,0.148837328265244,-0.114837238527103,-0.534981574682881,0.775629848348054,0.74018707876284,0.215652301847312,6231.0000000001,2.60148406936627,0.122268285606811,2691.0000000001,0.636996200373116,3.23848026963938,0.0276567362624301,1.21288293688544,0.475740688458088,1.9524155422558,-0.622496493887882,-0.617185746149494,0.0325104668179643,-0.8079051409371,0.0132023769616919,-0.690317426410876,0.17781434873436,0.398485648450074,0.311029478661047,43.0000000001,13.374267578225,0.311029478661047,43.0000000001,13.374267578225,0.287011807547775,0.144810983221073,1e-10,0.389244548363911,-0.18421494081843,1.9326425160474,-0.368955380813012,0.872093088372884,1.01321566359122,1.32904696563017,1.34213135648708,1.36723184200025,-0.508590998064278,-0.560162642770867,-0.398144443575159,-0.484750597236328,-0.484750597236328,-1.16888300483373,-1.10922220622901,1.40511831286798,1.55951924701894,1.19929298053661,1.30541331507394,-1.13818233754152,-1.13912358972234,0,6231.0000000001,0.0222167660588204,0.00543997010360968,0.914397540320795,0.882914955727756,17462.3402591034,1.16415321826935e-10,446,1,"SNETWORK (1 319 17462.3402591034 0.914397540320795 87000187 446)",87
318,87000188,0.467669161890986,184,0.826606769083661,0.576140491778701,0.449959143780463,0.448153051499128,0.45024912066774,0.944013713820088,0.96169711976615,0.575884020365096,0.639119979809788,-0.0332210139344972,0.3566139530674,-0.103474454318911,-0.0332210139344972,-0.0332210139344972,-0.29426046103664,-0.903728029166653,-0.754035486908703,-0.0271292182537637,-0.977814504048958,-0.603050539930755,0.694143931109334,-0.735182512335809,-0.673195464551723,0.467669161890986,8,-0.846376127674428,-0.423730485141189,-0.419242596471296,0.524967942496086,0.462007081179262,0.207021639964443,0.639127672303935,-0.705636116497285,0.175021600110449,1271.0000000001,0.430671885779944,0.28448532216444,449.0000000001,0.247295108884564,0.677966994564508,0.0160341589788769,-0.348811181722171,0.0381613978747641,-0.457323657781769,0.103071646227171,0.502618042122667,0.964176375382838,0.304837018517499,1.47966949928287,0.987987501872081,1.45465907093319,2.96231632061811,0.358720703225,25.0000000001,8.968017578225,0.358720703225,25.0000000001,8.968017578225,0.0941603890512208,0.215918617859607,1e-10,-0.21792806705673,-0.340188881177059,-0.357952172419532,-0.173318886620014,1,0.955946779738605,0.975277852907368,0.986233363658323,0.989828666406973,0.557216333168749,-0.932987800676459,-0.172480003991176,0.631823403494761,0.631823403494761,-0.139139269985073,-0.0377015836360958,0,-0.184188626083472,-0.608342490957084,0.339496264861451,-0.633515215984019,-0.432544396382971,0,1271.0000000001,0.0101855422108152,0.00584861666806175,0.703475846380156,0.733441393822432,18343.594903375,5.82076609134674e-11,345,1,"SNETWORK (1 318 18343.594903375 0.703475846380156 87000188 345)",87
318,87000189,0.304056360986391,148,0.847990630531859,0.546799996361712,0.449959143780463,0.448153051499128,0.45024912066774,0.941540889923609,0.96669194509555,0.639143749351825,0.66098248092153,-0.0065889447740641,0.389297529211211,-0.0929480909718243,-0.0065889447740641,-0.0065889447740641,0.0748368424163519,-0.925970564396842,-0.774221353088439,-0.0234611653817075,-0.999588358877979,-0.603050539930755,0.694143931109334,-0.735182512335809,-0.673195464551723,0.304056360986391,8,0.496510637735046,0.608368470003446,0.616564838156397,-0.182823076796395,0.293672113732307,-0.591079230099381,0.660211227737843,2.01632738050699,0.105194294216148,2338.0000000001,0.47615243785636,0.090716685208395,853.0000000001,0.149811628601864,0.625964066358224,0.00659847316674938,0.748827569892411,-3.22471800336953,-3.34757859090881,-0.621471454288743,-0.540573683256915,0.312633457720963,-0.766998197643091,0.209645302003027,-0.65419338697366,0.297342356873286,0.615921804464569,0.150497704321491,57.0000000001,8.578369140725,0.150497704321491,57.0000000001,8.578369140725,0.673804562797013,0.543326228575244,1e-10,1.07936695884162,0.654300242117668,0.330689187577666,0.639180512324051,1,0.867841683603147,0.975277852907368,0.986233363658323,0.989828666406973,-0.90465690045814,0.492090040400967,0.318595124544472,-0.810428310968085,-0.810428310968085,-0.0930121044109726,-0.168618078607138,0.181358230036115,0.151225159994171,0.896895374817464,-0.18516136742934,1.66525559608867,1.98934150809407,11449659317.6596,2338.0000000001,0.00501926421269413,0.00157920885405525,0.506190239714042,6.98417539956887,18109.7924146021,5.82076609134674e-11,350,1,"SNETWORK (1 318 18109.7924146021 0.506190239714042 87000189 350)",87
56,87000190,-0.982242177490115,35,0,0,-0.0539298651555209,-0.0526282971591558,-0.0497659234028937,-0.316198287662392,-0.0482843295521921,-0.460900607546981,0.00602112686456706,1.00811978079148,-0.666454797064454,0.90938590239528,1.00811978079148,1.00811978079148,0.039464596971099,0.155514343828607,0.326908003051296,0.140904224898223,0.0145311556875704,0.396949460069245,-0.3182243350896,0.145121969788322,0.0313608172450206,-0.982242177490115,2,0.3026165178319,0.211499745490253,0.212665549177505,-0.400598939270654,-0.979505214399609,-0.335164056585043,0.00687322102116708,0.660576935108073,0.380402494697931,8144.0000000001,4.9567966657047,0.06710359756668,9607.0000000001,1.03146281747896,5.98825948308367,0.0860259832373422,0.221635730014485,0.281044886651361,-0.120590460911574,-0.0553391162150878,0.0462295255104089,0.168476640803827,-0.449238752312322,0.158686866744243,-0.613739023469408,0.182259605221777,0.201403965019962,0.5881005860375,50.0000000001,29.405029296975,0.5881005860375,50.0000000001,29.405029296975,0.988641342195421,0.557924113620963,1e-10,-0.107821049113952,-0.291658464927659,-0.462403867764103,-0.263390724825373,-0.0232557920329049,-0.14537465218179,-0.0456386537822686,-0.0156235779160857,0,0.0722751206802656,0.470235277577127,-0.791626751514797,0.0756317074083205,0.0756317074083205,-1.21824852593793,-1.42253585081651,1.0802364730857,1.19462760860425,0.511006097926548,1.22008983758568,0.315452146562795,-0.124266419885927,0,9607.0000000001,0.0712082212840388,0.0148177618533035,0.479079330685683,0.393488169621449,5938.45403848782,0.00048828125,34,1,"SNETWORK (1 56 5938.45403848782 0.479079330685683 87000190 34)",87
140,87000191,-0.423276441239854,113,0,0,0,0,0,-0.135786410673427,-0.0140281892880664,-0.488229755992074,-0.0307662795891462,0.978685787027911,-0.707001197693252,0.952448937443074,0.978685787027911,0.978685787027911,-1.24418885865873,0.282410393624194,0.463430069739777,0.467521854292865,0.0935857465554307,0.45221133369877,-0.305856068890666,-0.190739766812213,-0.0312046492625428,-0.423276441239854,2,-0.0577181253143442,-0.341140273920283,-0.338332560726578,-0.566821045470257,-0.423836246833132,0.0898439553178851,-0.0307642524243997,0.186346363955088,0.20614380581651,2245.0000000001,0.740468550233081,0.188498604953908,6275.0000000001,1.89252599283164,2.63299454296473,0.0583471557741801,-0.289450087510955,-0.366835085546113,-0.46495916909413,-0.232438265198611,0.281704481974798,0.450416223455218,0.165995047393446,0.469841627388464,0.169565196462535,0,0,1.79591587621607,28.0000000001,50.28564453135,1.79591587621607,28.0000000001,50.28564453135,1.90253779996109,2.35877718774747,1e-10,-0.229410266599172,-0.319956382331756,-0.349639781223138,-0.269167273065321,0,0,-0.0247221470926318,-0.0137666363416772,-0.010171333593027,0.72869177025301,0.831000934196894,-0.412474048051883,0.850465308352716,0.850465308352716,1.18554727711193,-0.943237768377133,-0.0329014784328387,0.146377753154285,0.0831250345331749,-0.057728538487281,0.776655114110992,-0.434874038841303,0,6275.0000000001,0.0164087821159867,0.0419383735581934,0.041759653746829,2.72652275396303,6397.01305327569,0.000244140625,281,1,"SNETWORK (1 140 6397.01305327569 0.041759653746829 87000191 281)",87
56,87000192,-0.903435185967025,46,0,0,-0.0539298651555209,-0.0526282971591558,-0.0497659234028937,-0.310638230306659,-0.0468588404075756,-0.467158380398931,0.00393876510860936,1.00639127831327,-0.670776499525082,0.915885409838764,1.00639127831327,1.00639127831327,0.0120735412728014,0.159737629468762,0.331255097906667,0.154444830232114,0.0168165013599703,0.396949460069245,-0.3182243350896,0.145121969788322,0.0313608172450206,-0.903435185967025,2,-0.355478662376059,0.241251315128563,0.242737300502571,0.682109491380358,-0.908764280377963,-0.202344253962082,0.00394037760543583,-0.118990491925093,0.229500904593353,9326.0000000001,3.42452069658514,0.273997084014748,8281.0000000001,3.63035176313379,7.05487245961892,0.0990197440051823,0.255812493866693,-0.0236873169065527,-0.328167599043484,0.624323381525768,-0.29362682473201,-2.82000033161241,-0.373973510403322,-2.53765933138552,-0.493864981811903,-1.95897036538593,-2.12625027431676,0.100504557391667,63.0000000001,6.331787109475,0.100504557391667,63.0000000001,6.331787109475,0.575476839337057,0.468786426781112,1e-10,0.721309147336431,0.723451723115684,1.92621146700572,0.673977643924847,-0.0232557920329049,-0.14537465218179,-0.0351803085670272,-0.0146952031345466,-0.00508577034261541,-0.970262214371395,0.188959117205274,-0.51237299849208,-0.860436360993595,-0.860436360993595,0.0444753705626646,0.00456706451959439,-0.202403883012488,-0.181738810618271,-0.166847705179409,-0.157956874301,0.293720069557905,0.0548696940600941,22316517424.082,9326.0000000001,0.0480653852085482,0.0509543586966341,0.564320475094224,2.2157339034602,6006.6391690091,0.00048828125,60,1,"SNETWORK (1 56 6006.6391690091 0.564320475094224 87000192 60)",87
137,87000193,-0.765106264249028,35,-0.169336007143403,-0.45983907781187,-0.612877153222713,-0.614349237474709,-0.609405455638136,-0.00967531268455841,0.00647637251916232,0.0200877792891923,-0.359451247628421,0.121240966205845,-0.0659372516327362,-0.0113794662967122,0.121240966205845,0.121240966205845,0.558671348619713,-0.0249532703770829,-0.106040978891554,-0.951982231500502,-0.0162535873622021,0.0677281446396492,-0.117429098893948,0.617705950750841,0.326804535448277,-0.765106264249028,1,-0.580787640158665,-0.219618270919003,-0.218539878806784,0.360585616450425,-0.747252812021037,1.0600061458916,-0.359448980536212,0.0440133245550485,0.799110672190307,2611.0000000001,3.85790160668828,0.614973247600596,2342.0000000001,2.66305697954166,6.52095858612994,0.13132878254073,-0.194943490328997,0.349829953080226,-0.10673193536667,0.635620441758289,1.55926393385617,2.25025754773998,0.619933117321586,2.92009885024433,0.0070877526976123,2.79135065214376,1.52154174228705,2.11946105967031,32.0000000001,67.82275390635,2.11946105967031,32.0000000001,67.82275390635,2.67009670363155,2.84118318391287,1e-10,-0.466081401719785,-0.846304421012384,-0.464401524147402,-0.501969860651192,0,-0.044053220261396,0,-3.57648972802931e-16,-0.0227070388776269,0.248526326206324,0.43114859943776,-0.957622669565459,0.26770217558561,0.26770217558561,0.293908799879511,-0.444317309687658,-0.639573379358712,-0.473782341129622,-0.664758276272356,-0.491402705843667,0.151254231414745,-0.0399875720788654,0,2611.0000000001,0.0776961721325446,0.0536326103081858,0.216709619116493,4.1939162311145,4585.44341857362,0.001953125,195,1,"SNETWORK (1 137 4585.44341857362 0.216709619116493 87000193 195)",87
56,87000194,-0.468429110052976,104,0,0,0,0,0,-0.186216558457235,-0.0142695094655463,-0.334136585622628,-0.0126521937328295,0.958931105254619,-0.645703547657169,0.908158028228413,0.958931105254619,0.958931105254619,-0.326462410904317,0.23402027118288,0.413261483180931,0.366239166118579,0.0604160385122146,0.442037567785408,-0.329724348592432,0,0,-0.468429110052976,2,0.75127735611884,0.713445564324986,0.724398901601177,-0.397297396170569,-0.414003317866072,2.06084564502615,-0.0125831831057192,1.33584979132963,0.600270682909012,8671.0000000001,8.32791534511208,0.545414794499121,3881.0000000001,3.38680770739793,11.71472305241,0.113791761797253,0.917574092090502,0.169267518051409,0.303079462107178,0.835775602510668,1.92253010562291,0.039461258990623,0.273963722119547,0.00527983195891011,0.314187261731706,0,0,1.54094406664095,58.0000000001,89.374755859475,1.54094406664095,58.0000000001,89.374755859475,3.61337821242035,1.9786141190873,1e-10,-0.711546753589674,-0.936929303589985,0.997419368876098,-0.552916964523274,0,0,-0.0247221470926315,-0.0137666363416772,-0.0101713335930262,0.649162432335907,0.704115738444044,0.184177154481126,0.747542258908294,0.747542258908294,-2.02633041303743,-1.82462072721573,0.616570337481567,0.640762037334446,-0.073032359087868,0.894996326250892,-0.336224651664413,-0.106501470928686,2.14495800000131,8671.0000000001,0.0808937739409594,0.0328979877562936,0.996249572121431,8.22928463548655,6352.14299889189,0.00048828125,92,1,"SNETWORK (1 56 6352.14299889189 0.996249572121431 87000194 92)",87
318,87000195,0.478495669763976,187,0.826606769083661,0.576140491778701,0.449959143780463,0.448153051499128,0.45024912066774,0.946140860499112,0.962517635282738,0.591190191531565,0.638585687463263,-0.0345243123032571,0.358844110773648,-0.103481528067165,-0.0345243123032571,-0.0345243123032571,-0.305000426930809,-0.904892556325225,-0.755126338501362,-0.0234379135950387,-0.979410082166443,-0.603050539930755,0.694143931109334,-0.735182512335809,-0.673195464551723,0.478495669763976,8,-0.153033949264888,0.124433432020117,0.124877263827487,0.146495513195873,0.473459678746516,0.0617069760812774,0.638887931676711,-0.567937947688913,0.271750376454316,4188.0000000001,2.2033634899296,0.226193397737467,5615.0000000001,2.45888946555389,4.66225295538349,0.0716953229151824,0.126004625355444,2.37189253862592,7.71456875209042,-0.0566075514196893,0.148601096206447,0.341005043172718,-0.14683867875595,0.341307522889794,0.453366524509011,1.06653918876426,2.17225709686401,0.316650390725,47.0000000001,14.882568359475,0.316650390725,47.0000000001,14.882568359475,0.353026660355383,0.153191765325817,1e-10,-0.43768294317577,-1.08534356017872,-0.555962927604458,-0.618827956954778,1,0.955946779738606,0.975277852907368,0.986233363658323,0.989828666406973,-0.00324305403469081,0.422742241483559,1.07971414111004,-0.00335214070515517,-0.00335214070515517,1.54050840148947,0.0983707986826862,-0.49763389277399,-0.243116665744799,0.660007048135362,-0.976913731162857,0.808045892006942,0.424134418563527,0,5615.0000000001,0.0338829441897827,0.0378123786253998,0.721098256638055,0.349205032937388,18364.4791607017,5.82076609134674e-11,338,1,"SNETWORK (1 318 18364.4791607017 0.721098256638055 87000195 338)",87
319,87000196,-0.177438717706792,26,0.849676501735058,0.527879359151426,0.423921895297046,0.422083328008158,0.425620192291929,0.863039492813202,0.877619357125081,0.538949837572436,0.777921123615492,-0.0131315902802797,0.366769348701897,-0.0444994951696996,-0.0131315902802797,-0.0131315902802797,0.276119632364893,-0.737659276797902,-0.543628067869545,0.419190816564945,-0.87680588046924,-0.604424467785202,0.699593179675348,-0.759818089809216,-0.694672009762475,-0.177438717706792,8,0.581609076300324,0.294420508267465,0.29656832727251,-0.647292955529483,-0.183404364257553,-0.407844167870168,0.778029880116559,1.35587707732566,0.688045272825378,8996.0000000001,11.9832821128444,0.153303452393472,2525.0000000001,0.749415444458334,12.7326975572027,0.171442211376473,0.318875526925921,-0.0135287503925485,0.996902026299577,-0.567057304512053,-0.253050103161447,0.845584406726351,-0.535539936711214,0.73290700789886,-0.0584777650695779,0.890425983011799,1.99786012434032,0.549094063995089,56.0000000001,30.749267578225,0.549094063995089,56.0000000001,30.749267578225,1.04747555708029,0.499765373868072,1e-10,0.689519609910532,0.297151086118106,0.00044275472271848,-0.11974637042356,0.872093088372841,1.01321566359127,1.32904696563017,1.34213135648708,1.36723184200025,-1.07068943655315,-0.291617102726256,-0.559043954302295,-0.934948933435032,-0.934948933435032,-0.0367157818100369,-0.748072746380367,1.12534730408211,1.0111984522316,0.830504843277065,1.11762028148656,-0.52244015573681,0.27734343259755,0,8996.0000000001,0.161351541929359,0.0100906693471143,0.71634060249951,1.55589065330653,17352.2833278866,1.16415321826935e-10,457,1,"SNETWORK (1 319 17352.2833278866 0.71634060249951 87000196 457)",87
137,87000197,0.0222661140215943,90,-0.169336007143403,-0.45983907781187,-0.612877153222713,-0.614349237474709,-0.609405455638136,-0.00129070005711158,-0.0224358650577154,-0.243022930580781,-0.381398257511189,0,0.00999401155813918,0.0446988032021496,0,0,0.235864637118472,0.08168636405925,-0.00280619245930227,-0.75332935293012,0.0600383976945067,0.0677281446396492,-0.117429098893948,0.617705950750841,0.326804535448277,0.0222661140215943,1,0.0614887200682476,0.786732535974683,0.799802045103417,0.801252317453123,0.0604747986711072,2.01479034353557,-0.381388940031368,0.0607974822866099,0.38807448451851,2395.0000000001,1.71853329839208,0.196620866719226,1909.0000000001,0.694021426993317,2.41255472528539,0.0221361560944385,1.04362136406424,-0.581644401368564,1.13362383337128,1.81535373257894,2.04007920840889,0.0722718303607362,0.209647899599295,0.0388127458720386,-0.476288948062675,0.595507838495003,0.305015469653516,0.790902710060937,80.0000000001,63.272216796975,0.790902710060937,80.0000000001,63.272216796975,2.4709301705333,0.860302160543184,1e-10,-0.176415994272553,-0.0666734333653115,-0.293720167078665,-0.124211815317149,0,-0.044053220261396,-0.0043099823619708,-0.00240003263446259,-0.0205216029416195,-0.456915081181069,-0.0615879401924506,-0.352219925531539,-0.439077954483711,-0.439077954483711,0.425399789318882,0.203076302771375,-0.780258691296632,-0.72201828577504,-0.167392368856805,-0.934418240551791,0.773801985636776,0.65209140267304,0,2395.0000000001,0.0157682314003082,0.00636792459413027,0.390505738296585,3.35344884130684,4887.32059672322,0.001953125,172,1,"SNETWORK (1 137 4887.32059672322 0.390505738296585 87000197 172)",87
56,87000198,-1.11388942937805,17,0,0,-0.0539298651555209,-0.0526282971591558,-0.0497659234028937,-0.323078935951297,-0.0525335963041864,-0.465126923447795,0.00807641299485629,1.01128468740443,-0.675088591070609,0.910735897027201,1.01128468740443,1.01128468740443,0.0927191727686428,0.149326854716392,0.31983499088793,0.121330856694956,0.0111481912044288,0.396949460069245,-0.3182243350896,0.145121969788322,0.0313608172450206,-1.11388942937805,2,1.03800336539003,-0.0256020004782838,-0.0256027804986886,-1.31314804202418,-1.10842480034322,0.53989878227314,0.00808784122836468,1.723969667759,0.420087925974236,6257.0000000001,4.20558424360861,0.0610686135729556,7040.0000000001,0.687876862258791,4.8934611057674,0.0846316851374688,-0.0244603518713438,-0.55318745610125,-0.974134641705444,0.273689597994749,0.857284588055593,1.48948467513147,0.218306578819636,1.66081137901498,0.281674198243502,1.49975593719701,1.63972913150349,0.326877170238889,36.0000000001,11.7675781251,0.326877170238889,36.0000000001,11.7675781251,0.21669070908114,0.168439897615381,1e-10,-1.14012374768465,-1.38099523051945,-0.889044694172533,-0.659795929488926,-0.0232557920329049,-0.14537465218179,-0.0456386537822686,-0.0156235779160857,0,-0.290464961000025,-0.705837671234348,0.381637099941755,-0.286632146767229,-0.286632146767229,-0.318176700707235,0.649483309589193,0.00406852227239663,-0.162355678667277,-0.671451095836554,0.377182869327603,-0.329266137915575,-0.0963243137931495,0,7040.0000000001,0.0727349565899163,0.0118967284475525,0.347563773182889,0.369645507074893,5833.25360369626,0.00048828125,26,1,"SNETWORK (1 56 5833.25360369626 0.347563773182889 87000198 26)",87
319,87000199,-0.179240999313478,25,0.849676501735058,0.527879359151426,0.423921895297046,0.422083328008158,0.425620192291929,0.863142867570726,0.87751826000854,0.538461633421243,0.778057978596144,-0.0131560224981149,0.36696406072354,-0.044198028289614,-0.0131560224981149,-0.0131560224981149,0.27479551960889,-0.737228178373018,-0.542966086854983,0.421138242413512,-0.876644819667241,-0.604424467785202,0.699593179675348,-0.759818089809216,-0.694672009762475,-0.179240999313478,8,0.588292430272173,0.133029193581464,0.133529687029807,-0.811421196516842,-0.187444550673358,-0.256609099050188,0.778053017302349,0.133560803040582,0.506812059352914,10981.0000000001,10.7745254969001,0.113246002077925,2087.0000000001,0.457566951615724,11.2320924484158,0.171567645296488,0.135163126532812,0.953639692746546,0.0054202057264069,-0.412183433787951,-0.496560243811404,-0.251667437616864,-0.357483361460991,-0.242166985364976,0.245780450166774,-0.0952702972928056,-0.213617810907296,0.295604359119886,44.0000000001,13.006591796975,0.295604359119886,44.0000000001,13.006591796975,0.270919485060197,0.121812123900158,1e-10,0.128527744061097,-0.327472719852168,2.07906467465562,-0.537815233802745,0.99999999999997,0.867841683603182,1.11446852592804,1.12323690396323,1.18436031392693,-1.28494521945677,0.323767503480282,0.70059457484399,-1.08600563135534,-1.08600563135534,1.43487877887298,-1.06038387510129,0.796934031533098,1.07885582532344,1.70870273331544,0.227847944551807,0.136766180078114,0.72644144288595,0,10981.0000000001,0.164578414583178,0.00698923061330922,0.705762039056859,1.54048564011988,17346.4049969279,1.16415321826935e-10,445,1,"SNETWORK (1 319 17346.4049969279 0.705762039056859 87000199 445)",87
140,87000200,-0.284499627368413,141,0.016376969797183,0.0406255841243769,0,0,0,-0.0950076947987097,-9.63295656835894e-05,-0.567757676257936,-0.0498582057688477,0.961728200835827,-0.738037189745052,0.985643061722977,0.961728200835827,0.961728200835827,-3.26826425312931,0.333998134361015,0.52080167303686,0.609914490581721,0.124475200824315,0.45221133369877,-0.305856068890666,-0.190739766812213,-0.0312046492625428,-0.284499627368413,2,0.416859907750843,0.624552056619746,0.633150939153644,-0.0470038605607343,-0.294845309309897,-0.729594651261844,-0.0496158078504307,0.479973312206161,0.325670699616301,4384.0000000001,2.28438455478522,0.0778283749407479,17724.0000000001,2.20708818518201,4.49147273986722,0.0467531603131219,0.773935657919112,-0.361245749605236,-0.619473604691979,-0.536116230083034,-0.83374694339228,-0.840919727115369,-0.862378649612816,-0.563917939123048,-1.6488241895572,-0.471636481487114,-0.474540745658875,0.0267909259261494,87.0000000001,2.330810546975,0.0267909259261494,87.0000000001,2.330810546975,0.196334882826933,0.278988811235738,1e-10,0.0930022627126044,0.652185149858555,0.51344210025829,0.847690823238265,4.13106246302021e-16,2.50411654659288e-15,-0.0247221470926301,-0.0137666363416772,-0.0101713335930243,-0.440974092028067,0.362892485963575,-0.648798844252998,-0.424833126202344,-0.424833126202344,-0.341326460400382,-0.0771804881294161,-0.0610393060895013,-0.101626245881722,-0.304410299541993,0.102288935444437,0.474861432316352,-0.0955521067695004,0,17724.0000000001,0.0237788812849645,0.0229742789281574,0.205280656642674,7.00265351719528,6560.96636001868,0.000244140625,292,1,"SNETWORK (1 140 6560.96636001868 0.205280656642674 87000200 292)",87
137,87000201,0.435795995550447,133,-0.166057912338905,-0.453200003638288,-0.550040856219537,-0.551846948500872,-0.54975087933226,-0.027453282558063,-0.0560950791074206,-0.6300650899948,-0.401572224149423,-0.089607605249049,-0.0102731188338966,0.130940392556648,-0.089607605249049,-0.089607605249049,-0.893884426675021,0.15119554493233,0.0486152457220539,-0.685537296715947,0.117779712941635,0,0,0.264817487664191,0.333376028400019,0.435795995550447,1,-0.355388519428232,-1.31296494835756,-1.25760908159686,-1.14533089007756,0.426173397636377,-0.194827070592897,-0.401378483992513,0.744726536104718,0.116646321825377,1197.0000000001,0.25816807921165,0.0768023446005772,439.0000000001,0.0623413701644797,0.320509449276129,0.015397408296258,-0.796924892293667,1.35132163007616,2.1083417898003,-0.371897830669583,-0.358322107976874,-0.00105193617743119,0.658442089373216,0.046071411460426,-0.0764560272309554,0.467160826068547,0.225654166703956,0.533555772669444,9.0000000001,4.802001953225,0.533555772669444,9.0000000001,4.802001953225,0.0881765241156008,0.476597775371845,1e-10,-0.281589972285532,-0.0184289678566332,0.0382027548422868,-0.119614939525759,0,0,-0.0247221470926322,-0.0137666363416772,-0.0101713335930273,-0.414742246714079,-0.0108982588472543,-0.338581048266752,-0.401230948728611,-0.401230948728611,0.125223511544598,0.0861438941377574,0.687717047865192,0.668921693479277,0.373137209837426,0.762857346854909,0.589525328073567,0.345738579185344,0,1197.0000000001,0.0124025026642552,0.00299490553200285,0.539880090252896,1.35254924568086,5146.778103998,0.001953125,227,1,"SNETWORK (1 137 5146.778103998 0.539880090252896 87000201 227)",87
140,87000202,-0.433860646800325,110,0,0,0,0,0,-0.135812228917411,-0.0142032260568208,-0.486703695155198,-0.0306674945791316,0.978884730554015,-0.706444462971728,0.952142423417233,0.978884730554015,0.978884730554015,-1.24451923561525,0.282232053885393,0.463277671125091,0.466946575099142,0.093489744988626,0.45221133369877,-0.305856068890666,-0.190739766812213,-0.0312046492625428,-0.433860646800325,2,0.110166827095968,-0.216640492855475,-0.21559386281129,-0.633492934798868,-0.436105631985683,0.520587336332682,-0.0305635660540399,-0.473943234699596,0.205992550451167,4524.0000000001,1.49105647656063,0.172558061761048,6991.0000000001,1.93016545461419,3.42122193107482,0.0687405970121587,-0.192514811041562,-0.308322907242315,0.474737954670703,0.387829667272525,0.478303487821455,0.0358721554506905,0.345043892489119,0.0574181673481482,0.364647002140213,-0.162523559037009,-0.167326319106341,1.25714789506528,36.0000000001,45.25732421885,1.25714789506528,36.0000000001,45.25732421885,1.68245979600746,1.55547391531341,1e-10,-0.274410973243215,-0.206414119626546,-0.464401524147402,-0.24750361434969,0,0,-0.0247221470926318,-0.0137666363416772,-0.0101713335930273,0.354977525155482,0.623846140056737,-0.655175161224137,0.38915858097793,0.38915858097793,1.0903605294011,-1.04989626523835,-0.015322875991164,0.0840420637484754,-0.32940954263623,0.176502231998739,0.452659696088865,-0.307245007324196,0,6991.0000000001,0.0299589194415223,0.0387816774706364,0.0253178411444923,1.81926849785144,6380.52777311435,0.000244140625,279,1,"SNETWORK (1 140 6380.52777311435 0.0253178411444923 87000202 279)",87
56,87000203,-0.99859758358512,32,0,0,-0.0539298651555209,-0.0526282971591558,-0.0497659234028937,-0.321043928332745,-0.0514747748723103,-0.469253359189732,0.00712778152825333,1.01091339224031,-0.673481830806864,0.910689734456541,1.01091339224031,1.01091339224031,0.0792279343047626,0.151251571833245,0.321998844610217,0.127613129585585,0.0121744233125322,0.396949460069245,-0.3182243350896,0.145121969788322,0.0313608172450206,-0.99859758358512,2,0.475098899082128,0.530619377931149,0.536999152553249,-0.249817605496756,-1.00125057075246,-0.24762901223329,0.00718926513344249,1.66078974553825,0.732548718068444,5364.0000000001,6.28702611718707,0.0849039641268507,17978.0000000001,2.4422455445375,8.72927166162457,0.0977619909612793,0.632473624876208,-0.261606255273374,-0.107469700864352,-0.216382402592432,-0.22409831195573,-0.09430211095072,-0.53109957614403,-0.0687763503341983,-0.75941365861723,-0.244176096491369,-0.266284723448375,0.567006779913218,87.0000000001,49.32958984385,0.567006779913218,87.0000000001,49.32958984385,1.86069348730415,0.526473240368378,1e-10,0.0465465254731392,0.0138896535571191,-0.133813883380676,0.00906232068497937,-0.0232557920329048,-0.14537465218179,-0.0456386537822686,-0.0156235779160857,0,0.0911632875408459,-0.813521182173259,0.258177040006093,0.0956920463918484,0.0956920463918484,-0.784595061188466,0.763383473673154,-0.758334585604327,-0.971935882066722,-1.22859745977974,-0.363195116468692,-1.07841606334492,-0.769349110953004,0,17978.0000000001,0.0704104779454126,0.0273515129158667,0.455870049917913,1.94610443290892,5919.88873355865,0.00048828125,24,1,"SNETWORK (1 56 5919.88873355865 0.455870049917913 87000203 24)",87
318,87000204,0.665865411785437,236,0.826606769083661,0.576140491778701,0.449959143780463,0.448153051499128,0.45024912066774,0.9487634369207,0.965222613000755,0.653562197790817,0.622051505388378,-0.0551810972382134,0.344730182044721,-0.116425938186979,-0.0551810972382134,-0.0551810972382134,-0.797776841540616,-0.884432116501713,-0.738246359033762,0.0078302239642942,-0.963884689180975,-0.603050539930755,0.694143931109334,-0.735182512335809,-0.673195464551723,0.665865411785437,8,1.07494202879503,1.72226986112295,1.77316788666553,0.479764459668889,0.678214631643896,-0.55360189616409,0.621973336116359,1.1431991800941,0.22298983965806,8573.0000000001,3.70106932832648,0.235831279927783,4433.0000000001,2.02399045823865,5.72505978646513,0.0254288765988866,3.46827791445388,0.757775120992737,0.2537687430579,-0.517611455693555,-0.445567156017748,0.188899259560315,-0.984413883549696,0.0436402316316834,-1.47032685985869,-0.00423176083381944,-0.00843709964070918,0.140322503910976,205.0000000001,28.76611328135,0.140322503910976,205.0000000001,28.76611328135,1.55737564790681,0.528155000749157,1e-10,0.543857781045018,0.409662102381881,-0.097068702959113,0.431724854223901,1,0.955946779738605,0.975277852907369,0.986233363658322,0.989828666406974,0.0980364126486734,-0.682348231220752,0.874579780679096,0.103022362761851,0.103022362761851,-0.222620329872405,0.463478949128803,0.0173792799392396,-0.105950512585474,0.0131391379433248,0.0455864183102063,-0.721180566043601,-0.395113235716807,0,8573.0000000001,0.0164389610542463,0.00898991544464023,0.959607361809355,0.301526214085983,18647.1354746945,5.82076609134674e-11,370,1,"SNETWORK (1 318 18647.1354746945 0.959607361809355 87000204 370)",87
328,87000205,0.821797662884058,269,0.833942087661095,0.661934694919581,0.679648502105189,0.676245639047415,0.674971766192546,0.845590139198909,1.01802135818714,0.284726881605395,0.0926327714840167,-0.0451393888302877,0.246579012941904,-0.270095766437552,-0.0451393888302877,-0.0451393888302877,-1.091530680617,-0.111760541518209,0.0106688797984812,1.03310261642654,-0.357305947090006,-0.560339494672534,0.667148486569063,-0.788859635579387,-0.682989322922567,0.821797662884058,8,-0.0244358986542536,0.228003244382695,0.22934214286606,0.0874151881831325,0.812238500372644,-0.616992319283188,0.0926327590388452,2.21928686621662,0.334904507573782,5328.0000000001,3.45457424186717,0.152303535938716,3377.0000000001,0.995750121736972,4.45032436350415,0.0631131298094619,0.240497135929034,-0.70538278985996,-1.05163351011379,-0.590084075660992,-0.447853594021215,0.429989884043818,-0.666651669612045,0.394494086653765,-0.927685467136082,0.0311485350243776,0.0381086996323896,0.534986413143478,46.0000000001,24.6093750001,0.534986413143478,46.0000000001,24.6093750001,0.77874659410545,0.478730860883002,1e-10,0.0573377571589989,0.0518705172390469,-0.16100215384193,-0.0388650781693279,1,0.955946779738605,1.27717508738715,1.28529677079185,1.31366454417867,-0.20870904839343,0.598194205286432,-0.243241872215559,-0.208675794893458,-0.208675794893458,0.328717559352572,-0.464809692637145,-0.69350608125726,-0.646713032703518,0.0588223461030725,-0.933291367972433,1.93811389626116,0.904286412633724,0,5328.0000000001,0.0489917081111011,0.0141214215983608,0.229413301855261,5.76469084154814,18866.9092881459,2.91038304567337e-11,481,1,"SNETWORK (1 328 18866.9092881459 0.229413301855261 87000205 481)",87
319,87000206,-0.218940963849232,15,0.849676501735058,0.527879359151426,0.423921895297046,0.422083328008158,0.425620192291929,0.863369725919603,0.87525848573543,0.53478480483181,0.77989419830057,-0.0135123573859959,0.366043752552402,-0.0450786795479101,-0.0135123573859959,-0.0135123573859959,0.253711111430085,-0.728285016028608,-0.533457193986724,0.43701451280474,-0.870147763203701,-0.604424467785202,0.699593179675348,-0.759818089809216,-0.694672009762475,-0.218940963849232,8,0.215100917897838,0.466896644490674,0.471937659496298,0.0449968568342376,-0.223758738163866,-0.441857970587048,0.779892833806415,0.49065321535922,0.277073426850304,4942.0000000001,2.65098297481283,0.141543359044597,4311.0000000001,1.18134525716057,3.83232823187341,0.0451046716592605,0.542173106697854,0.408485257272092,0.321052378710545,-0.428106273277072,-0.409032161876558,0.0281495867683083,-0.624967888455055,0.0210565816493225,-0.235235497913631,0.0616912247586869,0.14012227929022,0.185521619173276,58.0000000001,10.76025390635,0.185521619173276,58.0000000001,10.76025390635,0.17260244707334,0.0423212849867057,1e-10,0.642047228234463,0.451594283788066,0.114331552052028,-0.0934858359165382,0.744186065853319,1.15858997967623,1.22067533481753,1.23157994773987,1.27487360808814,-2.09485391846042,-0.117445822157725,-0.391112115493937,-1.57066002869966,-1.57066002869966,0.185556472735069,-1.21452556163495,1.44969482683693,1.31554850890018,1.1277675413208,1.40184574015574,-0.289378888905887,0.52778168537272,1.74026961563584,4942.0000000001,0.0312008025284103,0.0139038690308502,0.599291437987546,3.31984814624809,17287.241062822,1.16415321826935e-10,444,1,"SNETWORK (1 319 17287.241062822 0.599291437987546 87000206 444)",87
318,87000207,0.370678483187524,165,0.826606769083661,0.576140491778701,0.449959143780463,0.448153051499128,0.45024912066774,0.93073998530996,0.955740859344514,0.454100139760539,0.643496549580722,-0.0233005533781462,0.339936686122308,-0.103320877685022,-0.0233005533781462,-0.0233005533781462,-0.25486871235219,-0.885833006652354,-0.734478868970575,-0.0286530082327882,-0.960482813684633,-0.603050539930755,0.694143931109334,-0.735182512335809,-0.673195464551723,0.370678483187524,8,-0.132905308234558,0.229620946574433,0.230977418857912,0.266067622036833,0.388303381351735,1.37033033755445,0.64350174907279,-0.34887311418628,0.105104402340954,2850.0000000001,0.579929349305733,0.109220116718076,5145.0000000001,1.08792094153404,1.66785029073978,0.0236230600632041,0.242358903393871,1.60069316968428,3.73943301336096,1.33339207764667,0.691556988536485,-1.88558915662941,0.401058048388967,-1.71117809503552,1.09198825713163,-0.395497977517659,-0.807193239405451,1.31727475035615,61.0000000001,80.353759765725,1.31727475035615,61.0000000001,80.353759765725,3.81524817021273,2.28299126449402,1e-10,-0.0139980106705231,0.211903903609986,-0.273308952888479,0.362922382040769,1,0.955946779738605,0.975277852907369,0.986233363658323,0.989828666406973,0.33468680909889,-0.769196096928612,0.0395049740848568,0.3656819671485,0.3656819671485,-0.182057662865266,-0.470795380970793,1.04281569001521,0.994917047027063,0.283551101854024,1.28590715511261,-0.892389750875396,-1.24805537346625,0,5145.0000000001,0.00821399010906058,0.0154090698541435,0.604972913812605,1.77211979031563,18226.859419348,5.82076609134674e-11,375,1,"SNETWORK (1 318 18226.859419348 0.604972913812605 87000207 375)",87
318,87000208,0.556991507524219,207,0.826606769083661,0.576140491778701,0.449959143780463,0.448153051499128,0.45024912066774,0.95095693590162,0.966237381061377,0.661102130386707,0.634480858517221,-0.0408556999559826,0.364469772295903,-0.107198114954739,-0.0408556999559826,-0.0408556999559826,-0.376650446106994,-0.913253119062245,-0.766729358648781,-0.0379820768914922,-0.985526393060275,-0.603050539930755,0.694143931109334,-0.735182512335809,-0.673195464551723,0.556991507524219,8,-0.482517998013199,-0.327503098938584,-0.324932596005133,0.0389609682436262,0.548644663533946,0.156483462526126,0.63503107767104,-0.449924220244688,0.28756074444909,5331.0000000001,2.96788865195055,0.0705950877525015,1907.0000000001,0.260636056844104,3.22852470869465,0.0707799408089668,-0.279279979359649,-0.0393869201679909,-0.331863441914468,0.372105553507967,0.472765540696157,0.0688240253212049,0.202170765872421,0.110503096829627,0.873296698666372,-0.176866964304864,-0.355485974944966,0.102738814020455,33.0000000001,3.390380859475,0.102738814020455,33.0000000001,3.390380859475,0.446738259436432,0.472117704296026,1e-10,0.367247107211317,0.458127036106204,-0.05893713487548,0.633798256777507,1,0.955946779738607,0.975277852907368,0.986233363658322,0.989828666406973,0.143721989789041,-0.753830776402957,-0.0356449402409906,0.15216584560245,0.15216584560245,-0.0319222105293313,-0.357462751920143,0.598056108049139,0.668229363828891,0.562387237931217,0.545723675772306,-0.583847284698247,-0.344538048568104,0,5331.0000000001,0.0650659362307428,0.00571400447822398,0.820800788955815,0.112591719254851,18482.6362862355,5.82076609134674e-11,359,1,"SNETWORK (1 318 18482.6362862355 0.820800788955815 87000208 359)",87
137,87000209,0.346466608171462,121,-0.166057912338905,-0.453200003638288,-0.550040856219537,-0.551846948500872,-0.54975087933226,-0.0219820179888126,-0.0563644298549964,-0.535656932564713,-0.398271787427786,-0.0682327464840843,-0.0202431726832707,0.156754310440084,-0.0682327464840843,-0.0682327464840843,-0.697316636672079,0.153428392949555,0.0545012861864781,-0.679371676918612,0.119118715708407,0.0244718896476977,-0.0463928842676715,0.415324305327625,0.335969349634022,0.346466608171462,1,-0.6414941800128,-0.696024518914113,-0.682790880329959,-0.207965447267373,0.33195326510407,-0.326237107838978,-0.398188506036836,-0.0909384979850805,0.103091868292941,1440.0000000001,0.274488558575241,0.0558492967769737,2360.0000000001,0.243706468234929,0.51819502671017,0.0152000884429272,-0.519797437094321,0.165234228101629,-1.45970258645256,-0.431075320837868,-0.272288619598253,0.43190778146558,0.0606640096840168,0.836955982211235,-0.696453004902918,-0.4061939222616,-0.185109061372667,0.232099609475,25.0000000001,5.802490234475,0.232099609475,25.0000000001,5.802490234475,0.552310733657728,0.664994701350207,1e-10,-0.211427949824032,-0.208786007973713,0.611670296070237,-0.285846174559466,-1.03276561575505e-16,0,-0.0247221470926315,-0.0137666363416772,-0.010171333593027,-0.476258793082706,0.037946633920442,-0.82628838178333,-0.456264490463416,-0.456264490463416,0.308722218385696,0.342480005225701,0.511868190303715,0.409218340124393,0.172279282924722,0.629024389561775,0.754822481894249,0.794148262825701,0,2360.0000000001,0.00805150594601348,0.00714858239691372,0.495332789223092,0.918384574400628,5069.40115454424,0.001953125,245,1,"SNETWORK (1 137 5069.40115454424 0.495332789223092 87000209 245)",87
137,87000210,-1.0422450410629,19,-0.169336007143403,-0.45983907781187,-0.612877153222713,-0.614349237474709,-0.609405455638136,-0.0353028275499622,-0.00313806826584398,0.000512568357735651,-0.357531011437072,0.144807085765603,-0.0931791025109772,0.000567285752780728,0.144807085765603,0.144807085765603,0.586405640043518,-0.034159109052836,-0.115987717358626,-0.985842456884045,-0.0206680264436979,0.0677281446396492,-0.117429098893948,0.617705950750841,0.326804535448277,-1.0422450410629,1,0.533673579434835,-0.497622733086584,-0.491264052449027,-0.688486187858152,-1.03438573797049,1.85703469792448,-0.357404867604428,-0.366943506333241,0.0827234009408695,692.0000000001,0.10584535888129,0.238134825789842,6204.0000000001,2.73169398584518,2.83753934462647,0.0711387795091122,-0.398812059997364,0.391550560827796,0.341010966484877,1.6772897062758,1.94682745707783,0.223375592456214,1.19302582011411,0.377407862133153,0.530188296780118,-1.78474148366537,-0.974411636692581,0.209015877116129,31.0000000001,6.4794921876,0.209015877116129,31.0000000001,6.4794921876,0.581941550562147,0.630576847296845,1e-10,-0.842082070635646,-0.841218649684674,1.78159383335555,-0.487922782744726,0,-0.0440532202613966,0,0,-0.0227070388776261,0.713437204274083,0.401212421392313,-0.996435332786057,0.830516548901242,0.830516548901242,0.90066631650428,-0.305150087588207,-0.44262609916342,-0.417028790062586,-0.376755889432403,-0.373698440118685,-0.665097567737926,0.289131217419791,0,6204.0000000001,0.00265360536562961,0.0684851740434826,0.168298693981438,0.451640960961586,4501.35550256993,0.001953125,104,1,"SNETWORK (1 137 4501.35550256993 0.168298693981438 87000210 104)",87
137,87000211,0.254373373178602,109,-0.169336007143403,-0.45983907781187,-0.612877153222713,-0.614349237474709,-0.609405455638136,0.0151553979231624,-0.0212675498609523,-0.270779285235638,-0.38372068981474,-0.0196093197050481,0.0239549749439513,0.03927769428885,-0.0196093197050481,-0.0196093197050481,0.146146977334445,0.0961859697623186,0.0115684926994636,-0.726409784553951,0.0704232595877926,0.0677281446396492,-0.117429098893948,0.617705950750841,0.326804535448277,0.254373373178602,1,-1.10963314937777,-0.975871631443236,-0.94779498377553,0.154770848695162,0.250486534999806,0.658805966952239,-0.383671809029279,-0.819347374368442,0.0621575643909323,35.0000000001,0.00402253088698522,0.366774477190038,293.0000000001,0.198702838761246,0.202725369548231,0.00742977211100583,-0.661871215332155,3.88220055940741,4.19874485635119,0.119346320219908,1.40970375757235,2.70631158451412,1.04951256295833,6.40010752012299,0.332813385299489,9.1842774203891,4.66517530737653,1.06270926349286,7.0000000001,7.43896484385,1.06270926349286,7.0000000001,7.43896484385,0.0272372710301704,1.26556583893496,1e-10,0.296689460698512,0.37751080042437,-0.115406452506575,0.492513247272809,1.03276561575505e-16,-0.0185086980620906,-0.0195287542774726,-0.0108746915532251,-0.0128047345422802,-0.0826437132266942,-0.135982319167815,0.703979622483374,-0.0843295013326524,-0.0843295013326524,0.105436409702125,0.519447512313747,-0.632756125830162,-0.682551456452302,-0.424082475243836,-0.605106585295314,1.19238587988158,1.1976707978622,0,293.0000000001,0.000147423515546652,0.00728234849545918,0.451788887078062,1.01252884138376,4993.76707038184,0.001953125,132,1,"SNETWORK (1 137 4993.76707038184 0.451788887078062 87000211 132)",87
318,87000212,0.57683796891922,213,0.826606769083661,0.576140491778701,0.449959143780463,0.448153051499128,0.45024912066774,0.956340690492357,0.96840021093493,0.709458169479897,0.632723732458687,-0.0441575145045703,0.371227875876092,-0.108514584967287,-0.0441575145045703,-0.0441575145045703,-0.384297341709343,-0.921776251647012,-0.7765310371478,-0.0421219800257958,-0.993148994750628,-0.603050539930755,0.694143931109334,-0.735182512335809,-0.673195464551723,0.57683796891922,8,0.00840960114563852,-0.143087360376411,-0.142670982068531,-0.429713394166628,0.568029740971141,-0.0239571962541367,0.632722774178113,0.0712155722798488,0.0871945582811871,5965.0000000001,1.00695288621734,0.0776206709934209,730.0000000001,0.109700744306913,1.11665363042425,0.0211767235893035,-0.130721585603255,-0.20221838651125,-0.12728389333093,0,0.118398717985696,-0.207341215346138,-0.0423410151779847,-0.286920441339081,0.583879176791491,0,0,0.0869061870959677,31.0000000001,2.694091796975,0.0869061870959677,31.0000000001,2.694091796975,0.180434898855142,0.189356933116709,1e-10,0.343937186528824,-0.0692265948281191,0.726691047111521,-0.358453731515526,1,0.955946779738605,0.975277852907368,0.986233363658323,0.989828666406973,-1.31455460555024,0.280412166517814,0.712910126857076,-1.10606494437538,-1.10606494437538,0.0876178649508972,-0.189823437355726,0.0782708805709522,0.228917496402524,0.737739916278326,-0.242478992923464,0.216450462429412,1.03599098411104,0,5965.0000000001,0.0190963090585851,0.00208041443071835,0.84883918079074,1.89363075048732,18515.8644872329,5.82076609134674e-11,406,1,"SNETWORK (1 318 18515.8644872329 0.84883918079074 87000212 406)",87
137,87000213,0.323749832994964,118,-0.169336007143403,-0.45983907781187,-0.585138056887849,-0.587070912494495,-0.584419668319597,-0.0208552195180868,-0.049347443251088,-0.490925437704103,-0.395167936157972,-0.0599988059820163,-0.0147962075041812,0.135203387064795,-0.0599988059820163,-0.0599988059820163,-0.513712966347461,0.143518591053344,0.0495548088251442,-0.682171126744066,0.109995224859574,0.0244718896476977,-0.0463928842676715,0.415324305327625,0.335969349634022,0.323749832994964,1,-0.632880737057272,-0.340810164541767,-0.338008325630954,0.268426814446901,0.317573359897523,-0.157489460949285,-0.395163770252012,-0.403042316773285,0.143055676778034,3460.0000000001,0.915205327115884,0.0669095932970913,2045.0000000001,0.252999140900956,1.16820446791684,0.0258806805083436,-0.289205163864909,-0.704504510638366,-0.913997761862895,-0.0789221299798828,0.15839875906712,0.578230745955,-0.0180801233123489,0.836218684498081,-0.782614046958375,-0.513364799029913,-0.251596722071354,0.371966737789394,33.0000000001,12.27490234385,0.371966737789394,33.0000000001,12.27490234385,0.83559331099384,0.87353664484306,1e-10,0.212099246798202,-0.0870947648885687,-0.170738350219262,-0.0439844719202695,0,0,-0.0247221470926315,-0.0137666363416772,-0.010171333593027,0.208439986866564,-0.267586489424791,1.48513860653901,0.223044974352165,0.223044974352165,-0.167028408793564,0.305177961575201,0.0822288581055901,0.0227165794977683,0.151886012984762,0.0619240609857211,0.548256598724041,1.19584990364674,0,3460.0000000001,0.0202756771002397,0.00560500330810383,0.485523327224406,1.50813518615905,5052.36249613633,0.001953125,271,1,"SNETWORK (1 137 5052.36249613633 0.485523327224406 87000213 271)",87
328,87000214,0.781656246443479,260,0.833942087661095,0.661934694919581,0.679648502105189,0.676245639047415,0.674971766192546,0.844139882036179,1.01547494738982,0.204395990313044,0.0936918386844068,-0.0418732270370903,0.243981179058416,-0.268356686317556,-0.0418732270370903,-0.0418732270370903,-0.784839908823323,-0.112774333250366,0.00889644239757493,1.01323367195605,-0.355694868622114,-0.560339494672534,0.667148486569063,-0.788859635579387,-0.682989322922567,0.781656246443479,8,0.309616462603591,0.890775803266226,0.9071046507275,0.513729774381807,0.774980325539092,-0.518152912419397,0.0936965773046196,0.0735923292931588,0.232940555345536,4375.0000000001,1.9730245325505,0.0913338033694514,4059.0000000001,0.717728043570376,2.69075257602087,0.0227708108830065,1.23524411722376,0.531550301034155,6.08880715787979,-0.519959781322781,-0.605793653313692,-0.200871091709117,-0.802042305182392,-0.113834820515374,-1.27069832640696,0.0084388617019342,0.0104262046416714,0.173928653592647,68.0000000001,11.8271484376,0.173928653592647,68.0000000001,11.8271484376,0.815996153329684,0.578261783181797,1e-10,-0.606018813474486,-0.538723458361899,-0.0798756252110097,-0.376575167253832,1,0.955946779738605,1.27717508738715,1.28529677079185,1.31366454417867,0.261671622642483,0.622366793535242,-0.640488979295569,0.282473680139194,0.282473680139194,-1.73539099293083,-1.11863883053869,0.411340002853372,0.333410416133507,0.518847542673814,0.316971198471107,1.03129280669647,0.404175273341711,0,4375.0000000001,0.0166969526297989,0.00607385815320762,0.166983932380634,6.82997202453499,18820.1295327099,2.91038304567337e-11,473,1,"SNETWORK (1 328 18820.1295327099 0.166983932380634 87000214 473)",87
319,87000215,-0.169765811143704,28,0.849676501735058,0.527879359151426,0.423921895297046,0.422083328008158,0.425620192291929,0.863757331284852,0.878143604767113,0.53952231924761,0.777397169235132,-0.0131889581824946,0.367338417018248,-0.0438944757375377,-0.0131889581824946,-0.0131889581824946,0.281344501044837,-0.740353448156196,-0.546469446066306,0.415144147760811,-0.878859613844467,-0.604424467785202,0.699593179675348,-0.759818089809216,-0.694672009762475,-0.169765811143704,8,0.566244714944961,0.988940570221466,1.00860152701221,0.227444788256924,-0.170257106722526,-0.5595471812519,0.777390899964326,1.85068663890975,0.300522539351912,8043.0000000001,4.6795537501971,0.114256425437358,3300.0000000001,0.729968120752373,5.40952187084947,0.042417933351435,1.43068073092101,-0.520164982851485,-0.115311424105401,-0.566682109081324,-0.57811414525005,-0.022413043063484,-0.847928954111819,-0.0168531488736854,-0.812591011973756,0.13921741379698,0.312713071074568,0.689225480463176,74.0000000001,51.002685546975,0.689225480463176,74.0000000001,51.002685546975,1.9339210344538,0.708701371102338,1e-10,-0.674731334500361,-0.6453888257927,-0.385058435342298,-0.581671480456867,1,0.867841683603147,1.11446852592804,1.12323690396323,1.18436031392693,-1.33808230307412,0.347104580203961,0.655084197952301,-1.12186687493325,-1.12186687493325,1.07473409454802,-1.47823763410991,1.1068128512838,1.33553635324032,1.6280271044635,0.685565359977067,0.397950321560632,0.726441442886088,0,8043.0000000001,0.03669400057174,0.00572393267969501,0.731072372824372,2.72802420782626,17360.4695265181,1.16415321826935e-10,440,1,"SNETWORK (1 319 17360.4695265181 0.731072372824372 87000215 440)",87
140,87000216,-0.265394457151039,145,0.016376969797183,0.0406255841243769,0,0,0,-0.095946980669134,-0.000420291270030401,-0.586910197727345,-0.0505198356033647,0.960986521518683,-0.742411018249746,0.989035034700968,0.960986521518683,0.960986521518683,-3.3456463367475,0.335134928340031,0.521998703522627,0.613414190978343,0.125108884171991,0.45221133369877,-0.305856068890666,-0.190739766812213,-0.0312046492625428,-0.265394457151039,2,0.416742427774209,0.0617285894700617,0.0618593205626196,-0.697297578963718,-0.276035846702391,-0.698351319265887,-0.0505191426573238,0.321700278069304,0.300344836346264,9012.0000000001,4.33073226289847,0.0505665548966794,3476.0000000001,0.281230951256975,4.61196321405545,0.0744891310996029,0.0609985750233652,0.153452044768086,1.1785617924749,-0.379397793181608,-0.656956629912771,-0.76633659408426,-0.68035986009414,-0.788685419327726,-1.14878031921727,-0.418737323976207,-0.420713719491026,0.0918143137160714,42.0000000001,3.856201171975,0.0918143137160714,42.0000000001,3.856201171975,0.129572046902372,0.182038914389931,1e-10,0.414925901717101,0.574233868079977,0.0438571712772022,0.719802148414334,0,0,-0.0247221470926315,-0.0137666363416772,-0.010171333593027,-0.187021944301071,0.478159600437018,-0.600108590844266,-0.187646121320849,-0.187646121320849,-0.0639225176913669,-0.360545105740381,-0.136610188188811,-0.140461638791667,-0.340572199756731,0.0191689785704501,0.301547490069969,-0.25630848783367,0,9012.0000000001,0.0699468898346071,0.00454224116499582,0.225857283483584,1.92717288434505,6581.59738571226,0.000244140625,305,1,"SNETWORK (1 140 6581.59738571226 0.225857283483584 87000216 305)",87
137,87000217,-1.057543127976,18,-0.169336007143403,-0.45983907781187,-0.612877153222713,-0.614349237474709,-0.609405455638136,-0.0385897584689133,-0.00313806826584398,-0.00547179450550608,-0.357390382278297,0.146199482100986,-0.0952505371836884,0.00101374951555785,0.146199482100986,0.146199482100986,0.590152271472322,-0.034554686148555,-0.11645452558779,-0.987860630908246,-0.0207836627551148,0.0677281446396492,-0.117429098893948,0.617705950750841,0.326804535448277,-1.057543127976,1,-0.994280641503199,-0.253654295537946,-0.252177485134043,1.12002399933057,-1.04381755201813,1.86097334116536,-0.357368931124372,-0.0877647362499113,0.151975460149514,4406.0000000001,1.23809880407419,0.234803282295902,5310.0000000001,2.30534553772074,3.54344434169493,0.0732985175491412,-0.222311077420948,0.314172099657024,-0.306692402593325,1.75750450052996,2.06686429684478,0.319628953392741,0.976923634307904,0.436350789824473,0.342229193378538,-1.89353663066925,-1.03544864236003,0.148863447573404,47.0000000001,6.99658203135,0.148863447573404,47.0000000001,6.99658203135,0.60457338258651,0.54088955111915,1e-10,0.204281785922875,0.16693006415337,-0.123610963196098,0.420562844805755,0,-0.0440532202613954,3.42243995575329e-16,0,-0.0227070388776265,0.472963648158294,-0.819614460080618,0.122449978315009,0.528784880568585,0.528784880568585,0.011184294021509,0.576372552751679,-0.272954116914523,-0.538015857556168,-1.00825417578947,0.176755011105686,-1.32988469264443,-0.635834456898439,0,5310.0000000001,0.0256109022855472,0.047687615163594,0.164959071420423,0.78743087077821,4495.55470655929,0.001953125,110,1,"SNETWORK (1 137 4495.55470655929 0.164959071420423 87000217 110)",87
328,87000218,0.891874729410727,283,0.833942087661095,0.661934694919581,0.679648502105189,0.676245639047415,0.674971766192546,0.856272249163426,1.02629045828934,0.237266858940266,0.0871349426210059,-0.0590900529825484,0.266137353185316,-0.28013436782609,-0.0590900529825484,-0.0590900529825484,-4.84418215629182,-0.105541279589302,0.0116330473653205,1.09749868280034,-0.359722711054505,-0.560339494672534,0.667148486569063,-0.788859635579387,-0.682989322922567,0.891874729410727,8,0.384494213107474,-0.820875450196554,-0.801813114079126,-1.36186935222691,0.875279705777183,-0.432211227538867,0.0872258776787856,0.27501877233257,0.153027034347845,917.0000000001,0.271673212877544,0.0618844496879279,18.0000000001,0.00215656910599243,0.273829781883537,0.00886946755550264,-0.586977854938235,0.0823237230108414,0.259944019182095,-0.497999168161582,-0.534758094174543,-0.107004087492747,0.0306110665350888,-0.194518551204865,0.166749206847221,-0.319181230590192,-0.385998764547981,1.00159801146364,22.0000000001,22.0351562501,1.00159801146364,22.0000000001,22.0351562501,0.666078965746204,1.17444893805166,1e-10,0.16994782530995,0,-0.186778693304648,-0.00472510105753788,1,0.955946779738605,1.27717508738715,1.28529677079185,1.31366454417867,0.183772754347735,0.742054661784304,0.0506624035107377,0.195853212865246,0.195853212865246,0.291453915997819,-1.57045681132046,-0.277732861879581,-0.234903045465123,0.340991745981333,-0.518468250098005,2.16509336720111,1.44337858893371,0,917.0000000001,0.00879961523384285,6.985222165979e-05,0.343514947251191,1.3674485469237,18952.4082626091,2.91038304567337e-11,495,1,"SNETWORK (1 328 18952.4082626091 0.343514947251191 87000218 495)",87
137,87000219,0.333980696582436,119,-0.169336007143403,-0.45983907781187,-0.585138056887849,-0.587070912494495,-0.584419668319597,-0.0207350490647412,-0.0499034661415453,-0.490925437704103,-0.395206498412712,-0.0613434604918733,-0.014240459528016,0.131914990461874,-0.0613434604918733,-0.0613434604918733,-0.520846655433434,0.143870247033633,0.0497820288543529,-0.682138774623125,0.110327392910175,0.0244718896476977,-0.0463928842676715,0.415324305327625,0.335969349634022,0.333980696582436,1,-0.674892956482903,-0.528350257446674,-0.521107294449247,0.0673987907825476,0.321941647728323,-0.0599616582043946,-0.395202168134811,-0.468740869627465,0.161703367864222,2036.0000000001,0.608743284500736,0.0584087429324566,1685.0000000001,0.181976416548657,0.790719700949393,0.0203109201016524,-0.418780982998131,-0.366471473069869,-0.703828347900132,-0.285045139467103,-0.15007840133008,0.326103439529034,0.183700826055048,0.556453034569255,-0.545762637738766,-0.152471136608932,-0.0741604763989424,0.362135667167308,26.0000000001,9.41552734385,0.362135667167308,26.0000000001,9.41552734385,0.710445050054587,0.858878514667277,1e-10,-0.773043290545305,-0.839273650578004,0.616861237258241,-0.515891918923164,0,-6.2602913664822e-16,-0.0247221470926318,-0.0137666363416772,-0.010171333593027,0.123225505304197,-0.172493584499227,0.799770881745423,0.13002760175977,0.13002760175977,-0.190895817349285,0.198635011409087,0.41381509523959,0.151684494004653,0.146076222852543,0.510600662174325,1.04877085988262,2.14308379834473,10.5797636668462,2036.0000000001,0.0156365601334137,0.00467435986823862,0.490005764323149,1.68850657012081,5060.14831706827,0.001953125,198,1,"SNETWORK (1 137 5060.14831706827 0.490005764323149 87000219 198)",87
56,87000220,-0.53218031697548,94,0,0,0,0,0,-0.212854502071666,-0.0220009392848682,-0.368051510565924,-0.00941870764920885,0.969647374944452,-0.658569281236563,0.914521740339127,0.969647374944452,0.969647374944452,-0.208313752211453,0.217380527977316,0.394100172972808,0.31902489631142,0.050617065646705,0.442037567785408,-0.329724348592432,0,0,-0.53218031697548,2,0.077946944892871,-0.526707723694037,-0.519513644546256,-0.896298576654204,-0.541801921986465,-0.225218010263474,-0.00914181388316476,-0.515259464966962,0.307069357160636,413.0000000001,0.202911431245497,0.26605530842847,5334.0000000001,2.27062242349658,2.47353385464208,0.0634543188570403,-0.417725465928241,0.33306045676673,0.0960880286714996,-0.193564853800847,-0.117057409492702,0.130616747700915,0.0441932394836284,0.233821551788081,0.0584332460693501,-0.310884203219445,-0.329415325568327,0.885302734475,25.0000000001,22.132568359475,0.885302734475,25.0000000001,22.132568359475,0.670342469512833,1.00105263418435,1e-10,0.268431555642808,0.0503823549273334,0.0192591078851626,0.208247449118612,-0.0232557920329049,-0.14537465218179,-0.0247221470926322,-0.0137666363416772,-0.010171333593027,0.377151437872617,-0.819999711696484,0.331498143785694,0.414991985023952,0.414991985023952,-1.5570628744763,0.330094175211574,-1.87593223137363,-2.14588749368353,-2.48471533069848,-1.22418696547988,-1.3113029219931,-0.906088697607781,0,5334.0000000001,0.00520534886058281,0.0582489698964575,0.917434418619184,0.645261463947884,6289.09807421503,0.00048828125,58,1,"SNETWORK (1 56 6289.09807421503 0.917434418619184 87000220 58)",87
56,87000221,-0.468429110052976,104,0,0,0,0,0,-0.186216558457235,-0.0142695094655463,-0.334136585622628,-0.0126521937328295,0.958931105254619,-0.645703547657169,0.908158028228413,0.958931105254619,0.958931105254619,-0.326462410904317,0.23402027118288,0.413261483180931,0.366239166118579,0.0604160385122146,0.442037567785408,-0.329724348592432,0,0,-0.468429110052976,2,0.75127735611884,0.713445564324986,0.724398901601177,-0.397297396170569,-0.414003317866072,2.06084564502615,-0.0125831831057192,1.33584979132963,0.600270682909012,8671.0000000001,8.32791534511208,0.545414794499121,3881.0000000001,3.38680770739793,11.71472305241,0.113791761797253,0.917574092090502,0.169267518051409,0.303079462107178,0.835775602510668,1.92253010562291,0.039461258990623,0.273963722119547,0.00527983195891011,0.314187261731706,0,0,1.54094406664095,58.0000000001,89.374755859475,1.54094406664095,58.0000000001,89.374755859475,3.61337821242035,1.9786141190873,1e-10,-0.711546753589674,-0.936929303589985,0.997419368876098,-0.552916964523274,0,0,-0.0247221470926315,-0.0137666363416772,-0.0101713335930262,0.649162432335907,0.704115738444044,0.184177154481126,0.747542258908294,0.747542258908294,-2.02633041303743,-1.82462072721573,0.616570337481567,0.640762037334446,-0.073032359087868,0.894996326250892,-0.336224651664413,-0.106501470928686,2.14495800000131,8671.0000000001,0.0808937739409594,0.0328979877562936,0.996249572121431,8.22928463548655,6352.14299889189,0.00048828125,92,1,"SNETWORK (1 56 6352.14299889189 0.996249572121431 87000221 92)",87
318,87000222,0.453380667946708,180,0.826606769083661,0.576140491778701,0.449959143780463,0.448153051499128,0.45024912066774,0.942977376283113,0.96133404667635,0.563386971977002,0.639450958821748,-0.0324017477811121,0.355675915796685,-0.103609731103229,-0.0324017477811121,-0.0324017477811121,-0.287797514036842,-0.903193558467089,-0.753445864558405,-0.0288573957596199,-0.977082968950957,-0.603050539930755,0.694143931109334,-0.735182512335809,-0.673195464551723,0.453380667946708,8,-0.874287823829072,-1.092429446946,-1.05617134173383,-0.366140416328126,0.442103400547121,-0.15329493112235,0.639510666570836,-0.644495465552602,0.112328246639749,2991.0000000001,0.650451192465614,0.0418814281147636,916.0000000001,0.0742721980873066,0.72472339045292,0.0291567184148103,-0.712584283163955,-0.509333345715256,0.153186764770499,-0.119667454045663,-0.169855084421042,-0.235029696035664,0.521344977464785,-0.568270856776096,1.21065085125899,-0.499012188711075,-1.01552366171557,0.780430385144643,28.0000000001,21.85205078135,0.780430385144643,28.0000000001,21.85205078135,0.658064860921713,0.844687919961769,1e-10,0.38465178415375,0.32528056972082,2.05865592057073,0.617914351933477,1,0.955946779738605,0.975277852907369,0.986233363658323,0.989828666406973,0.430034528348577,-0.778189067047949,-0.359493738797137,0.477360440388176,0.477360440388176,-0.124736654055455,0.126685741608422,0.187619251477635,0.0694354914894162,-0.271922539507305,0.419945413918644,-0.516814990857732,-1.11231227490957,3625088690.90942,2991.0000000001,0.026168635434964,0.00298808287984629,0.684436263977151,0.993447994813323,18321.0311602503,5.82076609134674e-11,323,1,"SNETWORK (1 318 18321.0311602503 0.684436263977151 87000222 323)",87
56,87000223,-0.711556550936721,70,0,0,-0.0539298651555209,-0.0526282971591558,-0.0497659234028937,-0.288134175640794,-0.040601088142071,-0.453604090709109,-0.00194649134351224,0.995065454871492,-0.675330229845473,0.924742719679104,0.995065454871492,0.995065454871492,-0.0397283927193015,0.176462324270397,0.348239066473497,0.205370287375776,0.0262077894737433,0.396949460069245,-0.3182243350896,0.145121969788322,0.0313608172450206,-0.711556550936721,2,0.103471020965351,0.0869778849123922,0.0872132663263596,-0.284277551329851,-0.712518049983368,0.019712988509819,-0.00194598500907273,-0.232669147776729,0.220494928400935,5139.0000000001,1.81299749856008,0.126398501448583,11579.0000000001,2.34170919548241,4.15470669394248,0.0657905890027913,0.0867974138596671,-0.144539977807041,-0.397690241566321,-0.0936079452407241,-0.0276530191038036,0.0822280118932249,-0.150978747951408,0.0889195884047301,-0.178044487435172,-0.340737303564883,-0.365958390706585,0.997005540597449,49.0000000001,48.853271484475,0.997005540597449,49.0000000001,48.853271484475,1.83984612928737,1.16760156217849,1e-10,0.225548440260452,0.306865232130616,-0.183577348146689,0.276261335914935,-0.0232557920329049,-0.14537465218179,-0.0247221470926315,-0.0137666363416772,-0.010171333593027,0.106203736714638,0.349788409169291,-0.906632137615939,0.111754312674703,0.111754312674703,0.248601502168883,-0.833111601521487,-0.109169022896761,0.0228610635743433,-0.199087934256378,-0.0161741359558858,-0.128848094426045,-0.829151418943525,0,11579.0000000001,0.0287091681537358,0.0370814207490554,0.742388088116604,1.88074204677306,6149.07699665433,0.00048828125,46,1,"SNETWORK (1 56 6149.07699665433 0.742388088116604 87000223 46)",87
137,87000224,0.531586477181361,146,-0.166057912338905,-0.453200003638288,-0.550040856219537,-0.551846948500872,-0.54975087933226,-0.0227872870030699,-0.0530525961717066,-0.674985705739957,-0.406357553820601,-0.113481416524834,0.00286092056138099,0.127104893299053,-0.113481416524834,-0.113481416524834,-1.24756179193989,0.153186094833754,0.0432324611366974,-0.691233944033291,0.120426454021702,0,0,0.264817487664191,0.333376028400019,0.531586477181361,1,-0.808873729889735,-0.576128479108917,-0.567382440476013,0.222394696214322,0.526503020516226,0.0753001065232955,-0.4062066075208,-0.431713948484921,0.219279145747049,1587.0000000001,0.64344525382259,0.201180988299261,2621.0000000001,0.974970112237528,1.61841536596012,0.043172021930047,-0.448906686807274,-0.369330330583379,-0.59699345900769,0.0166988010951224,-0.299930426896761,-1.02661992561883,0.322618473961993,-1.73764690643465,-0.428098668524459,-0.413918239096558,-0.195197746940952,1.25566609710521,24.0000000001,30.135986328225,1.25566609710521,24.0000000001,30.135986328225,1.02063364865479,1.55326455397039,1e-10,0.184371530570894,-0.0462846906622176,0.0270030743596779,-0.181195123593128,1.03276561575505e-16,6.2602913664822e-16,-0.0247221470926322,-0.0137666363416772,-0.010171333593027,-0.476843981136173,0.244638642319314,-0.794222172959148,-0.456782735143764,-0.456782735143764,-0.413743529969098,0.256100398087963,0.227304296298982,0.354112847509419,0.214756191531089,0.224835698153486,0.757382017822555,0.431500878431935,3.07752592967094,2621.0000000001,0.0171642170027152,0.0260078048273318,0.582317420217777,2.67835768908802,5220.49011482102,0.001953125,255,1,"SNETWORK (1 137 5220.49011482102 0.582317420217777 87000224 255)",87
137,87000225,0.554418564762632,150,-0.166057912338905,-0.453200003638288,-0.550040856219537,-0.551846948500872,-0.54975087933226,-0.00426355989868095,-0.0463707917527785,-0.679253164094371,-0.408563314791726,-0.128321149735738,0.0195947775720982,0.107643388629347,-0.128321149735738,-0.128321149735738,-1.45147396192407,0.15148201907712,0.0367670988134972,-0.69858621276608,0.119749542090376,0,0,0.264817487664191,0.333376028400019,0.554418564762632,1,-0.939886931528877,-0.740265396131473,-0.725105774125669,0.206407523626918,0.548310810739076,-0.203646919351238,-0.408468144361599,-0.513564159951889,0.137385868411521,956.0000000001,0.242849548233989,0.194555494386444,1035.0000000001,0.372324139373431,0.61517368750742,0.0186894188373424,-0.544345347392455,-0.10066786261991,-0.634128213642668,-0.113483201046822,0.0910528681124532,0.477221023443901,0.208560776202482,0.955801792867253,-0.558677542415763,0.451774100860316,0.215355744558289,0.901309742747059,17.0000000001,15.3222656251,0.901309742747059,17.0000000001,15.3222656251,0.372271197407261,1.02491908983259,1e-10,-0.638934359871471,-0.884553392666175,-0.702044507236882,-0.517856971126876,1.03276561575505e-16,-6.2602913664822e-16,-0.0247221470926318,-0.0137666363416776,-0.0101713335930266,0.630560906323064,-0.744117631829577,1.21961900351885,0.723851047262164,0.723851047262164,1.41848497262367,0.751083284618786,0.259430588203681,0.225657778756443,-0.590354917034811,0.679034468393136,0.280620456105003,0.16161041333678,0,1035.0000000001,0.00737794380377094,0.0113114749335714,0.59519307093978,2.15801651298619,5242.8546251745,0.001953125,184,1,"SNETWORK (1 137 5242.8546251745 0.59519307093978 87000225 184)",87
137,87000226,0.281676438302856,111,-0.169336007143403,-0.45983907781187,-0.612877153222713,-0.614349237474709,-0.609405455638136,0.0165677159271383,-0.0219180945494748,-0.279305593301307,-0.38392630047512,-0.0210717653898527,0.024023241679227,0.0373573703052705,-0.0210717653898527,-0.0210717653898527,0.140845425096673,0.0972040405159889,0.0124718793302552,-0.724972331030339,0.0712118657010443,0.0677281446396492,-0.117429098893948,0.617705950750841,0.326804535448277,0.281676438302856,1,-0.467335793630907,0.126544308686361,0.127001752595133,0.705081977802845,0.273908360346144,0.0251261514278488,-0.383920246612864,0.354119546819965,0.848427655644315,631.0000000001,0.989877653702165,0.23617553257966,1108.0000000001,0.483851406899773,1.47372906050194,0.0226253589207975,0.128248079617,0.460436290498356,-0.572831084066095,-0.157799511156816,0.166250018294072,0.807109155806973,-0.170285775000166,0.800027397825575,-0.946136040646706,1.34781357860168,0.70318959154103,0.900301846690909,22.0000000001,19.8066406251,0.900301846690909,22.0000000001,19.8066406251,0.568541967295598,1.02341631641527,1e-10,1.79406310814042,1.11179550842632,0.708096831246433,1.84362287666973,0.00775234647134828,-0.0646129897394517,-0.00608903391900644,-0.00517340163825308,-0.0288683237939099,-0.845547731231589,0.0891358994976123,-0.71789571991788,-0.76444840842684,-0.76444840842684,-0.334654204320692,0.66523198684379,-0.475526003183372,-0.545258079387152,-0.239939545017971,-0.487767708881635,0.870814700553713,0.877425236066393,15622742762.1808,1108.0000000001,0.015197051956979,0.00742830686381851,0.459442270557689,4.48291183980131,5007.06070328358,0.001953125,120,1,"SNETWORK (1 137 5007.06070328358 0.459442270557689 87000226 120)",87
318,87000227,0.627364742076531,226,0.826606769083661,0.576140491778701,0.449959143780463,0.448153051499128,0.45024912066774,0.948569264532548,0.96455963283503,0.647260803924689,0.623536234243217,-0.0533935729234258,0.346849586275889,-0.115208111333608,-0.0533935729234258,-0.0533935729234258,-0.772583248336743,-0.886768123385191,-0.740473605141304,4.74522076670516e-05,-0.96511069124685,-0.603050539930755,0.694143931109334,-0.735182512335809,-0.673195464551723,0.627364742076531,8,-0.0981097516541161,-0.341224923518181,-0.338415702928336,-0.517716768324008,0.618354764410494,-0.423070655509594,0.623547321124119,2.14010922274742,0.131455295107842,3726.0000000001,0.94826616829681,0.134313085759582,571.0000000001,0.148478563319712,1.09674473151652,0.0243054821860708,-0.289512882987562,1.44807918399569,1.36683373593158,-0.298548702403098,-0.215606439273567,0.158845283603922,-0.246096853676301,0.239933133345289,0.305244827716866,0.400801444838757,0.806888217346225,0.310477120635714,14.0000000001,4.3466796876,0.310477120635714,14.0000000001,4.3466796876,0.108104931445835,0.143987417187403,1e-10,-0.505642710090019,-0.948672242867906,-0.342766851388415,-0.631563931514885,1,0.955946779738605,0.975277852907368,0.986233363658323,0.989828666406973,-1.30877450193767,0.392584130478549,-0.115305152247064,-1.10216429788349,-1.10216429788349,0.969329977864857,-1.39537518661991,0.629889628065457,0.62178799233802,0.662236988912686,0.537539275908634,0.747679011437807,0.465564735379292,0,3726.0000000001,0.0210149779649877,0.0032905041210831,0.914618855777001,2.78368541339281,18593.8197521018,5.82076609134674e-11,365,1,"SNETWORK (1 318 18593.8197521018 0.914618855777001 87000227 365)",87
137,87000228,0.827249464915726,184,-0.166057912338905,-0.453200003638288,-0.550040856219537,-0.551846948500872,-0.54975087933226,-0.00712834788253358,-0.0421208436982001,-0.713518363648652,-0.426902538577844,-0.219978004446029,-0.0233436172669013,0.19429007921565,-0.219978004446029,-0.219978004446029,-4.64742269490919,0.185973474551213,0.02743771760807,-0.718367704884407,0.155342874310578,0,0,0.264817487664191,0.333376028400019,0.827249464915726,1,-0.728355697091643,-2.17804867614799,-1.99121313720523,-1.44618246023333,0.815271603610091,0.399084542258772,-0.426898799918478,-0.65825770520566,0.0768243921058012,10.0000000001,0.00142048452562302,0.114878188380097,166.0000000001,0.0352600571259444,0.0366805415515674,0.00359530041828506,-1.0184771273347,1.24647575491444,0.923932093042973,0.20865893283181,1.26135205984399,2.54692664193769,2.05014507216246,16.1411818008602,1.01611919412672,7.23950144118069,3.22019645843564,0.3946923829125,1e-10,1e-10,0.3946923829125,1e-10,1e-10,0.298349094506155,0.318934092211261,1e-10,-0.419453419936176,-0.424085138419534,0.57352786006349,-0.381040612147421,-1.03276561575505e-16,-6.2602913664822e-16,-0.0247221470926315,-0.0137666363416776,-0.0101713335930277,-0.0344973784002515,-0.396217980136335,1.01337175576095,-0.0354770579850333,-0.0354770579850333,0.578675263578534,0.1103173300513,1.17014688895654,1.38261041963298,0.735639030034096,1.22626901535052,-0.0613560624765582,0.0405876642107567,13.7645072591061,166.0000000001,0.000139230990205112,0.00345606932807995,0.708842073609123,1.2174463074353,5440.25857404972,0.001953125,230,1,"SNETWORK (1 137 5440.25857404972 0.708842073609123 87000228 230)",87
137,87000229,-0.213644557192524,74,-0.169336007143403,-0.45983907781187,-0.612877153222713,-0.614349237474709,-0.609405455638136,-0.0220125843699306,-0.0255660998044172,-0.205129211856877,-0.378776844662377,0.0237127918875655,-0.0176525415958744,0.0584115513185625,0.0237127918875655,0.0237127918875655,0.322381768218349,0.0653768639667201,-0.0188893450740677,-0.787280895202198,0.0488325098101086,0.0677281446396492,-0.117429098893948,0.617705950750841,0.326804535448277,-0.213644557192524,1,0.00277635412603778,-0.159677199080917,-0.15914423087046,-0.441414331692544,-0.206815088142081,1.04273932110142,-0.377548331283805,0,0.391806380760499,206.0000000001,0.149236848571853,0.071881498379902,1762.0000000001,0.234185698526112,0.383422546997965,0.00736673335057207,-0.144966400707054,-0.0180127398226783,-0.873314163156666,1.29697570700346,0.638884954296488,-2.29418761779537,0.564281232255469,-2.81929506466158,-0.097178564879602,-1.82415092011594,-0.849419203780223,0.576224190948214,28.0000000001,16.13427734385,0.576224190948214,28.0000000001,16.13427734385,1.00450926974791,1.17808458808025,1e-10,-1.4953745442515,-1.69815826067218,-0.959956611881518,-0.673448714701988,0,-0.044053220261396,0,0,-0.0227070388776265,0.368657909410947,-0.844636772657023,0.740532681776264,0.405074684647237,0.405074684647237,-1.53154347173967,0.317458262211182,-0.282159412228311,-0.508243888504116,-0.638033540828178,-0.0246187451891754,0.076399299509017,2.0462204202863,0,1762.0000000001,0.0028673015260648,0.00449943172450727,0.339801442065643,0.456554107367992,4799.24918328506,0.001953125,179,1,"SNETWORK (1 137 4799.24918328506 0.339801442065643 87000229 179)",87
137,87000230,0.371768843593857,125,-0.166057912338905,-0.453200003638288,-0.550040856219537,-0.551846948500872,-0.54975087933226,-0.0278194837796204,-0.058747092826537,-0.586414854174398,-0.399493144287486,-0.0757242082112437,-0.0208740146363454,0.156708878258323,-0.0757242082112437,-0.0757242082112437,-0.777804602922326,0.154012849092114,0.053817790517365,-0.680294789156405,0.119796288562207,0.0244718896476977,-0.0463928842676715,0.415324305327625,0.335969349634022,0.371768843593857,1,-0.338749876276839,-1.01457481542544,-0.983920066765364,-0.916806694844164,0.361880631055246,-0.306828118525085,-0.399490916275222,-0.0238614878774076,0.189021881039875,712.0000000001,0.248845286405983,0.0470583450151312,473.0000000001,0.0411561872886976,0.290001473594681,0.0109622557585174,-0.679218066024067,-0.493180674224958,6.93648349023265,-0.215579765333173,-0.162204952999,0.058396455881426,0.303307477543304,0.177021257418929,-0.428011748510541,1.93371331571938,0.940984149240744,0.102364676439286,14.0000000001,1.43310546885,0.102364676439286,14.0000000001,1.43310546885,0.235625367413138,0.166308319407612,1e-10,0.76160418992219,0.621574802399844,0.187858804003087,0.852419129927457,0,0,-0.0247221470926322,-0.0137666363416772,-0.0101713335930273,-0.00698975300553874,-0.206546335737313,0.789335056338673,-0.00722046505758161,-0.00722046505758161,-0.876146841781489,0.520267620248366,0.238655661596067,0.174939626282618,-0.0276074656620381,0.363821987328484,0.490891383632665,0.225607765041852,1414882134.4206,712.0000000001,0.00940652340496881,0.00155573225354863,0.510844748170469,2.95201534684747,5096.34483094333,0.001953125,214,1,"SNETWORK (1 137 5096.34483094333 0.510844748170469 87000230 214)",87
140,87000231,-0.265394457151039,145,0.016376969797183,0.0406255841243769,0,0,0,-0.095946980669134,-0.000420291270030401,-0.586910197727345,-0.0505198356033647,0.960986521518683,-0.742411018249746,0.989035034700968,0.960986521518683,0.960986521518683,-3.3456463367475,0.335134928340031,0.521998703522627,0.613414190978343,0.125108884171991,0.45221133369877,-0.305856068890666,-0.190739766812213,-0.0312046492625428,-0.265394457151039,2,0.416742427774209,0.0617285894700617,0.0618593205626196,-0.697297578963718,-0.276035846702391,-0.698351319265887,-0.0505191426573238,0.321700278069304,0.300344836346264,9012.0000000001,4.33073226289847,0.0505665548966794,3476.0000000001,0.281230951256975,4.61196321405545,0.0744891310996029,0.0609985750233652,0.153452044768086,1.1785617924749,-0.379397793181608,-0.656956629912771,-0.76633659408426,-0.68035986009414,-0.788685419327726,-1.14878031921727,-0.418737323976207,-0.420713719491026,0.0918143137160714,42.0000000001,3.856201171975,0.0918143137160714,42.0000000001,3.856201171975,0.129572046902372,0.182038914389931,1e-10,0.414925901717101,0.574233868079977,0.0438571712772022,0.719802148414334,0,0,-0.0247221470926315,-0.0137666363416772,-0.010171333593027,-0.187021944301071,0.478159600437018,-0.600108590844266,-0.187646121320849,-0.187646121320849,-0.0639225176913669,-0.360545105740381,-0.136610188188811,-0.140461638791667,-0.340572199756731,0.0191689785704501,0.301547490069969,-0.25630848783367,0,9012.0000000001,0.0699468898346071,0.00454224116499582,0.225857283483584,1.92717288434505,6581.59738571226,0.000244140625,305,1,"SNETWORK (1 140 6581.59738571226 0.225857283483584 87000231 305)",87
140,87000232,-0.414425064338606,116,0,0,0,0,0,-0.12514807235058,-0.0123039142459788,-0.470087534895246,-0.0317017834796675,0.975665137972841,-0.701992827529458,0.950221739629364,0.975665137972841,0.975665137972841,-1.30753836123995,0.287377324268669,0.4691932888294,0.483580972640067,0.0962537430498377,0.45221133369877,-0.305856068890666,-0.190739766812213,-0.0312046492625428,-0.414425064338606,2,0.149617231274339,-0.127797801331512,-0.12747594660727,-0.586691779090919,-0.409694790031984,0.615324031012861,-0.0311326423683552,0.0890873612987209,0.504796236669016,1333.0000000001,1.07662941345349,0.290177038102686,4623.0000000001,2.14638151479646,3.22301092814995,0.0603934236332642,-0.11743104399653,9.34645891571867,0.268285905589505,2.02870687008562,0.133556137295146,-4.45207525989879,0.331023725405932,-5.34539702082315,0.349067699159948,-0.457808975999756,-0.471058309819405,0.822903103398611,18.0000000001,14.812255859475,0.822903103398611,18.0000000001,14.812255859475,0.349949244102778,0.90801475963347,1e-10,0.540556550536042,0.156316826103733,0.186856743383691,0.379989164965011,0,-6.2602913664822e-16,-0.0247221470926318,-0.0137666363416776,-0.0101713335930273,0.382751470528976,-0.759090314516996,0.584803227308667,0.421545764511239,0.421545764511239,-1.34839526115373,0.408758861515898,-1.31410010151106,-1.4914320302788,-1.68382544027603,-0.877845264621767,-0.652863940640989,-0.723656842953387,0,4623.0000000001,0.0201740973271746,0.0402193262060896,0.0574624090442323,0.0614243680611253,6412.75732227106,0.000244140625,276,1,"SNETWORK (1 140 6412.75732227106 0.0574624090442323 87000232 276)",87
56,87000233,-0.53218031697548,94,0,0,0,0,0,-0.212854502071666,-0.0220009392848682,-0.368051510565924,-0.00941870764920885,0.969647374944452,-0.658569281236563,0.914521740339127,0.969647374944452,0.969647374944452,-0.208313752211453,0.217380527977316,0.394100172972808,0.31902489631142,0.050617065646705,0.442037567785408,-0.329724348592432,0,0,-0.53218031697548,2,0.077946944892871,-0.526707723694037,-0.519513644546256,-0.896298576654204,-0.541801921986465,-0.225218010263474,-0.00914181388316476,-0.515259464966962,0.307069357160636,413.0000000001,0.202911431245497,0.26605530842847,5334.0000000001,2.27062242349658,2.47353385464208,0.0634543188570403,-0.417725465928241,0.33306045676673,0.0960880286714996,-0.193564853800847,-0.117057409492702,0.130616747700915,0.0441932394836284,0.233821551788081,0.0584332460693501,-0.310884203219445,-0.329415325568327,0.885302734475,25.0000000001,22.132568359475,0.885302734475,25.0000000001,22.132568359475,0.670342469512833,1.00105263418435,1e-10,0.268431555642808,0.0503823549273334,0.0192591078851626,0.208247449118612,-0.0232557920329049,-0.14537465218179,-0.0247221470926322,-0.0137666363416772,-0.010171333593027,0.377151437872617,-0.819999711696484,0.331498143785694,0.414991985023952,0.414991985023952,-1.5570628744763,0.330094175211574,-1.87593223137363,-2.14588749368353,-2.48471533069848,-1.22418696547988,-1.3113029219931,-0.906088697607781,0,5334.0000000001,0.00520534886058281,0.0582489698964575,0.917434418619184,0.645261463947884,6289.09807421503,0.00048828125,58,1,"SNETWORK (1 56 6289.09807421503 0.917434418619184 87000233 58)",87
137,87000234,-0.167181253143505,78,-0.169336007143403,-0.45983907781187,-0.612877153222713,-0.614349237474709,-0.609405455638136,-0.0218987640046073,-0.025817133437603,-0.205129211856877,-0.378929780923728,0.0219057929016625,-0.0170154119479179,0.0586274857617633,0.0219057929016625,0.0219057929016625,0.320223603424475,0.0661929230206294,-0.0182031679770653,-0.786611472509995,0.0495274851461938,0.0677281446396492,-0.117429098893948,0.617705950750841,0.326804535448277,-0.167181253143505,1,-0.279727788232042,-0.139912621853637,-0.139516886191857,-0.0207911281041212,-0.156798326162152,1.45670977303865,-0.378923927230433,0.183213977871604,0.12144989812522,1357.0000000001,0.30472939316117,0.119209168597198,1827.0000000001,0.402703635850604,0.707433028911773,0.0133826837081211,-0.127974789421521,0.770092127908886,-0.429052888740787,1.38605013286527,1.34540105868541,-0.549845173360278,0.725260893999521,-0.658090972425278,0.0530891992330632,-1.77742657063266,-0.914325526013839,1.09935805386838,34.0000000001,37.378173828225,1.09935805386838,34.0000000001,37.378173828225,1.93430571148537,1.95807738406495,1e-10,-0.653432761326927,-0.677142498345746,-0.224988232237662,-0.389307936182285,0,-0.044053220261396,0,-3.57648972802931e-16,-0.0227070388776265,0.659105738666804,-0.529532456650066,0.287602548149195,0.760265166388066,0.760265166388066,-0.822434013734032,-0.770426036617475,0.0118901436381177,-0.0605720141752686,-0.196894942503198,0.145431897781325,-0.148833778822635,0.989999874640821,0,1827.0000000001,0.00576464044982762,0.00761804315829352,0.352420087848521,0.795082901293247,4821.16728593876,0.001953125,149,1,"SNETWORK (1 137 4821.16728593876 0.352420087848521 87000234 149)",87
318,87000235,0.595186561473197,217,0.826606769083661,0.576140491778701,0.449959143780463,0.448153051499128,0.45024912066774,0.950534634219626,0.96512956349565,0.662569172097708,0.626809759433886,-0.0499029993676539,0.3534734471939,-0.112133272538455,-0.0499029993676539,-0.0499029993676539,-0.625123776951722,-0.897458452499741,-0.751202245924481,-0.0154743501325084,-0.973328329434426,-0.603050539930755,0.694143931109334,-0.735182512335809,-0.673195464551723,0.595186561473197,8,-0.0405007411954415,-0.305933127271957,-0.303715131927322,-0.549711958874112,0.585697604075753,0.170718616202251,0.626809500226941,2.07359601820668,0.138174127943718,2908.0000000001,0.777911972926344,0.0991356322670467,1398.0000000001,0.268315816230818,1.04622778905716,0.0225505951077802,-0.262974108974609,0.181175322655932,-1.03197947935058,0.0387003748008205,-0.109870984643849,-0.553571083900564,0.196646148233962,-0.752710397250327,0.861173386676768,-0.220050770549679,-0.441300496740238,0.477820763321154,26.0000000001,12.42333984385,0.477820763321154,26.0000000001,12.42333984385,0.245391889825918,0.393496854446677,1e-10,-0.353753989369092,-0.666270951078991,0.0903443169596744,-0.560921426762536,1,0.955946779738606,0.975277852907368,0.986233363658323,0.989828666406973,-2.71686090989406,0.199635714757018,0.0493031509940304,-1.86515613095538,-1.86515613095538,-1.82656411379986,-1.71508629070259,2.11278180737073,2.22532156081266,1.96473969425763,1.86587199448759,-0.0660665386341433,0.349950714286708,0,2908.0000000001,0.0167672642956614,0.0057833307121188,0.867887965556907,0.393481869480736,18538.4391360464,5.82076609134674e-11,329,1,"SNETWORK (1 318 18538.4391360464 0.867887965556907 87000235 329)",87
318,87000236,0.33623851358545,157,0.847990630531859,0.546799996361712,0.449959143780463,0.448153051499128,0.45024912066774,0.939523572655507,0.963882498369067,0.574557540698552,0.656779031060173,-0.0101680906227591,0.376847152509639,-0.0974630894203261,-0.0101680906227591,-0.0101680906227591,0.0347113691747807,-0.927855929608824,-0.776476861760695,-0.0474867993216174,-0.998271955862456,-0.603050539930755,0.694143931109334,-0.735182512335809,-0.673195464551723,0.33623851358545,8,0.714872964055791,1.86924592893334,1.92746530660275,1.433301489238,0.334662972248415,-0.542757239753209,0.656844521065177,0.675251333405151,0.170141272352344,5412.0000000001,1.78269392904945,0.166880580883619,4089.0000000001,1.32108948141052,3.10378341035997,0.0123041914140705,4.03427499891899,4.2266883006591,2.0603736117021,-0.417263646214543,-0.456744983551597,-0.115515687799362,-1.0020609287345,-0.0402594454090483,-1.53971615774721,-0.0950847546534302,-0.195679466904895,0.349183005108971,209.0000000001,72.979248046975,0.349183005108971,209.0000000001,72.979248046975,3.49248276977463,0.83956609042861,1e-10,-1.4662424905264,-1.82090436322184,-0.742963114540109,-0.700629265493619,1,0.955946779738605,0.975277852907368,0.986233363658323,0.989828666406973,-0.146651766189315,0.269488933150446,-0.917129014759709,-0.148102214212774,-0.148102214212774,-2.86746392399883,-2.0233183218038,-0.26359578518583,-0.528105973563475,-0.122951095139428,-0.262618862907141,0.378233702354696,0.342844388721201,0,5412.0000000001,0.00706705470611071,0.00523713660795982,0.570185545280989,7.93966993639263,18185.6330294557,5.82076609134674e-11,362,1,"SNETWORK (1 318 18185.6330294557 0.570185545280989 87000236 362)",87
56,87000237,-0.848413302543809,53,0,0,-0.0539298651555209,-0.0526282971591558,-0.0497659234028937,-0.309771073103834,-0.0461991497664434,-0.467971028953894,0.00273463819251656,1.00460033616268,-0.672705967088648,0.91892221320056,1.00460033616268,1.00460033616268,0,0.16241613071823,0.333952004581186,0.162380668687301,0.0183498845429558,0.396949460069245,-0.3182243350896,0.145121969788322,0.0313608172450206,-0.848413302543809,2,-0.341750961362967,0.0726771520885315,0.0728496725766468,0.0767774283130706,-0.844585486504115,0.495903260700319,0.00273822850547235,-0.437784304939151,0.356311714209742,10433.0000000001,5.94784018138609,0.217592942727474,8171.0000000001,2.84472309483215,8.79256327611824,0.140799207319918,0.0721238278549524,0.823299538121695,0.829014546651392,0.113857844023194,0.687123447025889,1.3551456809795,0.128010527489989,1.39847215293013,0.172838158935659,1.3946242995624,1.51523909404258,0.769136869090385,52.0000000001,39.9951171876,0.769136869090385,52.0000000001,39.9951171876,1.45214510882469,0.827849283069698,1e-10,0.13326744140861,-0.061421293101945,1.925976488109,0.095591935913012,-0.0232557920329049,-0.14537465218179,-0.0456231212689031,-0.0156221991134731,-7.55327866800404e-06,0.554554169766988,-0.705398381989698,0.543986079375377,0.628524245085561,0.628524245085561,-0.849765061221142,-0.617927875673307,-0.980235197554701,-1.09760665369213,-1.66145683592828,-0.440490723829433,-0.483857523612271,0.309789921304112,0,10433.0000000001,0.0952453972643001,0.0455538099556177,0.618862643781021,0.424640918238298,6050.2679226659,0.00048828125,67,1,"SNETWORK (1 56 6050.2679226659 0.618862643781021 87000237 67)",87
319,87000238,-0.183301097923177,24,0.849676501735058,0.527879359151426,0.423921895297046,0.422083328008158,0.425620192291929,0.863194548301593,0.877406398626055,0.538461633421243,0.778078818623173,-0.0131589899244843,0.366994334026988,-0.0441537712751734,-0.0131589899244843,-0.0131589899244843,0.274691587830402,-0.737180476798259,-0.542904912740918,0.421227697100859,-0.876610321632116,-0.604424467785202,0.699593179675348,-0.759818089809216,-0.694672009762475,-0.183301097923177,8,0.586188608050339,0.260185308345236,0.261893946899917,-0.686899113481115,-0.190635975924033,-0.491009779876571,0.778112090968194,-0.0101015413327556,0.215617096491673,6249.0000000001,2.60857326891308,0.130366319787267,2346.0000000001,0.592110462081725,3.2006837308948,0.0442641072220726,0.27797418222883,-0.0130154916876868,1.2190680156197,-0.267304646220068,-0.708429899642361,-1.22759422874544,-0.581453872117438,-1.08710080709383,-0.1471866490124,-0.896888012363523,-2.01214458547963,0.179997848352119,59.0000000001,10.619873046975,0.179997848352119,59.0000000001,10.619873046975,0.16645830004123,0.0505572294601198,1e-10,-0.732622618107257,-0.662896724545859,-0.521711872984245,-0.569983747447516,1,0.867841683603147,1.11446852592804,1.12323690396323,1.18436031392693,-1.04574035814946,0.367604902477698,0.731467893048641,-0.916664551972218,-0.916664551972218,0.932323467871912,-0.857711027721175,0.869108540474464,1.14293956207473,1.7358991292789,0.310979601622678,0.0957167012911405,0.726441442886088,0,6249.0000000001,0.0360754689679521,0.00818863815412047,0.6957101433952,0.0702113453298807,17340.8193264556,1.16415321826935e-10,431,1,"SNETWORK (1 319 17340.8193264556 0.6957101433952 87000238 431)",87
137,87000239,-0.220138993417454,73,-0.169336007143403,-0.45983907781187,-0.612877153222713,-0.614349237474709,-0.609405455638136,-0.0144227913061363,-0.0217645507859607,-0.178396969365607,-0.377541211563688,0.0277193031958222,-0.0159502595060403,0.0508373072337495,0.0277193031958222,0.0277193031958222,0.356507957514699,0.0600572763231206,-0.0238277565975418,-0.792550782650312,0.0444236913346397,0.0677281446396492,-0.117429098893948,0.617705950750841,0.326804535448277,-0.220138993417454,1,0.0190112876491162,-0.288995968603698,-0.287035502246291,-0.602710142265014,-0.219476470275159,0.601959600236938,-0.364810243898757,-0.0536567427083016,0.202380186480691,996.0000000001,0.372704532764053,0.0930540131183391,616.0000000001,0.105987137823346,0.478691670487399,0.0101812011829975,-0.249979135414669,-0.869746412815735,0.321815145338862,0.977433265486677,0.55355216095565,-1.54068164342686,0.444335097425429,-2.09053797271168,-0.181151986805666,-0.54643631200912,-0.200646468267864,0.102278645933333,15.0000000001,1.5341796876,0.102278645933333,15.0000000001,1.5341796876,0.365496607462291,0.471431593496596,1e-10,1.10999260249424,0.68180606148621,0.927123388629699,0.611740305368471,0,-0.0440532202613966,0,0,-0.0227070388776269,-0.795306792660111,-0.0104096608971046,-0.516882714617953,-0.724665449249119,-0.724665449249119,0.50817239801366,0.441658632733685,-0.50365938403065,-0.59376723862112,-0.239944553206577,-0.525581224871303,1.06245275122059,1.0164206025591,11503464233.9946,996.0000000001,0.00792698103254317,0.00225422005045429,0.337001521457001,0.206450047902763,4794.3858288191,0.001953125,176,1,"SNETWORK (1 137 4794.3858288191 0.337001521457001 87000239 176)",87
137,87000240,0.409186194642182,130,-0.166057912338905,-0.453200003638288,-0.550040856219537,-0.551846948500872,-0.54975087933226,-0.0271632332855459,-0.0559047351221838,-0.620571370024701,-0.401215482269403,-0.0873070829871308,-0.011935943909919,0.132016815498996,-0.0873070829871308,-0.0873070829871308,-0.874525752801335,0.152453087355425,0.0503749780519699,-0.683684833570297,0.11874338012085,0,0,0.264817487664191,0.333376028400019,0.409186194642182,1,-0.257512459830196,-0.837326663812689,-0.817403626069674,-0.83861008510052,0.4036170300764,0.116353838587137,-0.401172546629634,1.08133225560562,0.0515794339206776,1798.0000000001,0.171476102103787,0.0948516776599935,737.0000000001,0.129255743161143,0.30073184516493,0.00986916533785695,-0.595357856490188,-0.0182999758379886,5.24766873193892,-0.259619848264465,0.123045454969496,0.848741205923027,0.554518416559823,1.81633918050589,-0.176386243300652,-0.844954244825542,-0.40629294359716,0.2530859376,25.0000000001,6.3271484376,0.2530859376,25.0000000001,6.3271484376,0.57527381534817,0.696285324863465,1e-10,0.23520880111582,0.213736208239485,-0.0963673673019004,0.0730050552811179,0,0,-0.0247221470926318,-0.0137666363416772,-0.0101713335930273,-0.649720732600242,0.103636309978614,-0.813612640074254,-0.605641478097785,-0.605641478097785,-0.801418631734564,0.371636786302636,0.388297199888166,0.375190082595711,0.205377919123617,0.446026189004075,0.940197894718091,0.548776668455302,0,1798.0000000001,0.00562735876758779,0.00424180647026916,0.529336771004415,2.00285896279008,5128.46476375728,0.001953125,222,1,"SNETWORK (1 137 5128.46476375728 0.529336771004415 87000240 222)",87
319,87000241,-0.200145381387511,18,0.849676501735058,0.527879359151426,0.423921895297046,0.422083328008158,0.425620192291929,0.863082821156518,0.876525329098964,0.53721512716213,0.779027450089776,-0.0134603745915973,0.366712850572358,-0.044187172817716,-0.0134603745915973,-0.0134603745915973,0.266502112629115,-0.733546424585257,-0.53903164884572,0.428442349159816,-0.874071480669715,-0.604424467785202,0.699593179675348,-0.759818089809216,-0.694672009762475,-0.200145381387511,8,0.507018775889935,0.260968061440062,0.262686217390895,-0.596360675695911,-0.207647858648644,-0.486373627369484,0.779023630450899,0.291480598782449,0.285907541168875,4108.0000000001,2.27386861272184,0.129858039021008,1477.0000000001,0.371328819576543,2.64519743219838,0.0365596058520367,0.278897349165102,-0.79041567311188,2.926639866861,-0.428434983619728,-0.386686862751156,0.0847300180349067,-0.57834244381137,0.0777590577126294,-0.140408598353465,0.011181402628539,0.0257485514580537,0.444186740551389,54.0000000001,23.986083984475,0.444186740551389,54.0000000001,23.986083984475,0.751466581282882,0.343348513228694,1e-10,-2.53242783273375,-2.05038039675336,1.93312204723565,-0.730435228609621,0.744186065853319,1.15858997967623,1.11446852592804,1.12323690396323,1.18436031392693,-3.52227731957864,-0.0471237988537832,-0.199027110109288,-2.1677966111498,-2.1677966111498,-2.75329961579199,-1.16874909271896,0.350899572234706,0.401741618731249,1.03212837779498,-0.0263057488015935,0.0546672225041282,0.0910534204769987,0,4108.0000000001,0.0314274235263559,0.00513218222568072,0.636091818447979,2.67713800790093,17307.6904193839,1.16415321826935e-10,443,1,"SNETWORK (1 319 17307.6904193839 0.636091818447979 87000241 443)",87
56,87000242,-1.11758210252325,16,0,0,-0.0539298651555209,-0.0526282971591558,-0.0497659234028937,-0.322665830354786,-0.0525335963041864,-0.462501810780812,0.00809790940069005,1.01128695139618,-0.675161830891357,0.910727095073658,1.01128695139618,1.01128695139618,0.0933060526420178,0.149300470947027,0.319797120017839,0.12125361598649,0.0111312172784721,0.396949460069245,-0.3182243350896,0.145121969788322,0.0313608172450206,-1.11758210252325,2,1.02238970923671,-0.137027273049741,-0.136649835681132,-1.37014355273622,-1.11393237299697,0.812189131987553,0.00810195327076119,2.25155219760293,0.501825712138085,6874.0000000001,5.51927991137503,0.0687046142060613,4210.0000000001,0.462794280718039,5.98207419199306,0.112908328161119,-0.125472539724469,-0.96804235356226,-1.14747331382296,0.495726686623423,0.597700142064699,0.0472436875852225,0.437721382485913,0.066727255753242,0.513942000520765,0.738270326085816,0.807225555982105,0.4260986329125,40.0000000001,17.0439453126,0.4260986329125,40.0000000001,17.0439453126,0.447625153703676,0.316379137603545,1e-10,-0.739326009339818,-0.944794908744206,-0.728422786118014,-0.613314270510433,-0.0232557920329049,-0.14537465218179,-0.0456386537822686,-0.0156235779160853,-3.8573928898018e-16,-0.776279692985506,-0.595905734337849,0.0327892875019657,-0.709428321428635,-0.709428321428635,1.04454353766643,0.654069238649004,0.0295804510800867,-0.122094857702211,-0.521804818265646,0.335079505130155,-0.331865600961295,-0.133120690766944,0,6874.0000000001,0.104173343040096,0.00873498502102246,0.340368852848905,0.976517225844509,5827.4983245354,0.00048828125,25,1,"SNETWORK (1 56 5827.4983245354 0.340368852848905 87000242 25)",87
56,87000243,-0.481777764724455,102,0,0,0,0,0,-0.186629130150474,-0.0145960682812735,-0.334136585622628,-0.0124393629056052,0.959174571559569,-0.644699628058902,0.908068835669845,0.959174571559569,0.959174571559569,-0.322880023214567,0.233518697519426,0.412768855188555,0.365195617281443,0.0600711005064175,0.442037567785408,-0.329724348592432,0,0,-0.481777764724455,2,0.542252429057949,1.00785364773341,1.02818376026567,0.294454668285963,-0.42316710140681,2.08667783252693,-0.0123621491393459,0.486530405844794,0.699911845432184,6002.0000000001,6.72139343318836,0.541039555244872,10321.0000000001,8.93451079793283,15.6559042310212,0.120973737604368,1.47006295833374,-0.362180401028917,0.412977519892721,2.02293198576562,1.85259967958201,-1.05849953192228,0.0805266881818196,-0.53071562329409,0.0970261206837346,0.635826078611068,0.676565023005737,1.05589255318494,78.0000000001,82.359619140725,1.05589255318494,78.0000000001,82.359619140725,3.30634182838445,1.25540212117673,1e-10,-0.305396936692055,-0.176549348495791,-0.319325918599227,-0.168462354664675,-0.0116278960164524,-0.0726873260908948,-0.0247221470926318,-0.0137666363416772,-0.010171333593027,-0.3310590381302,0.624188568428323,0.0415756013049661,-0.324575754218905,-0.324575754218905,0.71244040716465,0.138959552425184,-0.500075726594228,-0.357109615236057,-0.0654907363129449,-0.609824136090835,0.334769548344918,0.101888259103117,0,10321.0000000001,0.0519364498431256,0.0690372876612427,0.973872650513907,4.81760304384204,6334.24350527222,0.00048828125,77,1,"SNETWORK (1 56 6334.24350527222 0.973872650513907 87000243 77)",87
318,87000244,0.00226178899874,71,0.847990630531859,0.546799996361712,0.449959143780463,0.448153051499128,0.45024912066774,0.910493819610743,0.951210880910324,0.523283935694392,0.681488739329332,0.01637090399229,0.387239641599062,-0.0880947641441508,0.01637090399229,0.01637090399229,0.204825159042863,-0.862277213088779,-0.705721793606799,0.0556738144329304,-0.94888941182855,-0.604424467785202,0.699593179675348,-0.759818089809216,-0.694672009762475,0.00226178899874,8,0.840498740351233,-0.235163686791321,-0.233911428158802,-1.30890710909958,-0.00465057774217885,0,0.681600981673051,-0.488906863757008,0.413517727730199,5722.0000000001,4.58090523546459,0.124208304446824,392.0000000001,0.0942640341542815,4.67516926951887,0.0953131445124764,-0.207532272147034,0.723729944363301,0.332430793262874,0.620662976797706,-0.208641597355315,-2.46405124280298,0.0324510987937608,-3.21285224185495,0.710504143645364,-4.45357266173229,-9.34856143400763,0.207356770933333,27.0000000001,5.5986328126,0.207356770933333,27.0000000001,5.5986328126,0.543388363619795,0.628103119323796,1e-10,-0.576598297180272,-0.552834005267064,2.06505387803623,-0.561972873944946,1,0.867841683603147,1.15216222552828,1.16418216806173,1.17853025420399,-1.21637825372438,0.388541466010143,0.561603770869939,-1.0388050607326,-1.0388050607326,0.0806879710928889,0.404663664358632,0.835514569751218,1.14173650119632,1.59924546138102,0.335586224392696,-0.300290035243797,1.87584096895819,0,5722.0000000001,0.0933913741036475,0.00192177030882887,0.116194037851968,0.681721394231357,17647.6092672949,5.82076609134674e-11,381,1,"SNETWORK (1 318 17647.6092672949 0.116194037851968 87000244 381)",87
319,87000245,-0.195633418628642,20,0.849676501735058,0.527879359151426,0.423921895297046,0.422083328008158,0.425620192291929,0.863031168853767,0.876525329098964,0.53721512716213,0.778975596164253,-0.0134509883515854,0.36664523256147,-0.0442869864809907,-0.0134509883515854,-0.0134509883515854,0.267077535087862,-0.733634243853681,-0.539172675939672,0.428030672633577,-0.87409937916702,-0.604424467785202,0.699593179675348,-0.759818089809216,-0.694672009762475,-0.195633418628642,8,0.534546931743257,0.104389248960143,0.104713699135681,-0.782532038774981,-0.201759376689934,-0.348577506201501,0.778971284619219,0.0159408920401073,0.110529530687508,1592.0000000001,0.340667505701699,0.119006994472699,1477.0000000001,0.340300277980734,0.680967783582433,0.0106373244636215,0.104882365261454,0.105190453414025,-0.949500052052835,-0.378329977830796,-0.427786431028183,-0.174553137869651,-0.409573326380151,-0.169966605650922,0.162941230762048,-0.367026425931975,-0.822239132076657,0.1097656251,30.0000000001,3.2929687501,0.1097656251,30.0000000001,3.2929687501,0.154223433342507,0.155273502034892,1e-10,0.877025931348993,0.64637047525799,0.177712496017784,0.177918968043058,0.752353662680459,1.14930699599469,1.21488456242916,1.22567270023913,1.26993850185446,-2.41040610521183,-0.134522301906423,-0.2427583766268,-1.72750219165728,-1.72750219165728,-0.279822412246215,-0.600385432860771,0.843012543975992,0.717980296670628,0.745901978718164,0.781302321213543,-0.286229377255219,0.475014191344145,14191180250.0712,1592.0000000001,0.00532153039413883,0.00531579396948266,0.656420407649085,0.551965960650705,17318.9866767534,1.16415321826935e-10,451,1,"SNETWORK (1 319 17318.9866767534 0.656420407649085 87000245 451)",87
328,87000246,0.857137088040178,276,0.833942087661095,0.661934694919581,0.679648502105189,0.676245639047415,0.674971766192546,0.855849263604924,1.02489459133892,0.217026475096308,0.0886462548174102,-0.0546663910675336,0.26354977484254,-0.2786485418595,-0.0546663910675336,-0.0546663910675336,-4.11122243144783,-0.102435804840601,0.0168007972354027,1.08787320265639,-0.355492456387938,-0.560339494672534,0.667148486569063,-0.788859635579387,-0.682989322922567,0.857137088040178,8,0.089210189923413,-0.739230893001131,-0.72411802559274,-1.09656468602452,0.842921785459103,-0.44225605300296,0.0896231198575143,1.80538139701847,0.119633017648054,5196.0000000001,1.203454073449,0.108462552021143,1997.0000000001,0.419340882578904,1.62279495592791,0.0492612049650331,-0.543780835560535,0.683484060229577,-0.164599834655417,-0.50348417178805,-0.412508249449487,0.24000263736888,-0.0327317665686201,0.492798682428396,0.0921116621236993,-0.123898723306959,-0.145329051266735,0.858361446596212,33.0000000001,28.325927734475,0.858361446596212,33.0000000001,28.325927734475,0.94141155109642,0.960883163329031,1e-10,-0.0255445859635569,0.0105148308314811,-0.266137143542062,-0.0279659305467846,1,0.955946779738605,1.27717508738715,1.28529677079185,1.31366454417867,0.0915769229038054,0.697897097943568,-0.0788090599968848,0.0961327326763585,0.0961327326763585,-0.791210437860203,-0.734097502063747,-0.544151370632254,-0.509453356368025,0.237341848153704,-0.82366808262419,2.30031517967598,0.904286412633724,0,5196.0000000001,0.0365317857564198,0.0127294191086133,0.287108631782747,0.565130671792684,18910.1417193961,2.91038304567337e-11,488,1,"SNETWORK (1 328 18910.1417193961 0.287108631782747 87000246 488)",87
318,87000247,0.229170562178077,129,0.847990630531859,0.546799996361712,0.449959143780463,0.448153051499128,0.45024912066774,0.933516682546757,0.964076792113695,0.610355640506507,0.66705874360564,-0.000572778594585807,0.390578040999504,-0.087399294899171,-0.000572778594585807,-0.000572778594585807,0.0983296865823034,-0.904934586105227,-0.752403176142597,0.00111802553783833,-0.982640233432857,-0.603050539930755,0.694143931109334,-0.735182512335809,-0.673195464551723,0.229170562178077,8,0.659775407147585,0.717715343386632,0.728787726384565,-0.272270087615623,0.223745272615152,-0.600337529730545,0.667131379504654,1.66232837142893,0.236651070868981,5973.0000000001,2.73659362040514,0.131291105380027,8507.0000000001,2.16232544500159,4.89891906530674,0.0474281859982265,0.924724121283031,0.417624684745058,0.378942659467063,-0.635761396541478,-0.526384587345227,0.317144437578901,-0.802736411682458,0.19401800436601,-0.74919434883983,0.188431203337806,0.391929188871616,0.496189024490244,82.0000000001,40.6875000001,0.496189024490244,82.0000000001,40.6875000001,1.48244911053436,0.420883939095873,1e-10,1.13402809199908,0.621147481244776,0.0984157210620046,1.08285275572125,1,0.911894231670876,0.975277852907368,0.986233363658323,0.989828666406973,0.289378067012963,-0.742175529136037,-0.553423647467654,0.313815438979765,0.313815438979765,-0.723883282372213,-0.0908241558111464,0.604866965598566,0.354677971917548,-0.24517745915212,0.96714628830007,-1.24442804734367,-1.25025691976345,4531391011.34146,8507.0000000001,0.026493940647753,0.0209342452504735,0.419516765728533,3.69380660448223,18007.075980946,5.82076609134674e-11,322,1,"SNETWORK (1 318 18007.075980946 0.419516765728533 87000247 322)",87
137,87000248,0.542272575416595,147,-0.166057912338905,-0.453200003638288,-0.550040856219537,-0.551846948500872,-0.54975087933226,-0.0236150658283435,-0.0538064132272731,-0.683574080795155,-0.406435006519482,-0.114300799261257,0.00174655998148187,0.128558369030483,-0.114300799261257,-0.114300799261257,-1.25641012782046,0.15332680957002,0.0431288579266741,-0.691541131035287,0.1206004256873,0,0,0.264817487664191,0.333376028400019,0.542272575416595,1,-0.713747627123237,-0.591367220394911,-0.582108332466295,0.0421277660836707,0.536410053731058,0.0398544593551427,-0.406375459749009,0.0994774354892524,0.118800494993648,2626.0000000001,0.576833289838517,0.232548499264097,3132.0000000001,1.34670551587241,1.92353880561093,0.0519336869208551,-0.458284279788775,-0.44906875473364,-0.360045878617108,-0.0898212652309693,0.0917580136378345,0.40818558892907,0.306850059326366,0.727962279079464,-0.445377943648508,-0.270353616851927,-0.126499934125398,1.84772359923793,29.0000000001,53.5839843751,1.84772359923793,29.0000000001,53.5839843751,2.04689854153292,2.43602252321066,1e-10,1.25372722956246,0.74194200410101,0.499537856161524,1.207327432834,0,6.2602913664822e-16,-0.0247221470926315,-0.0137666363416776,-0.010171333593027,-0.254692426324496,-0.588186129582343,0.86466256591406,-0.252777214695586,-0.252777214695586,-0.672689842917475,0.473891037904552,0.551715299139643,0.627675159408618,0.23580460634098,0.650155721084568,-1.01088403491191,-0.724988556083403,9668826895.78709,3132.0000000001,0.015573940765477,0.036359746055378,0.587190882382098,3.35511632784361,5228.95513126054,0.001953125,216,1,"SNETWORK (1 137 5228.95513126054 0.587190882382098 87000248 216)",87
328,87000249,0.821797662884058,269,0.833942087661095,0.661934694919581,0.679648502105189,0.676245639047415,0.674971766192546,0.845590139198909,1.01802135818714,0.284726881605395,0.0926327714840167,-0.0451393888302877,0.246579012941904,-0.270095766437552,-0.0451393888302877,-0.0451393888302877,-1.091530680617,-0.111760541518209,0.0106688797984812,1.03310261642654,-0.357305947090006,-0.560339494672534,0.667148486569063,-0.788859635579387,-0.682989322922567,0.821797662884058,8,-0.0244358986542536,0.228003244382695,0.22934214286606,0.0874151881831325,0.812238500372644,-0.616992319283188,0.0926327590388452,2.21928686621662,0.334904507573782,5328.0000000001,3.45457424186717,0.152303535938716,3377.0000000001,0.995750121736972,4.45032436350415,0.0631131298094619,0.240497135929034,-0.70538278985996,-1.05163351011379,-0.590084075660992,-0.447853594021215,0.429989884043818,-0.666651669612045,0.394494086653765,-0.927685467136082,0.0311485350243776,0.0381086996323896,0.534986413143478,46.0000000001,24.6093750001,0.534986413143478,46.0000000001,24.6093750001,0.77874659410545,0.478730860883002,1e-10,0.0573377571589989,0.0518705172390469,-0.16100215384193,-0.0388650781693279,1,0.955946779738605,1.27717508738715,1.28529677079185,1.31366454417867,-0.20870904839343,0.598194205286432,-0.243241872215559,-0.208675794893458,-0.208675794893458,0.328717559352572,-0.464809692637145,-0.69350608125726,-0.646713032703518,0.0588223461030725,-0.933291367972433,1.93811389626116,0.904286412633724,0,5328.0000000001,0.0489917081111011,0.0141214215983608,0.229413301855261,5.76469084154814,18866.9092881459,2.91038304567337e-11,481,1,"SNETWORK (1 328 18866.9092881459 0.229413301855261 87000249 481)",87
318,87000250,0.0293298943047935,77,0.847990630531859,0.546799996361712,0.449959143780463,0.448153051499128,0.45024912066774,0.912472054804041,0.953505051305232,0.512671452501026,0.677314662419458,0.0134143395268295,0.381277170489038,-0.0963548949132394,0.0134143395268295,0.0134143395268295,0.150644182833131,-0.874260306679548,-0.721472772222019,0.0182602453360893,-0.955502396840921,-0.617135106478376,0.700828921651292,-0.704722392945234,-0.65941867091232,0.0293298943047935,8,1.00681907575752,0.980876516499795,1.00025477384167,-0.415109234039119,0.0222081304332487,-0.715208980910663,0.680358957848642,1.67077932336054,0.140824414497349,12249.0000000001,3.33954969272465,0.118963198252398,2284.0000000001,0.526039131758651,3.8655888243833,0.0305018220648374,1.41406287484928,0.638162167134122,-0.768432773727021,-0.717848379690831,-0.650768269700918,0.229289759213824,-0.927266385213017,0.110623580756665,-1.16670079605721,0.0815977317481797,0.172944500406201,0.0856261323463768,69.0000000001,5.9082031251,0.0856261323463768,69.0000000001,5.9082031251,0.0397606455025752,0.191265495253317,1e-10,-2.53242783268251,-2.18303489998199,2.06443211938618,-0.7338492263208,1,0.867841683603147,0.975277852907368,0.986233363658323,0.989828666406973,-3.48903519916465,0.160523610365101,0.271485132932459,-2.15681203017265,-2.15681203017265,-3.1239883235786,-0.876882200925294,0.909173819913684,0.813444972389358,0.121825313834929,1.18883100595992,0.276817342998548,0.0960983973725371,0,12249.0000000001,0.0263510566688505,0.00415076529598687,0.147048792571185,7.58510214908388,17684.1751301864,5.82076609134674e-11,356,1,"SNETWORK (1 318 17684.1751301864 0.147048792571185 87000250 356)",87
318,87000251,0.581801495078692,214,0.826606769083661,0.576140491778701,0.449959143780463,0.448153051499128,0.45024912066774,0.956235188455406,0.968573879302149,0.706830256320061,0.632528952048575,-0.0441910426365603,0.370877184100535,-0.109057885150906,-0.0441910426365603,-0.0441910426365603,-0.386633062638201,-0.922137878180375,-0.777168945578014,-0.0439431685433024,-0.993257947474517,-0.603050539930755,0.694143931109334,-0.735182512335809,-0.673195464551723,0.581801495078692,8,0.0484240059512284,-0.308402388387777,-0.306145438266827,-0.656893932378362,0.571959495002902,-0.17869534090338,0.63252569786511,0.415111743920409,0.127931205651453,6433.0000000001,1.59330663787933,0.122352586929144,575.0000000001,0.136204144393236,1.72951078217257,0.0373507290845043,-0.264854517008939,-0.299756217040181,-0.276337187824602,-0.0526390350042973,-0.0113567029007679,0.00363446313419523,-0.055049501276913,0.0182462804990327,0.567765305221744,-0.583961928584935,-1.15915849035464,0.145305524653571,35.0000000001,5.085693359475,0.145305524653571,35.0000000001,5.085693359475,0.0757600043741892,0.102283497780406,1e-10,1.69454380224972,1.08661919136459,0.734678800063364,1.72597298934769,1,0.955946779738605,0.975277852907368,0.986233363658323,0.989828666406972,-0.719488145789703,0.508668885607031,0.0216405038948324,-0.663383798954695,-0.663383798954695,-0.00849319433354265,0.279890335475169,-1.08866367374485,-1.13418758493209,-0.228741652666087,-1.31765016827502,1.64352351908378,1.16417533978606,18201210638.5072,6433.0000000001,0.0344092474205868,0.00294148156391749,0.854182213309056,1.32203872358749,18522.1964965543,5.82076609134674e-11,366,1,"SNETWORK (1 318 18522.1964965543 0.854182213309056 87000251 366)",87
318,87000252,-0.0240613538825274,64,0.849676501735058,0.527879359151426,0.449959143780463,0.448153051499128,0.45024912066774,0.908618442700198,0.948098098631105,0.499823329766096,0.683650522920584,0.0173346666260917,0.387064095711624,-0.0901922255333095,0.0173346666260917,0.0173346666260917,0.177248084184205,-0.84580151671128,-0.685016709997801,0.0929627041406928,-0.937958501921846,-0.604424467785202,0.699593179675348,-0.759818089809216,-0.694672009762475,-0.0240613538825274,8,0.411482907777553,-0.0616567092039877,-0.0616039627545873,-0.81030793615242,-0.0348723783459771,-0.320479824421928,0.683664457639751,-0.218387768320478,0.101554763249208,2556.0000000001,0.502539807158272,0.164931837661095,1624.0000000001,0.518560991645977,1.02110079870425,0.0181660787885676,-0.0580992975249005,1.31112172135452,0.235198102828512,-0.23587125603655,-0.410372956851752,-0.522739850110522,-0.30645290695969,-0.588917410603484,0.259948607149014,-0.318597193246523,-0.669761685300353,0.0994680305276316,19.0000000001,1.889892578225,0.0994680305276316,19.0000000001,1.889892578225,0.381065341768002,0.467240964817937,1e-10,1.11946511552074,0.664471150808821,0.407394534698765,0.588105183185821,0.87660043296585,1.00809279247877,1.32282507512579,1.33587202419674,1.36059429584542,-0.993897222036814,0.0351893450937304,-0.596957606455443,-0.878192259956493,-0.878192259956493,-1.11077488336118,-0.583177086804235,1.26735100031554,1.45754805061196,1.33960651665334,1.04859773666602,-0.13537936728014,-0.481668015903881,4533946923.59039,2556.0000000001,0.00894052545217563,0.00922555323639197,0.0801761881583474,0.884740959425654,17604.9246384417,5.82076609134674e-11,403,1,"SNETWORK (1 318 17604.9246384417 0.0801761881583474 87000252 403)",87
137,87000253,-0.143534750189987,80,-0.169336007143403,-0.45983907781187,-0.612877153222713,-0.614349237474709,-0.609405455638136,-0.0236927971207105,-0.0268953590244123,-0.213938662390823,-0.379425182826111,0.0194729370131574,-0.0162341116999739,0.0598335918106831,0.0194729370131574,0.0194729370131574,0.305662158970101,0.068655087050885,-0.0159642590575812,-0.783948328149891,0.0515382360612638,0.0677281446396492,-0.117429098893948,0.617705950750841,0.326804535448277,-0.143534750189987,1,-0.342344817666848,-0.327209574263457,-0.32464405428313,-0.173435558993106,-0.135002167523739,1.46703767200876,-0.379353688149462,-0.13931191892446,0.148893195103118,1559.0000000001,0.42919861225469,0.113217265635499,1644.0000000001,0.344153205729704,0.773351817884395,0.0169505121743982,-0.279059902478824,0.274904795042397,0.147192628627145,1.28570784792984,1.53991543902391,0.273806336481358,0.887026494071595,0.398855118513856,0.200750373372479,0.753547556727441,0.392125896150582,0.780037434995833,30.0000000001,23.401123046975,0.780037434995833,30.0000000001,23.401123046975,1.32256237654922,1.4819702153574,1e-10,0.210147541214994,0.296387275069275,0.131398739425004,0.464287660562075,1.03276561575505e-16,-0.044053220261396,-0.00624134936077802,-0.00347554548637551,-0.0195423002171849,0.284021072988936,-0.385999425520501,0.239241080623211,0.307733503640449,0.307733503640449,-0.534155269199417,0.391324788282894,-0.979930928156477,-0.965108390572316,-0.653395262998452,-0.954704966387331,-0.228672275917002,0.409070340527195,0,1644.0000000001,0.00940727892576221,0.007543233148636,0.358398206483978,0.815602743916265,4831.55104820474,0.001953125,124,1,"SNETWORK (1 137 4831.55104820474 0.358398206483978 87000253 124)",87
328,87000254,0.796540083924709,264,0.833942087661095,0.661934694919581,0.679648502105189,0.676245639047415,0.674971766192546,0.845972209107015,1.01767357117941,0.26793942522778,0.0928009685525633,-0.0447880359682417,0.247388168754144,-0.270200399689925,-0.0447880359682417,-0.0447880359682417,-1.06570303340571,-0.112805630512394,0.00970187941491859,1.03054277203836,-0.357974267566098,-0.560339494672534,0.667148486569063,-0.788859635579387,-0.682989322922567,0.796540083924709,8,0.0918136364529817,0.342074723322059,0.344910517081592,0.0638749797399949,0.78955953111466,-0.601510768903766,0.0928918627009858,0.655493861523271,0.430621409811916,9433.0000000001,7.86420406641197,0.133551941629894,3491.0000000001,0.902629195113282,8.76683326142525,0.113732337390484,0.377635037154562,-0.322714600256755,0.224101490507785,-0.6303185767513,-0.695386119596755,-0.155441311846137,-0.692816920431362,-0.128000966740424,-0.987510205849519,-0.291783684612931,-0.355778049652821,0.1875000001,61.0000000001,11.4375000001,0.1875000001,61.0000000001,11.4375000001,0.202243949450858,0.0393715182445098,1e-10,-1.50758977266464,-1.6495941356028,-0.322372976551606,-0.672663334946835,1,0.955946779738605,1.27717508738715,1.28529677079185,1.31366454417867,0.376631225038315,0.628527768699678,-0.549476279896074,0.414383780372547,0.414383780372547,-3.29080328072802,-2.0233183218038,0.887784888260162,0.831470266538038,1.12374037775121,0.648595777952075,1.00604926027371,0.241201931785681,0,9433.0000000001,0.102022507184742,0.0117098301057422,0.19487510417225,4.10213954452462,18841.0290261088,2.91038304567337e-11,477,1,"SNETWORK (1 328 18841.0290261088 0.19487510417225 87000254 477)",87
137,87000255,0.401050710937012,129,-0.166057912338905,-0.453200003638288,-0.550040856219537,-0.551846948500872,-0.54975087933226,-0.0263464916065382,-0.0555746869984611,-0.620571370024701,-0.401145249737366,-0.0869463939608012,-0.0116451689856859,0.131212900497772,-0.0869463939608012,-0.0869463939608012,-0.868842289965675,0.152513869981409,0.0505067717745499,-0.683807911058726,0.118817238995296,0,0,0.264817487664191,0.333376028400019,0.401050710937012,1,-0.253031374606867,-0.0656413156091758,-0.0655786753891618,0.0391453077321216,0.392647572308833,0.105417117379115,-0.401143009796711,-0.23677121961513,0.0827825946888549,915.0000000001,0.140054630770278,0.0739131187743274,3275.0000000001,0.447579489023307,0.587634119693585,0.0104871290359946,-0.0617599064286294,5.09796749439125,-0.848233246450214,0.0899829765135868,-0.0238421179254257,-0.404279729056111,-0.00505700059309038,-0.455013593424698,-0.784676502217445,-2.80781704925218,-1.35038957071943,0.533057803299405,42.0000000001,22.388427734475,0.533057803299405,42.0000000001,22.388427734475,1.27823903413323,1.11372348706719,1e-10,-0.104918547024151,-0.213849314365806,-0.212477071394128,-0.309478091110463,0,6.2602913664822e-16,-0.0247221470926318,-0.0137666363416772,-0.010171333593027,-0.645588509520763,0.0968205047676283,-0.831211792034059,-0.602180182231651,-0.602180182231651,-0.422013832408627,0.578390817069444,0.553464592194454,0.501911682852789,0.0536223656441344,0.745513570322942,0.71387355831909,0.495769646380545,0,3275.0000000001,0.00249946509392294,0.00798766384207164,0.524984206172782,2.82083842550983,5120.90452596092,0.001953125,220,1,"SNETWORK (1 137 5120.90452596092 0.524984206172782 87000255 220)",87
56,87000256,-0.806164590233751,58,0,0,-0.0539298651555209,-0.0526282971591558,-0.0497659234028937,-0.308734914343165,-0.0465233444488334,-0.47888716611561,0.00111141341001588,1.00311930624203,-0.678640324044457,0.925585722302276,1.00311930624203,1.00311930624203,-0.00160066598889401,0.165132414318546,0.336312220516837,0.169758422819791,0.0199922556662164,0.396949460069245,-0.3182243350896,0.145121969788322,0.0313608172450206,-0.806164590233751,2,-0.192447392598781,-0.119974846046005,-0.119696600922418,-0.125467549150348,-0.804251222645751,0.381199173847172,0.00153476665737897,-0.383125274456412,0.195215213914482,3435.0000000001,1.07290281522349,0.0701470907813794,6289.0000000001,0.705848085371717,1.77875090049521,0.0331265724476888,-0.110570105903968,0.484549979143496,0.0187699747050066,0.341645587902197,0.463911295619958,0.131783410135466,0.197091916197302,0.166680849833901,0.249296979264593,0.114992237436502,0.126790635876443,0.776901657616892,37.0000000001,28.745361328225,0.776901657616892,37.0000000001,28.745361328225,0.959769193881055,0.839426585825847,1e-10,-1.39572862412127,-1.36083243022033,1.77945303409447,-0.621716231074752,-0.0232557920329049,-0.14537465218179,-0.0351803085670867,-0.0146952031345519,-0.00508577034258648,0.87243135359956,0.53354856053494,-1.20640083581583,1.04338121294492,1.04338121294492,-1.89965524761497,-0.865514850130079,-0.129695366537173,-0.0600232228985038,-0.383183671281594,0.0502180361156068,-0.095042641309848,0.0894165295648209,0,6289.0000000001,0.0199812085657022,0.0131453637819866,0.657111169014716,0.61631470109727,6080.86324964564,0.00048828125,13,1,"SNETWORK (1 56 6080.86324964564 0.657111169014716 87000256 13)",87
318,87000257,-0.0151839775025982,67,0.847990630531859,0.546799996361712,0.449959143780463,0.448153051499128,0.45024912066774,0.908922107695429,0.950273272077647,0.515867368606147,0.68220517679399,0.016963666248015,0.386790888993039,-0.0886611639584198,0.016963666248015,0.016963666248015,0.195906335586624,-0.857219787171171,-0.699420815842788,0.0666086850990584,-0.94546856639773,-0.604424467785202,0.699593179675348,-0.759818089809216,-0.694672009762475,-0.0151839775025982,8,0.827397348523461,0.781573205043153,0.794488751215532,-0.415890510620385,-0.0155624625644982,-0.266592053675218,0.68219959482029,2.05383695111895,0.127052775500127,5344.0000000001,1.31449799344305,0.185727090324582,359.0000000001,0.129085964845277,1.44358395818833,0.013298703276441,1.03451299548014,-0.647853925917936,-0.508211708089825,-0.418940108423114,-0.203463968552855,0.588896705631316,-0.63748737210378,0.344517573191891,-0.328099673194521,0.274315572910536,0.576333005756862,0.189515904117857,35.0000000001,6.633056640725,0.189515904117857,35.0000000001,6.633056640725,0.58866271314162,0.60150237986389,1e-10,0.233535911850616,-0.0249937009677695,1.91908547624681,-0.25210049014108,1,0.867841683603148,1.1517511211886,1.1637685898318,1.1780916849822,-0.895319655842129,0.461423949243976,0.530136305133224,-0.803223743568343,-0.803223743568343,0.0490491843029802,0.188059713798823,0.391349717434137,0.612352390321804,1.48737490422978,-0.204340171853103,1.01090105890836,1.40887225506259,0,5344.0000000001,0.0121095268076032,0.00118917636883779,0.0922506231168985,6.13070979399958,17619.2340094675,5.82076609134674e-11,340,1,"SNETWORK (1 318 17619.2340094675 0.0922506231168985 87000257 340)",87
137,87000258,-0.891085110522896,29,-0.169336007143403,-0.45983907781187,-0.612877153222713,-0.614349237474709,-0.609405455638136,-0.0262404589616651,0.00121990860040482,0.000293529694168976,-0.358119619129635,0.13796825072413,-0.0870875829514111,-0.00178853939414235,0.13796825072413,0.13796825072413,0.58080341647324,-0.0320201900576011,-0.113688663062367,-0.976875231654767,-0.0197867511901468,0.0677281446396492,-0.117429098893948,0.617705950750841,0.326804535448277,-0.891085110522896,1,-0.857394895515348,-0.335559459517725,-0.332850173055788,0.690923570332347,-0.876807494088777,1.67063128851995,-0.358113587501062,-0.132414647638719,0.120893578657821,178.0000000001,0.0397887761654876,0.375114040312367,401.0000000001,0.278128207632702,0.317916983698189,0.00701414605136152,-0.28530103220883,-1.82239551806128,-0.472435790067442,1.41702672221727,1.9267540462849,1.02498663929212,0.976274637175368,1.46536973460023,0.339648683327702,1.64506733324113,0.899718031796097,0.778076171975,17.0000000001,13.227294921975,0.778076171975,17.0000000001,13.227294921975,0.280579152741983,0.841177787197119,1e-10,-0.261208616918177,-0.42628552193555,-0.236239789051074,-0.261419261358354,-1.03276561575505e-16,-0.0440532202613966,0,0,-0.0227070388776261,0.822102514227976,0.130951965321111,-0.982252870778581,0.97480470596466,0.97480470596466,0.518951806476465,0.440937747037009,-0.733620597409,-0.687715839869364,-0.86889144181893,-0.513607782783814,-0.100609738997742,0.204755901967197,0,401.0000000001,0.000877852700383258,0.00613629325097827,0.198937173174452,1.44988013575556,4554.57336315978,0.001953125,98,1,"SNETWORK (1 137 4554.57336315978 0.198937173174452 87000258 98)",87
137,87000259,0.44470918215627,134,-0.166057912338905,-0.453200003638288,-0.550040856219537,-0.551846948500872,-0.54975087933226,-0.0278622677673512,-0.0560950791074206,-0.6300650899948,-0.401613576014081,-0.0898388780780936,-0.0103849697976107,0.131132053167376,-0.0898388780780936,-0.0898388780780936,-0.895361476280946,0.15105568840147,0.0483972224813719,-0.685862156327437,0.117688018077906,0,0,0.264817487664191,0.333376028400019,0.44470918215627,1,-0.39149109002733,-0.501349946370251,-0.494887386641929,-0.320448206904506,0.434801691987765,-0.36579111053625,-0.401608707195796,-0.0893091946119729,0.0963603016738399,966.0000000001,0.17211258273448,0.0854713872472253,2373.0000000001,0.375021213860311,0.547133796494791,0.0137574049604873,-0.40125953660607,-0.573865473085746,1.4047976415943,-0.249367873832052,-0.188867053921851,0.09861431823799,-0.100479796844075,0.177210992650479,-0.906344665496204,3.49430895754399,1.68331146975547,0.185513583196591,22.0000000001,4.081298828225,0.185513583196591,22.0000000001,4.081298828225,0.119720040704798,0.0423332666311131,1e-10,0.344026069471416,0.349891954838568,1.75442370937414,0.383274937410042,0,0,-0.0247221470926315,-0.0137666363416776,-0.0101713335930273,-0.00439276158461028,-0.60882858784307,1.01506989290484,-0.00453967175751931,-0.00453967175751931,-0.340185746267372,0.375202014467788,1.05489192131783,0.97468072031803,0.377938336896739,1.25395435799064,-0.708370147889674,-0.669141695529066,0,2373.0000000001,0.00432768455629833,0.00942972030418895,0.543494956952422,0.464912542083766,5153.05698849662,0.001953125,119,1,"SNETWORK (1 137 5153.05698849662 0.543494956952422 87000259 119)",87
137,87000260,-0.242966808254432,71,-0.169336007143403,-0.45983907781187,-0.612877153222713,-0.614349237474709,-0.609405455638136,0.036947439463448,0.0141716422894528,0.00744801841503241,-0.364750850092599,0.070662864892382,-0.0143642532192287,-0.0292940870515638,0.070662864892382,0.070662864892382,0.481980366592102,0.00881940241529567,-0.0723781484762832,-0.875394076519286,0.00612992425723046,0.0677281446396492,-0.117429098893948,0.617705950750841,0.326804535448277,-0.242966808254432,1,0.092495225975228,-0.257362161337371,-0.255837982257512,-0.655047598804985,-0.235950113461347,1.04418006309013,-0.36386604980632,-0.0288157984401579,0.152100079994189,2901.0000000001,0.81585788565523,0.099942333339485,2092.0000000001,0.386588124600739,1.20244601015597,0.0249460355222909,-0.225249367940074,-0.430864877549048,-0.534640874080157,0.476490857274995,1.74547096557522,3.35556400119738,0.643020373965136,4.48039057401748,0.017253861141719,3.30335936366727,1.78270599171968,0.460580008470536,28.0000000001,12.896240234475,0.460580008470536,28.0000000001,12.896240234475,0.862787840031613,1.00565906638563,1e-10,-0.350432143419577,0.109890232377847,1.77738560187745,0.221772009065526,0,-0.044053220261396,-0.00994171693282916,-0.00553612486906429,-0.0176659918043427,0.519352697550083,-0.696770733806988,0.23327899233054,0.58516759254741,0.58516759254741,-0.123999780929768,0.473475567981964,-0.829837516045079,-0.914601570654828,-0.700904839166976,-0.728698606317464,0.109955958777071,0.421764920229473,0,2901.0000000001,0.0169258490962674,0.00802018632602353,0.330320700234116,1.37733499451394,4782.78149917123,0.001953125,117,1,"SNETWORK (1 137 4782.78149917123 0.330320700234116 87000260 117)",87
318,87000261,0.556991507524219,207,0.826606769083661,0.576140491778701,0.449959143780463,0.448153051499128,0.45024912066774,0.95095693590162,0.966237381061377,0.661102130386707,0.634480858517221,-0.0408556999559826,0.364469772295903,-0.107198114954739,-0.0408556999559826,-0.0408556999559826,-0.376650446106994,-0.913253119062245,-0.766729358648781,-0.0379820768914922,-0.985526393060275,-0.603050539930755,0.694143931109334,-0.735182512335809,-0.673195464551723,0.556991507524219,8,-0.482517998013199,-0.327503098938584,-0.324932596005133,0.0389609682436262,0.548644663533946,0.156483462526126,0.63503107767104,-0.449924220244688,0.28756074444909,5331.0000000001,2.96788865195055,0.0705950877525015,1907.0000000001,0.260636056844104,3.22852470869465,0.0707799408089668,-0.279279979359649,-0.0393869201679909,-0.331863441914468,0.372105553507967,0.472765540696157,0.0688240253212049,0.202170765872421,0.110503096829627,0.873296698666372,-0.176866964304864,-0.355485974944966,0.102738814020455,33.0000000001,3.390380859475,0.102738814020455,33.0000000001,3.390380859475,0.446738259436432,0.472117704296026,1e-10,0.367247107211317,0.458127036106204,-0.05893713487548,0.633798256777507,1,0.955946779738607,0.975277852907368,0.986233363658322,0.989828666406973,0.143721989789041,-0.753830776402957,-0.0356449402409906,0.15216584560245,0.15216584560245,-0.0319222105293313,-0.357462751920143,0.598056108049139,0.668229363828891,0.562387237931217,0.545723675772306,-0.583847284698247,-0.344538048568104,0,5331.0000000001,0.0650659362307428,0.00571400447822398,0.820800788955815,0.112591719254851,18482.6362862355,5.82076609134674e-11,359,1,"SNETWORK (1 318 18482.6362862355 0.820800788955815 87000261 359)",87
318,87000262,0.612628957475943,223,0.826606769083661,0.576140491778701,0.449959143780463,0.448153051499128,0.45024912066774,0.948285280682775,0.964584008624921,0.629809137001054,0.624058219487165,-0.052559838719684,0.346602384172296,-0.114761641429871,-0.052559838719684,-0.052559838719684,-0.757889716531261,-0.886468835262175,-0.740177984202938,-0.00211948306517077,-0.964542564226631,-0.603050539930755,0.694143931109334,-0.735182512335809,-0.673195464551723,0.612628957475943,8,-0.051361697624092,0.481962144834535,0.487307101061693,-0.351898105783884,0.609190053148775,-0.0547533034167368,0.624155123508267,1.69059816081739,0.280724641418633,3852.0000000001,2.09351528301042,0.103011568230985,1860.0000000001,0.370943926166805,2.46445920907723,0.0286668833487549,0.563123768065301,0.795139480657519,-0.303410292438904,-0.035259373374699,-0.149530306665127,-0.421920440991515,-0.401389413946517,-0.315413862877225,0.0692313938837114,-0.669265835527061,-1.34685951686111,0.475490663209756,82.0000000001,38.9902343751,0.475490663209756,82.0000000001,38.9902343751,1.40816370154788,0.390022674261383,1e-10,0.406513401462646,0.248728102953345,-0.172740751700907,0.318540411795442,1,0.955946779738606,0.975277852907368,0.986233363658323,0.989828666406974,0.127460810404715,-0.804724064023094,0.447377117893854,0.13459005583914,0.13459005583914,-0.802384214842201,0.42087271112014,0.0958487141992716,-0.0917422986332292,-0.347955754241575,0.335404812266824,-0.898329805252248,-0.939637185774139,0,3852.0000000001,0.0243520192892881,0.00431486395946678,0.896732116042378,1.12370571680367,18572.6222388282,5.82076609134674e-11,404,1,"SNETWORK (1 318 18572.6222388282 0.896732116042378 87000262 404)",87
56,87000263,-0.619603725581617,80,0,0,0,0,0,-0.232991304785743,-0.0269445277755957,-0.375613965854531,-0.00697451707749963,0.975341315254124,-0.657759997656838,0.910481050833933,0.975341315254124,0.975341315254124,-0.154302598320537,0.206786032655027,0.382470250528818,0.294070648094911,0.0437167121971372,0.442037567785408,-0.329724348592432,0,0,-0.619603725581617,2,0.290277361109415,0.519924382505483,0.526069824235019,0.00245297808992499,-0.598843757900149,0.982150386507379,-0.00696511339026066,1.21547113382795,0.315947545195493,7306.0000000001,3.69330042324516,0.153572423132232,6547.0000000001,1.60870184584588,5.30200226899104,0.0598757253726119,0.617006636902202,-0.550543867353386,2.26604443868619,0.578589631378776,0.396330983789698,-0.720739798280002,0.0504976940606256,-0.523297094551304,0.0689536593650227,-0.539920369791544,-0.577583690991644,1.89340164422313,67.0000000001,126.85791015635,1.89340164422313,67.0000000001,126.85791015635,5.25392958283228,2.5041285063031,1e-10,0.228843744893436,0.245684032435807,1.77707996770259,0.190523511705364,-0.0232557920329049,-0.14537465218179,-0.0247221470926318,-0.0137666363416772,-0.010171333593027,-0.329856089894501,0.515392322628868,-0.400383905547607,-0.323458541493374,-0.323458541493374,0.825124995923003,0.0524132279656556,-0.708470632341956,-0.621730799059566,-0.107110589475719,-0.868696776686753,-0.0950426413073285,-0.367472144167338,0,7306.0000000001,0.0417085905041897,0.0181671347684222,0.815278657437201,0.0834375785835394,6207.38279507341,0.00048828125,59,1,"SNETWORK (1 56 6207.38279507341 0.815278657437201 87000263 59)",87
328,87000264,0.740604360707376,251,0.833942087661095,0.661934694919581,0.584902015722838,0.581791403280787,0.581496445193316,0.835489154751499,0.996860536012008,0.489237561700384,0.101851939976784,-0.0397266986292156,0.223430961532061,-0.250862682846826,-0.0397266986292156,-0.0397266986292156,0.689781124426283,-0.12578692299722,0.000357831178119233,1.00026991079818,-0.366469679910343,-0.560339494672534,0.667148486569063,-0.788859635579387,-0.682989322922567,0.740604360707376,8,0.455208787414037,0.509396232043492,0.515314756798421,-0.248657863192542,0.731929901331121,-0.555506175138138,0.101854322370902,1.66184422645403,0.369842471045865,5230.0000000001,3.74479279427826,0.0744659568482509,3399.0000000001,0.490025025561726,4.23481781973999,0.0482179047109834,0.601904913948258,-0.206500096781441,-0.294481524356133,-0.524885345990326,-0.67543770759492,-0.420587869020265,-0.714060082198753,-0.308112335905429,-1.02755683774339,-0.258394796887347,-0.318563475005712,0.0994047278113971,68.0000000001,6.759521484475,0.0994047278113971,68.0000000001,6.759521484475,0.00250040080524122,0.170721603979463,1e-10,-0.369477071003289,-0.244018451256642,1.95294640720896,-0.261948190581213,1,0.955946779738605,1.12622647014716,1.13576525923632,1.15174660529271,0.345307764600854,0.340149217806935,-1.03306641111358,0.377951208687176,0.377951208687176,0.740340420703099,-1.56951259325361,0.432627508574775,0.363003217708977,0.554696714221077,0.327283869847497,0.257499941216533,0.294547417930909,0,5230.0000000001,0.0426384485538355,0.00557945605714791,0.0904410484630066,5.93981823255371,18762.7741978704,2.91038304567337e-11,465,1,"SNETWORK (1 328 18762.7741978704 0.0904410484630066 87000264 465)",87
318,87000265,-0.0157863627853018,66,0.847990630531859,0.546799996361712,0.449959143780463,0.448153051499128,0.45024912066774,0.908922107695429,0.950069739518548,0.515867368606147,0.682290998322624,0.0170125744063759,0.387004926614833,-0.0884905984656549,0.0170125744063759,0.0170125744063759,0.196566729014604,-0.856981690141335,-0.699057380412902,0.0678665483987361,-0.945402356696338,-0.604424467785202,0.699593179675348,-0.759818089809216,-0.694672009762475,-0.0157863627853018,8,0.782838411491775,0.640613383845861,0.649619834689104,-0.51775847486953,-0.021035458237428,-0.20887792990553,0.682285415729282,0.198347496351839,0.107916854557864,6743.0000000001,1.40880783864594,0.0949465066948234,484.0000000001,0.0889679684858235,1.49777580703176,0.015397110100378,0.799165522362965,-0.513786097944805,0.0540046911357119,-0.276868025757001,-0.218962449267651,0.10269604997903,-0.554040662690736,0.0655200337036035,-0.158515652185436,0.669697298580896,1.41006673920285,0.0272303990955357,28.0000000001,0.762451171975,0.0272303990955357,28.0000000001,0.762451171975,0.331719826995336,0.359534627855707,1e-10,-0.037859350904183,-0.0210424829511835,-0.202976818682707,-0.272058752816949,1,0.867841683603148,1.15136343137043,1.16337856702424,1.1776780945492,-0.848260090894228,0.477596442903178,0.497911937919977,-0.766577721249521,-0.766577721249521,0.580671941598384,0.135032088326054,0.197800485081449,0.387276403581399,1.25413073266508,-0.345432018263855,0.928779653145214,1.30897839639636,0,6743.0000000001,0.0144825207878891,0.00091458921248892,0.086983001411897,4.07361183236763,17612.9913692397,5.82076609134674e-11,339,1,"SNETWORK (1 318 17612.9913692397 0.086983001411897 87000265 339)",87
140,87000266,-0.432912562787507,111,0,0,0,0,0,-0.135786410673427,-0.0140281892880664,-0.488229755992074,-0.0307275532397053,0.978796285891603,-0.706753436639187,0.95232679455096,0.978796285891603,0.978796285891603,-1.2449198056173,0.2823642008248,0.463396369574672,0.467399899142919,0.0935573656483275,0.45221133369877,-0.305856068890666,-0.190739766812213,-0.0312046492625428,-0.432912562787507,2,0.0123972008366277,-0.230793556711712,-0.229591545597457,-0.532526755113434,-0.431027105495432,0.427267986413131,-0.0306887694069299,-0.321260300356324,0.393850591034676,1787.0000000001,1.12609760969948,0.216357015273523,5910.0000000001,2.04587193557911,3.17196954517858,0.0644454762313772,-0.204008533584901,-0.30924121822815,-0.297471599663565,0.462816822708715,0.554350338789089,0.0224960316410892,0.302325703182346,0.0407988947113782,0.319226423696859,-0.0760042087789744,-0.0776596779435462,1.22360321979697,33.0000000001,40.3789062501,1.22360321979697,33.0000000001,40.3789062501,1.46894267253682,1.50545879125535,1e-10,-0.486912829075553,-0.513341946275833,-0.555962927604458,-0.324054098239788,1.03276561575505e-16,0,-0.0247221470926315,-0.0137666363416772,-0.0101713335930266,0.789658099888505,0.805064001154909,-0.616362662705069,0.931188711191076,0.931188711191076,1.13544581631101,-1.57749123058838,0.295336143211773,0.449875517026428,0.260733062196965,0.292811153024967,0.769607993877301,-0.322556541812581,0,5910.0000000001,0.0228791278067728,0.0415663483246044,0.0311299160770384,2.64714535519945,6386.35521354924,0.000244140625,309,1,"SNETWORK (1 140 6386.35521354924 0.0311299160770384 87000266 309)",87
319,87000267,-0.146004597282545,34,0.849676501735058,0.527879359151426,0.423921895297046,0.422083328008158,0.425620192291929,0.864654275318613,0.879948944299052,0.544958557936479,0.776255726494829,-0.0135213025696205,0.368640006874826,-0.043712488925178,-0.0135213025696205,-0.0135213025696205,0.291465923306651,-0.744133757543167,-0.550942144495976,0.408993470254873,-0.881678982276866,-0.604424467785202,0.699593179675348,-0.759818089809216,-0.694672009762475,-0.146004597282545,8,0.489117825816787,-0.219407695595624,-0.218331565797604,-1.02170070587392,-0.154931059573392,-0.513941205402123,0.776254552364374,0.120839036401949,0.144466554375667,1188.0000000001,0.332271488304968,0.0816671947422674,899.0000000001,0.142140111233825,0.474411599438793,0.00955282673534015,-0.194771927869485,0.416294232141208,1.21135822269759,-0.359660335276657,-0.457285461035853,-0.293481797723612,-0.393489513344494,-0.368102606958553,0.187353612550271,-0.0954859480455375,-0.21229740499805,0.486663818459375,16.0000000001,7.78662109385,0.486663818459375,16.0000000001,7.78662109385,0.0424533847236042,0.406681853146255,1e-10,0.323439463002946,-0.340177984382625,1.93273213661125,-0.543200694980942,1,0.867841683603147,1.22175774577911,1.23268413022516,1.27579607796359,-1.65700354493651,0.349773421889274,0.417222791304321,-1.3245447937792,-1.3245447937792,0.675323347071217,-0.908378212708436,0.351976073231695,0.562458434901488,1.17041580968152,-0.0954553206105188,1.03985471339242,1.12958069577509,0,1188.0000000001,0.00669067098509489,0.00286215565024526,0.811074491819109,2.20444514626862,17404.92536737,1.16415321826935e-10,452,1,"SNETWORK (1 319 17404.92536737 0.811074491819109 87000267 452)",87
140,87000268,-0.372734381596772,123,0.016376969797183,0.0406255841243769,0,0,0,-0.0935760588715748,0.00118693165543767,-0.334561979563562,-0.0364803852681028,0.964175758881631,-0.684217752536961,0.931606816869832,0.964175758881631,0.964175758881631,-1.66960640421654,0.304472522139934,0.488886538228909,0.536066273690577,0.10580240124656,0.45221133369877,-0.305856068890666,-0.190739766812213,-0.0312046492625428,-0.372734381596772,2,0.473888185127469,-0.0217100152686228,-0.0217127344020284,-0.837251939398632,-0.365760599031219,0.338271191998148,-0.0364774963792766,0.0845668470262895,0.933995140477548,1517.0000000001,2.26699300482247,0.332300244133855,3279.0000000001,1.74338000039775,4.01037300512022,0.0691475580825695,-0.0207729458838194,-0.79922880837159,-0.395328507464217,0.787508612368822,-0.0109297128502609,-2.59561299606728,0.105832099513321,-2.86534909419493,0.0925850136835159,-0.592276243971374,-0.608572694169751,1.06531343015952,21.0000000001,22.37158203135,1.06531343015952,21.0000000001,22.37158203135,0.680803547677069,1.26944865246228,1e-10,-0.320091477027518,-0.774556438250619,-0.504033752051957,-0.481748736179721,1.03276561575505e-16,6.2602913664822e-16,-0.0247221470926315,-0.0137666363416772,-0.0101713335930266,0.582823515021533,0.828879440972995,0.374891577281144,0.663704213314118,0.663704213314118,0.659104864134926,-0.649059951677421,0.328912689394558,0.363100998349835,0.544070064294812,0.193298311530423,0.79355784067035,0.128235768043697,0,3279.0000000001,0.0390878928328853,0.0300596651496842,0.0985647493491608,2.85817653313279,6453.96832568058,0.000244140625,287,1,"SNETWORK (1 140 6453.96832568058 0.0985647493491608 87000268 287)",87
328,87000269,0.884205193346232,282,0.833942087661095,0.661934694919581,0.679648502105189,0.676245639047415,0.674971766192546,0.855920431957237,1.02650758418353,0.237266858940266,0.0872796741473065,-0.0586788741919492,0.267073321144587,-0.279976740516726,-0.0586788741919492,-0.0586788741919492,-4.53702109263869,-0.10653403537075,0.0109115588410193,1.09683027749603,-0.360582790279647,-0.560339494672534,0.667148486569063,-0.788859635579387,-0.682989322922567,0.884205193346232,8,0.368239937504932,-0.693365296488452,-0.680242673949909,-1.27058870252176,0.870101961570969,-0.527778688585366,0.0873016888832878,0.0674597598108524,0.213585326951429,2055.0000000001,0.849752716321943,0.155021027614809,19.0000000001,0.0057023456842041,0.855455061906148,0.0250399934352379,-0.518295087407488,0.235135063101789,-0.855110684051086,-0.435526366673428,-0.295591030316122,0.370515317542006,-0.15689913425042,0.719813976555276,-0.0711468222439122,-0.0936531104330992,-0.109442832731334,1.212158203225,18.0000000001,21.81884765635,1.212158203225,18.0000000001,21.81884765635,0.656611636580205,1.4883942670316,1e-10,0.202017541650611,0.007812616894374,-0.254701182585949,-0.00170539603976266,1,0.955946779738605,1.27717508738715,1.28529677079185,1.31366454417867,0.0593270446456387,0.711673399439996,0.0232025797563676,0.0619511623923816,0.0619511623923816,0.315676705582191,-1.21555900131892,-0.480879901640055,-0.403323057663395,0.186922993935307,-0.712881053096863,2.29881788828184,1.44337858893371,0,2055.0000000001,0.0248730801894763,0.000166913145761536,0.333631138790427,1.10200016336889,18945.002098708,2.91038304567337e-11,494,1,"SNETWORK (1 328 18945.002098708 0.333631138790427 87000269 494)",87
140,87000270,-0.310660333128969,135,0.016376969797183,0.0406255841243769,0,0,0,-0.0909578986174246,0,-0.51718766707156,-0.048732516119843,0.963107485558431,-0.731227297816553,0.979169211158184,0.963107485558431,0.963107485558431,-3.14038753981164,0.332197779417273,0.518852013005323,0.603462841944198,0.123589759625621,0.45221133369877,-0.305856068890666,-0.190739766812213,-0.0312046492625428,-0.310660333128969,2,0.362371243007689,1.02870920057196,1.04978703688483,0.6400810832727,-0.320674653492023,-0.585642134453325,-0.0487298669562589,0.0187440675166887,0.240290401627191,1255.0000000001,0.482503126366192,0.0834840286034832,22215.0000000001,2.96735630922531,3.4498594354915,0.0262290446848029,1.51416046264088,-1.1923459349383,-1.03509934803616,-0.646846866755112,-0.591076960655892,0.196008867195522,-0.870117125393693,0.0897557414158254,-1.67385228109085,0.0353647913085154,0.0357059727515198,0.0213558800342105,133.0000000001,2.84033203135,0.0213558800342105,133.0000000001,2.84033203135,0.174034300468649,0.287092466804686,1e-10,-2.53242783277404,-2.1831637182704,1.91050975248377,-0.738446102112191,0,0,-0.0247221470926318,-0.0137666363416776,-0.0101713335930266,-3.14854221933863,0.0307472208665833,0.557921984810164,-2.03718324840859,-2.03718324840859,-1.383537367515,0.967673979993121,-1.80311768906766,-2.26193332792022,-2.1769327941221,-1.28343662528212,0.146424880969214,-0.0336647398624927,0,22215.0000000001,0.00366843816339623,0.0225606064214067,0.159397917394909,9.54160648025572,6514.96231962707,0.000244140625,295,1,"SNETWORK (1 140 6514.96231962707 0.159397917394909 87000270 295)",87
137,87000271,0.156641102548947,99,-0.169336007143403,-0.45983907781187,-0.612877153222713,-0.614349237474709,-0.609405455638136,0.0125570670153151,-0.0193747403787082,-0.250283070851466,-0.382413675521107,-0.0107884675060724,0.0201723131851841,0.0408271243697224,-0.0107884675060724,-0.0107884675060724,0.198125157387235,0.0885250020754627,0.004040623810085,-0.739674877008562,0.0648124823192864,0.0677281446396492,-0.117429098893948,0.617705950750841,0.326804535448277,0.156641102548947,1,-1.04778287222051,-0.292777669622847,-0.290761161245146,1.1659190088007,0.164766012947689,1.31840711012103,-0.382409437608856,-0.415548531221693,0.214089887386976,159.0000000001,0.0629405629588637,0.0794513249780995,243.0000000001,0.0356980721484603,0.0986386350073241,0.00210417835908948,-0.252895353851727,-0.18503868218168,-0.613778996066665,1.3136046620834,1.21379081150619,-1.03867816360914,0.795018731923286,-1.2615860801477,0.107962525869834,0,0,0.374079777744231,13.0000000001,4.863037109475,0.374079777744231,13.0000000001,4.863037109475,0.0855051558407704,0.238819004026772,1e-10,0.24784285596369,0.185370763856554,-0.0901582094186496,0.328388112235575,0,-0.0295724050828246,-0.0204320239635812,-0.0113776776715835,-0.0123467154856968,0.134348325409899,-0.482337496641408,0.372859549338634,0.142023027779571,0.142023027779571,0.451511219516859,0.664316146107062,-0.781130999469031,-0.897911785307326,-0.882926157671406,-0.570305522089775,0.0680577654932206,0.106368385821941,0,243.0000000001,0.00134266014637072,0.000761518112718758,0.41880437459758,0.676894653175464,4936.47424015512,0.001953125,217,1,"SNETWORK (1 137 4936.47424015512 0.41880437459758 87000271 217)",87
319,87000272,-0.0854078939156421,49,0.849676501735058,0.527879359151426,0.449959143780463,0.448153051499128,0.45024912066774,0.864739143419493,0.880569998772975,0.546203699569333,0.774829087164151,-0.013096640521197,0.367420872148137,-0.0449898513285956,-0.013096640521197,-0.013096640521197,0.308461122043156,-0.749297620929718,-0.557483719370045,0.393906081593807,-0.884663624989117,-0.604424467785202,0.699593179675348,-0.759818089809216,-0.694672009762475,-0.0854078939156421,8,0.445693598664685,0.718130150648383,0.729214127337941,0.0355841654218245,-0.0928943510937099,-0.299521592593294,0.774823820996291,0.385136829030872,0.501458685433765,10228.0000000001,9.92967876105592,0.0721496509876848,2503.0000000001,0.349626550460178,10.2793053114161,0.0994855200398203,0.925419998010974,0.0942772547909885,-0.0572877263273188,-0.249481205897371,-0.428526153418749,-0.555881017193438,-0.632035202082379,-0.34838535345511,-0.253572855499679,-0.287106524531855,-0.642381266651808,0.241943359475,73.0000000001,17.661865234475,0.241943359475,73.0000000001,17.661865234475,1.07136827493037,0.679671736483462,1e-10,2.82162468051512,1.72293501284247,1.57015769346232,1.68448249885399,0.924419277234147,1.10572467319903,1.34047420371065,1.35313146603219,1.37479161095121,-2.04555907846971,-0.106360950221038,0.0370680590306389,-1.54467091702608,-1.54467091702608,-0.384832047586878,-0.135992013897709,0.0988674269044407,0.113552417551622,0.499816623691926,-0.0933329589802807,-0.0539988199273371,0.685010448599441,12118515500.1403,10228.0000000001,0.0961017524483482,0.00338376749147211,0.985912071388258,2.7040966195296,17502.0796891545,1.16415321826935e-10,453,1,"SNETWORK (1 319 17502.0796891545 0.985912071388258 87000272 453)",87
318,87000273,0.357741609695028,161,0.826606769083661,0.576140491778701,0.449959143780463,0.448153051499128,0.45024912066774,0.930847042366907,0.955447456782288,0.45159983513336,0.65670617301292,-0.0229503919978683,0.339407156482667,-0.103296657754903,-0.0229503919978683,-0.0229503919978683,-0.255791614676016,-0.885065623021965,-0.733674778828659,-0.0289117840628643,-0.959716643428621,-0.603050539930755,0.694143931109334,-0.735182512335809,-0.673195464551723,0.357741609695028,8,0.00506098339725302,0.969144674009746,0.988114465247843,1.24013650128553,0.352044574837143,-0.205894289016731,0.656730804258424,0.0665093162264788,0.151095629376594,4430.0000000001,1.29588048444886,0.0880069124728759,1942.0000000001,0.330883668250005,1.62676415259886,0.0129536267064288,1.39007031005898,-0.654977635007185,-0.6058041584982,0.0471037580313052,-0.275566489300472,-1.06099843213952,-0.673181609013691,-0.547690277910984,-0.42504675238249,-0.627715385861436,-1.29448811519791,1.02239925996842,95.0000000001,97.1279296876,1.02239925996842,95.0000000001,97.1279296876,4.54941497044781,1.84333179200069,1e-10,-0.807747204412102,-0.922231013604428,1.91322888061803,-0.628018502905905,1,0.955946779738605,0.975277852907368,0.986233363658323,0.989828666406973,-2.68744942032955,-0.015771263523396,-0.319800495404749,-1.85253257685841,-1.85253257685841,1.43914394334111,-1.06394343254818,-0.0586835319766109,0.0418110433748593,0.235695174409962,-0.170271730543474,0.368575001463634,-0.124545407682266,0,4430.0000000001,0.0103188602324607,0.00263476637396807,0.589568405992425,7.87376716982904,18208.6035905142,5.82076609134674e-11,367,1,"SNETWORK (1 318 18208.6035905142 0.589568405992425 87000273 367)",87
56,87000274,-0.549747234633077,91,0,0,0,0,0,-0.222837062966424,-0.0252958065477278,-0.369238316909585,-0.00851126395256219,0.97266848586828,-0.662773583761888,0.91452410000026,0.97266848586828,0.97266848586828,-0.181985525098844,0.212831649154285,0.388713603352296,0.305325644430439,0.0480414757785831,0.442037567785408,-0.329724348592432,0,0,-0.549747234633077,2,-0.075076379215401,-0.0261220740652131,-0.0261225387603609,-0.175260996807399,-0.552595599370305,0.236597054420799,-0.00819368154633853,-0.540015464523694,0.964953042661291,2377.0000000001,3.66990941156601,0.474270542560401,10414.0000000001,7.90248548678553,11.5723948982515,0.20022445591607,-0.0249522512383252,-0.181966118870572,-0.294994348753905,0.305300760098274,0.789108595577602,0.44638310502948,0.0499389336705596,0.211899471301619,0.0665979369816351,0,0,0.971078726061538,39.0000000001,37.8720703126,0.971078726061538,39.0000000001,37.8720703126,1.35922423475299,1.1289446714776,1e-10,-0.748051100151869,-0.417136221316945,-0.0271627593343779,-0.235033707216839,-0.0232557920329049,-0.14537465218179,-0.0247221470926322,-0.0137666363416772,-0.010171333593027,0.694161102973367,0.76848061246373,-0.608220751532781,0.805449965267536,0.805449965267536,0.492999583245916,-1.4160721921706,-0.484120856675591,-0.285066906701849,0.715651946372003,-0.987157227976765,-0.0769651129210795,-0.0213195138376657,0,10414.0000000001,0.0634964172301472,0.136728038585923,0.897135012939938,1.5693315086012,6272.86040360012,0.00048828125,80,1,"SNETWORK (1 56 6272.86040360012 0.897135012939938 87000274 80)",87
137,87000275,-0.765106264249028,35,-0.169336007143403,-0.45983907781187,-0.612877153222713,-0.614349237474709,-0.609405455638136,-0.00967531268455841,0.00647637251916232,0.0200877792891923,-0.359451247628421,0.121240966205845,-0.0659372516327362,-0.0113794662967122,0.121240966205845,0.121240966205845,0.558671348619713,-0.0249532703770829,-0.106040978891554,-0.951982231500502,-0.0162535873622021,0.0677281446396492,-0.117429098893948,0.617705950750841,0.326804535448277,-0.765106264249028,1,-0.580787640158665,-0.219618270919003,-0.218539878806784,0.360585616450425,-0.747252812021037,1.0600061458916,-0.359448980536212,0.0440133245550485,0.799110672190307,2611.0000000001,3.85790160668828,0.614973247600596,2342.0000000001,2.66305697954166,6.52095858612994,0.13132878254073,-0.194943490328997,0.349829953080226,-0.10673193536667,0.635620441758289,1.55926393385617,2.25025754773998,0.619933117321586,2.92009885024433,0.0070877526976123,2.79135065214376,1.52154174228705,2.11946105967031,32.0000000001,67.82275390635,2.11946105967031,32.0000000001,67.82275390635,2.67009670363155,2.84118318391287,1e-10,-0.466081401719785,-0.846304421012384,-0.464401524147402,-0.501969860651192,0,-0.044053220261396,0,-3.57648972802931e-16,-0.0227070388776269,0.248526326206324,0.43114859943776,-0.957622669565459,0.26770217558561,0.26770217558561,0.293908799879511,-0.444317309687658,-0.639573379358712,-0.473782341129622,-0.664758276272356,-0.491402705843667,0.151254231414745,-0.0399875720788654,0,2611.0000000001,0.0776961721325446,0.0536326103081858,0.216709619116493,4.1939162311145,4585.44341857362,0.001953125,195,1,"SNETWORK (1 137 4585.44341857362 0.216709619116493 87000275 195)",87
137,87000276,-0.449793859472001,54,-0.169336007143403,-0.45983907781187,-0.612877153222713,-0.614349237474709,-0.609405455638136,0.0253976599716608,0.0151390566778291,0.0315078607939331,-0.362125498970962,0.0930417732661106,-0.0339041880057258,-0.0176716333935929,0.0930417732661106,0.0930417732661106,0.514523555714681,-0.00527835508160886,-0.0862121569230964,-0.905161847232839,-0.00349801332586011,0.0677281446396492,-0.117429098893948,0.617705950750841,0.326804535448277,-0.449793859472001,1,-0.600073831700593,-0.36015529401356,-0.356998057873884,0.184201857763563,-0.432046316679618,1.48645127486058,-0.361952719406979,-0.257032726694828,0.211454976650353,279.0000000001,0.109083599157489,0.339472461525465,2021.0000000001,1.26855180448527,1.37763540354276,0.030989074977171,-0.303453601537369,-0.472726378704618,0.579303476421647,1.90712176804336,1.18114622821604,-2.55230469243508,0.923450869608179,-3.67068717829814,0.282112897264236,-0.603721462729442,-0.323633805828428,0.419911260290217,23.0000000001,9.657958984475,0.419911260290217,23.0000000001,9.657958984475,0.124357536029903,0.307153762582869,1e-10,-1.12169959801143,-1.06739429630939,-0.735567577815461,-0.611083150879465,0,-0.044053220261396,0,0,-0.0227070388776265,-0.521391178275612,0.470139823170957,-0.508075712328717,-0.495945557740776,-0.495945557740776,1.24957266732958,-0.129023197332416,-1.03082444938489,-1.03790332666079,-0.681728764715803,-1.00864994501251,0.351672274904276,1.671604602909,0,2021.0000000001,0.00245376956095647,0.0285353053162145,0.276751058485618,3.36495997197926,4689.73309071532,0.001953125,123,1,"SNETWORK (1 137 4689.73309071532 0.276751058485618 87000276 123)",87
319,87000277,-0.209617199058692,17,0.849676501735058,0.527879359151426,0.423921895297046,0.422083328008158,0.425620192291929,0.863082821156518,0.876525329098964,0.536517879512264,0.779041890423466,-0.0134752511265351,0.366724444940705,-0.0441667163707264,-0.0134752511265351,-0.0134752511265351,0.266558309057507,-0.733533844103935,-0.539016352489687,0.428448582216764,-0.874059796677692,-0.604424467785202,0.699593179675348,-0.759818089809216,-0.694672009762475,-0.209617199058692,8,0.409561627293842,0.401341551344306,0.405153443014274,-0.317856536231369,-0.214551139812933,-0.3852466471525,0.779445514881149,0.144066928456563,0.287987207767447,6140.0000000001,3.42334673971303,0.0903084363926261,2839.0000000001,0.496367155537667,3.91971389515069,0.0485526757541953,0.453788569681287,2.83505703139149,2.79149786196418,-0.487412366927557,-0.427429964088844,0.128995594725443,-0.563322893872278,0.10319404614683,-0.11064593673078,-0.0842798348556642,-0.188178052030388,0.418056800817213,61.0000000001,25.50146484385,0.418056800817213,61.0000000001,25.50146484385,0.81779131281037,0.304388762777055,1e-10,-1.57926744325408,-1.70500016550168,-1.21369528964449,-0.728858057836006,0.744186065853319,1.15858997967623,1.11446852592804,1.12323690396323,1.18436031392693,-2.58836797232197,0.217006564874283,0.558416091621183,-1.80910605953136,-1.80910605953136,2.83799626561211,0.967673979993121,0.218509902861583,0.289879315998111,0.681803727748311,-0.0254170225381438,0.0546672225041282,-0.0367076569264051,0,6140.0000000001,0.0424042795853417,0.00614839606885362,0.626526252371039,0.179589441746651,17302.3749941362,1.16415321826935e-10,455,1,"SNETWORK (1 319 17302.3749941362 0.626526252371039 87000277 455)",87
140,87000278,-0.38074444140139,121,0.016376969797183,0.0406255841243769,0,0,0,-0.0931784180487842,0.00114958991982836,-0.334561979563562,-0.0363814361633871,0.964189676204011,-0.683525967953096,0.931644644692121,0.964189676204011,0.964189676204011,-1.66572987283852,0.304347379390965,0.488822326763749,0.536259368969165,0.105659665025829,0.45221133369877,-0.305856068890666,-0.190739766812213,-0.0312046492625428,-0.38074444140139,2,0.343889619847096,-0.504536185599735,-0.4979840871116,-0.530903992345054,-0.38810751078792,-0.307200744097761,-0.0322205823810166,0.430140277915766,0.448970857417801,270.0000000001,0.193955410461126,0.220059478238721,4668.0000000001,1.64358023042109,1.83753564078222,0.0463203383326452,-0.40334621733437,3.01761355122678,-0.283328053137724,0.506675963684281,-0.315495964477577,-0.288405783690692,-0.0436358126810256,-0.218538648633509,-0.0813639909119693,0,0,0.967548828225,25.0000000001,24.188720703225,0.967548828225,25.0000000001,24.188720703225,0.760335523955319,1.12368159241081,1e-10,-0.0407420130086861,0.0760196665449332,-0.269294523502475,-0.143381492606211,1.03276561575505e-16,6.2602913664822e-16,-0.0247221470926318,-0.0137666363416772,-0.0101713335930273,-0.342856912112144,0.558249573368858,0.177881317765614,-0.335509630493141,-0.335509630493141,0.707209306709976,0.215036779683261,-0.431846073567995,-0.38247050434918,-0.125122123678643,-0.487668790514918,0.770281812663365,-0.0389766916506505,0,4668.0000000001,0.00488920052002004,0.0414311377126252,0.0854598243907807,0.752693149957673,6440.82875496187,0.000244140625,308,1,"SNETWORK (1 140 6440.82875496187 0.0854598243907807 87000278 308)",87
137,87000279,-0.468454808783092,53,-0.169336007143403,-0.45983907781187,-0.612877153222713,-0.614349237474709,-0.609405455638136,0.0211798207857112,0.0128066604488288,0.0271772315820452,-0.36192595981452,0.0957591329725159,-0.0376577609579182,-0.0166078706054361,0.0957591329725159,0.0957591329725159,0.518686674552573,-0.00699587956017014,-0.0881028415438013,-0.910615032137957,-0.0044344792648047,0.0677281446396492,-0.117429098893948,0.617705950750841,0.326804535448277,-0.468454808783092,1,-0.534123169789765,-0.487881255696867,-0.481789700817455,-0.0979078840952231,-0.464320191910689,1.12393544671817,-0.361873790425668,-0.50946049290764,0.117819766104208,517.0000000001,0.112627914861891,0.167707384084162,2374.0000000001,0.736156657067163,0.848784571829053,0.0211164563339966,-0.392382024793241,0.546497781643872,-0.715803410909079,1.40249638339701,0.96333268943907,-1.66240729850251,0.872702975632304,-2.63695243975467,0.236561133190518,-0.93610714664729,-0.505040552076415,0.224092371423529,17.0000000001,3.8095703126,0.224092371423529,17.0000000001,3.8095703126,0.131612972264343,0.0151877220341729,1e-10,0.344895994293833,0.19767147951136,-0.110483020667892,0.580620033274457,1.03276561575505e-16,-0.0440532202613954,-0.0115484451466628,-0.0064308443709902,-0.0168512841824465,0.915684062359666,-1.00323965739003,0.338820579196502,1.10322018111932,1.10322018111932,0.145978353948771,0.482202714685548,-1.40213697022012,-1.64915689821557,-1.86345420346281,-0.904480445680158,-0.596828603487483,-0.484956526990939,0,2374.0000000001,0.00280200949924307,0.0183144467347536,0.274111253859731,1.10604870226234,4685.14785155642,0.001953125,241,1,"SNETWORK (1 137 4685.14785155642 0.274111253859731 87000279 241)",87
137,87000280,-0.56892215854648,47,-0.169336007143403,-0.45983907781187,-0.612877153222713,-0.614349237474709,-0.609405455638136,0.0192347335898088,0.0115166250679813,0.0290791760143741,-0.36143252704855,0.100418362959667,-0.0408967591728118,-0.0167080512219673,0.100418362959667,0.100418362959667,0.522651105834325,-0.0101334790711638,-0.0912149562678031,-0.91703696085218,-0.00660207936256342,0.0677281446396492,-0.117429098893948,0.617705950750841,0.326804535448277,-0.56892215854648,1,-0.752932510597677,-0.162758889471133,-0.162202643412047,0.775992294532836,-0.561933956496499,1.18652533862133,-0.361071373131262,-0.305947720019639,0.244663380147429,621.0000000001,0.280929868635411,0.215217262994304,2339.0000000001,0.930774914832442,1.21170478336785,0.0233370043424616,-0.14759249128516,-0.346600813791286,0.0626252861791235,1.21719782522396,1.5045405671787,0.388361442681566,0.630891670901398,0.490115499967408,0.0132377053377274,-0.234867792714051,-0.120554451204904,0.167138671975,20.0000000001,3.3427734376,0.167138671975,20.0000000001,3.3427734376,0.152043596830245,0.0697302665112117,1e-10,-0.109884876369535,-0.189372168068319,-0.24035883555042,-0.0475299005292498,0,-0.044053220261396,0,0,-0.0227070388776265,0.20645144934965,-0.165722727963715,-0.270877970860772,0.220844824319759,0.220844824319759,0.452188817205814,0.268240958375062,-0.77699064531674,-0.817264166800248,-0.64129144316064,-0.68809665668452,-0.411661132968321,0.789523094883342,0,2339.0000000001,0.00541060960093264,0.0179263946415289,0.255358356575263,1.09144271072,4652.57478985014,0.001953125,187,1,"SNETWORK (1 137 4652.57478985014 0.255358356575263 87000280 187)",87
137,87000281,-0.132759639777229,81,-0.169336007143403,-0.45983907781187,-0.612877153222713,-0.614349237474709,-0.609405455638136,-0.0228156827679177,-0.0264393978680769,-0.218230114942715,-0.379576970424556,0.0180055691404808,-0.015207176451947,0.0592554982394247,0.0180055691404808,0.0180055691404808,0.301714865131374,0.0697719674067433,-0.0149510725650477,-0.782079769219231,0.0523648023993305,0.0677281446396492,-0.117429098893948,0.617705950750841,0.326804535448277,-0.132759639777229,1,-0.627086661662806,-0.25560610952295,-0.254104462208644,0.387502448663881,-0.117406580340285,1.36453886452593,-0.379457067064692,-0.127297227278,0.200609310595715,839.0000000001,0.311207740714238,0.0802598219132561,3419.0000000001,0.507381510003894,0.818589250618132,0.0169590774145718,-0.223858834637724,0.789243148144491,0.300735158425049,1.03211046245954,1.53758235648697,0.992202299831696,0.783490673866354,1.331423565179,0.105798857174371,0.819576921382502,0.423335797563261,0.383698219576744,43.0000000001,16.4990234376,0.383698219576744,43.0000000001,16.4990234376,1.0204733665583,0.891028288815944,1e-10,-1.041327675963,-0.956357707658562,0.104711354016242,-0.503284169629205,-1.03276561575505e-16,-0.0440532202613966,-1.02673198672599e-15,-7.15297945605862e-16,-0.0227070388776265,0.909468348047706,0.118416127547963,-0.799478419504658,1.09456899206254,1.09456899206254,0.473350029746761,-0.324882669823367,-1.11806418084467,-1.08443890741266,-1.08682489807921,-0.919111470282982,-0.409288989068784,1.04846103930772,0,3419.0000000001,0.00644742907462987,0.010511648239942,0.361943895597996,2.70999623738617,4837.70977389657,0.001953125,154,1,"SNETWORK (1 137 4837.70977389657 0.361943895597996 87000281 154)",87
318,87000282,0.54300315360131,203,0.826606769083661,0.576140491778701,0.449959143780463,0.448153051499128,0.45024912066774,0.950603579801446,0.965843164969705,0.647224362531018,0.635519085690581,-0.0393822098166877,0.364616336584249,-0.106797831932365,-0.0393822098166877,-0.0393822098166877,-0.348683207507063,-0.913497559393768,-0.766314804323241,-0.0372272455759826,-0.985858512832017,-0.603050539930755,0.694143931109334,-0.735182512335809,-0.673195464551723,0.54300315360131,8,-0.880123371051548,-0.570781540385759,-0.562211581539741,0.355988528005139,0.536273840132303,0.988826999742136,0.63552056862998,-0.704269423886921,0.295590662755007,6411.0000000001,3.66881497108579,0.17229881711907,2572.0000000001,0.857951191142044,4.52676616212784,0.120244083379713,-0.445590115463997,-0.327523128519069,-0.410181041013874,0.820012974785194,0.565741361796141,-1.03471922853659,0.877687909579707,-1.74419137762799,1.54469631025248,-0.0828446306200666,-0.158431317121427,0.187414220961486,37.0000000001,6.934326171975,0.187414220961486,37.0000000001,6.934326171975,0.00515039813387295,0.0394994149738724,1e-10,0.479302179907402,0.574836444431686,-0.00290080303928681,0.779676936441941,1,0.955946779738605,0.975277852907368,0.986233363658323,0.989828666406973,0.124544636200734,-0.729419079464775,-0.0501648246957227,0.131447952409244,0.131447952409244,0.00818596724751728,-0.0105840703627869,0.369211827185178,0.445544800250126,0.414304438144052,0.313712827106239,-0.400145716131879,-0.294712279339697,0,6411.0000000001,0.0974544027941245,0.0227896804855886,0.801927667160537,0.1690768385306,18460.2698150002,5.82076609134674e-11,396,1,"SNETWORK (1 318 18460.2698150002 0.801927667160537 87000282 396)",87
137,87000283,0.643529243319248,162,-0.166057912338905,-0.453200003638288,-0.550040856219537,-0.551846948500872,-0.54975087933226,-0.0186108647433926,-0.0455183502873013,-0.67862368848161,-0.41661839547545,-0.166334530044786,0.000222377716965984,0.155699754383295,-0.166334530044786,-0.166334530044786,-2.56557255190678,0.162861222709006,0.0290284840308098,-0.714590951520021,0.132723556861041,0,0,0.264817487664191,0.333376028400019,0.643529243319248,1,-1.37302637989974,-1.71396949256077,-1.61002431012024,-0.41043036395339,0.633705971046878,0.794095000984496,-0.416582240552562,-0.67733656654972,0.0875862099552964,77.0000000001,0.0124699239988888,0.0816345419316459,394.0000000001,0.0594713129752793,0.071941236874168,0.00479051507453561,-0.917964018523381,0.362374827784156,-0.920790686462026,1.54303761503875,0.335669810793511,-3.86306310789548,1.84700962968335,-16.436653159546,0.891213920945133,-10.5662132328419,-4.84109069432629,0.054351806740625,8.0000000001,0.434814453225,0.054351806740625,8.0000000001,0.434814453225,0.317379922096046,0.399972657353641,1e-10,-0.0261549989523594,0.494671795779002,0.104171312284479,0.653887950351177,1.03276561575505e-16,0,-0.0247221470926315,-0.0137666363416776,-0.010171333593027,-0.165778256757333,-0.31812578830537,0.395691146619911,-0.166902009359816,-0.166902009359816,0.169971741929844,0.644198193620492,0.342401084608735,0.279698325382966,-0.0334282899707967,0.506245977748324,-0.372810166257404,-1.00690049090893,0,394.0000000001,0.000830363222090118,0.00396015175244549,0.633918702295236,1.56918212928576,5310.11955819371,0.001953125,200,1,"SNETWORK (1 137 5310.11955819371 0.633918702295236 87000283 200)",87
137,87000284,-0.0441944733045263,86,-0.169336007143403,-0.45983907781187,-0.612877153222713,-0.614349237474709,-0.609405455638136,-0.00495828651948535,-0.0224966357826822,-0.235792325551745,-0.381022316551149,0.00422886846704384,0.00502020987383658,0.0462211257148667,0.00422886846704384,0.00422886846704384,0.249311612884059,0.078727195126438,-0.00589032946136745,-0.760519223619154,0.0581378065548482,0.0677281446396492,-0.117429098893948,0.617705950750841,0.326804535448277,-0.0441944733045263,1,-0.169760434893371,0.403176007287376,0.407020189324978,0.599902431306355,-0.00428468030913861,1.83338702063487,-0.38087581960609,0.0498081091990187,0.349041895071159,703.0000000001,0.453701512880344,0.363855334826247,1375.0000000001,0.925057629796893,1.37875914257724,0.0170539816183328,0.456201642208283,-0.448380871795466,-0.0688697053437285,1.72950516663207,1.98218760807945,0.173742185195814,0.432239386039271,0.138548895160745,-0.238576396420959,1.25368907268161,0.643911534599612,0.570383955892683,41.0000000001,23.3857421876,0.570383955892683,41.0000000001,23.3857421876,0.72519100293165,0.531508611086019,1e-10,-1.03723706195968,-1.06014912579937,1.62153567480383,-0.571035194629926,0,-0.0440532202613966,-0.000725378769826648,-0.000403932990072571,-0.0223392283123727,-0.0781968916676732,0.0921118905246482,-0.93267543490976,-0.0798494806751223,-0.0798494806751223,1.35861936988553,0.733245622335017,-1.42791555858498,-1.47612139231227,-1.47775659240855,-1.13603259309842,-0.939930414095259,0.706001578521832,0,1375.0000000001,0.00561187010509589,0.011442111413237,0.377287926637082,4.34179452155309,4864.36176597425,0.001953125,191,1,"SNETWORK (1 137 4864.36176597425 0.377287926637082 87000284 191)",87
137,87000285,0.266047939145407,110,-0.169336007143403,-0.45983907781187,-0.612877153222713,-0.614349237474709,-0.609405455638136,0.0165677159271383,-0.0219180945494748,-0.279305593301307,-0.3839071013951,-0.0209262679747733,0.0242722056361458,0.0373631133691394,-0.0209262679747733,-0.0209262679747733,0.140365858588408,0.0971464631895843,0.0124402705149645,-0.724918526082782,0.0711500601765996,0.0677281446396492,-0.117429098893948,0.617705950750841,0.326804535448277,0.266047939145407,1,-0.652392277601657,-0.337464921208108,-0.334722239861463,0.307298598255212,0.262458107602388,0.147005443150915,-0.383730226321059,-0.541612066176915,0.561564674531628,143.0000000001,0.148481779135548,0.143902435921171,288.0000000001,0.0766298504693889,0.225111629504937,0.00497405593639205,-0.286719653476917,-0.576787409220746,4.00067721572836,0.00258951141725852,0.697940528305401,1.61526173015051,0.20272820721862,2.30476180960651,-0.490725349997294,4.92301752760173,2.50102254376804,0.610748291115625,8.0000000001,4.885986328225,0.610748291115625,8.0000000001,4.885986328225,0.0845007213694342,0.591691850826726,1e-10,-0.773070039837068,-1.09472803253615,-0.492256880037197,-0.577991415318431,0,-0.044053220261396,-0.0247221470926318,-0.0137666363416769,-0.010171333593027,0.694901338249593,0.853464768229061,-0.0241006961822403,0.806409664272015,0.806409664272015,-0.0327661570992081,0.0117898423054457,-0.478827996537622,-0.461932666251081,-0.199065643361357,-0.513072236077981,1.75459857933099,1.51885705449986,0,288.0000000001,0.00328084631416845,0.0016932095222236,0.455682993421817,0.539145555347204,5000.53098340829,0.001953125,215,1,"SNETWORK (1 137 5000.53098340829 0.455682993421817 87000285 215)",87
56,87000286,-0.94359862989056,40,0,0,-0.0539298651555209,-0.0526282971591558,-0.0497659234028937,-0.316427370854593,-0.0483181045661856,-0.463417185005128,0.00583635623121731,1.00794251337801,-0.667544308737323,0.910226471475267,1.00794251337801,1.00794251337801,0.04252520815834,0.155475126266752,0.326821352227722,0.141357711300908,0.0144326347326653,0.396949460069245,-0.3182243350896,0.145121969788322,0.0313608172450206,-0.94359862989056,2,-0.0688195669530201,0.550316470750321,0.55713779691486,0.65287631797467,-0.946473315052406,-0.0989233155849431,0.00583565771799085,0.070967218669372,0.739179982985654,17093.0000000001,20.2156855160261,0.0696518509848705,4994.0000000001,0.55654614941,20.7722316653361,0.229092663155832,0.661295013091565,-0.33985414700016,0.47396297946523,-0.00703834743538849,-0.339655992714209,-1.03084135270514,-0.456702928829338,-0.730954819960312,-0.627929935688485,-0.367005531448175,-0.399888749489671,0.497197138898701,77.0000000001,38.2841796876,0.497197138898701,77.0000000001,38.2841796876,1.37726131334464,0.422387038076574,1e-10,0.113510535932815,-0.184646880407542,1.92690459595048,-0.18736596452648,-0.0232557920329049,-0.14537465218179,-0.0456386537822686,-0.0156235779160853,3.8573928898018e-16,0.366455589142472,0.638315425489504,-0.564749762762174,0.402507661593122,0.402507661593122,0.266691147306347,-1.01030486483629,0.639132263269965,0.773378155588705,0.303551926245384,0.733074443199559,0.255085265993659,-0.124266419885881,0,17093.0000000001,0.222954630247721,0.00613803280811076,0.518853306890634,2.30964092351496,5970.26958692634,0.00048828125,45,1,"SNETWORK (1 56 5970.26958692634 0.518853306890634 87000286 45)",87
56,87000287,-0.806164590233751,58,0,0,-0.0539298651555209,-0.0526282971591558,-0.0497659234028937,-0.308734914343165,-0.0465233444488334,-0.47888716611561,0.00111141341001588,1.00311930624203,-0.678640324044457,0.925585722302276,1.00311930624203,1.00311930624203,-0.00160066598889401,0.165132414318546,0.336312220516837,0.169758422819791,0.0199922556662164,0.396949460069245,-0.3182243350896,0.145121969788322,0.0313608172450206,-0.806164590233751,2,-0.192447392598781,-0.119974846046005,-0.119696600922418,-0.125467549150348,-0.804251222645751,0.381199173847172,0.00153476665737897,-0.383125274456412,0.195215213914482,3435.0000000001,1.07290281522349,0.0701470907813794,6289.0000000001,0.705848085371717,1.77875090049521,0.0331265724476888,-0.110570105903968,0.484549979143496,0.0187699747050066,0.341645587902197,0.463911295619958,0.131783410135466,0.197091916197302,0.166680849833901,0.249296979264593,0.114992237436502,0.126790635876443,0.776901657616892,37.0000000001,28.745361328225,0.776901657616892,37.0000000001,28.745361328225,0.959769193881055,0.839426585825847,1e-10,-1.39572862412127,-1.36083243022033,1.77945303409447,-0.621716231074752,-0.0232557920329049,-0.14537465218179,-0.0351803085670867,-0.0146952031345519,-0.00508577034258648,0.87243135359956,0.53354856053494,-1.20640083581583,1.04338121294492,1.04338121294492,-1.89965524761497,-0.865514850130079,-0.129695366537173,-0.0600232228985038,-0.383183671281594,0.0502180361156068,-0.095042641309848,0.0894165295648209,0,6289.0000000001,0.0199812085657022,0.0131453637819866,0.657111169014716,0.61631470109727,6080.86324964564,0.00048828125,13,1,"SNETWORK (1 56 6080.86324964564 0.657111169014716 87000287 13)",87
56,87000288,-0.59051276309075,83,0,0,0,0,0,-0.231774928999671,-0.0262614107211916,-0.372826508409869,-0.00734832480642569,0.97473667556929,-0.659974221729722,0.911664680819919,0.97473667556929,0.97473667556929,-0.159574970899202,0.207986755783896,0.383573409458624,0.295409070974265,0.0446906526050874,0.442037567785408,-0.329724348592432,0,0,-0.59051276309075,2,0.156195111646269,1.10140835212586,1.12517118558406,1.16835305047045,-0.565762474496495,0.218249673139076,-0.00728985445889671,0.185008584450721,0.392540959986183,8391.0000000001,5.27009791114349,0.272416054628067,14845.0000000001,6.4704261272452,11.7405240382887,0.0843651712053341,1.67353748377445,-0.987627957047218,-0.376690119262438,0.47725671685846,0.430855812503696,-0.375901892960379,-0.547749666390412,-0.17984600560309,-0.810552550651278,0.698511654855821,0.748124364498909,1.08377801814315,84.0000000001,91.037353515725,1.08377801814315,84.0000000001,91.037353515725,3.68614628422673,1.29697936042996,1e-10,0.434662006682491,0.351296280870165,0.0631078156587959,0.20102516100285,-0.0232557920329049,-0.14537465218179,-0.0247221470926318,-0.0137666363416772,-0.010171333593027,-1.54239604991503,0.346295632203135,-0.128296486135534,-1.2541197771751,-1.2541197771751,0.63078672333698,0.474912074427547,-0.970915568934075,-1.02083666426309,-0.506019998334726,-1.01782247806084,0.0884726756228439,-0.0593331111415819,13449216887.234,14845.0000000001,0.037869920504472,0.0464952506008621,0.832413600577441,2.56935426059933,6221.08918466494,0.00048828125,63,1,"SNETWORK (1 56 6221.08918466494 0.832413600577441 87000288 63)",87
319,87000289,-0.0854078939156421,49,0.849676501735058,0.527879359151426,0.449959143780463,0.448153051499128,0.45024912066774,0.864739143419493,0.880569998772975,0.546203699569333,0.774829087164151,-0.013096640521197,0.367420872148137,-0.0449898513285956,-0.013096640521197,-0.013096640521197,0.308461122043156,-0.749297620929718,-0.557483719370045,0.393906081593807,-0.884663624989117,-0.604424467785202,0.699593179675348,-0.759818089809216,-0.694672009762475,-0.0854078939156421,8,0.445693598664685,0.718130150648383,0.729214127337941,0.0355841654218245,-0.0928943510937099,-0.299521592593294,0.774823820996291,0.385136829030872,0.501458685433765,10228.0000000001,9.92967876105592,0.0721496509876848,2503.0000000001,0.349626550460178,10.2793053114161,0.0994855200398203,0.925419998010974,0.0942772547909885,-0.0572877263273188,-0.249481205897371,-0.428526153418749,-0.555881017193438,-0.632035202082379,-0.34838535345511,-0.253572855499679,-0.287106524531855,-0.642381266651808,0.241943359475,73.0000000001,17.661865234475,0.241943359475,73.0000000001,17.661865234475,1.07136827493037,0.679671736483462,1e-10,2.82162468051512,1.72293501284247,1.57015769346232,1.68448249885399,0.924419277234147,1.10572467319903,1.34047420371065,1.35313146603219,1.37479161095121,-2.04555907846971,-0.106360950221038,0.0370680590306389,-1.54467091702608,-1.54467091702608,-0.384832047586878,-0.135992013897709,0.0988674269044407,0.113552417551622,0.499816623691926,-0.0933329589802807,-0.0539988199273371,0.685010448599441,12118515500.1403,10228.0000000001,0.0961017524483482,0.00338376749147211,0.985912071388258,2.7040966195296,17502.0796891545,1.16415321826935e-10,453,1,"SNETWORK (1 319 17502.0796891545 0.985912071388258 87000289 453)",87
319,87000290,-0.154580931395406,32,0.849676501735058,0.527879359151426,0.423921895297046,0.422083328008158,0.425620192291929,0.863743052850038,0.878331712315023,0.539537698341905,0.777097532311067,-0.0130523712620686,0.366938592357902,-0.0443985748703089,-0.0130523712620686,-0.0130523712620686,0.286478929344618,-0.741305406935247,-0.547745772924264,0.411880637768924,-0.879346566524624,-0.604424467785202,0.699593179675348,-0.759818089809216,-0.694672009762475,-0.154580931395406,8,0.532807827634628,0.447412549880439,0.452072251894866,-0.424083719370817,-0.162077057202874,-0.422967839521378,0.777157723077751,0.472035518055811,0.160917522056699,3825.0000000001,1.19163732288927,0.150993095245927,1332.0000000001,0.389377304328023,1.5810146271173,0.0188925908382723,0.515435914099087,-0.354730051707418,-0.418321359886061,-0.455637046957831,-0.674253706721255,-0.63218548021248,-0.605554474013904,-0.484855139592742,-0.19656427134553,-0.890831420920857,-1.99720649805278,0.06121826181875,24.0000000001,1.46923828135,0.06121826181875,24.0000000001,1.46923828135,0.234043917394438,0.227657639838653,1e-10,0.900913780353329,0.177110849269903,-0.0118507549850175,-0.147452644806396,0.872093088372841,1.01321566359127,1.32904696563017,1.34213135648708,1.36723184200025,-0.702231294542074,-0.545252891682209,-0.402080793773369,-0.649223142813394,-0.649223142813394,-0.04204233615917,-0.391158031789292,0.604464125500228,0.580011645662135,0.358187093994089,0.658582651169509,-0.751834301899525,-0.976974848473747,0,3825.0000000001,0.0142396634814068,0.00465292725686546,0.787700401766844,0.198138620704412,17391.9367760617,1.16415321826935e-10,429,1,"SNETWORK (1 319 17391.9367760617 0.787700401766844 87000290 429)",87
56,87000291,-0.903435185967025,46,0,0,-0.0539298651555209,-0.0526282971591558,-0.0497659234028937,-0.310638230306659,-0.0468588404075756,-0.467158380398931,0.00393876510860936,1.00639127831327,-0.670776499525082,0.915885409838764,1.00639127831327,1.00639127831327,0.0120735412728014,0.159737629468762,0.331255097906667,0.154444830232114,0.0168165013599703,0.396949460069245,-0.3182243350896,0.145121969788322,0.0313608172450206,-0.903435185967025,2,-0.355478662376059,0.241251315128563,0.242737300502571,0.682109491380358,-0.908764280377963,-0.202344253962082,0.00394037760543583,-0.118990491925093,0.229500904593353,9326.0000000001,3.42452069658514,0.273997084014748,8281.0000000001,3.63035176313379,7.05487245961892,0.0990197440051823,0.255812493866693,-0.0236873169065527,-0.328167599043484,0.624323381525768,-0.29362682473201,-2.82000033161241,-0.373973510403322,-2.53765933138552,-0.493864981811903,-1.95897036538593,-2.12625027431676,0.100504557391667,63.0000000001,6.331787109475,0.100504557391667,63.0000000001,6.331787109475,0.575476839337057,0.468786426781112,1e-10,0.721309147336431,0.723451723115684,1.92621146700572,0.673977643924847,-0.0232557920329049,-0.14537465218179,-0.0351803085670272,-0.0146952031345466,-0.00508577034261541,-0.970262214371395,0.188959117205274,-0.51237299849208,-0.860436360993595,-0.860436360993595,0.0444753705626646,0.00456706451959439,-0.202403883012488,-0.181738810618271,-0.166847705179409,-0.157956874301,0.293720069557905,0.0548696940600941,22316517424.082,9326.0000000001,0.0480653852085482,0.0509543586966341,0.564320475094224,2.2157339034602,6006.6391690091,0.00048828125,60,1,"SNETWORK (1 56 6006.6391690091 0.564320475094224 87000291 60)",87
318,87000292,0.367668060516838,164,0.826606769083661,0.576140491778701,0.449959143780463,0.448153051499128,0.45024912066774,0.93073998530996,0.955447456782288,0.454100139760539,0.643647024421558,-0.0229563524003214,0.339368727380875,-0.103257997599312,-0.0229563524003214,-0.0229563524003214,-0.255771273294795,-0.884974447321198,-0.733598913992125,-0.0285139155728097,-0.959679167411575,-0.603050539930755,0.694143931109334,-0.735182512335809,-0.673195464551723,0.367668060516838,8,-0.20125295141011,0.206299453269361,0.207413062952183,0.347319662298129,0.365608721837481,0.652661228733444,0.643653371481794,-0.556216375117042,0.120165079178575,5735.0000000001,1.33420025844352,0.0793970266815147,1777.0000000001,0.273149863578226,1.60735012192174,0.023184867460006,0.215741975502498,3.62749789377926,0.329250428452061,1.2912559102751,0.0501472383911385,-3.40859904398442,0.115893705990946,-3.1524248328431,0.78183677040437,-2.15699309768726,-4.40538023421424,1.34467605074655,58.0000000001,77.9912109376,1.34467605074655,58.0000000001,77.9912109376,3.7118448470306,2.32384661418564,1e-10,0.207505785012628,0.270274880401141,-0.118494436989911,0.415574881952614,1,0.955946779738607,0.975277852907369,0.986233363658323,0.989828666406973,0.267897878635261,-0.778302504405671,-0.0246241465940484,0.289492273701183,0.289492273701183,-0.259438022487145,-0.562345798870308,1.05730718892086,0.953300488736756,0.268429745753081,1.31310589796692,-0.889616924838077,-1.20338132999007,0,5735.0000000001,0.0192448773925627,0.00393998996744331,0.600346247202988,1.40913358263647,18221.3763727825,5.82076609134674e-11,344,1,"SNETWORK (1 318 18221.3763727825 0.600346247202988 87000292 344)",87
56,87000293,-0.660137965468249,76,0,0,-0.0539298651555209,-0.0526282971591558,-0.0497659234028937,-0.284154938323348,-0.0396167034271927,-0.450226885851491,-0.00269771688478681,0.993580673435643,-0.678819623470238,0.92750253284106,0.993580673435643,0.993580673435643,-0.034216602768928,0.178267959213456,0.349848271087272,0.210318598970949,0.0272948125031446,0.396949460069245,-0.3182243350896,0.145121969788322,0.0313608172450206,-0.660137965468249,2,0.231390583978147,0,0,-0.547723151783729,-0.647775081593824,0.716522974183136,-0.00269704103289648,0.0858425132029455,0.911713633958262,2643.0000000001,3.85545461495657,0.191205580496357,9196.0000000001,2.81332242781746,6.66877704267403,0.113044592700419,0,0.219873986510771,0.0424790159732261,0.335455415749527,0.718983803049491,0.846341991384321,0.289537153331535,0.927728175487298,0.344542700216282,0.438764604571465,0.474831992217006,1.89838115995577,39.0000000001,74.036865234475,1.89838115995577,39.0000000001,74.036865234475,2.94207405042858,2.51155296622482,1e-10,1.00193304306229,0.717090076540601,1.77832317044208,1.83443233071861,-0.0232557920329049,-0.14537465218179,-0.0339287294394997,-0.0145840770232015,-0.0056943844696325,0.527119915272469,-0.600530019879539,0.743749621745686,0.594691590611536,0.594691590611536,-1.06795867089999,0.110473477818048,-2.01313899201543,-2.22623150100799,-2.31808890103953,-1.49368125928552,-1.24178397382693,-1.15803138471878,4244568424.25124,9196.0000000001,0.065355055873579,0.0476895367268401,0.786409614736203,2.75795484225557,6184.29019749919,0.00048828125,50,1,"SNETWORK (1 56 6184.29019749919 0.786409614736203 87000293 50)",87
137,87000294,-1.15799946399791,11,-0.169336007143403,-0.45983907781187,-0.612877153222713,-0.614349237474709,-0.609405455638136,-0.0411491730027613,-0.00518419091603054,-0.00644236888089581,-0.357154085908827,0.148004561054057,-0.0958804633866896,-0.000136533340724714,0.148004561054057,0.148004561054057,0.592066706988457,-0.0352653210459337,-0.117000249121206,-0.990111450813649,-0.0211713060358397,0.0677281446396492,-0.117429098893948,0.617705950750841,0.326804535448277,-1.15799946399791,1,0.0232508766577538,0.444079401305173,0.448675213805137,0.120692802253927,-1.15407054478463,0.0544450202213015,-0.357127221374953,0.420484297516459,0.319888668554946,6499.0000000001,3.84399432352206,0.317876957599576,3617.0000000001,2.12591012775272,5.96990445117478,0.0715239752632714,0.510902045792368,2.04605031092935,2.48986670523834,0.174124063885822,0.0439508758602386,-0.458570956897608,-0.323975860461172,-0.352563973339125,-1.09155264753,-0.724154276858147,-0.396401027551212,0.6335937501,70.0000000001,44.3515625001,0.6335937501,70.0000000001,44.3515625001,2.23951487962129,1.26362262340724,1e-10,-0.875669895629328,-1.31774241693482,-0.803592448041453,-0.6386579943645,0,-0.0440532202613966,0,0,-0.0227070388776265,0.0967230703140014,-0.780956733423069,-0.257020225168704,0.101620391059427,0.101620391059427,-1.78122014758299,0.437624711320249,0.128024398109213,-0.117901170916575,-0.85432822103795,0.637161335733676,-1.29755090224451,-0.684603107988655,0,6499.0000000001,0.0460539622986257,0.0254700128646457,0.142110884853988,3.03280146792531,4455.86828479654,0.001953125,102,1,"SNETWORK (1 137 4455.86828479654 0.142110884853988 87000294 102)",87
137,87000295,-0.275926062257012,68,-0.169336007143403,-0.45983907781187,-0.612877153222713,-0.614349237474709,-0.609405455638136,0.0235693083300916,0.0128654027388498,0.00428554024958247,-0.363687844619384,0.0812933658592552,-0.029886994777841,-0.0165538487116135,0.0812933658592552,0.0812933658592552,0.508843359312314,0.00203317798070058,-0.0791906084026132,-0.890641745465473,0.0016154490019477,0.0677281446396492,-0.117429098893948,0.617705950750841,0.326804535448277,-0.275926062257012,1,0.176023544495259,-0.00209786088193096,-0.00209912032238566,-0.482359766566567,-0.265887371545677,1.16603200312402,-0.363653384609275,0.751408105649686,0.152104301555054,2034.0000000001,0.572044466712797,0.157231766270815,1787.0000000001,0.519519902711157,1.09156436932395,0.018533899905094,-0.00202251055980046,0.514719188242788,0.327376269679286,1.70486664935643,0.51440618556154,-3.69206130522638,0.495391751803205,-4.01684935784155,-0.126545369397306,-5.72061271262485,-3.07547294906503,0.155968299378846,26.0000000001,4.05517578135,0.155968299378846,26.0000000001,4.05517578135,0.475834802685885,0.551482887963852,1e-10,-0.333114575586071,0.0495078971416099,1.7781265787087,0.320508669630807,1.03276561575505e-16,-0.0440532202613948,-0.00673483624999544,-0.00375034762150027,-0.0192920727509027,0.824920891661481,-0.803242543903309,1.22041242730208,0.978615321125696,0.978615321125696,-0.0314379963396725,0.390503947418163,-0.908571094030811,-1.04550140321833,-0.965455919549291,-0.699475475049265,-0.356320425964145,0.159005918920829,0,2034.0000000001,0.00971286268330434,0.00882103712178961,0.321219971756844,0.966338344782342,4766.97388364572,0.001953125,164,1,"SNETWORK (1 137 4766.97388364572 0.321219971756844 87000295 164)",87
137,87000296,-0.0939215160782269,83,-0.169336007143403,-0.45983907781187,-0.612877153222713,-0.614349237474709,-0.609405455638136,-0.0223200807904197,-0.0261274082693298,-0.220666689507793,-0.379638341842738,0.0170260780611175,-0.0146646138280546,0.0585914927812047,0.0170260780611175,0.0170260780611175,0.299699675729867,0.0704256224602529,-0.0143477452171231,-0.78107166786329,0.0528596573636853,0.0677281446396492,-0.117429098893948,0.617705950750841,0.326804535448277,-0.0939215160782269,1,-0.798860330922054,-0.207539689995702,-0.206587076617183,0.79137159833218,-0.0859151867571315,1.24271065125855,-0.379585224100874,-0.408659036564461,0.223949444134077,1624.0000000001,0.672470686886286,0.259616925152544,3149.0000000001,1.5116213142124,2.18409200099869,0.0435709305576948,-0.185057553809584,1.39014092402136,-0.10345047619461,1.66279835494877,1.15608878483116,-1.82679909328064,0.691654726214516,-2.32821006753118,0.0195446740444938,0.580882520663347,0.299295814324345,0.362367021376596,47.0000000001,17.0312500001,0.362367021376596,47.0000000001,17.0312500001,0.447069509102511,0.22135527966207,1e-10,1.05721646947454,0.371092131875296,0.361382478870234,0.515100127904703,1.03276561575505e-16,-0.0220264420822812,-0.0123611654167389,-0.00688341417650373,-0.0164391862353267,0.568896026780377,-0.857423218750302,0.574783314680867,0.646331609986562,0.646331609986562,-0.035349063080029,0.588577927477107,-0.721748430002728,-0.874423292807173,-0.876483594218444,-0.493773354628018,-0.186800299772415,0.22962268011899,4635713495.71813,3149.0000000001,0.0134152652529048,0.03015566520479,0.368744956611523,0.374477573321201,4849.52295543867,0.001953125,159,1,"SNETWORK (1 137 4849.52295543867 0.368744956611523 87000296 159)",87
318,87000297,0.504961991284459,192,0.826606769083661,0.576140491778701,0.449959143780463,0.448153051499128,0.45024912066774,0.945769730869814,0.96256076297027,0.591409762962121,0.638246503716253,-0.0349931267002679,0.358429476531445,-0.103778858056629,-0.0349931267002679,-0.0349931267002679,-0.304324271590742,-0.905031684900186,-0.755669551177568,-0.0253578936958521,-0.979294448004458,-0.603050539930755,0.694143931109334,-0.735182512335809,-0.673195464551723,0.504961991284459,8,-0.104669340494584,0.652351405820927,0.661660765252877,0.894044765723004,0.501457435850163,-0.121810253423286,0.638320496297558,-0.047046608475219,0.0784835099241871,3085.0000000001,0.46875175499446,0.095308646324457,4178.0000000001,0.770921323108205,1.23967307800267,0.0126279186502113,0.817802608908823,0.241278040350954,1.87426569321676,-0.296839566465389,-0.29296348811416,0.0827324485026563,-0.512911094852003,0.0692367015096216,-0.112701414535605,0,0,0.00245768239166667,60.0000000001,0.1474609376,0.00245768239166667,60.0000000001,0.1474609376,0.291895068754165,0.315269686944856,1e-10,0.0312688462912196,0.368069386810439,-0.13297922418873,0.703389314347446,1,0.955946779738605,0.975277852907368,0.986233363658322,0.989828666406973,0.327470869982381,-0.812819764531817,-0.00810966437869463,0.357370335290571,0.357370335290571,-0.748901447423086,-0.118452966803406,0.478684693241702,0.400586288064079,0.0192683470860819,0.662533789246582,-0.65910060403845,-0.960048361565399,0,4178.0000000001,0.00477493549435669,0.00785298305585459,0.74793595711294,1.80222295317799,18396.2844265293,5.82076609134674e-11,330,1,"SNETWORK (1 318 18396.2844265293 0.74793595711294 87000297 330)",87
319,87000298,-0.218940963849232,15,0.849676501735058,0.527879359151426,0.423921895297046,0.422083328008158,0.425620192291929,0.863369725919603,0.87525848573543,0.53478480483181,0.77989419830057,-0.0135123573859959,0.366043752552402,-0.0450786795479101,-0.0135123573859959,-0.0135123573859959,0.253711111430085,-0.728285016028608,-0.533457193986724,0.43701451280474,-0.870147763203701,-0.604424467785202,0.699593179675348,-0.759818089809216,-0.694672009762475,-0.218940963849232,8,0.215100917897838,0.466896644490674,0.471937659496298,0.0449968568342376,-0.223758738163866,-0.441857970587048,0.779892833806415,0.49065321535922,0.277073426850304,4942.0000000001,2.65098297481283,0.141543359044597,4311.0000000001,1.18134525716057,3.83232823187341,0.0451046716592605,0.542173106697854,0.408485257272092,0.321052378710545,-0.428106273277072,-0.409032161876558,0.0281495867683083,-0.624967888455055,0.0210565816493225,-0.235235497913631,0.0616912247586869,0.14012227929022,0.185521619173276,58.0000000001,10.76025390635,0.185521619173276,58.0000000001,10.76025390635,0.17260244707334,0.0423212849867057,1e-10,0.642047228234463,0.451594283788066,0.114331552052028,-0.0934858359165382,0.744186065853319,1.15858997967623,1.22067533481753,1.23157994773987,1.27487360808814,-2.09485391846042,-0.117445822157725,-0.391112115493937,-1.57066002869966,-1.57066002869966,0.185556472735069,-1.21452556163495,1.44969482683693,1.31554850890018,1.1277675413208,1.40184574015574,-0.289378888905887,0.52778168537272,1.74026961563584,4942.0000000001,0.0312008025284103,0.0139038690308502,0.599291437987546,3.31984814624809,17287.241062822,1.16415321826935e-10,444,1,"SNETWORK (1 319 17287.241062822 0.599291437987546 87000298 444)",87
318,87000299,0.57683796891922,213,0.826606769083661,0.576140491778701,0.449959143780463,0.448153051499128,0.45024912066774,0.956340690492357,0.96840021093493,0.709458169479897,0.632723732458687,-0.0441575145045703,0.371227875876092,-0.108514584967287,-0.0441575145045703,-0.0441575145045703,-0.384297341709343,-0.921776251647012,-0.7765310371478,-0.0421219800257958,-0.993148994750628,-0.603050539930755,0.694143931109334,-0.735182512335809,-0.673195464551723,0.57683796891922,8,0.00840960114563852,-0.143087360376411,-0.142670982068531,-0.429713394166628,0.568029740971141,-0.0239571962541367,0.632722774178113,0.0712155722798488,0.0871945582811871,5965.0000000001,1.00695288621734,0.0776206709934209,730.0000000001,0.109700744306913,1.11665363042425,0.0211767235893035,-0.130721585603255,-0.20221838651125,-0.12728389333093,0,0.118398717985696,-0.207341215346138,-0.0423410151779847,-0.286920441339081,0.583879176791491,0,0,0.0869061870959677,31.0000000001,2.694091796975,0.0869061870959677,31.0000000001,2.694091796975,0.180434898855142,0.189356933116709,1e-10,0.343937186528824,-0.0692265948281191,0.726691047111521,-0.358453731515526,1,0.955946779738605,0.975277852907368,0.986233363658323,0.989828666406973,-1.31455460555024,0.280412166517814,0.712910126857076,-1.10606494437538,-1.10606494437538,0.0876178649508972,-0.189823437355726,0.0782708805709522,0.228917496402524,0.737739916278326,-0.242478992923464,0.216450462429412,1.03599098411104,0,5965.0000000001,0.0190963090585851,0.00208041443071835,0.84883918079074,1.89363075048732,18515.8644872329,5.82076609134674e-11,406,1,"SNETWORK (1 318 18515.8644872329 0.84883918079074 87000299 406)",87
137,87000300,-0.306864865063311,64,-0.169336007143403,-0.45983907781187,-0.612877153222713,-0.614349237474709,-0.609405455638136,0.0227222300315572,0.0127246725387103,0.00791659140077545,-0.363537205683847,0.0827278510195043,-0.0319106212411186,-0.0149234129597832,0.0827278510195043,0.0827278510195043,0.510844742503926,0.00131606889522282,-0.0799236100186804,-0.892569491455912,0.00117844859424151,0.0677281446396492,-0.117429098893948,0.617705950750841,0.326804535448277,-0.306864865063311,1,0.19778820631007,0.725867178795443,0.737168322886162,0.452248939138473,-0.311063194491693,-0.389929388154247,-0.363460574727695,-0.00428412470581538,0.081980512700037,661.0000000001,0.100195780794865,0.106073237356245,2794.0000000001,0.547986134338945,0.64818191503381,0.00623561355464306,0.938440406350943,-0.0483168242544755,-0.228040921925508,0.0379776066572328,-0.204349444412254,-0.803813300745089,-0.683808582804451,-0.499487329692887,-1.77261574315156,-0.248769991164677,-0.133694743716495,0.124432963809677,31.0000000001,3.8574218751,0.124432963809677,31.0000000001,3.8574218751,0.129518619536876,0.133404494232654,1e-10,-2.53242783279636,-2.88272327632639,1.63203044899236,-0.74080865264096,0,-0.044053220261396,0,0,-0.0227070388776265,-5.35519393226624,-0.078754443618052,0,-2.62149823467576,-2.62149823467576,-3.78693434204724,-2.0233183218038,-0.284995557247385,-0.378157873842446,-0.103160156669971,-0.301487709702316,0.861168746907782,2.32258378125678,0,2794.0000000001,0.000963899398925942,0.00527171405571712,0.309233639262816,5.4630639895205,4746.15408486811,0.001953125,152,1,"SNETWORK (1 137 4746.15408486811 0.309233639262816 87000300 152)",87
137,87000301,0.230546979114275,106,-0.169336007143403,-0.45983907781187,-0.612877153222713,-0.614349237474709,-0.609405455638136,0.0155351021607988,-0.0204742812581213,-0.270309714006872,-0.38357595828844,-0.0181224368884606,0.0228539822978836,0.0402605461083913,-0.0181224368884606,-0.0181224368884606,0.151015839868414,0.0952149241033706,0.0106152233356536,-0.728371798519668,0.0697481528467736,0.0677281446396492,-0.117429098893948,0.617705950750841,0.326804535448277,0.230546979114275,1,-1.58686814441948,-1.00659449275679,-0.976482420409149,1.0691143938705,0.231956297199217,1.42895176298937,-0.383555466726265,-0.645188981295065,0.762731923473598,2405.0000000001,3.39175402436884,0.761796633022929,145.0000000001,0.204241690173144,3.59599571444198,0.135066613558025,-0.675683476614333,-0.59123888567931,-0.0703552634448115,1.20753508282475,1.44517808069812,0.256137404905223,1.48922868606226,0.65251970082198,0.704746738701554,1.70029662971021,0.867114326215957,0.694223257311538,13.0000000001,9.02490234385,0.694223257311538,13.0000000001,9.02490234385,0.0966501042833627,0.716153058354817,1e-10,-0.377370359573919,-0.33693962850673,-0.232199706792968,-0.186449153873525,-1.03276561575505e-16,-0.00539170773484047,-0.0247221470926315,-0.0137666363416769,-0.0101713335930266,0.617619589319144,-0.728334612281346,0.515412556530341,0.707453170003138,0.707453170003138,0.135645818398012,0.731412156147636,-1.00333174321302,-1.16482047758134,-1.24029769439538,-0.686541502774436,1.34274342178787,1.30383447386097,0,2405.0000000001,0.12739523796247,0.00767137549555479,0.441652877061914,1.24923064018251,4976.16121062039,0.001953125,246,1,"SNETWORK (1 137 4976.16121062039 0.441652877061914 87000301 246)",87
56,87000302,-0.539405331385125,93,0,0,0,0,0,-0.217748410120548,-0.0234091962619746,-0.367080093234009,-0.00903226462830417,0.970832982265822,-0.65972106950616,0.914868999870038,0.970832982265822,0.970832982265822,-0.196921711727623,0.215548654728494,0.391961667832023,0.313773527520953,0.0495457809554815,0.442037567785408,-0.329724348592432,0,0,-0.539405331385125,2,0.0818221417416883,-0.329903589192925,-0.327292141268294,-0.715959476375813,-0.5471804187725,-0.125703749900109,-0.00901332865994999,-0.387050378146039,0.184503971386867,358.0000000001,0.105683874853028,0.281124010525376,5173.0000000001,2.32680720958679,2.43249108433982,0.0534291396647311,-0.281077935519731,0.0753820152485192,-0.203692996553017,-0.237232898183451,0.174992915594021,1.06950276609874,0,1.52154675288059,0.00517195510406102,0.27726053764013,0.298724159893669,0.832068810196154,26.0000000001,21.6337890626,0.832068810196154,26.0000000001,21.6337890626,0.64851204797092,0.92168083208438,1e-10,0.610883530647028,0.565209883930107,0.0363459043239223,1.08954932024581,-0.0232557920329049,-0.14537465218179,-0.0247221470926318,-0.0137666363416776,-0.010171333593027,0.259890649986931,-0.462036283489611,0.196694784795274,0.280468679958442,0.280468679958442,-0.600599938458449,0.366586970552287,-1.59937000336261,-1.8500038203517,-1.84314872905143,-1.17996256628173,-0.884008780051812,-0.667403028851926,0,5173.0000000001,0.00232132340813317,0.0511078161565979,0.909634351310493,0.430408666638912,6282.85873274198,0.00048828125,70,1,"SNETWORK (1 56 6282.85873274198 0.909634351310493 87000302 70)",87
328,87000303,0.878940925668258,281,0.833942087661095,0.661934694919581,0.679648502105189,0.676245639047415,0.674971766192546,0.855086769639851,1.02444253756175,0.0130235731583913,0.0882493097356402,-0.0556745591382247,0.261202578029137,-0.278996743455576,-0.0556745591382247,-0.0556745591382247,-4.53082283594998,-0.100535013253532,0.0178238382358015,1.08515412490276,-0.353323749053834,-0.560339494672534,0.667148486569063,-0.788859635579387,-0.682989322922567,0.878940925668258,8,0.288616104006997,-0.562844955168758,-0.554532673075566,-1.11690554269604,0.867138423498124,-0.297558614587513,0.0882550722126337,-0.428256838310982,0.175538672050761,1289.0000000001,0.438061461118468,0.0564683351649747,33.0000000001,0.00360768205767022,0.441669143076139,0.0116586099193347,-0.440641991625299,-0.851998747566586,-0.188773919408402,-0.527077208653329,-0.300104081499383,0.64535535359681,0.00197262315515678,1.11319964187685,0.133265016887498,1.1405797677759,1.38726616770927,0.781939338335294,17.0000000001,13.2929687501,0.781939338335294,17.0000000001,13.2929687501,0.283453545005701,0.846937769764296,1e-10,0.978950595847281,0.622940354146092,0.233299290919048,1.14062785501569,1,0.955946779738605,1.49113557642077,1.50208271919841,1.53430165797082,0.150965422285798,-0.773350451056487,0.019622732164433,0.160024857401597,0.160024857401597,-0.297296249650635,-1.72714388040244,0.612677474262348,0.552472878800364,-0.107920795495939,0.907574431821544,-0.0113854294668681,0.110521011764971,5329835714.2171,1289.0000000001,0.0115633789050506,9.52309142841866e-05,0.328284569875363,0.908386511015311,18940.9957922472,2.91038304567337e-11,493,1,"SNETWORK (1 328 18940.9957922472 0.328284569875363 87000303 493)",87
137,87000304,-0.869674397089435,30,-0.169336007143403,-0.45983907781187,-0.612877153222713,-0.614349237474709,-0.609405455638136,-0.0262404589616651,0.00121990860040482,0.000293529694168976,-0.358171473055158,0.137440840069824,-0.087233711237467,-0.00128739682201149,0.137440840069824,0.137440840069824,0.580125421993988,-0.0317246755904291,-0.113440469713149,-0.976177460617768,-0.0195944765841061,0.0677281446396492,-0.117429098893948,0.617705950750841,0.326804535448277,-0.869674397089435,1,-0.824050863175044,-0.607195821468155,-0.597386821822858,0.202712089967411,-0.861636234728189,1.50161910466058,-0.358148539420021,-0.25675555967872,0.401999508880609,308.0000000001,0.228935732798872,0.535332327130509,662.0000000001,0.655267764875185,0.884203497574058,0.0241735629170095,-0.467908983333811,2.50676916250459,-1.85043018595964,1.76130443944429,1.74908818495679,-0.552845000843518,1.14865248332107,-0.949095409640509,0.490146972288735,-9.79955017169951,-5.34979605172959,1.30948036605395,19.0000000001,24.880126953225,1.30948036605395,19.0000000001,24.880126953225,0.790596783772597,1.63350165020212,1e-10,-0.265014437792452,-0.207965120108005,1.78122787050987,-0.019958262675869,-1.03276561575505e-16,-0.044053220261396,3.42243995575329e-16,-3.57648972802931e-16,-0.0227070388776269,0.795176808276848,-0.712688708386328,0.528856777441591,0.93857520660392,0.93857520660392,-0.129416644646729,0.171272107274046,-0.577427623173973,-0.756765543505994,-1.23475041665051,-0.116883164114018,-1.03201881939047,-0.356575621637075,0,662.0000000001,0.00625895773005203,0.0179146050869575,0.202112692071532,0.852279730368965,4560.08911741444,0.001953125,106,1,"SNETWORK (1 137 4560.08911741444 0.202112692071532 87000304 106)",87
318,87000305,0.596236237412211,218,0.826606769083661,0.576140491778701,0.449959143780463,0.448153051499128,0.45024912066774,0.950534634219626,0.96512956349565,0.664154355020687,0.626767258906322,-0.0498890415316624,0.353412454844494,-0.112148504357571,-0.0498890415316624,-0.0498890415316624,-0.622428239037628,-0.898025255500209,-0.751827687772808,-0.0164684576396929,-0.973741516738675,-0.603050539930755,0.694143931109334,-0.735182512335809,-0.673195464551723,0.596236237412211,8,-0.108636657538978,-0.317904318578299,-0.31549409970186,-0.478737024620135,0.586890979097396,0.0628213102612498,0.626772250998755,2.01603770109501,0.130598753296758,2172.0000000001,0.549171730839919,0.125860748309023,3722.0000000001,0.906934660237922,1.45610639097784,0.0316823389892976,-0.27205721171225,0.264719108515388,0.204598428989841,-0.0944399415029758,0.190884750943439,0.673222369202641,0.131254330008164,0.953645738147472,0.787271818685285,0.809755468617665,1.63396609912083,0.364234924416406,32.0000000001,11.655517578225,0.364234924416406,32.0000000001,11.655517578225,0.211786076928552,0.224140323831295,1e-10,1.05413691874563,0.942400073804259,0.401343846278837,1.41478950219746,1,0.955946779738605,0.975277852907368,0.986233363658323,0.989828666406973,-0.688439033457828,0.532994944735453,0.124065841257584,-0.637848143144182,-0.637848143144182,0.192792897929994,0.109385459326603,-0.922042068425793,-0.905778513352766,0.0222070057052181,-1.22179211563671,1.82220948556842,1.16653163863192,18836434777.5418,3722.0000000001,0.0119490203399457,0.0197333185493519,0.872453163415733,0.761721455492079,18543.8493362083,5.82076609134674e-11,421,1,"SNETWORK (1 318 18543.8493362083 0.872453163415733 87000305 421)",87
140,87000306,-0.433860646800325,110,0,0,0,0,0,-0.135812228917411,-0.0142032260568208,-0.486703695155198,-0.0306674945791316,0.978884730554015,-0.706444462971728,0.952142423417233,0.978884730554015,0.978884730554015,-1.24451923561525,0.282232053885393,0.463277671125091,0.466946575099142,0.093489744988626,0.45221133369877,-0.305856068890666,-0.190739766812213,-0.0312046492625428,-0.433860646800325,2,0.110166827095968,-0.216640492855475,-0.21559386281129,-0.633492934798868,-0.436105631985683,0.520587336332682,-0.0305635660540399,-0.473943234699596,0.205992550451167,4524.0000000001,1.49105647656063,0.172558061761048,6991.0000000001,1.93016545461419,3.42122193107482,0.0687405970121587,-0.192514811041562,-0.308322907242315,0.474737954670703,0.387829667272525,0.478303487821455,0.0358721554506905,0.345043892489119,0.0574181673481482,0.364647002140213,-0.162523559037009,-0.167326319106341,1.25714789506528,36.0000000001,45.25732421885,1.25714789506528,36.0000000001,45.25732421885,1.68245979600746,1.55547391531341,1e-10,-0.274410973243215,-0.206414119626546,-0.464401524147402,-0.24750361434969,0,0,-0.0247221470926318,-0.0137666363416772,-0.0101713335930273,0.354977525155482,0.623846140056737,-0.655175161224137,0.38915858097793,0.38915858097793,1.0903605294011,-1.04989626523835,-0.015322875991164,0.0840420637484754,-0.32940954263623,0.176502231998739,0.452659696088865,-0.307245007324196,0,6991.0000000001,0.0299589194415223,0.0387816774706364,0.0253178411444923,1.81926849785144,6380.52777311435,0.000244140625,279,1,"SNETWORK (1 140 6380.52777311435 0.0253178411444923 87000306 279)",87
56,87000307,-0.539405331385125,93,0,0,0,0,0,-0.217748410120548,-0.0234091962619746,-0.367080093234009,-0.00903226462830417,0.970832982265822,-0.65972106950616,0.914868999870038,0.970832982265822,0.970832982265822,-0.196921711727623,0.215548654728494,0.391961667832023,0.313773527520953,0.0495457809554815,0.442037567785408,-0.329724348592432,0,0,-0.539405331385125,2,0.0818221417416883,-0.329903589192925,-0.327292141268294,-0.715959476375813,-0.5471804187725,-0.125703749900109,-0.00901332865994999,-0.387050378146039,0.184503971386867,358.0000000001,0.105683874853028,0.281124010525376,5173.0000000001,2.32680720958679,2.43249108433982,0.0534291396647311,-0.281077935519731,0.0753820152485192,-0.203692996553017,-0.237232898183451,0.174992915594021,1.06950276609874,0,1.52154675288059,0.00517195510406102,0.27726053764013,0.298724159893669,0.832068810196154,26.0000000001,21.6337890626,0.832068810196154,26.0000000001,21.6337890626,0.64851204797092,0.92168083208438,1e-10,0.610883530647028,0.565209883930107,0.0363459043239223,1.08954932024581,-0.0232557920329049,-0.14537465218179,-0.0247221470926318,-0.0137666363416776,-0.010171333593027,0.259890649986931,-0.462036283489611,0.196694784795274,0.280468679958442,0.280468679958442,-0.600599938458449,0.366586970552287,-1.59937000336261,-1.8500038203517,-1.84314872905143,-1.17996256628173,-0.884008780051812,-0.667403028851926,0,5173.0000000001,0.00232132340813317,0.0511078161565979,0.909634351310493,0.430408666638912,6282.85873274198,0.00048828125,70,1,"SNETWORK (1 56 6282.85873274198 0.909634351310493 87000307 70)",87
318,87000308,0.618491337692327,224,0.826606769083661,0.576140491778701,0.449959143780463,0.448153051499128,0.45024912066774,0.948783040674271,0.964584008624921,0.643760062689043,0.623799606238355,-0.0529970196577104,0.34755686456775,-0.11523461453642,-0.0529970196577104,-0.0529970196577104,-0.773609389038126,-0.88669868562738,-0.740205105611474,0.000713595395298377,-0.965130099251613,-0.603050539930755,0.694143931109334,-0.735182512335809,-0.673195464551723,0.618491337692327,8,0.215314367799523,0.0599622776332959,0.0600867848607113,-0.462076178348385,0.609789016575745,-0.0143832811976085,0.623901270838646,0.395168580107773,0.11672156629628,3358.0000000001,0.758824107583243,0.115147402046844,2239.0000000001,0.49913446500506,1.2579585724883,0.0203457631408181,0.0592125329940416,1.54411493131353,0.834331048174385,-0.232776564570471,-0.0433496321030103,0.419147572533027,-0.156955760106116,0.440935013892187,0.428933596258608,-0.772305065897349,-1.55334225035707,0.302156409538776,49.0000000001,14.8056640626,0.302156409538776,49.0000000001,14.8056640626,0.349660736329097,0.131581233659436,1e-10,0.385813087496794,0.105078298580791,0.380367483814706,0.0161499722712862,1,0.955946779738605,0.975277852907368,0.986233363658322,0.989828666406972,-0.0526550807089037,0.6442723118822,-0.227371278694078,-0.0539910256051767,-0.0539910256051767,0.702152190665383,-0.666314536985523,-0.210273221504668,-0.0765025006763462,0.49269518971187,-0.505236287817162,1.21066254650565,0.440128459887526,300484144.462771,3358.0000000001,0.0122729442919594,0.00807281874885876,0.901940938705132,0.316829646006227,18578.7951965148,5.82076609134674e-11,376,1,"SNETWORK (1 318 18578.7951965148 0.901940938705132 87000308 376)",87
319,87000309,-0.218940963849232,15,0.849676501735058,0.527879359151426,0.423921895297046,0.422083328008158,0.425620192291929,0.863369725919603,0.87525848573543,0.53478480483181,0.77989419830057,-0.0135123573859959,0.366043752552402,-0.0450786795479101,-0.0135123573859959,-0.0135123573859959,0.253711111430085,-0.728285016028608,-0.533457193986724,0.43701451280474,-0.870147763203701,-0.604424467785202,0.699593179675348,-0.759818089809216,-0.694672009762475,-0.218940963849232,8,0.215100917897838,0.466896644490674,0.471937659496298,0.0449968568342376,-0.223758738163866,-0.441857970587048,0.779892833806415,0.49065321535922,0.277073426850304,4942.0000000001,2.65098297481283,0.141543359044597,4311.0000000001,1.18134525716057,3.83232823187341,0.0451046716592605,0.542173106697854,0.408485257272092,0.321052378710545,-0.428106273277072,-0.409032161876558,0.0281495867683083,-0.624967888455055,0.0210565816493225,-0.235235497913631,0.0616912247586869,0.14012227929022,0.185521619173276,58.0000000001,10.76025390635,0.185521619173276,58.0000000001,10.76025390635,0.17260244707334,0.0423212849867057,1e-10,0.642047228234463,0.451594283788066,0.114331552052028,-0.0934858359165382,0.744186065853319,1.15858997967623,1.22067533481753,1.23157994773987,1.27487360808814,-2.09485391846042,-0.117445822157725,-0.391112115493937,-1.57066002869966,-1.57066002869966,0.185556472735069,-1.21452556163495,1.44969482683693,1.31554850890018,1.1277675413208,1.40184574015574,-0.289378888905887,0.52778168537272,1.74026961563584,4942.0000000001,0.0312008025284103,0.0139038690308502,0.599291437987546,3.31984814624809,17287.241062822,1.16415321826935e-10,444,1,"SNETWORK (1 319 17287.241062822 0.599291437987546 87000309 444)",87
137,87000310,0.401050710937012,129,-0.166057912338905,-0.453200003638288,-0.550040856219537,-0.551846948500872,-0.54975087933226,-0.0263464916065382,-0.0555746869984611,-0.620571370024701,-0.401145249737366,-0.0869463939608012,-0.0116451689856859,0.131212900497772,-0.0869463939608012,-0.0869463939608012,-0.868842289965675,0.152513869981409,0.0505067717745499,-0.683807911058726,0.118817238995296,0,0,0.264817487664191,0.333376028400019,0.401050710937012,1,-0.253031374606867,-0.0656413156091758,-0.0655786753891618,0.0391453077321216,0.392647572308833,0.105417117379115,-0.401143009796711,-0.23677121961513,0.0827825946888549,915.0000000001,0.140054630770278,0.0739131187743274,3275.0000000001,0.447579489023307,0.587634119693585,0.0104871290359946,-0.0617599064286294,5.09796749439125,-0.848233246450214,0.0899829765135868,-0.0238421179254257,-0.404279729056111,-0.00505700059309038,-0.455013593424698,-0.784676502217445,-2.80781704925218,-1.35038957071943,0.533057803299405,42.0000000001,22.388427734475,0.533057803299405,42.0000000001,22.388427734475,1.27823903413323,1.11372348706719,1e-10,-0.104918547024151,-0.213849314365806,-0.212477071394128,-0.309478091110463,0,6.2602913664822e-16,-0.0247221470926318,-0.0137666363416772,-0.010171333593027,-0.645588509520763,0.0968205047676283,-0.831211792034059,-0.602180182231651,-0.602180182231651,-0.422013832408627,0.578390817069444,0.553464592194454,0.501911682852789,0.0536223656441344,0.745513570322942,0.71387355831909,0.495769646380545,0,3275.0000000001,0.00249946509392294,0.00798766384207164,0.524984206172782,2.82083842550983,5120.90452596092,0.001953125,220,1,"SNETWORK (1 137 5120.90452596092 0.524984206172782 87000310 220)",87
137,87000311,-0.0788914302077559,84,-0.169336007143403,-0.45983907781187,-0.612877153222713,-0.614349237474709,-0.609405455638136,-0.00987997664839615,-0.0240920120082694,-0.235792325551745,-0.380730556172734,0.00761745700469981,0.000775679629438176,0.0474862852359354,0.00761745700469981,0.00761745700469981,0.259363735451769,0.0767148013490394,-0.00791616119203247,-0.765165136782521,0.0568147103443255,0.0677281446396492,-0.117429098893948,0.617705950750841,0.326804535448277,-0.0788914302077559,1,-0.44142418652063,0.130955122335401,0.131441645382949,0.662865569500301,-0.0598584393032961,1.75817350033242,-0.37967481916074,-0.212059586721048,0.0707049921265713,775.0000000001,0.101318587150411,0.171058678351883,1861.0000000001,0.588611617667595,0.689930204718006,0.0105556380179292,0.132947716768269,0.48534351705113,1.44461393271229,1.79388440918558,1.30453736625108,-1.77787252433555,0.618287433344301,-1.7413115542772,-0.0507754545304319,0.286679039450092,0.155627891076451,0.267642750559559,34.0000000001,9.099853515725,0.267642750559559,34.0000000001,9.099853515725,0.0999305445248544,0.0801213545061531,1e-10,0.148288031089406,0.346337110558874,-0.200093720772348,0.682645671916423,0,-0.0260581155005337,-0.0100986383476241,-0.00562350768998425,-0.0175864230970332,0.608331973320454,-0.76818519189233,0.162603107885064,0.695727375349071,0.695727375349071,0.128793722931531,0.483765256132421,-1.00542231150539,-1.12998630676908,-1.0919959055945,-0.765060977136642,-0.524399067767157,0.301454806997727,0,1861.0000000001,0.00155013117573606,0.00900550674219314,0.371182300028761,3.38874390313935,4853.75652726092,0.001953125,201,1,"SNETWORK (1 137 4853.75652726092 0.371182300028761 87000311 201)",87
328,87000312,0.694728456203857,242,0.833942087661095,0.661934694919581,0.584902015722838,0.581791403280787,0.581496445193316,0.827325059456203,0.992669121647082,0.375709212810522,0.104144014760647,-0.0356854841418117,0.216514434766195,-0.239012461199625,-0.0356854841418117,-0.0356854841418117,0.81856552534694,-0.128728838422527,-0.00125957042029293,0.985147830901464,-0.367322381120773,-0.560339494672534,0.667148486569062,-0.788859635579386,-0.682989322922567,0.694728456203857,8,0.589887119694634,1.5211889013882,1.56256922841665,-0.0670271893736582,0.691775497567726,-0.474181199997693,0.104402694678086,1.17530940263679,0.127071879859396,7161.0000000001,1.76170200968599,0.131555704734204,3093.0000000001,0.78776907276626,2.54947108235225,0.0132313269537939,2.79077707521141,0.441102197665278,2.39938273641284,-0.554445166142756,-0.257359715709699,0.754187738883001,-0.924235602705324,0.242040847921734,-1.6743507517249,0.136020514777926,0.168507494579428,0.219638671975,75.0000000001,16.472900390725,0.219638671975,75.0000000001,16.472900390725,1.01933002093667,0.646415438622,1e-10,-0.403095637573566,-0.303590760051945,-0.43980174671109,-0.30921522931486,1,0.955946779738605,1.13290441607148,1.14238051260139,1.15890983248769,-0.182252549742643,-0.124260777934668,-1.02186419082537,-0.183001363236432,-0.183001363236432,-1.08659764625445,-1.34691644014653,0.399586763690621,0.280053960349311,0.415023909798776,0.354175201843404,-0.0497846940990006,-0.101449547859177,0,7161.0000000001,0.0091429376352155,0.00408838921857836,0.0210176385914894,0.109248867386626,18710.7536478849,2.91038304567337e-11,460,1,"SNETWORK (1 328 18710.7536478849 0.0210176385914894 87000312 460)",87
137,87000313,-0.820872508599896,33,-0.169336007143403,-0.45983907781187,-0.612877153222713,-0.614349237474709,-0.609405455638136,-0.0129974797555435,0.0048102556696755,0.0188580576250489,-0.359125683741595,0.125413528595633,-0.0713427645995615,-0.00935250438809799,0.125413528595633,0.125413528595633,0.562643280064401,-0.0264696457433562,-0.107577598926868,-0.956696599563473,-0.0170937493042892,0.0677281446396492,-0.117429098893948,0.617705950750841,0.326804535448277,-0.820872508599896,1,-0.833715481549135,-0.580178947541386,-0.571298188723273,0.259430437623631,-0.788737002943768,1.68613574181983,-0.358278829671915,0.0693340269820096,0.191076848759687,994.0000000001,0.351181637140654,0.190285918473837,1574.0000000001,0.553794608383298,0.904976245423952,0.0242181573659419,-0.45141001070687,0.173671995116247,4.29707391124632,1.40389204094792,1.81614333925048,0.598852942338421,1.2010775970028,1.04891401598374,0.534708144947008,4.41542829998149,2.41821320499134,1.2568359376,16.0000000001,20.1093750001,1.2568359376,16.0000000001,20.1093750001,0.581791953938756,1.55500878660962,1e-10,-0.499181239215384,-0.473237851840091,1.78066959571455,-0.335078265496825,0,-0.0440532202613954,3.42243995575329e-16,3.57648972802931e-16,-0.0227070388776265,0.419227214630806,0.409510723408129,-0.860914420536968,0.464527257933337,0.464527257933337,0.82244816165798,-0.453613089661479,-0.538675404547973,-0.445922676864146,-0.749478782777439,-0.312527946716832,-0.0365342872205155,0.0954502676706931,0,1574.0000000001,0.00939800592414111,0.0148201513418008,0.211877224748408,4.3119868966035,4577.04973531748,0.001953125,109,1,"SNETWORK (1 137 4577.04973531748 0.211877224748408 87000313 109)",87
137,87000314,-0.167181253143505,78,-0.169336007143403,-0.45983907781187,-0.612877153222713,-0.614349237474709,-0.609405455638136,-0.0218987640046073,-0.025817133437603,-0.205129211856877,-0.378929780923728,0.0219057929016625,-0.0170154119479179,0.0586274857617633,0.0219057929016625,0.0219057929016625,0.320223603424475,0.0661929230206294,-0.0182031679770653,-0.786611472509995,0.0495274851461938,0.0677281446396492,-0.117429098893948,0.617705950750841,0.326804535448277,-0.167181253143505,1,-0.279727788232042,-0.139912621853637,-0.139516886191857,-0.0207911281041212,-0.156798326162152,1.45670977303865,-0.378923927230433,0.183213977871604,0.12144989812522,1357.0000000001,0.30472939316117,0.119209168597198,1827.0000000001,0.402703635850604,0.707433028911773,0.0133826837081211,-0.127974789421521,0.770092127908886,-0.429052888740787,1.38605013286527,1.34540105868541,-0.549845173360278,0.725260893999521,-0.658090972425278,0.0530891992330632,-1.77742657063266,-0.914325526013839,1.09935805386838,34.0000000001,37.378173828225,1.09935805386838,34.0000000001,37.378173828225,1.93430571148537,1.95807738406495,1e-10,-0.653432761326927,-0.677142498345746,-0.224988232237662,-0.389307936182285,0,-0.044053220261396,0,-3.57648972802931e-16,-0.0227070388776265,0.659105738666804,-0.529532456650066,0.287602548149195,0.760265166388066,0.760265166388066,-0.822434013734032,-0.770426036617475,0.0118901436381177,-0.0605720141752686,-0.196894942503198,0.145431897781325,-0.148833778822635,0.989999874640821,0,1827.0000000001,0.00576464044982762,0.00761804315829352,0.352420087848521,0.795082901293247,4821.16728593876,0.001953125,149,1,"SNETWORK (1 137 4821.16728593876 0.352420087848521 87000314 149)",87
318,87000315,-0.0240613538825274,64,0.849676501735058,0.527879359151426,0.449959143780463,0.448153051499128,0.45024912066774,0.908618442700198,0.948098098631105,0.499823329766096,0.683650522920584,0.0173346666260917,0.387064095711624,-0.0901922255333095,0.0173346666260917,0.0173346666260917,0.177248084184205,-0.84580151671128,-0.685016709997801,0.0929627041406928,-0.937958501921846,-0.604424467785202,0.699593179675348,-0.759818089809216,-0.694672009762475,-0.0240613538825274,8,0.411482907777553,-0.0616567092039877,-0.0616039627545873,-0.81030793615242,-0.0348723783459771,-0.320479824421928,0.683664457639751,-0.218387768320478,0.101554763249208,2556.0000000001,0.502539807158272,0.164931837661095,1624.0000000001,0.518560991645977,1.02110079870425,0.0181660787885676,-0.0580992975249005,1.31112172135452,0.235198102828512,-0.23587125603655,-0.410372956851752,-0.522739850110522,-0.30645290695969,-0.588917410603484,0.259948607149014,-0.318597193246523,-0.669761685300353,0.0994680305276316,19.0000000001,1.889892578225,0.0994680305276316,19.0000000001,1.889892578225,0.381065341768002,0.467240964817937,1e-10,1.11946511552074,0.664471150808821,0.407394534698765,0.588105183185821,0.87660043296585,1.00809279247877,1.32282507512579,1.33587202419674,1.36059429584542,-0.993897222036814,0.0351893450937304,-0.596957606455443,-0.878192259956493,-0.878192259956493,-1.11077488336118,-0.583177086804235,1.26735100031554,1.45754805061196,1.33960651665334,1.04859773666602,-0.13537936728014,-0.481668015903881,4533946923.59039,2556.0000000001,0.00894052545217563,0.00922555323639197,0.0801761881583474,0.884740959425654,17604.9246384417,5.82076609134674e-11,403,1,"SNETWORK (1 318 17604.9246384417 0.0801761881583474 87000315 403)",87
318,87000316,0.357741609695028,161,0.826606769083661,0.576140491778701,0.449959143780463,0.448153051499128,0.45024912066774,0.930847042366907,0.955447456782288,0.45159983513336,0.65670617301292,-0.0229503919978683,0.339407156482667,-0.103296657754903,-0.0229503919978683,-0.0229503919978683,-0.255791614676016,-0.885065623021965,-0.733674778828659,-0.0289117840628643,-0.959716643428621,-0.603050539930755,0.694143931109334,-0.735182512335809,-0.673195464551723,0.357741609695028,8,0.00506098339725302,0.969144674009746,0.988114465247843,1.24013650128553,0.352044574837143,-0.205894289016731,0.656730804258424,0.0665093162264788,0.151095629376594,4430.0000000001,1.29588048444886,0.0880069124728759,1942.0000000001,0.330883668250005,1.62676415259886,0.0129536267064288,1.39007031005898,-0.654977635007185,-0.6058041584982,0.0471037580313052,-0.275566489300472,-1.06099843213952,-0.673181609013691,-0.547690277910984,-0.42504675238249,-0.627715385861436,-1.29448811519791,1.02239925996842,95.0000000001,97.1279296876,1.02239925996842,95.0000000001,97.1279296876,4.54941497044781,1.84333179200069,1e-10,-0.807747204412102,-0.922231013604428,1.91322888061803,-0.628018502905905,1,0.955946779738605,0.975277852907368,0.986233363658323,0.989828666406973,-2.68744942032955,-0.015771263523396,-0.319800495404749,-1.85253257685841,-1.85253257685841,1.43914394334111,-1.06394343254818,-0.0586835319766109,0.0418110433748593,0.235695174409962,-0.170271730543474,0.368575001463634,-0.124545407682266,0,4430.0000000001,0.0103188602324607,0.00263476637396807,0.589568405992425,7.87376716982904,18208.6035905142,5.82076609134674e-11,367,1,"SNETWORK (1 318 18208.6035905142 0.589568405992425 87000316 367)",87
318,87000317,-0.0446607216937666,59,0.849676501735058,0.527879359151426,0.449959143780463,0.448153051499128,0.45024912066774,0.909042101382575,0.947815176781858,0.498903202842546,0.684051242180477,0.0175117740745162,0.387893175820834,-0.0897092650799306,0.0175117740745162,0.0175117740745162,0.168849911571081,-0.842963269376314,-0.681157751811836,0.10412256795325,-0.936691379363238,-0.604424467785202,0.699593179675348,-0.759818089809216,-0.694672009762475,-0.0446607216937666,8,0.374262142609185,-0.251925231633786,-0.250470242105808,-0.943241965664594,-0.056177465087776,-0.115278801864199,0.684088803472744,-0.450557915767847,0.097832875364173,4229.0000000001,0.800998723932402,0.13114876021287,5709.0000000001,1.44955117970906,2.25054990354146,0.046490873860641,-0.22093801187682,0.62442923345249,0.286616005742629,-0.325567271972491,-0.0797729361227506,0.610359501564317,-0.0408791588824416,0.821227216609186,0.622317145604839,0.718850882828592,1.51252313062901,0.297910748206061,33.0000000001,9.8310546876,0.297910748206061,33.0000000001,9.8310546876,0.728631725269632,0.763119135160012,1e-10,-2.0103437175785,-2.12565179915647,-0.959956611881518,-0.715333497889092,1,0.867841683603148,1.32904696563017,1.34213135648708,1.36723184200025,0.715763744490285,0.82690150156848,0.831301807373422,0.833552624034824,0.833552624034824,0.630162264709837,-2.0233183218038,1.34501218725609,1.83914483696426,2.64375057770806,0.487213250064283,-0.491049377840859,0.88121550580686,0,5709.0000000001,0.0165466806557731,0.0299441931048679,0.0480167474821601,0.587161598727107,17566.8125967439,5.82076609134674e-11,349,1,"SNETWORK (1 318 17566.8125967439 0.0480167474821601 87000317 349)",87
137,87000318,-1.11216027196599,14,-0.169336007143403,-0.45983907781187,-0.612877153222713,-0.614349237474709,-0.609405455638136,-0.0406905105890686,-0.00418588636257593,-0.00608579730275545,-0.357264521642614,0.147284423547358,-0.0950353617407376,0.000301621963690992,0.147284423547358,0.147284423547358,0.590424853460969,-0.035073125101171,-0.116845671047665,-0.98893278690761,-0.0211424760859021,0.0677281446396492,-0.117429098893948,0.617705950750841,0.326804535448277,-1.11216027196599,1,-0.952860385804349,-0.0688952967802887,-0.0688239838921914,1.37564029361281,-1.11179303215668,0.428200909690819,-0.357261942151785,-0.338981043321454,0.216712331378221,2261.0000000001,0.905986092447731,0.111957505223546,4854.0000000001,1.00482476129725,1.91081085364498,0.0341881468022518,-0.064740974177388,-0.385528058897434,-0.637240531638423,1.11316340889594,0.231705735814092,-2.89430422987681,0.188204184197487,-3.31574262171027,-0.433054165012293,-2.45639690529652,-1.34421830153166,0.685560438468056,54.0000000001,37.020263671975,0.685560438468056,54.0000000001,37.020263671975,1.91864080792177,1.34110497626432,1e-10,-0.808178848928951,-1.01833097961583,1.7817467244598,-0.544906091020705,0,-0.044053220261396,0,-3.57648972802931e-16,-0.0227070388776269,0.855342535873498,0.529896602359458,-1.20445897055045,1.01997046382174,1.01997046382174,0.995858734478817,-1.51957224991292,-0.364905029890017,-0.324133773337093,-0.17072306291836,-0.374408452197699,-0.821859883361545,-0.553048685101772,0,4854.0000000001,0.0162098647168141,0.0179782819854378,0.152168331712624,3.05497480928898,4473.33768337343,0.001953125,103,1,"SNETWORK (1 137 4473.33768337343 0.152168331712624 87000318 103)",87
137,87000319,0.546832264388535,148,-0.166057912338905,-0.453200003638288,-0.550040856219537,-0.551846948500872,-0.54975087933226,-0.00316045163125642,-0.0459678139865308,-0.669939596347164,-0.408198368176655,-0.126330493241436,0.0221338923058537,0.103972236003772,-0.126330493241436,-0.126330493241436,-1.41841006222951,0.151432008753528,0.0378176925741627,-0.696369011951051,0.119414911727445,0,0,0.264817487664191,0.333376028400019,0.546832264388535,1,-0.809815633492752,-0.821878741053916,-0.802764547895922,-0.119458693863323,0.539865893343703,-0.0713389722849947,-0.406487371527084,-0.48075057625565,0.353013560571092,896.0000000001,0.584839561371066,0.251061767891225,1778.0000000001,0.825371908673021,1.41021146994409,0.0457138387968425,-0.587491963215215,0.149171257099766,-0.441832227275041,0.0500044590958848,0.0549348504246749,-0.121405853377784,0.387279297281858,-0.224626536198771,-0.361258055230889,-0.914282494727596,-0.420715163754224,1.4291015626,20.0000000001,28.5820312501,1.4291015626,20.0000000001,28.5820312501,0.952620612377609,1.81185690144157,1e-10,0.41154621611587,0.645542683464405,0.461684213720474,0.673717987760898,0,0,0.0564512491852726,0.0628900817507518,0.0456008136035468,-0.895481269736215,0.175243744431802,-0.672061570986669,-0.803348630260097,-0.803348630260097,-0.314327060506291,0.405586386888271,0.271935315335034,0.506505271279653,0.455983010166459,0.161679169887359,0.523427830586127,-0.233983119072583,25345414442.6784,1778.0000000001,0.0189583349300325,0.02675550376681,0.58871916539913,2.8079979443343,5231.60970011267,0.001953125,234,1,"SNETWORK (1 137 5231.60970011267 0.58871916539913 87000319 234)",87
56,87000320,-0.726917650548669,67,0,0,-0.0539298651555209,-0.0526282971591558,-0.0497659234028937,-0.292519664832005,-0.0417684907858575,-0.461193165095858,-0.00137117532173228,0.996920369571771,-0.676600925249742,0.926336154503952,0.996920369571771,0.996920369571771,-0.0350417103704389,0.174362490278528,0.346095662240569,0.198546198046165,0.0250831166854369,0.396949460069245,-0.3182243350896,0.145121969788322,0.0313608172450206,-0.726917650548669,2,-0.368996187508363,0.13662160556087,0.137146744552793,0.536910185598282,-0.730914094744883,0.103609187201716,-0.00123283458750008,-0.46102206732995,0.289119072325676,5225.0000000001,2.41703544390461,0.0939754875163887,12448.0000000001,1.87169098787315,4.28872643167776,0.0653254921401937,0.139008731247115,-0.157515388840526,-0.170249597197364,-0.113105243344306,-0.0992513509583483,-0.0585315839615373,-0.128914848009361,-0.0527069175895322,-0.147769436479353,0.133912888290875,0.14795804002735,0.935575045172115,52.0000000001,48.64990234385,0.935575045172115,52.0000000001,48.64990234385,1.83094513019563,1.07600866926564,1e-10,0.240410962769403,0.278159123558334,-0.130083676789606,0.284403640315306,-0.023255792032905,-0.14537465218179,-0.0247221470926318,-0.0137666363416772,-0.010171333593027,0.201748615234537,0.333009754642728,-1.01118961777921,0.21564719493222,0.21564719493222,0.308375601909233,-1.04663182600693,0.0818302825691573,0.23791659175753,-0.295851725609691,0.28996179193304,-0.157261315302074,-0.827228218257102,0,12448.0000000001,0.036816064667253,0.0285094273729407,0.720743483104601,2.30445280515025,6131.76328942919,0.00048828125,38,1,"SNETWORK (1 56 6131.76328942919 0.720743483104601 87000320 38)",87
56,87000321,-0.835006810163481,55,0,0,-0.0539298651555209,-0.0526282971591558,-0.0497659234028937,-0.309046405574005,-0.0462423909443425,-0.472276466226079,0.00196437766592354,1.0035860931777,-0.674754087807992,0.921825248858906,1.0035860931777,1.0035860931777,-0.0024367694222846,0.163833403418992,0.335280064986711,0.166342780111747,0.0191917402865317,0.396949460069245,-0.3182243350896,0.145121969788322,0.0313608172450206,-0.835006810163481,2,-0.189868244534705,-0.0120392272367937,-0.0120435618687625,0.0143672120206993,-0.830835084002573,0.0408635060087212,0.00253639348049896,-0.0439185095074518,0.324187098305906,7924.0000000001,4.11017370599029,0.0560069581744401,7927.0000000001,0.71034745074914,4.82052115663943,0.0824887249309058,-0.0115624805771459,1.03563818416031,1.06912658277302,0.25712985755359,0.160298090235861,-0.421816669273357,-0.0792168712399587,-0.456221888196502,-0.0781044403444736,-0.660675632390185,-0.713816164351559,0.618423786669149,47.0000000001,29.06591796885,0.618423786669149,47.0000000001,29.06591796885,0.973799220060464,0.603136017724931,1e-10,-1.65482400014913,-1.71965366871156,-0.959956611881518,-0.691833012235896,-0.0232557920329049,-0.14537465218179,-0.0456386537822682,-0.0156235779160857,3.8573928898018e-16,0.555583941248542,0.822145066322017,-0.231074719132814,0.629800078417493,0.629800078417493,1.52288700338189,-0.031119972201811,-0.909925016899632,-0.71167060533267,-0.572130698050002,-0.902090774803326,-0.355827565365995,0.548751536254119,0,7927.0000000001,0.0703332641476885,0.0121554606832173,0.634604636958437,1.01872459229078,6062.86007950418,0.00048828125,72,1,"SNETWORK (1 56 6062.86007950418 0.634604636958437 87000321 72)",87
56,87000322,-1.03202031697548,28,0,0,-0.0539298651555209,-0.0526282971591558,-0.0497659234028937,-0.323175358097629,-0.0519895476487647,-0.467878737490348,0.00744054602839954,1.01146223661349,-0.675220560087187,0.91123504905558,1.01146223661349,1.01146223661349,0.0884590366523396,0.150382415890985,0.321058071971469,0.12498772284393,0.0116822185850085,0.396949460069245,-0.3182243350896,0.145121969788322,0.0313608172450206,-1.03202031697548,2,0.683977298099499,0.734932540476369,0.746490350763578,-0.283977103362611,-1.03200782279021,-0.105280194164039,0.00744984563722927,0.0904731963792616,0.458890425503388,3740.0000000001,2.74600030571156,0.0764782013804233,15775.0000000001,1.93030980041626,4.67631010602782,0.0446707435885412,0.953795302715146,-0.154395617807123,-0.214080235072762,0.282414746427396,-0.292049640396323,-1.78672796898848,-0.538620794559651,-1.09876359291644,-0.773182099249488,-0.660141717622617,-0.720995241789245,0.0713019121065789,76.0000000001,5.4189453126,0.0713019121065789,76.0000000001,5.4189453126,0.0611743335936154,0.212622913281608,1e-10,0.399693850633344,-0.237026512101675,-0.157230220129631,-0.229385384243038,-0.0232557920329049,-0.14537465218179,-0.0456386537822686,-0.0156235779160853,0,-0.00321254187948922,-0.778771849718478,0.419998786609655,-0.00332061869662145,-0.00332061869662145,-1.1832345045172,0.466677416914754,-0.465863042654237,-0.541898281317908,-0.738095137927048,-0.220466911744,-0.829103909028019,-0.482434223935386,0,15775.0000000001,0.0262313389173945,0.0184394045711466,0.425892253202774,2.09563636223477,5895.90923403474,0.00048828125,56,1,"SNETWORK (1 56 5895.90923403474 0.425892253202774 87000322 56)",87
319,87000323,-0.113379126022901,41,0.849676501735058,0.527879359151426,0.449959143780463,0.448153051499128,0.45024912066774,0.864137251510431,0.880027012397734,0.544698709904554,0.775768857516899,-0.0132196018588217,0.368001659442407,-0.0443921167886678,-0.0132196018588217,-0.0132196018588217,0.297681255595859,-0.745655954780328,-0.552998061158856,0.403169226278009,-0.882385045641455,-0.604424467785202,0.699593179675348,-0.759818089809216,-0.694672009762475,-0.113379126022901,8,0.554593603251096,0.542915202043326,0.549569104610395,-0.341508557581114,-0.123578860451518,-0.569419410966544,0.775772609707182,0.351805501336558,0.129956418814277,2515.0000000001,0.632768783324962,0.146290395397568,2276.0000000001,0.644610525812285,1.27737930903725,0.0141694110929035,0.650413921102061,0.140566817042523,-0.279990436156245,-0.603086562494821,-0.445591205768037,0.452199377935326,-0.733656545438514,0.320830450672789,-0.48832278540927,0.335856751627438,0.752409539518752,0.296217698417308,26.0000000001,7.70166015635,0.296217698417308,26.0000000001,7.70166015635,0.0387348400850403,0.122726613034569,1e-10,0.0883557173190817,-0.285261167666765,-0.273308952888479,-0.532692634420149,1,0.867841683603148,1.15216222552792,1.16418216806137,1.17853025420361,-2.35658977273928,0.256854483261093,0.405661184966226,-1.70187960312454,-1.70187960312454,0.768252778094155,-1.20375263458826,0.851819112542479,0.885092676673556,1.13510251060176,0.594450463957361,0.745264336215041,1.05855235291077,0,2515.0000000001,0.0070190278566931,0.00715038313621035,0.895342974533375,4.10485896325941,17451.7519552585,1.16415321826935e-10,442,1,"SNETWORK (1 319 17451.7519552585 0.895342974533375 87000323 442)",87
137,87000324,0.426470727017074,132,-0.166057912338905,-0.453200003638288,-0.550040856219537,-0.551846948500872,-0.54975087933226,-0.0275718429849691,-0.0560950791074206,-0.6300650899948,-0.40137892059162,-0.0881233883370592,-0.012579399039305,0.133882446389674,-0.0881233883370592,-0.0881233883370592,-0.884180152811009,0.152283528335861,0.0499510578411375,-0.684210105948294,0.118648957007064,0,0,0.264817487664191,0.333376028400019,0.426470727017074,1,-0.330983215556346,-0.750881756840073,-0.735237517295807,-0.67415975626091,0.417370857759088,-0.357942988204996,-0.401364864230666,0.343865962429812,0.0896703488991083,1758.0000000001,0.291477525878102,0.0648743917842599,497.0000000001,0.0596165764500517,0.351094102228153,0.0107567791357318,-0.55011259879437,2.03724908152307,2.25957916737096,-0.208119263846677,-0.244716393961613,-0.156559168076815,0.0646980293029987,-0.282326741040763,-0.701335127144342,-1.49267153656228,-0.71834022050423,0.0557411596394737,19.0000000001,1.05908203135,0.0557411596394737,19.0000000001,1.05908203135,0.251995512201298,0.235824001348612,1e-10,0.338205231728781,0.290220896975872,-0.10421349465656,0.32786238864437,1.03276561575505e-16,0,-0.0247221470926312,-0.0137666363416772,-0.010171333593027,0.024562681976793,-0.622260837932448,0.985634747143755,0.0255041038286826,0.0255041038286826,-0.735407649358559,0.236763528278106,1.20299753517722,1.11712392901119,0.435048100540737,1.42387961302438,-0.734387297015437,-0.342302340894095,0,1758.0000000001,0.00893025351229748,0.00182652552343436,0.537690334200215,1.73901582985964,5142.97458191052,0.001953125,226,1,"SNETWORK (1 137 5142.97458191052 0.537690334200215 87000324 226)",87
137,87000325,0.177340496279189,101,-0.169336007143403,-0.45983907781187,-0.612877153222713,-0.614349237474709,-0.609405455638136,0.0114414827971445,-0.0204181576400453,-0.268821419318468,-0.383159650031949,-0.0137224418058373,0.0185485048908819,0.0425902932623401,-0.0137224418058373,-0.0137224418058373,0.166192849986453,0.0926639916236638,0.00796816669203896,-0.734952518819688,0.0681608338664424,0.0677281446396492,-0.117429098893948,0.617705950750841,0.326804535448277,0.177340496279189,1,-1.28796090506619,-1.89582703404681,-1.76311003701737,-0.726321600999444,0.172598088925253,1.06130156143544,-0.382586658606393,-0.814425167323385,0.208556330629973,32.0000000001,0.0123398733781866,0.0710239312059316,3.0000000001,0.000393970238969194,0.0127338435171558,0.000985339552201258,-0.961678227293081,-0.514659424005085,1.46899212692135,1.3856943522591,0.582438221882996,-2.57678228052922,2.20017317585711,-12.7088320081183,1.26864728077028,-9.38423711748875,-4.76461088836961,0.4234619141625,2.0000000001,0.846923828225,0.4234619141625,2.0000000001,0.846923828225,0.261281188324609,0.312447788907137,1e-10,-0.317068550338737,-0.0762139895272487,-0.158636796010411,0.0678824558985225,0,-0.0286360844327085,-0.0247221470926318,-0.0137666363416769,-0.0101713335930273,0.421323971017228,-0.517702042713083,0.288261075973014,0.467013530714928,0.467013530714928,1.075732889986,0.593391349820089,-0.750968358452381,-0.92803565430738,-1.03957512817013,-0.449791271475434,0.577973024284563,0.0840180219740765,0,32.0000000001,0.000954854208414409,3.04852437868492e-05,0.425458428070559,0.942856348119676,4948.03207525038,0.001953125,194,1,"SNETWORK (1 137 4948.03207525038 0.425458428070559 87000325 194)",87
319,87000326,-0.148721019431914,33,0.849676501735058,0.527879359151426,0.423921895297046,0.422083328008158,0.425620192291929,0.864654275318613,0.879948944299052,0.544958557936479,0.776264915798086,-0.0135302998284084,0.368648417701891,-0.0437029456017952,-0.0135302998284084,-0.0135302998284084,0.2913076952384,-0.744107158435586,-0.550905070853701,0.40903161318046,-0.881658019809121,-0.604424467785202,0.699593179675348,-0.759818089809216,-0.694672009762475,-0.148721019431914,8,0.512157666534557,-0.0451356241805652,-0.0451154150844111,-0.896257738560121,-0.159746638569125,-0.453204225671208,0.777085521930606,0.148295121257329,0.210169905675163,4104.0000000001,1.66988745779293,0.102733821691576,1238.0000000001,0.24623138627363,1.91611884396656,0.0336503246596139,-0.0428011131995473,1.16272592083527,-0.345070620309993,-0.513821303113554,-0.425874005155548,0.231784632348194,-0.421859134392653,0.268973856122419,0.141421615419676,-0.461028782241074,-1.03180707066448,0.0379997703205882,34.0000000001,1.2919921876,0.0379997703205882,34.0000000001,1.2919921876,0.241801570864546,0.26227641982186,1e-10,-1.5451681158476,-1.13134846760234,2.07881575682406,-0.68487679154739,1,0.867841683603147,1.32904696563017,1.34213135648708,1.36723184200025,-1.90958489553739,0.320496460187157,0.466301564896085,-1.47078348492286,-1.47078348492286,-2.81460971275028,-2.02331832174607,1.11413326007709,1.25801741373232,1.14901003727549,0.939947065955588,1.25234613299578,1.59407115788286,0,4104.0000000001,0.0293260802216237,0.00432424433799018,0.798208843203433,0.074251191966145,17397.7761413932,1.16415321826935e-10,441,1,"SNETWORK (1 319 17397.7761413932 0.798208843203433 87000326 441)",87
137,87000327,0.323749832994964,118,-0.169336007143403,-0.45983907781187,-0.585138056887849,-0.587070912494495,-0.584419668319597,-0.0208552195180868,-0.049347443251088,-0.490925437704103,-0.395167936157972,-0.0599988059820163,-0.0147962075041812,0.135203387064795,-0.0599988059820163,-0.0599988059820163,-0.513712966347461,0.143518591053344,0.0495548088251442,-0.682171126744066,0.109995224859574,0.0244718896476977,-0.0463928842676715,0.415324305327625,0.335969349634022,0.323749832994964,1,-0.632880737057272,-0.340810164541767,-0.338008325630954,0.268426814446901,0.317573359897523,-0.157489460949285,-0.395163770252012,-0.403042316773285,0.143055676778034,3460.0000000001,0.915205327115884,0.0669095932970913,2045.0000000001,0.252999140900956,1.16820446791684,0.0258806805083436,-0.289205163864909,-0.704504510638366,-0.913997761862895,-0.0789221299798828,0.15839875906712,0.578230745955,-0.0180801233123489,0.836218684498081,-0.782614046958375,-0.513364799029913,-0.251596722071354,0.371966737789394,33.0000000001,12.27490234385,0.371966737789394,33.0000000001,12.27490234385,0.83559331099384,0.87353664484306,1e-10,0.212099246798202,-0.0870947648885687,-0.170738350219262,-0.0439844719202695,0,0,-0.0247221470926315,-0.0137666363416772,-0.010171333593027,0.208439986866564,-0.267586489424791,1.48513860653901,0.223044974352165,0.223044974352165,-0.167028408793564,0.305177961575201,0.0822288581055901,0.0227165794977683,0.151886012984762,0.0619240609857211,0.548256598724041,1.19584990364674,0,3460.0000000001,0.0202756771002397,0.00560500330810383,0.485523327224406,1.50813518615905,5052.36249613633,0.001953125,271,1,"SNETWORK (1 137 5052.36249613633 0.485523327224406 87000327 271)",87
137,87000328,-0.0220384966977132,87,-0.169336007143403,-0.45983907781187,-0.612877153222713,-0.614349237474709,-0.609405455638136,-0.00533875518032386,-0.0224966357826822,-0.235792325551745,-0.381036428695437,0.00410481024950787,0.0049589538080154,0.0463602271187141,0.00410481024950787,0.00410481024950787,0.249071369007655,0.0789137809928863,-0.00570884416829326,-0.760225290261688,0.0582779500489036,0.0677281446396492,-0.117429098893948,0.617705950750841,0.326804535448277,-0.0220384966977132,1,-0.199498195604418,0.500859820321328,0.5065971147416,0.81903145877153,0.0123569052018292,1.8278069465052,-0.381031380259484,-0.13128215118693,0.101654994081965,956.0000000001,0.179690019586621,0.158757271043653,2422.0000000001,0.710959903341028,0.890649922827649,0.0102086802585798,0.589749778366053,-0.196286880335746,-0.441126677417279,1.62644527979051,1.91816905570838,0.308280278748388,0.357828471818393,0.226176626375773,-0.315863027021085,0.272820359819526,0.140769568134034,0.36944580088125,48.0000000001,17.7333984376,0.36944580088125,48.0000000001,17.7333984376,0.47780092973616,0.231909742696013,1e-10,-0.620329123715438,-0.461611503577578,1.76759989079707,-0.245272494718722,0,-0.0440532202613954,-0.021853818904543,-0.012169403887979,-0.0116257679690625,0.862877219185122,-0.708731512736178,0.402517642675347,1.03027652306366,1.03027652306366,-0.975858684008994,0.51431308287278,-1.38448549556062,-1.58346866128612,-1.77379192835847,-0.926526706976649,-0.732677300210255,0.316206456412004,0,2422.0000000001,0.00205961724109285,0.00814906291748691,0.38053792574847,3.23783666794807,4870.00688949809,0.001953125,206,1,"SNETWORK (1 137 4870.00688949809 0.38053792574847 87000328 206)",87
328,87000329,0.874729704427891,280,0.833942087661095,0.661934694919581,0.679648502105189,0.676245639047415,0.674971766192546,0.85556344068448,1.02444253756175,0.235707220356246,0.0883904311785183,-0.0552474151059325,0.262121893529624,-0.278851131364272,-0.0552474151059325,-0.0552474151059325,-4.37495122640415,-0.101419954051659,0.0173224176849335,1.08669614113388,-0.354368168892184,-0.560339494672534,0.667148486569063,-0.788859635579387,-0.682989322922567,0.874729704427891,8,0.233488725263709,-0.844974742740677,-0.824644000416745,-1.27298464412658,0.861084340512193,-0.301902837243444,0.0883993104134074,-0.237174607293969,0.165458033232508,1051.0000000001,0.336666493066181,0.166864239124098,281.0000000001,0.0907776454840984,0.427444138450279,0.0141131415731586,-0.59921765257799,-0.202347009374732,0.310736235324199,-0.306533088464516,-0.249423469286886,0.105178274958889,0.186484106089867,0.251705669612143,0.348883722246645,0.96076259307618,1.16677617057971,0.805507115055357,14.0000000001,11.277099609475,0.805507115055357,14.0000000001,11.277099609475,0.195223593624603,0.882077334151146,1e-10,0.186129055639485,0.0133259427212263,-0.129263632289979,-0.00223111963096768,1,0.955946779738605,1.27717508738715,1.28529677079185,1.31366454417867,0.17538686037587,0.737317150473029,0.00815798231132087,0.186658687517107,0.186658687517107,-0.326378601450795,-0.929873442069266,-0.540427255529215,-0.395905320734214,0.541238510415987,-0.973803147125712,2.37758478680447,1.17155908049968,0,1051.0000000001,0.0111158895823018,0.00299725189085673,0.319612772896618,0.170415488902317,18934.4978162902,2.91038304567337e-11,492,1,"SNETWORK (1 328 18934.4978162902 0.319612772896618 87000329 492)",87
137,87000330,0.105005011252373,96,-0.169336007143403,-0.45983907781187,-0.612877153222713,-0.614349237474709,-0.609405455638136,0.00543256997848647,-0.0206107026259381,-0.249260432290703,-0.382006720662575,-0.00642744671472391,0.0139892301483931,0.0442243797816591,-0.00642744671472391,-0.00642744671472391,0.215761834359694,0.0860462750827004,0.00137705124075652,-0.746370561271954,0.063307050351949,0.0677281446396492,-0.117429098893948,0.617705950750841,0.326804535448277,0.105005011252373,1,-0.670741725875832,-0.253477095581749,-0.252002529290232,0.469786468458346,0.112409984496874,1.29786599155228,-0.381962118683589,-0.465955440815944,0.0467558803715038,411.0000000001,0.0355316524530399,0.0675931856679385,1587.0000000001,0.198343140800145,0.233874793153185,0.00483718259791965,-0.222170445414917,1.14537249165977,0.259853063033088,1.43018081831118,1.59068882678557,-0.013599186591055,0.753338893996045,-0.00609255090766011,0.0706158016089571,-1.55927995505243,-0.795270407428502,0.00618703751776316,38.0000000001,0.235107421975,0.00618703751776316,38.0000000001,0.235107421975,0.308639205100801,0.328158967441866,1e-10,-1.11647814076884,-0.897635924626831,1.76700831991713,-0.493170401761815,0,-0.044053220261396,-0.0247221470926315,-0.0137666363416772,-0.010171333593027,0.295647249973496,0.570964860642074,-0.691455089174117,0.320946485153573,0.320946485153573,1.31693017190511,0.919432168673253,-1.0406465858932,-0.847636927686998,0.166743243621722,-1.45500434685225,-0.172312248435922,0.246649113466626,0,1587.0000000001,0.000734893592595099,0.00410228890532455,0.409885844506738,1.44184048846364,4920.98309622299,0.001953125,143,1,"SNETWORK (1 137 4920.98309622299 0.409885844506738 87000330 143)",87
56,87000331,-0.848413302543809,53,0,0,-0.0539298651555209,-0.0526282971591558,-0.0497659234028937,-0.309771073103834,-0.0461991497664434,-0.467971028953894,0.00273463819251656,1.00460033616268,-0.672705967088648,0.91892221320056,1.00460033616268,1.00460033616268,0,0.16241613071823,0.333952004581186,0.162380668687301,0.0183498845429558,0.396949460069245,-0.3182243350896,0.145121969788322,0.0313608172450206,-0.848413302543809,2,-0.341750961362967,0.0726771520885315,0.0728496725766468,0.0767774283130706,-0.844585486504115,0.495903260700319,0.00273822850547235,-0.437784304939151,0.356311714209742,10433.0000000001,5.94784018138609,0.217592942727474,8171.0000000001,2.84472309483215,8.79256327611824,0.140799207319918,0.0721238278549524,0.823299538121695,0.829014546651392,0.113857844023194,0.687123447025889,1.3551456809795,0.128010527489989,1.39847215293013,0.172838158935659,1.3946242995624,1.51523909404258,0.769136869090385,52.0000000001,39.9951171876,0.769136869090385,52.0000000001,39.9951171876,1.45214510882469,0.827849283069698,1e-10,0.13326744140861,-0.061421293101945,1.925976488109,0.095591935913012,-0.0232557920329049,-0.14537465218179,-0.0456231212689031,-0.0156221991134731,-7.55327866800404e-06,0.554554169766988,-0.705398381989698,0.543986079375377,0.628524245085561,0.628524245085561,-0.849765061221142,-0.617927875673307,-0.980235197554701,-1.09760665369213,-1.66145683592828,-0.440490723829433,-0.483857523612271,0.309789921304112,0,10433.0000000001,0.0952453972643001,0.0455538099556177,0.618862643781021,0.424640918238298,6050.2679226659,0.00048828125,67,1,"SNETWORK (1 56 6050.2679226659 0.618862643781021 87000331 67)",87
137,87000332,0.266047939145407,110,-0.169336007143403,-0.45983907781187,-0.612877153222713,-0.614349237474709,-0.609405455638136,0.0165677159271383,-0.0219180945494748,-0.279305593301307,-0.3839071013951,-0.0209262679747733,0.0242722056361458,0.0373631133691394,-0.0209262679747733,-0.0209262679747733,0.140365858588408,0.0971464631895843,0.0124402705149645,-0.724918526082782,0.0711500601765996,0.0677281446396492,-0.117429098893948,0.617705950750841,0.326804535448277,0.266047939145407,1,-0.652392277601657,-0.337464921208108,-0.334722239861463,0.307298598255212,0.262458107602388,0.147005443150915,-0.383730226321059,-0.541612066176915,0.561564674531628,143.0000000001,0.148481779135548,0.143902435921171,288.0000000001,0.0766298504693889,0.225111629504937,0.00497405593639205,-0.286719653476917,-0.576787409220746,4.00067721572836,0.00258951141725852,0.697940528305401,1.61526173015051,0.20272820721862,2.30476180960651,-0.490725349997294,4.92301752760173,2.50102254376804,0.610748291115625,8.0000000001,4.885986328225,0.610748291115625,8.0000000001,4.885986328225,0.0845007213694342,0.591691850826726,1e-10,-0.773070039837068,-1.09472803253615,-0.492256880037197,-0.577991415318431,0,-0.044053220261396,-0.0247221470926318,-0.0137666363416769,-0.010171333593027,0.694901338249593,0.853464768229061,-0.0241006961822403,0.806409664272015,0.806409664272015,-0.0327661570992081,0.0117898423054457,-0.478827996537622,-0.461932666251081,-0.199065643361357,-0.513072236077981,1.75459857933099,1.51885705449986,0,288.0000000001,0.00328084631416845,0.0016932095222236,0.455682993421817,0.539145555347204,5000.53098340829,0.001953125,215,1,"SNETWORK (1 137 5000.53098340829 0.455682993421817 87000332 215)",87
328,87000333,0.802854027541696,265,0.833942087661095,0.661934694919581,0.679648502105189,0.676245639047415,0.674971766192546,0.845972209107015,1.01767357117941,0.26793942522778,0.0927929279122133,-0.0447912525728979,0.247373361514522,-0.270197996609667,-0.0447912525728979,-0.0447912525728979,-1.06472789778307,-0.112840744825125,0.00969061899566221,1.03065887872295,-0.358022659452275,-0.560339494672534,0.667148486569063,-0.788859635579387,-0.682989322922567,0.802854027541696,8,0.00640563078516554,0.16666837263052,0.167421710116671,-0.0437532283685431,0.794617451580268,-0.635549575348549,0.0927976730226649,1.66970081465667,0.320659108131971,9540.0000000001,5.92244827575028,0.0676803531671958,2622.0000000001,0.343561606366774,6.26600988201705,0.0932266875228454,0.171593432406706,-0.921597460250575,-0.312232914991779,-0.526693252874933,-0.611355607396128,-0.241430210779546,-0.660807895810511,-0.226525403699171,-0.914396708891735,-0.448355958444673,-0.546742705685356,0.379136029511765,51.0000000001,19.3359375001,0.379136029511765,51.0000000001,19.3359375001,0.547940375160106,0.246357877406802,1e-10,-2.53242783269177,-1.47622559506413,1.95063003767536,-0.724129751146815,1,0.955946779738605,1.27717508738715,1.28529677079185,1.31366454417867,-4.6443896197461,-0.0216639822136488,0.154516166008572,-2.47674671243924,-2.47674671243924,-0.767023771953474,0.771198204737475,-0.187553442738583,-0.328999917922586,-0.994809945087492,0.284685219255318,0.468427874662866,0.241201931785681,0,9540.0000000001,0.0881151234321222,0.00511156399072325,0.204226405582757,2.9422727771021,18848.0361702891,2.91038304567337e-11,478,1,"SNETWORK (1 328 18848.0361702891 0.204226405582757 87000333 478)",87
318,87000334,0.00587032420783664,72,0.847990630531859,0.546799996361712,0.449959143780463,0.448153051499128,0.45024912066774,0.910493819610743,0.951468164125647,0.52159786323472,0.681446895180571,0.0163744338550559,0.387179566887126,-0.088157594233567,0.0163744338550559,0.0163744338550559,0.204869455514355,-0.862607545941491,-0.706156499699835,0.054412882173176,-0.949041847664875,-0.604424467785202,0.699593179675348,-0.759818089809216,-0.694672009762475,0.00587032420783664,8,0.851131337503676,-0.817214584205604,-0.798340771880051,-1.61794761861001,0,0.670316414556042,0.681446405580755,-0.363349607257828,0.350012923831948,3168.0000000001,2.14673568144841,0.0885300758009772,79.0000000001,0.0135402677291312,2.16027594907754,0.0697688445328404,-0.585098572600223,0.50495773233368,0.761087498466723,0.347288988085138,0.0135315363690851,-1.0783424861572,0.916067626225284,-2.20757564629599,1.61204560606367,-3.374581074403,-7.08331617258427,0.199745579869737,19.0000000001,3.795166015725,0.199745579869737,19.0000000001,3.795166015725,0.464454773835107,0.61675483044544,1e-10,-0.347767076571484,-0.616238840432472,-0.0818270388798055,-0.561447150353741,1,0.867841683603147,0.975277852907368,0.986233363658323,0.989828666406973,-1.17126909092458,0.370572038250645,0.637432397348581,-1.00717312929544,-1.00717312929544,-1.19886881195511,0.529145033489062,0.569356796756489,0.926106392941242,1.44761359790272,0.0552320801582902,0.730776284878448,1.80525045136378,0,3168.0000000001,0.0693315443618736,0.00043730007096686,0.120940184373475,0.423411964579901,17653.2339090899,5.82076609134674e-11,343,1,"SNETWORK (1 318 17653.2339090899 0.120940184373475 87000334 343)",87
318,87000335,0.357741609695028,161,0.826606769083661,0.576140491778701,0.449959143780463,0.448153051499128,0.45024912066774,0.930847042366907,0.955447456782288,0.45159983513336,0.65670617301292,-0.0229503919978683,0.339407156482667,-0.103296657754903,-0.0229503919978683,-0.0229503919978683,-0.255791614676016,-0.885065623021965,-0.733674778828659,-0.0289117840628643,-0.959716643428621,-0.603050539930755,0.694143931109334,-0.735182512335809,-0.673195464551723,0.357741609695028,8,0.00506098339725302,0.969144674009746,0.988114465247843,1.24013650128553,0.352044574837143,-0.205894289016731,0.656730804258424,0.0665093162264788,0.151095629376594,4430.0000000001,1.29588048444886,0.0880069124728759,1942.0000000001,0.330883668250005,1.62676415259886,0.0129536267064288,1.39007031005898,-0.654977635007185,-0.6058041584982,0.0471037580313052,-0.275566489300472,-1.06099843213952,-0.673181609013691,-0.547690277910984,-0.42504675238249,-0.627715385861436,-1.29448811519791,1.02239925996842,95.0000000001,97.1279296876,1.02239925996842,95.0000000001,97.1279296876,4.54941497044781,1.84333179200069,1e-10,-0.807747204412102,-0.922231013604428,1.91322888061803,-0.628018502905905,1,0.955946779738605,0.975277852907368,0.986233363658323,0.989828666406973,-2.68744942032955,-0.015771263523396,-0.319800495404749,-1.85253257685841,-1.85253257685841,1.43914394334111,-1.06394343254818,-0.0586835319766109,0.0418110433748593,0.235695174409962,-0.170271730543474,0.368575001463634,-0.124545407682266,0,4430.0000000001,0.0103188602324607,0.00263476637396807,0.589568405992425,7.87376716982904,18208.6035905142,5.82076609134674e-11,367,1,"SNETWORK (1 318 18208.6035905142 0.589568405992425 87000335 367)",87
56,87000336,-0.768366331726551,61,0,0,-0.0539298651555209,-0.0526282971591558,-0.0497659234028937,-0.306221724385045,-0.0459439284181693,-0.481873285281027,0.000252869934273508,1.0020271811128,-0.681936521470498,0.929481447315217,1.0020271811128,1.0020271811128,0.000364764335888359,0.166658073104472,0.337621195049441,0.173696720041558,0.0209418650674795,0.396949460069245,-0.3182243350896,0.145121969788322,0.0313608172450206,-0.768366331726551,2,-0.485293641435753,-0.537081047316496,-0.529575158530537,-0.233037508786861,-0.77146770684276,0.159192350754107,0.000256970446429538,-0.369520162579392,1.08170665730181,1513.0000000001,2.61859547585193,0.379606501434528,1467.0000000001,0.891012380031652,3.50960785578359,0.0907741728665788,-0.42436915542936,-0.182210756412888,1.46416680143609,0.57021821157897,0.553719738930974,-0.289510594107879,0.355098702703788,-0.46159633577188,0.41804479311065,-1.355852745085,-1.46406618207323,0.751513671975,20.0000000001,15.0302734376,0.751513671975,20.0000000001,15.0302734376,0.359491371580472,0.801573089218496,1e-10,-0.643426018723258,-0.539600365736624,-0.431055629847018,-0.397578465848803,-0.0232557920329049,-0.145374652181789,-0.0251370051392581,-0.0138034669255646,-0.00996959533679657,0.319280792684856,0.341898542259809,-1.02453923738553,0.347960268807194,0.347960268807194,-0.208290260920648,-0.213631115259671,-0.202797167967693,-0.0608369808512676,-0.737379632425443,0.132775381729325,-0.416270189785344,-0.900941296070469,0,1513.0000000001,0.0677286032787812,0.0230455694877976,0.683073981485296,2.24283953767736,6101.6311284592,0.00048828125,62,1,"SNETWORK (1 56 6101.6311284592 0.683073981485296 87000336 62)",87
137,87000337,0.0753413342046427,94,-0.169336007143403,-0.45983907781187,-0.612877153222713,-0.614349237474709,-0.609405455638136,0.00543256997848647,-0.0206107026259381,-0.247342546393999,-0.381919258186931,-0.00539005490382182,0.0139555029157228,0.04376977417086,-0.00539005490382182,-0.00539005490382182,0.218664506244932,0.0852759804206804,0.000633962592326093,-0.747726402957006,0.0627469503275397,0.0677281446396492,-0.117429098893948,0.617705950750841,0.326804535448277,0.0753413342046427,1,-0.120863923729258,0.658658207974655,0.668132065427576,0.937215058344555,0.100804720799358,1.69577902471456,-0.381874656839434,-0.249831768095753,0.27272039732745,1908.0000000001,0.962129067779667,0.152806886193969,2736.0000000001,0.773030026483812,1.73515909416348,0.0175886363945772,0.82788608347432,-0.637459889146649,-0.295114707606125,1.43287000827892,1.77934841951631,0.512751311459696,0.204138608258729,0.331175816273863,-0.483796988027419,-0.999571300893787,-0.509283728722724,0.377114572932661,62.0000000001,23.381103515725,0.377114572932661,62.0000000001,23.381103515725,0.724987978942763,0.243343884849916,1e-10,-0.81562614544294,-0.570003602990731,1.62099157409953,-0.297267840141561,1.03276561575505e-16,-0.0227041176243236,-0.0247221470926318,-0.0137666363416776,-0.0101713335930266,0.95259079644661,-1.019652890203,0.318027223866369,1.15494994149251,1.15494994149251,-1.45021884877155,0.760641586481694,-1.17034919646044,-1.45923145659571,-1.50331623977409,-0.776770357460037,-0.581543599300075,0.0541889142199222,0,2736.0000000001,0.00975273005095361,0.00783590624362361,0.402942310956891,2.70997719997573,4908.92244536206,0.001953125,141,1,"SNETWORK (1 137 4908.92244536206 0.402942310956891 87000337 141)",87
328,87000338,0.847661599121838,275,0.833942087661095,0.661934694919581,0.679648502105189,0.676245639047415,0.674971766192546,0.855302688735119,1.02336104916353,0.109648731436323,0.0896285256977225,-0.0515626078699278,0.258462224040369,-0.278197037678294,-0.0515626078699278,-0.0515626078699278,-3.45222478025793,-0.100307479827297,0.0200951623370563,1.0753224345709,-0.351827078177764,-0.560339494672534,0.667148486569063,-0.788859635579387,-0.682989322922567,0.847661599121838,8,0.0939900723783422,-0.622633310537888,-0.612270536630309,-0.993899368834783,0.836453994726789,-0.410102082765223,0.0900226875695551,0.993753921651565,0.205404352435413,5529.0000000001,2.19869785745124,0.145304198383345,2610.0000000001,0.73422301119611,2.93292086854735,0.0811701479402634,-0.477183482280991,-0.178778242030197,0.243941389798276,-0.445149016670705,-0.436441174439172,0.00470142840384782,-0.0708469113779519,0.0298606543340957,0.0446086589278644,0.0154139806494879,0.0206121886341317,0.634552002053125,32.0000000001,20.3056640626,0.634552002053125,32.0000000001,20.3056640626,0.590383074310611,0.627183193224849,1e-10,1.00974789736196,0.768724164952751,0.179516639605613,1.419514603255,1,0.955946779738605,1.47626638799786,1.48701717542041,1.51896847737808,0.0343920208544536,-0.647063923588315,-0.0546662537269371,0.0357674310991576,0.0357674310991576,-0.302679501114336,-0.891927999606055,0.436004725859932,0.415336720746375,-0.0194630182859273,0.62493711967588,0.158644300339977,0.200968455804933,6400672709.86294,5529.0000000001,0.0608501347776729,0.0203200130625906,0.277907102524665,1.53465040959418,18903.2468029176,2.91038304567337e-11,487,1,"SNETWORK (1 328 18903.2468029176 0.277907102524665 87000338 487)",87
56,87000339,-0.619603725581617,80,0,0,0,0,0,-0.232991304785743,-0.0269445277755957,-0.375613965854531,-0.00697451707749963,0.975341315254124,-0.657759997656838,0.910481050833933,0.975341315254124,0.975341315254124,-0.154302598320537,0.206786032655027,0.382470250528818,0.294070648094911,0.0437167121971372,0.442037567785408,-0.329724348592432,0,0,-0.619603725581617,2,0.290277361109415,0.519924382505483,0.526069824235019,0.00245297808992499,-0.598843757900149,0.982150386507379,-0.00696511339026066,1.21547113382795,0.315947545195493,7306.0000000001,3.69330042324516,0.153572423132232,6547.0000000001,1.60870184584588,5.30200226899104,0.0598757253726119,0.617006636902202,-0.550543867353386,2.26604443868619,0.578589631378776,0.396330983789698,-0.720739798280002,0.0504976940606256,-0.523297094551304,0.0689536593650227,-0.539920369791544,-0.577583690991644,1.89340164422313,67.0000000001,126.85791015635,1.89340164422313,67.0000000001,126.85791015635,5.25392958283228,2.5041285063031,1e-10,0.228843744893436,0.245684032435807,1.77707996770259,0.190523511705364,-0.0232557920329049,-0.14537465218179,-0.0247221470926318,-0.0137666363416772,-0.010171333593027,-0.329856089894501,0.515392322628868,-0.400383905547607,-0.323458541493374,-0.323458541493374,0.825124995923003,0.0524132279656556,-0.708470632341956,-0.621730799059566,-0.107110589475719,-0.868696776686753,-0.0950426413073285,-0.367472144167338,0,7306.0000000001,0.0417085905041897,0.0181671347684222,0.815278657437201,0.0834375785835394,6207.38279507341,0.00048828125,59,1,"SNETWORK (1 56 6207.38279507341 0.815278657437201 87000339 59)",87
137,87000340,-0.306864865063311,64,-0.169336007143403,-0.45983907781187,-0.612877153222713,-0.614349237474709,-0.609405455638136,0.0227222300315572,0.0127246725387103,0.00791659140077545,-0.363537205683847,0.0827278510195043,-0.0319106212411186,-0.0149234129597832,0.0827278510195043,0.0827278510195043,0.510844742503926,0.00131606889522282,-0.0799236100186804,-0.892569491455912,0.00117844859424151,0.0677281446396492,-0.117429098893948,0.617705950750841,0.326804535448277,-0.306864865063311,1,0.19778820631007,0.725867178795443,0.737168322886162,0.452248939138473,-0.311063194491693,-0.389929388154247,-0.363460574727695,-0.00428412470581538,0.081980512700037,661.0000000001,0.100195780794865,0.106073237356245,2794.0000000001,0.547986134338945,0.64818191503381,0.00623561355464306,0.938440406350943,-0.0483168242544755,-0.228040921925508,0.0379776066572328,-0.204349444412254,-0.803813300745089,-0.683808582804451,-0.499487329692887,-1.77261574315156,-0.248769991164677,-0.133694743716495,0.124432963809677,31.0000000001,3.8574218751,0.124432963809677,31.0000000001,3.8574218751,0.129518619536876,0.133404494232654,1e-10,-2.53242783279636,-2.88272327632639,1.63203044899236,-0.74080865264096,0,-0.044053220261396,0,0,-0.0227070388776265,-5.35519393226624,-0.078754443618052,0,-2.62149823467576,-2.62149823467576,-3.78693434204724,-2.0233183218038,-0.284995557247385,-0.378157873842446,-0.103160156669971,-0.301487709702316,0.861168746907782,2.32258378125678,0,2794.0000000001,0.000963899398925942,0.00527171405571712,0.309233639262816,5.4630639895205,4746.15408486811,0.001953125,152,1,"SNETWORK (1 137 4746.15408486811 0.309233639262816 87000340 152)",87
137,87000341,-0.275926062257012,68,-0.169336007143403,-0.45983907781187,-0.612877153222713,-0.614349237474709,-0.609405455638136,0.0235693083300916,0.0128654027388498,0.00428554024958247,-0.363687844619384,0.0812933658592552,-0.029886994777841,-0.0165538487116135,0.0812933658592552,0.0812933658592552,0.508843359312314,0.00203317798070058,-0.0791906084026132,-0.890641745465473,0.0016154490019477,0.0677281446396492,-0.117429098893948,0.617705950750841,0.326804535448277,-0.275926062257012,1,0.176023544495259,-0.00209786088193096,-0.00209912032238566,-0.482359766566567,-0.265887371545677,1.16603200312402,-0.363653384609275,0.751408105649686,0.152104301555054,2034.0000000001,0.572044466712797,0.157231766270815,1787.0000000001,0.519519902711157,1.09156436932395,0.018533899905094,-0.00202251055980046,0.514719188242788,0.327376269679286,1.70486664935643,0.51440618556154,-3.69206130522638,0.495391751803205,-4.01684935784155,-0.126545369397306,-5.72061271262485,-3.07547294906503,0.155968299378846,26.0000000001,4.05517578135,0.155968299378846,26.0000000001,4.05517578135,0.475834802685885,0.551482887963852,1e-10,-0.333114575586071,0.0495078971416099,1.7781265787087,0.320508669630807,1.03276561575505e-16,-0.0440532202613948,-0.00673483624999544,-0.00375034762150027,-0.0192920727509027,0.824920891661481,-0.803242543903309,1.22041242730208,0.978615321125696,0.978615321125696,-0.0314379963396725,0.390503947418163,-0.908571094030811,-1.04550140321833,-0.965455919549291,-0.699475475049265,-0.356320425964145,0.159005918920829,0,2034.0000000001,0.00971286268330434,0.00882103712178961,0.321219971756844,0.966338344782342,4766.97388364572,0.001953125,164,1,"SNETWORK (1 137 4766.97388364572 0.321219971756844 87000341 164)",87
328,87000342,0.8678133755282,278,0.833942087661095,0.661934694919581,0.679648502105189,0.676245639047415,0.674971766192546,0.855658729959762,1.02503592669849,0.235707220356246,0.088527942537974,-0.0548748085295359,0.262957401224486,-0.278737075726033,-0.0548748085295359,-0.0548748085295359,-4.24286012857374,-0.102207331626456,0.0168558941863643,1.08758697883933,-0.355237156984806,-0.560339494672534,0.667148486569063,-0.788859635579387,-0.682989322922567,0.8678133755282,8,0.120509540211703,-0.72473164712825,-0.710265366288617,-1.0988274654718,0.853820032239839,-0.315685864202159,0.0885356721254016,-0.166089642492934,0.192024522375501,3876.0000000001,1.44095289313,0.0723301715116877,792.0000000001,0.11090573334546,1.55185862637546,0.0465688572526204,-0.535821299765484,-0.235898568204593,0.342620420926411,-0.263960403228543,-0.509172840077805,-0.732767322434037,0.0902187123726975,-1.38672003286648,0.239026054829549,-1.05999793458707,-1.28602395417704,0.828681640725,25.0000000001,20.717041015725,0.828681640725,25.0000000001,20.717041015725,0.608388096482967,0.916630561066687,1e-10,0.14635490767514,-0.0180583862728895,-0.227582125541431,-0.031251702991816,1,0.955946779738605,1.27717508738715,1.28529677079185,1.31366454417867,0.142386003760104,0.718606210367442,-0.0131975799731164,0.15071834412058,0.15071834412058,-0.0730848588344036,-0.922339560406159,-0.55520002633837,-0.418902063240395,0.556933128333081,-1.00167235461277,2.45485439393297,0.952664689338043,0,3876.0000000001,0.0432407490624459,0.00332810809017451,0.304334338108833,0.539736058658182,18923.0493354096,2.91038304567337e-11,490,1,"SNETWORK (1 328 18923.0493354096 0.304334338108833 87000342 490)",87
56,87000343,-0.806164590233751,58,0,0,-0.0539298651555209,-0.0526282971591558,-0.0497659234028937,-0.308734914343165,-0.0465233444488334,-0.47888716611561,0.00111141341001588,1.00311930624203,-0.678640324044457,0.925585722302276,1.00311930624203,1.00311930624203,-0.00160066598889401,0.165132414318546,0.336312220516837,0.169758422819791,0.0199922556662164,0.396949460069245,-0.3182243350896,0.145121969788322,0.0313608172450206,-0.806164590233751,2,-0.192447392598781,-0.119974846046005,-0.119696600922418,-0.125467549150348,-0.804251222645751,0.381199173847172,0.00153476665737897,-0.383125274456412,0.195215213914482,3435.0000000001,1.07290281522349,0.0701470907813794,6289.0000000001,0.705848085371717,1.77875090049521,0.0331265724476888,-0.110570105903968,0.484549979143496,0.0187699747050066,0.341645587902197,0.463911295619958,0.131783410135466,0.197091916197302,0.166680849833901,0.249296979264593,0.114992237436502,0.126790635876443,0.776901657616892,37.0000000001,28.745361328225,0.776901657616892,37.0000000001,28.745361328225,0.959769193881055,0.839426585825847,1e-10,-1.39572862412127,-1.36083243022033,1.77945303409447,-0.621716231074752,-0.0232557920329049,-0.14537465218179,-0.0351803085670867,-0.0146952031345519,-0.00508577034258648,0.87243135359956,0.53354856053494,-1.20640083581583,1.04338121294492,1.04338121294492,-1.89965524761497,-0.865514850130079,-0.129695366537173,-0.0600232228985038,-0.383183671281594,0.0502180361156068,-0.095042641309848,0.0894165295648209,0,6289.0000000001,0.0199812085657022,0.0131453637819866,0.657111169014716,0.61631470109727,6080.86324964564,0.00048828125,13,1,"SNETWORK (1 56 6080.86324964564 0.657111169014716 87000343 13)",87
137,87000344,-1.01541556682221,21,-0.169336007143403,-0.45983907781187,-0.612877153222713,-0.614349237474709,-0.609405455638136,-0.0344803897123401,-0.00313806826584398,0.000512568357735651,-0.357620443049129,0.143877736843233,-0.0926396346431132,0.000610786903725884,0.143877736843233,0.143877736843233,0.586028046508774,-0.0339152613366286,-0.115742177702861,-0.984932615105699,-0.0205551053432539,0.0677281446396492,-0.117429098893948,0.617705950750841,0.326804535448277,-1.01541556682221,1,-1.17495632853092,-0.711772356708883,-0.69787030699826,0.693127028086698,-1.00780945324498,1.83607836094179,-0.357560756444855,-0.484175682612261,0.156888134273992,2759.0000000001,0.800348514412785,0.0709612081668655,1115.0000000001,0.146296256275204,0.946644770587989,0.0281167267002234,-0.528631496897344,-0.0942510797765643,-0.0134342142253192,1.69104992372184,1.85574754369459,-0.0624132895997303,1.38316328295432,-0.0947118703061046,0.689839829701451,-3.4745460537698,-1.8988292669893,0.0783247515204545,22.0000000001,1.72314453135,0.0783247515204545,22.0000000001,1.72314453135,0.373767163641166,0.435716327477438,1e-10,-0.716689869568641,-0.786012527451817,-0.447069748684189,-0.430801632307638,0,-0.044053220261396,0,-3.57648972802931e-16,-0.0227070388776269,0.810268999559347,0.133105018429555,-0.70618211563096,0.958843177966936,0.958843177966936,0.462039375102503,-0.457724826105658,-0.183725834377982,-0.265255529632721,-0.652519323814711,0.115088873441863,-0.294547851893124,0.289131217419791,0,2759.0000000001,0.023771515000529,0.0043452115996944,0.174927658386177,1.57595111888778,4512.8697589181,0.001953125,118,1,"SNETWORK (1 137 4512.8697589181 0.174927658386177 87000344 118)",87
56,87000345,-0.475621083238187,103,0,0,0,0,0,-0.186629130150474,-0.0145960682812735,-0.334136585622628,-0.0124841607589839,0.959065230811403,-0.645093620037696,0.908101771443409,0.959065230811403,0.959065230811403,-0.324041201495939,0.233630568564321,0.412858414452074,0.365262649531378,0.0601701020950387,0.442037567785408,-0.329724348592432,0,0,-0.475621083238187,2,0.664217440396084,0.925556971165758,0.943038842575823,-0.0133237326019008,-0.416062706317387,2.13410730924462,-0.0124847269959761,1.3726215418492,0.748155102225692,6009.0000000001,7.19306241397118,0.705184963794117,8761.0000000001,9.88500074717032,17.0780631610415,0.140672176074909,1.30280568024132,0.409771509746517,-0.35271231719233,1.95274944695373,2.18130345024907,0.0523110790346634,0.147343044004689,0.0226250043027478,0.174074484646417,-0.694357153080876,-0.736696683794073,1.17844884545846,68.0000000001,80.134521484475,1.17844884545846,68.0000000001,80.134521484475,3.20895442655723,1.4381336013037,1e-10,-0.0403967266333969,-0.0413063037246093,-0.287559986590473,-0.0639427345961385,-0.00858027079628906,-0.0536362675100982,-0.0247221470926322,-0.0137666363416772,-0.010171333593027,0.374645758818937,0.50827322074377,0.132974834446696,0.412063427146542,0.412063427146542,-0.0794532502535694,-0.342031111931519,-0.209990076253238,-0.129467704921961,-0.206610896341105,-0.147854814091798,0.0986578006860682,-0.0804014017835833,0,8761.0000000001,0.0592493265862127,0.0814228493886963,0.976890761796955,6.3545670119596,6336.65771865697,0.00048828125,89,1,"SNETWORK (1 56 6336.65771865697 0.976890761796955 87000345 89)",87
318,87000346,0.399696020735204,170,0.826606769083661,0.576140491778701,0.449959143780463,0.448153051499128,0.45024912066774,0.934971209005566,0.958004109790268,0.479009309811691,0.642369218984707,-0.0260844987180809,0.344861725507332,-0.10387848645388,-0.0260844987180809,-0.0260844987180809,-0.259173883369272,-0.892039814697577,-0.741024254828751,-0.0272146162276511,-0.966614032251253,-0.603050539930755,0.694143931109334,-0.735182512335809,-0.673195464551723,0.399696020735204,8,-0.278590812634361,0.379811782641659,0.383253946583523,0.766757714899282,0.400059731089963,0.472815798731112,0.642364745098773,-0.401578516006919,0.071527978278462,1412.0000000001,0.195532956926348,0.31263750723034,2657.0000000001,1.60820702599238,1.80373998281872,0.0227209612501195,0.425721407966345,0.367474707020763,0.654273124417059,0.731900766569882,0.464614001935791,-0.0433044910784151,-0.078832067519876,-0.0398215460682832,0.544680494572751,0,0,0.720366855937264,53.0000000001,38.179443359475,0.720366855937264,53.0000000001,38.179443359475,1.96937543419734,1.39300135844167,1e-10,-0.887729840745162,-1.40153075942584,-0.775450550747216,-0.686450756689352,1,0.955946779738605,0.975277852907368,0.986233363658323,0.989828666406973,-0.621007842451458,0.499063248962589,0.598315914243442,-0.581494066195556,-0.581494066195556,2.44248540068099,-1.02632088787149,-0.317045456441821,0.0134999499089962,1.0989002762847,-0.958229364231762,0.1754009836424,0.168928995110626,0,2657.0000000001,0.00246304720091812,0.0202579139492014,0.631493233213751,1.94168598236862,18258.288557965,5.82076609134674e-11,384,1,"SNETWORK (1 318 18258.288557965 0.631493233213751 87000346 384)",87
137,87000347,0.307665196944054,115,-0.169336007143403,-0.45983907781187,-0.585138056887849,-0.587070912494495,-0.584419668319597,-0.0196569107045306,-0.0477727382895669,-0.477009784608132,-0.39497151480085,-0.0586419397324414,-0.0146736077786208,0.134751218376813,-0.0586419397324414,-0.0586419397324414,-0.50349157787892,0.143054029646146,0.0492849462971439,-0.681690302887083,0.109487624042269,0.0244718896476977,-0.0463928842676715,0.415324305327625,0.335969349634022,0.307665196944054,1,-0.691680136922273,-0.618369019808243,-0.608160927597675,-0.0300395297970529,0.298383820968893,-0.00761538581946732,-0.390433118272371,-0.600531392978113,0.227312329618769,5029.0000000001,2.113693310079,0.0947026909736337,165.0000000001,0.0288923993755723,2.14258570935457,0.059097337931753,-0.474632608747158,1.86014660914631,2.67026340046734,0.259651732773092,-0.347231236123786,-1.62368367189778,0.289413063222896,-2.8532100014233,-0.415733532688391,-0.607579448696233,-0.284763489322553,0.417790339643269,26.0000000001,10.862548828225,0.417790339643269,26.0000000001,10.862548828225,0.773777849114265,0.94185965328411,1e-10,0.243441134141338,0.125427735770253,0.156036771011051,0.0350567877647451,1.03276561575505e-16,0,-0.0247221470926318,-0.0137666363416776,-0.0101713335930266,-0.372740778284828,0.00576417118298407,-0.546468541655521,-0.363017875992514,-0.363017875992514,0.661165473720394,0.370912381498185,0.196000436809468,0.184677167707536,0.429322517744882,0.073219791680441,1.33316659963688,1.49278155998065,3.99513224365061,5029.0000000001,0.0583004204093212,0.000796917422431813,0.475403883812718,0.683749336691108,5034.78541192998,0.001953125,229,1,"SNETWORK (1 137 5034.78541192998 0.475403883812718 87000347 229)",87
318,87000348,0.474736613421345,185,0.826606769083661,0.576140491778701,0.449959143780463,0.448153051499128,0.45024912066774,0.944013713820088,0.96169711976615,0.575884020365096,0.639068618168368,-0.0333651057000305,0.35685652552075,-0.103470551932029,-0.0333651057000305,-0.0333651057000305,-0.295257851742703,-0.903732532844177,-0.754016614009312,-0.0265580497143049,-0.977893032770068,-0.603050539930755,0.694143931109334,-0.735182512335809,-0.673195464551723,0.474736613421345,8,-0.807942095342553,-0.368001636552296,-0.364693746613842,0.542198084040854,0.463388151846784,0.130016748790388,0.639113888448571,-0.745069206260964,0.134252864509258,1683.0000000001,0.437438494488292,0.280594127904207,4296.0000000001,2.33373840004702,2.77117689443531,0.0627224820907407,-0.309172472573496,2.0452228357014,0.0579114729866645,0.103071646227171,0.228598610780296,0.18481654985387,0.212490553067773,0.28312554901995,0.887693321737934,0.600722270095092,1.22339258050746,0.102666015725,25.0000000001,2.566650390725,0.102666015725,25.0000000001,2.566650390725,0.186012715812988,0.165859022413737,1e-10,-0.170231435526145,-0.0821584094396262,-0.244559994673785,0.0186471593295101,1,0.955946779738605,0.975277852907368,0.986233363658323,0.989828666406973,0.463893929797162,-0.740585465536294,-0.000563864616640135,0.517860396593685,0.517860396593685,-0.553902468046591,0.0565454872274235,0.224492465914721,0.103391000738509,-0.23637224086354,0.451360649724029,-0.295340030725822,-1.05056036781735,0,4296.0000000001,0.00990092986933171,0.052821552121409,0.707817796630279,0.245379551313818,18348.7405335695,5.82076609134674e-11,374,1,"SNETWORK (1 318 18348.7405335695 0.707817796630279 87000348 374)",87
140,87000349,-0.284499627368413,141,0.016376969797183,0.0406255841243769,0,0,0,-0.0950076947987097,-9.63295656835894e-05,-0.567757676257936,-0.0498582057688477,0.961728200835827,-0.738037189745052,0.985643061722977,0.961728200835827,0.961728200835827,-3.26826425312931,0.333998134361015,0.52080167303686,0.609914490581721,0.124475200824315,0.45221133369877,-0.305856068890666,-0.190739766812213,-0.0312046492625428,-0.284499627368413,2,0.416859907750843,0.624552056619746,0.633150939153644,-0.0470038605607343,-0.294845309309897,-0.729594651261844,-0.0496158078504307,0.479973312206161,0.325670699616301,4384.0000000001,2.28438455478522,0.0778283749407479,17724.0000000001,2.20708818518201,4.49147273986722,0.0467531603131219,0.773935657919112,-0.361245749605236,-0.619473604691979,-0.536116230083034,-0.83374694339228,-0.840919727115369,-0.862378649612816,-0.563917939123048,-1.6488241895572,-0.471636481487114,-0.474540745658875,0.0267909259261494,87.0000000001,2.330810546975,0.0267909259261494,87.0000000001,2.330810546975,0.196334882826933,0.278988811235738,1e-10,0.0930022627126044,0.652185149858555,0.51344210025829,0.847690823238265,4.13106246302021e-16,2.50411654659288e-15,-0.0247221470926301,-0.0137666363416772,-0.0101713335930243,-0.440974092028067,0.362892485963575,-0.648798844252998,-0.424833126202344,-0.424833126202344,-0.341326460400382,-0.0771804881294161,-0.0610393060895013,-0.101626245881722,-0.304410299541993,0.102288935444437,0.474861432316352,-0.0955521067695004,0,17724.0000000001,0.0237788812849645,0.0229742789281574,0.205280656642674,7.00265351719528,6560.96636001868,0.000244140625,292,1,"SNETWORK (1 140 6560.96636001868 0.205280656642674 87000349 292)",87
319,87000350,-0.140146189061886,36,0.849676501735058,0.527879359151426,0.423921895297046,0.422083328008158,0.425620192291929,0.864447519069306,0.879903653181898,0.544106256944287,0.776048967171542,-0.0134606622902036,0.368281764740246,-0.0440337285211192,-0.0134606622902036,-0.0134606622902036,0.293885336319364,-0.744547063695182,-0.551596489872112,0.406941125227755,-0.881811185808698,-0.604424467785202,0.699593179675348,-0.759818089809216,-0.694672009762475,-0.140146189061886,8,0.482390579098677,-0.0940015089746188,-0.0938452250051455,-0.910213369010386,-0.150527666585001,-0.29357194112137,0.776074541777061,-0.247026798012593,0.116328925668594,884.0000000001,0.199089934498409,0.141503832081558,452.0000000001,0.123827172893891,0.3229171072923,0.00589252442683478,-0.0874919444949252,0.14989249784683,-0.588478401731756,-0.387540181189245,-0.353204389584387,0.0629314743986857,-0.268509941600464,0.0823459220731612,0.378571484041929,-0.216694401890297,-0.485024451314052,0.36436767588125,20.0000000001,7.287353515725,0.36436767588125,20.0000000001,7.287353515725,0.0206015922354918,0.224338256317747,1e-10,-2.53242783264156,-1.55217560506873,1.93270222888963,-0.720850389965091,1,0.867841683603147,1.32904696563017,1.34213135648708,1.36723184200025,-5.35405067642743,-0.0980996271428019,-0.00498746719325187,-2.62129127046268,-2.62129127046268,1.5463826235778,-1.59603370726138,1.16224593753671,1.42728731476971,1.94336978315265,0.599091990326966,0.281646693444079,0.456850691526309,0,884.0000000001,0.00363295178713449,0.00225957253970029,0.827533739647001,1.98840631489775,17414.0714963872,1.16415321826935e-10,433,1,"SNETWORK (1 319 17414.0714963872 0.827533739647001 87000350 433)",87
137,87000351,-0.0788914302077559,84,-0.169336007143403,-0.45983907781187,-0.612877153222713,-0.614349237474709,-0.609405455638136,-0.00987997664839615,-0.0240920120082694,-0.235792325551745,-0.380730556172734,0.00761745700469981,0.000775679629438176,0.0474862852359354,0.00761745700469981,0.00761745700469981,0.259363735451769,0.0767148013490394,-0.00791616119203247,-0.765165136782521,0.0568147103443255,0.0677281446396492,-0.117429098893948,0.617705950750841,0.326804535448277,-0.0788914302077559,1,-0.44142418652063,0.130955122335401,0.131441645382949,0.662865569500301,-0.0598584393032961,1.75817350033242,-0.37967481916074,-0.212059586721048,0.0707049921265713,775.0000000001,0.101318587150411,0.171058678351883,1861.0000000001,0.588611617667595,0.689930204718006,0.0105556380179292,0.132947716768269,0.48534351705113,1.44461393271229,1.79388440918558,1.30453736625108,-1.77787252433555,0.618287433344301,-1.7413115542772,-0.0507754545304319,0.286679039450092,0.155627891076451,0.267642750559559,34.0000000001,9.099853515725,0.267642750559559,34.0000000001,9.099853515725,0.0999305445248544,0.0801213545061531,1e-10,0.148288031089406,0.346337110558874,-0.200093720772348,0.682645671916423,0,-0.0260581155005337,-0.0100986383476241,-0.00562350768998425,-0.0175864230970332,0.608331973320454,-0.76818519189233,0.162603107885064,0.695727375349071,0.695727375349071,0.128793722931531,0.483765256132421,-1.00542231150539,-1.12998630676908,-1.0919959055945,-0.765060977136642,-0.524399067767157,0.301454806997727,0,1861.0000000001,0.00155013117573606,0.00900550674219314,0.371182300028761,3.38874390313935,4853.75652726092,0.001953125,201,1,"SNETWORK (1 137 4853.75652726092 0.371182300028761 87000351 201)",87
137,87000352,0.819605928329913,183,-0.166057912338905,-0.453200003638288,-0.550040856219537,-0.551846948500872,-0.54975087933226,-0.0132341360516235,-0.0429400825598192,-0.731987113631642,-0.426569098145369,-0.217716338377958,-0.0240229434896104,0.197532243228033,-0.217716338377958,-0.217716338377958,-4.52823798703551,0.186256023008929,0.0286983440471747,-0.714769847555855,0.155146979573028,0,0,0.264817487664191,0.333376028400019,0.819605928329913,1,-0.545725547287465,-1.79191053732601,-1.67618810962836,-1.3322828859965,0.813687683449522,1.20114086202309,-0.426494965775015,-0.661659481676743,0.07633010961149,77.0000000001,0.0108673576255131,0.0558805769908579,395.0000000001,0.0408126995602289,0.051680057085742,0.00366944444945161,-0.937451382936708,0.882496921566396,0.569102520211594,0.360830749293845,1.67099102858728,3.24502183483306,2.16803946137924,14.869707768158,1.10828683187943,3.08453669906404,1.39527320771267,0.2656250001,1.0000000001,0.2656250001,0.2656250001,1.0000000001,0.2656250001,0.286723299774093,0.0771128877749698,1e-10,0.572818845896765,0.898334755235995,1.73733033825994,1.49777048318486,0,0,0.0251119393450704,0.0332945511949721,0.0240683965095613,-0.439181704913222,-0.159299722503761,0.554263405476193,-0.423226826643047,-0.423226826643047,-0.209510713954536,0.634182570487766,0.519223360366862,0.708813573556976,0.711364778611954,0.363703857408155,-0.289795267136274,-0.899370721233787,0,395.0000000001,0.000771616093156908,0.00289782825629471,0.705582780164434,1.11238892433559,5434.59730662623,0.001953125,265,1,"SNETWORK (1 137 5434.59730662623 0.705582780164434 87000352 265)",87
140,87000353,-0.441052619985535,109,0,0,0,0,0,-0.135812228917411,-0.0142032260568208,-0.486703695155198,-0.0305375315759228,0.978748096673137,-0.705920757556387,0.951852921167287,0.978748096673137,0.978748096673137,-1.23722217605959,0.281909388994151,0.46291675378809,0.466108996973904,0.0932893333012597,0.45221133369877,-0.305856068890666,-0.190739766812213,-0.0312046492625428,-0.441052619985535,2,0.200094137840963,-0.156055828076422,-0.155549563549742,-0.674053438924881,-0.442860723310858,0.447385318568914,-0.0305082665390675,-0.408521450060062,0.239927688161275,7012.0000000001,2.69179671799479,0.33087796391826,3391.0000000001,1.79521148059084,4.48700819848563,0.0859645079045667,-0.141872437128637,0.444550573317664,0.062209251824843,0.477226884323161,0.261176351170174,-0.814132397033518,0.260104958530471,-0.991277463135207,0.274043701384693,-0.925550762948332,-0.957835236395487,1.3806640626,40.0000000001,55.2265625001,1.3806640626,40.0000000001,55.2265625001,2.11879040454516,1.73963656983349,1e-10,0.0993421438858452,0.223297788914989,1.77006219300668,-0.0596087206003507,0,0,-0.0247221470926315,-0.0137666363416772,-0.010171333593027,-2.06607578434542,0.230434093166646,-0.244910303795154,-1.55553836496894,-1.55553836496894,0,0.057712919180779,-0.419968885699437,-0.506501401262048,-0.536619030821053,-0.261631786963393,0.500004718546555,-0.123342400860685,0,7012.0000000001,0.0515708841465964,0.0343936236579703,0.0196434375064021,1.16265870717764,6374.83836793835,0.000244140625,273,1,"SNETWORK (1 140 6374.83836793835 0.0196434375064021 87000353 273)",87
56,87000354,-0.619603725581617,80,0,0,0,0,0,-0.232991304785743,-0.0269445277755957,-0.375613965854531,-0.00697451707749963,0.975341315254124,-0.657759997656838,0.910481050833933,0.975341315254124,0.975341315254124,-0.154302598320537,0.206786032655027,0.382470250528818,0.294070648094911,0.0437167121971372,0.442037567785408,-0.329724348592432,0,0,-0.619603725581617,2,0.290277361109415,0.519924382505483,0.526069824235019,0.00245297808992499,-0.598843757900149,0.982150386507379,-0.00696511339026066,1.21547113382795,0.315947545195493,7306.0000000001,3.69330042324516,0.153572423132232,6547.0000000001,1.60870184584588,5.30200226899104,0.0598757253726119,0.617006636902202,-0.550543867353386,2.26604443868619,0.578589631378776,0.396330983789698,-0.720739798280002,0.0504976940606256,-0.523297094551304,0.0689536593650227,-0.539920369791544,-0.577583690991644,1.89340164422313,67.0000000001,126.85791015635,1.89340164422313,67.0000000001,126.85791015635,5.25392958283228,2.5041285063031,1e-10,0.228843744893436,0.245684032435807,1.77707996770259,0.190523511705364,-0.0232557920329049,-0.14537465218179,-0.0247221470926318,-0.0137666363416772,-0.010171333593027,-0.329856089894501,0.515392322628868,-0.400383905547607,-0.323458541493374,-0.323458541493374,0.825124995923003,0.0524132279656556,-0.708470632341956,-0.621730799059566,-0.107110589475719,-0.868696776686753,-0.0950426413073285,-0.367472144167338,0,7306.0000000001,0.0417085905041897,0.0181671347684222,0.815278657437201,0.0834375785835394,6207.38279507341,0.00048828125,59,1,"SNETWORK (1 56 6207.38279507341 0.815278657437201 87000354 59)",87
318,87000355,0.156843021142712,111,0.847990630531859,0.546799996361712,0.449959143780463,0.448153051499128,0.45024912066774,0.924358955886188,0.961164304595049,0.586922035220781,0.672033930845898,0.0055725634055735,0.390309561569972,-0.0850536965069211,0.0055725634055735,0.0055725634055735,0.158210756524408,-0.891213852561618,-0.738293843614601,0.0149626025541486,-0.971305653559524,-0.603050539930755,0.694143931109334,-0.735182512335809,-0.673195464551723,0.156843021142712,8,0.379991715497102,0.64709257511397,0.656265702179294,0.0388452889522249,0.155418413363774,-0.248339332305723,0.672035314237443,2.01666172568272,0.232149739683333,4875.0000000001,2.19104926412081,0.109406165865756,4049.0000000001,0.857627891312727,3.04867715533354,0.0311826941640421,0.809432037656606,-0.237207225943993,0.467093815113738,-0.415889928993831,-0.28813791855659,0.32267914077898,-0.577931792865479,0.209531602470902,-0.212337457443668,0.0104257418912861,0.0218898549553867,0.105509897396348,89.0000000001,9.390380859475,0.105509897396348,89.0000000001,9.390380859475,0.709344446325357,0.476249390702646,1e-10,-0.0202365586813791,0.270783413394374,2.06362277115733,0.0450391247343333,1,0.867841683603147,0.975277852907367,0.986233363658323,0.989828666406973,-0.673406679045853,0.421451853957545,0.824968259173409,-0.625392100233809,-0.625392100233809,-0.493198572614698,0.546785841716209,-0.0247504331875956,-0.148141477646299,0.0287458396630839,-0.0190110991194016,1.24751678255007,1.49298667655515,0,4875.0000000001,0.0224106441582109,0.00877204990583119,0.322970934726334,3.57349843602613,17892.6598512019,5.82076609134674e-11,313,1,"SNETWORK (1 318 17892.6598512019 0.322970934726334 87000355 313)",87
56,87000356,-0.563760084291836,87,0,0,0,0,0,-0.228121934333465,-0.0261283880782911,-0.371263987431371,-0.00792347673350463,0.974311269220192,-0.663219791859171,0.913364645274956,0.974311269220192,0.974311269220192,-0.170353141085307,0.210108580264318,0.385748316769838,0.298999621519974,0.0462595298127419,0.442037567785408,-0.329724348592432,0,0,-0.563760084291836,2,-0.0317335638212822,0.514482592511799,0.520510277831965,0.527107945646039,-0.557789430560182,0.994520270320369,-0.00785400796772477,-0.286481921557049,0.206411310759898,2740.0000000001,0.904907186032231,0.183752642861902,13703.0000000001,4.02873994212274,4.93364712805497,0.055952619335437,0.609185564918057,-0.689146181977055,-0.028613120123196,0.743642000105756,0.398618876760264,-1.27139708621999,0.0587737423714603,-0.926298582835873,0.0775728808032988,-0.360754834827293,-0.385323127337809,1.52609911161961,51.0000000001,77.8310546876,1.52609911161961,51.0000000001,77.8310546876,3.10813698786513,1.9564802852943,1e-10,-0.435238455975839,-0.136129650066651,-0.369145130269547,-0.0903379056326154,-0.0232557920329049,-0.14537465218179,-0.0247221470926318,-0.0137666363416772,-0.010171333593027,0.377118955537787,0.583266874389699,-0.699446981388147,0.414954005424356,0.414954005424356,0.396276559186156,-0.714093933472763,-0.748770514647753,-0.620385375468842,0.0859486141419473,-1.0214249795386,0.151254231414745,-0.145523119712465,0,13703.0000000001,0.0102625757182728,0.0456900435171643,0.869104114296574,2.45794378390253,6250.43824472498,0.00048828125,73,1,"SNETWORK (1 56 6250.43824472498 0.869104114296574 87000356 73)",87
137,87000357,0.554418564762632,150,-0.166057912338905,-0.453200003638288,-0.550040856219537,-0.551846948500872,-0.54975087933226,-0.00426355989868095,-0.0463707917527785,-0.679253164094371,-0.408563314791726,-0.128321149735738,0.0195947775720982,0.107643388629347,-0.128321149735738,-0.128321149735738,-1.45147396192407,0.15148201907712,0.0367670988134972,-0.69858621276608,0.119749542090376,0,0,0.264817487664191,0.333376028400019,0.554418564762632,1,-0.939886931528877,-0.740265396131473,-0.725105774125669,0.206407523626918,0.548310810739076,-0.203646919351238,-0.408468144361599,-0.513564159951889,0.137385868411521,956.0000000001,0.242849548233989,0.194555494386444,1035.0000000001,0.372324139373431,0.61517368750742,0.0186894188373424,-0.544345347392455,-0.10066786261991,-0.634128213642668,-0.113483201046822,0.0910528681124532,0.477221023443901,0.208560776202482,0.955801792867253,-0.558677542415763,0.451774100860316,0.215355744558289,0.901309742747059,17.0000000001,15.3222656251,0.901309742747059,17.0000000001,15.3222656251,0.372271197407261,1.02491908983259,1e-10,-0.638934359871471,-0.884553392666175,-0.702044507236882,-0.517856971126876,1.03276561575505e-16,-6.2602913664822e-16,-0.0247221470926318,-0.0137666363416776,-0.0101713335930266,0.630560906323064,-0.744117631829577,1.21961900351885,0.723851047262164,0.723851047262164,1.41848497262367,0.751083284618786,0.259430588203681,0.225657778756443,-0.590354917034811,0.679034468393136,0.280620456105003,0.16161041333678,0,1035.0000000001,0.00737794380377094,0.0113114749335714,0.59519307093978,2.15801651298619,5242.8546251745,0.001953125,184,1,"SNETWORK (1 137 5242.8546251745 0.59519307093978 87000357 184)",87
140,87000358,-0.25713782228961,147,0.016376969797183,0.0406255841243769,0,0,0,-0.0958713579540191,-0.000475878887971306,-0.616396743187052,-0.0510400158056016,0.960388476423189,-0.746062268686954,0.99143638093908,0.960388476423189,0.960388476423189,-3.41020669689456,0.336229353648549,0.523096565258207,0.616535377207644,0.12575150238933,0.45221133369877,-0.305856068890666,-0.190739766812213,-0.0312046492625428,-0.25713782228961,2,0.534452786553838,0.222384228022836,0.223662924221254,-0.66728365645475,-0.265782191267139,-0.489904508003253,-0.0510350526723778,0.266819115172217,0.618369293927281,6600.0000000001,6.52997974291059,0.0513613713288552,2514.0000000001,0.206595979730773,6.73657572254136,0.0959564392120688,0.234048368015857,-0.308890618819617,-0.214549430296347,-0.326833813047867,-0.374608496169114,-0.180509449783117,-0.565869826047542,-0.161866621423498,-0.907557001856642,0.0343540740843063,0.0355581989426288,0.329455019922761,67.0000000001,22.073486328225,0.329455019922761,67.0000000001,22.073486328225,0.667756585022797,0.172283472510969,1e-10,-0.299752050522691,-0.111038503894741,1.90978613639116,-0.159531464877497,0,0,-0.0247221470926318,-0.0137666363416772,-0.010171333593027,0.161763121897957,0.614648757299875,-0.585328600206866,0.171774641691465,0.171774641691465,0.576169164821491,-0.549371106797234,-0.39404959175095,-0.358762752078131,-0.269011251139939,-0.363407047493474,0.127107479186918,-0.368282215271587,0,6600.0000000001,0.0930136659054679,0.00294277320660089,0.239173631144471,0.461096193805712,6594.94893807604,0.000244140625,282,1,"SNETWORK (1 140 6594.94893807604 0.239173631144471 87000358 282)",87
140,87000359,-0.305102666426812,137,0.016376969797183,0.0406255841243769,0,0,0,-0.0927784291834652,-6.84320930563651e-05,-0.540558290293807,-0.0492044524799796,0.962526422810515,-0.734008330820091,0.981961780323939,0.962526422810515,0.962526422810515,-3.19837710310931,0.332868002650844,0.519615834233751,0.605815095095317,0.123925819864196,0.45221133369877,-0.305856068890666,-0.190739766812213,-0.0312046492625428,-0.305102666426812,2,0.349362621358753,0.836453853442729,0.85104471932162,0.36084884647806,-0.314289552497265,-0.692005109493261,-0.0490245789114233,1.57625946362101,0.481895735846895,6552.0000000001,5.0518093770776,0.0539565891909666,19388.0000000001,1.67377655897165,6.72558593594924,0.0593701838830815,1.13328116953825,-0.606266297578163,-1.33398219802863,-0.64928713657382,-0.664641209820549,-0.0135336022507852,-0.885453903336326,-0.0118941924321743,-1.728171647636,-0.159737576213743,-0.160613562702605,0.0127204111689252,107.0000000001,1.361083984475,0.0127204111689252,107.0000000001,1.361083984475,0.238777581977438,0.299967954289427,1e-10,0.164510229325559,0.442832317365912,1.91036573554714,0.436062073851342,0,6.2602913664822e-16,-0.0247221470926325,-0.0137666363416769,-0.0101713335930273,-0.33132877194958,0.389341224861378,-0.718409104976447,-0.324826203769098,-0.324826203769098,-0.26614354811671,-0.383450006785074,0.0154629366259061,-0.0211190700008221,-0.324571036066398,0.21541437515608,0.417493092623101,-0.0963422427190344,0,19388.0000000001,0.0445949028098148,0.0147752809732667,0.182028422270452,6.29508172647319,6537.65265323499,0.000244140625,298,1,"SNETWORK (1 140 6537.65265323499 0.182028422270452 87000359 298)",87
56,87000360,-0.806164590233751,58,0,0,-0.0539298651555209,-0.0526282971591558,-0.0497659234028937,-0.308734914343165,-0.0465233444488334,-0.47888716611561,0.00111141341001588,1.00311930624203,-0.678640324044457,0.925585722302276,1.00311930624203,1.00311930624203,-0.00160066598889401,0.165132414318546,0.336312220516837,0.169758422819791,0.0199922556662164,0.396949460069245,-0.3182243350896,0.145121969788322,0.0313608172450206,-0.806164590233751,2,-0.192447392598781,-0.119974846046005,-0.119696600922418,-0.125467549150348,-0.804251222645751,0.381199173847172,0.00153476665737897,-0.383125274456412,0.195215213914482,3435.0000000001,1.07290281522349,0.0701470907813794,6289.0000000001,0.705848085371717,1.77875090049521,0.0331265724476888,-0.110570105903968,0.484549979143496,0.0187699747050066,0.341645587902197,0.463911295619958,0.131783410135466,0.197091916197302,0.166680849833901,0.249296979264593,0.114992237436502,0.126790635876443,0.776901657616892,37.0000000001,28.745361328225,0.776901657616892,37.0000000001,28.745361328225,0.959769193881055,0.839426585825847,1e-10,-1.39572862412127,-1.36083243022033,1.77945303409447,-0.621716231074752,-0.0232557920329049,-0.14537465218179,-0.0351803085670867,-0.0146952031345519,-0.00508577034258648,0.87243135359956,0.53354856053494,-1.20640083581583,1.04338121294492,1.04338121294492,-1.89965524761497,-0.865514850130079,-0.129695366537173,-0.0600232228985038,-0.383183671281594,0.0502180361156068,-0.095042641309848,0.0894165295648209,0,6289.0000000001,0.0199812085657022,0.0131453637819866,0.657111169014716,0.61631470109727,6080.86324964564,0.00048828125,13,1,"SNETWORK (1 56 6080.86324964564 0.657111169014716 87000360 13)",87
137,87000361,0.295917206034062,113,-0.169336007143403,-0.45983907781187,-0.612877153222713,-0.614349237474709,-0.609405455638136,-0.00105829326566651,-0.0423834880684267,-0.437506432364666,-0.390368494342507,-0.0449295669087784,-0.000181646735378504,0.0918362575633281,-0.0449295669087784,-0.0449295669087784,-0.189789171625656,0.126891709656582,0.0392046463807587,-0.694248261058149,0.0956446356132407,0.0244718896476977,-0.0463928842676715,0.415324305327625,0.335969349634022,0.295917206034062,1,-0.622923177316496,-0.172026400384526,-0.171397072598175,0.511049860691538,0.290168547279115,-0.26068837281341,-0.39033761584592,-0.404662348012401,0.114622848357839,536.0000000001,0.113598691940691,0.0632485576406463,256.0000000001,0.0299383551946204,0.143537047035312,0.00278466660811927,-0.155452419301237,-0.818493547186394,0.0639807866012964,-0.35415228641128,-0.134298256102111,0.578153306131456,-0.200121446481098,0.730151652306027,-1.00575040444319,-0.37751007742992,-0.187683883486445,0.201301126019118,17.0000000001,3.422119140725,0.201301126019118,17.0000000001,3.422119140725,0.148570818072966,0.0187940340547084,1e-10,-0.248921630708958,-0.0206731907217792,0.179232799602438,-0.0154928177822799,0,6.2602913664822e-16,-0.0247221470926318,-0.0137666363416769,-0.010171333593027,0.0183444100781114,-0.323306337776615,0.900752035295378,0.0190282155585834,0.0190282155585834,-0.601216244157408,0.525164210305856,-0.300087607658476,-0.351221477886438,-0.200818237718348,-0.271919115626515,0.76091046392617,2.18313563874004,0,536.0000000001,0.00220385244986612,0.000580814058253151,0.469006494104355,1.43580559367547,5023.6733919275,0.001953125,224,1,"SNETWORK (1 137 5023.6733919275 0.469006494104355 87000361 224)",87
318,87000362,0.446614559431985,179,0.826606769083661,0.576140491778701,0.449959143780463,0.448153051499128,0.45024912066774,0.942432823533875,0.96133404667635,0.562417429389807,0.639524473247805,-0.0322077568808556,0.355407466807285,-0.103663181961154,-0.0322077568808556,-0.0322077568808556,-0.287019457129734,-0.903058597281396,-0.753300068789225,-0.0294808404604398,-0.976871155192138,-0.603050539930755,0.694143931109334,-0.735182512335809,-0.673195464551723,0.446614559431985,8,-0.96690567658288,-1.0166635634367,-0.985865817353753,-0.135172578765193,0.435497779090308,-0.176526318998137,0.63954233661947,-0.671841680605193,0.0697615170281875,1474.0000000001,0.19907774871811,0.0823083604882105,2265.0000000001,0.360928750907784,0.560006499525894,0.0212040167751816,-0.680139616969893,0.131051002949002,-0.330464705502689,-0.168332684857147,0.176755907786924,0.870185697062005,0.439010444933279,2.15028213872255,1.12799007701703,0.546573683554548,1.11682880794866,0.466851128572222,27.0000000001,12.60498046885,0.466851128572222,27.0000000001,12.60498046885,0.253341881811813,0.377141124708616,1e-10,-0.0800858358903624,0.0882958272090117,-0.203558201590713,0.269827633185981,1,0.955946779738606,0.975277852907368,0.986233363658322,0.989828666406973,0.482195870306647,-0.738789908655107,-0.328879139289294,0.539938268811962,0.539938268811962,0.263273881745229,-0.22643232641302,0.202237703437725,0.125918928306777,-0.204404173328325,0.40512607670455,-0.505803048991805,-0.94702314480803,0,2265.0000000001,0.0075378551957585,0.0136661614794231,0.679250860538866,0.388325680047274,18314.8859566054,5.82076609134674e-11,402,1,"SNETWORK (1 318 18314.8859566054 0.679250860538866 87000362 402)",87
137,87000363,-0.167181253143505,78,-0.169336007143403,-0.45983907781187,-0.612877153222713,-0.614349237474709,-0.609405455638136,-0.0218987640046073,-0.025817133437603,-0.205129211856877,-0.378929780923728,0.0219057929016625,-0.0170154119479179,0.0586274857617633,0.0219057929016625,0.0219057929016625,0.320223603424475,0.0661929230206294,-0.0182031679770653,-0.786611472509995,0.0495274851461938,0.0677281446396492,-0.117429098893948,0.617705950750841,0.326804535448277,-0.167181253143505,1,-0.279727788232042,-0.139912621853637,-0.139516886191857,-0.0207911281041212,-0.156798326162152,1.45670977303865,-0.378923927230433,0.183213977871604,0.12144989812522,1357.0000000001,0.30472939316117,0.119209168597198,1827.0000000001,0.402703635850604,0.707433028911773,0.0133826837081211,-0.127974789421521,0.770092127908886,-0.429052888740787,1.38605013286527,1.34540105868541,-0.549845173360278,0.725260893999521,-0.658090972425278,0.0530891992330632,-1.77742657063266,-0.914325526013839,1.09935805386838,34.0000000001,37.378173828225,1.09935805386838,34.0000000001,37.378173828225,1.93430571148537,1.95807738406495,1e-10,-0.653432761326927,-0.677142498345746,-0.224988232237662,-0.389307936182285,0,-0.044053220261396,0,-3.57648972802931e-16,-0.0227070388776265,0.659105738666804,-0.529532456650066,0.287602548149195,0.760265166388066,0.760265166388066,-0.822434013734032,-0.770426036617475,0.0118901436381177,-0.0605720141752686,-0.196894942503198,0.145431897781325,-0.148833778822635,0.989999874640821,0,1827.0000000001,0.00576464044982762,0.00761804315829352,0.352420087848521,0.795082901293247,4821.16728593876,0.001953125,149,1,"SNETWORK (1 137 4821.16728593876 0.352420087848521 87000363 149)",87
328,87000364,0.827667987091895,271,0.833942087661095,0.661934694919581,0.679648502105189,0.676245639047415,0.674971766192546,0.8546321189566,1.02257537438152,0.254908146608404,0.0902368247544077,-0.0499725562274918,0.257781517946553,-0.277867006037435,-0.0499725562274918,-0.0499725562274918,-2.98339712877185,-0.102076500836775,0.0190960331622599,1.06867908739634,-0.352657929895743,-0.560339494672534,0.667148486569063,-0.788859635579387,-0.682989322922567,0.827667987091895,8,-0.0387775665242568,-0.561899776486664,-0.553617889101611,-0.80977648160308,0.818261576982099,-0.158031139733354,0.0902369937017627,-0.038810560681456,0.186569763452666,4332.0000000001,1.56472863454571,0.0832040899940142,340.0000000001,0.0547687607093987,1.61949739515511,0.042717453667573,-0.44005069408682,0.800692084958648,2.21190983018462,-0.296919277736958,-0.603085317644566,-0.820001979252639,0.12579787218554,-1.36856945000748,0.282315203629278,-1.76605705926896,-2.14352981387951,0.340738932391667,33.0000000001,11.244384765725,0.340738932391667,33.0000000001,11.244384765725,0.193791740229294,0.18910779045349,1e-10,-0.543299088719662,-0.494586930536318,-0.0801996086268518,-0.386813954755715,1,0.955946779738605,1.27717508738715,1.28529677079185,1.31366454417867,0.0867740082059427,0.704208880903677,-0.0669670396951269,0.0910193700742078,0.0910193700742078,-0.706347644292939,-0.349064815692497,-0.582336225242566,-0.408667094625395,0.279841613263369,-0.896691771548108,1.86713909640538,1.13543257324647,0,4332.0000000001,0.0412728189572123,0.00144463461036064,0.246726439527411,0.236511481925845,18879.8824184681,2.91038304567337e-11,483,1,"SNETWORK (1 328 18879.8824184681 0.246726439527411 87000364 483)",87
137,87000365,-0.213644557192524,74,-0.169336007143403,-0.45983907781187,-0.612877153222713,-0.614349237474709,-0.609405455638136,-0.0220125843699306,-0.0255660998044172,-0.205129211856877,-0.378776844662377,0.0237127918875655,-0.0176525415958744,0.0584115513185625,0.0237127918875655,0.0237127918875655,0.322381768218349,0.0653768639667201,-0.0188893450740677,-0.787280895202198,0.0488325098101086,0.0677281446396492,-0.117429098893948,0.617705950750841,0.326804535448277,-0.213644557192524,1,0.00277635412603778,-0.159677199080917,-0.15914423087046,-0.441414331692544,-0.206815088142081,1.04273932110142,-0.377548331283805,0,0.391806380760499,206.0000000001,0.149236848571853,0.071881498379902,1762.0000000001,0.234185698526112,0.383422546997965,0.00736673335057207,-0.144966400707054,-0.0180127398226783,-0.873314163156666,1.29697570700346,0.638884954296488,-2.29418761779537,0.564281232255469,-2.81929506466158,-0.097178564879602,-1.82415092011594,-0.849419203780223,0.576224190948214,28.0000000001,16.13427734385,0.576224190948214,28.0000000001,16.13427734385,1.00450926974791,1.17808458808025,1e-10,-1.4953745442515,-1.69815826067218,-0.959956611881518,-0.673448714701988,0,-0.044053220261396,0,0,-0.0227070388776265,0.368657909410947,-0.844636772657023,0.740532681776264,0.405074684647237,0.405074684647237,-1.53154347173967,0.317458262211182,-0.282159412228311,-0.508243888504116,-0.638033540828178,-0.0246187451891754,0.076399299509017,2.0462204202863,0,1762.0000000001,0.0028673015260648,0.00449943172450727,0.339801442065643,0.456554107367992,4799.24918328506,0.001953125,179,1,"SNETWORK (1 137 4799.24918328506 0.339801442065643 87000365 179)",87
328,87000366,0.874729704427891,280,0.833942087661095,0.661934694919581,0.679648502105189,0.676245639047415,0.674971766192546,0.85556344068448,1.02444253756175,0.235707220356246,0.0883904311785183,-0.0552474151059325,0.262121893529624,-0.278851131364272,-0.0552474151059325,-0.0552474151059325,-4.37495122640415,-0.101419954051659,0.0173224176849335,1.08669614113388,-0.354368168892184,-0.560339494672534,0.667148486569063,-0.788859635579387,-0.682989322922567,0.874729704427891,8,0.233488725263709,-0.844974742740677,-0.824644000416745,-1.27298464412658,0.861084340512193,-0.301902837243444,0.0883993104134074,-0.237174607293969,0.165458033232508,1051.0000000001,0.336666493066181,0.166864239124098,281.0000000001,0.0907776454840984,0.427444138450279,0.0141131415731586,-0.59921765257799,-0.202347009374732,0.310736235324199,-0.306533088464516,-0.249423469286886,0.105178274958889,0.186484106089867,0.251705669612143,0.348883722246645,0.96076259307618,1.16677617057971,0.805507115055357,14.0000000001,11.277099609475,0.805507115055357,14.0000000001,11.277099609475,0.195223593624603,0.882077334151146,1e-10,0.186129055639485,0.0133259427212263,-0.129263632289979,-0.00223111963096768,1,0.955946779738605,1.27717508738715,1.28529677079185,1.31366454417867,0.17538686037587,0.737317150473029,0.00815798231132087,0.186658687517107,0.186658687517107,-0.326378601450795,-0.929873442069266,-0.540427255529215,-0.395905320734214,0.541238510415987,-0.973803147125712,2.37758478680447,1.17155908049968,0,1051.0000000001,0.0111158895823018,0.00299725189085673,0.319612772896618,0.170415488902317,18934.4978162902,2.91038304567337e-11,492,1,"SNETWORK (1 328 18934.4978162902 0.319612772896618 87000366 492)",87
56,87000367,-0.563760084291836,87,0,0,0,0,0,-0.228121934333465,-0.0261283880782911,-0.371263987431371,-0.00792347673350463,0.974311269220192,-0.663219791859171,0.913364645274956,0.974311269220192,0.974311269220192,-0.170353141085307,0.210108580264318,0.385748316769838,0.298999621519974,0.0462595298127419,0.442037567785408,-0.329724348592432,0,0,-0.563760084291836,2,-0.0317335638212822,0.514482592511799,0.520510277831965,0.527107945646039,-0.557789430560182,0.994520270320369,-0.00785400796772477,-0.286481921557049,0.206411310759898,2740.0000000001,0.904907186032231,0.183752642861902,13703.0000000001,4.02873994212274,4.93364712805497,0.055952619335437,0.609185564918057,-0.689146181977055,-0.028613120123196,0.743642000105756,0.398618876760264,-1.27139708621999,0.0587737423714603,-0.926298582835873,0.0775728808032988,-0.360754834827293,-0.385323127337809,1.52609911161961,51.0000000001,77.8310546876,1.52609911161961,51.0000000001,77.8310546876,3.10813698786513,1.9564802852943,1e-10,-0.435238455975839,-0.136129650066651,-0.369145130269547,-0.0903379056326154,-0.0232557920329049,-0.14537465218179,-0.0247221470926318,-0.0137666363416772,-0.010171333593027,0.377118955537787,0.583266874389699,-0.699446981388147,0.414954005424356,0.414954005424356,0.396276559186156,-0.714093933472763,-0.748770514647753,-0.620385375468842,0.0859486141419473,-1.0214249795386,0.151254231414745,-0.145523119712465,0,13703.0000000001,0.0102625757182728,0.0456900435171643,0.869104114296574,2.45794378390253,6250.43824472498,0.00048828125,73,1,"SNETWORK (1 56 6250.43824472498 0.869104114296574 87000367 73)",87
137,87000368,-0.0441944733045263,86,-0.169336007143403,-0.45983907781187,-0.612877153222713,-0.614349237474709,-0.609405455638136,-0.00495828651948535,-0.0224966357826822,-0.235792325551745,-0.381022316551149,0.00422886846704384,0.00502020987383658,0.0462211257148667,0.00422886846704384,0.00422886846704384,0.249311612884059,0.078727195126438,-0.00589032946136745,-0.760519223619154,0.0581378065548482,0.0677281446396492,-0.117429098893948,0.617705950750841,0.326804535448277,-0.0441944733045263,1,-0.169760434893371,0.403176007287376,0.407020189324978,0.599902431306355,-0.00428468030913861,1.83338702063487,-0.38087581960609,0.0498081091990187,0.349041895071159,703.0000000001,0.453701512880344,0.363855334826247,1375.0000000001,0.925057629796893,1.37875914257724,0.0170539816183328,0.456201642208283,-0.448380871795466,-0.0688697053437285,1.72950516663207,1.98218760807945,0.173742185195814,0.432239386039271,0.138548895160745,-0.238576396420959,1.25368907268161,0.643911534599612,0.570383955892683,41.0000000001,23.3857421876,0.570383955892683,41.0000000001,23.3857421876,0.72519100293165,0.531508611086019,1e-10,-1.03723706195968,-1.06014912579937,1.62153567480383,-0.571035194629926,0,-0.0440532202613966,-0.000725378769826648,-0.000403932990072571,-0.0223392283123727,-0.0781968916676732,0.0921118905246482,-0.93267543490976,-0.0798494806751223,-0.0798494806751223,1.35861936988553,0.733245622335017,-1.42791555858498,-1.47612139231227,-1.47775659240855,-1.13603259309842,-0.939930414095259,0.706001578521832,0,1375.0000000001,0.00561187010509589,0.011442111413237,0.377287926637082,4.34179452155309,4864.36176597425,0.001953125,191,1,"SNETWORK (1 137 4864.36176597425 0.377287926637082 87000368 191)",87
318,87000369,0.533531636678695,199,0.826606769083661,0.576140491778701,0.449959143780463,0.448153051499128,0.45024912066774,0.94747540861626,0.963947321559895,0.616303858777831,0.637053207050427,-0.0371607795040684,0.360507223688561,-0.104669163216032,-0.0371607795040684,-0.0371607795040684,-0.315873950762517,-0.908134402933499,-0.759569135336212,-0.0276180815180504,-0.981972758133895,-0.603050539930755,0.694143931109334,-0.735182512335809,-0.673195464551723,0.533531636678695,8,-0.622410535195693,-0.161622452686805,-0.161074850145343,0.526726466073721,0.527325630191677,0.550677325037753,0.637081426156441,-0.763989145222406,0.240594643268895,3759.0000000001,1.75092523054359,0.0741502792521102,1221.0000000001,0.175282184105999,1.92620741454959,0.0370649787850318,-0.146624791943527,0.786962267644384,1.97282337070765,0.0991384079686017,0.284700772750144,0.33391446007092,0.321252103019531,0.422415751906566,1.00396095797527,-0.207291281862905,-0.419626922903295,0.0313979641151515,33.0000000001,1.0361328126,0.0313979641151515,33.0000000001,1.0361328126,0.252999946672635,0.272119715478508,1e-10,0.502783995957854,0.61840458831888,0.241277525734015,1.03531964956035,1,0.955946779738604,0.975277852907368,0.986233363658322,0.989828666406972,-0.146795994732278,-0.258589543000911,0.188481337875923,-0.148244417572991,-0.148244417572991,0.0316584418189648,-0.326148837776841,0.466141898648501,0.563792776575787,0.619265835716183,0.339370000797329,-0.109304486106994,-0.0247108110028805,0,3759.0000000001,0.0336921174005659,0.00337286128446589,0.783702696335267,1.23651701305062,18438.6714652332,5.82076609134674e-11,351,1,"SNETWORK (1 318 18438.6714652332 0.783702696335267 87000369 351)",87
137,87000370,0.616894345178,159,-0.166057912338905,-0.453200003638288,-0.550040856219537,-0.551846948500872,-0.54975087933226,-0.000555030059513703,-0.0461296268154744,-0.695432952158384,-0.411534905732517,-0.143278213789482,0.0201286714112614,0.11254367479747,-0.143278213789482,-0.143278213789482,-1.76604091747873,0.15135818374575,0.0298147967430749,-0.710556797507319,0.12118572657209,0,0,0.264817487664191,0.333376028400019,0.616894345178,1,-1.27495028452933,-1.76877834109332,-1.65663635709904,-0.607016579981415,0.612629621045801,1.54676520963999,-0.411530785748675,-0.527931979625034,0.156724079053266,10.0000000001,0.00289783121145761,0.175568138578232,122.0000000001,0.039604349160992,0.0425021802724496,0.00296076554445549,-0.93178932151864,1.46599649134148,-0.125020262808158,0.418477625203915,1.44649747909833,2.49786985720612,2.31962174611015,11.247665040358,1.27233178620669,8.86421924053155,4.21074936570332,0.053271484475,5.0000000001,0.266357421975,0.053271484475,5.0000000001,0.266357421975,0.310006945657515,0.398361896429419,1e-10,1.67494346667254,1.35662492063364,0.723723971420933,3.33915903459197,0.011234161100741,0.00638392009446409,0.0762507477739212,0.0815878897922589,0.0592045384732552,-0.756927275039506,0.102813409159493,-0.681783436536955,-0.693833581395431,-0.693833581395431,-0.275358297362415,0.651590540130385,-0.0404176699994122,0.148246271710682,0.11982332987574,-0.0865659069193794,0.325861293784465,-0.585289087566177,18770385533.2753,122.0000000001,0.000201867249723657,0.00275889819473183,0.623327698086871,1.18415113585044,5291.72339101072,0.001953125,258,1,"SNETWORK (1 137 5291.72339101072 0.623327698086871 87000370 258)",87
137,87000371,0.735791656430005,175,-0.166057912338905,-0.453200003638288,-0.550040856219537,-0.551846948500872,-0.54975087933226,-0.0208242209933045,-0.0458429200644962,-0.725988685265826,-0.424617191676723,-0.204350347764551,-0.0240478501146148,0.206949190507665,-0.204350347764551,-0.204350347764551,-3.99685091677126,0.183774405420653,0.0312224434572846,-0.707847904443003,0.151871159419954,0,0,0.264817487664191,0.333376028400019,0.735791656430005,1,-1.46745538818866,-1.55125683822054,-1.46935734766402,-0.0524052322971994,0.723743829190728,0.399618229736064,-0.424496963121295,-1.01792238695437,0.0709514278469781,36.0000000001,0.00472281564922919,0.0680758736121393,299.0000000001,0.0376358524021371,0.0423586679513663,0.00246892544641707,-0.87330703928292,-0.121915945148312,-0.235970014922345,0.0927832098071698,0.545914097201901,1.11372381759242,1.40916081842697,4.2299659115373,0.512503980473669,-2.69964153960897,-1.2011797041188,0.150716145933333,6.0000000001,0.9042968751,0.150716145933333,6.0000000001,0.9042968751,0.258770102146268,0.0942162593178481,1e-10,-0.139015949788542,0.00142788500529416,-0.138464549276774,-0.0953226628541021,1.03276561575505e-16,0,-0.0247221470926318,-0.0137666363416772,-0.010171333593027,-0.468912299871062,-0.0677091455723185,-0.213316923270886,-0.449750004767533,-0.449750004767533,0.647558261919447,0.794076623075126,-0.245447838208822,-0.109255307065189,0,-0.300992308283699,0.52729191724579,0.248250498998535,0,299.0000000001,0.00027527492264062,0.00219365042377645,0.676285196310072,1.07823010476153,5383.7085296945,0.001953125,144,1,"SNETWORK (1 137 5383.7085296945 0.676285196310072 87000371 144)",87
328,87000372,0.770073461655659,257,0.833942087661095,0.661934694919581,0.679648502105189,0.676245639047415,0.674971766192546,0.844079501020624,1.01512867455504,0.204395990313044,0.0939168125195068,-0.041325694683992,0.244959353617174,-0.268932237030195,-0.041325694683992,-0.041325694683992,-0.790299378891761,-0.11371027555006,0.00773345192710207,1.01088498192836,-0.356286434262776,-0.560339494672534,0.667148486569063,-0.788859635579387,-0.682989322922567,0.770073461655659,8,0.0635134268833748,0.546675950417202,0.553414698503888,0.409122986319273,0.759702706454508,-0.6489449003517,0.0939650342971858,0.473228333228731,0.0839725627405254,1647.0000000001,0.267756688318767,0.0840254610689773,1272.0000000001,0.206922318937039,0.474679007155805,0.00525000417227445,0.655935090610754,0.476224160484488,-0.137646162161534,-0.587393583479405,-0.651760899607869,-0.161514502506106,-0.78805979901305,-0.11583866863642,-1.23043242109788,0.00710692135187175,0.00880632170667945,0.000220889236904762,63.0000000001,0.013916015725,0.000220889236904762,63.0000000001,0.013916015725,0.297740022539493,0.318604746420998,1e-10,-0.255188646268734,-0.0761471370626851,1.95094877057729,-0.124606108010553,1,0.955946779738605,1.27717508738715,1.28529677079185,1.31366454417867,-0.39559627731984,0.410405307129772,-0.647851774018165,-0.383876655911022,-0.383876655911022,-0.13816401768336,-0.482960612774193,-0.243577249516642,-0.369643126390582,0.0977115716604396,-0.348360689718044,0.538789500709807,0.294109609900802,0,1647.0000000001,0.00296141957540158,0.00228858449687287,0.138949967180566,7.19031170394842,18799.1230409417,2.91038304567337e-11,470,1,"SNETWORK (1 328 18799.1230409417 0.138949967180566 87000372 470)",87
56,87000373,-0.758828431606501,63,0,0,-0.0539298651555209,-0.0526282971591558,-0.0497659234028937,-0.305639363238621,-0.0458467710441985,-0.481864826798685,0,1.00145663211405,-0.682564373340357,0.930319158369895,1.00145663211405,1.00145663211405,0.00118103167949381,0.167116487361933,0.338034969202078,0.175494015848161,0.0211475351535433,0.396949460069245,-0.3182243350896,0.145121969788322,0.0313608172450206,-0.758828431606501,2,-0.671478083076079,-0.646089169782219,-0.634852000756913,-0.0984442951692145,-0.760536228232137,0.441780529057462,0,-0.195138141586184,0.633694147388981,4993.0000000001,5.06245580395795,0.0514563286731609,1787.0000000001,0.147123934756258,5.2095797386142,0.146881257377031,-0.491065785473931,0.525216659120114,-0.325579165838055,0.316585784718008,0.655193937271918,0.729532741001043,0.63054704445847,1.34245944207321,0.693550184903936,1.6392624018267,1.77423388972278,1.63613455646161,28.0000000001,45.811767578225,1.63613455646161,28.0000000001,45.811767578225,1.70672650541602,2.12054317696154,1e-10,-0.209477430345487,-0.10640884983402,1.92520627886624,-0.0561947228891717,-0.0232557920329049,-0.14537465218179,-0.0322557394612218,-0.0144355343809378,-0.00650792099540319,0.168557037260492,-0.329693611778239,0.574485744717157,0.179188800543613,0.179188800543613,-1.85463038154886,-0.565424041452489,-0.111787689949478,0,-0.772088090141576,0.27282690856907,-0.456613494780727,-0.36326851614945,0,4993.0000000001,0.142733178241385,0.0041480790356456,0.695031065812395,0.635166982484926,6111.19570388993,0.00048828125,54,1,"SNETWORK (1 56 6111.19570388993 0.695031065812395 87000373 54)",87
318,87000374,0.596236237412211,218,0.826606769083661,0.576140491778701,0.449959143780463,0.448153051499128,0.45024912066774,0.950534634219626,0.96512956349565,0.664154355020687,0.626767258906322,-0.0498890415316624,0.353412454844494,-0.112148504357571,-0.0498890415316624,-0.0498890415316624,-0.622428239037628,-0.898025255500209,-0.751827687772808,-0.0164684576396929,-0.973741516738675,-0.603050539930755,0.694143931109334,-0.735182512335809,-0.673195464551723,0.596236237412211,8,-0.108636657538978,-0.317904318578299,-0.31549409970186,-0.478737024620135,0.586890979097396,0.0628213102612498,0.626772250998755,2.01603770109501,0.130598753296758,2172.0000000001,0.549171730839919,0.125860748309023,3722.0000000001,0.906934660237922,1.45610639097784,0.0316823389892976,-0.27205721171225,0.264719108515388,0.204598428989841,-0.0944399415029758,0.190884750943439,0.673222369202641,0.131254330008164,0.953645738147472,0.787271818685285,0.809755468617665,1.63396609912083,0.364234924416406,32.0000000001,11.655517578225,0.364234924416406,32.0000000001,11.655517578225,0.211786076928552,0.224140323831295,1e-10,1.05413691874563,0.942400073804259,0.401343846278837,1.41478950219746,1,0.955946779738605,0.975277852907368,0.986233363658323,0.989828666406973,-0.688439033457828,0.532994944735453,0.124065841257584,-0.637848143144182,-0.637848143144182,0.192792897929994,0.109385459326603,-0.922042068425793,-0.905778513352766,0.0222070057052181,-1.22179211563671,1.82220948556842,1.16653163863192,18836434777.5418,3722.0000000001,0.0119490203399457,0.0197333185493519,0.872453163415733,0.761721455492079,18543.8493362083,5.82076609134674e-11,421,1,"SNETWORK (1 318 18543.8493362083 0.872453163415733 87000374 421)",87
137,87000375,-1.00789318139265,22,-0.169336007143403,-0.45983907781187,-0.612877153222713,-0.614349237474709,-0.609405455638136,-0.0344803897123401,-0.00230769824956648,0.000512568357735651,-0.357638493466241,0.143690023073545,-0.0926605564458846,0.00070401894209031,0.143690023073545,0.143690023073545,0.586199565725324,-0.0338722382524281,-0.115706761474907,-0.984755268980141,-0.0205369568701588,0.0677281446396492,-0.117429098893948,0.617705950750841,0.326804535448277,-1.00789318139265,1,-1.22268719808074,-0.99393863318949,-0.964675327666285,0.330137729026637,-0.996909081696434,1.78766455295229,-0.357619337830152,-0.706844684327955,0.215820464406499,3039.0000000001,1.21272035522734,0.0352408467055805,81.0000000001,0.00527799172193507,1.21799834684928,0.0452879402763728,-0.670033278261794,-0.273891039678638,-0.0779017585796484,1.49220992002829,1.92096498895552,0.717591440754079,1.6342772253001,1.74709816086845,0.894878864482683,-2.87141769989221,-1.56870659425881,0.247102157029348,23.0000000001,5.683349609475,0.247102157029348,23.0000000001,5.683349609475,0.0496019662270503,0.0494953214495633,1e-10,-0.236264016210498,-0.3331767630648,1.78153071809187,-0.16267939516142,0,-0.0440532202613966,-6.84487991150658e-16,-3.57648972802931e-16,-0.0227070388776269,0.789447708947741,-0.26466023927949,-0.0686439435466425,0.930907376637473,0.930907376637473,0.441631704192725,0.132323019442389,-0.0849284718575684,-0.228844033816155,-0.712406175085631,0.278462500871774,-0.7883234530407,0.115113869709699,0,3039.0000000001,0.045091692480747,0.00019624769562581,0.177847133343372,1.19024544514514,4517.94077469172,0.001953125,121,1,"SNETWORK (1 137 4517.94077469172 0.177847133343372 87000375 121)",87
318,87000376,0.17097792420343,113,0.847990630531859,0.546799996361712,0.449959143780463,0.448153051499128,0.45024912066774,0.929824992528728,0.963450112436633,0.607348309886114,0.670331940606907,0.00306333160913935,0.393966945381462,-0.0820307072480528,0.00306333160913935,0.00306333160913935,0.15325260160039,-0.897188853230601,-0.743747456482286,0.0152153726890147,-0.977058151668859,-0.603050539930755,0.694143931109334,-0.735182512335809,-0.673195464551723,0.17097792420343,8,0.304871898334753,0.471511259915034,0.476644534576698,-0.0837140240005382,0.161382788883069,-0.179737670937759,0.671905844453131,-0.0713243453786164,0.323254339395814,10387.0000000001,6.50045590524688,0.0757422883130688,2412.0000000001,0.353691844933104,6.85414775007998,0.0803803832481015,0.548564551163363,-0.424428952864076,-0.676535136193909,-0.391094672524787,-0.414182060717831,-0.0977812416181915,-0.466764084021478,-0.0738699166347748,-0.00642989922673793,-0.115641721423847,-0.23842056386425,0.0289881090154412,68.0000000001,1.97119140635,0.0289881090154412,68.0000000001,1.97119140635,0.384623604310076,0.362155374039684,1e-10,0.288719705280074,0.186316069116711,-0.174762361163791,0.0270491198938295,1,0.867841683603147,0.975277852907368,0.986233363658323,0.989828666406973,-0.554437785124779,0.418135591101591,0.896171928333356,-0.524633212340504,-0.524633212340504,-0.508045057422916,0.37757981714919,0.0711936243509932,0.0279892700833419,0.50427272485196,-0.132805321250926,1.37307989413405,1.49298667655538,0,10387.0000000001,0.0762325463869044,0.00414783676119716,0.333828413292257,0.332041097222827,17905.5270114241,5.82076609134674e-11,394,1,"SNETWORK (1 318 17905.5270114241 0.333828413292257 87000376 394)",87
137,87000377,0.323749832994964,118,-0.169336007143403,-0.45983907781187,-0.585138056887849,-0.587070912494495,-0.584419668319597,-0.0208552195180868,-0.049347443251088,-0.490925437704103,-0.395167936157972,-0.0599988059820163,-0.0147962075041812,0.135203387064795,-0.0599988059820163,-0.0599988059820163,-0.513712966347461,0.143518591053344,0.0495548088251442,-0.682171126744066,0.109995224859574,0.0244718896476977,-0.0463928842676715,0.415324305327625,0.335969349634022,0.323749832994964,1,-0.632880737057272,-0.340810164541767,-0.338008325630954,0.268426814446901,0.317573359897523,-0.157489460949285,-0.395163770252012,-0.403042316773285,0.143055676778034,3460.0000000001,0.915205327115884,0.0669095932970913,2045.0000000001,0.252999140900956,1.16820446791684,0.0258806805083436,-0.289205163864909,-0.704504510638366,-0.913997761862895,-0.0789221299798828,0.15839875906712,0.578230745955,-0.0180801233123489,0.836218684498081,-0.782614046958375,-0.513364799029913,-0.251596722071354,0.371966737789394,33.0000000001,12.27490234385,0.371966737789394,33.0000000001,12.27490234385,0.83559331099384,0.87353664484306,1e-10,0.212099246798202,-0.0870947648885687,-0.170738350219262,-0.0439844719202695,0,0,-0.0247221470926315,-0.0137666363416772,-0.010171333593027,0.208439986866564,-0.267586489424791,1.48513860653901,0.223044974352165,0.223044974352165,-0.167028408793564,0.305177961575201,0.0822288581055901,0.0227165794977683,0.151886012984762,0.0619240609857211,0.548256598724041,1.19584990364674,0,3460.0000000001,0.0202756771002397,0.00560500330810383,0.485523327224406,1.50813518615905,5052.36249613633,0.001953125,271,1,"SNETWORK (1 137 5052.36249613633 0.485523327224406 87000377 271)",87
318,87000378,0.562552544724969,209,0.826606769083661,0.576140491778701,0.449959143780463,0.448153051499128,0.45024912066774,0.952219857412807,0.966481386641123,0.661102130386707,0.634212727775752,-0.0413920284432775,0.365485942719189,-0.107304156593041,-0.0413920284432775,-0.0413920284432775,-0.378085282599904,-0.914537401191907,-0.768383557601199,-0.0396423632429469,-0.986541590595212,-0.603050539930755,0.694143931109334,-0.735182512335809,-0.673195464551723,0.562552544724969,8,-0.348235866271057,-0.28955775510432,-0.287589016332457,-0.116110407229029,0.558898734179726,0.220902622219623,0.634264432763174,-0.00904601356313802,0.133564635457626,8601.0000000001,2.22407665772239,0.0854196166161499,1667.0000000001,0.275678272669186,2.49975493029157,0.0531903140790239,-0.250412888633129,0.343822712069761,-1.02252182648418,0.0220160164410417,0.440352468347405,1.04391985262307,0.218036392900099,1.43853704743169,0.890310685669861,1.59631256539111,3.24005164473391,0.144893251716379,29.0000000001,4.201904296975,0.144893251716379,29.0000000001,4.201904296975,0.114441416993733,0.102898196892396,1e-10,0.631822921880992,0.485398197709868,0.121300214793953,0.623953761969027,1,0.955946779738605,0.975277852907369,0.986233363658323,0.989828666406973,0.00955509696878356,-0.754865289600946,0.0201413645044839,0.00989709596858986,0.00989709596858986,0.495468194275822,-0.267131145539593,0.536270066595041,0.557078868641706,0.481784788792265,0.503819840049435,-0.53004744331498,-0.186257404320988,4157216240.30778,8601.0000000001,0.0473243734029906,0.00586594057603326,0.829122620726738,0.575229980051517,18492.4984602282,5.82076609134674e-11,425,1,"SNETWORK (1 318 18492.4984602282 0.829122620726738 87000378 425)",87
318,87000379,-0.0151839775025982,67,0.847990630531859,0.546799996361712,0.449959143780463,0.448153051499128,0.45024912066774,0.908922107695429,0.950273272077647,0.515867368606147,0.68220517679399,0.016963666248015,0.386790888993039,-0.0886611639584198,0.016963666248015,0.016963666248015,0.195906335586624,-0.857219787171171,-0.699420815842788,0.0666086850990584,-0.94546856639773,-0.604424467785202,0.699593179675348,-0.759818089809216,-0.694672009762475,-0.0151839775025982,8,0.827397348523461,0.781573205043153,0.794488751215532,-0.415890510620385,-0.0155624625644982,-0.266592053675218,0.68219959482029,2.05383695111895,0.127052775500127,5344.0000000001,1.31449799344305,0.185727090324582,359.0000000001,0.129085964845277,1.44358395818833,0.013298703276441,1.03451299548014,-0.647853925917936,-0.508211708089825,-0.418940108423114,-0.203463968552855,0.588896705631316,-0.63748737210378,0.344517573191891,-0.328099673194521,0.274315572910536,0.576333005756862,0.189515904117857,35.0000000001,6.633056640725,0.189515904117857,35.0000000001,6.633056640725,0.58866271314162,0.60150237986389,1e-10,0.233535911850616,-0.0249937009677695,1.91908547624681,-0.25210049014108,1,0.867841683603148,1.1517511211886,1.1637685898318,1.1780916849822,-0.895319655842129,0.461423949243976,0.530136305133224,-0.803223743568343,-0.803223743568343,0.0490491843029802,0.188059713798823,0.391349717434137,0.612352390321804,1.48737490422978,-0.204340171853103,1.01090105890836,1.40887225506259,0,5344.0000000001,0.0121095268076032,0.00118917636883779,0.0922506231168985,6.13070979399958,17619.2340094675,5.82076609134674e-11,340,1,"SNETWORK (1 318 17619.2340094675 0.0922506231168985 87000379 340)",87
137,87000380,0.244215032288619,107,-0.169336007143403,-0.45983907781187,-0.612877153222713,-0.614349237474709,-0.609405455638136,0.0155351021607988,-0.0204742812581213,-0.270309714006872,-0.383610746365056,-0.0185236995909884,0.02331891587366,0.0400242770154539,-0.0185236995909884,-0.0185236995909884,0.149552365176342,0.0954509437299275,0.0108591357551182,-0.727779926538685,0.0698978513546546,0.0677281446396492,-0.117429098893948,0.617705950750841,0.326804535448277,0.244215032288619,1,0.240986044312531,-1.28651037534655,-1.23370989662581,0,0.237950074617382,1.28293641803267,-0.383598295134004,-0.724256156759283,0.887586455524166,992.0000000001,1.62801980185636,0.361680786635144,50.0000000001,0.033437422180832,1.66145722393719,0.0781309969815034,-0.787547676369878,2.72705220771003,-0.58765371825855,1.26597749300948,1.49801632353265,0.205884035926548,1.69218140894135,0.669373324377848,0.868830598659046,-3.58727449428701,-1.82059330933438,0.533447265725,15.0000000001,8.001708984475,0.533447265725,15.0000000001,8.001708984475,0.0518672865241064,0.476435991474873,1e-10,-0.193732802924202,0.279040829274188,1.76607719272504,0.430933063205439,0,-0.0253487320197204,-0.0247221470926329,-0.0137666363416772,-0.010171333593027,0.345867957418954,-0.345014354513508,0.435272366841376,0.378599517080035,0.378599517080035,0.692641702142715,0.518304368930322,-0.874550222429082,-0.949954401355403,-0.788109346270752,-0.744282087808651,1.18742455201676,0.918449955611455,0,992.0000000001,0.0765585825678268,0.00157241431367661,0.444218512910735,1.00251844711602,4980.61762146463,0.001953125,221,1,"SNETWORK (1 137 4980.61762146463 0.444218512910735 87000380 221)",87
137,87000381,0.307665196944054,115,-0.169336007143403,-0.45983907781187,-0.585138056887849,-0.587070912494495,-0.584419668319597,-0.0196569107045306,-0.0477727382895669,-0.477009784608132,-0.39497151480085,-0.0586419397324414,-0.0146736077786208,0.134751218376813,-0.0586419397324414,-0.0586419397324414,-0.50349157787892,0.143054029646146,0.0492849462971439,-0.681690302887083,0.109487624042269,0.0244718896476977,-0.0463928842676715,0.415324305327625,0.335969349634022,0.307665196944054,1,-0.691680136922273,-0.618369019808243,-0.608160927597675,-0.0300395297970529,0.298383820968893,-0.00761538581946732,-0.390433118272371,-0.600531392978113,0.227312329618769,5029.0000000001,2.113693310079,0.0947026909736337,165.0000000001,0.0288923993755723,2.14258570935457,0.059097337931753,-0.474632608747158,1.86014660914631,2.67026340046734,0.259651732773092,-0.347231236123786,-1.62368367189778,0.289413063222896,-2.8532100014233,-0.415733532688391,-0.607579448696233,-0.284763489322553,0.417790339643269,26.0000000001,10.862548828225,0.417790339643269,26.0000000001,10.862548828225,0.773777849114265,0.94185965328411,1e-10,0.243441134141338,0.125427735770253,0.156036771011051,0.0350567877647451,1.03276561575505e-16,0,-0.0247221470926318,-0.0137666363416776,-0.0101713335930266,-0.372740778284828,0.00576417118298407,-0.546468541655521,-0.363017875992514,-0.363017875992514,0.661165473720394,0.370912381498185,0.196000436809468,0.184677167707536,0.429322517744882,0.073219791680441,1.33316659963688,1.49278155998065,3.99513224365061,5029.0000000001,0.0583004204093212,0.000796917422431813,0.475403883812718,0.683749336691108,5034.78541192998,0.001953125,229,1,"SNETWORK (1 137 5034.78541192998 0.475403883812718 87000381 229)",87
56,87000382,-0.481777764724455,102,0,0,0,0,0,-0.186629130150474,-0.0145960682812735,-0.334136585622628,-0.0124393629056052,0.959174571559569,-0.644699628058902,0.908068835669845,0.959174571559569,0.959174571559569,-0.322880023214567,0.233518697519426,0.412768855188555,0.365195617281443,0.0600711005064175,0.442037567785408,-0.329724348592432,0,0,-0.481777764724455,2,0.542252429057949,1.00785364773341,1.02818376026567,0.294454668285963,-0.42316710140681,2.08667783252693,-0.0123621491393459,0.486530405844794,0.699911845432184,6002.0000000001,6.72139343318836,0.541039555244872,10321.0000000001,8.93451079793283,15.6559042310212,0.120973737604368,1.47006295833374,-0.362180401028917,0.412977519892721,2.02293198576562,1.85259967958201,-1.05849953192228,0.0805266881818196,-0.53071562329409,0.0970261206837346,0.635826078611068,0.676565023005737,1.05589255318494,78.0000000001,82.359619140725,1.05589255318494,78.0000000001,82.359619140725,3.30634182838445,1.25540212117673,1e-10,-0.305396936692055,-0.176549348495791,-0.319325918599227,-0.168462354664675,-0.0116278960164524,-0.0726873260908948,-0.0247221470926318,-0.0137666363416772,-0.010171333593027,-0.3310590381302,0.624188568428323,0.0415756013049661,-0.324575754218905,-0.324575754218905,0.71244040716465,0.138959552425184,-0.500075726594228,-0.357109615236057,-0.0654907363129449,-0.609824136090835,0.334769548344918,0.101888259103117,0,10321.0000000001,0.0519364498431256,0.0690372876612427,0.973872650513907,4.81760304384204,6334.24350527222,0.00048828125,77,1,"SNETWORK (1 56 6334.24350527222 0.973872650513907 87000382 77)",87
56,87000383,-1.21586536097538,5,0,0,-0.0539298651555209,-0.0526282971591558,-0.0497659234028937,-0.324014990175461,-0.0529552656462161,-0.460175483237591,0.00826495780632953,1.01119465968921,-0.674877402043031,0.910408349926531,1.01119465968921,1.01119465968921,0.0952537527289934,0.14853485884265,0.318890743108529,0.11882436670227,0.0107147047894796,0.396949460069245,-0.3182243350896,0.145121969788322,0.0313608172450206,-1.21586536097538,2,0.65668951389239,0.562659180850479,0.569763720244608,-0.449373746416643,-1.21021927857574,0.643825314976945,0.00827047731193816,0.443879736035306,0.755392971866795,6726.0000000001,8.12923700505869,0.0779567543733878,169.0000000001,0.0210795064555063,8.1503165114142,0.0890281254825874,0.679579429732937,2.01505944170378,2.82888077703579,0.524585797345536,0.448032127042934,-0.397620345968818,-0.111646377215387,-0.280147454544529,-0.112248479376345,-0.0428935359379372,-0.0468058175810566,0.730197906594141,64.0000000001,46.732666015725,0.730197906594141,64.0000000001,46.732666015725,1.74703210994666,0.769791274626792,1e-10,-1.4248943337544,-1.31820663826373,-0.793788300294678,-0.714679549031739,-0.023255792032905,-0.14537465218179,-0.0456386537822686,-0.0156235779160857,3.8573928898018e-16,-3.78123560060063,0.0212732653678583,-0.1267384953334,-2.24941735658993,-2.24941735658993,0.952082981370576,-0.989821792148287,0.346300543295408,0.0188797828824217,-0.570677482255118,0.785757098138851,-0.254411206009847,0.672173662617837,0,6726.0000000001,0.0887978681978246,0.000230257184762811,0.26732454546962,2.98361974728732,5769.06954971014,0.00048828125,4,1,"SNETWORK (1 56 5769.06954971014 0.26732454546962 87000383 4)",87
140,87000384,-0.386453832231347,120,0,0,0,0,0,-0.122769312297304,-0.0119056914077101,-0.465116240396263,-0.0322071951588125,0.97453909761799,-0.701232306971412,0.949250721499003,0.97453909761799,0.97453909761799,-1.32908352431829,0.288653381418438,0.470426072065307,0.486530739856365,0.0970928401080787,0.45221133369877,-0.305856068890666,-0.190739766812213,-0.0312046492625428,-0.386453832231347,2,0.387969731071847,-0.0290279718008736,-0.0290264303563464,-0.754769969344482,-0.381421271995125,-0.034978855990885,-0.0321739798224049,1.13875155302013,0.52310726024354,1920.0000000001,1.6069855032596,0.668125326264315,2764.0000000001,2.95471744252657,4.56170294568617,0.0791061138686748,-0.0276971018046678,-0.650291084128042,0.56084210833953,1.88625540912007,-0.305607879690996,-6.60420438987356,-0.118640281425622,-7.34363769195079,-0.177376992607389,-2.01428609497826,-2.08131522516389,0.533843994240625,32.0000000001,17.0830078126,0.533843994240625,32.0000000001,17.0830078126,0.449334829399567,0.477027513848176,1e-10,1.60434853117647,0.877208210367441,1.91560412992656,1.47938939128261,-0.0115379238540555,-0.0721248996727373,0.126936739806633,0.147411179924322,0.15640877092409,0.155925829792013,-0.597487733805421,0.867849550622284,0.165417520610726,0.165417520610726,0.10987122787416,0.49378269780703,-0.976241412505401,-1.18173205067176,-1.3154262184653,-0.611774406623452,-1.33894924039424,-0.987911142457922,4583616600.94143,2764.0000000001,0.0278673073529603,0.0512388064157145,0.080468216014138,0.925375319086015,6435.82395016723,0.000244140625,272,1,"SNETWORK (1 140 6435.82395016723 0.080468216014138 87000384 272)",87
137,87000385,0.743904811903652,176,-0.166057912338905,-0.453200003638288,-0.550040856219537,-0.551846948500872,-0.54975087933226,-0.0208242209933045,-0.0458429200644962,-0.725988685265826,-0.42468578326175,-0.204821922259558,-0.0240744974759968,0.207151793211767,-0.204821922259558,-0.204821922259558,-4.01589587763305,0.183996421460371,0.0313160931773289,-0.70777041048141,0.152074016851993,0,0,0.264817487664191,0.333376028400019,0.743904811903652,1,-1.5163074748586,-1.93270786196087,-1.79359271972237,-0.467266947856782,0.729684844218585,0.119276926790568,-0.424639888573939,-1.04852760755464,0.168912975364064,89.0000000001,0.0277965159592881,0.0913175696365475,93.0000000001,0.0157027110738056,0.0434992269330937,0.00347070841421578,-0.969820691425909,-0.97589524223108,-0.106277141576995,0.339910565531741,0.428680037586079,0.0448475211086379,1.54862244854271,0.322341148877608,0.626394965548994,-3.00136519712906,-1.33695331199863,0.6263427735375,4.0000000001,2.50537109385,0.6263427735375,4.0000000001,2.50537109385,0.188694769560918,0.614943230269599,1e-10,-0.23913026643986,-0.127685833616877,-0.43980174671109,-0.182509432571141,0,6.2602913664822e-16,-0.0247221470926318,-0.0137666363416769,-0.010171333593027,-0.394864468315619,-0.0598693439990597,-0.401905327972242,-0.38321118141917,-0.38321118141917,0.834776063754936,0.482560368627051,-0.172823107176614,-0.0544293120955778,0.0356056877655712,-0.221548970096245,0.489242499317599,0.160353177605797,0,93.0000000001,0.0022178232976239,0.00125288501659188,0.679681007420773,0.546016062386417,5389.606923056,0.001953125,244,1,"SNETWORK (1 137 5389.606923056 0.679681007420773 87000385 244)",87
318,87000386,0.618491337692327,224,0.826606769083661,0.576140491778701,0.449959143780463,0.448153051499128,0.45024912066774,0.948783040674271,0.964584008624921,0.643760062689043,0.623799606238355,-0.0529970196577104,0.34755686456775,-0.11523461453642,-0.0529970196577104,-0.0529970196577104,-0.773609389038126,-0.88669868562738,-0.740205105611474,0.000713595395298377,-0.965130099251613,-0.603050539930755,0.694143931109334,-0.735182512335809,-0.673195464551723,0.618491337692327,8,0.215314367799523,0.0599622776332959,0.0600867848607113,-0.462076178348385,0.609789016575745,-0.0143832811976085,0.623901270838646,0.395168580107773,0.11672156629628,3358.0000000001,0.758824107583243,0.115147402046844,2239.0000000001,0.49913446500506,1.2579585724883,0.0203457631408181,0.0592125329940416,1.54411493131353,0.834331048174385,-0.232776564570471,-0.0433496321030103,0.419147572533027,-0.156955760106116,0.440935013892187,0.428933596258608,-0.772305065897349,-1.55334225035707,0.302156409538776,49.0000000001,14.8056640626,0.302156409538776,49.0000000001,14.8056640626,0.349660736329097,0.131581233659436,1e-10,0.385813087496794,0.105078298580791,0.380367483814706,0.0161499722712862,1,0.955946779738605,0.975277852907368,0.986233363658322,0.989828666406972,-0.0526550807089037,0.6442723118822,-0.227371278694078,-0.0539910256051767,-0.0539910256051767,0.702152190665383,-0.666314536985523,-0.210273221504668,-0.0765025006763462,0.49269518971187,-0.505236287817162,1.21066254650565,0.440128459887526,300484144.462771,3358.0000000001,0.0122729442919594,0.00807281874885876,0.901940938705132,0.316829646006227,18578.7951965148,5.82076609134674e-11,376,1,"SNETWORK (1 318 18578.7951965148 0.901940938705132 87000386 376)",87
137,87000387,-0.0441944733045263,86,-0.169336007143403,-0.45983907781187,-0.612877153222713,-0.614349237474709,-0.609405455638136,-0.00495828651948535,-0.0224966357826822,-0.235792325551745,-0.381022316551149,0.00422886846704384,0.00502020987383658,0.0462211257148667,0.00422886846704384,0.00422886846704384,0.249311612884059,0.078727195126438,-0.00589032946136745,-0.760519223619154,0.0581378065548482,0.0677281446396492,-0.117429098893948,0.617705950750841,0.326804535448277,-0.0441944733045263,1,-0.169760434893371,0.403176007287376,0.407020189324978,0.599902431306355,-0.00428468030913861,1.83338702063487,-0.38087581960609,0.0498081091990187,0.349041895071159,703.0000000001,0.453701512880344,0.363855334826247,1375.0000000001,0.925057629796893,1.37875914257724,0.0170539816183328,0.456201642208283,-0.448380871795466,-0.0688697053437285,1.72950516663207,1.98218760807945,0.173742185195814,0.432239386039271,0.138548895160745,-0.238576396420959,1.25368907268161,0.643911534599612,0.570383955892683,41.0000000001,23.3857421876,0.570383955892683,41.0000000001,23.3857421876,0.72519100293165,0.531508611086019,1e-10,-1.03723706195968,-1.06014912579937,1.62153567480383,-0.571035194629926,0,-0.0440532202613966,-0.000725378769826648,-0.000403932990072571,-0.0223392283123727,-0.0781968916676732,0.0921118905246482,-0.93267543490976,-0.0798494806751223,-0.0798494806751223,1.35861936988553,0.733245622335017,-1.42791555858498,-1.47612139231227,-1.47775659240855,-1.13603259309842,-0.939930414095259,0.706001578521832,0,1375.0000000001,0.00561187010509589,0.011442111413237,0.377287926637082,4.34179452155309,4864.36176597425,0.001953125,191,1,"SNETWORK (1 137 4864.36176597425 0.377287926637082 87000387 191)",87
56,87000388,-1.10657233304086,18,0,0,-0.0539298651555209,-0.0526282971591558,-0.0497659234028937,-0.323078935951297,-0.0525335963041864,-0.465126923447795,0.00805770619893988,1.01130723256881,-0.67507447746292,0.910739308397409,1.01130723256881,1.01130723256881,0.0923088020613918,0.149376381633913,0.319883732448262,0.121417076486743,0.011181200857096,0.396949460069245,-0.3182243350896,0.145121969788322,0.0313608172450206,-1.10657233304086,2,1.05381504445603,0.0202126481893386,0.0202356045428913,-1.2952552992979,-1.1030731459463,0.30812023868468,0.00806273492038019,1.99181275553515,0.376541010580292,6442.0000000001,3.88108350331919,0.0580541534766048,8750.0000000001,0.812758147371782,4.69384165059098,0.0783168160495936,0.0196550557895933,-0.227686194476946,-0.54862501259289,0.0597218155544314,0.574412281017823,1.31004197244579,0.0611855209908351,1.40949991244875,0.102093792319794,1.03014617051942,1.12638489839655,0.322446076866304,46.0000000001,14.83251953135,0.322446076866304,46.0000000001,14.83251953135,0.350836138370022,0.161833135648839,1e-10,-0.629657434263159,-1.10439918668222,-0.758581456414955,-0.619222249648182,-0.0232557920329049,-0.14537465218179,-0.0456386537822686,-0.0156235779160857,3.8573928898018e-16,0.253814722554364,-0.777046312566494,0.580644514900545,0.273637204012868,0.273637204012868,-1.57068465153014,0.504280806475288,-0.429520754658333,-0.578717197934493,-1.04338956404298,-0.0157610205819223,-0.408950420266834,-0.0963243137931496,0,8750.0000000001,0.0647559344859509,0.0135608814636426,0.353873155319885,0.33524982672312,5838.30053317504,0.00048828125,29,1,"SNETWORK (1 56 5838.30053317504 0.353873155319885 87000388 29)",87
56,87000389,-0.642049429965454,78,0,0,-0.0539298651555209,-0.0526282971591558,-0.0497659234028937,-0.271525520128008,-0.036875059931648,-0.435651955238906,-0.00366932160953272,0.98928104350069,-0.67429888986476,0.924064857950696,0.98928104350069,0.98928104350069,-0.0507032307649077,0.184140205075877,0.356489925617597,0.228136236585612,0.0306044054236681,0.396949460069245,-0.3182243350896,0.145121969788322,0.0313608172450206,-0.642049429965454,2,-0.00103896365617635,0.232355533160257,0.233741957601517,-0.208083941131244,-0.637767928856751,0.547944627658654,-0.00366913102309354,-0.394402881300683,0.250967307012021,8810.0000000001,3.53763515832887,0.145738812001969,8640.0000000001,2.01469333583112,5.55232849405999,0.0784740896874814,0.245511342772875,2.91534934917808,0.645069200251016,0.331511838702269,0.400607560026165,-0.01070752314919,0.0489005333255294,-0.00669482012833218,0.0715687424721057,0.707580337871448,0.771673907460217,1.66578144939847,49.0000000001,81.623291015725,1.66578144939847,49.0000000001,81.623291015725,3.27411444151689,2.16474670602578,1e-10,1.4928593653742,0.795911945847372,0.615001445655547,1.72269683379762,-0.0232557920329049,-0.14537465218179,0.0694933085946525,0.0931023968990642,0.104279781821112,0.576614314589002,-0.737589838510152,0.872616944206792,0.655949371342612,0.655949371342612,-0.765640434397937,0.467803230754391,-2.30637203157829,-2.59484364725013,-2.61843676873442,-1.73450844349007,-1.42281077213382,-1.21948936888485,7899858825.73258,8810.0000000001,0.0499993288647588,0.0284747607227226,0.798895747447933,1.79402383510023,6194.27796332006,0.00048828125,66,1,"SNETWORK (1 56 6194.27796332006 0.798895747447933 87000389 66)",87
319,87000390,-0.0854078939156421,49,0.849676501735058,0.527879359151426,0.449959143780463,0.448153051499128,0.45024912066774,0.864739143419493,0.880569998772975,0.546203699569333,0.774829087164151,-0.013096640521197,0.367420872148137,-0.0449898513285956,-0.013096640521197,-0.013096640521197,0.308461122043156,-0.749297620929718,-0.557483719370045,0.393906081593807,-0.884663624989117,-0.604424467785202,0.699593179675348,-0.759818089809216,-0.694672009762475,-0.0854078939156421,8,0.445693598664685,0.718130150648383,0.729214127337941,0.0355841654218245,-0.0928943510937099,-0.299521592593294,0.774823820996291,0.385136829030872,0.501458685433765,10228.0000000001,9.92967876105592,0.0721496509876848,2503.0000000001,0.349626550460178,10.2793053114161,0.0994855200398203,0.925419998010974,0.0942772547909885,-0.0572877263273188,-0.249481205897371,-0.428526153418749,-0.555881017193438,-0.632035202082379,-0.34838535345511,-0.253572855499679,-0.287106524531855,-0.642381266651808,0.241943359475,73.0000000001,17.661865234475,0.241943359475,73.0000000001,17.661865234475,1.07136827493037,0.679671736483462,1e-10,2.82162468051512,1.72293501284247,1.57015769346232,1.68448249885399,0.924419277234147,1.10572467319903,1.34047420371065,1.35313146603219,1.37479161095121,-2.04555907846971,-0.106360950221038,0.0370680590306389,-1.54467091702608,-1.54467091702608,-0.384832047586878,-0.135992013897709,0.0988674269044407,0.113552417551622,0.499816623691926,-0.0933329589802807,-0.0539988199273371,0.685010448599441,12118515500.1403,10228.0000000001,0.0961017524483482,0.00338376749147211,0.985912071388258,2.7040966195296,17502.0796891545,1.16415321826935e-10,453,1,"SNETWORK (1 319 17502.0796891545 0.985912071388258 87000390 453)",87
137,87000391,0.244215032288619,107,-0.169336007143403,-0.45983907781187,-0.612877153222713,-0.614349237474709,-0.609405455638136,0.0155351021607988,-0.0204742812581213,-0.270309714006872,-0.383610746365056,-0.0185236995909884,0.02331891587366,0.0400242770154539,-0.0185236995909884,-0.0185236995909884,0.149552365176342,0.0954509437299275,0.0108591357551182,-0.727779926538685,0.0698978513546546,0.0677281446396492,-0.117429098893948,0.617705950750841,0.326804535448277,0.244215032288619,1,0.240986044312531,-1.28651037534655,-1.23370989662581,0,0.237950074617382,1.28293641803267,-0.383598295134004,-0.724256156759283,0.887586455524166,992.0000000001,1.62801980185636,0.361680786635144,50.0000000001,0.033437422180832,1.66145722393719,0.0781309969815034,-0.787547676369878,2.72705220771003,-0.58765371825855,1.26597749300948,1.49801632353265,0.205884035926548,1.69218140894135,0.669373324377848,0.868830598659046,-3.58727449428701,-1.82059330933438,0.533447265725,15.0000000001,8.001708984475,0.533447265725,15.0000000001,8.001708984475,0.0518672865241064,0.476435991474873,1e-10,-0.193732802924202,0.279040829274188,1.76607719272504,0.430933063205439,0,-0.0253487320197204,-0.0247221470926329,-0.0137666363416772,-0.010171333593027,0.345867957418954,-0.345014354513508,0.435272366841376,0.378599517080035,0.378599517080035,0.692641702142715,0.518304368930322,-0.874550222429082,-0.949954401355403,-0.788109346270752,-0.744282087808651,1.18742455201676,0.918449955611455,0,992.0000000001,0.0765585825678268,0.00157241431367661,0.444218512910735,1.00251844711602,4980.61762146463,0.001953125,221,1,"SNETWORK (1 137 4980.61762146463 0.444218512910735 87000391 221)",87
140,87000392,-0.340290668203698,129,0.016376969797183,0.0406255841243769,0,0,0,-0.092068544545933,-0.000324368086002147,-0.490443233727895,-0.0462192416790039,0.964915522504321,-0.728560727182209,0.973729043779414,0.964915522504321,0.964915522504321,-2.80854657067406,0.32501899369698,0.510816746212591,0.58052849489576,0.11969802025254,0.45221133369877,-0.305856068890666,-0.190739766812213,-0.0312046492625428,-0.340290668203698,2,0.466244153803458,0.799751488804181,0.813212793801623,0.116763418805593,-0.350187909174189,-0.651275766815316,-0.0462180875031957,0.454420756579215,0.642206411926528,1779.0000000001,1.82797633072149,0.116543918684504,20801.0000000001,3.87876808085876,5.70674441148025,0.0518343282084817,1.06676683792063,0.0277876558365112,-0.412077421735576,-0.626110058378641,-0.586394790943908,0.133770610315032,-0.853430357777641,0.0741121582304728,-1.61411484197045,0.0580779791068441,0.0593055923306773,0.288067395274051,79.0000000001,22.75732421885,0.288067395274051,79.0000000001,22.75732421885,0.697686595173997,0.110574507832765,1e-10,0.860830430086085,0.769195017282665,0.238580101077014,1.01681033239195,0,0,-0.0247221470926318,-0.0137666363416772,-0.010171333593027,-0.68958158426565,0.137198866696846,-0.73173886088595,-0.638792388951093,-0.638792388951093,-0.127554971831997,0.260120119531749,-0.0809242019867843,-0.175831841773414,-0.265090471152537,0.0554874023555082,0.467576685597017,-0.0341616967037746,19449478641.2988,20801.0000000001,0.0166034989594103,0.0352308291490714,0.130412685461142,1.09706142451614,6485.90045883796,0.000244140625,274,1,"SNETWORK (1 140 6485.90045883796 0.130412685461142 87000392 274)",87
318,87000393,0.219845293644704,127,0.847990630531859,0.546799996361712,0.449959143780463,0.448153051499128,0.45024912066774,0.933565180910831,0.964333422281983,0.610215893354743,0.667499501972582,-0.000219951118679722,0.39174451409152,-0.0862595506653886,-0.000219951118679722,-0.000219951118679722,0.108166351546803,-0.90421521639745,-0.751428701285889,0.00393915398602189,-0.982318627964101,-0.603050539930755,0.694143931109334,-0.735182512335809,-0.673195464551723,0.219845293644704,8,0.74497066617884,0.558165375234463,0.565166222452596,-0.561268909660515,0.213063241081349,-0.500450890948321,0.667488611089505,1.78649435917765,0.140917982118512,2300.0000000001,0.627485324400123,0.115341613612895,6897.0000000001,1.54012357962631,2.16760890392643,0.0237604022143843,0.67290219587574,0.140654459952491,-0.349726908257277,-0.519355711943984,-0.112611543554911,1.12290057633562,-0.693934337018431,0.78874629021434,-0.465394283108213,0.519130639007889,1.0807080618815,0.320570018293493,73.0000000001,23.401611328225,0.320570018293493,73.0000000001,23.401611328225,0.725885558683106,0.159035931576692,1e-10,0.657966307305755,0.316524060254152,2.06294248038487,0.121323541197175,1,0.867841683603147,0.975277852907367,0.986233363658323,0.989828666406973,-0.744071346124988,0.470027134627263,0.63919317783356,-0.683419470468657,-0.683419470468657,0.0704561871592666,0.383329947927339,0.221250925294417,0.249897563671071,0.744184647057436,-0.0535788362566339,1.93328454581555,1.68314469563468,9534159051.75363,6897.0000000001,0.00687822586441986,0.0168821762499644,0.401365900819705,4.70222660992295,17985.5654538438,5.82076609134674e-11,358,1,"SNETWORK (1 318 17985.5654538438 0.401365900819705 87000393 358)",87
318,87000394,0.595186561473197,217,0.826606769083661,0.576140491778701,0.449959143780463,0.448153051499128,0.45024912066774,0.950534634219626,0.96512956349565,0.662569172097708,0.626809759433886,-0.0499029993676539,0.3534734471939,-0.112133272538455,-0.0499029993676539,-0.0499029993676539,-0.625123776951722,-0.897458452499741,-0.751202245924481,-0.0154743501325084,-0.973328329434426,-0.603050539930755,0.694143931109334,-0.735182512335809,-0.673195464551723,0.595186561473197,8,-0.0405007411954415,-0.305933127271957,-0.303715131927322,-0.549711958874112,0.585697604075753,0.170718616202251,0.626809500226941,2.07359601820668,0.138174127943718,2908.0000000001,0.777911972926344,0.0991356322670467,1398.0000000001,0.268315816230818,1.04622778905716,0.0225505951077802,-0.262974108974609,0.181175322655932,-1.03197947935058,0.0387003748008205,-0.109870984643849,-0.553571083900564,0.196646148233962,-0.752710397250327,0.861173386676768,-0.220050770549679,-0.441300496740238,0.477820763321154,26.0000000001,12.42333984385,0.477820763321154,26.0000000001,12.42333984385,0.245391889825918,0.393496854446677,1e-10,-0.353753989369092,-0.666270951078991,0.0903443169596744,-0.560921426762536,1,0.955946779738606,0.975277852907368,0.986233363658323,0.989828666406973,-2.71686090989406,0.199635714757018,0.0493031509940304,-1.86515613095538,-1.86515613095538,-1.82656411379986,-1.71508629070259,2.11278180737073,2.22532156081266,1.96473969425763,1.86587199448759,-0.0660665386341433,0.349950714286708,0,2908.0000000001,0.0167672642956614,0.0057833307121188,0.867887965556907,0.393481869480736,18538.4391360464,5.82076609134674e-11,329,1,"SNETWORK (1 318 18538.4391360464 0.867887965556907 87000394 329)",87
319,87000395,-0.113379126022901,41,0.849676501735058,0.527879359151426,0.449959143780463,0.448153051499128,0.45024912066774,0.864137251510431,0.880027012397734,0.544698709904554,0.775768857516899,-0.0132196018588217,0.368001659442407,-0.0443921167886678,-0.0132196018588217,-0.0132196018588217,0.297681255595859,-0.745655954780328,-0.552998061158856,0.403169226278009,-0.882385045641455,-0.604424467785202,0.699593179675348,-0.759818089809216,-0.694672009762475,-0.113379126022901,8,0.554593603251096,0.542915202043326,0.549569104610395,-0.341508557581114,-0.123578860451518,-0.569419410966544,0.775772609707182,0.351805501336558,0.129956418814277,2515.0000000001,0.632768783324962,0.146290395397568,2276.0000000001,0.644610525812285,1.27737930903725,0.0141694110929035,0.650413921102061,0.140566817042523,-0.279990436156245,-0.603086562494821,-0.445591205768037,0.452199377935326,-0.733656545438514,0.320830450672789,-0.48832278540927,0.335856751627438,0.752409539518752,0.296217698417308,26.0000000001,7.70166015635,0.296217698417308,26.0000000001,7.70166015635,0.0387348400850403,0.122726613034569,1e-10,0.0883557173190817,-0.285261167666765,-0.273308952888479,-0.532692634420149,1,0.867841683603148,1.15216222552792,1.16418216806137,1.17853025420361,-2.35658977273928,0.256854483261093,0.405661184966226,-1.70187960312454,-1.70187960312454,0.768252778094155,-1.20375263458826,0.851819112542479,0.885092676673556,1.13510251060176,0.594450463957361,0.745264336215041,1.05855235291077,0,2515.0000000001,0.0070190278566931,0.00715038313621035,0.895342974533375,4.10485896325941,17451.7519552585,1.16415321826935e-10,442,1,"SNETWORK (1 319 17451.7519552585 0.895342974533375 87000395 442)",87
137,87000396,-1.0422450410629,19,-0.169336007143403,-0.45983907781187,-0.612877153222713,-0.614349237474709,-0.609405455638136,-0.0353028275499622,-0.00313806826584398,0.000512568357735651,-0.357531011437072,0.144807085765603,-0.0931791025109772,0.000567285752780728,0.144807085765603,0.144807085765603,0.586405640043518,-0.034159109052836,-0.115987717358626,-0.985842456884045,-0.0206680264436979,0.0677281446396492,-0.117429098893948,0.617705950750841,0.326804535448277,-1.0422450410629,1,0.533673579434835,-0.497622733086584,-0.491264052449027,-0.688486187858152,-1.03438573797049,1.85703469792448,-0.357404867604428,-0.366943506333241,0.0827234009408695,692.0000000001,0.10584535888129,0.238134825789842,6204.0000000001,2.73169398584518,2.83753934462647,0.0711387795091122,-0.398812059997364,0.391550560827796,0.341010966484877,1.6772897062758,1.94682745707783,0.223375592456214,1.19302582011411,0.377407862133153,0.530188296780118,-1.78474148366537,-0.974411636692581,0.209015877116129,31.0000000001,6.4794921876,0.209015877116129,31.0000000001,6.4794921876,0.581941550562147,0.630576847296845,1e-10,-0.842082070635646,-0.841218649684674,1.78159383335555,-0.487922782744726,0,-0.0440532202613966,0,0,-0.0227070388776261,0.713437204274083,0.401212421392313,-0.996435332786057,0.830516548901242,0.830516548901242,0.90066631650428,-0.305150087588207,-0.44262609916342,-0.417028790062586,-0.376755889432403,-0.373698440118685,-0.665097567737926,0.289131217419791,0,6204.0000000001,0.00265360536562961,0.0684851740434826,0.168298693981438,0.451640960961586,4501.35550256993,0.001953125,104,1,"SNETWORK (1 137 4501.35550256993 0.168298693981438 87000396 104)",87
137,87000397,0.56724500009178,152,-0.166057912338905,-0.453200003638288,-0.550040856219537,-0.551846948500872,-0.54975087933226,-0.00550380290323939,-0.0466461647144011,-0.684341303487903,-0.408762853948168,-0.129338714690991,0.0196494938061033,0.107679058362388,-0.129338714690991,-0.129338714690991,-1.46501344200038,0.151466926835509,0.0363904715043272,-0.69867911255598,0.119748178151983,0,0,0.264817487664191,0.333376028400019,0.56724500009178,1,-1.07432932460259,-1.32254904207067,-1.26624885644306,-0.36312772015894,0.560659014686638,0.790080234367727,-0.408637488870357,-0.690347464248321,0.0989795897950034,416.0000000001,0.0761335927901547,0.181978585564614,553.0000000001,0.186072743475201,0.262206336165356,0.0126943807366758,-0.800275227896812,0.679782866282609,-0.755088303245254,0.991722892051208,-0.0862398369478282,-3.320337412723,1.45405635586779,-10.2681765108858,0.600421805962965,-9.07229271619845,-4.26134686770241,0.556413923091071,14.0000000001,7.789794921975,0.556413923091071,14.0000000001,7.789794921975,0.0425922958738954,0.510679286667787,1e-10,0.70246454284961,0.687553212083459,0.358126172828814,0.859513192777071,0,0,0.070827222219176,0.0764661419218872,0.0554781739322417,-0.660590967038773,0.180298536352028,-0.528771451227313,-0.614724572188974,-0.614724572188974,0.0650405587672701,0.246713526134854,0.547626787720717,0.814703503677628,0.541266708344995,0.488719623202393,0.410871470757127,-0.445510386444502,3999412823.50913,553.0000000001,0.0036859094228965,0.00900847121377929,0.601462170578606,1.27423446782624,5253.74381025778,0.001953125,262,1,"SNETWORK (1 137 5253.74381025778 0.601462170578606 87000397 262)",87
319,87000398,-0.129014666926102,38,0.849676501735058,0.527879359151426,0.423921895297046,0.422083328008158,0.425620192291929,0.864395818910617,0.879903653181898,0.545363666766247,0.776014507284328,-0.0134138499492462,0.368286445195557,-0.0440477466017702,-0.0134138499492462,-0.0134138499492462,0.29448352962488,-0.744762586866202,-0.551867097395516,0.406256643907095,-0.881929051017958,-0.604424467785202,0.699593179675348,-0.759818089809216,-0.694672009762475,-0.129014666926102,8,0.647900284645178,-0.120894966238777,-0.120611758010813,-1.08205514611695,-0.137006211762706,-0.458514737370234,0.77601349898902,0.0776314902009246,0.392450092205628,1689.0000000001,1.2832858527574,0.149082590580746,788.0000000001,0.227437707822913,1.51072356048032,0.0281552887177013,-0.111379223096837,1.05966573865162,0.712642640261892,-0.489870394207753,-0.383438434736124,0.267588725370381,-0.390615348944457,0.329269397784465,0.191834627727338,0.599838022611363,1.34399476318869,0.408541165965385,13.0000000001,5.31103515635,0.408541165965385,13.0000000001,5.31103515635,0.0658973127035155,0.290200947459162,1e-10,0.29908450696913,-0.341536121080205,-0.224988232237662,-0.568669438469503,1,0.867841683603147,1.22175774577911,1.23268413022516,1.27579607796359,-2.38860434276424,0.247276154576616,0.395139167792338,-1.71717616292592,-1.71717616292592,0.959647495418331,-0.948806342069784,0.482852738587976,0.618989164223409,1.1533322065866,0.089187804314817,0.694556156536967,1.01184281324532,0,1689.0000000001,0.023916542051867,0.00423874656583428,0.856787732395212,0.987606206690994,17430.3274513824,1.16415321826935e-10,436,1,"SNETWORK (1 319 17430.3274513824 0.856787732395212 87000398 436)",87
137,87000399,0.524845165151054,144,-0.166057912338905,-0.453200003638288,-0.550040856219537,-0.551846948500872,-0.54975087933226,-0.0215468461952073,-0.0525547497991117,-0.681067261470861,-0.406075639124246,-0.111758786227099,0.00250520308645525,0.127649010521792,-0.111758786227099,-0.111758786227099,-1.22161495628659,0.153224072637815,0.0437603406971733,-0.69057202419578,0.12037613603029,0,0,0.264817487664191,0.333376028400019,0.524845165151054,1,-0.631180146160449,-1.07255638770827,-1.03778255614607,-0.655744968757292,0.51093440690447,-0.511706275812127,-0.406061384758929,0.311427750609705,0.675140963217649,405.0000000001,0.505576439117196,0.0824910788053597,195.0000000001,0.0297426006613773,0.535319039678574,0.0211964930691,-0.704256567211012,0.606760642026318,0.0655889578446961,-0.31053459429725,-0.62993985936288,-0.909169228649003,0.101827819680434,-2.27290159399923,-0.672257582279482,-0.504300806912847,-0.238633092492648,1.26772054046458,12.0000000001,15.212646484475,1.26772054046458,12.0000000001,15.212646484475,0.367473419985665,1.57123773377457,1e-10,0.097279854670474,0.222570849852596,-0.0104488573290861,0.0793073271122708,-1.03276561575505e-16,0,-0.0247221470926315,-0.0137666363416765,-0.0101713335930266,-0.609692130039281,0.196553238642424,-0.779277322357493,-0.571915441548448,-0.571915441548448,-0.545280949283056,0.396378904801207,0.150101644629139,0.277855893144766,0.21474762698315,0.121066228313457,0.756158875469174,0.369233177028833,0,405.0000000001,0.0200188049418288,0.00117768802727116,0.575610253639,2.58446618083761,5208.8400243027,0.001953125,238,1,"SNETWORK (1 137 5208.8400243027 0.575610253639 87000399 238)",87
137,87000400,-0.961437219837951,25,-0.169336007143403,-0.45983907781187,-0.612877153222713,-0.614349237474709,-0.609405455638136,-0.0320113816160134,-0.000667693294532663,0.000221010331866614,-0.357846237357734,0.141305008518488,-0.0903013394635227,-0.000315621522513944,0.141305008518488,0.141305008518488,0.583061156977424,-0.0333930656529482,-0.115168765848118,-0.98194728996109,-0.0204398321653004,0.0677281446396492,-0.117429098893948,0.617705950750841,0.326804535448277,-0.961437219837951,1,-1.27766255296729,-0.660713741308047,-0.64891103263989,1.00015906612726,-0.937102743771446,1.66947329049883,-0.357773093454868,-0.145576192589601,0.366903084108295,1293.0000000001,0.877176991808796,0.315885713136125,2265.0000000001,1.32292594809625,2.20010293980505,0.0627536407107644,-0.499595190852555,-0.798204217148611,1.56565570208908,1.78358413445792,1.6160685881761,-0.974568399519756,1.26827070784066,-1.76157379376584,0.59308834693656,3.37060529418768,1.84428791424018,0.467145647421429,28.0000000001,13.0800781251,0.467145647421429,28.0000000001,13.0800781251,0.274135812463092,0.377580252428967,1e-10,-0.0301268064485925,0.0630941468893353,1.78139237475981,0.353202906866784,0,-0.044053220261396,3.42243995575329e-16,-3.57648972802931e-16,-0.0227070388776265,0.830976824264326,-0.224964919601488,-0.17394490353247,0.986815138748708,0.986815138748708,0.372395421591912,0.016430418435982,-0.54975640176836,-0.636335388328305,-0.677094540824767,-0.364375073873464,-0.765241428611844,-0.0278932325846923,0,2265.0000000001,0.0250197609831406,0.0377338796276238,0.186526796280247,3.10734958026251,4533.01701555967,0.001953125,130,1,"SNETWORK (1 137 4533.01701555967 0.186526796280247 87000400 130)",87
318,87000401,0.517594452011293,195,0.826606769083661,0.576140491778701,0.449959143780463,0.448153051499128,0.45024912066774,0.945451424368274,0.963444488710832,0.590791195642464,0.637708929475708,-0.0359541045106562,0.359159848338828,-0.104038244459699,-0.0359541045106562,-0.0359541045106562,-0.307883952368083,-0.906265331770207,-0.757194566337086,-0.0259829759575522,-0.98039630087602,-0.603050539930755,0.694143931109334,-0.735182512335809,-0.673195464551723,0.517594452011293,8,-0.467896263923998,0.177756337998764,0.178603741617252,0.792590802070847,0.509154464935152,-0.260249674786768,0.637707442920891,-0.267903057546004,0.0992966525259312,4064.0000000001,0.781263668104954,0.0763507389272303,1921.0000000001,0.283955268226341,1.0652189362313,0.0157116936721509,0.183809781378819,-0.684015295195463,-0.0947760852565166,-0.350576722888105,-0.240789009828987,0.267647112058542,-0.381775603426374,0.257251532728446,0.110731685158137,0.328534244888235,0.669396030685844,0.277654474531818,66.0000000001,18.3251953126,0.277654474531818,66.0000000001,18.3251953126,0.503702516528915,0.0950488388983101,1e-10,0.11250719148061,0.394373601627478,-0.00357592749436352,0.725972989347686,1,0.955946779738605,0.975277852907368,0.986233363658323,0.989828666406972,0.350329785086278,-0.654447956686514,0.164320695112452,0.383767390337102,0.383767390337102,-0.56057163109738,-0.0979359302092234,0.599094688241908,0.60214495166806,0.303226113958744,0.679423548868773,-0.518193464508587,-0.692551333421361,0,4064.0000000001,0.0115234295358373,0.00418826403631369,0.76399786631421,0.460580055601895,18415.3193394617,5.82076609134674e-11,320,1,"SNETWORK (1 318 18415.3193394617 0.76399786631421 87000401 320)",87
137,87000402,0.632581584289999,161,-0.166057912338905,-0.453200003638288,-0.550040856219537,-0.551846948500872,-0.54975087933226,-0.0177575504425788,-0.0455183502873013,-0.67862368848161,-0.416569659349246,-0.165756826273531,-8.54446413050151e-05,0.156005689193188,-0.165756826273531,-0.165756826273531,-2.55702222853229,0.162906681695217,0.0291212804379971,-0.714996266367987,0.132819401182915,0,0,0.264817487664191,0.333376028400019,0.632581584289999,1,-1.32479485384438,-1.41330027133421,-1.34755854853075,-0.099382254162549,0.626437678807601,0.310087418305365,-0.416350868694666,-0.753534564895392,0.29852818375987,73.0000000001,0.0402944789538563,0.0865016306789897,191.0000000001,0.0305488599369407,0.0708433387907969,0.00369112407036073,-0.830802702337674,-0.916034127264708,-0.599339486777707,0.739239254565443,0.49064023944308,-1.02472693882766,1.20828604216377,-3.37212800265189,0.370365606654907,-5.27941616129084,-2.41788012274707,0.353376116171429,7.0000000001,2.4736328126,0.353376116171429,7.0000000001,2.4736328126,0.40661430794848,0.845818020676872,1e-10,-0.188539569200116,-0.285997264652961,-0.0741275097097099,-0.238575930194165,0,6.2602913664822e-16,-0.0247221470926315,-0.0137666363416769,-0.0101713335930266,0.223333764485412,-0.287343347955387,0.237257979775189,0.239569039569599,0.239569039569599,1.02549458516997,0.569210447094452,0.450299941534185,0.367424992154587,-0.264166577863405,0.769074784672037,0.755927787059763,-0.197872812907112,0,191.0000000001,0.0020994481558784,0.00159167581448233,0.630046200309605,0.119143352257549,5303.39317110684,0.001953125,240,1,"SNETWORK (1 137 5303.39317110684 0.630046200309605 87000402 240)",87
140,87000403,-0.426720071075345,112,0,0,0,0,0,-0.135786410673427,-0.0140281892880664,-0.488229755992074,-0.0307598798958064,0.978684227595453,-0.707007828970544,0.952448820391782,0.978684227595453,0.978684227595453,-1.24390424311676,0.282394112564309,0.463413803052758,0.467497771445987,0.0935729795360979,0.45221133369877,-0.305856068890666,-0.190739766812213,-0.0312046492625428,-0.426720071075345,2,-0.0667443448798186,-0.25283079767651,-0.251364401115492,-0.45851397595102,-0.42568512922877,0.505545060672143,-0.0307399665839964,0.100284709348759,0.187444598406253,4313.0000000001,1.2935176840907,0.275555938771082,4045.0000000001,1.78339803517774,3.07691571916844,0.0636068562619045,-0.221657358324733,-0.707429888003652,-0.298413495659933,0.0645872810800956,0.457404340406499,0.973340499774279,0.363351721195823,1.30345795293576,0.383571659508224,0.526963499510931,0.545907866709991,1.4182421876,25.0000000001,35.4560546876,1.4182421876,25.0000000001,35.4560546876,1.2534807929621,1.79566556903266,1e-10,-1.88804084450844,-1.84291047119246,-0.793788300294678,-0.688156152729114,-1.03276561575505e-16,0,-0.0247221470926318,-0.0137666363416769,-0.010171333593027,0.802279186071329,0.828429016115668,-0.580307798599374,0.948100903398652,0.948100903398652,-2.40513617524011,-2.0233183218038,0.0988877548091399,0.0889884718039397,0.293504107737716,0.012019405759916,0.769411088442695,-0.299066983163259,0,4313.0000000001,0.0267399567555871,0.0368668994063174,0.0349492319769443,2.41366649412991,6390.18462665334,0.000244140625,285,1,"SNETWORK (1 140 6390.18462665334 0.0349492319769443 87000403 285)",87
137,87000404,-0.220138993417454,73,-0.169336007143403,-0.45983907781187,-0.612877153222713,-0.614349237474709,-0.609405455638136,-0.0144227913061363,-0.0217645507859607,-0.178396969365607,-0.377541211563688,0.0277193031958222,-0.0159502595060403,0.0508373072337495,0.0277193031958222,0.0277193031958222,0.356507957514699,0.0600572763231206,-0.0238277565975418,-0.792550782650312,0.0444236913346397,0.0677281446396492,-0.117429098893948,0.617705950750841,0.326804535448277,-0.220138993417454,1,0.0190112876491162,-0.288995968603698,-0.287035502246291,-0.602710142265014,-0.219476470275159,0.601959600236938,-0.364810243898757,-0.0536567427083016,0.202380186480691,996.0000000001,0.372704532764053,0.0930540131183391,616.0000000001,0.105987137823346,0.478691670487399,0.0101812011829975,-0.249979135414669,-0.869746412815735,0.321815145338862,0.977433265486677,0.55355216095565,-1.54068164342686,0.444335097425429,-2.09053797271168,-0.181151986805666,-0.54643631200912,-0.200646468267864,0.102278645933333,15.0000000001,1.5341796876,0.102278645933333,15.0000000001,1.5341796876,0.365496607462291,0.471431593496596,1e-10,1.10999260249424,0.68180606148621,0.927123388629699,0.611740305368471,0,-0.0440532202613966,0,0,-0.0227070388776269,-0.795306792660111,-0.0104096608971046,-0.516882714617953,-0.724665449249119,-0.724665449249119,0.50817239801366,0.441658632733685,-0.50365938403065,-0.59376723862112,-0.239944553206577,-0.525581224871303,1.06245275122059,1.0164206025591,11503464233.9946,996.0000000001,0.00792698103254317,0.00225422005045429,0.337001521457001,0.206450047902763,4794.3858288191,0.001953125,176,1,"SNETWORK (1 137 4794.3858288191 0.337001521457001 87000404 176)",87
137,87000405,0.426470727017074,132,-0.166057912338905,-0.453200003638288,-0.550040856219537,-0.551846948500872,-0.54975087933226,-0.0275718429849691,-0.0560950791074206,-0.6300650899948,-0.40137892059162,-0.0881233883370592,-0.012579399039305,0.133882446389674,-0.0881233883370592,-0.0881233883370592,-0.884180152811009,0.152283528335861,0.0499510578411375,-0.684210105948294,0.118648957007064,0,0,0.264817487664191,0.333376028400019,0.426470727017074,1,-0.330983215556346,-0.750881756840073,-0.735237517295807,-0.67415975626091,0.417370857759088,-0.357942988204996,-0.401364864230666,0.343865962429812,0.0896703488991083,1758.0000000001,0.291477525878102,0.0648743917842599,497.0000000001,0.0596165764500517,0.351094102228153,0.0107567791357318,-0.55011259879437,2.03724908152307,2.25957916737096,-0.208119263846677,-0.244716393961613,-0.156559168076815,0.0646980293029987,-0.282326741040763,-0.701335127144342,-1.49267153656228,-0.71834022050423,0.0557411596394737,19.0000000001,1.05908203135,0.0557411596394737,19.0000000001,1.05908203135,0.251995512201298,0.235824001348612,1e-10,0.338205231728781,0.290220896975872,-0.10421349465656,0.32786238864437,1.03276561575505e-16,0,-0.0247221470926312,-0.0137666363416772,-0.010171333593027,0.024562681976793,-0.622260837932448,0.985634747143755,0.0255041038286826,0.0255041038286826,-0.735407649358559,0.236763528278106,1.20299753517722,1.11712392901119,0.435048100540737,1.42387961302438,-0.734387297015437,-0.342302340894095,0,1758.0000000001,0.00893025351229748,0.00182652552343436,0.537690334200215,1.73901582985964,5142.97458191052,0.001953125,226,1,"SNETWORK (1 137 5142.97458191052 0.537690334200215 87000405 226)",87
137,87000406,-1.1406785199,12,-0.169336007143403,-0.45983907781187,-0.612877153222713,-0.614349237474709,-0.609405455638136,-0.0403291457739859,-0.00518419091603054,-0.00608579730275545,-0.357170331284228,0.147932937423905,-0.0957106202503769,-9.82264034762739e-05,0.147932937423905,0.147932937423905,0.591583611522662,-0.0352266827959488,-0.116948201382531,-0.989811577095653,-0.0211726952624318,0.0677281446396492,-0.117429098893948,0.617705950750841,0.326804535448277,-1.1406785199,1,-0.468941989671885,0.223329894244302,0.224618630960262,0.873074323762883,-1.13890451959063,0.204186456135552,-0.357152163589421,-0.211426688800812,0.33688297471008,12393.0000000001,7.71956551542731,0.161289206789648,570.0000000001,0.169987703329293,7.88955321865661,0.11229654822136,0.23513172636183,0.163667944265601,2.117369061464,0.17970527349253,0.0700924409067252,-0.436062602260451,-0.122412964648178,-0.395234012099077,-0.807587656532217,-0.851088777157927,-0.465716914039071,0.511090959921429,63.0000000001,32.19873046885,0.511090959921429,63.0000000001,32.19873046885,1.70761339968327,1.08097091492495,1e-10,-0.300142253979047,-0.533945885015418,-0.489978466814046,-0.394824828258284,-1.03276561575505e-16,-0.044053220261396,0,0,-0.0227070388776265,0.246638887739012,-0.716341190629538,-0.245586031094032,0.265586425192023,0.265586425192023,0.0921021600137386,0.169583772810878,0.171575445100032,0.00613702055271616,-0.669943181403813,0.601571549607566,-1.23901353555326,-0.591190153469575,0,12393.0000000001,0.109877015383964,0.00241953273739628,0.146195920457772,0.339084078520277,4462.96383460817,0.001953125,135,1,"SNETWORK (1 137 4462.96383460817 0.146195920457772 87000406 135)",87
328,87000407,0.891874729410727,283,0.833942087661095,0.661934694919581,0.679648502105189,0.676245639047415,0.674971766192546,0.856272249163426,1.02629045828934,0.237266858940266,0.0871349426210059,-0.0590900529825484,0.266137353185316,-0.28013436782609,-0.0590900529825484,-0.0590900529825484,-4.84418215629182,-0.105541279589302,0.0116330473653205,1.09749868280034,-0.359722711054505,-0.560339494672534,0.667148486569063,-0.788859635579387,-0.682989322922567,0.891874729410727,8,0.384494213107474,-0.820875450196554,-0.801813114079126,-1.36186935222691,0.875279705777183,-0.432211227538867,0.0872258776787856,0.27501877233257,0.153027034347845,917.0000000001,0.271673212877544,0.0618844496879279,18.0000000001,0.00215656910599243,0.273829781883537,0.00886946755550264,-0.586977854938235,0.0823237230108414,0.259944019182095,-0.497999168161582,-0.534758094174543,-0.107004087492747,0.0306110665350888,-0.194518551204865,0.166749206847221,-0.319181230590192,-0.385998764547981,1.00159801146364,22.0000000001,22.0351562501,1.00159801146364,22.0000000001,22.0351562501,0.666078965746204,1.17444893805166,1e-10,0.16994782530995,0,-0.186778693304648,-0.00472510105753788,1,0.955946779738605,1.27717508738715,1.28529677079185,1.31366454417867,0.183772754347735,0.742054661784304,0.0506624035107377,0.195853212865246,0.195853212865246,0.291453915997819,-1.57045681132046,-0.277732861879581,-0.234903045465123,0.340991745981333,-0.518468250098005,2.16509336720111,1.44337858893371,0,917.0000000001,0.00879961523384285,6.985222165979e-05,0.343514947251191,1.3674485469237,18952.4082626091,2.91038304567337e-11,495,1,"SNETWORK (1 328 18952.4082626091 0.343514947251191 87000407 495)",87
56,87000408,-1.21586415798111,6,0,0,-0.0539298651555209,-0.0526282971591558,-0.0497659234028937,-0.323626176127528,-0.0528819371286076,-0.460175483237591,0.00824936880973252,1.01119726241936,-0.67491659729437,0.91043045650596,1.01119726241936,1.01119726241936,0.0954261847932855,0.148593685812209,0.318966867782488,0.119052378134979,0.0107416930229706,0.396949460069245,-0.3182243350896,0.145121969788322,0.0313608172450206,-1.21586415798111,2,0.826335395533979,0.566991850872126,0.574196988828042,-0.645740667039651,-1.1998872420036,0.570024031589553,0.00825406796031431,1.43116415081934,0.456345617319849,4176.0000000001,3.04911887611357,0.0853590409506248,1065.0000000001,0.145451805709342,3.19457068172291,0.0347776083666176,0.686039163166761,1.54146005247972,2.08558225274907,-0.0147451646432368,0.682377686693034,1.6115560753044,-0.145338188215688,1.12468716974039,-0.156691452518606,0.575920291275433,0.629850295083268,0.659894024984259,81.0000000001,53.451416015725,0.659894024984259,81.0000000001,53.451416015725,2.04109632963999,0.664968159412328,1e-10,-1.21451564365385,-1.40153075942584,-0.860902796878296,-0.720981820862892,-0.0232557920329049,-0.14537465218179,-0.0456386537822686,-0.0156235779160857,0,-3.72579185629351,0,-0.146901831216586,-2.23251614420929,-2.23251614420929,1.05719461684556,-0.955106785447756,0.145175750947397,-0.118485022914155,-0.862890493795015,0.664586623383012,-0.254411206009847,0.266298566800061,0,4176.0000000001,0.0331941510758742,0.00158345719074342,0.27510615926735,4.2017132441946,5775.29413005976,0.00048828125,5,1,"SNETWORK (1 56 5775.29413005976 0.27510615926735 87000408 5)",87
318,87000409,0.599841402122715,219,0.826606769083661,0.576140491778701,0.449959143780463,0.448153051499128,0.45024912066774,0.949841940293554,0.964248374281587,0.657087928186716,0.625701135633788,-0.051072342146439,0.349941747400328,-0.112948659413518,-0.051072342146439,-0.051072342146439,-0.668261522686655,-0.893858634667672,-0.747824651338777,-0.0144461516195906,-0.97001625688712,-0.603050539930755,0.694143931109334,-0.735182512335809,-0.673195464551723,0.599841402122715,8,-0.173430306097736,-0.192141095486705,-0.191337134280479,-0.244346524275857,0.592517529929234,-0.0761602841939367,0.626751903402742,1.75078542701691,0.181067449164648,6692.0000000001,2.34587915942692,0.0605791149078611,917.0000000001,0.107547812340915,2.45342697166783,0.0483553375725988,-0.172320148332224,-0.196723252103106,0.290287872583927,-0.284206040220256,0.0787942567826929,0.938266385080132,-0.0489645501049012,1.19760943780613,0.571224760512572,1.13072600020163,2.28426941070621,0.311497465193085,47.0000000001,14.640380859475,0.311497465193085,47.0000000001,14.640380859475,0.342426671040856,0.145508751324958,1e-10,-0.551840794783176,-0.895388992785772,0.454550532474913,-0.666098201320079,1,0.955946779738605,0.975277852907369,0.986233363658323,0.989828666406973,-3.14152336127208,0.174839000716437,0.00702950974113844,-2.03457510607091,-2.03457510607091,0.968143969520786,-1.96958792117272,1.20065354160746,1.23971390505568,0.910351040037981,1.17808269470636,-0.177141598881353,0.429762926585514,1.44637529809694,6692.0000000001,0.0462356449707976,0.0021196925018012,0.877374652533333,2.46604652230202,18549.6817759063,5.82076609134674e-11,418,1,"SNETWORK (1 318 18549.6817759063 0.877374652533333 87000409 418)",87
56,87000410,-0.936703726976692,41,0,0,-0.0539298651555209,-0.0526282971591558,-0.0497659234028937,-0.316036314965505,-0.0483181045661856,-0.463417185005128,0.0057180439517811,1.00767682094825,-0.668456812443538,0.910692473116143,1.00767682094825,1.00767682094825,0.0448795549717958,0.155455329891658,0.326738501985961,0.141357221748692,0.0144140367173814,0.396949460069245,-0.3182243350896,0.145121969788322,0.0313608172450206,-0.936703726976692,2,-0.0931875572405664,0.658723419093801,0.668198983772961,0.882454215586217,-0.940795671210674,0.0150758885797635,0.00582909397734131,-0.101815209659649,0.777692522393623,13541.0000000001,16.8491751110905,0.0561849286798388,9955.0000000001,0.894913542518918,17.7440886535094,0.179855832260325,0.827990600798303,-0.187633570666194,-0.329812657264507,0.161554306657943,-0.0892362133094741,-0.862600208368772,-0.446648630113056,-0.563649210175527,-0.61073206924933,-0.142129559919989,-0.15463374058526,0.328084867394521,73.0000000001,23.9501953126,0.328084867394521,73.0000000001,23.9501953126,0.749895816737282,0.170240574550852,1e-10,-0.153197309263955,-0.226162075571689,-0.351981484987171,-0.194985750967299,-0.0232557920329048,-0.145374652181789,-0.0456386537822686,-0.0156235779160857,7.7147857796036e-16,0.472602016318101,0.725897277833565,-0.501350792159765,0.528348677161101,0.528348677161101,0.309385781740606,-1.04765576415235,0.778425675089989,0.853140949402107,0.174331365051301,0.9862771675518,0.254195662350627,-0.124996439449191,0,13541.0000000001,0.170784900255779,0.00907093190454569,0.53237044092945,3.29942064459598,5981.08205964835,0.00048828125,88,1,"SNETWORK (1 56 5981.08205964835 0.53237044092945 87000410 88)",87
318,87000411,0.527664983718018,197,0.826606769083661,0.576140491778701,0.449959143780463,0.448153051499128,0.45024912066774,0.946383599652088,0.963444488710832,0.60472341803344,0.637569284885139,-0.0362533863805655,0.359466821442475,-0.10412011151815,-0.0362533863805655,-0.0362533863805655,-0.311018819857833,-0.906493126013557,-0.75750986507122,-0.0261721249071853,-0.980588552378374,-0.603050539930755,0.694143931109334,-0.735182512335809,-0.673195464551723,0.527664983718018,8,-0.569148799027919,-0.045378684765933,-0.0453580956174483,0.615104264767347,0.515443997494996,-0.141251784656526,0.637582895942066,-0.672120841628611,0.147051572300139,1193.0000000001,0.339640473367447,0.087599434795401,728.0000000001,0.12346447237494,0.463104945642387,0.00813446504977217,-0.043027596554546,1.67158094676695,0.47026637914289,0.228573807507539,-0.343353748804038,-1.63789698164595,-0.182146926014448,-1.83893124977307,0.404771122479235,-1.37248923152957,-2.78984937318752,0.296740962109804,51.0000000001,15.1337890626,0.296740962109804,51.0000000001,15.1337890626,0.364022012174585,0.123506799406503,1e-10,0.558641152007872,0.641286247338993,0.24698325420307,1.06132052790342,1,0.955946779738605,0.975277852907368,0.986233363658322,0.989828666406973,-0.214884456774954,-0.267915214496017,0.16424970917149,-0.214636899160353,-0.214636899160353,0.100263959153402,-0.313319848406076,0.306886464400636,0.363797796521103,0.466514569059532,0.203283808928485,-0.0117690071326791,-0.13299815996086,0,1193.0000000001,0.00596580440764308,0.00216866054212909,0.77339192923936,0.261860889142518,18426.4522108795,5.82076609134674e-11,390,1,"SNETWORK (1 318 18426.4522108795 0.77339192923936 87000411 390)",87
318,87000412,0.599841402122715,219,0.826606769083661,0.576140491778701,0.449959143780463,0.448153051499128,0.45024912066774,0.949841940293554,0.964248374281587,0.657087928186716,0.625701135633788,-0.051072342146439,0.349941747400328,-0.112948659413518,-0.051072342146439,-0.051072342146439,-0.668261522686655,-0.893858634667672,-0.747824651338777,-0.0144461516195906,-0.97001625688712,-0.603050539930755,0.694143931109334,-0.735182512335809,-0.673195464551723,0.599841402122715,8,-0.173430306097736,-0.192141095486705,-0.191337134280479,-0.244346524275857,0.592517529929234,-0.0761602841939367,0.626751903402742,1.75078542701691,0.181067449164648,6692.0000000001,2.34587915942692,0.0605791149078611,917.0000000001,0.107547812340915,2.45342697166783,0.0483553375725988,-0.172320148332224,-0.196723252103106,0.290287872583927,-0.284206040220256,0.0787942567826929,0.938266385080132,-0.0489645501049012,1.19760943780613,0.571224760512572,1.13072600020163,2.28426941070621,0.311497465193085,47.0000000001,14.640380859475,0.311497465193085,47.0000000001,14.640380859475,0.342426671040856,0.145508751324958,1e-10,-0.551840794783176,-0.895388992785772,0.454550532474913,-0.666098201320079,1,0.955946779738605,0.975277852907369,0.986233363658323,0.989828666406973,-3.14152336127208,0.174839000716437,0.00702950974113844,-2.03457510607091,-2.03457510607091,0.968143969520786,-1.96958792117272,1.20065354160746,1.23971390505568,0.910351040037981,1.17808269470636,-0.177141598881353,0.429762926585514,1.44637529809694,6692.0000000001,0.0462356449707976,0.0021196925018012,0.877374652533333,2.46604652230202,18549.6817759063,5.82076609134674e-11,418,1,"SNETWORK (1 318 18549.6817759063 0.877374652533333 87000412 418)",87
328,87000413,0.731121529294717,249,0.833942087661095,0.661934694919581,0.584902015722838,0.581791403280787,0.581496445193316,0.835489154751499,0.996860536012008,0.489237561700384,0.101861129280041,-0.0397296764531329,0.223435886254784,-0.250865657366676,-0.0397296764531329,-0.0397296764531329,0.689665337218525,-0.125812685280627,0.000292814797508781,1.00004263088372,-0.366465112849538,-0.560339494672534,0.667148486569063,-0.788859635579387,-0.682989322922567,0.731121529294717,8,0.457831269915735,0.621244256367147,0.629760199324454,-0.11128408163794,0.722245703883639,-0.645429796369969,0.101922257086625,2.27196704384478,0.317112879768112,2861.0000000001,1.75647131149718,0.0812391635873425,2917.0000000001,0.45878709533377,2.21525840673095,0.0231187816369508,0.768778272348147,-0.420987430854665,-0.610768452153293,-0.65680268619093,-0.498393160011376,0.481370528106048,-0.805654041959309,0.320422494744505,-1.27135620238967,0.111932322614864,0.138081022547248,0.0947677429463855,83.0000000001,7.86572265635,0.0947677429463855,83.0000000001,7.86572265635,0.0459154780077844,0.177635350242436,1e-10,-1.70463096028602,-1.64257613384764,-0.229548713719396,-0.658090533449163,1,0.955946779738605,1.27717508738715,1.28529677079185,1.31366454417867,0.813788484599037,0.45021857624879,-1.28521178052229,0.963583982168125,0.963583982168125,0.860125763979395,-1.65851048343897,0.629965630894407,0.39907334835922,-0.187316340589799,0.971344460572406,0.421697856364474,0.490663100306728,0,2917.0000000001,0.0183308080008013,0.00478797353614953,0.0839973286110173,7.01512843787795,18757.9457711009,2.91038304567337e-11,464,1,"SNETWORK (1 328 18757.9457711009 0.0839973286110173 87000413 464)",87
137,87000414,-0.623062040405746,44,-0.169336007143403,-0.45983907781187,-0.612877153222713,-0.614349237474709,-0.609405455638136,-0.00468345691385027,0.0074365097152385,0.0209083915124977,-0.359826204020255,0.117606577999148,-0.0655050375080859,-0.0107578180082197,0.117606577999148,0.117606577999148,0.558055376206681,-0.0227748023726224,-0.104138030260523,-0.94776130081456,-0.0147168468452261,0.0677281446396492,-0.117429098893948,0.617705950750841,0.326804535448277,-0.623062040405746,1,-0.666258740179601,-0.39421304213652,-0.390374345438508,0.246435402378244,-0.609586038598292,1.93854800427411,-0.359816221825554,-0.261344069600426,0.260736125453149,227.0000000001,0.109437058043782,0.58942903102725,323.0000000001,0.352023283221352,0.461460341165134,0.0106626321907857,-0.32802814884102,-0.649490686746953,0.436094271480699,1.74111996704215,1.98378670250793,0.141499716680418,1.12999792439574,0.225130672699785,0.469566906670917,3.93083190961406,2.14463776634597,0.0635986329125,12.0000000001,0.76318359385,0.0635986329125,12.0000000001,0.76318359385,0.264946305597676,0.224108505598841,1e-10,0.925155050600394,0.40106374855583,0.330919793980477,0.904545906248097,0,-0.0224862190769869,-0.0121031440465616,-0.00673973290556879,-0.0165700185535033,0.684495096410237,-0.896673619842743,0.661646110361485,0.792939395224514,0.792939395224514,-0.749186826228635,0.471855632227554,-1.29205869531626,-1.42626838866231,-1.35785263680919,-1.01462964280004,-0.208761086122357,-0.332706848424672,5491350011.5652,323.0000000001,0.00252868336043605,0.0081339487303497,0.246602198414051,1.1508054966249,4637.36567971806,0.001953125,100,1,"SNETWORK (1 137 4637.36567971806 0.246602198414051 87000414 100)",87
328,87000415,0.845257834478148,274,0.833942087661095,0.661934694919581,0.679648502105189,0.676245639047415,0.674971766192546,0.854601730910328,1.0223366903197,0.195532527994998,0.0900279322000078,-0.0505130605897111,0.256562660772691,-0.277878310626932,-0.0505130605897111,-0.0505130605897111,-3.11801454380973,-0.100263344677671,0.0205871615979989,1.07081270307703,-0.351199151728775,-0.560339494672534,0.667148486569063,-0.788859635579387,-0.682989322922567,0.845257834478148,8,0.0594237183420713,-0.731285436538289,-0.716528902865306,-1.05109823855531,0.831218006939101,-0.433139702047834,0.090135419815211,1.69993495049653,0.186409319793813,4628.0000000001,1.6702069763377,0.107063690045251,1270.0000000001,0.26324204135098,1.93344901758868,0.0583223564704523,-0.539430095559328,0.219533138449752,0.174747205652199,-0.414346450441293,-0.375165063877763,0.0800830422449984,-0.0277573288502355,0.179963808078242,0.0989185781130201,0.536458519828147,0.652671527674158,0.583876666000735,34.0000000001,19.851806640725,0.583876666000735,34.0000000001,19.851806640725,0.570518779818972,0.551626247179856,1e-10,0.625831000978058,0.738928703312648,0.18363629610182,1.30751303890675,1,0.955946779738605,1.47611158386423,1.48686032701781,1.51880884259036,-0.163383935544654,-0.596308405789802,0.00551771937494728,-0.164554987952292,-0.164554987952292,-0.583195359704629,-0.407263068911235,0.242781584108641,0.240550674147317,0.0657170523437973,0.321725973564698,0.101544353849141,0.36300106019935,6636398344.04744,4628.0000000001,0.0503816783372313,0.00794067803322096,0.271891713890552,0.985116283203968,18898.7393345334,2.91038304567337e-11,486,1,"SNETWORK (1 328 18898.7393345334 0.271891713890552 87000415 486)",87
318,87000416,0.17097792420343,113,0.847990630531859,0.546799996361712,0.449959143780463,0.448153051499128,0.45024912066774,0.929824992528728,0.963450112436633,0.607348309886114,0.670331940606907,0.00306333160913935,0.393966945381462,-0.0820307072480528,0.00306333160913935,0.00306333160913935,0.15325260160039,-0.897188853230601,-0.743747456482286,0.0152153726890147,-0.977058151668859,-0.603050539930755,0.694143931109334,-0.735182512335809,-0.673195464551723,0.17097792420343,8,0.304871898334753,0.471511259915034,0.476644534576698,-0.0837140240005382,0.161382788883069,-0.179737670937759,0.671905844453131,-0.0713243453786164,0.323254339395814,10387.0000000001,6.50045590524688,0.0757422883130688,2412.0000000001,0.353691844933104,6.85414775007998,0.0803803832481015,0.548564551163363,-0.424428952864076,-0.676535136193909,-0.391094672524787,-0.414182060717831,-0.0977812416181915,-0.466764084021478,-0.0738699166347748,-0.00642989922673793,-0.115641721423847,-0.23842056386425,0.0289881090154412,68.0000000001,1.97119140635,0.0289881090154412,68.0000000001,1.97119140635,0.384623604310076,0.362155374039684,1e-10,0.288719705280074,0.186316069116711,-0.174762361163791,0.0270491198938295,1,0.867841683603147,0.975277852907368,0.986233363658323,0.989828666406973,-0.554437785124779,0.418135591101591,0.896171928333356,-0.524633212340504,-0.524633212340504,-0.508045057422916,0.37757981714919,0.0711936243509932,0.0279892700833419,0.50427272485196,-0.132805321250926,1.37307989413405,1.49298667655538,0,10387.0000000001,0.0762325463869044,0.00414783676119716,0.333828413292257,0.332041097222827,17905.5270114241,5.82076609134674e-11,394,1,"SNETWORK (1 318 17905.5270114241 0.333828413292257 87000416 394)",87
56,87000417,-0.675153366350083,74,0,0,-0.0539298651555209,-0.0526282971591558,-0.0497659234028937,-0.284553175957589,-0.0399558978683118,-0.450226885851491,-0.0025163922401585,0.993794285181831,-0.67781368812072,0.926896677436729,0.993794285181831,0.993794285181831,-0.0336724310583606,0.177817938838856,0.349431633853455,0.209275059182677,0.026997758562835,0.396949460069245,-0.3182243350896,0.145121969788322,0.0313608172450206,-0.675153366350083,2,0.255048997756053,0.172883697116375,0.173689114081119,-0.383816919463061,-0.658920648323016,0.662982536935078,-0.00233521482959052,0.923469500935364,0.67200735692236,6391.0000000001,6.87167842801693,0.241817163035338,8009.0000000001,3.09874185281598,9.97042028073291,0.147622343171538,0.178428412664473,-0.198434933957172,-0.203754742001481,0.629041026049801,0.724927600409205,-0.00473258520806978,0.143187267243842,-0.000560516590380826,0.183297686572369,0.290360488011138,0.314315851153687,1.97187898606939,49.0000000001,96.6220703126,1.97187898606939,49.0000000001,96.6220703126,3.93057648137371,2.62113825395433,1e-10,0.274194116702946,0.329205288848997,-0.0151585766859582,0.290183394186908,-0.023255792032905,-0.14537465218179,-0.0247221470926315,-0.0137666363416776,-0.0101713335930266,-0.34278527825603,0.416131490555438,-0.522272609323237,-0.335443369224446,-0.335443369224446,0.433257756862918,-0.302854819282508,-0.521453787705354,-0.450912353313432,-0.493706509088808,-0.419952666132262,-0.0361479289572812,-0.461844254265742,0,8009.0000000001,0.101742277838948,0.0458800652325895,0.77375033214828,4.94202121463871,6174.163927591,0.00048828125,18,1,"SNETWORK (1 56 6174.163927591 0.77375033214828 87000417 18)",87
318,87000418,0.60180184810582,220,0.826606769083661,0.576140491778701,0.449959143780463,0.448153051499128,0.45024912066774,0.949788620592153,0.964399265132492,0.657087928186716,0.625672090871707,-0.0510485801336687,0.349909670917845,-0.112962945201805,-0.0510485801336687,-0.0510485801336687,-0.666093623153059,-0.894090089621412,-0.748087480568103,-0.0146833850694018,-0.97020637876813,-0.603050539930755,0.694143931109334,-0.735182512335809,-0.673195464551723,0.60180184810582,8,0.0023301760518972,-0.12072578167649,-0.120443489344286,-0.498184801569484,0.596189779703714,-0.2742520095665,0.625694484784101,0.478085435935112,0.147093812489487,5408.0000000001,1.54006981448657,0.0977365333065892,2819.0000000001,0.533410214252406,2.07348002863897,0.0386382256146287,-0.111230491939445,0.755226840709368,-0.183005726998202,-0.168282569354725,-0.0655885474575605,0.194808444767609,-0.239068407622128,0.24217205777119,0.316832368050247,0.744064880120237,1.50377657136746,0.177291515361628,43.0000000001,7.62353515635,0.177291515361628,43.0000000001,7.62353515635,0.0353154886932575,0.054592373016561,1e-10,-0.128904691465682,0.267572426225455,-0.255444573728866,0.345326669893669,1,0.955946779738606,0.975277852907369,0.986233363658323,0.989828666406974,0.121549491053031,-0.798893416811911,0.428650107693057,0.128223862668588,0.128223862668588,-0.2740347249966,0.215655194111524,0.285233590314177,0.186477639385923,-0.280060256607767,0.555309947685856,-0.830959927188837,-0.633305681923903,0,5408.0000000001,0.0286984026744978,0.00993982284013095,0.883136568481427,3.41983901475208,18556.5102025287,5.82076609134674e-11,373,1,"SNETWORK (1 318 18556.5102025287 0.883136568481427 87000418 373)",87
319,87000419,-0.140146189061886,36,0.849676501735058,0.527879359151426,0.423921895297046,0.422083328008158,0.425620192291929,0.864447519069306,0.879903653181898,0.544106256944287,0.776048967171542,-0.0134606622902036,0.368281764740246,-0.0440337285211192,-0.0134606622902036,-0.0134606622902036,0.293885336319364,-0.744547063695182,-0.551596489872112,0.406941125227755,-0.881811185808698,-0.604424467785202,0.699593179675348,-0.759818089809216,-0.694672009762475,-0.140146189061886,8,0.482390579098677,-0.0940015089746188,-0.0938452250051455,-0.910213369010386,-0.150527666585001,-0.29357194112137,0.776074541777061,-0.247026798012593,0.116328925668594,884.0000000001,0.199089934498409,0.141503832081558,452.0000000001,0.123827172893891,0.3229171072923,0.00589252442683478,-0.0874919444949252,0.14989249784683,-0.588478401731756,-0.387540181189245,-0.353204389584387,0.0629314743986857,-0.268509941600464,0.0823459220731612,0.378571484041929,-0.216694401890297,-0.485024451314052,0.36436767588125,20.0000000001,7.287353515725,0.36436767588125,20.0000000001,7.287353515725,0.0206015922354918,0.224338256317747,1e-10,-2.53242783264156,-1.55217560506873,1.93270222888963,-0.720850389965091,1,0.867841683603147,1.32904696563017,1.34213135648708,1.36723184200025,-5.35405067642743,-0.0980996271428019,-0.00498746719325187,-2.62129127046268,-2.62129127046268,1.5463826235778,-1.59603370726138,1.16224593753671,1.42728731476971,1.94336978315265,0.599091990326966,0.281646693444079,0.456850691526309,0,884.0000000001,0.00363295178713449,0.00225957253970029,0.827533739647001,1.98840631489775,17414.0714963872,1.16415321826935e-10,433,1,"SNETWORK (1 319 17414.0714963872 0.827533739647001 87000419 433)",87
137,87000420,-0.891085110522896,29,-0.169336007143403,-0.45983907781187,-0.612877153222713,-0.614349237474709,-0.609405455638136,-0.0262404589616651,0.00121990860040482,0.000293529694168976,-0.358119619129635,0.13796825072413,-0.0870875829514111,-0.00178853939414235,0.13796825072413,0.13796825072413,0.58080341647324,-0.0320201900576011,-0.113688663062367,-0.976875231654767,-0.0197867511901468,0.0677281446396492,-0.117429098893948,0.617705950750841,0.326804535448277,-0.891085110522896,1,-0.857394895515348,-0.335559459517725,-0.332850173055788,0.690923570332347,-0.876807494088777,1.67063128851995,-0.358113587501062,-0.132414647638719,0.120893578657821,178.0000000001,0.0397887761654876,0.375114040312367,401.0000000001,0.278128207632702,0.317916983698189,0.00701414605136152,-0.28530103220883,-1.82239551806128,-0.472435790067442,1.41702672221727,1.9267540462849,1.02498663929212,0.976274637175368,1.46536973460023,0.339648683327702,1.64506733324113,0.899718031796097,0.778076171975,17.0000000001,13.227294921975,0.778076171975,17.0000000001,13.227294921975,0.280579152741983,0.841177787197119,1e-10,-0.261208616918177,-0.42628552193555,-0.236239789051074,-0.261419261358354,-1.03276561575505e-16,-0.0440532202613966,0,0,-0.0227070388776261,0.822102514227976,0.130951965321111,-0.982252870778581,0.97480470596466,0.97480470596466,0.518951806476465,0.440937747037009,-0.733620597409,-0.687715839869364,-0.86889144181893,-0.513607782783814,-0.100609738997742,0.204755901967197,0,401.0000000001,0.000877852700383258,0.00613629325097827,0.198937173174452,1.44988013575556,4554.57336315978,0.001953125,98,1,"SNETWORK (1 137 4554.57336315978 0.198937173174452 87000420 98)",87
318,87000421,0.581801495078692,214,0.826606769083661,0.576140491778701,0.449959143780463,0.448153051499128,0.45024912066774,0.956235188455406,0.968573879302149,0.706830256320061,0.632528952048575,-0.0441910426365603,0.370877184100535,-0.109057885150906,-0.0441910426365603,-0.0441910426365603,-0.386633062638201,-0.922137878180375,-0.777168945578014,-0.0439431685433024,-0.993257947474517,-0.603050539930755,0.694143931109334,-0.735182512335809,-0.673195464551723,0.581801495078692,8,0.0484240059512284,-0.308402388387777,-0.306145438266827,-0.656893932378362,0.571959495002902,-0.17869534090338,0.63252569786511,0.415111743920409,0.127931205651453,6433.0000000001,1.59330663787933,0.122352586929144,575.0000000001,0.136204144393236,1.72951078217257,0.0373507290845043,-0.264854517008939,-0.299756217040181,-0.276337187824602,-0.0526390350042973,-0.0113567029007679,0.00363446313419523,-0.055049501276913,0.0182462804990327,0.567765305221744,-0.583961928584935,-1.15915849035464,0.145305524653571,35.0000000001,5.085693359475,0.145305524653571,35.0000000001,5.085693359475,0.0757600043741892,0.102283497780406,1e-10,1.69454380224972,1.08661919136459,0.734678800063364,1.72597298934769,1,0.955946779738605,0.975277852907368,0.986233363658323,0.989828666406972,-0.719488145789703,0.508668885607031,0.0216405038948324,-0.663383798954695,-0.663383798954695,-0.00849319433354265,0.279890335475169,-1.08866367374485,-1.13418758493209,-0.228741652666087,-1.31765016827502,1.64352351908378,1.16417533978606,18201210638.5072,6433.0000000001,0.0344092474205868,0.00294148156391749,0.854182213309056,1.32203872358749,18522.1964965543,5.82076609134674e-11,366,1,"SNETWORK (1 318 18522.1964965543 0.854182213309056 87000421 366)",87
56,87000422,-0.569340680722648,86,0,0,0,0,0,-0.228121934333465,-0.0261283880782911,-0.371263987431371,-0.00785275191736453,0.974394150351198,-0.662914786478856,0.913198900006028,0.974394150351198,0.974394150351198,-0.169044422273953,0.209779203736704,0.385400508742821,0.298244996180553,0.0460425188628297,0.442037567785408,-0.329724348592432,0,0,-0.569340680722648,2,0.0563124274611013,0.371177213224001,0.374475918228352,0.160966598359913,-0.565128578163015,0.370681625514183,-0.00782053289041211,-0.289310520626834,0.140739988630978,2795.0000000001,0.629389228810002,0.277558533291827,8952.0000000001,3.97552638270983,4.60491561141983,0.0583982905714141,0.414595151592465,7.29131251899573,-0.1082742790884,0.648805396374163,0.72266024815063,-0.180191370472348,-0.122739403581764,-0.10399306256067,-0.148664010114538,0,0,1.48180090872772,46.0000000001,68.162841796975,1.48180090872772,46.0000000001,68.162841796975,2.6849815676589,1.89043164730733,1e-10,-0.161657958557117,0.237104702310841,1.92290371888139,0.162288308099669,-0.0232557920329049,-0.14537465218179,-0.0247221470926318,-0.013766636341678,-0.0101713335930273,-0.334993126073379,0.378601385165989,-0.498670758487981,-0.328226402387147,-0.328226402387147,0.659668901476215,-0.074989352486663,-1.00661084385619,-1.04925861190383,-0.702553183004325,-0.965471750037974,0.0549741022424238,-0.0607921895706089,0,8952.0000000001,0.00798174344551157,0.0504165470259026,0.863112539438587,3.5874420763064,6245.64553204433,0.00048828125,57,1,"SNETWORK (1 56 6245.64553204433 0.863112539438587 87000422 57)",87
137,87000423,0.472952086553323,138,-0.166057912338905,-0.453200003638288,-0.550040856219537,-0.551846948500872,-0.54975087933226,-0.0260703303442002,-0.057462338667546,-0.677417441128497,-0.404633903081075,-0.101185131349964,-0.010340173716403,0.141167453650979,-0.101185131349964,-0.101185131349964,-1.1009788555077,0.157020589717794,0.0496519677462648,-0.684901241792223,0.123274620232317,0,0,0.264817487664191,0.333376028400019,0.472952086553323,1,-0.32757133359225,-0.643646018063977,-0.632501795878729,-0.565666831473615,0.460338470585655,-0.295891232547851,-0.404629012455682,0.0540122742116979,0.130981408704959,2524.0000000001,0.61127460232735,0.0914897982236075,4920.0000000001,0.83229084331887,1.44356544554622,0.0406218456784199,-0.489631487826733,0.254720287022863,0.835880202893973,-0.181437454669147,-0.345710538746073,-0.51500348796648,0.0558154314991755,-0.908061224712139,-0.721895003199751,-2.68392127805896,-1.27534321477025,0.365091258181897,29.0000000001,10.587646484475,0.365091258181897,29.0000000001,10.587646484475,0.761746006404429,0.863285302035978,1e-10,0.706510202856853,0.870492802777417,1.75230666998462,1.52455353565143,0,0,-0.0247221470926312,-0.0137666363416772,-0.010171333593027,-0.230505698841382,-0.315322917543545,0.182356535740986,-0.229662663595544,-0.229662663595544,-0.515007996000858,0.463489720020578,0.664653293106247,0.654813187620053,0.291604026816693,0.773478727388102,-0.210617395056588,-0.232076742717875,0,4920.0000000001,0.0172012308662694,0.0234206147121505,0.556808842968262,0.0263576338184066,5176.18269670937,0.001953125,266,1,"SNETWORK (1 137 5176.18269670937 0.556808842968262 87000423 266)",87
137,87000424,-0.259098268272715,70,-0.169336007143403,-0.45983907781187,-0.612877153222713,-0.614349237474709,-0.609405455638136,0.0245501509756674,0.0128654027388498,0.00649270355555975,-0.363864738707085,0.0793304270788316,-0.0276299069858953,-0.0192274445687883,0.0793304270788316,0.0793304270788316,0.505961771896128,0.00307336079406261,-0.0781086043051872,-0.888040824088682,0.00227282678046561,0.0677281446396492,-0.117429098893948,0.617705950750841,0.326804535448277,-0.259098268272715,1,0.129697360650701,-0.408919355796107,-0.404764086209245,-0.841984948643549,-0.247476624594739,1.66714938553442,-0.363750363877372,-0.216343711426863,0.0781153208286619,312.0000000001,0.0450638362116355,0.155967677947876,4036.0000000001,1.16391993939307,1.2089837755047,0.0282608807780741,-0.338441845499368,-0.539553479448641,0.387911277876017,0.978813454315576,1.88565310862707,2.15325459718523,1.03942275453859,3.24640502999621,0.380058709022228,2.99033533695652,1.60888929272717,0.88045654306875,20.0000000001,17.609130859475,0.88045654306875,20.0000000001,17.609130859475,1.06906021274091,1.63169514510839,1e-10,0.981672233398771,0.264285563723457,1.63232720638217,0.537158079313738,0,-0.0220264420822819,-0.0123611654167386,-0.00688341417650337,-0.0164391862353271,0.615199816974895,-0.861204111977575,0.691421654210336,0.704394745577314,0.704394745577314,-0.111256320009442,0.564906323789093,-0.920411547589055,-1.02957452808086,-0.918950958837611,-0.739132495410158,-0.235093804227709,0.284127522540382,6663965495.58998,4036.0000000001,0.00105340015404334,0.0272074805240307,0.327935411612377,1.56324766205585,4778.63834452774,0.001953125,94,1,"SNETWORK (1 137 4778.63834452774 0.327935411612377 87000424 94)",87
137,87000425,-1.08406024545959,16,-0.169336007143403,-0.45983907781187,-0.612877153222713,-0.614349237474709,-0.609405455638136,-0.0390494555336028,-0.00336934950680642,-0.00641958265766857,-0.357325072587291,0.146717171697167,-0.0950909241416636,0.000730956180124809,0.146717171697167,0.146717171697167,0.590912254766715,-0.0347793598602576,-0.116593309334468,-0.988232851341082,-0.0209504123549763,0.0677281446396492,-0.117429098893948,0.617705950750841,0.326804535448277,-1.08406024545959,1,-0.85479583110481,-0.0630374558398608,-0.0629813714009666,1.16662792487565,-1.06978021710196,1.79628692581019,-0.357285079337574,-0.195736941981416,0.250932450863432,5606.0000000001,2.60104140835265,0.181812179970317,2479.0000000001,0.833368047997813,3.43440945625046,0.0611666754800508,-0.0593690450634094,-0.616631056485469,-0.750561137827376,1.87196767668477,1.24398591489144,-2.38314244495642,0.79046931455449,-2.71627956400773,0.173736555726598,-1.74681842753414,-0.955303006856563,0.29753268504898,49.0000000001,14.5791015626,0.29753268504898,49.0000000001,14.5791015626,0.936442806105236,0.762555442843662,1e-10,-0.463201635902749,-0.03850353178613,1.78170296492744,0.0194325390846639,1.03276561575505e-16,-0.0440532202613954,3.42243995575329e-16,-3.57648972802931e-16,-0.0227070388776265,0.392829282772747,-0.369409064283775,-0.244643603130096,0.433370070224138,0.433370070224138,0.0389001503231002,0.2866869996361,-0.133870937940125,-0.19570913092083,-0.46073394288978,0.0841942227969626,-1.15447606308927,-0.644750749540378,0,5606.0000000001,0.046324428551681,0.0148422468283697,0.159410601106309,1.58570257353036,4485.91722691145,0.001953125,105,1,"SNETWORK (1 137 4485.91722691145 0.159410601106309 87000425 105)",87
56,87000426,-1.04449184432444,26,0,0,-0.0539298651555209,-0.0526282971591558,-0.0497659234028937,-0.323564816229159,-0.0519895476487647,-0.467878737490348,0.0075032302041896,1.01146286651677,-0.675469501670161,0.911302343764241,1.01146286651677,1.01146286651677,0.0901456965487121,0.150210862179714,0.320864242274077,0.124544461057453,0.0115761438030611,0.396949460069245,-0.3182243350896,0.145121969788322,0.0313608172450206,-1.04449184432444,2,0.806663420770884,0.693088510129772,0.703481655867147,-0.489243810939534,-1.0442124316429,-0.343960178576872,0.00750596561978285,0.655313952213714,0.438137536942058,7198.0000000001,5.04594238439836,0.065167963380521,14252.0000000001,1.48603810037712,6.53198048467549,0.0644617288019843,0.883806393473511,-0.273970988050417,-0.440883385184094,-0.303267451835845,-0.266119473510741,0.0515998645527976,-0.647280677627521,0.0298807718351252,-0.993216017769529,0.0714459755307705,0.0782238660987683,0.479387981235671,82.0000000001,39.309814453225,0.479387981235671,82.0000000001,39.309814453225,1.42215098583489,0.395833576975472,1e-10,-0.315852883517183,-0.313827925435778,1.78128256184609,-0.368830361178518,-0.0232557920329049,-0.14537465218179,-0.0456386537822686,-0.0156235779160857,0,-0.335736712273937,-0.689367712197763,0.328804348272568,-0.328915890252853,-0.328915890252853,-0.988646178132458,0.469175263026968,-0.134127932594808,-0.226434424112801,-0.306033731631333,0.00487363022986591,-0.734931575340167,-0.482434223935386,0,14252.0000000001,0.0497965616692475,0.0146651670327367,0.412226039156708,1.04918396161776,5884.97751092228,0.00048828125,53,1,"SNETWORK (1 56 5884.97751092228 0.412226039156708 87000426 53)",87
140,87000427,-0.334725659007222,130,0.016376969797183,0.0406255841243769,0,0,0,-0.0938457160365234,-0.000778832690189015,-0.511390611798645,-0.046889076248572,0.964603257831749,-0.73138224498757,0.977620841764462,0.964603257831749,0.964603257831749,-2.89423981822952,0.326100010433652,0.512016321013537,0.583596212317161,0.12033380162835,0.45221133369877,-0.305856068890666,-0.190739766812213,-0.0312046492625428,-0.334725659007222,2,0.460534392497432,0.866291346860521,0.881827217082189,0.220750207283217,-0.34561949781878,-0.631156416236688,-0.0468879172364814,0.316083857379225,0.782622577842596,5011.0000000001,6.27475477940374,0.109972581575982,17035.0000000001,2.99741268080684,9.27216746011058,0.0799739646030285,1.18875790759809,-0.199936387743134,0.0472713017985656,-0.515265576647912,-0.663054610991866,-0.410882771609613,-0.857328123224672,-0.231975459323902,-1.62796367661322,-0.0617269884070777,-0.0609583890887579,0.440029046574359,78.0000000001,34.3222656251,0.440029046574359,78.0000000001,34.3222656251,1.20385745588886,0.337149389868776,1e-10,1.11439619408722,0.93752287008693,0.175411277479789,1.72899269436546,-1.03276561575505e-16,-6.2602913664822e-16,0.0705624087924016,0.0874984919697694,0.09448795543854,-0.152570848812434,-0.366902461934616,0.137267466428954,-0.153932703349721,-0.153932703349721,-0.930214156512373,0.383633334015154,-0.811398396074028,-0.950220851060942,-1.19134040730495,-0.453541884512455,-0.311541675657798,-0.636681722818691,72205155.2047732,17035.0000000001,0.0541207887098141,0.0258531757932144,0.138661344881223,3.85756285411128,6494.17092540904,0.000244140625,300,1,"SNETWORK (1 140 6494.17092540904 0.138661344881223 87000427 300)",87
318,87000428,0.556991507524219,207,0.826606769083661,0.576140491778701,0.449959143780463,0.448153051499128,0.45024912066774,0.95095693590162,0.966237381061377,0.661102130386707,0.634480858517221,-0.0408556999559826,0.364469772295903,-0.107198114954739,-0.0408556999559826,-0.0408556999559826,-0.376650446106994,-0.913253119062245,-0.766729358648781,-0.0379820768914922,-0.985526393060275,-0.603050539930755,0.694143931109334,-0.735182512335809,-0.673195464551723,0.556991507524219,8,-0.482517998013199,-0.327503098938584,-0.324932596005133,0.0389609682436262,0.548644663533946,0.156483462526126,0.63503107767104,-0.449924220244688,0.28756074444909,5331.0000000001,2.96788865195055,0.0705950877525015,1907.0000000001,0.260636056844104,3.22852470869465,0.0707799408089668,-0.279279979359649,-0.0393869201679909,-0.331863441914468,0.372105553507967,0.472765540696157,0.0688240253212049,0.202170765872421,0.110503096829627,0.873296698666372,-0.176866964304864,-0.355485974944966,0.102738814020455,33.0000000001,3.390380859475,0.102738814020455,33.0000000001,3.390380859475,0.446738259436432,0.472117704296026,1e-10,0.367247107211317,0.458127036106204,-0.05893713487548,0.633798256777507,1,0.955946779738607,0.975277852907368,0.986233363658322,0.989828666406973,0.143721989789041,-0.753830776402957,-0.0356449402409906,0.15216584560245,0.15216584560245,-0.0319222105293313,-0.357462751920143,0.598056108049139,0.668229363828891,0.562387237931217,0.545723675772306,-0.583847284698247,-0.344538048568104,0,5331.0000000001,0.0650659362307428,0.00571400447822398,0.820800788955815,0.112591719254851,18482.6362862355,5.82076609134674e-11,359,1,"SNETWORK (1 318 18482.6362862355 0.820800788955815 87000428 359)",87
56,87000429,-1.15265045688671,12,0,0,-0.0539298651555209,-0.0526282971591558,-0.0497659234028937,-0.323054861639505,-0.0525968796567149,-0.462501810780812,0.00814648143219229,1.01130422226162,-0.675136966390222,0.910631499615728,1.01130422226162,1.01130422226162,0.094543028001949,0.149056923993627,0.31952150253505,0.120526134909335,0.0109913936019486,0.396949460069245,-0.3182243350896,0.145121969788322,0.0313608172450206,-1.15265045688671,2,1.11927088202182,0.225002528356857,0.226309114710491,-1.20741209016166,-1.14468255142241,0.318643718709297,0.0081462585201456,1.66344591282589,0.341060900164969,14662.0000000001,8.00101586689738,0.181983106701076,5172.0000000001,1.50594660384395,9.50696247064133,0.135141315752301,0.23704983532983,-0.440404484615646,1.01259936009582,0.240368234505826,0.392478915601039,0.23527988660259,-0.0619536601583262,0.2178024750847,-0.0485542095744956,-0.671854434498222,-0.734437019255885,0.869608216466525,59.0000000001,51.306884765725,0.869608216466525,59.0000000001,51.306884765725,1.94723513393555,0.977652101642399,1e-10,-0.775129345398607,-1.1378050493979,-0.90466303604738,-0.637737978079891,-0.0232557920329049,-0.14537465218179,-0.0456386537822682,-0.0156235779160857,0,-0.856444300501567,-0.443021321437527,-0.536988193260239,-0.772991278358678,-0.772991278358678,1.57903302394609,-0.268986298634451,0.0269745890721405,-0.15841001536302,-0.615744499925315,0.379534314728643,-0.124018743980514,-0.0963243137931496,0,14662.0000000001,0.113734309370043,0.0214070062822583,0.315547453817753,4.52834920424198,5807.643472229,0.00048828125,15,1,"SNETWORK (1 56 5807.643472229 0.315547453817753 87000429 15)",87
56,87000430,-1.08805853436471,20,0,0,-0.0539298651555209,-0.0526282971591558,-0.0497659234028937,-0.323492184305684,-0.0522330113348855,-0.465126923447795,0.00797877664774873,1.01140491431261,-0.67495879030225,0.910689170840377,1.01140491431261,1.01140491431261,0.091013378185658,0.149543455824153,0.320096938661069,0.122068241042635,0.0112623869503028,0.396949460069245,-0.3182243350896,0.145121969788322,0.0313608172450206,-1.08805853436471,2,1.0903503490173,0.121532462528846,0.121957909306563,-1.25568746559147,-1.09075729172204,-0.114268107518502,0.00798495459368312,-0.0916824621124902,0.432002442129559,10120.0000000001,6.99498354143672,0.0751585287724673,6346.0000000001,0.76312963682812,7.75811317816484,0.119573991662537,0.122927401653556,-0.0604946177671764,0.0902554725692232,-0.247331448148607,0.101590766881491,0.892855282238321,-0.255659058964648,0.888062446272942,-0.309740184668108,0.82577066495213,0.902744313493076,0.64263916025625,56.0000000001,35.98779296885,0.64263916025625,56.0000000001,35.98779296885,1.27675375337243,0.639241149296006,1e-10,-2.53242783280532,-3.10936745615608,1.78143298442229,-0.74080865264096,-0.0232557920329049,-0.14537465218179,-0.0456386537822686,-0.0156235779160857,0,-4.61410550544155,0.0322894065417808,-0.0317645131299783,-2.46980452949989,-2.46980452949989,-3.47425527285211,0.967673979993121,-1.65141963851814,-1.81311557447822,-1.79750011784845,-1.27323077247247,-0.379974317593649,-0.0963243137931496,0,10120.0000000001,0.107812052203202,0.0117619393593342,0.371552580668507,1.94120699829541,5852.44245880616,0.00048828125,35,1,"SNETWORK (1 56 5852.44245880616 0.371552580668507 87000430 35)",87
137,87000431,0.217481311222635,105,-0.169336007143403,-0.45983907781187,-0.612877153222713,-0.614349237474709,-0.609405455638136,0.0137446462607831,-0.0204742812581213,-0.270309714006872,-0.383529847677453,-0.0176401505514857,0.0226912166186019,0.0402880845308338,-0.0176401505514857,-0.0176401505514857,0.152874166833379,0.094840382129366,0.0102538683364551,-0.729073598871608,0.0694810493088325,0.0677281446396492,-0.117429098893948,0.617705950750841,0.326804535448277,0.217481311222635,1,-1.51758144967018,-1.38947196583047,-1.32629799518344,0.273612721166635,0.214240282663487,1.37809014358813,-0.383446672724999,-0.818690149559023,0.818503421857308,358.0000000001,0.541802332744381,0.794733940545362,47.0000000001,0.0690648326431274,0.610867165287508,0.031219207800695,-0.822992671185695,-0.0868935483573995,0.23880983161843,1.34741352708171,0.41869810742159,-2.97324289181292,1.84279732594518,-9.69977454801112,0.988829277648391,1.04227964031368,0.53356163290666,1.25211588551667,3.0000000001,3.75634765635,1.25211588551667,3.0000000001,3.75634765635,0.133942405399995,1.54797118709136,1e-10,-0.268161988892955,-0.207436443040606,-0.409881347972033,-0.149946626232966,0,-0.0326025253755893,-0.0247221470926315,-0.0137666363416769,-0.0101713335930266,0.477873373205435,-0.214271968914603,-0.0179900537574456,0.534712115594843,0.534712115594843,-0.187151853038303,0.756817134556151,-1.10246522669115,-1.15316199675825,-0.818156981892218,-1.03530100359197,1.48302060062703,1.82847414261003,0,358.0000000001,0.0276895543245542,0.00352965337614074,0.438400484129908,0.538874755087431,4970.51192912216,0.001953125,122,1,"SNETWORK (1 137 4970.51192912216 0.438400484129908 87000431 122)",87
318,87000432,0.416085370300342,173,0.826606769083661,0.576140491778701,0.449959143780463,0.448153051499128,0.45024912066774,0.935082438940021,0.958231509214142,0.48095441175546,0.642253204031085,-0.0262220091935165,0.344709183054994,-0.103953640697416,-0.0262220091935165,-0.0262220091935165,-0.260045907936251,-0.891797271479588,-0.740868327729497,-0.0265464612571923,-0.966470198154371,-0.603050539930755,0.694143931109334,-0.735182512335809,-0.673195464551723,0.416085370300342,8,-0.495784459656438,0.121489141030311,0.121914316084375,0.751671807793,0.411150151128383,0.0260539668599684,0.642253489694763,-0.30671561223477,0.352909675234303,4770.0000000001,3.25905181650913,0.356441137556739,4298.0000000001,2.96594814398379,6.22499996039292,0.0959477264851604,0.122881500172371,0.0163742398363977,-0.968134414143535,0.058831495896448,-0.311891968179356,-1.18904047309642,-0.166838835086975,-1.17158495031666,0.428941655875304,-0.535701876799393,-1.09300100139566,0.522008825331482,54.0000000001,28.1884765626,0.522008825331482,54.0000000001,28.1884765626,1.53209381855381,1.09724945655832,1e-10,-0.736016847109409,-1.02200839554096,-0.678603574447694,-0.596375712852339,1,0.955946779738605,0.975277852907368,0.986233363658323,0.989828666406973,0.367218189442888,0.598760759038105,-0.601291966336666,0.403396339756974,0.403396339756974,1.20417251842618,-0.670869628817365,0.145271361632583,0.157101244453134,-0.12905076154582,0.290084708941944,0.981902508046053,0.328558923977049,0,4770.0000000001,0.0502327090683498,0.0457150173168106,0.649241958806581,0.738295359728351,18279.3225111574,5.82076609134674e-11,378,1,"SNETWORK (1 318 18279.3225111574 0.649241958806581 87000432 378)",87
137,87000433,-0.0666331359426111,85,-0.169336007143403,-0.45983907781187,-0.612877153222713,-0.614349237474709,-0.609405455638136,-0.00495828651948535,-0.0240920120082694,-0.235792325551745,-0.38087774911955,0.00591558716736591,0.00232146771038615,0.0473435304188756,0.00591558716736591,0.00591558716736591,0.255894304962232,0.077768370755908,-0.00689214620134794,-0.763219908234088,0.0575722516940479,0.0677281446396492,-0.117429098893948,0.617705950750841,0.326804535448277,-0.0666331359426111,1,-0.239831931612669,0.172869500644964,0.173674796765911,0.36322006505747,-0.0271926808893621,1.89501070587954,-0.380741755203323,0.16285007851653,0.538017719858143,1649.0000000001,1.6404182025578,0.217549467678372,751.0000000001,0.302089274670783,1.94250747712858,0.0287611435693008,0.178412763508446,-0.0854451885283106,0.516578584887844,1.73485071499432,1.84003252964089,-0.233159443770284,0.631605380199573,-0.217648254301835,-0.0410154580076384,0.844418014631662,0.441271712997799,0.459614598573837,43.0000000001,19.763427734475,0.459614598573837,43.0000000001,19.763427734475,0.566650638557018,0.36635145562629,1e-10,0.234643165783267,0.153731033215538,-0.0353882392463948,0.416885985298973,0,-0.0220264420822812,-0.0247221470926318,-0.0137666363416772,-0.0101713335930266,0.655859873627214,-0.959604518645538,0.458592220966355,0.756107408833549,0.756107408833549,-0.0639896170694525,0.737597649085665,-0.945237111583132,-1.14301568555145,-1.28063317437083,-0.587860644357964,-0.609368463756365,0.203294976068675,0,1649.0000000001,0.0242883509219291,0.00447279254737173,0.375554019474413,4.72046088775537,4861.35003588552,0.001953125,99,1,"SNETWORK (1 137 4861.35003588552 0.375554019474413 87000433 99)",87
137,87000434,0.244215032288619,107,-0.169336007143403,-0.45983907781187,-0.612877153222713,-0.614349237474709,-0.609405455638136,0.0155351021607988,-0.0204742812581213,-0.270309714006872,-0.383610746365056,-0.0185236995909884,0.02331891587366,0.0400242770154539,-0.0185236995909884,-0.0185236995909884,0.149552365176342,0.0954509437299275,0.0108591357551182,-0.727779926538685,0.0698978513546546,0.0677281446396492,-0.117429098893948,0.617705950750841,0.326804535448277,0.244215032288619,1,0.240986044312531,-1.28651037534655,-1.23370989662581,0,0.237950074617382,1.28293641803267,-0.383598295134004,-0.724256156759283,0.887586455524166,992.0000000001,1.62801980185636,0.361680786635144,50.0000000001,0.033437422180832,1.66145722393719,0.0781309969815034,-0.787547676369878,2.72705220771003,-0.58765371825855,1.26597749300948,1.49801632353265,0.205884035926548,1.69218140894135,0.669373324377848,0.868830598659046,-3.58727449428701,-1.82059330933438,0.533447265725,15.0000000001,8.001708984475,0.533447265725,15.0000000001,8.001708984475,0.0518672865241064,0.476435991474873,1e-10,-0.193732802924202,0.279040829274188,1.76607719272504,0.430933063205439,0,-0.0253487320197204,-0.0247221470926329,-0.0137666363416772,-0.010171333593027,0.345867957418954,-0.345014354513508,0.435272366841376,0.378599517080035,0.378599517080035,0.692641702142715,0.518304368930322,-0.874550222429082,-0.949954401355403,-0.788109346270752,-0.744282087808651,1.18742455201676,0.918449955611455,0,992.0000000001,0.0765585825678268,0.00157241431367661,0.444218512910735,1.00251844711602,4980.61762146463,0.001953125,221,1,"SNETWORK (1 137 4980.61762146463 0.444218512910735 87000434 221)",87
328,87000435,0.758501690609317,255,0.833942087661095,0.661934694919581,0.584902015722838,0.581791403280787,0.581496445193316,0.835640754024407,0.99725812158861,0.489911000280206,0.101689650317474,-0.0401375342318875,0.222907189467288,-0.250281288522602,-0.0401375342318875,-0.0401375342318875,0.729503314894536,-0.126257551755185,-2.9082664704343e-05,1.00026310197699,-0.366920000579779,-0.560339494672534,0.667148486569063,-0.788859635579387,-0.682989322922567,0.758501690609317,8,0.149505217266349,0.272362313414158,0.27422180139926,-0.116365394771053,0.749192045421923,-0.535077387979592,0.101688259732468,0.202325241834453,0.109922888544707,935.0000000001,0.198979834127076,0.114686537258582,1806.0000000001,0.40099550790741,0.599975341934486,0.00821886370429091,0.292398783298214,-0.378644834778934,0.310889304784421,-0.634969492681164,-0.565026716191464,0.217616633982666,-0.618820310831203,0.193769393326959,-0.813016323383681,0.201006940157144,0.256188128156581,0.120222981870833,30.0000000001,3.606689453225,0.120222981870833,30.0000000001,3.606689453225,0.140492600409879,0.139681578964264,1e-10,1.86200477463915,1.01759362655902,0.797537503981184,1.34033550140888,0.976836093318573,1.19728033355414,1.32446173805355,1.33597184569963,1.35932864995931,-1.96069405230283,-0.333815882027273,0.26378697937159,-1.49894007087273,-1.49894007087273,-0.317707485064568,0.434972606726377,0.0682106819974054,0.0396076516973769,0.339726088143289,-0.0528126267450886,-0.175351957043481,0.754789891221232,10207748174.2466,1806.0000000001,0.00272575888014434,0.00549310472414658,0.119748544386195,2.94791394937783,18784.7349753581,2.91038304567337e-11,468,1,"SNETWORK (1 328 18784.7349753581 0.119748544386195 87000435 468)",87
56,87000436,-0.595307111132323,82,0,0,0,0,0,-0.232585917737695,-0.0265010265232667,-0.375613965854531,-0.00714730879767484,0.975127033787772,-0.658931860106312,0.910989485030466,0.975127033787772,0.975127033787772,-0.157429183456393,0.207312181430904,0.382941586141447,0.29458192109044,0.0441561269440594,0.442037567785408,-0.329724348592432,0,0,-0.595307111132323,2,0.275053644962725,0.613289045144257,0.621606924859197,0.155592199036407,-0.583643771521028,0.401712611188324,-0.00713199649627524,1.41483942483457,0.380201766700503,5676.0000000001,3.45284036365622,0.229427166889805,8981.0000000001,3.296776616,6.74961697955622,0.0708776647873824,0.756428519408465,-0.385557800595364,0.130656557097693,0.187596215845496,0.664272247281415,1.15337218627132,-0.244150396286503,0.775459443036505,-0.313807565756732,1.43176232559961,1.5334930311401,1.30136447492639,54.0000000001,70.273681640725,1.30136447492639,54.0000000001,70.273681640725,2.77736816807564,1.6214008533293,1e-10,0.282218055440668,0.178387877020549,-0.145417795869519,0.167410907482265,-0.0232557920329049,-0.14537465218179,-0.0247221470926318,-0.0137666363416772,-0.010171333593027,0.28892124577179,0.477748248788878,-0.522658246997397,0.313296384220728,0.313296384220728,0.686118179747924,-0.204304597803189,-0.839872720210442,-0.719355025362467,-0.174396839035867,-1.01097435886309,-0.121380386624224,-0.311193320700459,0,8981.0000000001,0.0362582443199486,0.0346194203674338,0.828432785940331,0.36171702388674,6217.90489651987,0.00048828125,76,1,"SNETWORK (1 56 6217.90489651987 0.828432785940331 87000436 76)",87
137,87000437,0.00543344579587132,89,-0.169336007143403,-0.45983907781187,-0.612877153222713,-0.614349237474709,-0.609405455638136,-0.00129070005711158,-0.0224358650577154,-0.243022930580781,-0.381375284253046,0.000236954980472534,0.0102102003333088,0.0445752744492782,0.000236954980472534,0.000236954980472534,0.236744759288645,0.081427510733208,-0.00304572850678893,-0.753692790386766,0.0598380926992138,0.0677281446396492,-0.117429098893948,0.617705950750841,0.326804535448277,0.00543344579587132,1,-0.049415997626369,0.622016983281029,0.630552270885501,0.735261679079633,0.0400294654922376,1.95073664195403,-0.381296883568758,-0.0552001043663426,0.314288164346784,3011.0000000001,1.74975050014467,0.247052772526814,2850.0000000001,1.30188294140777,3.05163344145245,0.0318281692172496,0.769981899920409,1.08693799523551,0.213220025726087,1.90862981059497,1.8006097681527,-0.828971102215032,0.307382938992494,-0.557000661046021,-0.369879170801151,0.594614192066626,0.305883051506119,0.879696655373438,80.0000000001,70.375732421975,0.879696655373438,80.0000000001,70.375732421975,2.78183469583115,0.992693968032387,1e-10,-0.80339708996615,-0.585120379892185,1.6213153938099,-0.348868892870996,1.03276561575505e-16,-0.0440532202613954,-0.0137791460992912,-0.00767301648016581,-0.0157201728676664,0.510943799747486,0.382165332930756,-0.50950737319866,0.574883885113115,0.574883885113115,1.19424972942111,0.45906771677418,-1.24773794562786,-1.20171846604781,-0.650963408736535,-1.31592673793367,-0.693290017568903,0.717134750462717,0,3011.0000000001,0.0182496868967762,0.0135784822204734,0.387487456012961,0.766341782590921,4882.07795642183,0.001953125,170,1,"SNETWORK (1 137 4882.07795642183 0.387487456012961 87000437 170)",87
137,87000438,0.542272575416595,147,-0.166057912338905,-0.453200003638288,-0.550040856219537,-0.551846948500872,-0.54975087933226,-0.0236150658283435,-0.0538064132272731,-0.683574080795155,-0.406435006519482,-0.114300799261257,0.00174655998148187,0.128558369030483,-0.114300799261257,-0.114300799261257,-1.25641012782046,0.15332680957002,0.0431288579266741,-0.691541131035287,0.1206004256873,0,0,0.264817487664191,0.333376028400019,0.542272575416595,1,-0.713747627123237,-0.591367220394911,-0.582108332466295,0.0421277660836707,0.536410053731058,0.0398544593551427,-0.406375459749009,0.0994774354892524,0.118800494993648,2626.0000000001,0.576833289838517,0.232548499264097,3132.0000000001,1.34670551587241,1.92353880561093,0.0519336869208551,-0.458284279788775,-0.44906875473364,-0.360045878617108,-0.0898212652309693,0.0917580136378345,0.40818558892907,0.306850059326366,0.727962279079464,-0.445377943648508,-0.270353616851927,-0.126499934125398,1.84772359923793,29.0000000001,53.5839843751,1.84772359923793,29.0000000001,53.5839843751,2.04689854153292,2.43602252321066,1e-10,1.25372722956246,0.74194200410101,0.499537856161524,1.207327432834,0,6.2602913664822e-16,-0.0247221470926315,-0.0137666363416776,-0.010171333593027,-0.254692426324496,-0.588186129582343,0.86466256591406,-0.252777214695586,-0.252777214695586,-0.672689842917475,0.473891037904552,0.551715299139643,0.627675159408618,0.23580460634098,0.650155721084568,-1.01088403491191,-0.724988556083403,9668826895.78709,3132.0000000001,0.015573940765477,0.036359746055378,0.587190882382098,3.35511632784361,5228.95513126054,0.001953125,216,1,"SNETWORK (1 137 5228.95513126054 0.587190882382098 87000438 216)",87
56,87000439,-0.468429110052976,104,0,0,0,0,0,-0.186216558457235,-0.0142695094655463,-0.334136585622628,-0.0126521937328295,0.958931105254619,-0.645703547657169,0.908158028228413,0.958931105254619,0.958931105254619,-0.326462410904317,0.23402027118288,0.413261483180931,0.366239166118579,0.0604160385122146,0.442037567785408,-0.329724348592432,0,0,-0.468429110052976,2,0.75127735611884,0.713445564324986,0.724398901601177,-0.397297396170569,-0.414003317866072,2.06084564502615,-0.0125831831057192,1.33584979132963,0.600270682909012,8671.0000000001,8.32791534511208,0.545414794499121,3881.0000000001,3.38680770739793,11.71472305241,0.113791761797253,0.917574092090502,0.169267518051409,0.303079462107178,0.835775602510668,1.92253010562291,0.039461258990623,0.273963722119547,0.00527983195891011,0.314187261731706,0,0,1.54094406664095,58.0000000001,89.374755859475,1.54094406664095,58.0000000001,89.374755859475,3.61337821242035,1.9786141190873,1e-10,-0.711546753589674,-0.936929303589985,0.997419368876098,-0.552916964523274,0,0,-0.0247221470926315,-0.0137666363416772,-0.0101713335930262,0.649162432335907,0.704115738444044,0.184177154481126,0.747542258908294,0.747542258908294,-2.02633041303743,-1.82462072721573,0.616570337481567,0.640762037334446,-0.073032359087868,0.894996326250892,-0.336224651664413,-0.106501470928686,2.14495800000131,8671.0000000001,0.0808937739409594,0.0328979877562936,0.996249572121431,8.22928463548655,6352.14299889189,0.00048828125,92,1,"SNETWORK (1 56 6352.14299889189 0.996249572121431 87000439 92)",87
318,87000440,0.201351655695751,121,0.847990630531859,0.546799996361712,0.449959143780463,0.448153051499128,0.45024912066774,0.931163045858433,0.963285921392538,0.598618940315896,0.669007860464368,0.00180103356436305,0.390627114107157,-0.0861357533528486,0.00180103356436305,0.00180103356436305,0.124594891425539,-0.899787540033588,-0.746959247151311,0.00624021559225599,-0.978379484211046,-0.603050539930755,0.694143931109334,-0.735182512335809,-0.673195464551723,0.201351655695751,8,0.580317934122366,0.364831170078454,0.368026213625041,-0.572688580931346,0.190754000327849,-0.511986259895421,0.669318746076114,1.7452222961722,0.166388673231102,8552.0000000001,2.75486785966098,0.0740757906429655,6095.0000000001,0.874096389946587,3.62896424950756,0.0462499817129659,0.406464886021813,-0.222595555214556,-0.155605622685022,-0.482771000565871,-0.5281035453868,-0.136370986770584,-0.635546444008286,-0.110434217600753,-0.332993706949213,-0.239661351564604,-0.498083669815218,0.0273701436810811,74.0000000001,2.0253906251,0.0273701436810811,74.0000000001,2.0253906251,0.386995779338126,0.359742987087883,1e-10,-1.98508517470811,-2.00600344711789,-0.860902796878296,-0.710871258627156,1,0.867841683603148,0.975277852907368,0.986233363658323,0.989828666406973,0.190175771832893,0.636417522046672,0.884328078872336,0.202890572460967,0.202890572460967,1.05649362459182,0.967673979993121,0.118940537494783,0.275094849764211,0.195003890501993,0.0892590696563781,1.55176586061869,1.75603662665385,0,8552.0000000001,0.0351099043953509,0.011140077217615,0.375523413985464,4.87232410410983,17954.9396122529,5.82076609134674e-11,415,1,"SNETWORK (1 318 17954.9396122529 0.375523413985464 87000440 415)",87
137,87000441,-0.0666331359426111,85,-0.169336007143403,-0.45983907781187,-0.612877153222713,-0.614349237474709,-0.609405455638136,-0.00495828651948535,-0.0240920120082694,-0.235792325551745,-0.38087774911955,0.00591558716736591,0.00232146771038615,0.0473435304188756,0.00591558716736591,0.00591558716736591,0.255894304962232,0.077768370755908,-0.00689214620134794,-0.763219908234088,0.0575722516940479,0.0677281446396492,-0.117429098893948,0.617705950750841,0.326804535448277,-0.0666331359426111,1,-0.239831931612669,0.172869500644964,0.173674796765911,0.36322006505747,-0.0271926808893621,1.89501070587954,-0.380741755203323,0.16285007851653,0.538017719858143,1649.0000000001,1.6404182025578,0.217549467678372,751.0000000001,0.302089274670783,1.94250747712858,0.0287611435693008,0.178412763508446,-0.0854451885283106,0.516578584887844,1.73485071499432,1.84003252964089,-0.233159443770284,0.631605380199573,-0.217648254301835,-0.0410154580076384,0.844418014631662,0.441271712997799,0.459614598573837,43.0000000001,19.763427734475,0.459614598573837,43.0000000001,19.763427734475,0.566650638557018,0.36635145562629,1e-10,0.234643165783267,0.153731033215538,-0.0353882392463948,0.416885985298973,0,-0.0220264420822812,-0.0247221470926318,-0.0137666363416772,-0.0101713335930266,0.655859873627214,-0.959604518645538,0.458592220966355,0.756107408833549,0.756107408833549,-0.0639896170694525,0.737597649085665,-0.945237111583132,-1.14301568555145,-1.28063317437083,-0.587860644357964,-0.609368463756365,0.203294976068675,0,1649.0000000001,0.0242883509219291,0.00447279254737173,0.375554019474413,4.72046088775537,4861.35003588552,0.001953125,99,1,"SNETWORK (1 137 4861.35003588552 0.375554019474413 87000441 99)",87
137,87000442,-0.189161009886669,76,-0.169336007143403,-0.45983907781187,-0.612877153222713,-0.614349237474709,-0.609405455638136,-0.0220125843699306,-0.0255660998044172,-0.205129211856877,-0.378796371931798,0.0236124227997784,-0.0175833403013435,0.0583980027320832,0.0236124227997784,0.0236124227997784,0.322191757601891,0.0655048369634191,-0.0187608337606084,-0.787084210975786,0.048929790524406,0.0677281446396492,-0.117429098893948,0.617705950750841,0.326804535448277,-0.189161009886669,1,-0.139054708009601,-0.152238446700309,-0.151759571791174,-0.243000461635251,-0.181804664960971,1.40726615747488,-0.378792652417442,0.425827289954136,0.484502196045254,4663.0000000001,4.17732735315372,0.0532276978703402,1188.0000000001,0.116920716424481,4.2942480694782,0.0820252751186333,-0.13860165009928,-0.231006349418479,-0.358431015170384,1.20668177760871,1.44331948860816,0.252814734661858,0.715418376036836,0.319763345244685,0.0442211464527054,1.16580179558624,0.601151335419395,0.9229736329125,36.0000000001,33.22705078135,0.9229736329125,36.0000000001,33.22705078135,1.75262061237761,1.69508814283796,1e-10,0.0702090170530006,0.145229659480269,1.76895790123947,0.204964882305234,0,-0.0440532202613954,-0.00751721674986873,-0.00418602248246176,-0.0188953588879225,0.2692622448699,-0.512457100728964,0.317289734820348,0.291032166396236,0.291032166396236,-0.545494836612609,0.269741475714453,-0.609803089150148,-0.688548777696921,-0.42826223693607,-0.572119594139116,-0.141468988036894,0.682591641455626,0,4663.0000000001,0.0797919494731718,0.00223332554546152,0.345654564921015,1.47674847673625,4809.41583268597,0.001953125,183,1,"SNETWORK (1 137 4809.41583268597 0.345654564921015 87000442 183)",87
319,87000443,-0.217286434374621,16,0.849676501735058,0.527879359151426,0.423921895297046,0.422083328008158,0.425620192291929,0.862853502769246,0.876162483079891,0.535199981353124,0.779457378206451,-0.0133818575646589,0.366279304998457,-0.0446562292429021,-0.0133818575646589,-0.0133818575646589,0.260652023311077,-0.730910319269344,-0.536126789901017,0.432917205351203,-0.872128531536605,-0.604424467785202,0.699593179675348,-0.759818089809216,-0.694672009762475,-0.217286434374621,8,0.291593140450244,0.500789994084739,0.506525816304965,-0.0252606445384219,-0.220664142126225,-0.424465591657405,0.779879870418632,0.298429116056061,0.205103847254998,4442.0000000001,1.76385013380776,0.114252692281654,5078.0000000001,1.12322939504247,2.88707952875023,0.0330936708841027,0.589650680920567,2.70329897294033,0.437746371955155,-0.390535667637145,-0.445498259046279,-0.168291700105701,-0.626154418516265,-0.12444878015567,-0.237753529270905,-0.116932703435106,-0.262011442767759,0.111204117163492,63.0000000001,7.0058593751,0.111204117163492,63.0000000001,7.0058593751,0.00828124175197414,0.153128709800756,1e-10,0.585379594878207,0.263910536231621,0.186582625195684,-0.186186292077923,0.744186065853319,1.15858997967623,1.21908813366046,1.22996082175123,1.2735209377017,-0.953591024512804,-0.322034061399417,-0.523986726392468,-0.84782965853169,-0.84782965853169,-0.748411514958952,-1.01456286867452,1.52004860104974,1.46458813837826,1.13623178175805,1.49209368886399,-0.469039292512723,0.267527448832105,0,5078.0000000001,0.0202184508802604,0.0128752199038423,0.614090585928312,0.991902035777457,17295.4647020688,1.16415321826935e-10,456,1,"SNETWORK (1 319 17295.4647020688 0.614090585928312 87000443 456)",87
56,87000444,-0.619603725581617,80,0,0,0,0,0,-0.232991304785743,-0.0269445277755957,-0.375613965854531,-0.00697451707749963,0.975341315254124,-0.657759997656838,0.910481050833933,0.975341315254124,0.975341315254124,-0.154302598320537,0.206786032655027,0.382470250528818,0.294070648094911,0.0437167121971372,0.442037567785408,-0.329724348592432,0,0,-0.619603725581617,2,0.290277361109415,0.519924382505483,0.526069824235019,0.00245297808992499,-0.598843757900149,0.982150386507379,-0.00696511339026066,1.21547113382795,0.315947545195493,7306.0000000001,3.69330042324516,0.153572423132232,6547.0000000001,1.60870184584588,5.30200226899104,0.0598757253726119,0.617006636902202,-0.550543867353386,2.26604443868619,0.578589631378776,0.396330983789698,-0.720739798280002,0.0504976940606256,-0.523297094551304,0.0689536593650227,-0.539920369791544,-0.577583690991644,1.89340164422313,67.0000000001,126.85791015635,1.89340164422313,67.0000000001,126.85791015635,5.25392958283228,2.5041285063031,1e-10,0.228843744893436,0.245684032435807,1.77707996770259,0.190523511705364,-0.0232557920329049,-0.14537465218179,-0.0247221470926318,-0.0137666363416772,-0.010171333593027,-0.329856089894501,0.515392322628868,-0.400383905547607,-0.323458541493374,-0.323458541493374,0.825124995923003,0.0524132279656556,-0.708470632341956,-0.621730799059566,-0.107110589475719,-0.868696776686753,-0.0950426413073285,-0.367472144167338,0,7306.0000000001,0.0417085905041897,0.0181671347684222,0.815278657437201,0.0834375785835394,6207.38279507341,0.00048828125,59,1,"SNETWORK (1 56 6207.38279507341 0.815278657437201 87000444 59)",87
137,87000445,0.384989004614758,127,-0.166057912338905,-0.453200003638288,-0.550040856219537,-0.551846948500872,-0.54975087933226,-0.0243806688434056,-0.0585938806190496,-0.601781240009528,-0.400032687664443,-0.0792328157294891,-0.0196537218749767,0.1507352406125,-0.0792328157294891,-0.0792328157294891,-0.816509977620369,0.154360619586735,0.0537266759300711,-0.679487723667383,0.12002669943158,0.0244718896476977,-0.0463928842676715,0.415324305327625,0.335969349634022,0.384989004614758,1,-0.0877643975765124,0.436640359106451,0.441095004485158,0.504369852460902,0.379373026109963,-0.0799082070720593,-0.400029143008484,0.165284861142565,0.160825062610119,4116.0000000001,1.22395778646316,0.0769849500539794,4160.0000000001,0.592156508439627,1.81611429480279,0.0218849971962663,0.500825086398128,-0.394594725309517,-0.601323542953237,-0.0559441326584972,-0.196957526857195,-0.512187892354474,-0.393894430624307,-0.395991762628418,-1.3237305651364,0.375760908106153,0.182183056753873,0.429209607812766,47.0000000001,20.1728515626,0.429209607812766,47.0000000001,20.1728515626,1.18126836575689,0.95888578662961,1e-10,1.05943507371753,0.584527730382044,0.172792011727307,0.800555215402419,-1.03276561575505e-16,0,-0.0247221470926315,-0.0137666363416776,-0.010171333593027,-0.0790027979855729,-0.435649221785704,1.13408063021592,-0.0806618848548278,-0.0806618848548278,-0.497038586291866,0.166506285998977,0.690074391177391,0.65266445877582,0.310071557899828,0.79822059322195,-0.420613360777523,-0.205436323608549,3804853495.38147,4160.0000000001,0.0147492438546628,0.00713575324160354,0.516787679810314,0.229753034131136,5106.66747475055,0.001953125,138,1,"SNETWORK (1 137 5106.66747475055 0.516787679810314 87000445 138)",87
58,87000446,-0.462690950742877,105,0,0,0,0,0,-0.186417021870599,-0.0142695094655463,-0.334136585622628,-0.0304070762886111,0.958861825479981,-0.645902700445173,0.908173648298978,0.958861825479981,0.958861825479981,-0.325634747967956,0.234051266272898,0.41328311921602,0.366226785096377,0.0604476238112149,0.442037567785408,-0.329724348592432,0,0,-0.462690950742877,2,0.637604781459076,0.756802371716843,0.768989124475952,-0.193676544599629,-0.424328845300025,1.54106254721668,-0.0125982797092132,0.221671001056973,0.933060976998537,8239.0000000001,12.2999830219569,0.256380743380479,3117.0000000001,1.27862204298732,13.5786050648442,0.127522834156401,0.991282846291373,0.144609285298763,4.32990247007631,1.95274944695373,0.509628244779899,-3.99170561033216,0.0899464072279787,-2.40968145250034,0.107733182754202,-1.28335268463431,-1.36351229034531,1.66749889455755,53.0000000001,88.37744140635,1.66749889455755,53.0000000001,88.37744140635,3.56972805480962,2.16730741743548,1e-10,2.21078664385434,1.19333536188315,1.22894929303231,1.83022654198897,-0.0116278957963611,-0.0726873247150793,-0.0247221470926315,-0.0137666363416772,-0.010171333593027,-1.69710942184126,0.155767011271502,-0.241512531705128,-1.34857546679734,-1.34857546679734,-0.321079085889202,0.459454019783789,-0.578719496195749,-0.623382966069154,-0.469995869792983,-0.50903239698107,0.291305381994887,-0.0404828006973796,9179338259.46413,8239.0000000001,0.115514714973585,0.012008119082816,0.0546039050504402,3.64978683278465,6359.55721190877,0.000244140625,93,1,"SNETWORK (1 58 6359.55721190877 0.0546039050504402 87000446 93)",87
137,87000447,-1.057543127976,18,-0.169336007143403,-0.45983907781187,-0.612877153222713,-0.614349237474709,-0.609405455638136,-0.0385897584689133,-0.00313806826584398,-0.00547179450550608,-0.357390382278297,0.146199482100986,-0.0952505371836884,0.00101374951555785,0.146199482100986,0.146199482100986,0.590152271472322,-0.034554686148555,-0.11645452558779,-0.987860630908246,-0.0207836627551148,0.0677281446396492,-0.117429098893948,0.617705950750841,0.326804535448277,-1.057543127976,1,-0.994280641503199,-0.253654295537946,-0.252177485134043,1.12002399933057,-1.04381755201813,1.86097334116536,-0.357368931124372,-0.0877647362499113,0.151975460149514,4406.0000000001,1.23809880407419,0.234803282295902,5310.0000000001,2.30534553772074,3.54344434169493,0.0732985175491412,-0.222311077420948,0.314172099657024,-0.306692402593325,1.75750450052996,2.06686429684478,0.319628953392741,0.976923634307904,0.436350789824473,0.342229193378538,-1.89353663066925,-1.03544864236003,0.148863447573404,47.0000000001,6.99658203135,0.148863447573404,47.0000000001,6.99658203135,0.60457338258651,0.54088955111915,1e-10,0.204281785922875,0.16693006415337,-0.123610963196098,0.420562844805755,0,-0.0440532202613954,3.42243995575329e-16,0,-0.0227070388776265,0.472963648158294,-0.819614460080618,0.122449978315009,0.528784880568585,0.528784880568585,0.011184294021509,0.576372552751679,-0.272954116914523,-0.538015857556168,-1.00825417578947,0.176755011105686,-1.32988469264443,-0.635834456898439,0,5310.0000000001,0.0256109022855472,0.047687615163594,0.164959071420423,0.78743087077821,4495.55470655929,0.001953125,110,1,"SNETWORK (1 137 4495.55470655929 0.164959071420423 87000447 110)",87
318,87000448,0.549468219848965,205,0.826606769083661,0.576140491778701,0.449959143780463,0.448153051499128,0.45024912066774,0.951097593575183,0.966169907154278,0.653983141495886,0.63520385976992,-0.0399511861001276,0.365419348436791,-0.106936229396752,-0.0399511861001276,-0.0399511861001276,-0.35531011678424,-0.914209933617068,-0.767391831622916,-0.0381726007284914,-0.986418384755946,-0.603050539930755,0.694143931109334,-0.735182512335809,-0.673195464551723,0.549468219848965,8,-0.73846534113495,-0.361165740113372,-0.357989314428116,0.424309152422952,0.54394391546042,0.790686255529037,0.635204032237156,-0.566289302444897,0.279424674219169,7053.0000000001,3.81546925652683,0.0789632354392787,795.0000000001,0.121535005463664,3.9370042618905,0.0886310533848968,-0.304192014318559,-0.207095503082049,-0.398790041192608,0.401994754840487,0.926081594726104,1.24825319844447,0.601758355931345,1.81817345723713,1.28633396556407,1.80462289339461,3.66582160314193,0.0931861515136905,42.0000000001,3.913818359475,0.0931861515136905,42.0000000001,3.913818359475,0.127050275250932,0.179993503692505,1e-10,0.207758309331123,0.475837792017391,-0.0139712430074468,0.664652461444265,1,0.955946779738605,0.975277852907368,0.986233363658323,0.989828666406973,0.138525150552751,-0.737215323116879,-0.00625638907644111,0.146538759297326,0.146538759297326,0.0844990170679659,-0.129971994026607,0.407366350277963,0.477665308356587,0.493350471276543,0.324646034015281,-0.677706170124449,-0.526598151468897,0,7053.0000000001,0.0858950197883346,0.00273603349656224,0.811666881320734,0.0877247094614529,18471.8117239505,5.82076609134674e-11,397,1,"SNETWORK (1 318 18471.8117239505 0.811666881320734 87000448 397)",87
318,87000449,0.635937104193666,228,0.826606769083661,0.576140491778701,0.449959143780463,0.448153051499128,0.45024912066774,0.948791506464743,0.964768610413346,0.648656357996784,0.623428752214048,-0.0535152909974127,0.347055704333954,-0.115380629284324,-0.0535152909974127,-0.0535152909974127,-0.776465787188044,-0.887102367908059,-0.740732790493167,0.000544049754301888,-0.965495243747969,-0.603050539930755,0.694143931109334,-0.735182512335809,-0.673195464551723,0.635937104193666,8,-0.181270512731067,0.106214309568415,0.106548886889002,0.166233233755343,0.6270835927974,-0.175899701685342,0.623492842076728,0.0686594543089925,0.265968538861679,5298.0000000001,2.728045081351,0.0882618548769845,1207.0000000001,0.206247950469964,2.93429303172096,0.045770864130891,0.106792117060351,-0.0991318310405708,-0.126250733638482,0.0252814952256105,-0.286932435521635,-0.993025478275325,-0.288522898612537,-0.989220307034898,0.243579131935161,0.0809022485699907,0.165918091226305,0.214768629907692,26.0000000001,5.5839843751,0.214768629907692,26.0000000001,5.5839843751,0.0539509537784741,0.00128601975594318,1e-10,1.02745821091113,0.699987251556587,0.117654562334609,1.06013764982321,1,0.955946779738606,0.975277852907369,0.986233363658323,0.989828666406973,-0.282407503765897,0.479765386180364,0.0625524356384939,-0.279040967807248,-0.279040967807248,0.338185171402438,-0.49744365941868,-0.503664659222301,-0.463443911169628,0.0858019536453283,-0.691884334049061,0.960422455120324,0.352369125042373,1111862102.08068,5298.0000000001,0.0425536846996847,0.00321717933120629,0.923666271975642,1.80605200000568,18604.5418136852,5.82076609134674e-11,417,1,"SNETWORK (1 318 18604.5418136852 0.923666271975642 87000449 417)",87
137,87000450,0.707218339788609,171,-0.166057912338905,-0.453200003638288,-0.550040856219537,-0.551846948500872,-0.54975087933226,-0.0158457355409735,-0.0453246170250946,-0.687280563116874,-0.423517593085181,-0.1978285273421,-0.0193290576242811,0.197661848808087,-0.1978285273421,-0.1978285273421,-3.70532240374014,0.182295992780272,0.0330199649708255,-0.705600426435199,0.150164323346852,0,0,0.264817487664191,0.333376028400019,0.707218339788609,1,-1.2726100037415,-1.21180999758411,-1.16582754562743,0.0946910853618073,0.70025782838231,0.593523087050046,-0.423474004141064,-0.777827555954712,0.316665913595753,9.0000000001,0.00526964282481572,0.226673270145202,553.0000000001,0.231772969976943,0.237042612701758,0.0104960222776375,-0.760013513204373,-0.0711407541464072,0.457136933110204,0.479251077088692,0.845405038448361,0.763114807947661,1.22378851295636,2.21304786756819,0.360458444908681,2.21527567569055,1.00631600675873,0.13336181650625,8.0000000001,1.06689453135,0.13336181650625,8.0000000001,1.06689453135,0.34504461195019,0.517776613082795,1e-10,-0.262862218471398,-0.122297270637983,-0.427656343725839,-0.163336549650426,-1.03276561575505e-16,0,-0.0247221470926318,-0.0137666363416776,-0.0101713335930273,-0.311664801597531,-0.0269805450286928,-0.504003968929656,-0.306510338579329,-0.306510338579329,0.793183776158494,0.363566669626384,0.345698578624323,0.402943535250705,0.185188958105662,0.399072836652008,0.482393615833781,0.226903975034713,0,553.0000000001,0.000233334784412014,0.0102626873932255,0.662802058218064,0.347297174041159,5360.28883713163,0.001953125,136,1,"SNETWORK (1 137 5360.28883713163 0.662802058218064 87000450 136)",87
318,87000451,0.446614559431985,179,0.826606769083661,0.576140491778701,0.449959143780463,0.448153051499128,0.45024912066774,0.942432823533875,0.96133404667635,0.562417429389807,0.639524473247805,-0.0322077568808556,0.355407466807285,-0.103663181961154,-0.0322077568808556,-0.0322077568808556,-0.287019457129734,-0.903058597281396,-0.753300068789225,-0.0294808404604398,-0.976871155192138,-0.603050539930755,0.694143931109334,-0.735182512335809,-0.673195464551723,0.446614559431985,8,-0.96690567658288,-1.0166635634367,-0.985865817353753,-0.135172578765193,0.435497779090308,-0.176526318998137,0.63954233661947,-0.671841680605193,0.0697615170281875,1474.0000000001,0.19907774871811,0.0823083604882105,2265.0000000001,0.360928750907784,0.560006499525894,0.0212040167751816,-0.680139616969893,0.131051002949002,-0.330464705502689,-0.168332684857147,0.176755907786924,0.870185697062005,0.439010444933279,2.15028213872255,1.12799007701703,0.546573683554548,1.11682880794866,0.466851128572222,27.0000000001,12.60498046885,0.466851128572222,27.0000000001,12.60498046885,0.253341881811813,0.377141124708616,1e-10,-0.0800858358903624,0.0882958272090117,-0.203558201590713,0.269827633185981,1,0.955946779738606,0.975277852907368,0.986233363658322,0.989828666406973,0.482195870306647,-0.738789908655107,-0.328879139289294,0.539938268811962,0.539938268811962,0.263273881745229,-0.22643232641302,0.202237703437725,0.125918928306777,-0.204404173328325,0.40512607670455,-0.505803048991805,-0.94702314480803,0,2265.0000000001,0.0075378551957585,0.0136661614794231,0.679250860538866,0.388325680047274,18314.8859566054,5.82076609134674e-11,402,1,"SNETWORK (1 318 18314.8859566054 0.679250860538866 87000451 402)",87
140,87000452,-0.265394457151039,145,0.016376969797183,0.0406255841243769,0,0,0,-0.095946980669134,-0.000420291270030401,-0.586910197727345,-0.0505198356033647,0.960986521518683,-0.742411018249746,0.989035034700968,0.960986521518683,0.960986521518683,-3.3456463367475,0.335134928340031,0.521998703522627,0.613414190978343,0.125108884171991,0.45221133369877,-0.305856068890666,-0.190739766812213,-0.0312046492625428,-0.265394457151039,2,0.416742427774209,0.0617285894700617,0.0618593205626196,-0.697297578963718,-0.276035846702391,-0.698351319265887,-0.0505191426573238,0.321700278069304,0.300344836346264,9012.0000000001,4.33073226289847,0.0505665548966794,3476.0000000001,0.281230951256975,4.61196321405545,0.0744891310996029,0.0609985750233652,0.153452044768086,1.1785617924749,-0.379397793181608,-0.656956629912771,-0.76633659408426,-0.68035986009414,-0.788685419327726,-1.14878031921727,-0.418737323976207,-0.420713719491026,0.0918143137160714,42.0000000001,3.856201171975,0.0918143137160714,42.0000000001,3.856201171975,0.129572046902372,0.182038914389931,1e-10,0.414925901717101,0.574233868079977,0.0438571712772022,0.719802148414334,0,0,-0.0247221470926315,-0.0137666363416772,-0.010171333593027,-0.187021944301071,0.478159600437018,-0.600108590844266,-0.187646121320849,-0.187646121320849,-0.0639225176913669,-0.360545105740381,-0.136610188188811,-0.140461638791667,-0.340572199756731,0.0191689785704501,0.301547490069969,-0.25630848783367,0,9012.0000000001,0.0699468898346071,0.00454224116499582,0.225857283483584,1.92717288434505,6581.59738571226,0.000244140625,305,1,"SNETWORK (1 140 6581.59738571226 0.225857283483584 87000452 305)",87
328,87000453,0.794733228825164,262,0.833942087661095,0.661934694919581,0.679648502105189,0.676245639047415,0.674971766192546,0.844139882036179,1.01574010188491,0.204931618835535,0.093622754815277,-0.041988656180251,0.243705764905614,-0.268252404467365,-0.041988656180251,-0.041988656180251,-0.783992613090033,-0.112508760427923,0.00919802546048824,1.01381081037309,-0.355515272765139,-0.560339494672534,0.667148486569063,-0.788859635579387,-0.682989322922567,0.794733228825164,8,0.167672735123448,0.767429795983786,0.779927102740937,0.571433417327405,0.783639234207984,-0.731564879112948,0.0936529284293001,1.09411088884022,0.306596558609297,6568.0000000001,3.89860954165434,0.0841346898004481,2685.0000000001,0.437349575218716,4.33595911677305,0.040385803271012,1.00972885998749,0.620956827984051,0.922995730104326,-0.675197798390464,-0.527039664885131,0.420032024273693,-0.894725557635523,0.247552556339759,-1.57298634870242,0.0102725414594396,0.0131688058959851,0.0240189986795455,55.0000000001,1.321044921975,0.0240189986795455,55.0000000001,1.321044921975,0.240529999565726,0.28312175585392,1e-10,0.863246671524573,0.649528974529257,0.0567714645997135,1.153889553167,1,0.955946779738605,1.47877399650172,1.48955789819684,1.52155433566113,0.383176974290352,-0.773710672799749,0.364696902889286,0.422044224664366,0.422044224664366,-0.274675799404612,0.271137406957082,0.221158583950852,0.0252169677342799,-0.436022467976031,0.548802379057568,-0.265993578827544,-0.13145290052705,0,6568.0000000001,0.0363122606438808,0.00407354252713126,0.17685651623232,4.87334337737411,18827.5272857545,2.91038304567337e-11,475,1,"SNETWORK (1 328 18827.5272857545 0.17685651623232 87000453 475)",87
319,87000454,-0.161046599140194,30,0.849676501735058,0.527879359151426,0.423921895297046,0.422083328008158,0.425620192291929,0.864001471875048,0.878143604767113,0.53952231924761,0.777358442885691,-0.0131635162029575,0.367303369372095,-0.0439506160400295,-0.0131635162029575,-0.0131635162029575,0.281425242890517,-0.740435657084749,-0.546596989736412,0.414978575099524,-0.878917711419349,-0.604424467785202,0.699593179675348,-0.759818089809216,-0.694672009762475,-0.161046599140194,8,0.548159051848421,0.946681897550878,0.964879007590709,0.195547424340853,-0.164570062060515,-0.66816584680253,0.777352173894494,1.2895029111759,0.082212945866325,4308.0000000001,0.68568591092525,0.0865501755869522,1543.0000000001,0.258549201348614,0.944235112173864,0.00765109291686178,1.34473287200275,-0.111875147184528,0.00602288785106638,-0.655710878536596,-0.577707267980034,0.244899604194948,-0.895222518495805,0.122157481573212,-0.976138343677843,-0.0295997829101628,-0.0662853840991637,0.0247620928526596,47.0000000001,1.163818359475,0.0247620928526596,47.0000000001,1.163818359475,0.247411444241689,0.282013802148664,1e-10,0.397505747086522,-0.376658600082317,-0.223703160143234,-0.556722049296204,1,0.867841683603148,1.22175774577911,1.23268413022516,1.27579607796359,-1.84847828393417,0.290525518877223,0.511245015110308,-1.43649864217737,-1.43649864217737,1.29895407206862,-1.45757031325549,0.665369795560389,0.835279887911211,1.361708118935,0.228145635442807,0.74043498576951,0.843930846995219,0,4308.0000000001,0.00555608076829069,0.00209501204857109,0.750995712532842,4.77587647828168,17371.5405935154,1.16415321826935e-10,434,1,"SNETWORK (1 319 17371.5405935154 0.750995712532842 87000454 434)",87
328,87000455,0.794733228825164,262,0.833942087661095,0.661934694919581,0.679648502105189,0.676245639047415,0.674971766192546,0.844139882036179,1.01574010188491,0.204931618835535,0.093622754815277,-0.041988656180251,0.243705764905614,-0.268252404467365,-0.041988656180251,-0.041988656180251,-0.783992613090033,-0.112508760427923,0.00919802546048824,1.01381081037309,-0.355515272765139,-0.560339494672534,0.667148486569063,-0.788859635579387,-0.682989322922567,0.794733228825164,8,0.167672735123448,0.767429795983786,0.779927102740937,0.571433417327405,0.783639234207984,-0.731564879112948,0.0936529284293001,1.09411088884022,0.306596558609297,6568.0000000001,3.89860954165434,0.0841346898004481,2685.0000000001,0.437349575218716,4.33595911677305,0.040385803271012,1.00972885998749,0.620956827984051,0.922995730104326,-0.675197798390464,-0.527039664885131,0.420032024273693,-0.894725557635523,0.247552556339759,-1.57298634870242,0.0102725414594396,0.0131688058959851,0.0240189986795455,55.0000000001,1.321044921975,0.0240189986795455,55.0000000001,1.321044921975,0.240529999565726,0.28312175585392,1e-10,0.863246671524573,0.649528974529257,0.0567714645997135,1.153889553167,1,0.955946779738605,1.47877399650172,1.48955789819684,1.52155433566113,0.383176974290352,-0.773710672799749,0.364696902889286,0.422044224664366,0.422044224664366,-0.274675799404612,0.271137406957082,0.221158583950852,0.0252169677342799,-0.436022467976031,0.548802379057568,-0.265993578827544,-0.13145290052705,0,6568.0000000001,0.0363122606438808,0.00407354252713126,0.17685651623232,4.87334337737411,18827.5272857545,2.91038304567337e-11,475,1,"SNETWORK (1 328 18827.5272857545 0.17685651623232 87000455 475)",87
137,87000456,0.743904811903652,176,-0.166057912338905,-0.453200003638288,-0.550040856219537,-0.551846948500872,-0.54975087933226,-0.0208242209933045,-0.0458429200644962,-0.725988685265826,-0.42468578326175,-0.204821922259558,-0.0240744974759968,0.207151793211767,-0.204821922259558,-0.204821922259558,-4.01589587763305,0.183996421460371,0.0313160931773289,-0.70777041048141,0.152074016851993,0,0,0.264817487664191,0.333376028400019,0.743904811903652,1,-1.5163074748586,-1.93270786196087,-1.79359271972237,-0.467266947856782,0.729684844218585,0.119276926790568,-0.424639888573939,-1.04852760755464,0.168912975364064,89.0000000001,0.0277965159592881,0.0913175696365475,93.0000000001,0.0157027110738056,0.0434992269330937,0.00347070841421578,-0.969820691425909,-0.97589524223108,-0.106277141576995,0.339910565531741,0.428680037586079,0.0448475211086379,1.54862244854271,0.322341148877608,0.626394965548994,-3.00136519712906,-1.33695331199863,0.6263427735375,4.0000000001,2.50537109385,0.6263427735375,4.0000000001,2.50537109385,0.188694769560918,0.614943230269599,1e-10,-0.23913026643986,-0.127685833616877,-0.43980174671109,-0.182509432571141,0,6.2602913664822e-16,-0.0247221470926318,-0.0137666363416769,-0.010171333593027,-0.394864468315619,-0.0598693439990597,-0.401905327972242,-0.38321118141917,-0.38321118141917,0.834776063754936,0.482560368627051,-0.172823107176614,-0.0544293120955778,0.0356056877655712,-0.221548970096245,0.489242499317599,0.160353177605797,0,93.0000000001,0.0022178232976239,0.00125288501659188,0.679681007420773,0.546016062386417,5389.606923056,0.001953125,244,1,"SNETWORK (1 137 5389.606923056 0.679681007420773 87000456 244)",87
137,87000457,0.610763362421848,158,-0.166057912338905,-0.453200003638288,-0.550040856219537,-0.551846948500872,-0.54975087933226,0,-0.0455170322321247,-0.683615709264904,-0.411101695721821,-0.141330361820964,0.0208988620680207,0.111083451093748,-0.141330361820964,-0.141330361820964,-1.710445006482,0.150997128815902,0.0303128907973988,-0.70876882585002,0.120608730377874,0,0,0.264817487664191,0.333376028400019,0.610763362421848,1,-1.57583478326739,-1.70373163629984,-1.60127346716588,-0.0801728827073285,0.605275774452468,1.37936018467333,-0.411091343312188,-0.61943657628546,0.222492366341148,52.0000000001,0.0213922174756588,0.142318760869235,135.0000000001,0.0355249330181011,0.0569171503937599,0.0037583278665799,-0.915316223513181,-0.140189739921583,-0.674332161632751,1.46027537482055,1.01553725130868,-1.72633613885822,2.16819458604938,-7.24293183832761,1.15818426426348,-3.95507580238639,-1.82238575301008,0.202067057391667,6.0000000001,1.21240234385,0.202067057391667,6.0000000001,1.21240234385,0.245285035094924,0.017652030076086,1e-10,0.687126529637879,1.11951363677086,0.723602412393406,2.22085840404422,0.00880119403764501,0.00500136316084144,0.0543831846089628,0.060937089138734,0.044179899766616,-0.806365899244665,-0.025270700165672,-0.282576917510413,-0.733478450761166,-0.733478450761166,-0.360913916559324,0.617378713831672,0.273877743611194,0.380072519048074,0.342336971148617,0.222307643967685,0.138146040046408,-0.613296984926479,25941088922.3981,135.0000000001,0.00141256131300843,0.00234576645357147,0.620430602969035,1.80896059777347,5286.69124815777,0.001953125,114,1,"SNETWORK (1 137 5286.69124815777 0.620430602969035 87000457 114)",87
318,87000458,0.412325110963445,172,0.826606769083661,0.576140491778701,0.449959143780463,0.448153051499128,0.45024912066774,0.935189197920582,0.958231509214142,0.482142167897163,0.642298822357969,-0.0261680972895301,0.344801408883708,-0.103973585420056,-0.0261680972895301,-0.0261680972895301,-0.259521079360656,-0.891859935314264,-0.740922871234998,-0.027081674866958,-0.966459708241203,-0.603050539930755,0.694143931109334,-0.735182512335809,-0.673195464551723,0.412325110963445,8,-0.492468200022581,0.103143421782379,0.103461044818702,0.714383627478299,0.403958220200333,-0.313249751404452,0.642309117396768,-0.0488723215683745,0.336429735288106,3041.0000000001,1.98070644845106,0.391451369617984,8716.0000000001,6.60547966573646,8.58618611408752,0.13425470365953,0.103580267326966,-0.962192371283057,-0.275994785366365,0.00347833155627182,-0.0477444030197243,-0.273858699274224,-0.383143705840055,-0.269782681300703,0.111866347478628,-0.305693633083652,-0.623628398277645,0.759883757660484,62.0000000001,47.11279296885,0.759883757660484,62.0000000001,47.11279296885,2.36036758037462,1.45192107449998,1e-10,-0.362597980616352,-0.699695225828661,-0.393489606438417,-0.513128664437684,1,0.955946779738606,0.975277852907368,0.986233363658323,0.989828666406973,0.111964277682151,0.531139289818218,-0.377542581364816,0.117927066615973,0.117927066615973,0.984320182155731,-0.488396102693619,-0.0102516423361052,-0.0264990157366579,0.06685530637747,-0.0189767504452534,0.889834509070235,0.305929759581892,0,8716.0000000001,0.0309705791991418,0.103284124360389,0.644562815075938,0.144682165183531,18273.7772741376,5.82076609134674e-11,388,1,"SNETWORK (1 318 18273.7772741376 0.644562815075938 87000458 388)",87
137,87000459,-0.376064202770323,58,-0.169336007143403,-0.45983907781187,-0.612877153222713,-0.614349237474709,-0.609405455638136,0.0246864875891054,0.0146324490422225,0.0279242012954205,-0.362410039182533,0.0894551836471605,-0.0298912096080587,-0.0180886174196183,0.0894551836471605,0.0894551836471605,0.51269122404268,-0.00313523949104331,-0.0839823522826789,-0.899957357633703,-0.00212292637775477,0.0677281446396492,-0.117429098893948,0.617705950750841,0.326804535448277,-0.376064202770323,1,-1.16709252088983,-0.791316488672513,-0.773745373694161,0.545503516554896,-0.377984988997148,0.308933045206905,-0.362395607807307,-0.462813682898102,1.18181912006309,69.0000000001,0.150777815698224,0.381055522184861,143.0000000001,0.1007538480655,0.251531663663724,0.00795797034057806,-0.571651480304281,0.596315234459063,0.243677643978117,-0.0339585012071128,1.19608069521409,3.18060251561182,0.660133933793802,6.48590137419586,0.0376276195520219,0.74968832632138,0.405753604815021,1.18839518239167,3.0000000001,3.565185546975,1.18839518239167,3.0000000001,3.565185546975,0.142309130836763,1.45296359359484,1e-10,-0.0647407583587212,-0.136879493481379,-0.282419459294338,0.151921295331639,-1.03276561575505e-16,-0.0440532202613954,3.42243995575329e-16,0,-0.0227070388776265,0.866376410010481,-0.843392350413028,0.360579891752908,1.03507137234765,1.03507137234765,-0.569421661078585,0.255366982533259,-0.897609296806236,-1.04013800992943,-0.960049234204518,-0.687501238023341,-0.555107513563165,0.332009567337343,0,143.0000000001,0.00477031540470869,0.00318765483586937,0.28960870130796,0.059837550856173,4712.06632203933,0.001953125,174,1,"SNETWORK (1 137 4712.06632203933 0.28960870130796 87000459 174)",87
318,87000460,0.533531636678695,199,0.826606769083661,0.576140491778701,0.449959143780463,0.448153051499128,0.45024912066774,0.94747540861626,0.963947321559895,0.616303858777831,0.637053207050427,-0.0371607795040684,0.360507223688561,-0.104669163216032,-0.0371607795040684,-0.0371607795040684,-0.315873950762517,-0.908134402933499,-0.759569135336212,-0.0276180815180504,-0.981972758133895,-0.603050539930755,0.694143931109334,-0.735182512335809,-0.673195464551723,0.533531636678695,8,-0.622410535195693,-0.161622452686805,-0.161074850145343,0.526726466073721,0.527325630191677,0.550677325037753,0.637081426156441,-0.763989145222406,0.240594643268895,3759.0000000001,1.75092523054359,0.0741502792521102,1221.0000000001,0.175282184105999,1.92620741454959,0.0370649787850318,-0.146624791943527,0.786962267644384,1.97282337070765,0.0991384079686017,0.284700772750144,0.33391446007092,0.321252103019531,0.422415751906566,1.00396095797527,-0.207291281862905,-0.419626922903295,0.0313979641151515,33.0000000001,1.0361328126,0.0313979641151515,33.0000000001,1.0361328126,0.252999946672635,0.272119715478508,1e-10,0.502783995957854,0.61840458831888,0.241277525734015,1.03531964956035,1,0.955946779738604,0.975277852907368,0.986233363658322,0.989828666406972,-0.146795994732278,-0.258589543000911,0.188481337875923,-0.148244417572991,-0.148244417572991,0.0316584418189648,-0.326148837776841,0.466141898648501,0.563792776575787,0.619265835716183,0.339370000797329,-0.109304486106994,-0.0247108110028805,0,3759.0000000001,0.0336921174005659,0.00337286128446589,0.783702696335267,1.23651701305062,18438.6714652332,5.82076609134674e-11,351,1,"SNETWORK (1 318 18438.6714652332 0.783702696335267 87000460 351)",87
318,87000461,0.288571040468157,145,0.847990630531859,0.546799996361712,0.449959143780463,0.448153051499128,0.45024912066774,0.940189463811655,0.966046503458595,0.626675886145746,0.662014964780354,-0.00557012970014938,0.38891118763435,-0.0920480455118645,-0.00557012970014938,-0.00557012970014938,0.077747107903985,-0.923919011057139,-0.772273253395171,-0.0242403693048132,-0.997521352731461,-0.603050539930755,0.694143931109334,-0.735182512335809,-0.673195464551723,0.288571040468157,8,0.547114359676463,0.554994032492946,0.561922100754633,-0.317317490619901,0.282648056725673,-0.534573194191226,0.662045300968841,1.86408636803383,0.230304238315866,2091.0000000001,0.932320609500173,0.197355470827348,3951.0000000001,1.50961263089504,2.44193324029521,0.0268336309956175,0.668203871737312,-2.01069345322995,-1.30811930164792,-0.533766404934838,-0.545680917327657,-0.0325238892817722,-0.714700418938286,-0.0242150704308898,-0.518987645459265,-0.123328963538853,-0.253606551594288,0.00467575662689873,79.0000000001,0.369384765725,0.00467575662689873,79.0000000001,0.369384765725,0.314516215305428,0.325905647037403,1e-10,0.689282493593214,0.496255836443927,0.314334767132928,0.385374626143208,1,0.867841683603147,0.975277852907368,0.986233363658323,0.989828666406973,-0.752823430964997,0.507051987717113,0.432793573105301,-0.690513943030206,-0.690513943030206,-0.284510314963458,-0.200276849413868,0.296620584146173,0.297305523146119,0.965179784992685,-0.0650880212253593,1.82220948556842,2.03429848856988,7380380565.84167,3951.0000000001,0.0102449758647053,0.0165886550309123,0.497692141223801,3.26368227937431,18099.7213475312,5.82076609134674e-11,341,1,"SNETWORK (1 318 18099.7213475312 0.497692141223801 87000461 341)",87
56,87000462,-0.768366331726551,61,0,0,-0.0539298651555209,-0.0526282971591558,-0.0497659234028937,-0.306221724385045,-0.0459439284181693,-0.481873285281027,0.000252869934273508,1.0020271811128,-0.681936521470498,0.929481447315217,1.0020271811128,1.0020271811128,0.000364764335888359,0.166658073104472,0.337621195049441,0.173696720041558,0.0209418650674795,0.396949460069245,-0.3182243350896,0.145121969788322,0.0313608172450206,-0.768366331726551,2,-0.485293641435753,-0.537081047316496,-0.529575158530537,-0.233037508786861,-0.77146770684276,0.159192350754107,0.000256970446429538,-0.369520162579392,1.08170665730181,1513.0000000001,2.61859547585193,0.379606501434528,1467.0000000001,0.891012380031652,3.50960785578359,0.0907741728665788,-0.42436915542936,-0.182210756412888,1.46416680143609,0.57021821157897,0.553719738930974,-0.289510594107879,0.355098702703788,-0.46159633577188,0.41804479311065,-1.355852745085,-1.46406618207323,0.751513671975,20.0000000001,15.0302734376,0.751513671975,20.0000000001,15.0302734376,0.359491371580472,0.801573089218496,1e-10,-0.643426018723258,-0.539600365736624,-0.431055629847018,-0.397578465848803,-0.0232557920329049,-0.145374652181789,-0.0251370051392581,-0.0138034669255646,-0.00996959533679657,0.319280792684856,0.341898542259809,-1.02453923738553,0.347960268807194,0.347960268807194,-0.208290260920648,-0.213631115259671,-0.202797167967693,-0.0608369808512676,-0.737379632425443,0.132775381729325,-0.416270189785344,-0.900941296070469,0,1513.0000000001,0.0677286032787812,0.0230455694877976,0.683073981485296,2.24283953767736,6101.6311284592,0.00048828125,62,1,"SNETWORK (1 56 6101.6311284592 0.683073981485296 87000462 62)",87
56,87000463,-0.909154989041327,45,0,0,-0.0539298651555209,-0.0526282971591558,-0.0497659234028937,-0.313383656124103,-0.048429870174566,-0.470788152840127,0.00444319221954821,1.00783985399121,-0.674131859789692,0.915517323258711,1.00783985399121,1.00783985399121,0.0308679499325338,0.157189452034996,0.328374733464989,0.146744805370659,0.015374329608898,0.396949460069245,-0.3182243350896,0.145121969788322,0.0313608172450206,-0.909154989041327,2,-0.295422737564737,0.4036432371369,0.407495663074112,0.840232974454622,-0.912942772364646,-0.295667887881142,0.00444348832622316,0.614595126536464,0.264900820405086,16968.0000000001,7.19173939039266,0.229952781836601,7943.0000000001,2.92242391263165,10.1141633029243,0.12505730733758,0.456816788930374,-0.338250280923091,-0.309882767761269,-0.215320506395448,0.246058558317606,1.22040310424333,-0.507046425284764,0.969165578718498,-0.718797657715779,0.23750209973607,0.259888196134645,0.213906108569203,69.0000000001,14.759521484475,0.213906108569203,69.0000000001,14.759521484475,0.347641181913325,1e-10,1e-10,0.73452482806145,0.344032183686685,0.121922450765595,0.525079259242637,-0.0232557920329049,-0.14537465218179,-0.0456386537822686,-0.0156235779160857,-3.8573928898018e-16,0.233362289745805,-0.83256181496731,-0.0229912594216648,0.250740506096268,0.250740506096268,-0.071292458682976,0.728853131877748,-1.6757776812835,-1.86039997238634,-1.98396268253912,-1.21078149199669,-1.42552868905108,-1.1040045658169,7513823598.2292,16968.0000000001,0.0889227843743923,0.036134522863188,0.556974793189702,0.355471915681846,6000.76329436074,0.00048828125,17,1,"SNETWORK (1 56 6000.76329436074 0.556974793189702 87000463 17)",87
318,87000464,0.596236237412211,218,0.826606769083661,0.576140491778701,0.449959143780463,0.448153051499128,0.45024912066774,0.950534634219626,0.96512956349565,0.664154355020687,0.626767258906322,-0.0498890415316624,0.353412454844494,-0.112148504357571,-0.0498890415316624,-0.0498890415316624,-0.622428239037628,-0.898025255500209,-0.751827687772808,-0.0164684576396929,-0.973741516738675,-0.603050539930755,0.694143931109334,-0.735182512335809,-0.673195464551723,0.596236237412211,8,-0.108636657538978,-0.317904318578299,-0.31549409970186,-0.478737024620135,0.586890979097396,0.0628213102612498,0.626772250998755,2.01603770109501,0.130598753296758,2172.0000000001,0.549171730839919,0.125860748309023,3722.0000000001,0.906934660237922,1.45610639097784,0.0316823389892976,-0.27205721171225,0.264719108515388,0.204598428989841,-0.0944399415029758,0.190884750943439,0.673222369202641,0.131254330008164,0.953645738147472,0.787271818685285,0.809755468617665,1.63396609912083,0.364234924416406,32.0000000001,11.655517578225,0.364234924416406,32.0000000001,11.655517578225,0.211786076928552,0.224140323831295,1e-10,1.05413691874563,0.942400073804259,0.401343846278837,1.41478950219746,1,0.955946779738605,0.975277852907368,0.986233363658323,0.989828666406973,-0.688439033457828,0.532994944735453,0.124065841257584,-0.637848143144182,-0.637848143144182,0.192792897929994,0.109385459326603,-0.922042068425793,-0.905778513352766,0.0222070057052181,-1.22179211563671,1.82220948556842,1.16653163863192,18836434777.5418,3722.0000000001,0.0119490203399457,0.0197333185493519,0.872453163415733,0.761721455492079,18543.8493362083,5.82076609134674e-11,421,1,"SNETWORK (1 318 18543.8493362083 0.872453163415733 87000464 421)",87
137,87000465,-0.60525649168279,45,-0.169336007143403,-0.45983907781187,-0.612877153222713,-0.614349237474709,-0.609405455638136,0.00867886939047368,0.0102034237458084,0.0276720604663093,-0.36060171557728,0.109094211733476,-0.0533446966572499,-0.0187463655221691,0.109094211733476,0.109094211733476,0.541432776628506,-0.0164558673022311,-0.0976361438203718,-0.932447723145176,-0.0106556868295375,0.0677281446396492,-0.117429098893948,0.617705950750841,0.326804535448277,-0.60525649168279,1,-0.656857533309548,-0.064842469406405,-0.0647818767374013,0.75201882922963,-0.58421176649502,1.83993132419249,-0.36058680497781,0.426468064203247,1.11942147779566,1218.0000000001,2.52103147605258,1.00343597452808,2958.0000000001,5.48813999571168,8.00917147166426,0.142845027931297,-0.0610269166341114,-0.570524836452715,-0.647401602203346,1.35342975503385,2.02741688650221,1.47226757617133,0.807632390682511,1.69349760602424,0.180637979823595,2.93633708961658,1.60259662165341,0.458925189493939,33.0000000001,15.1445312501,0.458925189493939,33.0000000001,15.1445312501,0.364492172990955,0.365323546416197,1e-10,0.704321101369415,0.497292189397158,1.77980379707497,1.07930732711227,0,-0.0237508656972547,-0.011393439434306,-0.00634452819594514,-0.0169298813802849,0.606574692670314,-0.844519303673368,-0.203943360154912,0.693512759343731,0.693512759343731,-0.19925851126298,0.46002810872352,-1.3022318807129,-1.38103550981254,-1.25311324134621,-1.08177403180228,-0.538521623589522,-0.363020556550361,7645928803.97199,2958.0000000001,0.0449630542465697,0.0978819735847272,0.249014706092856,1.7281884356959,4641.55611281736,0.001953125,113,1,"SNETWORK (1 137 4641.55611281736 0.249014706092856 87000465 113)",87
137,87000466,0.862860863110206,188,-0.166057912338905,-0.453200003638288,-0.550040856219537,-0.551846948500872,-0.54975087933226,0.0101693335750497,-0.0326655223789699,-0.707771519744554,-0.429680990055533,-0.242130374091244,0.000297130838676512,0.14444506096247,-0.242130374091244,-0.242130374091244,-5.15327484035691,0.181784021809722,0.0155866657588458,-0.745235904487732,0.154825390046126,0,0,0.264817487664191,0.333376028400019,0.862860863110206,1,-0.802126181287252,-2.08161198354502,-1.91463047486331,-1.33770792038095,0.847297912670168,-0.650164728019581,-0.429645233099763,0.0460450186033405,0.0598767773316933,2.0000000001,0.000221424643152119,0.0691073335642819,14.0000000001,0.00178891431913121,0.00201033886228333,0.000181661601403046,-1.0004405448863,1.54216575054277,-1.63538244329334,-0.305522018068414,-0.761558707965252,-1.30674038158362,0.653598680577433,-7.47217772703938,-0.171498094390459,-4.56605167527612,-2.00332690652623,0.192111659794362,1e-10,1e-10,0.192111659794362,1e-10,1e-10,0.298349094506155,0.318934092211261,1e-10,0.0772411918754214,0.286668431799676,0.223400938669252,-0.0322999445425724,1.03276561575505e-16,1.25205827329644e-15,0.0657173421549554,0.0716405872441153,0.0519673074719143,-1.17581511472751,0.166549986846141,-0.600985011915136,-1.01038202404708,-1.01038202404708,-0.995182825671016,0.273553046242483,0.193599737532211,0.396132985312746,0.365189466648588,0.10273303354616,0.244432729815979,-0.345428993193239,1,14.0000000001,2.00087247538375e-05,0.000161652776649209,0.722768095061308,0.912377609293816,5464.44753798441,0.001953125,252,1,"SNETWORK (1 137 5464.44753798441 0.722768095061308 87000466 252)",87
318,87000467,-0.0151839775025982,67,0.847990630531859,0.546799996361712,0.449959143780463,0.448153051499128,0.45024912066774,0.908922107695429,0.950273272077647,0.515867368606147,0.68220517679399,0.016963666248015,0.386790888993039,-0.0886611639584198,0.016963666248015,0.016963666248015,0.195906335586624,-0.857219787171171,-0.699420815842788,0.0666086850990584,-0.94546856639773,-0.604424467785202,0.699593179675348,-0.759818089809216,-0.694672009762475,-0.0151839775025982,8,0.827397348523461,0.781573205043153,0.794488751215532,-0.415890510620385,-0.0155624625644982,-0.266592053675218,0.68219959482029,2.05383695111895,0.127052775500127,5344.0000000001,1.31449799344305,0.185727090324582,359.0000000001,0.129085964845277,1.44358395818833,0.013298703276441,1.03451299548014,-0.647853925917936,-0.508211708089825,-0.418940108423114,-0.203463968552855,0.588896705631316,-0.63748737210378,0.344517573191891,-0.328099673194521,0.274315572910536,0.576333005756862,0.189515904117857,35.0000000001,6.633056640725,0.189515904117857,35.0000000001,6.633056640725,0.58866271314162,0.60150237986389,1e-10,0.233535911850616,-0.0249937009677695,1.91908547624681,-0.25210049014108,1,0.867841683603148,1.1517511211886,1.1637685898318,1.1780916849822,-0.895319655842129,0.461423949243976,0.530136305133224,-0.803223743568343,-0.803223743568343,0.0490491843029802,0.188059713798823,0.391349717434137,0.612352390321804,1.48737490422978,-0.204340171853103,1.01090105890836,1.40887225506259,0,5344.0000000001,0.0121095268076032,0.00118917636883779,0.0922506231168985,6.13070979399958,17619.2340094675,5.82076609134674e-11,340,1,"SNETWORK (1 318 17619.2340094675 0.0922506231168985 87000467 340)",87
140,87000468,-0.310660333128969,135,0.016376969797183,0.0406255841243769,0,0,0,-0.0909578986174246,0,-0.51718766707156,-0.048732516119843,0.963107485558431,-0.731227297816553,0.979169211158184,0.963107485558431,0.963107485558431,-3.14038753981164,0.332197779417273,0.518852013005323,0.603462841944198,0.123589759625621,0.45221133369877,-0.305856068890666,-0.190739766812213,-0.0312046492625428,-0.310660333128969,2,0.362371243007689,1.02870920057196,1.04978703688483,0.6400810832727,-0.320674653492023,-0.585642134453325,-0.0487298669562589,0.0187440675166887,0.240290401627191,1255.0000000001,0.482503126366192,0.0834840286034832,22215.0000000001,2.96735630922531,3.4498594354915,0.0262290446848029,1.51416046264088,-1.1923459349383,-1.03509934803616,-0.646846866755112,-0.591076960655892,0.196008867195522,-0.870117125393693,0.0897557414158254,-1.67385228109085,0.0353647913085154,0.0357059727515198,0.0213558800342105,133.0000000001,2.84033203135,0.0213558800342105,133.0000000001,2.84033203135,0.174034300468649,0.287092466804686,1e-10,-2.53242783277404,-2.1831637182704,1.91050975248377,-0.738446102112191,0,0,-0.0247221470926318,-0.0137666363416776,-0.0101713335930266,-3.14854221933863,0.0307472208665833,0.557921984810164,-2.03718324840859,-2.03718324840859,-1.383537367515,0.967673979993121,-1.80311768906766,-2.26193332792022,-2.1769327941221,-1.28343662528212,0.146424880969214,-0.0336647398624927,0,22215.0000000001,0.00366843816339623,0.0225606064214067,0.159397917394909,9.54160648025572,6514.96231962707,0.000244140625,295,1,"SNETWORK (1 140 6514.96231962707 0.159397917394909 87000468 295)",87
137,87000469,0.371768843593857,125,-0.166057912338905,-0.453200003638288,-0.550040856219537,-0.551846948500872,-0.54975087933226,-0.0278194837796204,-0.058747092826537,-0.586414854174398,-0.399493144287486,-0.0757242082112437,-0.0208740146363454,0.156708878258323,-0.0757242082112437,-0.0757242082112437,-0.777804602922326,0.154012849092114,0.053817790517365,-0.680294789156405,0.119796288562207,0.0244718896476977,-0.0463928842676715,0.415324305327625,0.335969349634022,0.371768843593857,1,-0.338749876276839,-1.01457481542544,-0.983920066765364,-0.916806694844164,0.361880631055246,-0.306828118525085,-0.399490916275222,-0.0238614878774076,0.189021881039875,712.0000000001,0.248845286405983,0.0470583450151312,473.0000000001,0.0411561872886976,0.290001473594681,0.0109622557585174,-0.679218066024067,-0.493180674224958,6.93648349023265,-0.215579765333173,-0.162204952999,0.058396455881426,0.303307477543304,0.177021257418929,-0.428011748510541,1.93371331571938,0.940984149240744,0.102364676439286,14.0000000001,1.43310546885,0.102364676439286,14.0000000001,1.43310546885,0.235625367413138,0.166308319407612,1e-10,0.76160418992219,0.621574802399844,0.187858804003087,0.852419129927457,0,0,-0.0247221470926322,-0.0137666363416772,-0.0101713335930273,-0.00698975300553874,-0.206546335737313,0.789335056338673,-0.00722046505758161,-0.00722046505758161,-0.876146841781489,0.520267620248366,0.238655661596067,0.174939626282618,-0.0276074656620381,0.363821987328484,0.490891383632665,0.225607765041852,1414882134.4206,712.0000000001,0.00940652340496881,0.00155573225354863,0.510844748170469,2.95201534684747,5096.34483094333,0.001953125,214,1,"SNETWORK (1 137 5096.34483094333 0.510844748170469 87000469 214)",87
328,87000470,0.744363717798573,252,0.833942087661095,0.661934694919581,0.584902015722838,0.581791403280787,0.581496445193316,0.835393985595037,0.996860536012008,0.489237561700384,0.101805337081694,-0.0398542142452055,0.223293852239791,-0.250676278352694,-0.0398542142452055,-0.0398542142452055,0.701061795802196,-0.12580544136817,0.00035731169945028,1.00032819422511,-0.366495282907775,-0.560339494672534,0.667148486569063,-0.788859635579387,-0.682989322922567,0.744363717798573,8,0.399926168299407,0.437562896402126,0.44203494126573,-0.261132127929809,0.737366942823598,-0.525490662116839,0.101808047999323,0.642829970946815,0.325006639523898,2927.0000000001,1.84172285322206,0.0884071171857539,2937.0000000001,0.502690290466984,2.34441314358904,0.0282309219312161,0.502071624633378,-0.351855363923291,-0.193033670692324,-0.517905677099899,-0.563563147668976,-0.12960039203357,-0.670289296353737,-0.100008240309269,-0.924885980770741,-0.113411876032785,-0.139788714560025,0.112056408998305,59.0000000001,6.6113281251,0.112056408998305,59.0000000001,6.6113281251,0.00898648297652936,0.151857942338829,1e-10,-0.159505001324735,-0.464182462896541,-0.41617289489875,-0.344538084506862,1,0.955946779738606,1.27717508738715,1.28529677079185,1.31366454417867,0.531174964067434,0.447293578936319,-1.04500983963586,0.599673379560256,0.599673379560256,0.804164860244994,-1.69423603921,0.576841163562155,0.529729789790023,0.706001604705961,0.44388987243782,0.276817342998548,0.294547417930471,0,2937.0000000001,0.0221776328313339,0.00605328899988228,0.100521282559986,4.53152532205988,18770.3275479965,2.91038304567337e-11,466,1,"SNETWORK (1 328 18770.3275479965 0.100521282559986 87000470 466)",87
318,87000471,0.399696020735204,170,0.826606769083661,0.576140491778701,0.449959143780463,0.448153051499128,0.45024912066774,0.934971209005566,0.958004109790268,0.479009309811691,0.642369218984707,-0.0260844987180809,0.344861725507332,-0.10387848645388,-0.0260844987180809,-0.0260844987180809,-0.259173883369272,-0.892039814697577,-0.741024254828751,-0.0272146162276511,-0.966614032251253,-0.603050539930755,0.694143931109334,-0.735182512335809,-0.673195464551723,0.399696020735204,8,-0.278590812634361,0.379811782641659,0.383253946583523,0.766757714899282,0.400059731089963,0.472815798731112,0.642364745098773,-0.401578516006919,0.071527978278462,1412.0000000001,0.195532956926348,0.31263750723034,2657.0000000001,1.60820702599238,1.80373998281872,0.0227209612501195,0.425721407966345,0.367474707020763,0.654273124417059,0.731900766569882,0.464614001935791,-0.0433044910784151,-0.078832067519876,-0.0398215460682832,0.544680494572751,0,0,0.720366855937264,53.0000000001,38.179443359475,0.720366855937264,53.0000000001,38.179443359475,1.96937543419734,1.39300135844167,1e-10,-0.887729840745162,-1.40153075942584,-0.775450550747216,-0.686450756689352,1,0.955946779738605,0.975277852907368,0.986233363658323,0.989828666406973,-0.621007842451458,0.499063248962589,0.598315914243442,-0.581494066195556,-0.581494066195556,2.44248540068099,-1.02632088787149,-0.317045456441821,0.0134999499089962,1.0989002762847,-0.958229364231762,0.1754009836424,0.168928995110626,0,2657.0000000001,0.00246304720091812,0.0202579139492014,0.631493233213751,1.94168598236862,18258.288557965,5.82076609134674e-11,384,1,"SNETWORK (1 318 18258.288557965 0.631493233213751 87000471 384)",87
137,87000472,-0.0104520406627335,88,-0.169336007143403,-0.45983907781187,-0.612877153222713,-0.614349237474709,-0.609405455638136,-0.00533875518032386,-0.0224966357826822,-0.238385120053571,-0.381069411730343,0.00368126630722432,0.00513161294778955,0.0463621128860207,0.00368126630722432,0.00368126630722432,0.248151658734906,0.0791907773364381,-0.00542392299328138,-0.759566444349486,0.0584578635946613,0.0677281446396492,-0.117429098893948,0.617705950750841,0.326804535448277,-0.0104520406627335,1,-0.195018758071354,0.439067139421916,0.443567620098743,0.706139829252181,0.022388331474417,1.72022550314338,-0.38105599428692,-0.184438497760755,0.239970345285228,2233.0000000001,0.990794629464802,0.159611864117308,2016.0000000001,0.594967224311385,1.58576185367619,0.0190730213655998,0.50410606844042,0.189581035206845,-0.18255814788073,1.84726823158571,1.9123721244394,-0.37204091008233,0.368695572517972,-0.287078158586238,-0.304588431853578,0.20227413834871,0.104974472890201,0.404491360004661,59.0000000001,23.864990234475,0.404491360004661,59.0000000001,23.864990234475,0.746166586625618,0.284162685174118,1e-10,0.516508203615667,0.313776022634428,1.76745108027016,0.671092575436527,-1.03276561575505e-16,-0.0223939734992886,-0.0245158959071885,-0.0136517852102328,-0.0102759168754519,0.60975289605398,-0.933295987803646,0.341673389707693,0.697519022067484,0.697519022067484,0.334254152999462,0.566963488573239,-0.970589163938555,-1.16926676025537,-1.17241169511696,-0.677185754017013,-0.0149692159931651,0.102753218620074,747532896.882539,2233.0000000001,0.0119169514597036,0.00715606980589627,0.383556208032095,2.79741919814952,4875.24952979948,0.001953125,208,1,"SNETWORK (1 137 4875.24952979948 0.383556208032095 87000472 208)",87
318,87000473,0.210529172097049,125,0.847990630531859,0.546799996361712,0.449959143780463,0.448153051499128,0.45024912066774,0.931540804821115,0.963145979087086,0.594506669473685,0.668403335585807,0.00129675703388788,0.389044180150372,-0.0877522423443567,0.00129675703388788,0.00129675703388788,0.109422645313863,-0.900948329569366,-0.748500313622795,0.00154253198295051,-0.978879896972076,-0.603050539930755,0.694143931109334,-0.735182512335809,-0.673195464551723,0.210529172097049,8,0.692933033504129,0.480496276846706,0.485811313777331,-0.58242957819911,0.205500418615218,-0.293782021866522,0.668403760629568,2.03376861349743,0.144245063468612,6242.0000000001,1.7431471282172,0.10282481091689,4246.0000000001,0.845253992107081,2.58840112022428,0.0301430101775498,0.561074579709811,-0.699468086068493,-0.454859732178088,-0.137801452639272,-0.507754247155946,-1.14777462801099,-0.537787646550549,-0.858317927474923,-0.137363613592409,-0.274620283275662,-0.571097550131264,0.00293543208529412,85.0000000001,0.24951171885,0.00293543208529412,85.0000000001,0.24951171885,0.287428540998648,0.314557361963191,1e-10,0.941988594302577,0.707079934859087,2.06308590432499,1.14613833582838,1,0.911894231670875,0.975277852907368,0.986233363658323,0.989828666406973,0.195686587620677,-0.696109222842262,-0.650688850082541,0.208959094105536,0.208959094105536,-0.302938326911372,-0.111373003525922,0.433558910090285,0.225132216248804,-0.14715569755483,0.686837023497843,-0.49587872828634,-0.783904363501268,3534006.21586929,6242.0000000001,0.0202996749773334,0.00984333510021632,0.394002493695224,2.3955882333684,17976.8391055783,5.82076609134674e-11,328,1,"SNETWORK (1 318 17976.8391055783 0.394002493695224 87000473 328)",87
318,87000474,0.610374210222955,222,0.826606769083661,0.576140491778701,0.449959143780463,0.448153051499128,0.45024912066774,0.948009724488507,0.963985051268075,0.629809137001054,0.624169639789158,-0.0523641591514358,0.346191528680086,-0.114564497433085,-0.0523641591514358,-0.0523641591514358,-0.748487295727881,-0.886371871328614,-0.74015570219277,-0.00353764741996853,-0.964265450479496,-0.603050539930755,0.694143931109334,-0.735182512335809,-0.673195464551723,0.610374210222955,8,0.177294460647409,0.396073416009576,0.399793262070699,0.00628178838817825,0.605518195746554,-0.156961869932832,0.624164640932209,1.64698979422194,0.213387604852745,4610.0000000001,1.90449324029514,0.0764000236115094,2164.0000000001,0.320081129106591,2.22457436930173,0.0276688021087777,0.44687771133611,-0.314112895561743,2.57499725265759,-0.0739326779120067,-0.145666513153373,-0.284120558913739,-0.419314271488906,-0.226121575731088,0.0397983030691861,0.185303085088019,0.37660206875488,0.482490234475,75.0000000001,36.186767578225,0.482490234475,75.0000000001,36.186767578225,1.28546241394837,0.400459037779118,1e-10,0.0443577510104285,0.129303061828897,-0.238976855709874,0.196694352638716,1,0.955946779738605,0.975277852907369,0.986233363658323,0.989828666406973,0.227647640974234,-0.833122923309349,0.459082546270587,0.244370095869263,0.244370095869263,-0.825237616489534,0.624635784740901,0.193508826417291,0.0248090174431429,-0.332191560567514,0.458629326950342,-0.969769293332969,-0.671165426121477,0,4610.0000000001,0.0236876982489571,0.00398110375982053,0.889043259861422,1.61870354662917,18563.5102020136,5.82076609134674e-11,426,1,"SNETWORK (1 318 18563.5102020136 0.889043259861422 87000474 426)",87
140,87000475,-0.423276441239854,113,0,0,0,0,0,-0.135786410673427,-0.0140281892880664,-0.488229755992074,-0.0307662795891462,0.978685787027911,-0.707001197693252,0.952448937443074,0.978685787027911,0.978685787027911,-1.24418885865873,0.282410393624194,0.463430069739777,0.467521854292865,0.0935857465554307,0.45221133369877,-0.305856068890666,-0.190739766812213,-0.0312046492625428,-0.423276441239854,2,-0.0577181253143442,-0.341140273920283,-0.338332560726578,-0.566821045470257,-0.423836246833132,0.0898439553178851,-0.0307642524243997,0.186346363955088,0.20614380581651,2245.0000000001,0.740468550233081,0.188498604953908,6275.0000000001,1.89252599283164,2.63299454296473,0.0583471557741801,-0.289450087510955,-0.366835085546113,-0.46495916909413,-0.232438265198611,0.281704481974798,0.450416223455218,0.165995047393446,0.469841627388464,0.169565196462535,0,0,1.79591587621607,28.0000000001,50.28564453135,1.79591587621607,28.0000000001,50.28564453135,1.90253779996109,2.35877718774747,1e-10,-0.229410266599172,-0.319956382331756,-0.349639781223138,-0.269167273065321,0,0,-0.0247221470926318,-0.0137666363416772,-0.010171333593027,0.72869177025301,0.831000934196894,-0.412474048051883,0.850465308352716,0.850465308352716,1.18554727711193,-0.943237768377133,-0.0329014784328387,0.146377753154285,0.0831250345331749,-0.057728538487281,0.776655114110992,-0.434874038841303,0,6275.0000000001,0.0164087821159867,0.0419383735581934,0.041759653746829,2.72652275396303,6397.01305327569,0.000244140625,281,1,"SNETWORK (1 140 6397.01305327569 0.041759653746829 87000475 281)",87
56,87000476,-1.11758210252325,16,0,0,-0.0539298651555209,-0.0526282971591558,-0.0497659234028937,-0.322665830354786,-0.0525335963041864,-0.462501810780812,0.00809790940069005,1.01128695139618,-0.675161830891357,0.910727095073658,1.01128695139618,1.01128695139618,0.0933060526420178,0.149300470947027,0.319797120017839,0.12125361598649,0.0111312172784721,0.396949460069245,-0.3182243350896,0.145121969788322,0.0313608172450206,-1.11758210252325,2,1.02238970923671,-0.137027273049741,-0.136649835681132,-1.37014355273622,-1.11393237299697,0.812189131987553,0.00810195327076119,2.25155219760293,0.501825712138085,6874.0000000001,5.51927991137503,0.0687046142060613,4210.0000000001,0.462794280718039,5.98207419199306,0.112908328161119,-0.125472539724469,-0.96804235356226,-1.14747331382296,0.495726686623423,0.597700142064699,0.0472436875852225,0.437721382485913,0.066727255753242,0.513942000520765,0.738270326085816,0.807225555982105,0.4260986329125,40.0000000001,17.0439453126,0.4260986329125,40.0000000001,17.0439453126,0.447625153703676,0.316379137603545,1e-10,-0.739326009339818,-0.944794908744206,-0.728422786118014,-0.613314270510433,-0.0232557920329049,-0.14537465218179,-0.0456386537822686,-0.0156235779160853,-3.8573928898018e-16,-0.776279692985506,-0.595905734337849,0.0327892875019657,-0.709428321428635,-0.709428321428635,1.04454353766643,0.654069238649004,0.0295804510800867,-0.122094857702211,-0.521804818265646,0.335079505130155,-0.331865600961295,-0.133120690766944,0,6874.0000000001,0.104173343040096,0.00873498502102246,0.340368852848905,0.976517225844509,5827.4983245354,0.00048828125,25,1,"SNETWORK (1 56 5827.4983245354 0.340368852848905 87000476 25)",87
328,87000477,0.781656246443479,260,0.833942087661095,0.661934694919581,0.679648502105189,0.676245639047415,0.674971766192546,0.844139882036179,1.01547494738982,0.204395990313044,0.0936918386844068,-0.0418732270370903,0.243981179058416,-0.268356686317556,-0.0418732270370903,-0.0418732270370903,-0.784839908823323,-0.112774333250366,0.00889644239757493,1.01323367195605,-0.355694868622114,-0.560339494672534,0.667148486569063,-0.788859635579387,-0.682989322922567,0.781656246443479,8,0.309616462603591,0.890775803266226,0.9071046507275,0.513729774381807,0.774980325539092,-0.518152912419397,0.0936965773046196,0.0735923292931588,0.232940555345536,4375.0000000001,1.9730245325505,0.0913338033694514,4059.0000000001,0.717728043570376,2.69075257602087,0.0227708108830065,1.23524411722376,0.531550301034155,6.08880715787979,-0.519959781322781,-0.605793653313692,-0.200871091709117,-0.802042305182392,-0.113834820515374,-1.27069832640696,0.0084388617019342,0.0104262046416714,0.173928653592647,68.0000000001,11.8271484376,0.173928653592647,68.0000000001,11.8271484376,0.815996153329684,0.578261783181797,1e-10,-0.606018813474486,-0.538723458361899,-0.0798756252110097,-0.376575167253832,1,0.955946779738605,1.27717508738715,1.28529677079185,1.31366454417867,0.261671622642483,0.622366793535242,-0.640488979295569,0.282473680139194,0.282473680139194,-1.73539099293083,-1.11863883053869,0.411340002853372,0.333410416133507,0.518847542673814,0.316971198471107,1.03129280669647,0.404175273341711,0,4375.0000000001,0.0166969526297989,0.00607385815320762,0.166983932380634,6.82997202453499,18820.1295327099,2.91038304567337e-11,473,1,"SNETWORK (1 328 18820.1295327099 0.166983932380634 87000477 473)",87
56,87000478,-0.581477823831534,84,0,0,0,0,0,-0.230557909003629,-0.026182586411323,-0.372417720465215,-0.00758199566067973,0.974862323824809,-0.661322658607011,0.912154375544703,0.974862323824809,0.974862323824809,-0.167791291861741,0.20886574822694,0.384493988732047,0.296769410246034,0.0453548926168841,0.442037567785408,-0.329724348592432,0,0,-0.581477823831534,2,0.033639015818085,1.2881518753532,1.31933482960963,1.80152284672678,-0.550967184033297,0.520618477713728,-0.00734892812474258,0.0254715490799725,0.664825002382228,7999.0000000001,8.5086963093017,0.205084778278637,11421.0000000001,3.74763720262198,12.2563335118237,0.0761961214127046,2.12629445656254,-0.102302623899851,0.107990978524688,0.823128343828651,0.33719778300672,-0.0297086292872349,-0.519773757012837,-0.0100465751597697,-0.75817797479311,0,0,1.05110677093333,105.0000000001,110.3662109376,1.05110677093333,105.0000000001,110.3662109376,4.53212587497311,1.24826651795165,1e-10,-0.17726846034227,-0.0689062711125689,1.92296968480813,-0.0273151873210857,-0.0232557920329048,-0.14537465218179,-0.0247221470926322,-0.0137666363416772,-0.0101713335930273,0.654949474879895,0.624166250905614,-0.882351692714241,0.754942031400819,0.754942031400819,-1.51296432745332,-0.994561848672961,-0.611300982943457,-0.395572299105749,0.136689356682646,-0.862544686998656,-0.103888098519732,-0.144621076765773,0,11421.0000000001,0.05289752074458,0.0232986005681246,0.844499860076399,1.51010765104786,6230.7570884357,0.00048828125,78,1,"SNETWORK (1 56 6230.7570884357 0.844499860076399 87000478 78)",87
137,87000479,0.230546979114275,106,-0.169336007143403,-0.45983907781187,-0.612877153222713,-0.614349237474709,-0.609405455638136,0.0155351021607988,-0.0204742812581213,-0.270309714006872,-0.38357595828844,-0.0181224368884606,0.0228539822978836,0.0402605461083913,-0.0181224368884606,-0.0181224368884606,0.151015839868414,0.0952149241033706,0.0106152233356536,-0.728371798519668,0.0697481528467736,0.0677281446396492,-0.117429098893948,0.617705950750841,0.326804535448277,0.230546979114275,1,-1.58686814441948,-1.00659449275679,-0.976482420409149,1.0691143938705,0.231956297199217,1.42895176298937,-0.383555466726265,-0.645188981295065,0.762731923473598,2405.0000000001,3.39175402436884,0.761796633022929,145.0000000001,0.204241690173144,3.59599571444198,0.135066613558025,-0.675683476614333,-0.59123888567931,-0.0703552634448115,1.20753508282475,1.44517808069812,0.256137404905223,1.48922868606226,0.65251970082198,0.704746738701554,1.70029662971021,0.867114326215957,0.694223257311538,13.0000000001,9.02490234385,0.694223257311538,13.0000000001,9.02490234385,0.0966501042833627,0.716153058354817,1e-10,-0.377370359573919,-0.33693962850673,-0.232199706792968,-0.186449153873525,-1.03276561575505e-16,-0.00539170773484047,-0.0247221470926315,-0.0137666363416769,-0.0101713335930266,0.617619589319144,-0.728334612281346,0.515412556530341,0.707453170003138,0.707453170003138,0.135645818398012,0.731412156147636,-1.00333174321302,-1.16482047758134,-1.24029769439538,-0.686541502774436,1.34274342178787,1.30383447386097,0,2405.0000000001,0.12739523796247,0.00767137549555479,0.441652877061914,1.24923064018251,4976.16121062039,0.001953125,246,1,"SNETWORK (1 137 4976.16121062039 0.441652877061914 87000479 246)",87
318,87000480,0.467669161890986,184,0.826606769083661,0.576140491778701,0.449959143780463,0.448153051499128,0.45024912066774,0.944013713820088,0.96169711976615,0.575884020365096,0.639119979809788,-0.0332210139344972,0.3566139530674,-0.103474454318911,-0.0332210139344972,-0.0332210139344972,-0.29426046103664,-0.903728029166653,-0.754035486908703,-0.0271292182537637,-0.977814504048958,-0.603050539930755,0.694143931109334,-0.735182512335809,-0.673195464551723,0.467669161890986,8,-0.846376127674428,-0.423730485141189,-0.419242596471296,0.524967942496086,0.462007081179262,0.207021639964443,0.639127672303935,-0.705636116497285,0.175021600110449,1271.0000000001,0.430671885779944,0.28448532216444,449.0000000001,0.247295108884564,0.677966994564508,0.0160341589788769,-0.348811181722171,0.0381613978747641,-0.457323657781769,0.103071646227171,0.502618042122667,0.964176375382838,0.304837018517499,1.47966949928287,0.987987501872081,1.45465907093319,2.96231632061811,0.358720703225,25.0000000001,8.968017578225,0.358720703225,25.0000000001,8.968017578225,0.0941603890512208,0.215918617859607,1e-10,-0.21792806705673,-0.340188881177059,-0.357952172419532,-0.173318886620014,1,0.955946779738605,0.975277852907368,0.986233363658323,0.989828666406973,0.557216333168749,-0.932987800676459,-0.172480003991176,0.631823403494761,0.631823403494761,-0.139139269985073,-0.0377015836360958,0,-0.184188626083472,-0.608342490957084,0.339496264861451,-0.633515215984019,-0.432544396382971,0,1271.0000000001,0.0101855422108152,0.00584861666806175,0.703475846380156,0.733441393822432,18343.594903375,5.82076609134674e-11,345,1,"SNETWORK (1 318 18343.594903375 0.703475846380156 87000480 345)",87
137,87000481,0.44470918215627,134,-0.166057912338905,-0.453200003638288,-0.550040856219537,-0.551846948500872,-0.54975087933226,-0.0278622677673512,-0.0560950791074206,-0.6300650899948,-0.401613576014081,-0.0898388780780936,-0.0103849697976107,0.131132053167376,-0.0898388780780936,-0.0898388780780936,-0.895361476280946,0.15105568840147,0.0483972224813719,-0.685862156327437,0.117688018077906,0,0,0.264817487664191,0.333376028400019,0.44470918215627,1,-0.39149109002733,-0.501349946370251,-0.494887386641929,-0.320448206904506,0.434801691987765,-0.36579111053625,-0.401608707195796,-0.0893091946119729,0.0963603016738399,966.0000000001,0.17211258273448,0.0854713872472253,2373.0000000001,0.375021213860311,0.547133796494791,0.0137574049604873,-0.40125953660607,-0.573865473085746,1.4047976415943,-0.249367873832052,-0.188867053921851,0.09861431823799,-0.100479796844075,0.177210992650479,-0.906344665496204,3.49430895754399,1.68331146975547,0.185513583196591,22.0000000001,4.081298828225,0.185513583196591,22.0000000001,4.081298828225,0.119720040704798,0.0423332666311131,1e-10,0.344026069471416,0.349891954838568,1.75442370937414,0.383274937410042,0,0,-0.0247221470926315,-0.0137666363416776,-0.0101713335930273,-0.00439276158461028,-0.60882858784307,1.01506989290484,-0.00453967175751931,-0.00453967175751931,-0.340185746267372,0.375202014467788,1.05489192131783,0.97468072031803,0.377938336896739,1.25395435799064,-0.708370147889674,-0.669141695529066,0,2373.0000000001,0.00432768455629833,0.00942972030418895,0.543494956952422,0.464912542083766,5153.05698849662,0.001953125,119,1,"SNETWORK (1 137 5153.05698849662 0.543494956952422 87000481 119)",87
137,87000482,-0.511859963948353,51,-0.169336007143403,-0.45983907781187,-0.612877153222713,-0.614349237474709,-0.609405455638136,0.0215356456196128,0.0128066604488288,0.0271772315820452,-0.36181814959595,0.0972141542472351,-0.0393838329640368,-0.016190136565226,0.0972141542472351,0.0972141542472351,0.519598022428097,-0.00784646006598048,-0.0890155579439326,-0.912907120987201,-0.00495163164752732,0.0677281446396492,-0.117429098893948,0.617705950750841,0.326804535448277,-0.511859963948353,1,-0.896449320886704,-0.564250597581731,-0.555892998432242,0.395712852490723,-0.506270388242222,1.38491719111334,-0.361670642652565,-0.383450796149791,0.580338809480841,793.0000000001,0.850926690826737,0.106922838041921,487.0000000001,0.0962801555952127,0.94720684632195,0.0250309479689015,-0.441520556262849,0.407067073782784,-0.232512301724099,0.854363481819911,1.80922728152321,2.28976789364757,1.05916991689577,3.90371119524004,0.403022715051796,2.62706249523545,1.42331650957927,0.191913311398077,13.0000000001,2.494873046975,0.191913311398077,13.0000000001,2.494873046975,0.189154244904189,0.0327912693580729,1e-10,-0.220801267484988,-0.227913187141658,-0.292829040294312,0.125526124295162,0,-0.044053220261396,0,-3.57648972802931e-16,-0.0227070388776265,1.07203406962532,-1.10115100824289,0.379792349203828,1.32668971007226,1.32668971007226,-0.287412640846695,0.213780029951158,-1.18458695150672,-1.40558247971398,-1.50171745431156,-0.796723895447007,-1.02710727729478,-0.259805186385038,0,793.0000000001,0.0224866424063482,0.00254430546255331,0.268333698237479,0.690482529293472,4675.11245953457,0.001953125,236,1,"SNETWORK (1 137 4675.11245953457 0.268333698237479 87000482 236)",87
137,87000483,0.735791656430005,175,-0.166057912338905,-0.453200003638288,-0.550040856219537,-0.551846948500872,-0.54975087933226,-0.0208242209933045,-0.0458429200644962,-0.725988685265826,-0.424617191676723,-0.204350347764551,-0.0240478501146148,0.206949190507665,-0.204350347764551,-0.204350347764551,-3.99685091677126,0.183774405420653,0.0312224434572846,-0.707847904443003,0.151871159419954,0,0,0.264817487664191,0.333376028400019,0.735791656430005,1,-1.46745538818866,-1.55125683822054,-1.46935734766402,-0.0524052322971994,0.723743829190728,0.399618229736064,-0.424496963121295,-1.01792238695437,0.0709514278469781,36.0000000001,0.00472281564922919,0.0680758736121393,299.0000000001,0.0376358524021371,0.0423586679513663,0.00246892544641707,-0.87330703928292,-0.121915945148312,-0.235970014922345,0.0927832098071698,0.545914097201901,1.11372381759242,1.40916081842697,4.2299659115373,0.512503980473669,-2.69964153960897,-1.2011797041188,0.150716145933333,6.0000000001,0.9042968751,0.150716145933333,6.0000000001,0.9042968751,0.258770102146268,0.0942162593178481,1e-10,-0.139015949788542,0.00142788500529416,-0.138464549276774,-0.0953226628541021,1.03276561575505e-16,0,-0.0247221470926318,-0.0137666363416772,-0.010171333593027,-0.468912299871062,-0.0677091455723185,-0.213316923270886,-0.449750004767533,-0.449750004767533,0.647558261919447,0.794076623075126,-0.245447838208822,-0.109255307065189,0,-0.300992308283699,0.52729191724579,0.248250498998535,0,299.0000000001,0.00027527492264062,0.00219365042377645,0.676285196310072,1.07823010476153,5383.7085296945,0.001953125,144,1,"SNETWORK (1 137 5383.7085296945 0.676285196310072 87000483 144)",87
328,87000484,0.740604360707376,251,0.833942087661095,0.661934694919581,0.584902015722838,0.581791403280787,0.581496445193316,0.835489154751499,0.996860536012008,0.489237561700384,0.101851939976784,-0.0397266986292156,0.223430961532061,-0.250862682846826,-0.0397266986292156,-0.0397266986292156,0.689781124426283,-0.12578692299722,0.000357831178119233,1.00026991079818,-0.366469679910343,-0.560339494672534,0.667148486569063,-0.788859635579387,-0.682989322922567,0.740604360707376,8,0.455208787414037,0.509396232043492,0.515314756798421,-0.248657863192542,0.731929901331121,-0.555506175138138,0.101854322370902,1.66184422645403,0.369842471045865,5230.0000000001,3.74479279427826,0.0744659568482509,3399.0000000001,0.490025025561726,4.23481781973999,0.0482179047109834,0.601904913948258,-0.206500096781441,-0.294481524356133,-0.524885345990326,-0.67543770759492,-0.420587869020265,-0.714060082198753,-0.308112335905429,-1.02755683774339,-0.258394796887347,-0.318563475005712,0.0994047278113971,68.0000000001,6.759521484475,0.0994047278113971,68.0000000001,6.759521484475,0.00250040080524122,0.170721603979463,1e-10,-0.369477071003289,-0.244018451256642,1.95294640720896,-0.261948190581213,1,0.955946779738605,1.12622647014716,1.13576525923632,1.15174660529271,0.345307764600854,0.340149217806935,-1.03306641111358,0.377951208687176,0.377951208687176,0.740340420703099,-1.56951259325361,0.432627508574775,0.363003217708977,0.554696714221077,0.327283869847497,0.257499941216533,0.294547417930909,0,5230.0000000001,0.0426384485538355,0.00557945605714791,0.0904410484630066,5.93981823255371,18762.7741978704,2.91038304567337e-11,465,1,"SNETWORK (1 328 18762.7741978704 0.0904410484630066 87000484 465)",87
137,87000485,-0.765106264249028,35,-0.169336007143403,-0.45983907781187,-0.612877153222713,-0.614349237474709,-0.609405455638136,-0.00967531268455841,0.00647637251916232,0.0200877792891923,-0.359451247628421,0.121240966205845,-0.0659372516327362,-0.0113794662967122,0.121240966205845,0.121240966205845,0.558671348619713,-0.0249532703770829,-0.106040978891554,-0.951982231500502,-0.0162535873622021,0.0677281446396492,-0.117429098893948,0.617705950750841,0.326804535448277,-0.765106264249028,1,-0.580787640158665,-0.219618270919003,-0.218539878806784,0.360585616450425,-0.747252812021037,1.0600061458916,-0.359448980536212,0.0440133245550485,0.799110672190307,2611.0000000001,3.85790160668828,0.614973247600596,2342.0000000001,2.66305697954166,6.52095858612994,0.13132878254073,-0.194943490328997,0.349829953080226,-0.10673193536667,0.635620441758289,1.55926393385617,2.25025754773998,0.619933117321586,2.92009885024433,0.0070877526976123,2.79135065214376,1.52154174228705,2.11946105967031,32.0000000001,67.82275390635,2.11946105967031,32.0000000001,67.82275390635,2.67009670363155,2.84118318391287,1e-10,-0.466081401719785,-0.846304421012384,-0.464401524147402,-0.501969860651192,0,-0.044053220261396,0,-3.57648972802931e-16,-0.0227070388776269,0.248526326206324,0.43114859943776,-0.957622669565459,0.26770217558561,0.26770217558561,0.293908799879511,-0.444317309687658,-0.639573379358712,-0.473782341129622,-0.664758276272356,-0.491402705843667,0.151254231414745,-0.0399875720788654,0,2611.0000000001,0.0776961721325446,0.0536326103081858,0.216709619116493,4.1939162311145,4585.44341857362,0.001953125,195,1,"SNETWORK (1 137 4585.44341857362 0.216709619116493 87000485 195)",87
328,87000486,0.796540083924709,264,0.833942087661095,0.661934694919581,0.679648502105189,0.676245639047415,0.674971766192546,0.845972209107015,1.01767357117941,0.26793942522778,0.0928009685525633,-0.0447880359682417,0.247388168754144,-0.270200399689925,-0.0447880359682417,-0.0447880359682417,-1.06570303340571,-0.112805630512394,0.00970187941491859,1.03054277203836,-0.357974267566098,-0.560339494672534,0.667148486569063,-0.788859635579387,-0.682989322922567,0.796540083924709,8,0.0918136364529817,0.342074723322059,0.344910517081592,0.0638749797399949,0.78955953111466,-0.601510768903766,0.0928918627009858,0.655493861523271,0.430621409811916,9433.0000000001,7.86420406641197,0.133551941629894,3491.0000000001,0.902629195113282,8.76683326142525,0.113732337390484,0.377635037154562,-0.322714600256755,0.224101490507785,-0.6303185767513,-0.695386119596755,-0.155441311846137,-0.692816920431362,-0.128000966740424,-0.987510205849519,-0.291783684612931,-0.355778049652821,0.1875000001,61.0000000001,11.4375000001,0.1875000001,61.0000000001,11.4375000001,0.202243949450858,0.0393715182445098,1e-10,-1.50758977266464,-1.6495941356028,-0.322372976551606,-0.672663334946835,1,0.955946779738605,1.27717508738715,1.28529677079185,1.31366454417867,0.376631225038315,0.628527768699678,-0.549476279896074,0.414383780372547,0.414383780372547,-3.29080328072802,-2.0233183218038,0.887784888260162,0.831470266538038,1.12374037775121,0.648595777952075,1.00604926027371,0.241201931785681,0,9433.0000000001,0.102022507184742,0.0117098301057422,0.19487510417225,4.10213954452462,18841.0290261088,2.91038304567337e-11,477,1,"SNETWORK (1 328 18841.0290261088 0.19487510417225 87000486 477)",87
318,87000487,0.33623851358545,157,0.847990630531859,0.546799996361712,0.449959143780463,0.448153051499128,0.45024912066774,0.939523572655507,0.963882498369067,0.574557540698552,0.656779031060173,-0.0101680906227591,0.376847152509639,-0.0974630894203261,-0.0101680906227591,-0.0101680906227591,0.0347113691747807,-0.927855929608824,-0.776476861760695,-0.0474867993216174,-0.998271955862456,-0.603050539930755,0.694143931109334,-0.735182512335809,-0.673195464551723,0.33623851358545,8,0.714872964055791,1.86924592893334,1.92746530660275,1.433301489238,0.334662972248415,-0.542757239753209,0.656844521065177,0.675251333405151,0.170141272352344,5412.0000000001,1.78269392904945,0.166880580883619,4089.0000000001,1.32108948141052,3.10378341035997,0.0123041914140705,4.03427499891899,4.2266883006591,2.0603736117021,-0.417263646214543,-0.456744983551597,-0.115515687799362,-1.0020609287345,-0.0402594454090483,-1.53971615774721,-0.0950847546534302,-0.195679466904895,0.349183005108971,209.0000000001,72.979248046975,0.349183005108971,209.0000000001,72.979248046975,3.49248276977463,0.83956609042861,1e-10,-1.4662424905264,-1.82090436322184,-0.742963114540109,-0.700629265493619,1,0.955946779738605,0.975277852907368,0.986233363658323,0.989828666406973,-0.146651766189315,0.269488933150446,-0.917129014759709,-0.148102214212774,-0.148102214212774,-2.86746392399883,-2.0233183218038,-0.26359578518583,-0.528105973563475,-0.122951095139428,-0.262618862907141,0.378233702354696,0.342844388721201,0,5412.0000000001,0.00706705470611071,0.00523713660795982,0.570185545280989,7.93966993639263,18185.6330294557,5.82076609134674e-11,362,1,"SNETWORK (1 318 18185.6330294557 0.570185545280989 87000487 362)",87
318,87000488,0.416085370300342,173,0.826606769083661,0.576140491778701,0.449959143780463,0.448153051499128,0.45024912066774,0.935082438940021,0.958231509214142,0.48095441175546,0.642253204031085,-0.0262220091935165,0.344709183054994,-0.103953640697416,-0.0262220091935165,-0.0262220091935165,-0.260045907936251,-0.891797271479588,-0.740868327729497,-0.0265464612571923,-0.966470198154371,-0.603050539930755,0.694143931109334,-0.735182512335809,-0.673195464551723,0.416085370300342,8,-0.495784459656438,0.121489141030311,0.121914316084375,0.751671807793,0.411150151128383,0.0260539668599684,0.642253489694763,-0.30671561223477,0.352909675234303,4770.0000000001,3.25905181650913,0.356441137556739,4298.0000000001,2.96594814398379,6.22499996039292,0.0959477264851604,0.122881500172371,0.0163742398363977,-0.968134414143535,0.058831495896448,-0.311891968179356,-1.18904047309642,-0.166838835086975,-1.17158495031666,0.428941655875304,-0.535701876799393,-1.09300100139566,0.522008825331482,54.0000000001,28.1884765626,0.522008825331482,54.0000000001,28.1884765626,1.53209381855381,1.09724945655832,1e-10,-0.736016847109409,-1.02200839554096,-0.678603574447694,-0.596375712852339,1,0.955946779738605,0.975277852907368,0.986233363658323,0.989828666406973,0.367218189442888,0.598760759038105,-0.601291966336666,0.403396339756974,0.403396339756974,1.20417251842618,-0.670869628817365,0.145271361632583,0.157101244453134,-0.12905076154582,0.290084708941944,0.981902508046053,0.328558923977049,0,4770.0000000001,0.0502327090683498,0.0457150173168106,0.649241958806581,0.738295359728351,18279.3225111574,5.82076609134674e-11,378,1,"SNETWORK (1 318 18279.3225111574 0.649241958806581 87000488 378)",87
137,87000489,-1.08406024545959,16,-0.169336007143403,-0.45983907781187,-0.612877153222713,-0.614349237474709,-0.609405455638136,-0.0390494555336028,-0.00336934950680642,-0.00641958265766857,-0.357325072587291,0.146717171697167,-0.0950909241416636,0.000730956180124809,0.146717171697167,0.146717171697167,0.590912254766715,-0.0347793598602576,-0.116593309334468,-0.988232851341082,-0.0209504123549763,0.0677281446396492,-0.117429098893948,0.617705950750841,0.326804535448277,-1.08406024545959,1,-0.85479583110481,-0.0630374558398608,-0.0629813714009666,1.16662792487565,-1.06978021710196,1.79628692581019,-0.357285079337574,-0.195736941981416,0.250932450863432,5606.0000000001,2.60104140835265,0.181812179970317,2479.0000000001,0.833368047997813,3.43440945625046,0.0611666754800508,-0.0593690450634094,-0.616631056485469,-0.750561137827376,1.87196767668477,1.24398591489144,-2.38314244495642,0.79046931455449,-2.71627956400773,0.173736555726598,-1.74681842753414,-0.955303006856563,0.29753268504898,49.0000000001,14.5791015626,0.29753268504898,49.0000000001,14.5791015626,0.936442806105236,0.762555442843662,1e-10,-0.463201635902749,-0.03850353178613,1.78170296492744,0.0194325390846639,1.03276561575505e-16,-0.0440532202613954,3.42243995575329e-16,-3.57648972802931e-16,-0.0227070388776265,0.392829282772747,-0.369409064283775,-0.244643603130096,0.433370070224138,0.433370070224138,0.0389001503231002,0.2866869996361,-0.133870937940125,-0.19570913092083,-0.46073394288978,0.0841942227969626,-1.15447606308927,-0.644750749540378,0,5606.0000000001,0.046324428551681,0.0148422468283697,0.159410601106309,1.58570257353036,4485.91722691145,0.001953125,105,1,"SNETWORK (1 137 4485.91722691145 0.159410601106309 87000489 105)",87
140,87000490,-0.426720071075345,112,0,0,0,0,0,-0.135786410673427,-0.0140281892880664,-0.488229755992074,-0.0307598798958064,0.978684227595453,-0.707007828970544,0.952448820391782,0.978684227595453,0.978684227595453,-1.24390424311676,0.282394112564309,0.463413803052758,0.467497771445987,0.0935729795360979,0.45221133369877,-0.305856068890666,-0.190739766812213,-0.0312046492625428,-0.426720071075345,2,-0.0667443448798186,-0.25283079767651,-0.251364401115492,-0.45851397595102,-0.42568512922877,0.505545060672143,-0.0307399665839964,0.100284709348759,0.187444598406253,4313.0000000001,1.2935176840907,0.275555938771082,4045.0000000001,1.78339803517774,3.07691571916844,0.0636068562619045,-0.221657358324733,-0.707429888003652,-0.298413495659933,0.0645872810800956,0.457404340406499,0.973340499774279,0.363351721195823,1.30345795293576,0.383571659508224,0.526963499510931,0.545907866709991,1.4182421876,25.0000000001,35.4560546876,1.4182421876,25.0000000001,35.4560546876,1.2534807929621,1.79566556903266,1e-10,-1.88804084450844,-1.84291047119246,-0.793788300294678,-0.688156152729114,-1.03276561575505e-16,0,-0.0247221470926318,-0.0137666363416769,-0.010171333593027,0.802279186071329,0.828429016115668,-0.580307798599374,0.948100903398652,0.948100903398652,-2.40513617524011,-2.0233183218038,0.0988877548091399,0.0889884718039397,0.293504107737716,0.012019405759916,0.769411088442695,-0.299066983163259,0,4313.0000000001,0.0267399567555871,0.0368668994063174,0.0349492319769443,2.41366649412991,6390.18462665334,0.000244140625,285,1,"SNETWORK (1 140 6390.18462665334 0.0349492319769443 87000490 285)",87
328,87000491,0.8076673333162,266,0.833942087661095,0.661934694919581,0.679648502105189,0.676245639047415,0.674971766192546,0.845972209107015,1.01767357117941,0.26793942522778,0.0927843949877602,-0.0447661056857346,0.247377404700963,-0.27021436890269,-0.0447661056857346,-0.0447661056857346,-1.07023522880392,-0.112811977498364,0.00971355148099233,1.03078956080741,-0.358012411906831,-0.560339494672534,0.667148486569063,-0.788859635579387,-0.682989322922567,0.8076673333162,8,-0.0408298152568858,-0.0414949847989691,-0.0414801173273368,-0.242976240705709,0.796838845430658,-0.527377887477458,0.0927855301024633,0.934174478730348,0.249094916565177,8737.0000000001,4.21343716659966,0.0835185762147357,1692.0000000001,0.273585302127581,4.48702246862724,0.0785752043974533,-0.0394036926570625,-0.664748060011443,-0.926496902707595,-0.453257862806642,-0.646717256157998,-0.576429532764228,-0.486909754033727,-0.640284385577628,-0.569828244273197,-0.587176118180456,-0.715981350316254,0.319561652517453,53.0000000001,16.936767578225,0.319561652517453,53.0000000001,16.936767578225,0.442934231013074,0.157532457806826,1e-10,-0.0124428210170273,-0.0827029775689398,-0.286694477486959,-0.127359745601072,1,0.955946779738605,1.27717508738715,1.28529677079185,1.31366454417867,0.0958855553793475,0.656966215565893,-0.352167032695918,0.100726670277789,0.100726670277789,0.501293401731769,-0.371513205799622,-0.408732296872901,-0.396561351581377,0.143701985819976,-0.593836547506828,1.77586608333301,0.695539215077522,0,8737.0000000001,0.0737842719697501,0.00479093232770318,0.207691133370521,3.34984997007996,18850.6323701214,2.91038304567337e-11,479,1,"SNETWORK (1 328 18850.6323701214 0.207691133370521 87000491 479)",87
137,87000492,0.295917206034062,113,-0.169336007143403,-0.45983907781187,-0.612877153222713,-0.614349237474709,-0.609405455638136,-0.00105829326566651,-0.0423834880684267,-0.437506432364666,-0.390368494342507,-0.0449295669087784,-0.000181646735378504,0.0918362575633281,-0.0449295669087784,-0.0449295669087784,-0.189789171625656,0.126891709656582,0.0392046463807587,-0.694248261058149,0.0956446356132407,0.0244718896476977,-0.0463928842676715,0.415324305327625,0.335969349634022,0.295917206034062,1,-0.622923177316496,-0.172026400384526,-0.171397072598175,0.511049860691538,0.290168547279115,-0.26068837281341,-0.39033761584592,-0.404662348012401,0.114622848357839,536.0000000001,0.113598691940691,0.0632485576406463,256.0000000001,0.0299383551946204,0.143537047035312,0.00278466660811927,-0.155452419301237,-0.818493547186394,0.0639807866012964,-0.35415228641128,-0.134298256102111,0.578153306131456,-0.200121446481098,0.730151652306027,-1.00575040444319,-0.37751007742992,-0.187683883486445,0.201301126019118,17.0000000001,3.422119140725,0.201301126019118,17.0000000001,3.422119140725,0.148570818072966,0.0187940340547084,1e-10,-0.248921630708958,-0.0206731907217792,0.179232799602438,-0.0154928177822799,0,6.2602913664822e-16,-0.0247221470926318,-0.0137666363416769,-0.010171333593027,0.0183444100781114,-0.323306337776615,0.900752035295378,0.0190282155585834,0.0190282155585834,-0.601216244157408,0.525164210305856,-0.300087607658476,-0.351221477886438,-0.200818237718348,-0.271919115626515,0.76091046392617,2.18313563874004,0,536.0000000001,0.00220385244986612,0.000580814058253151,0.469006494104355,1.43580559367547,5023.6733919275,0.001953125,224,1,"SNETWORK (1 137 5023.6733919275 0.469006494104355 87000492 224)",87
318,87000493,0.57683796891922,213,0.826606769083661,0.576140491778701,0.449959143780463,0.448153051499128,0.45024912066774,0.956340690492357,0.96840021093493,0.709458169479897,0.632723732458687,-0.0441575145045703,0.371227875876092,-0.108514584967287,-0.0441575145045703,-0.0441575145045703,-0.384297341709343,-0.921776251647012,-0.7765310371478,-0.0421219800257958,-0.993148994750628,-0.603050539930755,0.694143931109334,-0.735182512335809,-0.673195464551723,0.57683796891922,8,0.00840960114563852,-0.143087360376411,-0.142670982068531,-0.429713394166628,0.568029740971141,-0.0239571962541367,0.632722774178113,0.0712155722798488,0.0871945582811871,5965.0000000001,1.00695288621734,0.0776206709934209,730.0000000001,0.109700744306913,1.11665363042425,0.0211767235893035,-0.130721585603255,-0.20221838651125,-0.12728389333093,0,0.118398717985696,-0.207341215346138,-0.0423410151779847,-0.286920441339081,0.583879176791491,0,0,0.0869061870959677,31.0000000001,2.694091796975,0.0869061870959677,31.0000000001,2.694091796975,0.180434898855142,0.189356933116709,1e-10,0.343937186528824,-0.0692265948281191,0.726691047111521,-0.358453731515526,1,0.955946779738605,0.975277852907368,0.986233363658323,0.989828666406973,-1.31455460555024,0.280412166517814,0.712910126857076,-1.10606494437538,-1.10606494437538,0.0876178649508972,-0.189823437355726,0.0782708805709522,0.228917496402524,0.737739916278326,-0.242478992923464,0.216450462429412,1.03599098411104,0,5965.0000000001,0.0190963090585851,0.00208041443071835,0.84883918079074,1.89363075048732,18515.8644872329,5.82076609134674e-11,406,1,"SNETWORK (1 318 18515.8644872329 0.84883918079074 87000493 406)",87
319,87000494,-0.104810435152926,43,0.849676501735058,0.527879359151426,0.449959143780463,0.448153051499128,0.45024912066774,0.863982057764323,0.880146321319288,0.543999831680901,0.775635284430268,-0.0131326838358793,0.367831631038609,-0.0445761547438192,-0.0131326838358793,-0.0131326838358793,0.29959841602158,-0.746233867089457,-0.553655349740809,0.401731977422351,-0.882744388816296,-0.604424467785202,0.699593179675348,-0.759818089809216,-0.694672009762475,-0.104810435152926,8,0.516890936826147,0.879055725253662,0.895003045249462,0.148837328265244,-0.114837238527103,-0.534981574682881,0.775629848348054,0.74018707876284,0.215652301847312,6231.0000000001,2.60148406936627,0.122268285606811,2691.0000000001,0.636996200373116,3.23848026963938,0.0276567362624301,1.21288293688544,0.475740688458088,1.9524155422558,-0.622496493887882,-0.617185746149494,0.0325104668179643,-0.8079051409371,0.0132023769616919,-0.690317426410876,0.17781434873436,0.398485648450074,0.311029478661047,43.0000000001,13.374267578225,0.311029478661047,43.0000000001,13.374267578225,0.287011807547775,0.144810983221073,1e-10,0.389244548363911,-0.18421494081843,1.9326425160474,-0.368955380813012,0.872093088372884,1.01321566359122,1.32904696563017,1.34213135648708,1.36723184200025,-0.508590998064278,-0.560162642770867,-0.398144443575159,-0.484750597236328,-0.484750597236328,-1.16888300483373,-1.10922220622901,1.40511831286798,1.55951924701894,1.19929298053661,1.30541331507394,-1.13818233754152,-1.13912358972234,0,6231.0000000001,0.0222167660588204,0.00543997010360968,0.914397540320795,0.882914955727756,17462.3402591034,1.16415321826935e-10,446,1,"SNETWORK (1 319 17462.3402591034 0.914397540320795 87000494 446)",87
318,87000495,-0.0240613538825274,64,0.849676501735058,0.527879359151426,0.449959143780463,0.448153051499128,0.45024912066774,0.908618442700198,0.948098098631105,0.499823329766096,0.683650522920584,0.0173346666260917,0.387064095711624,-0.0901922255333095,0.0173346666260917,0.0173346666260917,0.177248084184205,-0.84580151671128,-0.685016709997801,0.0929627041406928,-0.937958501921846,-0.604424467785202,0.699593179675348,-0.759818089809216,-0.694672009762475,-0.0240613538825274,8,0.411482907777553,-0.0616567092039877,-0.0616039627545873,-0.81030793615242,-0.0348723783459771,-0.320479824421928,0.683664457639751,-0.218387768320478,0.101554763249208,2556.0000000001,0.502539807158272,0.164931837661095,1624.0000000001,0.518560991645977,1.02110079870425,0.0181660787885676,-0.0580992975249005,1.31112172135452,0.235198102828512,-0.23587125603655,-0.410372956851752,-0.522739850110522,-0.30645290695969,-0.588917410603484,0.259948607149014,-0.318597193246523,-0.669761685300353,0.0994680305276316,19.0000000001,1.889892578225,0.0994680305276316,19.0000000001,1.889892578225,0.381065341768002,0.467240964817937,1e-10,1.11946511552074,0.664471150808821,0.407394534698765,0.588105183185821,0.87660043296585,1.00809279247877,1.32282507512579,1.33587202419674,1.36059429584542,-0.993897222036814,0.0351893450937304,-0.596957606455443,-0.878192259956493,-0.878192259956493,-1.11077488336118,-0.583177086804235,1.26735100031554,1.45754805061196,1.33960651665334,1.04859773666602,-0.13537936728014,-0.481668015903881,4533946923.59039,2556.0000000001,0.00894052545217563,0.00922555323639197,0.0801761881583474,0.884740959425654,17604.9246384417,5.82076609134674e-11,403,1,"SNETWORK (1 318 17604.9246384417 0.0801761881583474 87000495 403)",87
