"rid","pid","elevation.min","WS_ID","ws_mi60_mean","ws_accum_precip_mean","ws_10.min.storm.accum_mean","ws_30.min.storm.accum_mean","ws_60.min.storm.accum_mean","ws_sbs_mean","ws_dnbr.BAER_mean","ws_dnbr.extended_mean","ws_flow.accum_max","ws_slope_mean","ws_aspect.northness_mean","ws_aspect.eastness_mean","ws_slope.northness_mean","ws_slope.eastness_mean","ws_bare.earth_mean","ws_ndvi.max_mean","ws_ndvi.mean_mean","ws_ndvi.min_mean","ws_ndvi.range_mean","ws_RV.Sand","ws_RV.Silt","ws_RV.Clay","ws_Kw","ch_elevation.min","ch_watershed","ch_valley_width","ch_area","ch_channel_width","ch_channel.width.over.valley.width","ch_ch_area","ch_elevation.mean","ch_slope.median","ch_flow.accumulation.max","ch_curvature.median","ch_sfm.erosion.mean","ch_sfm.resolution","ch_sfm.erosion.count","ch_sfm.erosion.sum","ch_sfm.deposition.mean","ch_sfm.deposition.count","ch_sfm.deposition.sum","ch_sfm.net.change","ch_sfm.net.change.norm","ch_distance.upstream","ch_distance.downstream","ch_slope.upstream","ch_slope.downstream","ch_central.slope.difference","ch_slope.over.width","ch_change.in.slope.over.width","ch_stream.power","ch_slope.over.width.central.diff","ch_stream.power.central.diff","hs_area","hs_hillslope.length","hs_flow.accumulation.max","hs_elevation.range","hs_mi60.mean","hs_accum.precip.mean","hs_storm.accum.10.min","hs_storm.accum.30.min","hs_storm.accum.60.min","hs_slope.median","hs_northness.median","hs_eastness.median","hs_curvature.median","hs_bare.earth.mean","hs_ndvi.max","hs_ndvi.mean","hs_ndvi.min","hs_ndvi.range","hs_dnbr.BAER.median","hs_extended.dnbr.median","hs_drainage_density","ch_lidar.erosion.mean","ch_lidar.erosion.count","ch_lidar.erosion.sum","ch_lidar.deposition.mean","ch_lidar.deposition.count","ch_lidar.deposition.sum","ch_lidar.net.change","ch_lidar.net.change.norm","ch_lidar.resolution","ch_sfm.net.change.count","ch_sfm.erosion.norm","ch_sfm.deposition.norm","ratio","snapdist","upDist","afv_flow_accum","locID","netID","netgeom","bootstrap_rep"
29,7000001,-1.06636375612805,31,-0.361841926944517,-0.698245294676348,-0.695629464068801,-0.700108350003007,-0.706051805186474,-0.106479972736985,-0.11730630546184,0.872734085020917,0.651918913462676,0.886334938990569,-1.25068192681874,0.879474971396848,0.886334938990569,0.886334938990569,-0.137119722687653,0.380066387766933,0.406034556729504,0.892762506862358,0.0809672455665199,0.326424870466322,-1,-1.13573407202215,0,-1.06636375612805,-0.5,1.38752416816886,0.750030736765858,0.753619172344733,-0.760151369749014,0.771477524887846,-1.05899258950797,-0.147766449935336,0.61233654083395,0.710878082019545,0.740239639447379,0.0399850261056294,4684.0000000001,5.54349920520502,0.344234845891644,171.0000000001,0.0941121525807482,5.63761135768577,0.11553008401452,0.483474157711556,0.433218967080017,-0.0413086515608969,-0.055709249011127,-0.0282602173854053,-0.283372063744713,-0.0253832571061107,0.327814969406145,0.344381619995049,0.665902051462757,2.26969932380848,1.62506733453597,-0.29170093419772,3.53501613897653,0.177966116763023,-0.745145233155835,-0.405788377193844,-0.417805535283672,-0.413266069040298,0.0662799174087474,-0.100921451221745,0.757237865467951,-0.160908921688305,-0.407259022355584,-0.28876570457378,-0.317635561477303,0.0873466668221927,-0.331323164029058,0.228804217977348,-0.0669201218466571,1.17222497297357,0.105981822671744,453.0000000001,1.92039062510047,0.105981822671744,453.0000000001,1.92039062510047,0.797723191510195,0.767787748323289,1e-10,4684.0000000001,0.113601468374386,0.00192861554013419,0.370593631044055,1.41318879751875,1032.24591157758,0.25,54,2,"SNETWORK (2 29 1032.24591157758 0.370593631044055 7000001 54)",7
28,7000002,0.153615445634472,108,-0.111841926944517,-0.494736954820113,-0.562675121066356,-0.564925299345405,-0.567713055283144,0.286313903756571,0.401296931961288,1.08176916150021,-0.829038141581215,-0.482080961689894,-1.31072990155189,0.781243633258972,-0.482080961689894,-0.482080961689894,-0.211637720174997,-0.911383497479308,-0.897306061621499,1.44953849742516,-1.61802570491172,0.393782383419688,-1.16859716859717,-1.44967682363804,0.0792141951837772,0.153615445634472,-0.5,-0.787315594861109,0.745387996757524,0.748905473589571,1.26690275748824,0.766382322465236,0.171728629433971,2.50622584512567,-0.78720947446336,-0.278233364248112,0.280995685793908,0.0399850261056294,17614.0000000001,7.91320486986225,0.0490709926959931,3476.0000000001,0.272708940707042,8.1859138104693,0.167891570891837,1.93417862854947,3.40643550457088,1.71892251577939,2.1308407435688,0.482304060503497,1.30790665541978,0.449536887982699,0.076911863092081,-0.851220181918375,0.0610786985706053,1.27444473238337,1.08629400651286,-0.0920529834305346,2.75364789226175,0.474576257488161,-0.569126424378404,-0.32358597102825,-0.331945636842455,-0.320942234741688,0.931453449461008,0.772478515792615,1.04118699694825,-0.315208891184039,0.156063440195899,-0.581739902201462,-0.578552422362729,0.406606280331464,-0.757594068315922,0.418252264203216,0.468033330591497,1.40394388351927,0.0447207776035261,709.0000000001,1.26828125010031,0.0447207776035261,709.0000000001,1.26828125010031,0.709623809646017,0.508584861488363,1e-10,17614.0000000001,0.1622983611065,0.00559320968533733,0.355509944651322,0.0212564943603101,1898.38861443351,0.125,20,2,"SNETWORK (2 28 1898.38861443351 0.355509944651322 7000002 20)",7
37,7000003,0.347992302746096,38,0.638158073055483,0.521052073640444,0.623124281295046,0.615977027310147,0.618989232093641,-0.576517175785354,-0.596410553973534,-0.170974519910323,1.93181644146496,-0.385509436710309,0.0977678645014226,-0.473625319014131,-0.385509436710309,-0.385509436710309,-0.646483870455744,-0.0202751239254563,0.0856248008536625,-0.581928876863993,0.0142341513186549,0.55958549222798,-0.876876876876878,-0.0954139735303178,0.476341360371778,0.347992302746096,0.5,-0.642373142973498,0.382128365769381,0.381947546871188,0.888765136441992,0.380342405828715,0.3468188622801,0.239494070151466,1.82393946870631,0.0719058508331621,0.125722007762278,0.0799702643258065,1081.0000000001,0.869148657285238,0.0950882149257268,2396.0000000001,1.45703696426284,2.32618562144808,0.0509249991756565,-1.13045556672821,-0.0257317271821768,-0.0769618354507927,0.0762451480652084,0.171944122636524,0.139643685008245,0.170942868958073,1.36836552981752,0.0590444414339847,0.0164540008436744,-0.627478156295653,-0.508758591533864,0.324679285101554,-0.259480893144259,0.881355976037885,0.430873575621596,0.676414028971749,0.668054363157545,0.67905776525831,0.521622689953549,0.171446296814244,-1.01977277438092,-0.714090529635056,0.156063440195899,0.546042723562286,0.761549164299436,-0.38651551097552,0.76658297388089,-1.16282103439045,-0.304342543158163,2.13945636750364,0.0105730024300439,684.0000000001,0.289277343849897,0.0105730024300439,684.0000000001,0.289277343849897,0.24682968724651,0.219370973414445,1e-10,2396.0000000001,0.0190274560024646,0.0318975430731919,0.438474233655033,1.84741298814868,4676.81276760883,0.0312499339939208,153,2,"SNETWORK (2 37 4676.81276760883 0.438474233655033 7000003 153)",7
37,7000004,0.484845596912219,50,0.638158073055483,0.521052073640444,0.623124281295046,0.615977027310147,0.618989232093641,-0.528984824741206,-0.553035633334522,-0.171316797244394,1.82722817423024,-0.423238799570258,0.171840346867297,-0.45833328313847,-0.423238799570258,-0.423238799570258,-0.670620904457543,-0.139993814886063,-0.0474910340239841,-0.635666589682044,-0.113850198200731,0.55958549222798,-0.876876876876878,-0.0954139735303178,0.476341360371778,0.484845596912219,0.5,-0.336233946165003,-0.326979792474459,-0.323368985145511,0.271762788425409,-0.305768073465294,0.478107842557826,-0.284453818581719,1.72378649559997,-0.198272852956092,0.211011310778817,0.0799702643258065,155.0000000001,0.209167639513001,0.128496219498793,1597.0000000001,1.31235801557986,1.52152565499286,0.0378420742063513,1.19784306746815,2.33910206753287,0.397400670738307,0.576557869672628,0.200722933639363,-0.153998754727348,0.22521157217121,1.04988692889348,-0.0956638382319625,-0.341289284846614,0.440308066834127,0.397646308959244,0.319203272167002,0.517196774622517,0.881355976037885,0.430873575621596,0.676414028971747,0.668054363157543,0.679057765258309,-0.0401349389795563,0.624384603719457,-1.19775020343099,0.225468047752897,-1.86135920262243,-0.387019914020724,-0.219471451319896,-0.493312751880936,-0.290103040704211,-0.359559741254774,-1.05683610743299,-0.0739594575506495,0.0401239305315476,210.0000000001,0.33704101572488,0.0401239305315476,210.0000000001,0.33704101572488,0.0492431412833586,0.210005668833276,1e-10,1597.0000000001,0.00520223716627027,0.032639836940081,0.584412360541007,1.57017549529136,4824.95702400454,0.0312499339939208,164,2,"SNETWORK (2 37 4824.95702400454 0.584412360541007 7000004 164)",7
41,7000005,-0.662000611053338,41,-0.407894617963011,-0.251052105764176,0,0,0,0.541954644720395,0.829080125456842,0.390063509510953,0.0384757290339647,0.516391716554627,-0.0708934812036673,-0.000710297214336864,0.516391716554627,0.516391716554627,0.508829865569333,0.123428901533411,0.00889684211425668,0.258617716746879,-0.0487012399295549,-0.606217616580312,0,0,-0.712927756653993,-0.662000611053338,0,-0.711456787435213,-0.41391086174282,-0.408787197384426,0.852391390311078,-0.38414502250514,-0.657872927488679,0.411473424252434,0.0429443210790361,-1.3857183043837,0.167455991349898,0.0799701241440398,2467.0000000001,2.64195477570598,0.0691294734109431,1362.0000000001,0.602137804937316,3.24409258054329,0.0819583109911438,-0.152857130687811,0.34663688494979,0.259469686444529,0.538876713229151,0.3277958091229,0.489511608391979,0.374207754910033,0.588605436389679,0.762123186501944,0.747857851041743,-0.268365799534965,0.122459184971765,0.181534253075439,-0.214660477036715,-0.305084586862668,-0.363341583505643,-1.4637901463605e-15,0,0,-1.15492193292498,-0.241314860003229,0.0191716771777687,0.923502186109649,-0.745596771199404,0.202563052577772,0.25314791915345,0.2111381682165,0.20701154199185,0.820219047319334,0.819059919762814,-0.0347224544351844,0.151409846580175,744.0000000001,4.50595703135,0.151409846580175,744.0000000001,4.50595703135,2.24013590692291,1.41218576365396,1e-10,2467.0000000001,0.0667459838121724,0.0152123270789714,0.225024728697027,0.73561776522547,2142.63204805122,0.0625,212,2,"SNETWORK (2 41 2142.63204805122 0.225024728697027 7000005 212)",7
41,7000006,0.599081738194478,127,0.342105382036989,0,0,0,0,0.502921205626561,0.434575792076949,-0.229401502455153,-1.06266663882102,0.250499455999083,-0.0225160262464675,0.556150221657218,0.250499455999083,0.250499455999083,0.228330724796377,0.166069202460605,0.0668354544495364,0.134310058074427,0.0369706243969191,-0.606217616580312,0,0,-0.712927756653993,0.599081738194478,0,-0.205253062797382,-0.736069657794226,-0.723257787643204,0.050798550941688,-0.664377774949301,0.598254884160763,0.862177886565188,-0.9497721852126,-0.203453595077462,0.0610131986923178,0.0799701241440398,3216.0000000001,1.25486027975834,0.0550328863498046,346.0000000001,0.121773819705024,1.37663409936336,0.0368601374414333,1.29019511640514,0.931700994502662,1.5321838478192,1.11011998445121,-0.434710725298477,0.902291699822186,-0.53005682302822,-0.687080879978656,0.829245973181394,0.45589882099063,-0.798880824275364,-0.653106891282843,-0.175423375923671,-0.427833992190428,0.915254083867405,-0.0283081595192618,0,0,1.55600483282998e-15,0.133114574408953,-0.503392603238923,0.661308458586612,1.3375495707259,0.156063440195899,0.198650892229186,0.305238632821808,0.966581872741425,0.00014932376185631,0.643212233785069,1.00353552605475,-0.187943216701152,0.0325088738180728,646.0000000001,0.840029296975,0.0325088738180728,646.0000000001,0.840029296975,0.507180810647595,0.405156390478635,1e-10,3216.0000000001,0.0335995761526367,0.00326056118879662,0.793627470034691,0.784338519908488,3109.19627983601,0.0625,271,2,"SNETWORK (2 41 3109.19627983601 0.793627470034691 7000006 271)",7
43,7000007,-0.130311328872831,41,0.0756580730554828,0.31473676207772,0.125190979814175,0.126908484697204,0.131153005061719,-0.850791604775371,-0.777287655464733,-0.140730361575545,-0.1954729931987,-0.541812870399023,0.0712291895370725,-0.333519498314106,-0.541812870399023,-0.541812870399023,0.225262035615559,2.96159119355162,2.87085586380744,0.122876412252488,3.38135000060347,-0.963730569948188,1.15057915057915,3.24099722991689,-0.29467680608365,-0.130311328872831,0.25,0.271484269219619,0.154686044070248,0.154098175533534,-0.275536297829905,0.150891580000398,-0.135215775567691,-0.991719823633085,-0.188482605477424,0.835411075330643,0.0480462582381141,0.0799701818409082,1476.0000000001,0.453525900042087,0.0694970234839543,1982.0000000001,0.88089880327943,1.33442470322152,0.0304323451103553,-0.250918442926081,-0.510534853289217,-0.969282747184902,-0.919223341253218,0.0146094446791438,-1.16519801999094,0.0148864133286549,-1.37710777344763,0.10882968703736,0.0240483202839117,-2.36724360368628,-2.48247873393057,0.151661314742201,-0.853431496995853,0,0.0363195055765458,0,1.49871635330658e-15,-1.55600483282998e-15,-1.80272915129848,0.239767120337465,-0.251836980495131,1.06610744092788,0.156063440195899,1.37500885864968,1.41753444930571,0.979845340921293,1.36487158343502,-1.28784088404393,-1.12696277487469,-0.187943216701152,0.0527710435078246,1032.0000000001,2.17838867197592,0.0527710435078246,1032.0000000001,2.17838867197592,0.919683869013324,0.317120135243041,1e-10,1982.0000000001,0.0103429265254786,0.0200894184848766,0.318190627454213,0.0254053565353738,3261.70871186436,0.0312500660060792,303,2,"SNETWORK (2 43 3261.70871186436 0.318190627454213 7000007 303)",7
28,7000008,-0.0706102965290489,100,-0.361841926944517,-0.698245294676348,-0.562675121066356,-0.564925299345405,-0.567713055283144,0.248668776679984,0.361900610940539,1.09615829756188,-0.606993435387646,0.0932735673172213,-0.763498254771827,0.760361632199795,0.0932735673172213,0.0932735673172213,-0.148493115889115,-0.83596427181813,-0.833009502673071,1.34906662768902,-1.49983455833407,0.393782383419688,-1.16859716859717,-1.44967682363804,0.0792141951837772,-0.0706102965290489,-0.5,-0.679311899667525,1.14823367985193,1.16006493796888,1.12856651057474,1.22433348878779,-0.0567730923156949,1.75119872464315,-0.57523151574965,-0.0381769881669197,1.25959665519659,0.0399850261056294,14495.0000000001,29.1906982792242,0.0857188295219273,3283.0000000001,0.449926817955867,29.64062509708,0.565562649961194,0.366279277598212,1.3703690198577,1.18078826702826,1.2683304157965,0.130084508626625,0.851775315288813,0.114139236985776,0.124563635724523,0.507882600557005,0.272683576156157,0.437157356924753,0.529244526269697,0.0802731727139041,1.3020466881853,0.0665994243471902,-0.811234114974216,-0.323585971028251,-0.331945636842457,-0.320942234741688,0.852711931942082,0.0266322165484995,0.370942980779182,0.23334479024153,0.0353179409043867,-0.325580843852653,-0.253384525888994,-0.0751239305869904,-0.33063375407953,0.0905009111418388,0.427168736371431,0.660601527728596,0.0490045390067691,602.0000000001,1.18002929697529,0.0490045390067691,602.0000000001,1.18002929697529,0.447740041370867,0.285219801892873,1e-10,14495.0000000001,0.556977749828971,0.00858490003222318,0.242469047440104,2.41641401110499,1808.64744458332,0.125,13,2,"SNETWORK (2 28 1808.64744458332 0.242469047440104 7000008 13)",7
41,7000009,-0.166935287209084,83,-0.407894617963011,-0.251052105764176,0,0,0,0.446085470442015,0.516600028349885,0.0117602219584789,-0.394513710502684,0.801320305852358,-0.16339473751888,0.184283218970597,0.801320305852358,0.801320305852358,0.467732780750654,-0.223159072453176,-0.313357991171121,0.0680790472679952,-0.409740972253798,-0.606217616580312,0,0,-0.712927756653993,-0.166935287209084,0,-0.602636593089443,0.353637880920895,0.35332429740481,0.809653078584401,0.351095138159702,-0.164704812429978,1.22914225960023,-0.375787482523234,-1.24180945820156,0.114795177549159,0.0799701241440398,4491.0000000001,3.29702498394335,0.0716197594975142,278.0000000001,0.127330719545013,3.42435570338836,0.0753509450454239,-0.673837517577928,0.00535705807549988,-0.100647397693619,0.626093306063051,0.857709123753447,0.808982272263049,0.856182693399027,0.388711776008698,0.867155046194621,0.842910803221645,0.0216751469313757,0.31846298155163,0.00100995642093337,0.561267665228061,-0.240234971807711,-0.278388638525331,-1.4637901463605e-15,0,-1.55600483282998e-15,0.412906028147054,0.0749680186469114,-0.00237513591279576,-0.0579773176208298,-0.212150253196573,-0.884154116834513,-0.715192098821684,0.134988899006569,-1.03660511203552,1.06292966539116,0.846677432529796,-0.187943216701152,0.012195790989733,543.0000000001,0.264892578225,0.012195790989733,543.0000000001,0.264892578225,0.0151371764326809,0.0265311418182571,1e-10,4491.0000000001,0.0725491069174559,0.00280183802796798,0.503558217423876,0.322467825375497,2616.10937762626,0.0625,241,2,"SNETWORK (2 41 2616.10937762626 0.503558217423876 7000009 241)",7
29,7000010,-1.09954283119511,28,-0.361841926944517,-0.698245294676348,-0.695629464068801,-0.700108350003007,-0.706051805186474,-0.136799841346988,-0.155551488239431,0.854236065133745,0.71161999039325,0.809398499559131,-1.31731262863357,0.876159464461451,0.809398499559131,0.809398499559131,-0.140229881815355,0.488024267892776,0.481326134402748,0.953654138165885,0.192995953560872,0.326424870466322,-1,-1.13573407202215,0,-1.09954283119511,-0.5,1.3785842267402,0.109198604213898,0.108710166685432,-0.782507888084825,0.106093218301572,-1.09006228824291,-0.130732830932464,0.676331935192039,0.304885553633675,0.0797052378436195,0.0399850261056294,6372.0000000001,0.812002552314193,0.0494169416861225,1246.0000000001,0.0984438685417064,0.910446420755899,0.0209338216439336,-0.252800521912403,-0.416604056138799,-0.111667236950361,0.768957656261955,1.04282083397444,-0.110225167166146,1.08721127439972,0.539594714520052,1.12970507880365,1.65030824060703,0.466297015123897,-0.146511939136087,-0.932828771900441,-0.267894921360268,-0.118644023962116,-0.921164041933264,-0.487990783359437,-0.503664629107672,-0.505590738712639,-0.842985171410191,-1.03171337515797,0.423977609587604,0.0261701610997014,-0.575513676465035,0.25645230647041,0,0.532259269475301,0.183694634221298,-0.00653726337078099,-0.18770322672746,0.401499897447149,0.0264245936388514,740.0000000001,0.782167968850192,0.0264245936388514,740.0000000001,0.782167968850192,0.259663279867875,0.0939794133412287,1e-10,6372.0000000001,0.0186703095707979,0.00226351197313569,0.334947236524341,1.20237615515829,999.176221597772,0.25,52,2,"SNETWORK (2 29 999.176221597772 0.334947236524341 7000010 52)",7
41,7000011,-0.757980833106758,30,-0.407894617963011,-0.251052105764176,-0.192309249631537,-0.194095720002018,-0.196546296696359,0.539807974156929,0.867680569392531,0.495703584323709,0.200258964559447,0.370156136384698,-0.149297452489937,0.0217831672435327,0.370156136384698,0.370156136384698,0.541244238635782,0.453268350945322,0.337676725564629,0.370710123207418,0.314220355912498,-0.606217616580312,0,0,-0.712927756653993,-0.757980833106758,0,0.063283465694052,0.849963511808423,0.855221527065329,-0.00818879798977872,0.882163626184812,-0.755818603698287,-0.401468082909138,0.18570606135373,-0.521267972519573,0.059687565570326,0.0799701241440398,801.0000000001,0.305753840531155,0.0942044304303273,2604.0000000001,1.56880096179898,1.87455480223014,0.037732244702107,0.907384812536784,0.705683712236139,-0.311433380940775,-0.711971460687197,-0.478513775225115,-0.553749473677067,-0.435804243962647,-0.275607802699977,-0.281250630307761,-0.411880513360031,-0.194424306063769,-0.280550061069062,-1.18935573118662,-0.386241371389886,-0.305084586862669,-0.363341583505644,-0.200374472521826,-0.20681066190661,-0.207601888336802,-0.800310125402908,0.281003634009261,-0.248540404669919,0.732702690164201,0.156063440195899,0.642680687098932,0.660013245729455,-0.138410731796211,0.812543370959814,-0.00942466814325037,0.162362187054472,-0.187943216701152,0.0256500954851744,860.0000000001,0.88236328135,0.0256500954851744,860.0000000001,0.88236328135,0.527192905616184,0.347066106733466,1e-10,2604.0000000001,0.00615440993353311,0.0315778346685738,0.151068980999756,0.498105586996752,2016.91513664324,0.0625,204,2,"SNETWORK (2 41 2016.91513664324 0.151068980999756 7000011 204)",7
41,7000012,-0.235247126227362,76,-0.407894617963011,-0.251052105764176,0,0,0,0.532324911762759,0.640694360333084,0.118143409809859,-0.245675222243106,0.732906014379331,0.00783697171398685,0.0198635278527841,0.732906014379331,0.732906014379331,0.48139858889453,-0.590364497892738,-0.734520366306477,-0.238363033454196,-0.763060099436633,-0.606217616580312,0,0,-0.712927756653993,-0.235247126227362,0,0.453321345361479,1.72737161578243,1.75849864733902,-0.243111510801914,1.94220963704288,-0.236304783707533,-0.52463043170501,-0.235032486224196,0.754356391593845,0.270027408365833,0.0799701241440398,4686.0000000001,8.0921825553116,0.0900902727882419,344.0000000001,0.198194630134822,8.29037718534642,0.142608508459487,-0.166734933460491,-0.923213330216464,-0.494072159014677,-0.265433247801321,0.248413828844605,-0.867202125119408,0.196274822914986,-1.05136778437913,0.0985282334948038,0.0144192684639425,-1.89029797734381,-2.23023825111911,-1.61421730373469,-0.803914457379804,-0.305084586862669,-0.363341583505644,1.4637901463605e-15,-1.49871635330658e-15,0,-0.404350178754684,0.368825931675548,-0.278958573947027,3.00232510669765,0.156063440195899,0.330361275465527,0.29510199515313,-0.0192473420732691,0.417357779339126,1.77595627108452,1.91604079128404,-0.187943216701152,0.143117960918528,985.0000000001,5.63884765635,0.143117960918528,985.0000000001,5.63884765635,2.7756752640431,1.34195780650346,1e-10,4686.0000000001,0.139199225534041,0.00340928282544557,0.459140276049025,1.26924768728402,2540.60359782393,0.0625,236,2,"SNETWORK (2 41 2540.60359782393 0.459140276049025 7000012 236)",7
41,7000013,0.599081738194478,127,0.342105382036989,0,0,0,0,0.502921205626561,0.434575792076949,-0.229401502455153,-1.06266663882102,0.250499455999083,-0.0225160262464675,0.556150221657218,0.250499455999083,0.250499455999083,0.228330724796377,0.166069202460605,0.0668354544495364,0.134310058074427,0.0369706243969191,-0.606217616580312,0,0,-0.712927756653993,0.599081738194478,0,-0.205253062797382,-0.736069657794226,-0.723257787643204,0.050798550941688,-0.664377774949301,0.598254884160763,0.862177886565188,-0.9497721852126,-0.203453595077462,0.0610131986923178,0.0799701241440398,3216.0000000001,1.25486027975834,0.0550328863498046,346.0000000001,0.121773819705024,1.37663409936336,0.0368601374414333,1.29019511640514,0.931700994502662,1.5321838478192,1.11011998445121,-0.434710725298477,0.902291699822186,-0.53005682302822,-0.687080879978656,0.829245973181394,0.45589882099063,-0.798880824275364,-0.653106891282843,-0.175423375923671,-0.427833992190428,0.915254083867405,-0.0283081595192618,0,0,1.55600483282998e-15,0.133114574408953,-0.503392603238923,0.661308458586612,1.3375495707259,0.156063440195899,0.198650892229186,0.305238632821808,0.966581872741425,0.00014932376185631,0.643212233785069,1.00353552605475,-0.187943216701152,0.0325088738180728,646.0000000001,0.840029296975,0.0325088738180728,646.0000000001,0.840029296975,0.507180810647595,0.405156390478635,1e-10,3216.0000000001,0.0335995761526367,0.00326056118879662,0.793627470034691,0.784338519908488,3109.19627983601,0.0625,271,2,"SNETWORK (2 41 3109.19627983601 0.793627470034691 7000013 271)",7
43,7000014,-0.0385776472204081,49,0.0756580730554828,0.31473676207772,0.354270929498081,0.350983481983268,0.358474665810763,-0.831534493393918,-0.751287903722858,-0.15844821393811,-0.245358477956686,-0.504819678574102,0.229157677658135,-0.383194357750351,-0.504819678574102,-0.504819678574102,0.209926231699455,2.78996617284676,2.68372013779815,-0.149719527494053,3.2523403282835,-0.963730569948188,1.15057915057915,3.24099722991689,-0.29467680608365,-0.0385776472204081,0.25,0.965129295384553,-0.37065810457486,-0.3663166023335,-0.683556057905679,-0.34529812003556,-0.0401912696585886,-0.509955757810774,-0.220692491158812,0.684680417395213,0.0577448044693727,0.0799701818409082,321.0000000001,0.118542508485134,1.70986703403434,269.0000000001,2.94151308916557,3.06005559755071,0.0767084755490367,-0.0455319735815239,0.014844053159708,-0.565175354958597,-0.426191538646794,0.134098336975749,-0.394547112277075,0.151156263381416,-0.51348888306632,0.173735078624477,0.0933163257826815,-2.52586962897183,-2.29384711113496,0.215087221403509,-0.854676676458855,0,0.0363195055765448,0.676414028971747,0.668054363157545,0.679057765258309,-2.67328564842715,-0.133977942312324,-0.178719535018712,-4.70940537485906,-12.5076272007858,1.05510237752526,1.46092244902946,0.994793100276987,0.988771312512557,-1.79468152834189,0.0297072710756055,10.9964825501645,0.0326505963171053,95.0000000001,0.124072265725052,0.0326505963171053,95.0000000001,0.124072265725052,0.0514313149892202,0.146710416535138,1e-10,321.0000000001,0.00297158492862146,0.0737368905204152,0.378132864611745,0.208728557070836,3349.14458660229,0.0312500660060792,311,2,"SNETWORK (2 43 3349.14458660229 0.378132864611745 7000014 311)",7
41,7000015,-0.749714795058877,31,-0.407894617963011,-0.251052105764176,0,0,0,0.539807974156929,0.867680569392531,0.495703584323709,0.19757185918454,0.372839926530136,-0.149040728868597,0.0227583057531433,0.372839926530136,0.372839926530136,0.541759501202317,0.43948696446238,0.322164047064426,0.368030037758441,0.298497247385861,-0.606217616580312,0,0,-0.712927756653993,-0.749714795058877,0,-0.147348533437289,1.11515945648693,1.12614616380506,0.267690250537515,1.18550083163066,-0.746299906596301,-0.302171895506638,0.183449296817172,-0.551818040794065,0.110149161542869,0.0799701241440398,1216.0000000001,0.856584693380687,0.0834721459296559,1874.0000000001,1.00038392390867,1.85696861718936,0.0356427887852112,0.179505468338226,0.818903058958405,-0.153017435861609,-0.377517370427217,-0.275253144606234,-0.514022536528072,-0.238120273773215,-0.235174051818533,-0.119186138443785,-0.220300147597685,0.0388109098738023,0.144329487159805,-1.05778806943287,-0.241401612688741,-0.305084586862669,-0.363341583505644,0,0,-1.55600483282998e-15,-1.69952907887292,0.0154935894124198,-0.256955093424951,0.652576279691901,-0.0703229846634286,0.45557322892744,0.375714234253393,-0.161296018629866,0.601039189563201,0.440958046271238,0.634099178065772,-0.187943216701152,0.0472839824769182,782.0000000001,1.47904296885,0.0472839824769182,782.0000000001,1.47904296885,0.809254959268034,0.530293873088507,1e-10,1874.0000000001,0.0164413479757374,0.0192014407094738,0.157862140891442,0.137426044791937,2028.46278651325,0.0625,205,2,"SNETWORK (2 41 2028.46278651325 0.157862140891442 7000015 205)",7
29,7000016,-0.777727946720634,58,-0.361841926944517,-0.698245294676348,-0.562675121066356,-0.564925299345405,-0.567713055283144,0.0717029825489753,0.101160450609254,0.971543860201435,0.267711574741209,0.885079561415931,-1.17115237654565,0.881267958079743,0.885079561415931,0.885079561415931,0.010578833623824,-0.304380207095301,-0.423673672349296,0.754188181084766,-0.698387519020397,0.888230940044412,-1.64368450082736,-1.9192718638702,0.441336230309614,-0.777727946720634,-0.5,0.110207114486799,-0.120645159180835,-0.119691149994033,-0.1762355194371,-0.114870078866502,-0.766245397054082,1.54856717269226,0.264212517476766,-0.517696298462365,0.548442009797465,0.0399850261056294,6648.0000000001,5.82930112080129,0.32956043237542,1683.0000000001,0.886776030168396,6.71607715086968,0.16094287895661,0.670186471582342,0.205926724947041,-0.600739489909684,0.172526302762785,0.867495991880727,1.12388029976778,0.942106131763006,1.30989066200791,0.898123297135302,1.04579800636264,0.518232326925431,-0.105429907902524,0.0856112210280027,-0.049027430215549,-0.118644023962116,-0.921164041933264,-0.32358597102825,-0.331945636842455,-0.32094223474169,0.398495742762682,0.725599161150008,-1.51658282327086,0.604676879111585,0.100411000927929,-0.315578953033395,-0.393902988091599,-2.60738500057439,0.359153425066319,0.717414004087114,0.391802951781414,0.206871201418583,0.14362415441701,485.0000000001,2.78630859385068,0.14362415441701,485.0000000001,2.78630859385068,1.4272247587782,1.34624500205515,1e-10,6648.0000000001,0.139692335723125,0.0212505431334849,0.707975450624879,0.994861591607332,1345.24003983905,0.25,76,2,"SNETWORK (2 29 1345.24003983905 0.707975450624879 7000016 76)",7
37,7000017,0.233408360218746,27,0.638158073055483,0.521052073640444,0.623124281295046,0.615977027310147,0.618989232093641,-0.588417325746285,-0.61257214438484,-0.170068592751166,2.00083188884016,-0.350957449620276,0.0755942357915792,-0.46839744881469,-0.350957449620276,-0.350957449620276,-0.630226809243038,0.029832854419009,0.146745643751055,-0.537800982655093,0.0618025432407229,0.143005181347151,-0.438610038610039,0.349030470914128,0.119771863117871,0.233408360218746,0.5,-0.478765018332066,-0.747046768433041,-0.733914270692838,0.397199400328506,-0.673649498447916,0.227876751445512,0.279236126356623,1.89438276174027,-0.393117508210907,0.0712027877136395,0.0799702643258065,260.0000000001,0.118393376625748,0.175698618928503,837.0000000001,0.940482821818846,1.05887619834459,0.0284082347661025,-0.606248018728937,-0.836670933279331,0.201319009288876,0.0880598884985717,-0.14228108531813,0.477575441141072,-0.175288178429598,1.69765004029895,-0.112506533254191,-0.409236403494312,-0.35126113546043,-0.234978960610826,0.207616857433209,-0.159201634449159,0.881355976037885,0.430873575621596,0.676414028971749,0.668054363157543,0.67905776525831,0.0256698925964098,-0.279278972263415,0.710482494465001,0.421287386307114,-2.50893177375655,0.498987401444278,0.699650630125632,0.88167536852524,0.372222085902802,-0.421315259823036,-0.437660604773984,-0.187943216701152,0.0393363335037162,148.0000000001,0.232871093849917,0.0393363335037162,148.0000000001,0.232871093849917,1e-10,0.203335131807154,1e-10,837.0000000001,0.00317633622214896,0.0252318984439535,0.31431739539406,1.64012337425176,4550.77906501796,0.0312499339939208,144,2,"SNETWORK (2 37 4550.77906501796 0.31431739539406 7000017 144)",7
41,7000018,-0.960620695647787,8,-0.407894617963011,-0.251052105764176,-0.192309249631537,-0.194095720002018,-0.196546296696359,0.466828009358511,0.788581663098492,0.516149535088214,0.290673795153464,0.272281548596518,-0.268300391260244,0.0120584213731492,0.272281548596518,0.272281548596518,0.539094055382419,0.725780714949509,0.592966276534364,0.259823242839801,0.670886694858914,-0.606217616580312,0,0,-0.712927756653993,-0.960620695647787,0,0.510813690740975,1.35314128499941,1.3708345803441,-0.324890167944259,1.47001591377569,-0.95614213907379,-0.183178119778769,0.27149601118513,-0.0320551809527206,0.0576140350765051,0.0799701241440398,2723.0000000001,1.00330152565382,0.0784061783248789,3162.0000000001,1.58550527176393,2.58880679731775,0.0476161118702064,0.57044415881283,-1.35559535282515,-0.66516666177096,-0.271597047168586,0.439849476883948,-0.457179350106334,0.36882995197194,-0.101672354149362,-0.0654093920244553,0.138208358403156,-0.645350542473418,-1.33056497971025,0.0882828865981381,-0.652395459326152,-0.305084586862669,-0.363341583505645,-0.487990783359437,-0.503664629107672,-0.505590738712639,0.229051395064601,-1.90321420802816,0.142292330908054,-0.405081136340563,0.156063440195899,-0.677365988974128,-0.49072085531595,-0.41474272765624,-0.648859193137769,0.175479382120727,-0.0901034412970204,-0.187943216701152,0.00950805580807869,1309.0000000001,0.497841796975,0.00950805580807869,1309.0000000001,0.497841796975,0.345422146818449,0.210351429635567,1e-10,3162.0000000001,0.0184537979548463,0.0291623138153601,0.00867863316477291,0.451285520453753,1774.86667791631,0.0625,189,2,"SNETWORK (2 41 1774.86667791631 0.00867863316477291 7000018 189)",7
41,7000019,-0.253273199705125,75,-0.407894617963011,-0.251052105764176,0,0,0,0.534354061428397,0.641654823329892,0.118143409809859,-0.244275978252546,0.73301478539572,0.0101122368563424,0.018999322583059,0.73301478539572,0.73301478539572,0.481798439916753,-0.586839477279529,-0.729951983958269,-0.237558390918803,-0.759072236915322,-0.606217616580312,0,0,-0.712927756653993,-0.253273199705125,0,0.465327968307222,1.36957390466115,1.38778377796669,-0.290723599437655,1.49010452077039,-0.250737595741888,-0.282043716945736,-0.234522575869726,0.80379631430884,0.217491238981753,0.0799701241440398,4204.0000000001,5.84736244067091,0.110280807258261,396.0000000001,0.279286961727696,6.1266494022986,0.112356846649838,-0.989615726648566,-0.106992219136199,-0.526628940614017,-0.138348116147578,0.440269154582988,-0.551907784991858,0.368126927239877,-0.694679107439007,0.632275096355127,0.474113240226438,-0.687394425525197,-0.812806693421583,-1.22456404702523,-0.457047353086957,-0.305084586862669,-0.363341583505644,0,0,0,0.370640426004617,1.14579769493778,-0.428815713996282,-1.85645771984294,0.156063440195899,-0.418934893225442,-0.299695829790157,-0.260264248363966,-0.38963630961166,2.00707005886495,0.845206368251931,-0.187943216701152,0.076662428935605,752.0000000001,2.306005859475,0.076662428935605,752.0000000001,2.306005859475,1.20017634658869,0.779114028507674,1e-10,4204.0000000001,0.107234992787533,0.00512185376230484,0.453300110446747,0.718032636360184,2530.67593696604,0.0625,235,2,"SNETWORK (2 41 2530.67593696604 0.453300110446747 7000019 235)",7
29,7000020,-0.470264406703648,81,-0.361841926944517,-0.698245294676348,-0.562675121066356,-0.564925299345405,-0.567713055283144,-0.00236526709005351,0.0548042416456541,0.933504679575184,-0.143979422063502,1.03546571989548,-1.30749850853301,1.08942312598889,1.03546571989548,1.03546571989548,0.0362433517216241,-0.601441870193287,-0.613819134024705,1.77213136939572,-1.33765863685151,-0.606217616580312,0,0,-0.712927756653993,-0.470264406703648,-0.5,0.961353649807317,1.40416580614262,1.42348542346465,-0.576253926518364,1.53258270949354,-0.47055219084271,-0.430380001354143,-0.13791923677934,-0.0264909689206554,5.23859192053035,0.0399850261056294,3288.0000000001,27.5385546835994,0.136412680309989,8807.0000000001,1.92077946450586,29.4593341480053,0.536920327996437,-0.908653964779721,-1.3087536606994,0.474506334118499,-0.574945992618948,-1.2991783272255,-0.7040933897847,-1.07199794262812,-0.752600155023778,-1.44199375144719,-1.36918130486373,0.885696049054582,0.619736025457891,0.156529733758136,0.814794666279815,-0.118644023962116,-0.921164041933264,-0.323585971028251,-0.331945636842457,-0.32094223474169,-0.222285464317788,0.804756163375442,-0.304265975348968,-0.0361794069643178,-0.511242001974807,-0.707563530296791,-0.659266576480821,-0.437654718034451,-0.677847356335377,0.111133477303284,0.199705260870781,1.29983146187996,0.0941943360375,950.0000000001,3.57938476572588,0.0941943360375,950.0000000001,3.57938476572588,1.58196187786767,0.667953869753192,1e-10,8807.0000000001,0.501912559741607,0.0350077681548302,0.97841893583746,0.984216704033315,1596.13448045613,0.25,94,2,"SNETWORK (2 29 1596.13448045613 0.97841893583746 7000020 94)",7
41,7000021,0.492422097706868,121,0.342105382036989,0,0,0,0,0.627959823032562,0.540455260877648,-0.187882779106835,-0.807899811345711,0.568180747383458,0.681557221136531,0.0837303836157167,0.568180747383458,0.568180747383458,0.329960728902491,-0.57055440709308,-0.693692724399885,-0.475209296383264,-0.673253299770253,-0.606217616580312,0,0,-0.712927756653993,0.492422097706868,0,-0.51734633292235,-0.6266397322725,-0.61681115591535,0.476612040932537,-0.570963752785994,0.484246421289674,-0.134514447273555,-0.76427337774488,-0.0217752479179125,0.132383723450406,0.0799701241440398,2456.0000000001,2.07930641513731,0.0543687869655574,511.0000000001,0.177674901102128,2.25698131613944,0.0592501171794316,-0.0501084011265084,0.27740111376091,0.379639575412543,0.0601673291674776,-0.37321581058742,0.0742654948447471,-0.446260498356691,-0.915014985865785,-0.33980281958,-0.188073767800747,0.589663968051933,1.08108160049284,0.0336897465913493,1.66277396970466,0.915254083867404,-0.0283081595192628,0,0,-1.55600483282998e-15,-0.266313494043556,-0.117042370052643,-0.311035948868417,-0.189654594907761,0.0224404215490258,-0.507750934612707,-0.465924782107216,-0.18638743410841,-0.512727269815744,0.395329486357766,-0.236343604453506,0.674546687158575,0.0636522984988003,646.0000000001,1.644775390725,0.0636522984988003,646.0000000001,1.644775390725,0.887599887459941,0.668924993091467,1e-10,2456.0000000001,0.0545858078928027,0.00466430918662888,0.752903102288025,0.121942871100258,3039.96918266554,0.0625,267,2,"SNETWORK (2 41 3039.96918266554 0.752903102288025 7000021 267)",7
28,7000022,-0.434215062745087,84,-0.361841926944517,-0.698245294676348,-0.562675121066356,-0.564925299345405,-0.567713055283144,0.268174376013764,0.374103139526312,1.07054903841405,-0.517434858578897,0.423806684675061,-0.767780761494941,0.82826273836071,0.423806684675061,0.423806684675061,-0.0713511337202558,-0.708523748829217,-0.706007358732521,1.35935800949035,-1.3503903735499,0.393782383419688,-1.16859716859717,-1.44967682363804,0.0792141951837772,-0.434215062745087,-0.5,0.0373245327200836,-3.33129148122243,-3.12351588870904,-0.451548987777918,-2.42613584640089,-0.425747835547781,0.431337886811396,-0.489553417221811,0.518747211239943,6.41483809889687,0.0399850261056294,6774.0000000001,69.474536461591,0.157193886222136,1555.0000000001,0.390805628326033,69.865342089817,2.99873048107942,0.263679413132292,-1.45585075368811,0.645619096538312,1.12785140229196,0.599052595165375,1.36898386699219,1.15633867957506,0.677127057884226,-0.445514798605073,0.765186173260606,-0.178071397795641,0.0814072511796698,-1.04792955254145,0.198056069343198,-0.118644023962116,-0.921164041933264,-0.323585971028254,-0.331945636842457,-0.32094223474169,-0.0789071225226093,0.769492562865344,-0.356800040036239,6.61075433378582e-05,-4.18667472328782,-0.179041071623622,-0.0477421162974437,-0.153917006319714,-0.139085206736082,0.71392584931618,0.519403288993279,-0.187943216701152,0.0210539166296053,342.0000000001,0.288017578225071,0.0210539166296053,342.0000000001,0.288017578225071,0.246234171617769,0.308138863293827,1e-10,6774.0000000001,2.98195648811762,0.0167739928617941,0.0161576923250948,1.15132606696231,1628.98286070748,0.125,1,2,"SNETWORK (2 28 1628.98286070748 0.0161576923250948 7000022 1)",7
43,7000023,0.398852453042793,82,0.0756580730554828,0.31473676207772,0.354270929498081,0.350983481983268,0.358474665810763,-0.558966594907722,-0.572258600231119,-0.159406428106763,-0.729921544876748,-0.139842825237663,0.457133526063763,-0.203185166545241,-0.139842825237663,-0.139842825237663,-0.00227601108448722,2.97934423522263,3.02777278422881,-0.489242672593241,3.57348251621513,0.124352331606218,-0.494208494208494,-0.193905817174515,-0.237642585551331,0.398852453042793,0.25,-0.681229563223938,-0.262703642918264,-0.260060605888937,0.82654866308008,-0.247041580355199,0.3906508588023,0.0701481829516085,-0.69306686405132,-0.675667351009752,0.0465127400034757,0.0799701818409082,1452.0000000001,0.431911438194746,0.104659199290534,1354.0000000001,0.906258802213895,1.33817024030864,0.0328986277096424,0.366487151687968,-0.492688657931367,-0.174507472039559,0.212990758537326,0.44342104933568,0.168552067110236,0.493367447727003,-0.679841424986983,0.512736770845012,0.215745261584161,-0.117522080230808,-0.229001994009527,0.0539606600182452,-0.260720028046761,0,0.0363195055765458,0.676414028971749,0.668054363157543,0.67905776525831,-0.461090193369758,-0.597775496036035,0.526984542074555,-0.982049035725067,0.156063440195899,-0.3355759832845,-0.414455673984539,-0.585830502905686,-0.205489571340596,-0.0203678456318374,-0.428820317636603,-0.135421303334251,0.0153283496248764,809.0000000001,0.49602539072521,0.0153283496248764,809.0000000001,0.49602539072521,0.124398136921028,1e-10,1e-10,1452.0000000001,0.0106184498319203,0.0222801777777221,0.63588613170229,0.469372379593551,3725.12125085978,0.0312500660060792,337,2,"SNETWORK (2 43 3725.12125085978 0.63588613170229 7000023 337)",7
37,7000024,0.365098763598039,39,0.638158073055483,0.521052073640444,0.623124281295046,0.615977027310147,0.618989232093641,-0.573679384366667,-0.590886586558728,-0.170616904220857,1.93052509937417,-0.386400141317985,0.0978652820401947,-0.473120937793458,-0.386400141317985,-0.386400141317985,-0.647087406231315,-0.0236629489805358,0.0813971727576096,-0.582830914339868,0.0104376958236786,0.55958549222798,-0.876876876876878,-0.0954139735303178,0.476341360371778,0.365098763598039,0.5,-0.477579316710236,0.120411563514954,0.119892959994737,0.553458420212255,0.11710306477538,0.360092051931009,-0.0597867976492618,1.82128793486306,0.126486864475245,0.0663700919847507,0.0799702643258065,129.0000000001,0.0547544211268899,0.0784557323550847,3447.0000000001,1.72950979321975,1.78426421424664,0.0409427912082841,-0.760419939103905,-1.05255403865763,0.143372099392906,0.224048984835826,0.0932693412728573,-0.0471611873326272,0.0967789947794206,1.19362267851262,-0.00425821871643486,-0.145558168955764,-0.0800605257033572,-0.0207949431073514,0.324612103359092,0.272331628767272,0.881355976037885,0.430873575621596,0.67641402897175,0.668054363157545,0.679057765258312,0.792301431465829,0.0162612526888215,0.821701358542254,-0.182262414100864,-0.105096354234066,0.482349345445999,0.605025003719043,0.538843454666551,0.444681886188518,-0.841770698875136,-0.220345179617262,0.238586295482184,0.0147111003604167,600.0000000001,0.353066406349875,0.0147111003604167,600.0000000001,0.353066406349875,0.056818654050012,0.00522778020519114,1e-10,3447.0000000001,0.00125642761009539,0.0396863634981887,0.452292221077572,1.95694371977281,4690.83963992299,0.0312499339939208,154,2,"SNETWORK (2 37 4690.83963992299 0.452292221077572 7000024 154)",7
35,7000025,1.25281350820297,117,0.953947685431969,0.757894567769832,0.437324878933644,0.435074700654595,0.432286944716856,0.128738042396203,0.167249141769959,-0.0148821280173167,-0.591058761286191,-0.17729381966026,0.939252016193393,-0.330647285487505,-0.17729381966026,-0.17729381966026,-0.903602473832695,-0.0450468742681502,-0.127630362988342,-1.39619772327106,0.211986785917465,-1.11917098445596,0.839124839124839,1.32040627885503,-1.18821292775665,1.25281350820297,0.5,-0.360879725797911,-0.507965275800198,-0.500938186777309,0.274281380300232,-0.467606017964934,1.24096267464692,0.700631591617716,-0.561740274693643,-0.612155180656985,0.132457932972762,0.0799702643258065,547.0000000001,0.463364077113192,0.0943259409117007,1967.0000000001,1.1865678239203,1.64993190093349,0.0423965379056663,-1.27962700216409,0.396104349553892,0.416398924426428,0.368416221675972,-0.0537695853166495,0.726748821260616,-0.0642778382137157,0.0431985141589847,-0.0294128595751741,-0.0513484618653458,-0.762698945881635,-0.684689679234833,0.085381040593265,-0.407028614949407,0.949152514976322,0.464889228842546,0.676414028971747,0.668054363157543,0.67905776525831,0.811581407070316,-0.0236835577242004,0.862518847452143,1.32963779595268,-3.71270267388466,0.687697163830123,0.839236380626652,0.513869889985347,0.690220044904312,0.179909711202294,-0.339974979963949,1.36483420198514,0.0586895338850295,339.0000000001,0.795830078224717,0.0586895338850295,339.0000000001,0.795830078224717,0.266121623780236,0.367246669250315,1e-10,1967.0000000001,0.0119065717796919,0.0304899660259744,0.735134665600201,0.250144366993351,5620.8259455203,0.0156249669969604,111,2,"SNETWORK (2 35 5620.8259455203 0.735134665600201 7000025 111)",7
29,7000026,-0.523078475506011,78,-0.361841926944517,-0.698245294676348,-0.562675121066356,-0.564925299345405,-0.567713055283144,0.0030582013111977,0.0604332857330291,0.937455859094219,-0.12285153394733,1.04319689172136,-1.24614960323555,1.05118835469006,1.04319689172136,1.04319689172136,0.0492376548883762,-0.594512436671544,-0.610720591966782,1.70505901817792,-1.31065055451725,-0.606217616580312,0,0,-0.712927756653993,-0.523078475506011,-0.5,0.439126378478031,-2.0612998674092,-1.98014294249738,-0.571523915798031,-1.66384826927897,-0.51298397106938,1.62057340448741,-0.119552594785755,-0.407564439120813,1.50928179746056,0.0399850261056294,12389.0000000001,29.895192403345,0.342882126603076,447.0000000001,0.245045728235352,30.1402381314804,1.0259740481417,1.65525280921608,-1.14020136615755,0.16947574388943,2.4298611392823,2.64781721729863,1.76325382120686,4.08241388528001,1.45105852167087,1.92931796735559,1.85047377226234,-0.256280304866263,-0.998584153166362,0.0409139259553182,-0.415944341686916,-0.118644023962116,-0.921164041933264,-0.323585971028253,-0.331945636842457,-0.32094223474169,1.27436460671453,1.6608012097724,-1.35608240415789,2.76442711772037,0.156063440195899,-0.319431816115642,-0.261307876604168,-1.10772192615577,-0.0469459950665728,0.823695184718452,0.323341057951091,-0.0881461860928403,0.0455904777589912,570.0000000001,1.03946289072526,0.0455904777589912,570.0000000001,1.03946289072526,0.601456936010696,0.515950769285948,1e-10,12389.0000000001,1.01763268867505,0.00834135936665342,0.941558004627163,1.75954450432825,1561.93804673778,0.25,91,2,"SNETWORK (2 29 1561.93804673778 0.941558004627163 7000026 91)",7
28,7000027,0.926637160451955,128,-0.111841926944517,-0.494736954820113,-0.562675121066356,-0.564925299345405,-0.567713055283144,0.156200395404373,0.358242264470977,1.15164984948941,-1.027779518131,-1.88485356029876,-1.41165958037355,0.243858067310352,-1.88485356029876,-1.88485356029876,-0.673815044149064,-1.52742376474145,-1.36867831558222,0.370564743386565,-2.05304975113097,0.393782383419688,-1.16859716859717,-1.44967682363804,0.0792141951837772,0.926637160451955,-0.5,-0.687547723230154,-1.52598567075452,-1.47982682749265,0.585208510132255,-1.28791712911015,0.934793952976202,2.26012656453143,-0.97487293362941,0.330198331641519,0.0668430096490812,0.0399850261056294,10156.0000000001,1.08535910348611,0.0574300743935778,4881.0000000001,0.448170174908533,1.53352927829464,0.047367599558058,-0.0797727065519788,-0.314948560261712,1.75321231145905,1.40562624170761,-0.363352183875173,1.91069015959729,-0.513141977071282,0.0209316856970806,-0.674535081673084,-0.232848261567514,-1.71542937418635,-1.88296186014917,-0.160004653658456,-0.652389414765652,0.474576257488161,-0.569126424378405,-0.323585971028251,-0.331945636842457,-0.32094223474169,1.30784014170046,0.379859758617798,1.65220609372748,7.76648866228713,0.156063440195899,-0.550501948337176,-0.828221907749284,-0.275863537266645,-0.538490384346525,0.0719098970785954,0.440223924600733,5.04785390035202,0.175215425425682,403.0000000001,2.82447265635069,0.175215425425682,403.0000000001,2.82447265635069,1.22510029139542,1.35416034027409,1e-10,10156.0000000001,0.0335245345546151,0.0138430649034429,0.639775541426582,0.0528284823521972,2124.06204619255,0.125,36,2,"SNETWORK (2 28 2124.06204619255 0.639775541426582 7000027 36)",7
37,7000028,0.415269835884527,44,0.638158073055483,0.521052073640444,0.623124281295046,0.615977027310147,0.618989232093641,-0.562924248019426,-0.579028596748982,-0.175035572989907,1.89460768957668,-0.402996396173187,0.120135566470668,-0.461666128074121,-0.402996396173187,-0.402996396173187,-0.65405404998687,-0.0606140796622143,0.0436645625896153,-0.584367649596333,-0.0332961931677689,0.55958549222798,-0.876876876876878,-0.0954139735303178,0.476341360371778,0.415269835884527,0.5,-0.223274221869242,0.447145284738583,0.447354142876432,0.253687045128625,0.447637543661763,0.412564465866992,0.948870418738061,1.78779504893495,-0.278688885995265,0.0483207397869914,0.0799702643258065,178.0000000001,0.0550060727375182,0.0823020300459681,1215.0000000001,0.639504915424801,0.694510988062319,0.0150277270128048,0.383351972263529,-0.284192680157644,0.811813393648442,0.57837129554554,-0.257765258210583,0.616373909300988,-0.252638472502996,1.77221875899878,0.182116768481888,0.30169421185054,0.0165921346979658,-0.286118325505327,0.202191893114285,0.000235737859500236,0.881355976037884,0.430873575621595,0.676414028971747,0.668054363157543,0.679057765258309,0.924342680710298,-0.990860469104816,1.1582668490857,0.451473788654137,-0.635120132159832,0.820016785737793,0.936291045321084,0.793620714027784,0.769207615092688,-0.460432750891943,-0.158423966150851,-0.187943216701152,0.0601599170342885,506.0000000001,1.21763671884957,0.0601599170342885,506.0000000001,1.21763671884957,0.465517798630972,0.379700049460147,1e-10,1215.0000000001,0.00119021333351082,0.0138375135792939,0.505164568511996,2.81778367322137,4744.51125241866,0.0312499339939208,159,2,"SNETWORK (2 37 4744.51125241866 0.505164568511996 7000028 159)",7
43,7000029,0.27703700796892,72,0.0756580730554828,0.31473676207772,0.354270929498081,0.350983481983268,0.358474665810763,-0.526437109382433,-0.548411805402482,-0.109480611649024,-0.696813065179709,-0.182769320060779,0.339058215591879,-0.170226182333511,-0.182769320060779,-0.182769320060779,0.0266615707383933,3.00160189124553,3.03352747126249,-0.358110282014516,3.5634706448787,0.124352331606218,-0.494208494208494,-0.193905817174515,-0.237642585551331,0.27703700796892,0.25,0.097427735591865,-0.321221822453013,-0.317702920360303,-0.189066889874143,-0.300534272401768,0.275569848538815,0.530865236062069,-0.662215642733777,-0.174396272374941,0.0472471755839347,0.0799701818409082,2008.0000000001,0.606730357605955,0.0472803192016506,895.0000000001,0.270619819772054,0.877350177278009,0.0217980697082673,-0.326023919699283,-0.349309951006173,-0.00348322929294613,1.28827553289765,1.54047559673793,0.552915527164276,1.73474123796266,-0.281564407138348,1.67194288546443,1.45423446586396,-0.810704272017293,-1.09103385610616,0.0621429874634586,-0.661552968483662,3.01077401207183e-16,0.0363195055765458,0.676414028971749,0.668054363157543,0.679057765258312,-1.01789071448567,-0.448117384127947,0.177882545573869,3.39609798249398,0.156063440195899,0.822434973331964,0.597641028027033,0.191465799595541,0.933280536614748,0.202064263400464,0.674292400330958,0.058569977624224,0.00346001373375431,871.0000000001,0.120546875100051,0.00346001373375431,871.0000000001,0.120546875100051,0.167067524186081,0.159127660161204,1e-10,2008.0000000001,0.015074426278574,0.00672364332969333,0.558066085922273,0.169928092637928,3611.60757339994,0.0312500660060792,327,2,"SNETWORK (2 43 3611.60757339994 0.558066085922273 7000029 327)",7
43,7000030,-0.529623473417778,9,0.0756580730554828,0.31473676207772,0.118081199488201,0.12698938418892,0.129762766215853,-1.09398976937855,-0.967501990915957,-0.238883968028144,0.534619106293813,-0.267803666948352,-0.158911245049844,-0.516895772963586,-0.267803666948352,-0.267803666948352,0.378608937650898,2.86504839750802,2.78597936154392,0.19347437852296,3.24625092367017,0,0.0216216216216217,1.64542936288088,0.287072243346007,-0.529623473417778,0.25,0.123409595284218,-0.0461480309197686,-0.0458347939567715,-0.178709651203909,-0.0442269916233242,-0.529921300064839,-0.258869262928821,0.50237026071223,-0.39516417467982,0.874486925078075,0.0799701818409082,91.0000000001,0.508921594095249,0.200018397672896,184.0000000001,0.23536611174495,0.744287705740199,0.0175984014644237,-0.525244175260908,0.509341134158904,-0.228256511753269,-0.674030729904556,-0.545781741453082,-0.197096710939896,-0.585939374041837,0.336718722056469,-0.58493208371919,-0.917047757562795,0.145079123811682,0.102264842919482,-1.08313058004048,0.624656971191625,3.01077401207183e-16,0.0363195055765467,1.4637901463605e-15,0,1.55600483282998e-15,1.1885314092535,0.0636316375064145,-0.497870216605349,-0.877044421694527,-0.0503257212159733,-0.482297991529461,-0.375496897544389,-0.863195558116928,-0.301868432946627,-0.28673606488151,-0.808241366247849,-0.187943216701152,0.12099609385,5.0000000001,0.0241992188500102,0.12099609385,5.0000000001,0.0241992188500102,0.0986432400743051,0.894950813032613,1e-10,184.0000000001,0.0120332586529117,0.00556514271151207,0.0622547929221079,0.526573747396469,2888.38307988494,0.0312500660060792,281,2,"SNETWORK (2 43 2888.38307988494 0.0622547929221079 7000030 281)",7
29,7000031,-0.482320096647335,80,-0.361841926944517,-0.698245294676348,-0.562675121066356,-0.564925299345405,-0.567713055283144,0.000652845500957738,0.0579754521822871,0.936985843086378,-0.14169607863612,1.03525168104962,-1.30136391336092,1.08625675019175,1.03525168104962,1.03525168104962,0.0370562036895251,-0.595487671814092,-0.607540144046544,1.76729073244662,-1.3291880942933,-0.606217616580312,0,0,-0.712927756653993,-0.482320096647335,-0.5,0.822783868535313,0.803645309144341,0.80809576821612,-0.553409707606007,0.830619479278074,-0.479512144435071,-0.611826048657517,-0.124648408586232,0.747282843695998,3.05702194194944,0.0399850261056294,3693.0000000001,18.0498097704332,0.179855756137816,10847.0000000001,3.11909603899635,21.1689058093295,0.429656190928953,-1.40943280623544,1.03567164952017,-0.435455661964406,0.182259826981251,0.709224953297033,-0.774622866802188,0.653871767966405,-0.818621172776292,2.25295541159956,2.05468062663935,-0.333721457247921,0.238524973125717,0.158978307776317,0.358490794134358,-0.118644023962116,-0.921164041933264,-0.323585971028251,-0.331945636842457,-0.32094223474169,0.278286736111072,1.12002309561475,-0.40941250666863,-0.624925212557386,0.156063440195899,-0.417824392785958,-0.363533032561136,-0.435329329417108,-0.341461551882682,0.723938997071708,0.34918801786757,-0.187943216204658,0.160110319948824,893.0000000001,5.7191406251014,0.160110319948824,893.0000000001,5.7191406251014,2.59346594722488,1.22622795631836,1e-10,10847.0000000001,0.366349237934034,0.0633069528949195,0.967503002880164,1.14902300108224,1586.00760721686,0.25,93,2,"SNETWORK (2 29 1586.00760721686 0.967503002880164 7000031 93)",7
36,7000032,0.853616286533562,87,0.638158073055483,0.521052073640444,0.623124281295046,0.615977027310147,0.618989232093641,-0.186803247890671,-0.183014311130353,-0.0101656140035657,0.409494671038434,-0.34343784218026,0.427264193827131,-0.701512192655569,-0.34343784218026,-0.34343784218026,-0.818241296002541,0.0476364480005862,0.00661731897934827,-1.1714756129465,0.260015436210747,0,0.0216216216216217,1.64542936288088,0.287072243346008,0.853616286533562,0.5,0.123771127510426,-0.207856876938387,-0.205939031303644,-0.198074138851325,-0.196402886712049,0.841395678898597,-0.16791719755242,0.385456040792828,-0.0551196548896267,0.615179725947132,0.0799702643258065,148.0000000001,0.582265142347831,0.326254509697944,1438.0000000001,3.00035381255273,3.58261895480056,0.0872120903300306,1.05810861385667,-1.08099565322008,0.65058876829572,-0.232820081348698,-1.03563379189873,-0.0661152134924631,-1.14441521993281,0.376745342979915,-1.59068569441046,-2.18648767475519,-0.329967863408148,-0.681677037522588,0.220379077993137,-0.265664478535766,0.885712840048875,0.433059561578009,0.676414028971749,0.668054363157543,0.67905776525831,0.592111202303904,-0.399344005006309,-2.05906051556052,-1.79801866777073,-0.0283316539474614,-0.252010418371487,-0.144426827947302,-0.44832956543763,-0.145114291114791,-0.762441288215912,-1.33454775437958,0.661956924308859,0.158967466420671,283.0000000001,1.79951171884936,0.158967466420671,283.0000000001,1.79951171884936,0.740581389543998,1.21654858157946,1e-10,1438.0000000001,0.0141741448827241,0.0730379453473065,0.12302235638125,1.29911754219305,5270.3834021448,0.0156249669969604,117,2,"SNETWORK (2 36 5270.3834021448 0.12302235638125 7000032 117)",7
37,7000033,0.408152796970521,43,0.638158073055483,0.521052073640444,0.623124281295046,0.615977027310147,0.618989232093641,-0.562924248019426,-0.579028596748982,-0.172915185444049,1.89648727105653,-0.401509741944207,0.118884405101887,-0.461375357584385,-0.401509741944207,-0.401509741944207,-0.655462795915228,-0.055488658477364,0.0497776679555963,-0.580573804517185,-0.0282288207608893,0.55958549222798,-0.876876876876878,-0.0954139735303178,0.476341360371778,0.408152796970521,0.5,-0.447695689987198,-0.163115627345094,-0.161721170187627,0.455624752594231,-0.154731198709622,0.40121535299324,0.617020487915638,1.79139073937001,-0.347064196842033,0.0578333888343223,0.0799702643258065,39.0000000001,0.0144244848659679,0.0953673685826264,2080.0000000001,1.26858682299798,1.28301130776395,0.0309818583886467,-0.293782471623448,-0.0143966268116083,0.898764058948545,-0.202121500303735,-1.29002167801352,0.570197752771692,-1.41376392053381,1.73442144118141,-0.995814470721269,-2.48890382882849,-0.402503633470971,-0.135096596227228,0.322830651079757,0.097039374267097,0.881355976037885,0.430873575621597,0.67641402897175,0.668054363157543,0.679057765258312,0.584063086864289,-0.309692644546194,0.230063581523371,-0.799335482266974,-3.84636449145366,0.702825454701678,0.864307853245833,0.621133258292415,0.679090478812017,-0.316321931585296,0.126387809621593,-0.109189970554039,0.0445950353005673,617.0000000001,1.10060546884961,0.0445950353005673,617.0000000001,1.10060546884961,0.410194858353353,0.247873599837963,1e-10,2080.0000000001,0.000348319099166515,0.0306335391894802,0.495917212288052,1.94129132508533,4735.12410499767,0.0312499339939208,158,2,"SNETWORK (2 37 4735.12410499767 0.495917212288052 7000033 158)",7
41,7000034,-0.0293922261682191,91,-0.407894617963011,-0.251052105764176,0,0,0,0.482740401104512,0.530163204034565,-0.0550356021676199,-0.462672904092615,0.798150081018636,0.0431904207561239,0.136237192189496,0.798150081018636,0.798150081018636,0.456089411593274,-0.236361379471651,-0.358524798740572,-0.21487425019735,-0.346517566423118,-0.606217616580312,0,0,-0.712927756653993,-0.0293922261682191,0,-0.392189968253972,-0.159204582968143,-0.157852977189735,0.376132175376578,-0.151072875551134,-0.0273835733525048,0.157886961856243,-0.439723661485319,0.518483133193824,0.152760557272258,0.0799701241440398,1469.0000000001,1.43512116324956,0.0580218814725208,646.0000000001,0.239706529562001,1.67482769271156,0.04041487802719,-0.0439089136778469,-1.00997951549642,-0.250618380706575,0.448039559026589,0.826816075860273,0.216390891406169,0.904071482388062,-0.211178058860222,1.07532748977894,0.703417464536982,0.0722294153874285,0.131900069290152,0.109500362153723,0.146568503004147,-0.0987931999385139,-0.0930998451734749,0,1.49871635330658e-15,0,0.341613863836342,0.294621228100041,-0.384164851597574,0.619166101433472,0.156063440195899,-0.939450265368448,-0.787513211385637,-0.343120655024809,-0.972882039245805,1.4228527690801,0.91273265364015,-0.144896234389037,0.0184352145281915,376.0000000001,0.2772656251,0.0184352145281915,376.0000000001,0.2772656251,0.241151514971734,0.285959819048317,1e-10,1469.0000000001,0.0346305753572635,0.00578430256992652,0.554598812336428,1.10870879973565,2702.87296461747,0.0625,247,2,"SNETWORK (2 41 2702.87296461747 0.554598812336428 7000034 247)",7
43,7000035,0.434901797001354,85,0,0.230175963096256,0.354270929498081,0.350983481983268,0.358474665810763,-0.261575153914584,-0.270265808524514,0.033965223727428,-0.93782066008117,0.114750580348901,0.961728314215364,-0.56621262603625,0.114750580348901,0.114750580348901,-0.246829111733928,3.38650127849921,3.53778053850828,-0.907023627033049,4.17676330072788,0.124352331606218,-0.494208494208494,-0.193905817174515,-0.237642585551331,0.434901797001354,0.25,0.116266126286418,0.0734567406078343,0.0730892337940847,-0.158159118570538,0.0711432963351311,0.431953012226756,-0.0747656750644073,-0.848026975902624,0.579759008115062,0.0748726774152535,0.0799701818409082,1395.0000000001,0.667965045768449,0.0613531487673001,1530.0000000001,0.600322267401451,1.2682873130699,0.0293497115214991,0.38264679974998,0.4164425435006,0.0138490285726686,0.667721096487197,0.750925711562819,-0.0489869182210792,0.787782425383352,-1.22955307927443,0.751867593990503,0.585142443426736,-1.99861862233487,-1.86388340463826,-1.58563575830517,-0.767520158609267,0,0.0363195055765448,0.67641402897175,0.668054363157543,0.679057765258309,0.814789660937847,0.380921117506787,1.19579719085557,0.421326967904746,0.156063440195899,1.15155598479616,1.07930106495393,0.359443177878864,1.27111078220816,-0.297908646606064,0.220391867836486,-0.187943216701152,0.0145806690279359,843.0000000001,0.491660156350208,0.0145806690279359,843.0000000001,0.491660156350208,0.122334606021152,0.00633246572565212,1e-10,1530.0000000001,0.0154575238035853,0.0138921876179138,0.658554788067284,0.0864950188111828,3758.18731399649,0.0312500660060792,339,2,"SNETWORK (2 43 3758.18731399649 0.658554788067284 7000035 339)",7
37,7000036,0.0184829619829522,10,0.638158073055483,0.521052073640444,0.649161038498292,0.645874990233288,0.652741863980251,-0.604225860313688,-0.623910593189016,-0.153359527832033,2.1167985854409,-0.286350970259614,0.0885434462257652,-0.479029180177784,-0.286350970259614,-0.286350970259614,-0.604353541082316,0.136297238901081,0.287042977935411,-0.445290425625993,0.163217828674644,0.143005181347151,-0.438610038610039,0.349030470914128,0.119771863117871,0.0184829619829522,0.5,0.988416964440846,0.102041685178427,0.101574440449393,-0.666583422598296,0.0990772801270011,0.0184536450390743,0.398222379065764,2.00152644131919,0.317103985765998,0.192514976846747,0.0799702643258065,2477.0000000001,3.04963307882819,0.133695049213349,38.0000000001,0.0324904693397386,3.08212354806793,0.0709583023575547,-0.311953250638647,-0.61867308916383,-0.397167793870099,1.19803403889969,1.90195767866053,0.337334044894027,1.9857198072215,1.6182122463234,2.0696717286717,5.11441803088265,-1.25581472816926,-1.66587143941321,-1.5478760273152,-0.64966936254065,0.881355976037885,0.430873575621597,0.759869106100602,0.755550048397726,0.765650935743888,0.878377394244964,0.909429659000545,-1.80296946992037,1.16891431305679,0.156063440195899,0.462126818779569,0.849025038983784,0.446636123481436,0.445854495939708,0.137282530786409,0.175701252093329,-0.187943216701152,0.172685103082955,418.0000000001,2.88729492197397,0.172685103082955,418.0000000001,2.88729492197397,1.47496295348792,1.59237611636826,1e-10,2477.0000000001,0.070210289239607,0.000748013017947696,0.108371892666701,1.04376378422603,4341.72030833388,0.0312499339939208,131,2,"SNETWORK (2 37 4341.72030833388 0.108371892666701 7000036 131)",7
43,7000037,0.408267719846059,83,0.0756580730554828,0.31473676207772,0.354270929498081,0.350983481983268,0.358474665810763,-0.558966594907722,-0.572258600231119,-0.157301537881425,-0.732981085841182,-0.139386670724511,0.472446346390766,-0.208644223450289,-0.139386670724511,-0.139386670724511,-0.00603592411585007,2.98150541953248,3.03290222706208,-0.487194935762786,3.57549379199135,0.124352331606218,-0.494208494208494,-0.193905817174515,-0.237642585551331,0.408267719846059,0.25,-0.41285620596001,-0.105323477782694,-0.104514939973924,0.41500277171249,-0.100416533528989,0.403137814534887,-0.160624656762271,-0.69575458508101,-0.180003590045483,0.0631488650910372,0.0799701818409082,1167.0000000001,0.471294716722424,0.0584219388695614,708.0000000001,0.264524187480806,0.73581890410323,0.0175844638677518,0.0694276805928399,0.322167997282704,0.669841598742042,0.0651116939908669,-0.696410584969062,-0.0849183265734711,-0.7555969026128,-0.921012413032838,-0.565551105704616,-0.332280347192696,2.13478317591611,1.22398216293388,-0.0668382863682319,1.64915557489815,0.609454934040295,0.310373131792162,0.676414028971749,0.66805436315754,0.67905776525831,-0.537760597104198,0.259978035466556,0.346661564184918,-0.260194452571282,-0.170942585232004,-0.423801669193891,-0.421821225161435,-0.244183369666684,-0.399604184439121,-0.150318778932299,-1.04047611626075,1.45249421446338,0.0134335599562907,922.0000000001,0.495429687600209,0.0134335599562907,922.0000000001,0.495429687600209,0.124116536507399,0.0160478827028911,1e-10,1167.0000000001,0.0112629137730654,0.00632154999468638,0.642971098449118,1.29760509700478,3735.45587122722,0.0312500660060792,338,2,"SNETWORK (2 43 3735.45587122722 0.642971098449118 7000037 338)",7
37,7000038,0.557978590709186,58,0.638158073055483,0.521052073640444,0.623124281295046,0.615977027310147,0.618989232093641,-0.503569866220464,-0.531046623259956,-0.155592211379093,1.75220850823883,-0.474337466578206,0.124505427363629,-0.431217651874203,-0.474337466578206,-0.474337466578206,-0.670191309561328,-0.170463475641484,-0.0872447832001091,-0.624864357709993,-0.153279390304148,1.08031088082902,-1.42471042471043,-0.650969529085872,0.922053231939164,0.557978590709186,0.5,0.770869529534468,1.300013245691,1.31608331648607,-0.489727159956575,1.40546349139826,0.553590767207194,0.0604109346393294,1.66018916029279,-0.199350942001587,0.166123335174136,0.0799702643258065,907.0000000001,0.963596004122805,0.1760681469909,1765.0000000001,1.9873875505601,2.95098355458291,0.0547964849281901,0.331766750032797,2.50631612130293,-0.0156650711954866,-0.610240656992666,-0.671411648225038,-0.236334903588827,-0.563665232396621,0.941663931399403,-0.396987060836372,-1.03084029851386,-0.525287808325878,-0.366712190312341,0.315108802598638,-0.217628356242218,0.881355976037885,0.430873575621596,0.676414028971747,0.668054363157543,0.679057765258309,0.277013978813548,-1.44162689243238,0.708075401607445,-0.0928904302345964,0.156063440195899,0.720746344051494,0.776340870833044,1.42634156690796,0.484295465746496,-1.53625689213362,-1.11465890449415,-0.187943216701152,0.0521801908592025,489.0000000001,1.02064453134964,0.0521801908592025,489.0000000001,1.02064453134964,0.372395773323884,0.312115920739157,1e-10,1765.0000000001,0.0178929068360032,0.0369035779921869,0.681859765914573,0.436874057852629,4923.87753035061,0.0312499339939208,169,2,"SNETWORK (2 37 4923.87753035061 0.681859765914573 7000038 169)",7
37,7000039,0.107346604365387,18,0.638158073055483,0.521052073640444,0.649161038498292,0.645874990233288,0.652741863980251,-0.609279682569421,-0.629036701459788,-0.162679597306308,2.0563387145055,-0.323891899956219,0.0634727715750052,-0.465022699432697,-0.323891899956219,-0.323891899956219,-0.616644114929243,0.0839008614194822,0.223395167268119,-0.465162505335291,0.106141048146685,0.143005181347151,-0.438610038610039,0.349030470914128,0.119771863117871,0.107346604365387,0.5,1.06206671405199,0.146539203705117,0.145964671217457,-0.690086740867457,0.142841794360483,0.108435830725316,0,1.94039312443458,-0.588423510299156,0.369909039000916,0.0799702643258065,1226.0000000001,2.90029701580269,3.37394275804393,146.0000000001,3.15026891463607,6.05056593033876,0.138189040613266,0.806496750415059,0.32231839890563,-0.233372922400929,0.937143342033738,1.33466851706539,0,1.38232824263991,1.28702179115774,1.53804595669978,3.68953440972246,-0.0271843863473077,-0.776209096274447,0.330953422677859,-0.466948343185967,0.881355976037885,0.430873575621596,0.759851542316229,0.755531634235258,0.765632711522822,0.0382381373884867,-1.52182029145537,0.489694638770566,1.3462940437278,-1.12172806730506,0.25576827993072,0.460275429941531,1.02669715700215,0.0504857696540442,-0.137128439053753,0.430152313458128,-0.0519570475982599,0.0678274264211382,123.0000000001,0.333710937599881,0.0678274264211382,123.0000000001,0.333710937599881,0.267834308263129,0.70428615420616,1e-10,1226.0000000001,0.0662399627447126,0.0719490777685531,0.204025792968572,0.490718331187963,4438.82019740291,0.0312499339939208,137,2,"SNETWORK (2 37 4438.82019740291 0.204025792968572 7000039 137)",7
43,7000040,0.385305568714069,81,0.0756580730554828,0.31473676207772,0.354270929498081,0.350983481983268,0.358474665810763,-0.571274189361352,-0.576994874534489,-0.154406894698375,-0.728219479425544,-0.13841732147924,0.451680761737129,-0.205179030815993,-0.13841732147924,-0.13841732147924,0,2.98705567623266,3.0351235624487,-0.483562250047292,3.58111496590017,0.124352331606218,-0.494208494208494,-0.193905817174515,-0.237642585551331,0.385305568714069,0.25,-0.535734077529049,-0.182222091381373,-0.180611597006642,0.588689146905699,-0.172566936356461,0.380501826055904,0.227711655002568,-0.689050086355786,-0.241420880138275,0.0513994469554379,0.0799701818409082,1504.0000000001,0.494381769509044,0.0653807726600647,832.0000000001,0.347880063320183,0.842261832729227,0.0204088384306815,-0.520814938978893,-0.168547738668245,0.0487309401530266,0.49034748043436,0.521272292981692,0.280452782099763,0.57198199468793,-0.571211786072568,0.547207863325049,0.234267735428749,-0.421307708176719,-0.533153161591356,0.0548533314846317,-0.426842684268427,0,0.0363195055765448,0.676414028971747,0.668054363157543,0.67905776525831,-0.173077013766369,-0.21829020863333,-0.382143601739177,1.43839240044092,0.156063440195899,0.315489214491131,0.255402762555335,-0.210615812798977,0.451309329842117,0.0173467073336485,0.159869745890026,0.157849563121974,0.0326005261192411,929.0000000001,1.21143554697551,0.0326005261192411,929.0000000001,1.21143554697551,0.462586384489538,0.146286348011571,1e-10,1504.0000000001,0.0119793598791114,0.00842947845157006,0.628173132767549,0.482362208713312,3713.87053949678,0.0312500660060792,336,2,"SNETWORK (2 43 3713.87053949678 0.628173132767549 7000040 336)",7
43,7000041,-0.368773492618307,23,0.0756580730554828,0.31473676207772,0.118081199488201,0.12698938418892,0.129762766215853,-1.170414547673,-1.07450459586823,-0.289272142513405,0.277889160383992,-0.486260020508882,-0.0549103503231441,-0.492177556660782,-0.486260020508882,-0.486260020508882,0.376082856730858,3.23703581357306,3.1233213296391,0.36494676258016,3.64297168104025,0,0.0216216216216217,1.64542936288088,0.287072243346007,-0.368773492618307,0.25,1.03781638876827,-0.426506411512722,-0.421143973784089,-0.710526553817928,-0.395402124179083,-0.359339144237244,1.01075695930526,0.245066206102476,0.788743029724161,0.762621850991158,0.0799701818409082,641.0000000001,3.12624809570094,0.13532595484851,580.0000000001,0.501955548802817,3.62820364440376,0.0918707977918628,2.26154275837768,-0.0201466500539809,0.463258513700437,-0.0337621230972893,-0.556060758285191,0.906575050933075,-0.640053693589879,1.11797377687912,-0.658837382909578,-0.74476299533639,-0.387903977376719,-0.330082222295665,-0.919734227443536,-0.41966174639442,-3.01077401207183e-16,0.0363195055765448,0,-1.49871635330658e-15,-1.55600483282998e-15,-0.557121607366995,0.397757973203393,0.207801647273898,-0.605660139259056,-1.50734362873264,1.06584866716387,0.832814984115671,0.328755721431639,1.17963912147943,1.45780973168424,1.36118410319656,-0.187943216701152,0.0603927076245859,483.0000000001,1.16678710947549,0.0603927076245859,483.0000000001,1.16678710947549,0.441480202667986,0.381671664635613,1e-10,641.0000000001,0.0791606355328053,0.0127101621590576,0.177026646887927,3.42998027707178,3055.79720926456,0.0312500660060792,293,2,"SNETWORK (2 43 3055.79720926456 0.177026646887927 7000041 293)",7
37,7000042,0.347992302746096,38,0.638158073055483,0.521052073640444,0.623124281295046,0.615977027310147,0.618989232093641,-0.576517175785354,-0.596410553973534,-0.170974519910323,1.93181644146496,-0.385509436710309,0.0977678645014226,-0.473625319014131,-0.385509436710309,-0.385509436710309,-0.646483870455744,-0.0202751239254563,0.0856248008536625,-0.581928876863993,0.0142341513186549,0.55958549222798,-0.876876876876878,-0.0954139735303178,0.476341360371778,0.347992302746096,0.5,-0.642373142973498,0.382128365769381,0.381947546871188,0.888765136441992,0.380342405828715,0.3468188622801,0.239494070151466,1.82393946870631,0.0719058508331621,0.125722007762278,0.0799702643258065,1081.0000000001,0.869148657285238,0.0950882149257268,2396.0000000001,1.45703696426284,2.32618562144808,0.0509249991756565,-1.13045556672821,-0.0257317271821768,-0.0769618354507927,0.0762451480652084,0.171944122636524,0.139643685008245,0.170942868958073,1.36836552981752,0.0590444414339847,0.0164540008436744,-0.627478156295653,-0.508758591533864,0.324679285101554,-0.259480893144259,0.881355976037885,0.430873575621596,0.676414028971749,0.668054363157545,0.67905776525831,0.521622689953549,0.171446296814244,-1.01977277438092,-0.714090529635056,0.156063440195899,0.546042723562286,0.761549164299436,-0.38651551097552,0.76658297388089,-1.16282103439045,-0.304342543158163,2.13945636750364,0.0105730024300439,684.0000000001,0.289277343849897,0.0105730024300439,684.0000000001,0.289277343849897,0.24682968724651,0.219370973414445,1e-10,2396.0000000001,0.0190274560024646,0.0318975430731919,0.438474233655033,1.84741298814868,4676.81276760883,0.0312499339939208,153,2,"SNETWORK (2 37 4676.81276760883 0.438474233655033 7000042 153)",7
28,7000043,-0.382780068449186,86,-0.361841926944517,-0.698245294676348,-0.562675121066356,-0.564925299345405,-0.567713055283144,0.279586968915887,0.37927525340493,1.06704469509691,-0.521761376689013,0.419020606091106,-0.776201053781414,0.831451686848358,0.419020606091106,0.419020606091106,-0.0609354156921035,-0.744038964846729,-0.748649577380553,1.35036102434525,-1.39032512855787,0.393782383419688,-1.16859716859717,-1.44967682363804,0.0792141951837772,-0.382780068449186,-0.5,-0.212762500019838,-2.13026553118492,-2.0438368402967,-0.129579606466652,-1.70975798543274,-0.376287742804257,0.267620722223476,-0.497044164816186,1.24598116095403,0.161217535362236,0.0399850261056294,6671.0000000001,1.71948338449415,0.093565587594937,3549.0000000001,0.530905120306072,2.25038850470022,0.0775699533116715,-0.821295862787335,-1.75502222148646,-0.276747826901565,0.644220119039611,1.13326096131469,0.864720661333703,1.76592976159796,0.260778055756348,2.96492178158275,1.89061908220383,-2.39333788294231,-2.01497913141509,0.0989639838455743,-0.816293717283816,-0.118644023962116,-0.921164041933265,-0.323585971028253,-0.331945636842457,-0.32094223474169,0.0515549188141393,0.966885389326755,-0.943837175597337,-9.52505365478106,-6.04995923440296,1.36354842824763,1.62883883587253,0.900863031362417,1.37269392156447,-0.150772313521006,0.949381166620266,-0.187943216701152,0.00057530642827553,519.0000000001,0.0119433594750029,0.00057530642827553,519.0000000001,0.0119433594750029,0.115728537301242,0.134695690244152,1e-10,6671.0000000001,0.059269875136247,0.0183000780754245,0.0482837512074079,4.07906951825134,1654.48717089876,0.125,2,2,"SNETWORK (2 28 1654.48717089876 0.0482837512074079 7000043 2)",7
41,7000044,-0.11573013866426,87,-0.407894617963011,-0.251052105764176,0,0,0,0.456627181604854,0.502941342755168,-0.023494359885825,-0.425850510619635,0.776342604228331,-0.0793377658624757,0.164716213309166,0.776342604228331,0.776342604228331,0.46037299799206,-0.218368149969315,-0.330527785036295,-0.0503218801068821,-0.370955602626076,-0.606217616580312,0,0,-0.712927756653993,-0.11573013866426,0,-0.62490337330127,1.34360197453299,1.36099853029947,1.06333454182052,1.45838086135129,-0.113468576252892,0.812716910857015,-0.402858787729254,-0.896884949975503,0.101613807286197,0.0799701241440398,4511.0000000001,2.93144054226835,0.0789825666103137,276.0000000001,0.139410621586569,3.07085116375492,0.0565789457379879,-1.37891028287578,0.166670811678561,0.753303345143895,0.146384137157951,-0.720383541080127,0.285017671048864,-0.600123553170041,-0.0977009391865827,-0.374755353962999,-0.320808260886751,0.00831025652217814,0.251527663396682,0.275559071159725,0.426588812727427,-0.152469027198194,-0.163415319260905,1.4637901463605e-15,0,1.55600483282998e-15,0.437678151599192,-0.176401914263587,0,0.592406972304599,0.156063440195899,-0.757120406111865,-0.582587400882243,0.177975868125134,-0.90035872806204,1.04727803288718,0.980268925400222,0.347238096453559,0.0407986112111111,657.0000000001,1.0721875001,0.0407986112111111,657.0000000001,1.0721875001,0.616926493159304,0.475366152911801,1e-10,4511.0000000001,0.0540103724463589,0.00256857319162898,0.529482160662902,0.57847600778757,2660.17732605492,0.0625,245,2,"SNETWORK (2 41 2660.17732605492 0.529482160662902 7000044 245)",7
43,7000045,0.398852453042793,82,0.0756580730554828,0.31473676207772,0.354270929498081,0.350983481983268,0.358474665810763,-0.558966594907722,-0.572258600231119,-0.159406428106763,-0.729921544876748,-0.139842825237663,0.457133526063763,-0.203185166545241,-0.139842825237663,-0.139842825237663,-0.00227601108448722,2.97934423522263,3.02777278422881,-0.489242672593241,3.57348251621513,0.124352331606218,-0.494208494208494,-0.193905817174515,-0.237642585551331,0.398852453042793,0.25,-0.681229563223938,-0.262703642918264,-0.260060605888937,0.82654866308008,-0.247041580355199,0.3906508588023,0.0701481829516085,-0.69306686405132,-0.675667351009752,0.0465127400034757,0.0799701818409082,1452.0000000001,0.431911438194746,0.104659199290534,1354.0000000001,0.906258802213895,1.33817024030864,0.0328986277096424,0.366487151687968,-0.492688657931367,-0.174507472039559,0.212990758537326,0.44342104933568,0.168552067110236,0.493367447727003,-0.679841424986983,0.512736770845012,0.215745261584161,-0.117522080230808,-0.229001994009527,0.0539606600182452,-0.260720028046761,0,0.0363195055765458,0.676414028971749,0.668054363157543,0.67905776525831,-0.461090193369758,-0.597775496036035,0.526984542074555,-0.982049035725067,0.156063440195899,-0.3355759832845,-0.414455673984539,-0.585830502905686,-0.205489571340596,-0.0203678456318374,-0.428820317636603,-0.135421303334251,0.0153283496248764,809.0000000001,0.49602539072521,0.0153283496248764,809.0000000001,0.49602539072521,0.124398136921028,1e-10,1e-10,1452.0000000001,0.0106184498319203,0.0222801777777221,0.63588613170229,0.469372379593551,3725.12125085978,0.0312500660060792,337,2,"SNETWORK (2 43 3725.12125085978 0.63588613170229 7000045 337)",7
41,7000046,-0.360737300321504,68,-0.407894617963011,-0.251052105764176,0,0,0,0.523190135932549,0.656134829627048,0.162313952883627,-0.211992425982777,0.718478413491511,-0.0195030297794796,0.0261153403951328,0.718478413491511,0.718478413491511,0.480221024876695,-0.489751963492515,-0.604034304824443,-0.121414641891632,-0.675462872101223,-0.606217616580312,0,0,-0.712927756653993,-0.360737300321504,0,-0.132120152861737,0.233957593473329,0.233341340115296,0.111543170927191,0.229823632944386,-0.356901187655787,-0.00374071847564491,-0.204059544370425,0.250795057064786,0.0515227471182835,0.0799701241440398,133.0000000001,0.0438234123590322,0.0932472435617153,2486.0000000001,1.48249304947251,1.52631646173154,0.0343159484419741,1.21165862028207,1.92851597775132,0.584099246828574,-0.545527182388587,-1.2407950532839,-0.0256528393481468,-1.26535270636434,-0.13210457760763,-1.69629514620444,-1.55398522758272,-0.990046960214023,-0.915070187099498,-1.33424549281149,-0.56969378256507,-0.305084586862669,-0.363341583505644,-1.4637901463605e-15,1.49871635330658e-15,0,-0.366007405974167,-0.163750501657515,0.534258538076869,0.477184514676794,0.156063440195899,1.24589488419217,1.22031237315509,0.739884453877913,1.27895676795826,0.0356426944776038,0.71532157563713,-0.187943216701152,0.0125943308464701,602.0000000001,0.303271484475,0.0125943308464701,602.0000000001,0.303271484475,0.0332796293107786,0.0231557165984956,1e-10,2486.0000000001,0.00098527532726894,0.0333306730147051,0.405500396389588,2.77387879230082,2449.42150300306,0.0625,229,2,"SNETWORK (2 41 2449.42150300306 0.405500396389588 7000046 229)",7
36,7000047,0.837314056188877,85,0.638158073055483,0.521052073640444,0.623124281295046,0.615977027310147,0.618989232093641,-0.187506024192576,-0.183927118269175,-0.0135541149767798,0.413497483449241,-0.339033237365974,0.419855752583127,-0.708499542953261,-0.339033237365974,-0.339033237365974,-0.816932327856977,0.0547903372859658,0.0163912215897908,-1.16832559724087,0.267684753144251,0,0.0216216216216217,1.64542936288088,0.287072243346008,0.837314056188877,0.5,-0.0225835417096669,-0.17902142933285,-0.17744790075839,-0.0617971330260271,-0.169583319010109,0.82277299721035,-0.695691156828268,1.32717493214903,0.16001019121249,0.084687116611712,0.0799702643258065,464.0000000001,0.251299942125374,0.114249178418679,1250.0000000001,0.913314095372006,1.16461403739738,0.0282034915192354,-0.577091988097781,0.117690837825329,-0.258347907985057,-0.27739356553469,-0.0426738015395705,-0.670356981208556,-0.0477744857040463,0.332583095527478,0.489246490870836,1.77594762139101,-0.834336124893348,-0.932077582198697,0.100166778800051,-0.374357765446874,0.881355976037885,0.430873575621597,0.676414028971749,0.668054363157543,0.67905776525831,0.180391925080732,-0.519244065827185,-2.06888346280696,-2.34654997084727,-2.85392214763459,0.114647197177897,0.334819262894536,0.0137344691635984,0.157619059562626,-1.11133477303283,-1.84932789803519,-0.187943216701152,0.0835405355240544,423.0000000001,1.4135058594745,0.0835405355240544,423.0000000001,1.4135058594745,0.558108937912366,0.577721722750414,1e-10,1250.0000000001,0.00608573787674277,0.0221177535424926,0.00513579631049443,0.00311934509891412,5247.81045642127,0.0156249669969604,115,2,"SNETWORK (2 36 5247.81045642127 0.00513579631049443 7000047 115)",7
29,7000048,-0.67290684262013,65,-0.361841926944517,-0.698245294676348,-0.562675121066356,-0.564925299345405,-0.567713055283144,0.0544084938893416,0.113787340827793,0.961405119967856,0.0177446414524292,1.10370669565683,-1.36965288713564,1.06466931839116,1.10370669565683,1.10370669565683,0.0996011708086445,-0.410996666293767,-0.470684969795431,1.10238957924089,-0.923042171350966,0.880829015544044,-1.4980694980695,-1.57894736842105,0.396070975918885,-0.67290684262013,-0.5,0.624349846237846,0.0464277743007197,0.0461768370457199,-0.509971743546136,0.0448586777416707,-0.66951339581169,-0.790677680366084,0.0132675384488856,0.836480337130005,0.129989498433248,0.0399850261056294,4856.0000000001,1.0092103863204,0.0559739610590085,1294.0000000001,0.115801739430968,1.12501212565137,0.0261610454490647,-0.342905904487836,-0.833056560192955,-0.603666130255971,-0.468295536297017,0.131527266967432,-0.846037510422184,0.138283149028972,-0.761631850943404,0.194368710886271,0.311516691791822,-0.388628196847348,-1.09636232675943,0.058494509313683,-0.59024528826509,-0.118644023962115,-0.921164041933263,-0.32358597102825,-0.331945636842455,-0.320942234741688,-0.0222000971485549,0.925100083744405,-0.814134614009744,0.819554437944136,0.156063440195899,0.443307827165927,0.384976803886017,-2.4066040838458,1.18807866212534,-0.908173267160995,1.57217980119721,-0.187943216701152,0.118395006434459,592.0000000001,2.80359375010069,0.118395006434459,592.0000000001,2.80359375010069,1.43539578717368,1.13256724578098,1e-10,4856.0000000001,0.0234681903252548,0.00269285502380987,0.789973741080404,2.68354082512969,1421.31107256969,0.25,81,2,"SNETWORK (2 29 1421.31107256969 0.789973741080404 7000048 81)",7
37,7000049,0.160849980799471,22,0.638158073055483,0.521052073640444,0.623124281295046,0.615977027310147,0.618989232093641,-0.596086349022563,-0.620455038468185,-0.167205690152556,2.0322939943891,-0.332660457308415,0.0688159905816919,-0.465469869807738,-0.332660457308415,-0.332660457308415,-0.624345517529879,0.0628515239010529,0.192456666240499,-0.499090063665507,0.0904606689287546,0.143005181347151,-0.438610038610039,0.349030470914128,0.119771863117871,0.160849980799471,0.5,0.950788772903246,0.00314306297512868,0.00312404684893403,-0.658197512142547,0.00302529660268278,0.155697079025552,-0.147540212244876,1.91830249198125,-0.679633428216521,0.0907047589439225,0.0799702643258065,1709.0000000001,0.991354991629988,0.134270108387636,970.0000000001,0.832929292015364,1.82428428354535,0.0427535928022396,0.344390625533842,-0.179467430929221,-0.0703719493461056,-0.17759994125558,-0.139445481339779,-0.0996062831176427,-0.148752065751154,1.18373248788163,0.0764690714466439,0.0496194664941353,0.539992695421645,0.352208377281621,0.329509800408736,0.729131154873729,0.881355976037885,0.430873575621597,0.67641402897175,0.668054363157542,0.679057765258312,1.05298771114393,1.22758724042747,-0.732584277888585,-0.745670538934183,-1.44640781026127,-0.249034061491463,0.0294913998456621,-0.267515013602637,-0.19007525227427,-0.572388717872127,-1.34356085634042,0.172569019007625,0.00247163328452381,315.0000000001,0.0311425782249889,0.00247163328452381,315.0000000001,0.0311425782249889,0.124804380140508,0.150756592026706,1e-10,1709.0000000001,0.0232332142067017,0.0195203784955378,0.254407240834496,0.300250613130629,4489.9632556941,0.0312499339939208,140,2,"SNETWORK (2 37 4489.9632556941 0.254407240834496 7000049 140)",7
43,7000050,0.343512883975547,77,0.0756580730554828,0.31473676207772,0.354270929498081,0.350983481983268,0.358474665810763,-0.568213803620646,-0.565424207923051,-0.145234577116639,-0.719576885324645,-0.142724115670275,0.422496402407869,-0.195955345084604,-0.142724115670275,-0.142724115670275,0.00761617417041769,3.01867459917688,3.06213617349906,-0.445140203134524,3.60817768270213,0.124352331606218,-0.494208494208494,-0.193905817174515,-0.237642585551331,0.343512883975547,0.25,-0.551933015216563,0.222256270993431,0.221632674759902,0.69434986542799,0.218103102641474,0.335295697150491,-0.681862617367641,-0.683329221153055,-0.0233256170357068,0.0651656536986279,0.0799701818409082,700.0000000001,0.291724538629901,0.0685643219946439,1715.0000000001,0.75200109955098,1.04372563808088,0.0235153445841448,-0.379927647746395,-0.0277083635734927,-0.348835523037477,-0.011786497923662,0.379182250489921,-0.738140496669402,0.387386530970148,-1.57320296700337,0.46773371053085,0.208012810553846,-0.962750814427293,-0.971970522881577,-1.30047083735898,-0.582326914010082,-3.01077401207183e-16,0.0363195055765458,0.676414028971747,0.668054363157543,0.679057765258312,-0.640380547773926,-0.400942697435903,0.285409094396406,1.56810176232283,0.156063440195899,0.70073580656944,0.596131494311204,0.598551252315328,0.682707455028882,0.350145817601822,0.336058503566955,-0.187943216701152,0.0606814162499263,1018.0000000001,2.47094726572604,0.0606814162499263,1018.0000000001,2.47094726572604,1.05798198690703,0.384116876472431,1e-10,1715.0000000001,0.00657261139170602,0.0169427330924387,0.595642690885843,0.536199180933181,3666.41939692325,0.0312500660060792,332,2,"SNETWORK (2 43 3666.41939692325 0.595642690885843 7000050 332)",7
41,7000051,-0.222964393529562,77,-0.407894617963011,-0.251052105764176,0,0,0,0.532324911762759,0.640694360333084,0.118143409809859,-0.246047657832634,0.734022270895705,0.00805785600475066,0.0200326110340825,0.734022270895705,0.734022270895705,0.481263167298006,-0.592573398646989,-0.737100435822363,-0.240298711248382,-0.765159141397316,-0.606217616580312,0,0,-0.712927756653993,-0.222964393529562,0,0.434751915835265,0.660896827428754,0.663226241937239,-0.341382440449482,0.674379866660542,-0.223676606056212,-0.490974839605821,-0.236200345423143,0.444243842413314,0.199440827622297,0.0799701241440398,3533.0000000001,4.50622885568529,0.0572543003309092,382.0000000001,0.139870785418792,4.64609964100408,0.0967464389909374,0.118192571799717,-0.167518175398117,-0.712625710506002,-0.493109726258191,0.224414441958955,-0.607280773537915,0.212675266280309,-0.756535237142442,0.131285843226452,0.0453562766866927,0.304367481618883,-0.000517478225002822,-0.894779791660229,0.0918470967975918,-0.305084586862669,-0.363341583505644,0,-1.49871635330658e-15,0,0.0372074404877684,0.909655307044001,-0.909150870621122,-0.0878304387227157,-0.160908476575343,-1.01656057169472,-0.867911866899076,-0.165058467191144,-1.11025857447341,1.98635681242175,0.883758345976168,-0.0363741026850981,0.124673652021855,787.0000000001,3.9247265626,0.124673652021855,787.0000000001,3.9247265626,1.96537699842453,1.18574410702405,1e-10,3533.0000000001,0.093833888272062,0.0029125506188754,0.46546547512394,0.235255802050233,2551.35576403816,0.0625,237,2,"SNETWORK (2 41 2551.35576403816 0.46546547512394 7000051 237)",7
41,7000052,0.0363941125851761,96,-0.184210513107001,-0.196491445985551,0,0,0,0.465788525305992,0.460030972358504,-0.116610375875976,-0.513080494817228,0.794078137097956,0.0606407117794336,0.147925506639839,0.794078137097956,0.794078137097956,0.441809935414916,-0.154033376038045,-0.271117620873076,-0.159474394555186,-0.263587468403536,-0.606217616580312,0,0,-0.712927756653993,0.0363941125851761,0,-0.675012025950138,-0.0523223490367491,-0.0519623592219246,0.85878574628626,-0.0501171163323578,0.0365485510044215,-0.0732903427008595,-0.487987498971955,-0.577681782347354,0.160652112672792,0.0799701241440398,2212.0000000001,2.27262145758239,0.141086830788286,726.0000000001,0.655056315161728,2.92767777264412,0.0693008002484727,1.04106480665352,-0.183635123681755,0.328738381627497,0.313054740659303,-0.0170220243510209,-0.0155857107238824,-0.0189153224165492,-0.495912613377869,0.2477607619945,0.143416804764227,0.870248915417813,0.684188488979694,0.0990791602723359,1.1002611250136,0.431201436666605,0.00587163046850205,0,-1.49871635330658e-15,0,0.491557965614321,1.0795435322188,-0.712046759356568,-0.670694965948684,-0.0544334587665908,-0.967601595398807,-0.911663084011108,-0.997033175796884,-0.830504864122709,0.955398729953715,0.793708154925811,0.20678407660627,0.00846905357360558,502.0000000001,0.17005859385,0.00846905357360558,502.0000000001,0.17005859385,0.19047267331887,0.201551621319426,1e-10,2212.0000000001,0.0537950203793285,0.0155057797691442,0.586449810709853,0.561218197902319,2757.01627687439,0.0625,251,2,"SNETWORK (2 41 2757.01627687439 0.586449810709853 7000052 251)",7
28,7000053,0.312169771920137,112,-0.111841926944517,-0.494736954820113,-0.562675121066356,-0.564925299345405,-0.567713055283144,0.211420695863633,0.387596148234042,1.04759627104908,-0.92702002798488,-1.13822836083532,-1.74262139941769,0.556745216895425,-1.13822836083532,-1.13822836083532,-0.414271497044064,-1.17477005445813,-1.08333958733535,0.927429212197959,-1.78704354375564,0.393782383419688,-1.16859716859717,-1.44967682363804,0.0792141951837772,0.312169771920137,-0.5,-0.691604904225242,0.0803906453716899,0.0799967246456494,0.91869289449158,0.0779064050694641,0.32115244325574,2.92710454739126,-0.879924335882885,-0.532630923519037,0.0868541778276347,0.0399850261056294,15068.0000000001,2.09238255376596,0.048725368940008,5516.0000000001,0.429708711797341,2.5220912654633,0.0582915086707697,-0.770120131104286,-0.66206771164935,2.6379988626082,1.32272471923094,-1.52147056454465,1.68088303398942,-1.59531100999398,0.134688579098068,-1.12147964273192,-0.301355022099363,-0.952817304287142,-0.937480307395607,-0.122280332609562,-0.384506582526385,0.474576257488161,-0.569126424378406,-0.323585971028251,-0.331945636842457,-0.320942234741691,1.65324836700079,-0.247786756742613,1.34754132547477,3.86062474985716,0.156063440195899,-0.274104231711008,-0.328676057801337,-0.120759234762264,-0.258537437392663,0.162779940020818,0.531247293394427,-0.187943216701152,0.130213951096968,536.0000000001,2.79178710947569,0.130213951096968,536.0000000001,2.79178710947569,1.20964919984758,0.973021267712472,1e-10,15068.0000000001,0.0483599214807871,0.00993158708998254,0.413610472942466,0.0438829641789198,1944.51359668679,0.125,24,2,"SNETWORK (2 28 1944.51359668679 0.413610472942466 7000053 24)",7
29,7000054,-0.919060659657306,45,-0.361841926944517,-0.698245294676348,-0.562675121066356,-0.564925299345405,-0.567713055283144,-0.0273468304355504,0.00207454654990481,0.924122897863954,0.405829487152712,0.875023113488195,-1.24433004762786,0.832511019660789,0.875023113488195,0.875023113488195,-0.0386918088615674,-0.0221592053654833,-0.0630762585326182,0.497553923767826,-0.289420622731438,0.888230940044412,-1.64368450082736,-1.9192718638702,0.441336230309614,-0.919060659657306,-0.5,-0.362831708501998,1.15944074525572,1.17156463644757,0.572466353183262,1.23754308042929,-0.914437088673792,-0.193081968760323,0.383903281519862,-0.30746077947003,1.22250675920419,0.0399850261056294,1754.0000000001,3.42827477847582,2.66487274747163,269.0000000001,1.14610266175097,4.57437744012679,0.0871070526842594,0.760275083240994,1.42532979117486,-0.0868257586162457,0.0834914058042979,0.17984527883596,-0.421539645587378,0.156909583068131,0.0238890825807412,0.519755918949954,0.60058158890302,0.499041343250517,0.222519849021955,0.0994703870668753,0.217870138662218,-0.118644023962116,-0.921164041933263,-0.323585971028251,-0.331945636842457,-0.32094223474169,-0.084732379605036,-0.242330852084727,0.834776107953122,0.337147856319504,-3.28690191960656,0.409424683305134,0.546695317414471,0.0742680073381438,0.484276100925583,-0.398716873082285,-0.33898472917095,0.460397703691177,1.8427734376,100.0000000001,7.37109375010181,1.8427734376,100.0000000001,7.37109375010181,3.37437620902126,15.4775090457024,1e-10,1754.0000000001,0.0652825253946521,0.0218245271896074,0.546231703495464,0.796357464921087,1195.18796175905,0.25,64,2,"SNETWORK (2 29 1195.18796175905 0.546231703495464 7000054 64)",7
37,7000055,0.557978590709186,58,0.638158073055483,0.521052073640444,0.623124281295046,0.615977027310147,0.618989232093641,-0.503569866220464,-0.531046623259956,-0.155592211379093,1.75220850823883,-0.474337466578206,0.124505427363629,-0.431217651874203,-0.474337466578206,-0.474337466578206,-0.670191309561328,-0.170463475641484,-0.0872447832001091,-0.624864357709993,-0.153279390304148,1.08031088082902,-1.42471042471043,-0.650969529085872,0.922053231939164,0.557978590709186,0.5,0.770869529534468,1.300013245691,1.31608331648607,-0.489727159956575,1.40546349139826,0.553590767207194,0.0604109346393294,1.66018916029279,-0.199350942001587,0.166123335174136,0.0799702643258065,907.0000000001,0.963596004122805,0.1760681469909,1765.0000000001,1.9873875505601,2.95098355458291,0.0547964849281901,0.331766750032797,2.50631612130293,-0.0156650711954866,-0.610240656992666,-0.671411648225038,-0.236334903588827,-0.563665232396621,0.941663931399403,-0.396987060836372,-1.03084029851386,-0.525287808325878,-0.366712190312341,0.315108802598638,-0.217628356242218,0.881355976037885,0.430873575621596,0.676414028971747,0.668054363157543,0.679057765258309,0.277013978813548,-1.44162689243238,0.708075401607445,-0.0928904302345964,0.156063440195899,0.720746344051494,0.776340870833044,1.42634156690796,0.484295465746496,-1.53625689213362,-1.11465890449415,-0.187943216701152,0.0521801908592025,489.0000000001,1.02064453134964,0.0521801908592025,489.0000000001,1.02064453134964,0.372395773323884,0.312115920739157,1e-10,1765.0000000001,0.0178929068360032,0.0369035779921869,0.681859765914573,0.436874057852629,4923.87753035061,0.0312499339939208,169,2,"SNETWORK (2 37 4923.87753035061 0.681859765914573 7000055 169)",7
43,7000056,0.398852453042793,82,0.0756580730554828,0.31473676207772,0.354270929498081,0.350983481983268,0.358474665810763,-0.558966594907722,-0.572258600231119,-0.159406428106763,-0.729921544876748,-0.139842825237663,0.457133526063763,-0.203185166545241,-0.139842825237663,-0.139842825237663,-0.00227601108448722,2.97934423522263,3.02777278422881,-0.489242672593241,3.57348251621513,0.124352331606218,-0.494208494208494,-0.193905817174515,-0.237642585551331,0.398852453042793,0.25,-0.681229563223938,-0.262703642918264,-0.260060605888937,0.82654866308008,-0.247041580355199,0.3906508588023,0.0701481829516085,-0.69306686405132,-0.675667351009752,0.0465127400034757,0.0799701818409082,1452.0000000001,0.431911438194746,0.104659199290534,1354.0000000001,0.906258802213895,1.33817024030864,0.0328986277096424,0.366487151687968,-0.492688657931367,-0.174507472039559,0.212990758537326,0.44342104933568,0.168552067110236,0.493367447727003,-0.679841424986983,0.512736770845012,0.215745261584161,-0.117522080230808,-0.229001994009527,0.0539606600182452,-0.260720028046761,0,0.0363195055765458,0.676414028971749,0.668054363157543,0.67905776525831,-0.461090193369758,-0.597775496036035,0.526984542074555,-0.982049035725067,0.156063440195899,-0.3355759832845,-0.414455673984539,-0.585830502905686,-0.205489571340596,-0.0203678456318374,-0.428820317636603,-0.135421303334251,0.0153283496248764,809.0000000001,0.49602539072521,0.0153283496248764,809.0000000001,0.49602539072521,0.124398136921028,1e-10,1e-10,1452.0000000001,0.0106184498319203,0.0222801777777221,0.63588613170229,0.469372379593551,3725.12125085978,0.0312500660060792,337,2,"SNETWORK (2 43 3725.12125085978 0.63588613170229 7000056 337)",7
35,7000057,1.03513276395122,102,0.953947685431969,0.757894567769832,0.623124281295046,0.615977027310147,0.618989232093641,0.0795465032267578,0.056537144038976,0.0183627384450199,-0.148267652402732,-0.0213760626353011,0.963844545273477,-0.200540947295829,-0.0213760626353011,-0.0213760626353011,-0.690177915677614,0.27075372588479,0.247515157242438,-1.02894248310829,0.486884312670903,-0.963730569948188,1.15057915057915,3.24099722991689,-0.29467680608365,1.03513276395122,0.5,0.632630593622648,-0.115133168665154,-0.114232311243384,-0.526545876547819,-0.109674884574924,1.02463923767554,0.080594509974497,0.260129944896784,-0.370867112485911,0.306355985850755,0.0799702643258065,225.0000000001,0.440824730163255,0.266157678505606,2028.0000000001,3.45194615092078,3.89277088098403,0.0931931469914909,-0.261698384257095,-0.151335500595372,0,-0.569486715493687,-0.690685024360164,0.138699258470055,-0.750734389662824,0.468468214197199,-0.721650035048304,-0.383375847019801,-0.332516506977783,-0.22556044781316,-1.02590312043468,-0.474872762001475,0.949152514976322,0.464889228842547,0.676414028971749,0.668054363157543,0.67905776525831,-1.49275557103314,0.093435179600654,-0.556851931054342,0.794977697185672,-0.296350803341144,0.978369629922783,1.25084545889937,0.720196953266424,0.973058572826943,-1.57528088705759,-0.777813653058533,-0.187943216701152,0.107277262186237,287.0000000001,1.23154296884956,0.107277262186237,287.0000000001,1.23154296884956,0.472091552549141,0.778759446972147,1e-10,2028.0000000001,0.010553368045349,0.0826397788461419,0.021491058926834,0.95868839987088,5443.64306705957,0.0156249669969604,100,2,"SNETWORK (2 35 5443.64306705957 0.021491058926834 7000057 100)",7
41,7000058,-0.825261169242154,24,-0.407894617963011,-0.251052105764176,-0.192309249631537,-0.194095720002018,-0.196546296696359,0.528498821730681,0.854482147691656,0.503488453614882,0.229120982394587,0.319010981928048,-0.179424291632528,0.0178962283334293,0.319010981928048,0.319010981928048,0.535513158763448,0.565207234142186,0.450102348134267,0.372191748102764,0.447592948553109,-0.606217616580312,0,0,-0.712927756653993,-0.825261169242154,0,0.403940311166774,0.836267915973343,0.841281104243352,-0.301795488366547,0.866879065465334,-0.819948734513169,-0.397289798307868,0.214491323299613,0.518223244728991,0.121525826501893,0.0799701241440398,258.0000000001,0.200513597334422,0.112457941509271,1325.0000000001,0.952931201086957,1.15344479832138,0.0232743807241928,3.44436541004685,1.17882330375431,-0.570793509404124,-0.357657109230217,0.202729493420243,-0.546368459362133,0.186573209703397,-0.243185120267948,0.302735921904944,0.286075861445016,0.72724371833642,0.758062309221973,-0.733115176812055,0.0797156638740797,-0.305084586862669,-0.363341583505645,-0.246967780900193,-0.254900574114584,-0.255875774231969,-2.1478681053945,-0.0494325765683626,-0.160940850675149,0.197202562773589,0.0190401279564791,0.399482588741918,0.183424367313438,-0.373251171131332,0.592560423778174,1.23181953838946,0.716166499075692,0.773817563268265,0.0235438583920792,101.0000000001,0.0951171876,0.0235438583920792,101.0000000001,0.0951171876,0.0651189416517283,0.069581084694651,1e-10,1325.0000000001,0.00404599317588177,0.019228387448311,0.109973947387383,0.436701439321041,1947.05794689373,0.0625,201,2,"SNETWORK (2 41 1947.05794689373 0.109973947387383 7000058 201)",7
43,7000059,-0.430080642222664,17,0.0756580730554828,0.31473676207772,0.118081199488201,0.12698938418892,0.129762766215853,-1.12703075030543,-0.991555052628379,-0.267492272094211,0.4273367722713,-0.38690355693645,-0.0446711503335458,-0.517612891247942,-0.38690355693645,-0.38690355693645,0.356848046462289,3.06228193671722,2.96265686137686,0.280369211309258,3.45772507749328,0,0.0216216216216217,1.64542936288088,0.287072243346007,-0.430080642222664,0.25,0.614795308550736,-0.240405436268458,-0.238068368419689,-0.526833439612226,-0.226513073631074,-0.429746396172246,-0.66461719119205,0.408405296488198,0.667991601211367,2.05288298099428,0.0799701818409082,1044.0000000001,13.7063197450627,0.0838975335413966,399.0000000001,0.214081064111258,13.920400809074,0.34085822287595,-0.299135591068887,-0.304511157976664,-0.52523075318995,-0.716067587406716,-0.25840874048069,-0.616287454545207,-0.288020021337569,-0.164483619456005,-0.210558437544722,-0.365178076459215,0.193818539555378,-0.12866741006937,0.221833520255419,0.00791232969450791,-3.01077401207183e-16,0.0363195055765458,0,0,0,0.270722030522885,-1.92839857811612,0.276432687671014,-0.887717993874339,0.156063440195899,-0.317414891027398,-0.253786700631338,-0.447565755312116,-0.221393370346643,-0.0292597190211103,0.162490789981581,-0.187943216644022,0.00829674596776859,242.0000000001,0.0803125001000339,0.00829674596776859,242.0000000001,0.0803125001000339,0.072117404390439,0.059554024417407,1e-10,1044.0000000001,0.335616183267877,0.00524203950807365,0.124491544684709,2.58828514538835,2979.165891626,0.0312500660060792,287,2,"SNETWORK (2 43 2979.165891626 0.124491544684709 7000059 287)",7
41,7000060,0.0244533455170268,95,-0.184210513107001,-0.196491445985551,0,0,0,0.465788525305992,0.460030972358504,-0.116610375875976,-0.51194926522287,0.79510862488325,0.0585065340603531,0.147823806057739,0.79510862488325,0.79510862488325,0.440408334375938,-0.148915023637841,-0.265509037465024,-0.157368045892514,-0.258056748996862,-0.606217616580312,0,0,-0.712927756653993,0.0244533455170268,0,-0.652803025659475,-0.46112176624371,-0.455077481594003,0.733664152110965,-0.426211039424872,0.0225154360956507,0.334328697102065,-0.469268854346575,-0.339185453988853,0.155114107111402,0.0799701241440398,2456.0000000001,2.4363248715337,0.0570256498040649,289.0000000001,0.105395877608852,2.54172074904255,0.0647625435265297,-0.184284770988031,-0.0520279914862826,-0.0900245076440509,-0.0590737021668167,0.0229851958254652,0.442506557034347,0.0250557101149118,-0.0542663682937066,0.0714996587735249,0.0316807948034494,-0.71150096845298,-0.79016905566009,0.171326150473397,-0.430554044415431,0,0.0363195055765448,-1.4637901463605e-15,-1.49871635330658e-15,0,0.0901915216144896,-0.193657533051519,-0.0123175932266177,-0.170871649730516,-2.32189662172673,-0.0461581773411791,-0.0273993969439644,0.014500468662425,-0.0296267021131484,0.776465783752452,0.74080389577612,0.256907249150788,0.0108326880040948,464.0000000001,0.2010546876,0.0108326880040948,464.0000000001,0.2010546876,0.205125127628051,0.221570375108039,1e-10,2456.0000000001,0.0620770772528818,0.00268546617364792,0.580626994384567,1.64511784754226,2747.11810794359,0.0625,250,2,"SNETWORK (2 41 2747.11810794359 0.580626994384567 7000060 250)",7
35,7000061,1.27267554469239,118,0.953947685431969,0.757894567769832,0.437324878933644,0.435074700654595,0.432286944716856,0.128738042396203,0.167249141769959,-0.0148821280173167,-0.592043801209894,-0.181101281340351,0.941705323717128,-0.332773191237633,-0.181101281340351,-0.181101281340351,-0.90257705653689,-0.0554057175569087,-0.140131178519688,-1.4041241692964,0.201815267461823,-1.11917098445596,0.839124839124839,1.32040627885503,-1.18821292775665,1.27267554469239,0.5,-0.749781607266495,-0.576169727279248,-0.56758741380242,0.892986211042425,-0.527271069943721,1.25950660647287,0.450225177628731,-0.562848918496587,-0.60828060211318,0.0705635134466333,0.0799702643258065,157.0000000001,0.0708495197976986,0.0996270223889724,1569.0000000001,0.999671142687338,1.07052066238504,0.0278485060953817,-0.961889160668144,-1.18954609380022,0.245773880265829,0.656843365500696,0.507895499445035,0.564599453165667,0.597498960811031,-0.0957768371530668,0.639931641065034,0.333385213639093,-0.358776122682214,0.11422738835565,0.0851260325960929,0.0866487747675866,0.949152514976323,0.464889228842548,0.67641402897175,0.668054363157543,0.67905776525831,-0.202644975093627,0.135079639326441,-0.271798400955997,0.543225626615899,-5.34478368101078,0.262228869202322,0.40607096742842,0.589508757356838,0.175082103745699,0.507052843258433,0.0784849985689919,0.305108855744744,0.0985727418818849,443.0000000001,1.74670898447438,0.0985727418818849,443.0000000001,1.74670898447438,0.715620513535896,0.705036689098509,1e-10,1569.0000000001,0.00184307818016307,0.0260054278152186,0.782609954050822,0.441204878427108,5632.61307313522,0.0156249669969604,112,2,"SNETWORK (2 35 5632.61307313522 0.782609954050822 7000061 112)",7
34,7000062,1.4070063712121,125,0.953947685431969,0.757894567769832,0.437324878933644,0.435074700654595,0.432286944716856,0.133831310873909,0.0286732954084846,-0.0409554031225043,-1.05257259013289,-0.623738393757776,0.0526373137554494,0.429137014517773,-0.623738393757776,-0.623738393757776,-0.984299242944747,-0.254115025254834,-0.261404683733655,-0.90168720853504,-0.175967871338692,-1.11917098445596,0.839124839124839,1.32040627885503,-1.18821292775665,1.4070063712121,0.5,-0.934092051266999,-0.711813004962557,-0.699695781190816,1.26994785830468,-0.643826029074548,1.3993469556523,1.86485950078616,-0.998460399703923,-0.951355242169897,0.0742739654822892,0.0799702643258065,873.0000000001,0.414675060426752,0.0419057672584253,932.0000000001,0.249773736084614,0.664448796411366,0.0177132527611908,-1.1476346228508,-1.0892510919855,1.77332096439604,0.490862777861364,-1.54084008139787,1.4658236229023,-1.86514757668299,-0.402397922385152,-1.48462097602448,-0.45443257405072,-0.950964116868257,-1.05290168761976,-0.0501011214262576,-0.492939953335993,0.949152514976322,0.464889228842547,0.587902933609681,0.577262405596155,0.582392480631549,0.489939222966725,0.164468679179322,0.202287583046714,4.20903069770793,0.156063440195899,-1.00608506859075,-0.823769315053399,-0.574741337961029,-0.988358757346508,1.24121647500471,0.91328115579246,-0.187943216701152,0.000589093457271095,557.0000000001,0.0131250000999953,0.000589093457271095,557.0000000001,0.0131250000999953,0.103878237927687,0.124833830763762,1e-10,932.0000000001,0.0110546428206941,0.00665860984049668,0.0533999917376111,0.522572768884139,5708.93180556229,0.00781248349848019,97,2,"SNETWORK (2 34 5708.93180556229 0.0533999917376111 7000062 97)",7
35,7000063,1.1397265956761,110,0.953947685431969,0.757894567769832,0.623124281295046,0.615977027310147,0.618989232093641,0.100376662328349,0.0774479337384918,0.00711892902687539,-0.211936734679671,0.0232098807948134,0.985843145668265,-0.138004192371437,0.0232098807948134,0.0232098807948134,-0.71247336567252,0.0376972040521606,-0.0554080226743238,-1.27170428949244,0.276119275397329,-1.11917098445596,0.839124839124839,1.32040627885503,-1.18821292775665,1.1397265956761,0.5,-0.139794305026366,-0.423976931721818,-0.418662844254273,0.0243062131613363,-0.393143435962869,1.12544484474035,-0.391274392533336,-0.176619787811498,0.116113057934605,0.0587970835720289,0.0799702643258065,271.0000000001,0.101901866145064,0.096673677949151,2139.0000000001,1.32244033731039,1.42434220335546,0.0360497406896683,0.158532985122402,-0.0775868741251811,-0.540435495621518,-0.144422309734063,0.438414385447012,-0.245293437056708,0.501852753653042,-0.31288808021538,0.300694719569983,0.234501322009325,-0.275510741807104,-0.789010459167065,0.0286030314878581,-0.416192168667416,0.949152514976322,0.464889228842548,0.67641402897175,0.668054363157543,0.67905776525831,0.437219483472768,-0.153127846380639,1.19433529615154,-0.100625408721789,-3.1386426848358,0.433501974966243,0.701011078847511,0.519648860383402,0.393005851125366,-0.514239067028457,-0.672183558767654,-0.187943216701152,0.0752545258112873,536.0000000001,1.61345703134943,0.0752545258112873,536.0000000001,1.61345703134943,0.652629732487154,0.507543531829598,1e-10,2139.0000000001,0.00257911043296442,0.0334706301567039,0.396231023355593,0.364408065855969,5536.6832133607,0.0156249669969604,106,2,"SNETWORK (2 35 5536.6832133607 0.396231023355593 7000063 106)",7
43,7000064,-0.274971199206191,30,0.0756580730554828,0.31473676207772,0.118081199488201,0.12698938418892,0.129762766215853,-1.16590301109269,-1.10444710459729,-0.249748899496613,-0.0567598799852418,-0.664100529606664,-0.274056930554894,-0.285213660925131,-0.664100529606664,-0.664100529606664,0.28045848199965,3.31279228507985,3.23829745545199,0.716905988395751,3.63523840243771,0,0.0216216216216217,1.64542936288088,0.287072243346007,-0.274971199206191,0.25,0.661943802247154,0.0406976673033917,0.0404742291109809,-0.529793747679224,0.0393024005217909,-0.279363242666908,-1.06144032297003,0.200444115470022,0.765522807542824,0.421818795448194,0.0799701818409082,389.0000000001,1.04937737026522,0.397902795743036,672.0000000001,1.7100248814206,2.75940225158582,0.0642333560579942,0.90590807445533,0.0824366474419308,-0.794283322761253,-0.828934926176647,-0.0777149723325734,-1.26072329780483,-0.0825031683817891,-1.13037569356541,0.0211507398114133,0.103550504020761,0.897400894597876,0.100465156141883,-0.740895984088163,-0.125285605483625,3.01077401207183e-16,0.0363195055765448,0.166971822146753,0.174127499238369,0.172377228489549,-0.759567265542013,-1.34204582482443,-0.438868088895365,0.394843400682477,0.098225321438361,-0.323033159297008,-0.311803633923895,0.542424316644755,-0.493053590274298,-1.4801385584588,-1.81820606416751,0.676082420303132,0.0190325597535853,258.0000000001,0.196416015725083,0.0190325597535853,258.0000000001,0.196416015725083,0.0172330221340028,0.0313727325290986,1e-10,672.0000000001,0.0244274027520967,0.0398059532058975,0.230193097286042,0.164183261948403,3133.34945485481,0.0312500660060792,298,2,"SNETWORK (2 43 3133.34945485481 0.230193097286042 7000064 298)",7
43,7000065,0.557748744958109,92,0,0.230175963096256,0.354270929498081,0.350983481983268,0.358474665810763,-0.157428006259861,-0.196537768004475,0.0230850445021096,-0.961016087825185,0.107261358075746,1.01458115655484,-0.631796888457514,0.107261358075746,0.107261358075746,-0.30086350361242,3.17379694866025,3.32114833331871,-1.13572333924434,3.9864007501471,0.124352331606218,-0.494208494208494,-0.193905817174515,-0.237642585551331,0.557748744958109,0.25,-0.68217431302224,-1.82755514266777,-1.76295785340164,0.518873588487714,-1.50404034797875,0.55580061104142,1.15380784432002,-0.911874331770705,-1.73929512692101,0.0882892699903116,0.0799701818409082,1641.0000000001,0.926558133072199,0.06961042873651,942.0000000001,0.419354566820661,1.34591269979286,0.0439100496125123,1.23184349780971,0.736082663251238,0.797360473015261,1.23001303263448,0.508580743899899,1.41899665847693,0.74762960901557,-0.158206336829405,1.31689585771235,0.410831863677729,0.208801351975565,0.312756740479969,-0.0135684959096556,0.30971723545981,0.447603613811161,0.00654576740339065,0.676414028971749,0.668054363157543,0.679057765258312,-0.161285898201974,0.164128562009533,0.64730511721237,0.126227325085618,-0.167878906992605,0.755722466256967,0.699897110481428,0.511664136282971,0.769933695608519,-0.458374269972261,-0.688245588752599,0.51918103622179,0.0278361693266949,531.0000000001,0.59124023447525,0.0278361693266949,531.0000000001,0.59124023447525,0.389573398555495,0.365581014721291,1e-10,1641.0000000001,0.0302287165462623,0.0136813329662499,0.716413048631412,0.417592438869178,3842.58335697274,0.0312500660060792,345,2,"SNETWORK (2 43 3842.58335697274 0.716413048631412 7000065 345)",7
43,7000066,-0.524342627136935,10,0.0756580730554828,0.31473676207772,0.118081199488201,0.12698938418892,0.129762766215853,-1.09398976937855,-0.967501990915957,-0.238934079819585,0.529805289281513,-0.27907178722228,-0.156400309612965,-0.514966491073645,-0.27907178722228,-0.27907178722228,0.37782032897851,2.86751658386034,2.78701384686772,0.197008393390707,3.24821547844614,0,0.0216216216216217,1.64542936288088,0.287072243346007,-0.524342627136935,0.25,-0.0600431949847206,-0.144332546189026,-0.143139638190508,-0.0198663051426857,-0.137138837564013,-0.521008635144213,-0.21618775813358,0.499922691010774,0.177084146418293,1.03478553961456,0.0799701818409082,445.0000000001,2.94487271422651,0.121542980238042,394.0000000001,0.306254351822045,3.25112706594856,0.0782423967962116,0.307988264258361,-0.496756260949414,-0.213114090347227,-0.243683177580171,-0.0545351290084099,-0.129794117893705,-0.0603575708569838,0.400274225947044,-0.0401390357340886,-0.145000157863288,-0.0631278438047821,0.0578812156693801,0.301856826179426,0.557308478100557,0,0.0363195055765458,0,0,0,1.07690985330102,0.397081025389004,-0.756561580988748,-1.11701310711889,-1.88615834892766,-0.597590182707437,-0.465627645245877,-0.994885251706467,-0.400702914875939,-0.0986189075822678,-0.74833020408299,0,0.0275046609664773,44.0000000001,0.0484082032250205,0.0275046609664773,44.0000000001,0.0484082032250205,0.132966175735555,0.362773311399465,1e-10,445.0000000001,0.0708720066769821,0.00737039001922958,0.069493393425947,0.699818848364286,2898.94180102957,0.0312500660060792,282,2,"SNETWORK (2 43 2898.94180102957 0.069493393425947 7000066 282)",7
43,7000067,-0.524342627136935,10,0.0756580730554828,0.31473676207772,0.118081199488201,0.12698938418892,0.129762766215853,-1.09398976937855,-0.967501990915957,-0.238934079819585,0.529805289281513,-0.27907178722228,-0.156400309612965,-0.514966491073645,-0.27907178722228,-0.27907178722228,0.37782032897851,2.86751658386034,2.78701384686772,0.197008393390707,3.24821547844614,0,0.0216216216216217,1.64542936288088,0.287072243346007,-0.524342627136935,0.25,-0.0600431949847206,-0.144332546189026,-0.143139638190508,-0.0198663051426857,-0.137138837564013,-0.521008635144213,-0.21618775813358,0.499922691010774,0.177084146418293,1.03478553961456,0.0799701818409082,445.0000000001,2.94487271422651,0.121542980238042,394.0000000001,0.306254351822045,3.25112706594856,0.0782423967962116,0.307988264258361,-0.496756260949414,-0.213114090347227,-0.243683177580171,-0.0545351290084099,-0.129794117893705,-0.0603575708569838,0.400274225947044,-0.0401390357340886,-0.145000157863288,-0.0631278438047821,0.0578812156693801,0.301856826179426,0.557308478100557,0,0.0363195055765458,0,0,0,1.07690985330102,0.397081025389004,-0.756561580988748,-1.11701310711889,-1.88615834892766,-0.597590182707437,-0.465627645245877,-0.994885251706467,-0.400702914875939,-0.0986189075822678,-0.74833020408299,0,0.0275046609664773,44.0000000001,0.0484082032250205,0.0275046609664773,44.0000000001,0.0484082032250205,0.132966175735555,0.362773311399465,1e-10,445.0000000001,0.0708720066769821,0.00737039001922958,0.069493393425947,0.699818848364286,2898.94180102957,0.0312500660060792,282,2,"SNETWORK (2 43 2898.94180102957 0.069493393425947 7000067 282)",7
28,7000068,0.110331796132424,107,-0.111841926944517,-0.494736954820113,-0.562675121066356,-0.564925299345405,-0.567713055283144,0.286313903756571,0.401296931961288,1.08387188378638,-0.828627418220802,-0.476665124871324,-1.3104335791655,0.78244289409504,-0.476665124871324,-0.476665124871324,-0.210828185941698,-0.904935541257838,-0.890872672612611,1.45086383868901,-1.61068973910242,0.393782383419688,-1.16859716859717,-1.44967682363804,0.0792141951837772,0.110331796132424,-0.5,-0.829216654815762,1.20346745305798,1.21677248769675,1.47275897199653,1.28968937209932,0.129240053797927,2.27115913988643,-0.619652931984538,0.0559702071033253,0.198333053797496,0.0399850261056294,21070.0000000001,6.68119888435737,0.0431863920678541,3026.0000000001,0.208934718204097,6.89013360246146,0.130173773422636,3.72496374984954,2.41942463430561,2.40527389362979,1.96685420548942,-0.39152636426878,1.07158598260315,-0.333849247278338,0.226791282021585,0.34320994070524,0.579582883404703,-1.31269824864702,-1.45547804028046,0.0285877824573514,-0.532809874394033,0.474576257488161,-0.569126424378407,-0.323585971028253,-0.331945636842457,-0.320942234741693,1.66373682622343,-0.142798975304313,1.24517083517848,5.20477080140113,0.156063440195899,0.34846516429611,0.299754556251763,0.255690991638481,0.364785244920685,1.23554277707768,1.12872559688025,-0.158736295508674,0.0495967962809962,788.0000000001,1.56329101572538,0.0495967962809962,788.0000000001,1.56329101572538,0.849080643995785,0.549882202614324,1e-10,21070.0000000001,0.126226415810673,0.0039473575119632,0.340042260986339,0.63545084092766,1886.10909382448,0.125,19,2,"SNETWORK (2 28 1886.10909382448 0.340042260986339 7000068 19)",7
41,7000069,0.0363941125851761,96,-0.184210513107001,-0.196491445985551,0,0,0,0.465788525305992,0.460030972358504,-0.116610375875976,-0.513080494817228,0.794078137097956,0.0606407117794336,0.147925506639839,0.794078137097956,0.794078137097956,0.441809935414916,-0.154033376038045,-0.271117620873076,-0.159474394555186,-0.263587468403536,-0.606217616580312,0,0,-0.712927756653993,0.0363941125851761,0,-0.675012025950138,-0.0523223490367491,-0.0519623592219246,0.85878574628626,-0.0501171163323578,0.0365485510044215,-0.0732903427008595,-0.487987498971955,-0.577681782347354,0.160652112672792,0.0799701241440398,2212.0000000001,2.27262145758239,0.141086830788286,726.0000000001,0.655056315161728,2.92767777264412,0.0693008002484727,1.04106480665352,-0.183635123681755,0.328738381627497,0.313054740659303,-0.0170220243510209,-0.0155857107238824,-0.0189153224165492,-0.495912613377869,0.2477607619945,0.143416804764227,0.870248915417813,0.684188488979694,0.0990791602723359,1.1002611250136,0.431201436666605,0.00587163046850205,0,-1.49871635330658e-15,0,0.491557965614321,1.0795435322188,-0.712046759356568,-0.670694965948684,-0.0544334587665908,-0.967601595398807,-0.911663084011108,-0.997033175796884,-0.830504864122709,0.955398729953715,0.793708154925811,0.20678407660627,0.00846905357360558,502.0000000001,0.17005859385,0.00846905357360558,502.0000000001,0.17005859385,0.19047267331887,0.201551621319426,1e-10,2212.0000000001,0.0537950203793285,0.0155057797691442,0.586449810709853,0.561218197902319,2757.01627687439,0.0625,251,2,"SNETWORK (2 41 2757.01627687439 0.586449810709853 7000069 251)",7
43,7000070,0.183812131931461,64,0.0756580730554828,0.31473676207772,0.354270929498081,0.350983481983268,0.358474665810763,-0.65981928925997,-0.610608725722063,-0.161222172037028,-0.400086321519816,-0.232136997623892,0.489166330756992,-0.430595390988522,-0.232136997623892,-0.232136997623892,0.221483445471182,2.59957462043439,2.50153184063752,-0.65690620834042,3.16639964824906,-0.963730569948188,1.15057915057915,3.24099722991689,-0.29467680608365,0.183812131931461,0.25,0.761542947707461,-0.199436237002978,-0.197621566161795,-0.593650627757333,-0.188584982406032,0.175009459347458,-0.974196592893209,-0.381748499054199,0.267190792994088,0.055069350970789,0.0799701818409082,1006.0000000001,0.354294250067154,0.0604105334630362,2138.0000000001,0.825993323711955,1.18028757367911,0.0286883324499422,-0.204235887773756,-0.325558302151101,0.313417994660239,-0.868063254492228,-1.41420164140835,-1.07316641011877,-1.56001165319407,-1.49324795198191,-1.40062931590556,-1.10571573420802,-1.51537550505757,-1.71682958689415,-1.58044264828219,-0.723691050423724,3.01077401207183e-16,0.0363195055765458,0.676414028971749,0.668054363157542,0.67905776525831,-0.0198623264072473,0.827539651619485,-0.324194318213383,5.30403699141766,0.156063440195899,0.633137626666704,0.368529839921574,-0.269780000323483,0.836624976902433,-1.05175791364392,-0.77998590885629,-0.187943216701152,0.0973686607197034,1062.0000000001,4.13622070322675,0.0973686607197034,1062.0000000001,4.13622070322675,1.84518901860832,0.694838748158588,1e-10,2138.0000000001,0.0086115548619304,0.0200767774880118,0.498653655451216,0.859410752542317,3524.94451117737,0.0312500660060792,321,2,"SNETWORK (2 43 3524.94451117737 0.498653655451216 7000070 321)",7
43,7000071,0.653042232755262,97,0,0.230175963096256,0.354270929498081,0.350983481983268,0.358474665810763,0.0832710513187514,-0.022484040598436,0.156216829996804,-1.08871276514281,-0.0120194617130217,0.949155443535758,-0.80495678265344,-0.0120194617130217,-0.0120194617130217,-0.67747461150044,3.42696685291158,3.47843282364493,-1.39191024383463,4.36051807680458,0.124352331606218,-0.494208494208494,-0.193905817174515,-0.237642585551331,0.653042232755262,0.25,-0.621046128978503,-2.29092980956595,-2.19152780809722,0.338405424483381,-1.81457600905138,0.649936093106589,1.55176842233406,-1.03255201908052,-1.44198810015528,0.0625917008106628,0.0799701818409082,1191.0000000001,0.476743389353994,0.0664122586638369,769.0000000001,0.326610961398846,0.803354350652841,0.0285128077424755,0.503968301286434,-0.187958772112361,1.31731841756992,0.710372677888015,-0.678096197903623,1.7987365031708,-1.09789973912469,-0.275408649306901,-2.28114682163538,-0.614183356969993,-0.791656306756484,-0.278725584987578,-0.187088948449744,-0.482555398396983,0.514355203049639,0,0.676414028971746,0.668054363157543,0.67905776525831,0.345880449804046,0.387314871312821,-0.638532686733981,4.13087706893636,-3.72408315055339,1.29651520813809,1.23748794464889,0.139317398256606,1.4986707710536,-0.494913104534596,-0.358344510863145,-0.187943216596357,0.0451258830195206,438.0000000001,0.790605468850334,0.0451258830195206,438.0000000001,0.790605468850334,0.483817209116951,0.512015893578935,1e-10,1191.0000000001,0.0169206683741322,0.0115921392683433,0.756310381582841,0.854915839503519,3900.78035414438,0.0312500660060792,349,2,"SNETWORK (2 43 3900.78035414438 0.756310381582841 7000071 349)",7
28,7000072,0.58978139426675,119,-0.111841926944517,-0.494736954820113,-0.562675121066356,-0.564925299345405,-0.567713055283144,0.181042444053783,0.389001948348127,1.03295900071945,-0.941489324673336,-1.33190756939525,-1.74614819358509,0.481784475240055,-1.33190756939525,-1.33190756939525,-0.452133084364579,-1.31091705614273,-1.1813858709229,0.806132884937923,-1.9158985069355,0.393782383419688,-1.16859716859717,-1.44967682363804,0.0792141951837772,0.58978139426675,-0.5,-0.676708456769542,0.452847175498332,0.453095935596799,0.969756535012687,0.453576002563003,0.602970738693704,2.60592307781742,-0.893547166707788,0.325161917234844,0.0932556408228758,0.0399850261056294,15565.0000000001,2.32069999309025,0.0371612069715551,4513.0000000001,0.268132778959145,2.5888327719494,0.0559594428172044,-1.05232644337128,2.18852537500565,2.78142507940969,1.98371986203277,-0.833214078688796,1.43816528527325,-0.816541553891452,-0.0906976693893267,-0.808309821921693,-0.334384293384658,-1.07009631841237,-1.11100033829821,-0.00671977170081156,-0.282256797108282,0.474576257488161,-0.569126424378405,-0.323585971028251,-0.331945636842458,-0.320942234741691,1.67672032501956,-1.20154725996399,1.17735637050469,2.33990325438122,0.156063440195899,-1.10764886940601,-1.22135787343234,-0.347436499108402,-1.16736580012327,-0.454339804269305,-0.084392323010017,-0.138135721422977,0.0343986769705595,563.0000000001,0.77465820322519,0.0343986769705595,563.0000000001,0.77465820322519,0.256113268096053,0.161515750114912,1e-10,15565.0000000001,0.0501635639558064,0.00579587876139806,0.514132584480775,1.3927141232416,2024.3163239104,0.125,29,2,"SNETWORK (2 28 2024.3163239104 0.514132584480775 7000072 29)",7
43,7000073,0.253388122580663,70,0.0756580730554828,0.31473676207772,0.354270929498081,0.350983481983268,0.358474665810763,-0.628387788140135,-0.595003975765433,-0.176035372855771,-0.449529756559391,-0.14164899317956,0.632321166497958,-0.487403822221955,-0.14164899317956,-0.14164899317956,0.209433316649254,2.65458502872652,2.56357094913525,-0.854453686636614,3.28730594920766,-0.963730569948188,1.15057915057915,3.24099722991689,-0.29467680608365,0.253388122580663,0.25,-0.442494905946287,-0.364168800721752,-0.359939611380755,0.412018943914408,-0.33944430843727,0.250178028436026,1.57567110456381,-0.428028620774735,-1.0636519724235,0.0507896358147237,0.0799701818409082,1220.0000000001,0.39626990855145,0.0805722655233138,3149.0000000001,1.62261094608904,2.01888085454049,0.0505494940166556,-0.13518911309563,-0.0786317812403105,1.3094482379557,0.394334757953989,-1.05221447325164,1.2115748386122,-1.19623647724282,0.643156176998607,-1.07485839026127,-0.818841851716715,0.0286790583304141,0.265303080045109,-0.94248843096732,-0.125285605483625,0,0.0363195055765448,0.676414028971747,0.668054363157545,0.67905776525831,-1.24600747723082,0.0711936781025348,-0.821861493056281,1.09969703886961,0.0438766596818813,-0.20278940049671,-0.340478621687193,-0.678768696757724,-0.0261502051759468,-0.111116305978383,-0.623417478403516,-0.187943216550593,0.0565414981233434,830.0000000001,1.87717773447579,0.0565414981233434,830.0000000001,1.87717773447579,0.77729562052165,0.34905392400733,1e-10,3149.0000000001,0.00992195417701938,0.0406275397396362,0.543268799792005,2.14979758076315,3590.02323290983,0.0312500660060792,325,2,"SNETWORK (2 43 3590.02323290983 0.543268799792005 7000073 325)",7
43,7000074,-0.381975378698905,22,0.0756580730554828,0.31473676207772,0.118081199488201,0.12698938418892,0.129762766215853,-1.1463376466926,-1.02601603810296,-0.287025000061253,0.375373305766138,-0.414682916720984,0.0533544249738937,-0.511055401600793,-0.414682916720984,-0.414682916720984,0.346628344824336,3.13648543933986,3.02727025360604,0.307285079166429,3.53889522314726,0,0.0216216216216217,1.64542936288088,0.287072243346007,-0.381975378698905,0.25,0.199785757136104,-0.335988211463583,-0.332231554410237,-0.273600216510591,-0.313945801510976,-0.380344337476182,-0.0352007517547441,0.35223949337939,-0.351533203036609,0.663314417333003,0.0799701818409082,897.0000000001,3.80511727055355,0.0992375697366897,838.0000000001,0.531834252519614,4.33695152297316,0.108040152850108,-0.00626123332452856,0.0894749069409971,0.958630085944796,-0.324781030687284,-1.49272347143621,0.0929950076053148,-1.68784988768691,0.500029128011238,-1.69064941851454,-2.013617188605,1.93308799572437,0.973271076774214,-0.408766199433945,1.77840036750928,-3.01077401207183e-16,0.0363195055765458,-1.4637901463605e-15,-1.49871635330658e-15,-1.55600483282998e-15,-0.042664068180337,0.825359318218929,-0.351661642732926,-0.362193531793597,-0.981955685663384,-0.432896077274743,-0.407459117795306,-0.463091816939911,-0.351556804182749,0.11068113524541,-0.885539329981493,1.46315798993158,0.0291918206492424,330.0000000001,0.385332031350163,0.0291918206492424,330.0000000001,0.385332031350163,0.292236599844337,0.377062676055731,1e-10,897.0000000001,0.0947913410983958,0.0132488116517127,0.164980985488939,1.00118647458207,3038.22657808426,0.0312500660060792,292,2,"SNETWORK (2 43 3038.22657808426 0.164980985488939 7000074 292)",7
36,7000075,0.844088899851721,86,0.638158073055483,0.521052073640444,0.623124281295046,0.615977027310147,0.618989232093641,-0.187506024192576,-0.183927118269175,-0.0135541149767798,0.412578576947977,-0.339800767948414,0.421488487238495,-0.706748562411694,-0.339800767948414,-0.339800767948414,-0.816831873195122,0.0511662051015767,0.0116931685307799,-1.17177265135889,0.264316397507863,0,0.0216216216216217,1.64542936288088,0.287072243346008,0.844088899851721,0.5,0.0450003606466475,0.942961843468985,0.950015808375291,0.0232801692047108,0.986930814388814,0.833649598325601,-0.24729475666112,0.386729171806892,0.0871542239985848,0.0872979263280215,0.0799702643258065,671.0000000001,0.374613573532418,0.137828506006345,3540.0000000001,3.1203217064315,3.49493527986392,0.0691848331155831,-1.16142580413342,-0.544370862326795,-0.181561921033042,-0.653656455030992,-0.597764147133313,-0.421988031366934,-0.535489376210306,0.0255779042079674,-0.58317096662848,-0.103763694453986,-0.118699308926538,-0.156228573727741,0.100056561015624,0.0940775396220941,0.88877101056304,0.434593949105238,0.676414028971749,0.668054363157543,0.679057765258312,0.383483304091984,-0.539959220676343,-1.83457528667818,-0.195564279726464,-0.470845129232817,-0.446062273048716,-0.310315262812359,-0.672245074458517,-0.310858872589652,-0.688764417542156,-1.35618002759638,-0.187943216701152,0.134060157837151,788.0000000001,4.2255761719735,0.134060157837151,788.0000000001,4.2255761719735,1.88742908065121,1.00559663755691,1e-10,3540.0000000001,0.00741575321104185,0.0617690798045412,0.069697487375346,0.584388848103117,5260.17274392335,0.0156249669969604,116,2,"SNETWORK (2 36 5260.17274392335 0.069697487375346 7000075 116)",7
41,7000076,0.0244533455170268,95,-0.184210513107001,-0.196491445985551,0,0,0,0.465788525305992,0.460030972358504,-0.116610375875976,-0.51194926522287,0.79510862488325,0.0585065340603531,0.147823806057739,0.79510862488325,0.79510862488325,0.440408334375938,-0.148915023637841,-0.265509037465024,-0.157368045892514,-0.258056748996862,-0.606217616580312,0,0,-0.712927756653993,0.0244533455170268,0,-0.652803025659475,-0.46112176624371,-0.455077481594003,0.733664152110965,-0.426211039424872,0.0225154360956507,0.334328697102065,-0.469268854346575,-0.339185453988853,0.155114107111402,0.0799701241440398,2456.0000000001,2.4363248715337,0.0570256498040649,289.0000000001,0.105395877608852,2.54172074904255,0.0647625435265297,-0.184284770988031,-0.0520279914862826,-0.0900245076440509,-0.0590737021668167,0.0229851958254652,0.442506557034347,0.0250557101149118,-0.0542663682937066,0.0714996587735249,0.0316807948034494,-0.71150096845298,-0.79016905566009,0.171326150473397,-0.430554044415431,0,0.0363195055765448,-1.4637901463605e-15,-1.49871635330658e-15,0,0.0901915216144896,-0.193657533051519,-0.0123175932266177,-0.170871649730516,-2.32189662172673,-0.0461581773411791,-0.0273993969439644,0.014500468662425,-0.0296267021131484,0.776465783752452,0.74080389577612,0.256907249150788,0.0108326880040948,464.0000000001,0.2010546876,0.0108326880040948,464.0000000001,0.2010546876,0.205125127628051,0.221570375108039,1e-10,2456.0000000001,0.0620770772528818,0.00268546617364792,0.580626994384567,1.64511784754226,2747.11810794359,0.0625,250,2,"SNETWORK (2 41 2747.11810794359 0.580626994384567 7000076 250)",7
28,7000077,-0.197588632389752,95,-0.361841926944517,-0.698245294676348,-0.562675121066356,-0.564925299345405,-0.567713055283144,0.265181484061937,0.356449653239242,1.07157055467146,-0.564365223565775,0.27399716207024,-0.818732188707368,0.824947083701664,0.27399716207024,0.27399716207024,-0.0983435050018533,-0.81536792085044,-0.824386420378544,1.2978151172206,-1.46090467468535,0.393782383419688,-1.16859716859717,-1.44967682363804,0.0792141951837772,-0.197588632389752,-0.5,-0.476249978916424,2.43654904061054,2.50228531681774,1.02245919387786,2.92690408253572,-0.178187926254933,3.1959039214761,-0.537021136606629,-0.425849384956025,0.114289683580724,0.0399850261056294,14792.0000000001,2.70289200559166,0.0430202237676292,9789.0000000001,0.673295571862941,3.3761875773546,0.0511649806661357,-0.742627560417012,0.316150963647003,3.21237854346634,1.30393600452702,-2.17385613861854,1.06077820161233,-1.49077127184514,0.357863944408122,-1.96356597426637,-1.27270471802688,-0.377631682626984,-0.558264706331515,-0.0298292873938225,-0.0104026886205104,0.163105427025753,-0.753964085062822,-0.323585971028253,-0.331945636842458,-0.320942234741691,1.21483607052519,-0.512612910887513,1.65464424559984,1.39130321790429,0.156063440195899,-0.488670568386843,-0.475884769235204,0.183869015838463,-0.589691252698302,0.998276038829153,0.795371213376838,0.33222030854832,0.125313078090136,811.0000000001,4.065156250101,0.125313078090136,811.0000000001,4.065156250101,1.81159547418203,0.931513423348925,1e-10,14792.0000000001,0.0409614139525387,0.010203566613597,0.170441330514817,0.424931143700891,1751.46591349164,0.125,9,2,"SNETWORK (2 28 1751.46591349164 0.170441330514817 7000077 9)",7
35,7000078,1.17669532263897,113,0.953947685431969,0.757894567769832,0.437324878933644,0.435074700654595,0.432286944716856,0.127173845239842,0.175220764227151,0.0158825245112671,-0.57068966717485,-0.17611959456705,0.938854664596606,-0.363512536626651,-0.17611959456705,-0.17611959456705,-0.90831305416409,0.0936096888514422,0.0388899407689569,-1.2616976188292,0.340151515588497,-1.11917098445596,0.839124839124839,1.32040627885503,-1.18821292775665,1.17669532263897,0.5,0.0569152259577787,-0.632776192059805,-0.622790527506089,-0.191171535821973,-0.576249796231945,1.16897529882199,0.557417935834122,-0.541991940126655,0.803438315148011,0.0950505577147275,0.0799702643258065,275.0000000001,0.167164642929963,0.102929982655288,1848.0000000001,1.2164686693888,1.38363331221876,0.0363632861291378,0.808995017723562,-1.15249371712015,0.238284242624882,0.424970563602389,0.220743369685477,0.660622121930017,0.261235532606235,0.0199130639842469,0.620284021805412,1.01330747178467,-0.44287737598425,0.127809007425749,0.0894808217823485,-0.128501311669628,0.949152514976322,0.464889228842546,0.676414028971747,0.668054363157542,0.679057765258313,-0.167272412972231,0.443771890532234,0.234599628617577,0.512425870860823,-1.5083030371284,-0.145452615736044,0.00257464026906758,-0.00786546608042011,-0.139131005261973,0.0824765482511341,-0.307980540424217,-0.187943216701152,0.0818477282932128,733.0000000001,2.39977539072415,0.0818477282932128,733.0000000001,2.39977539072415,1.02433766207775,0.563384526300464,1e-10,1848.0000000001,0.00439325626807607,0.0319700297610618,0.542193872081698,2.42793756518418,5572.92275568096,0.0156249669969604,109,2,"SNETWORK (2 35 5572.92275568096 0.542193872081698 7000078 109)",7
28,7000079,0.28541796889234,111,-0.111841926944517,-0.494736954820113,-0.562675121066356,-0.564925299345405,-0.567713055283144,0.25346156911172,0.393091376894161,1.06355229899706,-0.865453292400226,-0.761869712146458,-1.4881792194064,0.687906518939466,-0.761869712146458,-0.761869712146458,-0.2806297340116,-1.03452722443973,-0.999430717266117,1.26275146890093,-1.7130548498591,0.393782383419688,-1.16859716859717,-1.44967682363804,0.0792141951837772,0.28541796889234,-0.5,-0.610359007657053,-0.247532610556202,-0.245099407830352,0.701394673297722,-0.233083351746583,0.286468316074302,1.41012064870307,-0.821442552841517,-0.475981959438938,0.0691109875344265,0.0399850261056294,9710.0000000001,1.07290456624581,0.045377391849806,5718.0000000001,0.414837918217562,1.48774248436337,0.0364760110714153,-0.705252763125593,0.387178730973851,2.81241146378725,2.03117549433378,-0.840940539493984,1.08722467627484,-0.936195137543469,-0.179903798041394,-0.26844096307973,0.0589449849612962,1.59928367414196,0.934583586541298,-0.493605923194991,2.36640916838937,0.474576257488161,-0.569126424378406,-0.323585971028251,-0.331945636842457,-0.320942234741691,0.536258100421565,0.561504611521226,0.898031446299671,-0.210860974365219,0.113725427988742,-0.70386112470833,-0.710002922026516,0.32354277564646,-0.877394222213772,0.385794107704168,0.342974417442877,1.48724816702641,0.0345723341465764,628.0000000001,0.868457031350213,0.0345723341465764,628.0000000001,0.868457031350213,0.300453792242153,0.162986536039108,1e-10,9710.0000000001,0.0263051429531457,0.0101708680182696,0.401319677275191,1.28606034070253,1934.75615129505,0.125,23,2,"SNETWORK (2 28 1934.75615129505 0.401319677275191 7000079 23)",7
41,7000080,0.435131642752431,118,0.342105382036989,0,0,0,0,0.625951170544112,0.552412321535239,-0.169512758588241,-0.796831164853219,0.567592376441928,0.649042634781438,0.0809728047389462,0.567592376441928,0.567592376441928,0.336074992491595,-0.497792328870585,-0.615661642732182,-0.421167043243781,-0.60137483632708,-0.606217616580312,0,0,-0.712927756653993,0.435131642752431,0,0.101241363318721,0.0559957205322475,0.0557010404760649,-0.147050707425119,0.0541488546323332,0.433009683138621,-0.0188543263170925,-0.756677358335389,1.01539594948593,0.131423742994018,0.0799701241440398,1425.0000000001,1.19768948098373,0.0857658288649657,588.0000000001,0.322512947338578,1.5202024282223,0.0352900089058086,0.593317353826848,-0.443709146188626,-0.300213082334411,-0.279399810723835,0.00353273697181391,0.00637347628710183,0.00329856634270156,-0.961494850922002,0.211924525714759,0.0697609108916241,-0.026979621559025,-0.326412301653755,0.0363788889233519,-0.246104280757746,0.915254083867404,-0.0283081595192628,0,0,0,0.108379145145736,-0.302242327923346,1.03131500067534,0.764566767482026,0.0165095629419482,0.534942022051324,0.536013277260285,0.811672392963622,0.432790188358004,0.751785287639857,0.955351207257107,-0.187943216701152,0.0107416339931406,441.0000000001,0.189482421975,0.0107416339931406,441.0000000001,0.189482421975,0.0205106662926805,0.0388470949577396,1e-10,1425.0000000001,0.0278031869605793,0.00748682184522932,0.733146974057357,0.682906623289455,3006.38586426403,0.0625,265,2,"SNETWORK (2 41 3006.38586426403 0.733146974057357 7000080 265)",7
43,7000081,-0.489899400438949,13,0.0756580730554828,0.31473676207772,0.118081199488201,0.12698938418892,0.129762766215853,-1.09526091612524,-0.946030420450574,-0.243138937963399,0.471928102527689,-0.337826346544652,-0.0420180334579586,-0.517136563336466,-0.337826346544652,-0.337826346544652,0.366133933368729,2.97996583811314,2.88765662166732,0.240243963010274,3.37054488706883,0,0.0216216216216217,1.64542936288088,0.287072243346007,-0.489899400438949,0.25,-0.0934637409866154,-0.0231526020554932,-0.023003423766741,0.0317019472496507,-0.0222336651626957,-0.48538444055041,0.315917544979103,0.480845464265153,-0.554894851367547,0.0808866708608104,0.0799701818409082,700.0000000001,0.362102202684434,0.0973166805760694,1100.0000000001,0.684598806568614,1.04670100915305,0.0246466413505445,-0.310567384462564,-0.25174940297307,1.09272799637771,0.87788285417776,-0.229174275859183,0.308031030791923,-0.245338706032901,0.790673134095812,-0.117365748079358,-0.153556589938285,0.735156879984631,0.848454059116601,-0.874456351353634,1.55556764467656,0,0.0363195055765458,0,0,0,0.390911299639477,1.01686203193147,-0.283432909824221,-0.185066389387276,0.156063440195899,-0.995457315205424,-0.893697561887015,-0.685602137401536,-0.946307902868039,1.33347482321109,0.392716202166024,1.26666651208298,0.00685648651032064,499.0000000001,0.136855468850058,0.00685648651032064,499.0000000001,0.136855468850058,0.0453884470967418,0.0717522726314582,1e-10,1100.0000000001,0.00852641108200004,0.0161202301685445,0.0933248202908993,0.165887753847579,2933.70396128585,0.0312500660060792,284,2,"SNETWORK (2 43 2933.70396128585 0.0933248202908993 7000081 284)",7
37,7000082,0.686798725196981,69,0.638158073055483,0.521052073640444,0.623124281295046,0.615977027310147,0.618989232093641,-0.449242477822913,-0.471328286310112,-0.152241947230382,1.60440030908673,-0.500433508926236,0.213341792193538,-0.46664166067133,-0.500433508926236,-0.500433508926236,-0.700445427563537,-0.377132527630497,-0.329717874153608,-0.872297985170265,-0.331204433732729,1.08031088082902,-1.42471042471043,-0.650969529085872,0.922053231939164,0.686798725196981,0.5,1.598896047633,-0.0140687022665042,-0.0139799655554573,-0.833136444628847,-0.0135210963989673,0.675812525326416,-0.776206948670443,1.51265071140719,0.651247323484875,0.0867226218271161,0.0799702643258065,283.0000000001,0.156955267825657,0.119909292652746,3695.0000000001,2.83350736200594,2.99046262973159,0.0703013314927392,0.472106415847244,1.43454046506524,-0.835229295063196,-0.0770762481006912,0.822960255605255,-0.813698588693969,0.876923305038556,0.257975830789821,0.388813681514899,0.716520474436564,0.17067892174889,-0.41919856388987,0.306894052343818,-0.026003699271026,0.881355976037885,0.430873575621597,0.676414028971749,0.668054363157543,0.67905776525831,1.04460523986046,0.561973710611852,-2.31356520754514,-1.70977045164474,-1.85059361835775,-0.276598043201878,-0.0819307179111951,-0.314673074430822,-0.209506700596175,-0.719098970785949,-1.57413330911927,-0.187943216159882,0.115682312334204,823.0000000001,3.80826171884865,0.115682312334204,823.0000000001,3.80826171884865,1.69015644990325,0.849945848440423,1e-10,3695.0000000001,0.00368978504559238,0.0666115463471468,0.814105333487875,1.35829383530654,5058.12223862403,0.0312499339939208,176,2,"SNETWORK (2 37 5058.12223862403 0.814105333487875 7000082 176)",7
41,7000083,0.646614960715998,129,0.342105382036989,0,0,0,0,0.509151521116589,0.439464535695773,-0.248481939857863,-1.06894235253987,0.248997336491407,0.0465003287324973,0.541314398212122,0.248997336491407,0.248997336491407,0.217256326555911,0.118414672889219,0.0124593597636793,0.062728519370067,0,-0.606217616580312,0,0,-0.712927756653993,0.646614960715998,0,-0.635285311884894,-0.444483932538176,-0.438772075956673,0.705807399238283,-0.411426168485035,0.64298686369136,0.934394215756074,-1.01367217698824,-0.536530146658645,0.119876675022214,0.0799701241440398,2778.0000000001,2.12971980199704,0.0760915142839247,156.0000000001,0.075913036720417,2.20563283861746,0.056030766105387,0.478253192590134,1.04459970900943,1.31850820666023,1.5043764336283,0.247952116326768,0.863687136848385,0.284220473500815,-0.939885454970912,-2.76538995630442,-0.661674669029363,1.13694278699502,1.31992985261386,-0.0692352615878188,2.8962390744569,0.915254083867404,-0.0283081595192618,-0.0134174361892482,-0.0187197672182568,-0.0217681670402296,0.110594950347247,0.504815341658506,0.158898359414335,-0.14052059810666,0.046362546148811,-0.829470391628072,-0.749500511465964,-0.683193137835727,-0.753886286296203,1.12342247859472,-0.565094612520119,2.59754010934835,0.0243016525280576,417.0000000001,0.4053515626,0.0243016525280576,417.0000000001,0.4053515626,0.301700220302301,0.335645496503599,1e-10,2778.0000000001,0.0541023101366868,0.00192845586870024,0.80700719301258,0.354102541597698,3131.94038696288,0.0625,273,2,"SNETWORK (2 41 3131.94038696288 0.80700719301258 7000083 273)",7
28,7000084,0.0463839937661348,104,-0.361841926944517,-0.698245294676348,-0.562675121066356,-0.564925299345405,-0.567713055283144,0.291522283009456,0.389149154666243,1.0887092302158,-0.62819789904559,0.0204091842881358,-0.805672548827616,0.78344014609603,0.0204091842881358,0.0204091842881358,-0.174425089451093,-0.870886303164549,-0.870805884909411,1.39716612589069,-1.55500246380033,0.393782383419688,-1.16859716859717,-1.44967682363804,0.0792141951837772,0.0463839937661348,-0.5,-0.777406435993191,1.03211802925897,1.04111046730095,1.31182390432184,1.08899080555232,0.0466457163219194,0.0461639785552932,-0.597269512295419,0.221295744738625,0.103938646758948,0.0399850261056294,6545.0000000001,1.08763074159954,0.190024770389591,11322.0000000001,3.43975992471914,4.52739066621868,0.0882019972318462,0.658635191593115,-1.05923574179436,0.607861420268385,-0.134231513608525,-0.876424902459358,-0.182640392490385,-0.773059590007118,-0.832770882401244,-1.45179607191001,-0.897832089641966,0.92518962362665,1.02815680894058,0.147697144706021,2.7972170843458,0.177970782313255,-0.745142464455507,-0.323585971028251,-0.331945636842457,-0.32094223474169,0.883600642848028,-0.108940687340621,0.877383636283635,-0.101279703420675,0.12901723811981,-0.710801232018356,-0.707420055459309,-0.414975676688107,-0.68768688172486,0.340375925851876,0.251199753854635,0.855450031698638,0.1535466403897,932.0000000001,5.72421875010141,0.1535466403897,932.0000000001,5.72421875010141,2.59586647534107,1.17063700564232,1e-10,11322.0000000001,0.0211890712812049,0.0670129258506413,0.29607189518276,1.1909179180341,1851.20179776347,0.125,16,2,"SNETWORK (2 28 1851.20179776347 0.29607189518276 7000084 16)",7
43,7000085,0.352813227903274,78,0.0756580730554828,0.31473676207772,0.354270929498081,0.350983481983268,0.358474665810763,-0.562200414095048,-0.564665580445727,-0.145234577116639,-0.7203217565037,-0.142151365065741,0.425980657827861,-0.196960970851319,-0.142151365065741,-0.142151365065741,0.00666936430564239,3.01172060650663,3.05511046144407,-0.45115627864642,3.60154427263047,0.124352331606218,-0.494208494208494,-0.193905817174515,-0.237642585551331,0.352813227903274,0.25,-0.250958904500684,0.291189925357519,0.290666825612977,0.263268782466248,0.287498587896549,0.345132727214298,-0.340836381865695,-0.684414836746443,-0.448999980553173,0.183701305647685,0.0799701818409082,627.0000000001,0.736607183250785,0.0742151525411246,963.0000000001,0.457061917269928,1.19366910042071,0.0265624166178944,-0.109712591004669,-0.36330437257529,0.611230460506068,-0.640677866447847,-1.486224863773,-0.362549163290433,-1.50000446787341,-1.17197085375391,-1.48993522770765,-0.819979991032976,-0.262059802273651,-0.023248882150264,0.0566761222344384,-0.271606281507272,0,0.0363195055765458,0.676414028971749,0.668054363157543,0.67905776525831,-1.30752879930318,-0.0340229580272979,-0.0328250454184029,0.837723760531564,-0.218959365387746,0.668202609515204,0.560712561400285,0.239764893348382,0.740951657073925,-0.0746569251115495,0.236653316979136,0.0978070164321974,0.0162315684916581,968.0000000001,0.628486328225266,0.0162315684916581,968.0000000001,0.628486328225266,0.187014989551721,0.00764979394210358,1e-10,963.0000000001,0.0163915333015382,0.0101708832163562,0.603248968781092,0.906331097623035,3677.51443762924,0.0312500660060792,333,2,"SNETWORK (2 43 3677.51443762924 0.603248968781092 7000085 333)",7
37,7000086,0.160849980799471,22,0.638158073055483,0.521052073640444,0.623124281295046,0.615977027310147,0.618989232093641,-0.596086349022563,-0.620455038468185,-0.167205690152556,2.0322939943891,-0.332660457308415,0.0688159905816919,-0.465469869807738,-0.332660457308415,-0.332660457308415,-0.624345517529879,0.0628515239010529,0.192456666240499,-0.499090063665507,0.0904606689287546,0.143005181347151,-0.438610038610039,0.349030470914128,0.119771863117871,0.160849980799471,0.5,0.950788772903246,0.00314306297512868,0.00312404684893403,-0.658197512142547,0.00302529660268278,0.155697079025552,-0.147540212244876,1.91830249198125,-0.679633428216521,0.0907047589439225,0.0799702643258065,1709.0000000001,0.991354991629988,0.134270108387636,970.0000000001,0.832929292015364,1.82428428354535,0.0427535928022396,0.344390625533842,-0.179467430929221,-0.0703719493461056,-0.17759994125558,-0.139445481339779,-0.0996062831176427,-0.148752065751154,1.18373248788163,0.0764690714466439,0.0496194664941353,0.539992695421645,0.352208377281621,0.329509800408736,0.729131154873729,0.881355976037885,0.430873575621597,0.67641402897175,0.668054363157542,0.679057765258312,1.05298771114393,1.22758724042747,-0.732584277888585,-0.745670538934183,-1.44640781026127,-0.249034061491463,0.0294913998456621,-0.267515013602637,-0.19007525227427,-0.572388717872127,-1.34356085634042,0.172569019007625,0.00247163328452381,315.0000000001,0.0311425782249889,0.00247163328452381,315.0000000001,0.0311425782249889,0.124804380140508,0.150756592026706,1e-10,1709.0000000001,0.0232332142067017,0.0195203784955378,0.254407240834496,0.300250613130629,4489.9632556941,0.0312499339939208,140,2,"SNETWORK (2 37 4489.9632556941 0.254407240834496 7000086 140)",7
43,7000087,0.0142364215819554,53,0.0756580730554828,0.31473676207772,0.354270929498081,0.350983481983268,0.358474665810763,-0.788087098542088,-0.713951534347766,-0.148047221514284,-0.304290318763096,-0.466389358621228,0.204536269899402,-0.362935439096105,-0.466389358621228,-0.466389358621228,0.202081732384999,2.68888599172255,2.58243049955581,-0.208267723409647,3.14787750183739,-0.963730569948188,1.15057915057915,3.24099722991689,-0.29467680608365,0.0142364215819554,0.25,0.757357989978197,0.0813256149252764,0.0809282414366395,-0.572985396669909,0.0788189754278984,0.0150874162596789,0.00239149926240221,-0.27550620939222,0.0849553883526773,0.158203633966894,0.0799701818409082,720.0000000001,0.728459006716336,0.137773789769718,620.0000000001,0.546278942542582,1.27473794915892,0.0294572616806088,0.755139220354812,0.108135830227396,0.619090716390112,-0.301183258456449,-1.05842815571513,0.0188670683178727,-1.10972094897377,-0.174904150756686,-0.917716568452559,-0.794348788232926,-0.863871022139593,-0.916165883730983,0.0152574531761952,-0.61971252070262,-3.01077401207183e-16,0.0363195055765458,0.676414028971747,0.668054363157543,0.67905776525831,-0.789035325639508,-0.125187960490833,0.182366540103505,1.49517719595472,-0.887024663879224,1.66533784310316,1.88631416065465,0.683728364791641,1.78186861530704,-1.39184227029242,-0.157335826575081,-0.187943216701152,0.0155433104612167,263.0000000001,0.163515625100069,0.0155433104612167,263.0000000001,0.163515625100069,0.187379685169201,0.261466896306053,1e-10,720.0000000001,0.0168335833451021,0.0126236782355067,0.409938633876359,0.389734205389276,3395.5386717956,0.0312500660060792,314,2,"SNETWORK (2 43 3395.5386717956 0.409938633876359 7000087 314)",7
43,7000088,0.453732330607886,86,0,0.230175963096256,0.354270929498081,0.350983481983268,0.358474665810763,-0.261575153914584,-0.270265808524514,0.0312416230141376,-0.937987733990491,0.114646194174198,0.962109338271892,-0.566979575628203,0.114646194174198,0.114646194174198,-0.247317200022521,3.38330534565373,3.5340739363964,-0.908710633265888,4.17341328028791,0.124352331606218,-0.494208494208494,-0.193905817174515,-0.237642585551331,0.453732330607886,0.25,-0.313304694635564,-0.0932296249260321,-0.0925308984553229,0.280401599480618,-0.0889803987611245,0.450082974359478,0.034088986368974,-0.890270581462291,-0.760263914047536,0.0605957128290064,0.0799701818409082,1898.0000000001,0.735519637182576,0.0613473229720048,1413.0000000001,0.554362625924334,1.28988226300691,0.0307583317189352,1.08686719632215,0.337008260714689,1.15184987592691,-0.0708952464775172,-1.3751621669017,0.092219421849082,-1.48803765915836,-1.21071854191892,-1.43193773688488,-0.511606999575654,-0.402838282131062,-0.13226422716223,-1.25561984802765,-0.245856453777246,0,0.0363195055765458,0.67641402897175,0.668054363157543,0.67905776525831,-0.474380028071951,0.18813592768476,0.0380816017212503,1.39387771462316,0.156063440195899,1.08904265426987,1.01692347481557,0.876215714963297,1.06000408561437,-0.313548226271049,-0.382047514910043,-0.187943216701152,0.0106405064720174,922.0000000001,0.392421875100166,0.0106405064720174,922.0000000001,0.392421875100166,0.0754227469505908,0.0397035924433131,1e-10,1898.0000000001,0.0175390867524918,0.0132192448664434,0.6663405043659,0.634241093008313,3769.54409591375,0.0312500660060792,340,2,"SNETWORK (2 43 3769.54409591375 0.6663405043659 7000088 340)",7
29,7000089,-0.863950936341136,50,-0.361841926944517,-0.698245294676348,-0.562675121066356,-0.564925299345405,-0.567713055283144,0.00131916933271472,0.0351973212234325,0.948526137107508,0.381165201289254,0.860454429393343,-1.2374493349976,0.839644291946377,0.860454429393343,0.860454429393343,0.000219432927446685,-0.120219407244804,-0.197976576176992,0.456082023927821,-0.395042685923647,0.888230940044412,-1.64368450082736,-1.9192718638702,0.441336230309614,-0.863950936341136,-0.5,-0.195801371244856,-0.31032014987392,-0.30697244003107,0.102607610889577,-0.290610494710739,-0.857529265231082,-0.195879984598329,0.356825396825397,0.39545067930812,7.46639965594807,0.0399850261056294,9952.0000000001,118.799979518822,4.54978948363293,835.0000000001,6.07396861665314,124.873948135376,3.09644834355822,-0.840034322695715,-0.658518102132008,-0.380070397618728,-0.0729189506726595,0.35054650876186,-0.0677867981601693,0.393071830048731,0.353173032494399,0.49415064685459,0.570122764899006,0.913384078966029,0.481188490921423,0.0975626499947824,0.562754627111063,-0.118644023962115,-0.921164041933263,-0.32358597102825,-0.331945636842455,-0.320942234741688,-0.176419935930067,0.140477384572977,-0.866905247298758,0.339542371694072,-1.03232671515594,-0.15825947751571,0.0285439121155968,-1.5793149217232,0.266816205197737,-0.467796029092992,-0.559776075399267,0.318525942085603,0.104907392744558,441.0000000001,1.85056640635045,0.104907392744558,441.0000000001,1.85056640635045,0.76471592991263,0.758687885883474,1e-10,9952.0000000001,2.94583462184698,0.150613721611243,0.610086227237332,1.27320544031681,1254.42675245313,0.25,69,2,"SNETWORK (2 29 1254.42675245313 0.610086227237332 7000089 69)",7
29,7000090,-1.03570737832891,34,-0.361841926944517,-0.698245294676348,-0.695629464068801,-0.700108350003007,-0.706051805186474,-0.0922938171590436,-0.0794351716534078,0.899705560208108,0.433476738438834,0.898677533390615,-1.21470532328898,0.811795508756119,0.898677533390615,0.898677533390615,-0.132044099553875,0.0974316057259041,0.130494040197755,0.63725949632679,-0.185496445819,0.888230940044412,-1.64368450082736,-1.9192718638702,0.441336230309614,-1.03570737832891,-0.5,1.47567035577246,2.68435548811604,2.76484958948587,-0.69979286128227,3.30096991629774,-1.02609450097877,-0.554786725838629,0.415438769635661,0.825608265171236,2.9456149846196,0.0399850261056294,1837.0000000001,8.65127071972045,1.9785393025313,116.0000000001,0.366942010906648,9.01821273052709,0.130756919188098,-0.00528286395068139,-0.474620826301702,-0.824899155053918,-0.0961481581518923,0.831711256226631,-1.08035900470072,0.55071409792337,-0.711717839335031,0.650239169424265,0.785030767009121,-0.909740286511717,-1.42556312019321,-1.10398675113925,-0.573906841233574,-0.118644023962116,-0.921164041933264,-0.487990783359437,-0.503664629107672,-0.505590738712639,0.970358945201275,1.52448984319313,-0.841886710016905,-0.58161888271501,-4.75623303914345,0.573927243026331,1.55160022811475,1.80053311458327,0.213312729253869,-1.70622573977393,-0.667972410219627,-0.187943216701152,6.21312825530833,75.0000000001,18.6393847657296,6.21312825530833,75.0000000001,18.6393847657296,8.70111578403763,52.4921403846518,1e-10,1837.0000000001,0.125436551488519,0.00532036759957829,0.408456347600461,1.46528551708941,1067.37171645025,0.25,56,2,"SNETWORK (2 29 1067.37171645025 0.408456347600461 7000090 56)",7
41,7000091,-0.325029921992595,70,-0.407894617963011,-0.251052105764176,0,0,0,0.523190135932549,0.656134829627048,0.159425508445092,-0.214474169677478,0.722287357433033,-0.0163456481063056,0.0250267776023508,0.722287357433033,0.722287357433033,0.479377595827748,-0.51227283941091,-0.629526057565841,-0.133645999804607,-0.698963969376968,-0.606217616580312,0,0,-0.712927756653993,-0.325029921992595,0,0.55413415567161,0.640687403142469,0.642761793284466,-0.420803618866773,0.652575623801686,-0.321566041874258,-0.0828571604434204,-0.206411711489432,0.612596923834667,0.108358627490858,0.0799701241440398,1558.0000000001,1.0796586977,0.117824663424444,2349.0000000001,1.77000610211761,2.84966479971761,0.0595546328243535,0.603233217660471,0.795536896595818,-0.499053673090099,0.584532784162011,1.21742988506379,-0.197887175211268,1.15467810490202,-0.300089936176585,1.28144509981749,1.05333222973332,-0.703357069689899,-1.13100595396812,-1.20876769633538,-0.724930185326225,-0.305084586862669,-0.363341583505644,0,0,-1.55600483282998e-15,-1.15954042798359,0.214464377920063,-0.961300265770108,2.29484906788395,0.156063440195899,1.51873151526884,1.76816515675799,1.19030022090395,1.47568114925774,-0.0392235802246878,1.21354177307273,-0.187943216701152,0.047312898189172,785.0000000001,1.4856250001,0.047312898189172,785.0000000001,1.4856250001,0.812366413018629,0.530538774125979,1e-10,2349.0000000001,0.0225635931678174,0.0369910395565361,0.421139751343601,0.246793664351571,2476.00674434603,0.0625,231,2,"SNETWORK (2 41 2476.00674434603 0.421139751343601 7000091 231)",7
29,7000092,-0.891964088002893,48,-0.361841926944517,-0.698245294676348,-0.562675121066356,-0.564925299345405,-0.567713055283144,-0.0124983737096386,0.0250876768765817,0.941566215828218,0.392801202932147,0.864345968858875,-1.24034917842133,0.838076535547513,0.864345968858875,0.864345968858875,-0.0175383036623491,-0.0714036648934592,-0.134162758153951,0.469667792485433,-0.340492501481128,0.888230940044412,-1.64368450082736,-1.9192718638702,0.441336230309614,-0.891964088002893,-0.5,-0.165089208920443,0.0333076856435629,0.033121153830164,0.118964077875424,0.0321448627668163,-0.88410551008801,0.656971273694944,0.368859281190887,-0.438241673509649,3.91416532770936,0.0399850261056294,6515.0000000001,40.7707172014896,3.12111995541165,92.0000000001,0.459084947648995,41.2298021490386,0.961024066328878,-0.045399022475058,1.88402239756773,-0.093537508127535,0.652631893804056,0.834900065903918,0.542820649893666,0.882193444707995,0.911973246876744,0.448320249005733,0.506548006691433,0.601755126767782,0.241796762277976,0.0981941859904304,0.491446946892491,-0.118644023962116,-0.921164041933264,-0.32358597102825,-0.331945636842457,-0.32094223474169,0.0867748938759172,-0.172803290908048,0.446845424804703,-0.332581904339944,-3.54313138824998,0.534435462590769,0.737462437961371,0,0.649571005637844,-0.566432328037491,-0.543324141240865,0.731967349988529,0.085838652920122,410.0000000001,1.40775390635035,0.085838652920122,410.0000000001,1.40775390635035,0.555389878181164,0.59718558134749,1e-10,6515.0000000001,0.950323270686754,0.0107007955421237,0.587287359413179,0.787493152951356,1233.27590393131,0.25,67,2,"SNETWORK (2 29 1233.27590393131 0.587287359413179 7000092 67)",7
29,7000093,-0.605511813230706,71,-0.361841926944517,-0.698245294676348,-0.562675121066356,-0.564925299345405,-0.567713055283144,0.0594119193992521,0.0958417555556422,0.929224643325795,-0.0202925185695689,1.13877625068556,-1.42542381883312,1.10220290912993,1.13877625068556,1.13877625068556,0.0948290685273537,-0.466477875841451,-0.521447400783641,1.27176109702276,-1.03664080078514,0.286010362694301,-0.898841698841699,-0.947368421052628,-0.0475285171102662,-0.605511813230706,-0.5,0.213865548287337,-0.150622681670686,-0.149363472831961,-0.264370510842249,-0.143036692384077,-0.603437917314133,-0.393984047096833,-0.0137873180360227,-0.449424405301259,0.105565595105894,0.0399850261056294,11135.0000000001,1.87934878232267,0.0585935150206167,2856.0000000001,0.267548499857631,2.1468972820803,0.0517262892752232,-0.322542057142785,-0.295849900278454,0.0143555357610218,-0.362763354984212,-0.462649525747616,-0.314289072438109,-0.506420706743174,-0.210622749713877,-0.413655615801754,-0.483755089843228,1.50246378752555,1.01595869106857,0.0595603495364783,2.41394963672191,0.176453816734808,-0.746042684769694,-0.323585971028251,-0.331945636842457,-0.32094223474169,0.467799052472366,-0.903947711254818,1.04934390204919,-0.468225459065598,-0.124905302398635,-0.548360416437224,-0.60381603223299,-1.28310765844783,-0.266253965399851,0.4497335404689,0.0027339799176751,0.952306211615999,0.0918819305435484,930.0000000001,3.41800781260084,0.0918819305435484,930.0000000001,3.41800781260084,1.72584122363136,0.908015288171681,1e-10,11135.0000000001,0.0452801069647288,0.00644618221049448,0.861105240624835,0.77220175601542,1487.30082186769,0.25,85,2,"SNETWORK (2 29 1487.30082186769 0.861105240624835 7000093 85)",7
43,7000094,0.26039000899762,71,0.0756580730554828,0.31473676207772,0.354270929498081,0.350983481983268,0.358474665810763,-0.615051965315328,-0.588753416446369,-0.176073311899974,-0.453504723318645,-0.134498261602289,0.639163125350127,-0.483190649154891,-0.134498261602289,-0.134498261602289,0.207141788751265,2.65214813143445,2.56459547975435,-0.852350049005058,3.28380669179448,-0.963730569948188,1.15057915057915,3.24099722991689,-0.29467680608365,0.26039000899762,0.25,-0.242920727960363,-0.354861515098188,-0.350791121604094,0.150774414206664,-0.331036810279932,0.262618557896579,1.37341542998497,-0.430051813471503,0.370589569528812,0.0483453751763134,0.0799701818409082,1146.0000000001,0.354320041143499,0.0755618459337382,1139.0000000001,0.550405098932203,0.904725139975702,0.022614882485941,-0.364689041745577,-0.138547972421162,0.494406191772513,1.4780998593523,1.1835778561197,1.0990012648486,1.34059433150638,0.550275121781266,1.30655322377743,1.30493538006143,2.37201954360808,1.37151080393765,-0.253825288841639,2.17700890968218,0.456866422188979,0.00405938169707842,0.676414028971747,0.668054363157543,0.67905776525831,-0.262706178881952,0.716130252428913,-0.777845626167014,-0.263152430522107,0.00597637679597551,-0.44077545873483,-0.475837325720597,-0.797836653895422,-0.271075131675864,0.0265778647153215,-0.781620051463806,1.58137777145387,0.00318289926733015,942.0000000001,0.119931640725051,0.00318289926733015,942.0000000001,0.119931640725051,0.0533886686839573,0.10286564515211,1e-10,1146.0000000001,0.00885672974256179,0.0137581526433792,0.550572630781784,1.75124864563471,3600.67710373301,0.0312500660060792,326,2,"SNETWORK (2 43 3600.67710373301 0.550572630781784 7000094 326)",7
29,7000095,-0.67290684262013,65,-0.361841926944517,-0.698245294676348,-0.562675121066356,-0.564925299345405,-0.567713055283144,0.0544084938893416,0.113787340827793,0.961405119967856,0.0177446414524292,1.10370669565683,-1.36965288713564,1.06466931839116,1.10370669565683,1.10370669565683,0.0996011708086445,-0.410996666293767,-0.470684969795431,1.10238957924089,-0.923042171350966,0.880829015544044,-1.4980694980695,-1.57894736842105,0.396070975918885,-0.67290684262013,-0.5,0.624349846237846,0.0464277743007197,0.0461768370457199,-0.509971743546136,0.0448586777416707,-0.66951339581169,-0.790677680366084,0.0132675384488856,0.836480337130005,0.129989498433248,0.0399850261056294,4856.0000000001,1.0092103863204,0.0559739610590085,1294.0000000001,0.115801739430968,1.12501212565137,0.0261610454490647,-0.342905904487836,-0.833056560192955,-0.603666130255971,-0.468295536297017,0.131527266967432,-0.846037510422184,0.138283149028972,-0.761631850943404,0.194368710886271,0.311516691791822,-0.388628196847348,-1.09636232675943,0.058494509313683,-0.59024528826509,-0.118644023962115,-0.921164041933263,-0.32358597102825,-0.331945636842455,-0.320942234741688,-0.0222000971485549,0.925100083744405,-0.814134614009744,0.819554437944136,0.156063440195899,0.443307827165927,0.384976803886017,-2.4066040838458,1.18807866212534,-0.908173267160995,1.57217980119721,-0.187943216701152,0.118395006434459,592.0000000001,2.80359375010069,0.118395006434459,592.0000000001,2.80359375010069,1.43539578717368,1.13256724578098,1e-10,4856.0000000001,0.0234681903252548,0.00269285502380987,0.789973741080404,2.68354082512969,1421.31107256969,0.25,81,2,"SNETWORK (2 29 1421.31107256969 0.789973741080404 7000095 81)",7
29,7000096,-0.724686835164158,62,-0.361841926944517,-0.698245294676348,-0.562675121066356,-0.564925299345405,-0.567713055283144,0.0985808448764741,0.131453757654353,0.978309300556092,0.245696106481772,0.89299182230825,-1.16833103354159,0.899519190479719,0.89299182230825,0.89299182230825,0.00127941330069202,-0.376151601429593,-0.495536296658504,0.88292537588394,-0.820112747441372,0.888230940044412,-1.64368450082736,-1.9192718638702,0.441336230309614,-0.724686835164158,-0.5,-0.160296602435569,-0.0732991008727902,-0.0727717085103341,0.0975874713630539,-0.0700806482373881,-0.714869132088207,1.84613566464845,0.228735915782548,-0.795283078133316,0.242279353816148,0.0399850261056294,6185.0000000001,2.39580174065593,0.129277274654259,1623.0000000001,0.335455929801742,2.73125767035768,0.0648959115567946,-0.442315545107816,-0.495639703865459,0.0962316023966205,-0.355486158859496,-0.55320292753092,1.26076032628368,-0.596859865364547,1.38961152864392,-0.456260283169717,-0.62440371651443,0.737109091136298,0.628169177820529,0.204250701321651,0.636534532574137,-0.118644023962116,-0.921164041933264,-0.323585971028251,-0.331945636842457,-0.320942234741691,-0.498230283215138,-0.663854147167055,0.573043526826148,-0.303230393593325,-0.596576997286991,0.283266046590711,0.259941894778976,-1.8766889804515,0.860012672691251,0.381149216548435,0.0298560398926649,1.12690762318558,0.110713934848428,477.0000000001,2.11242187510052,0.110713934848428,477.0000000001,2.11242187510052,1.1086654449598,1.06751256603438,1e-10,6185.0000000001,0.0569253275940399,0.00797058386275474,0.75434127937025,0.050901335215855,1388.25430826439,0.25,79,2,"SNETWORK (2 29 1388.25430826439 0.75434127937025 7000096 79)",7
37,7000097,0.70195172678628,71,0.638158073055483,0.521052073640444,0.623124281295046,0.615977027310147,0.618989232093641,-0.435653448885081,-0.455464477046491,-0.149394983821226,1.59742845407904,-0.506088366538047,0.213395824660375,-0.460485564224318,-0.506088366538047,-0.506088366538047,-0.700725109082959,-0.390637422459516,-0.347693432561377,-0.882278303949168,-0.344556121047284,1.08031088082902,-1.42471042471043,-0.650969529085872,0.922053231939164,0.70195172678628,0.5,1.61552459441595,0.829938981727724,0.834840744680006,-0.810887795108666,0.859828271345901,0.693399476671688,-0.205822269366473,1.50735422320915,0.522706522384955,1.56758151064789,0.0799702643258065,183.0000000001,1.83458688295158,0.635771726109064,819.0000000001,3.32998420680402,5.1645710896556,0.104329851062283,-1.19890618113028,0.427391767720157,-0.504817706369262,-0.792517686229825,-0.374662970667233,-0.356339519918904,-0.342258357935356,0.752380420993749,0.285837030227905,0.490597679185391,1.12782969459897,0.539454547090666,-0.640382745937398,0.626881369455627,0.915254083867404,0.447881402232072,0.676414028971749,0.668054363157543,0.67905776525831,-0.458189823144057,0.304535066780013,-1.30218647254215,-0.386782028707352,-1.61216648068812,-0.786652095773017,-0.726666775208785,-1.03541093716194,-0.609756469648832,-0.490294752808602,-1.75880109877786,1.42782950039248,0.125274082499764,106.0000000001,0.531162109474811,0.125274082499764,106.0000000001,0.531162109474811,0.141007944924758,0.931183150987884,1e-10,819.0000000001,0.037060614085135,0.0672692368771485,0.840659327251535,1.59013479272835,5085.0776459901,0.0312499339939208,178,2,"SNETWORK (2 37 5085.0776459901 0.840659327251535 7000097 178)",7
43,7000098,-0.0532737603045176,48,0.0756580730554828,0.31473676207772,0.354270929498081,0.350983481983268,0.358474665810763,-0.844370735208274,-0.752432462049964,-0.148662672527609,-0.229308940542573,-0.52258958152967,0.175050101891157,-0.370446734932664,-0.52258958152967,-0.52258958152967,0.212646339773327,2.81905378008988,2.70966390956512,-0.0760402393113841,3.26653221299344,-0.963730569948188,1.15057915057915,3.24099722991689,-0.29467680608365,-0.0532737603045176,0.25,0.763879768973931,-0.319655497748045,-0.316161418591208,-0.60246418562371,-0.299109618998671,-0.0542044835803151,-0.453329859066503,-0.219850316637881,0.631600170020826,0.0607111233574817,0.0799701818409082,492.0000000001,0.191024704755076,0.0987787405761046,591.0000000001,0.373342242005763,0.564366946660839,0.0140179359375338,0.031840344317067,0.0991603113036343,-0.512433375383486,-0.566553024798464,-0.092343784934173,-0.340504679655129,-0.105231698795259,-0.457446863974229,-0.054324964446467,-0.10426199911456,0.811037759628145,0.448557653585264,0.0280838130725402,0.152752088395653,0,0.0363195055765458,0.676414028971749,0.668054363157543,0.67905776525831,-0.897229937885518,-0.765862872899847,0.305403147878917,-0.0744235478961902,-0.438494821375605,0.0946562524849133,0.00830578406700545,0.576453278382536,-0.0163333489763135,-0.485437336806215,-0.51977373998018,0.356637480839781,0.00267583315702918,377.0000000001,0.0403515626000171,0.00267583315702918,377.0000000001,0.0403515626000171,0.12915764555122,0.152486058698311,1e-10,591.0000000001,0.00474473579566737,0.00927320004186646,0.370784971512236,0.0724157787022868,3338.42644375173,0.0312500660060792,310,2,"SNETWORK (2 43 3338.42644375173 0.370784971512236 7000098 310)",7
43,7000099,-0.0925381417811924,45,0.0756580730554828,0.31473676207772,0.125190979814175,0.126908484697204,0.131153005061719,-0.845156536446301,-0.759360298921914,-0.138759752986451,-0.206816615500282,-0.533723035975412,0.105960862838317,-0.346326314745071,-0.533723035975412,-0.533723035975412,0.220215202299069,2.91879362320206,2.82236303040617,0.062188294277285,3.34714414528435,-0.963730569948188,1.15057915057915,3.24099722991689,-0.29467680608365,-0.0925381417811924,0.25,0.256554316082143,-0.564085952095889,-0.555789957107858,-0.339092867666762,-0.516752302819188,-0.0944690606328856,-0.648057453977933,-0.19860843819393,0.479243066780671,1.00015540521924,0.0799701818409082,756.0000000001,4.83554520737708,0.669121581058753,463.0000000001,1.98126329707948,6.81680850435656,0.176946222280399,-0.0459869828542011,-0.107921036211261,-0.544179652859979,-0.691936352680137,-0.205306757393168,-0.522365505500678,-0.243449112661492,-0.621493455515384,-0.156715130285374,-0.20254339201699,0.187282438985781,0.282036834181218,-0.982091598444165,0.0507561745185508,0,0.0363195055765458,0.663202360472771,0.655005975029419,0.665794475815295,-0.625869663840561,-0.816655197417048,0.609734187557183,0.172631626729886,0.156063440195899,0.557064678324471,0.494452616822069,1.09436149981714,0.382816464185449,-0.0254093830351755,-0.0973898419715885,-0.187943216701152,0.0371275719167702,161.0000000001,0.239101562600101,0.0371275719167702,161.0000000001,0.239101562600101,0.00294526344263807,0.184628070420731,1e-10,756.0000000001,0.12551789537229,0.0514283268081086,0.348515299332516,0.12325196229897,3305.9423664217,0.0312500660060792,307,2,"SNETWORK (2 43 3305.9423664217 0.348515299332516 7000099 307)",7
29,7000100,-1.27233357906273,8,-0.361841926944517,-0.698245294676348,-0.88766904750336,-0.89062955707874,-0.905942372439505,-0.182141401631433,-0.162289947173914,0.834546001498213,1.04154919282418,0.517971940723946,-1.21478438708054,0.582568975510069,0.517971940723946,0.517971940723946,-0.322591617450679,0.555315967675932,0.443917237376942,0.327217859414638,0.448330433968183,0.234887737478411,-0.657228657228657,-0.00923361034164302,0.265103506548374,-1.27233357906273,-0.5,0.995139462026838,6.61750657963786,7.08071707630371,-0.104126977544351,12.0464065193522,-1.26464974897687,-0.976437084652426,0.980577350111029,0.8667308867493,0.033550303690064,0.0399850261056294,255.0000000001,0.0136782772890613,0.0894655970325431,56588.0000000001,8.09422317162015,8.10790144880921,0.0584521502260952,3.14034621524728,1.59837898034824,-1.11460684430408,-0.883481225663301,0.204100208553229,-1.97032435022831,0.073990890093753,-1.96309590146202,0.0888820902546933,0.0427337431755864,-2.08499729626203,-2.36288616899754,0.150839624717485,-0.86952211704687,-0.118644023962116,-0.921164041933264,-0.796323874383979,-0.808058563259408,-0.835083858992255,-4.13542411498666,-0.30485965025988,-0.334688366126266,1.26378487979712,0.156063440195899,0.466471290372781,0.355975985350076,-0.413002923088294,0.681123646262432,-3.14442368134583,-1.51847720620444,17.2639674751711,0.494579106930538,2966.0000000001,58.6768652344894,0.494579106930538,2966.0000000001,58.6768652344894,27.6276088432876,4.05900455247708,1e-10,56588.0000000001,9.86105611642136e-05,0.058353539564931,0.0991049397212932,3.37645377770527,780.381817718021,0.25,41,2,"SNETWORK (2 29 780.381817718021 0.0991049397212932 7000100 41)",7
28,7000101,0.153615445634472,108,-0.111841926944517,-0.494736954820113,-0.562675121066356,-0.564925299345405,-0.567713055283144,0.286313903756571,0.401296931961288,1.08176916150021,-0.829038141581215,-0.482080961689894,-1.31072990155189,0.781243633258972,-0.482080961689894,-0.482080961689894,-0.211637720174997,-0.911383497479308,-0.897306061621499,1.44953849742516,-1.61802570491172,0.393782383419688,-1.16859716859717,-1.44967682363804,0.0792141951837772,0.153615445634472,-0.5,-0.787315594861109,0.745387996757524,0.748905473589571,1.26690275748824,0.766382322465236,0.171728629433971,2.50622584512567,-0.78720947446336,-0.278233364248112,0.280995685793908,0.0399850261056294,17614.0000000001,7.91320486986225,0.0490709926959931,3476.0000000001,0.272708940707042,8.1859138104693,0.167891570891837,1.93417862854947,3.40643550457088,1.71892251577939,2.1308407435688,0.482304060503497,1.30790665541978,0.449536887982699,0.076911863092081,-0.851220181918375,0.0610786985706053,1.27444473238337,1.08629400651286,-0.0920529834305346,2.75364789226175,0.474576257488161,-0.569126424378404,-0.32358597102825,-0.331945636842455,-0.320942234741688,0.931453449461008,0.772478515792615,1.04118699694825,-0.315208891184039,0.156063440195899,-0.581739902201462,-0.578552422362729,0.406606280331464,-0.757594068315922,0.418252264203216,0.468033330591497,1.40394388351927,0.0447207776035261,709.0000000001,1.26828125010031,0.0447207776035261,709.0000000001,1.26828125010031,0.709623809646017,0.508584861488363,1e-10,17614.0000000001,0.1622983611065,0.00559320968533733,0.355509944651322,0.0212564943603101,1898.38861443351,0.125,20,2,"SNETWORK (2 28 1898.38861443351 0.355509944651322 7000101 20)",7
43,7000102,-0.430080642222664,17,0.0756580730554828,0.31473676207772,0.118081199488201,0.12698938418892,0.129762766215853,-1.12703075030543,-0.991555052628379,-0.267492272094211,0.4273367722713,-0.38690355693645,-0.0446711503335458,-0.517612891247942,-0.38690355693645,-0.38690355693645,0.356848046462289,3.06228193671722,2.96265686137686,0.280369211309258,3.45772507749328,0,0.0216216216216217,1.64542936288088,0.287072243346007,-0.430080642222664,0.25,0.614795308550736,-0.240405436268458,-0.238068368419689,-0.526833439612226,-0.226513073631074,-0.429746396172246,-0.66461719119205,0.408405296488198,0.667991601211367,2.05288298099428,0.0799701818409082,1044.0000000001,13.7063197450627,0.0838975335413966,399.0000000001,0.214081064111258,13.920400809074,0.34085822287595,-0.299135591068887,-0.304511157976664,-0.52523075318995,-0.716067587406716,-0.25840874048069,-0.616287454545207,-0.288020021337569,-0.164483619456005,-0.210558437544722,-0.365178076459215,0.193818539555378,-0.12866741006937,0.221833520255419,0.00791232969450791,-3.01077401207183e-16,0.0363195055765458,0,0,0,0.270722030522885,-1.92839857811612,0.276432687671014,-0.887717993874339,0.156063440195899,-0.317414891027398,-0.253786700631338,-0.447565755312116,-0.221393370346643,-0.0292597190211103,0.162490789981581,-0.187943216644022,0.00829674596776859,242.0000000001,0.0803125001000339,0.00829674596776859,242.0000000001,0.0803125001000339,0.072117404390439,0.059554024417407,1e-10,1044.0000000001,0.335616183267877,0.00524203950807365,0.124491544684709,2.58828514538835,2979.165891626,0.0312500660060792,287,2,"SNETWORK (2 43 2979.165891626 0.124491544684709 7000102 287)",7
43,7000103,-0.421814604174784,18,0.0756580730554828,0.31473676207772,0.118081199488201,0.12698938418892,0.129762766215853,-1.12907633324397,-0.992503770690618,-0.270102097139727,0.421931235163489,-0.390766684396397,-0.0232871680292907,-0.520720887998687,-0.390766684396397,-0.390766684396397,0.356506712747228,3.06294975985726,2.96191534053954,0.281570983178943,3.45818699986043,0,0.0216216216216217,1.64542936288088,0.287072243346007,-0.421814604174784,0.25,0.608389016716059,-0.0764186618612167,-0.0758652426529293,-0.51105403054695,-0.0730432442041067,-0.420326818329509,-0.523185054634214,0.397792581626778,0.627229607784394,0.149993434522732,0.0799701818409082,845.0000000001,0.810559918324524,0.158620099811314,1518.0000000001,1.53987743909651,2.35043735732104,0.0558788170012887,0.822184708470683,-0.289108734173693,-0.271961016412262,-0.624492405075641,-0.432649294301663,-0.478414508494309,-0.467209670326867,-0.0248019907045014,-0.348231293726346,-0.540947037219121,0.0486904870929092,0.409849798036072,-0.795919121446825,0.390684123357391,0,0.0363195055765448,0.149267485561005,0.15566443274179,0.154099746494925,-0.0234675372022177,-1.81150513421075,-0.208623970282067,0.46733964596861,0.156063440195899,-0.815070363076823,-0.734150135293518,-0.310800593774899,-0.83686574418929,-0.862363534102088,-0.440044880874757,1.44388233823697,0.097174642397836,439.0000000001,1.70638671885072,0.097174642397836,439.0000000001,1.70638671885072,0.696559397013969,0.693195513923274,1e-10,1518.0000000001,0.0192700856795191,0.0366087312217696,0.134365460340365,0.805946508123493,2993.56866491876,0.0312500660060792,288,2,"SNETWORK (2 43 2993.56866491876 0.134365460340365 7000103 288)",7
43,7000104,-0.477498941868646,14,0.0756580730554828,0.31473676207772,0.118081199488201,0.12698938418892,0.129762766215853,-1.10997965047854,-0.963895750363216,-0.244432646482882,0.462645058441061,-0.354279394022621,-0.0603110827116023,-0.516702730027393,-0.354279394022621,-0.354279394022621,0.362917420786932,3.01195014994152,2.91875811423925,0.25399332763927,3.40493472753228,0,0.0216216216216217,1.64542936288088,0.287072243346007,-0.477498941868646,0.25,0.410730097677788,0.0647695258521467,0.0644371218848631,-0.382826760748072,0.0626816925325795,-0.468752953288831,1.14938075297211,0.440822436055597,-0.0795075884295146,0.4129017243644,0.0799701818409082,1554.0000000001,4.10349470113874,0.0982574416540668,884.0000000001,0.555486978439804,4.65898167947855,0.107983120742901,0.152700965478069,-0.299607157456872,-0.825895762196727,0.295775202973782,1.29239017209996,0.846759418023033,1.35820543754161,1.22171594358331,1.30833672389226,1.76647131469148,0.63193349257105,0.719735450500656,-0.769498039600454,1.29288313446729,0,0.0363195055765448,-1.4637901463605e-15,0,0,0.318783280900758,0.743741894158681,-0.364872943842186,-0.296405582361381,0.156063440195899,-0.855290807720298,-0.736640573225575,-0.613005054846805,-0.802715720952701,1.55321191352004,0.391249157418923,0.0446637411336091,0.00249958048330078,256.0000000001,0.0255957032250108,0.00249958048330078,256.0000000001,0.0255957032250108,0.0979830948423536,0.108652999710908,1e-10,1554.0000000001,0.0951083721408573,0.0128747485020436,0.101063989242071,1.0025638337972,2944.99284603688,0.0312500660060792,285,2,"SNETWORK (2 43 2944.99284603688 0.101063989242071 7000104 285)",7
43,7000105,0.597015929431748,94,0,0.230175963096256,0.354270929498081,0.350983481983268,0.358474665810763,-0.101221609112869,-0.153299969019089,0.032961719442537,-0.968071479787538,0.102866649216263,1.04110092050657,-0.65601010811795,0.102866649216263,0.102866649216263,-0.311902357084575,3.07837031679807,3.22289515689057,-1.24355066841325,3.90245099811483,0.124352331606218,-0.494208494208494,-0.193905817174515,-0.237642585551331,0.597015929431748,0.25,-0.721912798307936,0.711455299748421,0.714472070803986,1.11808859006008,0.729268699273475,0.595118044672474,1.3453373355793,-0.918565671519039,-0.281496129499017,0.0487912221743151,0.0799701818409082,2063.0000000001,0.643720129629037,0.0885335836116547,1984.0000000001,1.12332617091588,1.76704630044491,0.0364631283972448,0.969767563136882,-0.435896331099835,0.337160188323289,0.791441518235162,0.533591592026734,0.770273499241194,0.500218288434043,-0.700211039155957,0.591457895621373,0.167494978444918,1.97156936443982,1.1562051232512,-0.0160959457391273,2.02969692573653,0.618673937211438,0.157087788702684,0.676414028971747,0.668054363157542,0.679057765258309,-0.116113536764163,0.787540164051893,-0.152735556894398,-0.0314552171608069,0.0239737937451166,-0.386422483994219,-0.29588651473436,-0.533604743527281,-0.278617752543497,-0.0685183134412131,-0.717418422812922,1.52772986382306,0.0123708377847686,778.0000000001,0.384980468850163,0.0123708377847686,778.0000000001,0.384980468850163,0.0719050499803322,0.0250485865439694,1e-10,2063.0000000001,0.0132832114619491,0.0231799168352957,0.733052968341863,1.8532833197969,3866.85548968658,0.0312500660060792,346,2,"SNETWORK (2 43 3866.85548968658 0.733052968341863 7000105 346)",7
29,7000106,-1.01090926418527,36,-0.361841926944517,-0.698245294676348,-0.695629464068801,-0.700108350003007,-0.706051805186474,-0.0771055216851477,-0.0626764476706687,0.8985933825872,0.429108451851388,0.897012472370806,-1.2231073427345,0.815039892553607,0.897012472370806,0.897012472370806,-0.125381176824183,0.0830581900544251,0.104890265637605,0.616129390569008,-0.196777753798663,0.888230940044412,-1.64368450082736,-1.9192718638702,0.441336230309614,-1.01090926418527,-0.5,1.14086754295021,1.32491938243777,1.34174147209036,-0.654960307436952,1.43565024670505,-1.00634091736238,-0.928800577767838,0.401796200345423,0.784153469448274,0.808929176763936,0.0399850261056294,3204.0000000001,4.14379033371842,1.82693390971927,371.0000000001,1.08365617996201,5.22744651358044,0.0966359094147203,1.13446818380431,0.701320776364807,-0.883311884844506,-0.78249525397462,0.0750988641428786,-1.27203992235045,0.0648136599985812,-0.985417818254771,0.132702323294917,0.0845093899811537,0.0977466096195909,-0.434763178062126,-0.957067071674946,-0.166382572323166,-0.118644023962116,-0.921164041933264,-0.405788377193844,-0.417805535283672,-0.413266069040298,1.06523381118455,1.55469140828859,-0.811538617108496,0.923381716526888,-2.68459653351533,0.239136681786811,0.859489078833226,1.30084317956409,-0.0422769796001813,-1.35975078112252,-0.534128622161205,-0.187943216701152,0.507002508461204,598.0000000001,12.127500000103,0.507002508461204,598.0000000001,12.127500000103,5.62282163624694,4.16422429934296,1e-10,3204.0000000001,0.0766031648274392,0.0200327444872811,0.433672147752587,1.17321775775246,1090.76478901367,0.25,58,2,"SNETWORK (2 29 1090.76478901367 0.433672147752587 7000106 58)",7
43,7000107,0.398852453042793,82,0.0756580730554828,0.31473676207772,0.354270929498081,0.350983481983268,0.358474665810763,-0.558966594907722,-0.572258600231119,-0.159406428106763,-0.729921544876748,-0.139842825237663,0.457133526063763,-0.203185166545241,-0.139842825237663,-0.139842825237663,-0.00227601108448722,2.97934423522263,3.02777278422881,-0.489242672593241,3.57348251621513,0.124352331606218,-0.494208494208494,-0.193905817174515,-0.237642585551331,0.398852453042793,0.25,-0.681229563223938,-0.262703642918264,-0.260060605888937,0.82654866308008,-0.247041580355199,0.3906508588023,0.0701481829516085,-0.69306686405132,-0.675667351009752,0.0465127400034757,0.0799701818409082,1452.0000000001,0.431911438194746,0.104659199290534,1354.0000000001,0.906258802213895,1.33817024030864,0.0328986277096424,0.366487151687968,-0.492688657931367,-0.174507472039559,0.212990758537326,0.44342104933568,0.168552067110236,0.493367447727003,-0.679841424986983,0.512736770845012,0.215745261584161,-0.117522080230808,-0.229001994009527,0.0539606600182452,-0.260720028046761,0,0.0363195055765458,0.676414028971749,0.668054363157543,0.67905776525831,-0.461090193369758,-0.597775496036035,0.526984542074555,-0.982049035725067,0.156063440195899,-0.3355759832845,-0.414455673984539,-0.585830502905686,-0.205489571340596,-0.0203678456318374,-0.428820317636603,-0.135421303334251,0.0153283496248764,809.0000000001,0.49602539072521,0.0153283496248764,809.0000000001,0.49602539072521,0.124398136921028,1e-10,1e-10,1452.0000000001,0.0106184498319203,0.0222801777777221,0.63588613170229,0.469372379593551,3725.12125085978,0.0312500660060792,337,2,"SNETWORK (2 43 3725.12125085978 0.63588613170229 7000107 337)",7
41,7000108,0.435131642752431,118,0.342105382036989,0,0,0,0,0.625951170544112,0.552412321535239,-0.169512758588241,-0.796831164853219,0.567592376441928,0.649042634781438,0.0809728047389462,0.567592376441928,0.567592376441928,0.336074992491595,-0.497792328870585,-0.615661642732182,-0.421167043243781,-0.60137483632708,-0.606217616580312,0,0,-0.712927756653993,0.435131642752431,0,0.101241363318721,0.0559957205322475,0.0557010404760649,-0.147050707425119,0.0541488546323332,0.433009683138621,-0.0188543263170925,-0.756677358335389,1.01539594948593,0.131423742994018,0.0799701241440398,1425.0000000001,1.19768948098373,0.0857658288649657,588.0000000001,0.322512947338578,1.5202024282223,0.0352900089058086,0.593317353826848,-0.443709146188626,-0.300213082334411,-0.279399810723835,0.00353273697181391,0.00637347628710183,0.00329856634270156,-0.961494850922002,0.211924525714759,0.0697609108916241,-0.026979621559025,-0.326412301653755,0.0363788889233519,-0.246104280757746,0.915254083867404,-0.0283081595192628,0,0,0,0.108379145145736,-0.302242327923346,1.03131500067534,0.764566767482026,0.0165095629419482,0.534942022051324,0.536013277260285,0.811672392963622,0.432790188358004,0.751785287639857,0.955351207257107,-0.187943216701152,0.0107416339931406,441.0000000001,0.189482421975,0.0107416339931406,441.0000000001,0.189482421975,0.0205106662926805,0.0388470949577396,1e-10,1425.0000000001,0.0278031869605793,0.00748682184522932,0.733146974057357,0.682906623289455,3006.38586426403,0.0625,265,2,"SNETWORK (2 41 3006.38586426403 0.733146974057357 7000108 265)",7
37,7000109,0.202295093914413,25,0.638158073055483,0.521052073640444,0.623124281295046,0.615977027310147,0.618989232093641,-0.592267361723041,-0.617518112362402,-0.167984858172086,2.01313618612033,-0.348102625087856,0.0619179565232582,-0.460406447219228,-0.348102625087856,-0.348102625087856,-0.62506600207925,0.0428702488241689,0.163412622618458,-0.512804520373549,0.0704046087117858,0.143005181347151,-0.438610038610039,0.349030470914128,0.119771863117871,0.202295093914413,0.5,-0.524391136069821,0.308938815168528,0.308463846728747,0.665199988510814,0.305502960733468,0.203822584397997,0.739668125448389,1.89958055761165,-0.0361013755000276,0.0974885574233265,0.0799702643258065,153.0000000001,0.0953898436033919,0.897730525302897,49.0000000001,0.281319045155714,0.376708888659106,0.00835611017312016,-0.270221110897457,1.73830443661229,0.0723836879280601,1.17744345207683,1.2577927263422,0.521567125725978,1.26551896566914,1.73771827968395,0.669639329096289,1.52275693557403,0.0808656616393348,0.0146948501768322,0.328826033699242,-0.102249785418102,0.881355976037885,0.430873575621597,0.67641402897175,0.668054363157543,0.679057765258312,-0.147964526459139,-0.707242739315444,0.734056015925026,0.00954985673818514,0.156063440195899,0.0171590088130141,0.277277845963087,1.10319701698165,-0.247538951747264,-0.399915207233183,-0.255279549529207,0.237791693397663,0.0625000001,11.0000000001,0.0275000000999902,0.0625000001,11.0000000001,0.0275000000999902,0.123082462857168,0.659165625213133,1e-10,153.0000000001,0.00211592573570768,0.00624018433741248,0.291746729324872,1.26882333680987,4527.86720084289,0.0312499339939208,142,2,"SNETWORK (2 37 4527.86720084289 0.291746729324872 7000109 142)",7
43,7000110,0.453732330607886,86,0,0.230175963096256,0.354270929498081,0.350983481983268,0.358474665810763,-0.261575153914584,-0.270265808524514,0.0312416230141376,-0.937987733990491,0.114646194174198,0.962109338271892,-0.566979575628203,0.114646194174198,0.114646194174198,-0.247317200022521,3.38330534565373,3.5340739363964,-0.908710633265888,4.17341328028791,0.124352331606218,-0.494208494208494,-0.193905817174515,-0.237642585551331,0.453732330607886,0.25,-0.313304694635564,-0.0932296249260321,-0.0925308984553229,0.280401599480618,-0.0889803987611245,0.450082974359478,0.034088986368974,-0.890270581462291,-0.760263914047536,0.0605957128290064,0.0799701818409082,1898.0000000001,0.735519637182576,0.0613473229720048,1413.0000000001,0.554362625924334,1.28988226300691,0.0307583317189352,1.08686719632215,0.337008260714689,1.15184987592691,-0.0708952464775172,-1.3751621669017,0.092219421849082,-1.48803765915836,-1.21071854191892,-1.43193773688488,-0.511606999575654,-0.402838282131062,-0.13226422716223,-1.25561984802765,-0.245856453777246,0,0.0363195055765458,0.67641402897175,0.668054363157543,0.67905776525831,-0.474380028071951,0.18813592768476,0.0380816017212503,1.39387771462316,0.156063440195899,1.08904265426987,1.01692347481557,0.876215714963297,1.06000408561437,-0.313548226271049,-0.382047514910043,-0.187943216701152,0.0106405064720174,922.0000000001,0.392421875100166,0.0106405064720174,922.0000000001,0.392421875100166,0.0754227469505908,0.0397035924433131,1e-10,1898.0000000001,0.0175390867524918,0.0132192448664434,0.6663405043659,0.634241093008313,3769.54409591375,0.0312500660060792,340,2,"SNETWORK (2 43 3769.54409591375 0.6663405043659 7000110 340)",7
28,7000111,0.485075442663296,116,-0.111841926944517,-0.494736954820113,-0.562675121066356,-0.564925299345405,-0.567713055283144,0.205676843454512,0.392917732917516,1.03849478561743,-0.931506658591428,-1.19276542768716,-1.72335201484786,0.539247794966644,-1.19276542768716,-1.19276542768716,-0.425955103775704,-1.21550205128051,-1.11688305708026,0.908368489768865,-1.83040477138241,0.393782383419688,-1.16859716859717,-1.44967682363804,0.0792141951837772,0.485075442663296,-0.5,-0.702378487972119,-0.477845354453006,-0.471458146436621,0.821714818883416,-0.441028594528049,0.489724957897748,1.18756103048943,-0.884112180277983,-0.533494649389401,0.0929598095266449,0.0399850261056294,12949.0000000001,1.92453680605488,0.0750059449615491,3270.0000000001,0.392137345553318,2.3166741515082,0.0592066583384751,0.156656384212943,1.28359627035903,1.34969835829747,2.1283615647172,0.928924287725088,1.02901086337603,1.07522293092097,-0.389345421853695,1.98178010246809,0.682329140882993,0.457306534048117,-0.047858704029227,-0.123792780337616,0.511998452592512,0.474576257488162,-0.569126424378405,-0.323585971028253,-0.331945636842457,-0.32094223474169,1.39653557098902,0.439970348779846,1.70866884728653,-0.219433371433932,0.156063440195899,-0.0753205371838006,-0.307593529750168,0.796617168836579,-0.273001960289054,0.59181249422961,0.214618308261468,0.265576286542017,0.0535570674581933,476.0000000001,1.01972656260025,0.0535570674581933,476.0000000001,1.01972656260025,0.371961831703171,0.323777349121477,1e-10,12949.0000000001,0.0491849027919075,0.0100217554465676,0.467921451739712,0.100301502272487,1987.63012259216,0.125,27,2,"SNETWORK (2 28 1987.63012259216 0.467921451739712 7000111 27)",7
28,7000112,-0.308382923021294,90,-0.361841926944517,-0.698245294676348,-0.562675121066356,-0.564925299345405,-0.567713055283144,0.262650921199344,0.361603900694827,1.06091012410362,-0.532924002255498,0.389996371425765,-0.80612344610796,0.844467773358077,0.389996371425765,0.389996371425765,-0.066780743896895,-0.799537352979484,-0.814082946834065,1.3300539782791,-1.45098787070262,0.393782383419688,-1.16859716859717,-1.44967682363804,0.0792141951837772,-0.308382923021294,-0.5,0.158194311466047,-0.437367236180057,-0.431794916004974,-0.252243159854942,-0.405088843619577,-0.307489270631859,-0.590225204985163,-0.503110453162267,0.795240053709984,0.0881630102030111,0.0399850261056294,631.0000000001,0.0889427462795704,0.101582385176993,13800.0000000001,2.24126008907581,2.33020283525538,0.0591193797331702,-0.297794672738791,-0.236251005809842,1.24347713215312,0.118645114379597,-1.31310207303902,-0.477064618833463,-1.51247652750263,-0.976310763968628,-1.23917535635085,-0.853311865044256,-0.579423477117439,-0.418393434733067,-0.0238053093155733,-0.0614006455590614,-0.118644023962116,-0.921164041933263,-0.323585971028253,-0.33194563684246,-0.32094223474169,0.912016823578792,-0.0782557267705641,1.47266915050047,0.0157881046073721,0.156063440195899,-0.594887479293776,-0.526437285054301,0.414973402992469,-0.775127158993952,0.889926711197641,0.274526692957329,-0.187943216674246,0.157939925169703,807.0000000001,5.09830078135125,0.157939925169703,807.0000000001,5.09830078135125,2.29998291942018,1.20784584183107,1e-10,13800.0000000001,0.00225655891310256,0.0568628207200677,0.10022310907032,1.48527515855219,1695.72090887216,0.125,6,2,"SNETWORK (2 28 1695.72090887216 0.10022310907032 7000112 6)",7
41,7000113,-0.90126443193062,16,-0.407894617963011,-0.251052105764176,-0.192309249631537,-0.194095720002018,-0.196546296696359,0.48391629050186,0.805947605307502,0.511092619452762,0.272939595820368,0.275481048241523,-0.236145523175478,0.0131056192739677,0.275481048241523,0.275481048241523,0.536214252245932,0.694560755503197,0.568112815480835,0.304536302871055,0.621089791879305,-0.606217616580312,0,0,-0.712927756653993,-0.90126443193062,0,0.25125196530025,2.03873274908017,2.08362310178709,-0.0308994545164434,2.35945937394681,-0.894622095659205,-0.113746812120814,0.256136195410807,0.00639451086884926,0.070781590064334,0.0799701241440398,1975.0000000001,0.894011187043171,0.152349330083222,3067.0000000001,2.98820139327731,3.88221258022048,0.0631652684596277,-0.299674477897156,-0.256774536944193,-0.318515881011564,0.0404328755136927,0.40780576531299,-0.551851391103397,0.30385421466328,-0.21437453898047,0.0922932680374157,0.0294014783783215,-0.146226388511032,-0.0738028602095856,0.0864604970093905,-0.194858496838695,-0.305084586862669,-0.363341583505644,-0.487990783359436,-0.50366462910767,-0.505590738712639,0,0.522391554569095,0.0479206649768233,1.19358716725035,-0.178899891198868,0.327798387950587,0.152469302672489,-1.16841650012951,0.72213088007451,0.107357510189836,0.200258187907766,-0.187943216701152,0.0202880040193729,893.0000000001,0.7246875001,0.0202880040193729,893.0000000001,0.7246875001,0.232491148152649,0.0420056922320788,1e-10,3067.0000000001,0.0145459465122907,0.048619321847337,0.0585067239408213,0.843364662490785,1859.56913673483,0.0625,195,2,"SNETWORK (2 41 1859.56913673483 0.0585067239408213 7000113 195)",7
36,7000114,0.862686784710212,88,0.638158073055483,0.521052073640444,0.623124281295046,0.615977027310147,0.618989232093641,-0.175094031337918,-0.172685938479011,-0.0101656140035657,0.407437573529924,-0.347050815381939,0.430928799006483,-0.697533273156165,-0.347050815381939,-0.347050815381939,-0.819894154086503,0.0441563624005176,0.00235854335987268,-1.17257360258706,0.256161918923507,0,0.0216216216216217,1.64542936288088,0.287072243346008,0.862686784710212,0.5,-0.981857442655581,-0.7559534850306,-0.742557956670494,1.38073032819539,-0.681159342434034,0.857841348632999,0.692319066270272,0.382225511966445,-0.202797600745539,0.206801858565604,0.0799702643258065,123.0000000001,0.162673425120558,0.278932566535285,706.0000000001,1.25939216101113,1.42206558603169,0.0382135188519759,1.09081689664886,0.957320734174706,1.28410197254646,-0.158321347383383,-1.60094679376744,0.79265464785715,-1.9534129676473,1.13294494871106,-0.724346464361493,-1.03771434126068,0.690333818137302,0.173904792228422,0.220191141524018,0.292393525066792,0.915254083867404,0.447881402232072,0.676414028971747,0.668054363157542,0.67905776525831,0.0508698102002716,-1.03519160509625,-1.80161565755542,-0.512776131450156,-0.161875492364246,-0.943098071244112,-0.854817662900036,-0.902562680535153,-0.827303486559766,-0.55991407301028,-1.48954841960348,0.668103440253768,0.0562928398700472,106.0000000001,0.238681640724915,0.0562928398700472,106.0000000001,0.238681640724915,0.00274675823294257,0.346947917982494,1e-10,706.0000000001,0.00437133423308218,0.0338421845188937,0.186695076225189,1.99835581047228,5282.57546923239,0.0156249669969604,118,2,"SNETWORK (2 36 5282.57546923239 0.186695076225189 7000114 118)",7
29,7000115,-1.08278090934828,30,-0.361841926944517,-0.698245294676348,-0.695629464068801,-0.700108350003007,-0.706051805186474,-0.138088327865721,-0.158386785420951,0.856900465916511,0.701282292254036,0.820494131860515,-1.30128168757939,0.876280208139515,0.820494131860515,0.820494131860515,-0.142498836153529,0.459664742906314,0.456269000856672,0.931143398153093,0.165384302467806,0.326424870466322,-1,-1.13573407202215,0,-1.08278090934828,-0.5,1.34199195465935,0.116294295394979,0.115786337910708,-0.77327147477081,0.11305785539513,-1.07164182706452,-0.0585851663852374,0.659383172958303,0.786088974787503,7.06464201838529,0.0399850261056294,29.0000000001,0.327554012374764,2.08310620000031,6.0000000001,0.0199828500596486,0.347536862334412,0.00798069579403331,0.487411190340941,0.0758299457344335,-0.162069068632783,-0.0905086424647187,0.0677657836031343,-0.0450186870547438,0.0702797851403412,0.590589893028509,0.270593045550838,0.370354065040469,1.46426568249444,1.00699516778292,-0.552361240213402,0.893525066792394,-0.118644023962116,-0.921164041933264,-0.487990783359437,-0.50366462910767,-0.505590738712639,-1.00588023658788,-0.552068439037,0.349921407807735,-0.0560741229676246,-1.13707057738895,-0.0793003045162455,-0.286231398896142,0.0697485794039954,-0.082971635576388,-0.307178433738898,-0.333609142488539,1.00497108677989,23.9715270997094,8.0000000001,7.67088867197688,23.9715270997094,8.0000000001,7.67088867197688,3.51609507948051,202.896538611569,1e-10,29.0000000001,0.00752181762394268,0.000458878070090633,0.358380784498549,2.02918471478334,1020.91587232754,0.25,53,2,"SNETWORK (2 29 1020.91587232754 0.358380784498549 7000115 53)",7
29,7000116,-0.879681355305092,49,-0.361841926944517,-0.698245294676348,-0.562675121066356,-0.564925299345405,-0.567713055283144,0.00131916933271472,0.0351973212234325,0.945492341202979,0.381990128716524,0.863223361247721,-1.23755995874334,0.836542427177215,0.863223361247721,0.863223361247721,-0.00231426522264084,-0.11586946286165,-0.190498611076931,0.459615077573873,-0.390830869064537,0.888230940044412,-1.64368450082736,-1.9192718638702,0.441336230309614,-0.879681355305092,-0.5,-0.440621567945636,-0.331408730008285,-0.327726531138548,0.415104034113566,-0.309790225130441,-0.871768351830283,-0.0769219090138759,0.361546179784522,-0.144211929902166,3.85736431654491,0.0399850261056294,4547.0000000001,28.0420899750697,3.11882342724252,99.0000000001,0.493651826334515,28.5357418013042,0.710282982831487,-0.701387572940749,-0.0560889613537384,-0.208611760123065,0.615866564925165,0.973053928964549,0.0528878173135226,1.09731289043879,0.470151551419211,0.894425380682408,1.09283443548211,-0.878621630098163,-1.64082272423183,0.097206566634312,-0.475120588981975,-0.118644023962116,-0.921164041933264,-0.323585971028251,-0.331945636842457,-0.32094223474169,1.86330756463295,0.136727069741904,-3.30979549034306,-6.5612380546208,-6.46590485303116,0.643157892540987,1.42430274609273,0.50673792799426,0.640323761416351,-1.46434699505502,-1.52169766334288,2.34127115414631,0.112789471133309,349.0000000001,1.57454101572539,0.112789471133309,349.0000000001,1.57454101572539,0.854398737053182,1.08509127843188,1e-10,4547.0000000001,0.697995498004039,0.012287484727448,0.598634419497557,0.362578075728379,1243.80274021388,0.25,68,2,"SNETWORK (2 29 1243.80274021388 0.598634419497557 7000116 68)",7
37,7000117,0.55028762628202,56,0.638158073055483,0.521052073640444,0.623124281295046,0.615977027310147,0.618989232093641,-0.506542393997322,-0.536278126844738,-0.159782112741674,1.76630188863132,-0.461873390599197,0.129748275842735,-0.43511804082876,-0.461873390599197,-0.461873390599197,-0.674953378760812,-0.153805573676313,-0.0652333881771037,-0.61306415352073,-0.136668918266142,1.08031088082902,-1.42471042471043,-0.650969529085872,0.922053231939164,0.55028762628202,0.5,0.234816911181127,0.742024306070773,0.745490741032712,-0.17987510929154,0.762693417598311,0.539065389711993,-0.835387117445949,1.67001891602928,0.153716678378077,0.0669741299912502,0.0799702643258065,41.0000000001,0.0175609497903909,0.150426579271164,1683.0000000001,1.61907049040666,1.63663144009705,0.0335872713958572,0.0435629730555889,0.931084052321157,-0.6473560139525,-0.512733328061398,0.123487679492757,-1.04262937198865,0.115812906027618,0.0485835018158277,-0.164605816645136,-0.506339595606259,-0.511906866601245,-0.0634557970655212,-1.20459015812284,-0.0901243970550901,0.881355976037885,0.430873575621596,0.676414028971749,0.668054363157543,0.67905776525831,-0.705039167885739,-1.02528429139716,0.448372972601708,-0.0118713365238786,-0.105897762840546,0.416386518158006,0.513543333349319,0.923719981911484,0.264885728707434,-1.55260005056057,-1.22359835771544,-0.187943216701152,0.131926780623256,215.0000000001,1.1345703125996,0.131926780623256,215.0000000001,1.1345703125996,0.426250698330452,0.98752804258626,1e-10,1683.0000000001,0.000360389252613357,0.0332268820432439,0.656318197056755,0.139446721002103,4897.94985259867,0.0312499339939208,167,2,"SNETWORK (2 37 4897.94985259867 0.656318197056755 7000117 167)",7
41,7000118,-0.749714795058877,31,-0.407894617963011,-0.251052105764176,0,0,0,0.539807974156929,0.867680569392531,0.495703584323709,0.19757185918454,0.372839926530136,-0.149040728868597,0.0227583057531433,0.372839926530136,0.372839926530136,0.541759501202317,0.43948696446238,0.322164047064426,0.368030037758441,0.298497247385861,-0.606217616580312,0,0,-0.712927756653993,-0.749714795058877,0,-0.147348533437289,1.11515945648693,1.12614616380506,0.267690250537515,1.18550083163066,-0.746299906596301,-0.302171895506638,0.183449296817172,-0.551818040794065,0.110149161542869,0.0799701241440398,1216.0000000001,0.856584693380687,0.0834721459296559,1874.0000000001,1.00038392390867,1.85696861718936,0.0356427887852112,0.179505468338226,0.818903058958405,-0.153017435861609,-0.377517370427217,-0.275253144606234,-0.514022536528072,-0.238120273773215,-0.235174051818533,-0.119186138443785,-0.220300147597685,0.0388109098738023,0.144329487159805,-1.05778806943287,-0.241401612688741,-0.305084586862669,-0.363341583505644,0,0,-1.55600483282998e-15,-1.69952907887292,0.0154935894124198,-0.256955093424951,0.652576279691901,-0.0703229846634286,0.45557322892744,0.375714234253393,-0.161296018629866,0.601039189563201,0.440958046271238,0.634099178065772,-0.187943216701152,0.0472839824769182,782.0000000001,1.47904296885,0.0472839824769182,782.0000000001,1.47904296885,0.809254959268034,0.530293873088507,1e-10,1874.0000000001,0.0164413479757374,0.0192014407094738,0.157862140891442,0.137426044791937,2028.46278651325,0.0625,205,2,"SNETWORK (2 41 2028.46278651325 0.157862140891442 7000118 205)",7
43,7000119,0.328015113759632,76,0.0756580730554828,0.31473676207772,0.354270929498081,0.350983481983268,0.358474665810763,-0.568213803620646,-0.565424207923051,-0.139371062427827,-0.718804168494037,-0.143216485830174,0.421413372265078,-0.196809978719232,-0.143216485830174,-0.143216485830174,0.00796725023547714,3.02550622262236,3.06942779193205,-0.441229368939465,3.61524856157272,0.124352331606218,-0.494208494208494,-0.193905817174515,-0.237642585551331,0.328015113759632,0.25,-0.764842736549231,0.0506217569501398,0.0503513109545984,1.06003644280472,0.0489289801584972,0.324050942010519,-0.0117859714850234,-0.667699646352496,0,0.117739167432464,0.0799701818409082,1369.0000000001,1.03081463132086,0.0572153642177075,973.0000000001,0.356025965214079,1.38684059643494,0.0322252842961561,-0.0144952265943314,-0.173349022613881,-0.678727703693824,0.308952387750145,1.13915308244052,0.0141005776900064,1.20014028549477,-0.772941348184071,1.3222399893882,0.657987284813537,-0.994537673689379,-0.813260828627476,0.0571852029487156,-0.588020890001088,3.01077401207183e-16,0.0363195055765467,0.67641402897175,0.668054363157543,0.679057765258312,-0.362070435502233,0.232204311178208,-0.575553639489063,2.83339120510537,-0.658270158985731,0.904017534074979,0.835367307050881,0.475131017807381,0.952206594681175,-0.0404542977815942,0.348394345721655,-0.108378427755402,0.0260195459619077,802.0000000001,0.834707031350353,0.0260195459619077,802.0000000001,0.834707031350353,0.284499513070029,0.0905488702704816,1e-10,1369.0000000001,0.0239524964386213,0.00827278775753479,0.588868343530218,1.37188597762724,3656.53786738906,0.0312500660060792,331,2,"SNETWORK (2 43 3656.53786738906 0.588868343530218 7000119 331)",7
37,7000120,0.446382872567349,47,0.638158073055483,0.521052073640444,0.623124281295046,0.615977027310147,0.618989232093641,-0.540744128489881,-0.557129435825808,-0.175799295808205,1.84971701856609,-0.410687152834491,0.178909183733368,-0.475616583169182,-0.410687152834491,-0.410687152834491,-0.671602731458973,-0.13428662823666,-0.0399366553076261,-0.659462048685054,-0.100380084606732,0.55958549222798,-0.876876876876878,-0.0954139735303178,0.476341360371778,0.446382872567349,0.5,-0.222950778097734,0.663193012302272,0.665552116797818,0.28878619328819,0.676862158934403,0.44198321168074,0.128314522366961,1.77467554897607,0.0716126249514614,0.247549475558658,0.0799702643258065,1106.0000000001,1.7509518333901,0.0808112795510605,2209.0000000001,1.14162839095362,2.89258022424371,0.0602078202228963,3.61297582283174,2.1403385638262,0.742331139792014,0.377000660874727,-0.369800098208137,-0.0226265683128157,-0.348387087464906,1.19712414868598,-0.255705292305264,-0.678579901883555,0.66037756816796,0.16657776835681,0.320387980017107,0.168353099046168,0.881355976037885,0.430873575621595,0.676414028971747,0.668054363157542,0.67905776525831,0.311152889077813,0.50869945797983,-1.68225738361523,0.10837972121396,-2.92418222284385,-0.691488619421171,-0.617727919007304,-1.27150924511134,-0.435838762636897,-0.00671923283187112,-0.983290670515576,0.219664099312608,0.0385357336283251,609.0000000001,0.938730468849667,0.0385357336283251,609.0000000001,0.938730468849667,0.55383876770569,0.456200757197683,1e-10,2209.0000000001,0.0364453134757199,0.0237625066471765,0.544000936493733,0.209962188351641,4783.93470521013,0.0312499339939208,161,2,"SNETWORK (2 37 4783.93470521013 0.544000936493733 7000120 161)",7
37,7000121,0.0320331085516623,11,0.638158073055483,0.521052073640444,0.649161038498292,0.645874990233288,0.652741863980251,-0.602910966929594,-0.623140500129859,-0.153359527832033,2.11630432512583,-0.286614010399525,0.0883679204682676,-0.478577345596865,-0.286614010399525,-0.286614010399525,-0.604006964511488,0.134450860982788,0.284324026661184,-0.446873022600532,0.161454430721167,0.143005181347151,-0.438610038610039,0.349030470914128,0.119771863117871,0.0320331085516623,0.5,0.514248989424078,0.0270546181218059,0.0269005841115046,-0.450361247388729,0.0260957381503948,0.0296587693594968,-0.390799895224866,1.99667406859117,0.503440990486917,0.179393085855816,0.0799702643258065,2010.0000000001,2.30599743353317,1.02903544593491,28.0000000001,0.1842660932084,2.49026352664157,0.0581108083424435,0.452999320435329,-0.300879872002116,-0.755924400758861,0.373021291257814,1.29550814590601,-0.353110978493109,1.37067947932688,0.965554883760411,1.25006095667126,3.02576019888637,-1.25311831876927,-1.28032453026857,0.333914102977677,-0.570691135047571,0.881355976037885,0.430873575621596,0.759869106100602,0.755550048397726,0.765650935743888,0.829467819724168,0.886042103479354,-1.7974509612592,0.178814782979835,0.156063440195899,0.280007793733165,0.54858653058842,-0.0110067120616297,0.356582472922561,-0.222266954606566,0.0395184907386791,-0.187943216701152,0.144177112050549,91.0000000001,0.524804687599814,0.144177112050549,91.0000000001,0.524804687599814,0.358168027835264,1.3509282654976,1e-10,2010.0000000001,0.0538109213075546,0.00429988693488892,0.120154405601031,0.467861200682819,4353.68093613125,0.0312499339939208,132,2,"SNETWORK (2 37 4353.68093613125 0.120154405601031 7000121 132)",7
43,7000122,0.360849420200078,79,0.0756580730554828,0.31473676207772,0.354270929498081,0.350983481983268,0.358474665810763,-0.55614467675589,-0.561635995337519,-0.150829509333484,-0.722361450479989,-0.138206348115155,0.430193022082475,-0.196528530996278,-0.138206348115155,-0.138206348115155,0.00557760595170272,2.99229383071214,3.03602944805497,-0.466516350661407,3.58261335612697,0.124352331606218,-0.494208494208494,-0.193905817174515,-0.237642585551331,0.360849420200078,0.25,-0.24974692755645,-0.0349205404173522,-0.034689386342437,0.209098797566176,-0.0334998849053646,0.355984659704261,0.651632392477255,-0.685559667735834,-0.588502641855862,0.0369633947057888,0.0799701818409082,895.0000000001,0.211568521056457,0.0568362689288105,1224.0000000001,0.444900755929689,0.656469276886145,0.0154906358254694,0.817141770550893,-0.115151528531433,0.487022274937077,-0.320612307880328,-0.935563740725507,0.55828611393927,-1.00190450983367,-0.321852988848379,-1.04130451988565,-0.586467573727092,-0.436996374705818,-0.379949056665268,0.126618402237074,-0.409011230793409,0,0.0363195055765458,0.676414028971749,0.668054363157542,0.67905776525831,-0.889000370628669,-0.392768340031057,0.0125769824124366,0.417798487920934,0.156063440195899,0.609520984395574,0.517471012821371,0.32515160797227,0.649828796200069,-0.0237239387247323,0.0939621726685595,-0.187943216701152,0.0359070864746959,822.0000000001,1.1806250001005,0.0359070864746959,822.0000000001,1.1806250001005,0.448021641784596,0.174291193764882,1e-10,1224.0000000001,0.00499235989406472,0.0104982758314047,0.612431011454731,2.23190004378557,3690.90799734809,0.0312500660060792,334,2,"SNETWORK (2 43 3690.90799734809 0.612431011454731 7000122 334)",7
37,7000123,0.0594714162142157,14,0.638158073055483,0.521052073640444,0.649161038498292,0.645874990233288,0.652741863980251,-0.611650488709015,-0.629548948276594,-0.15847471775298,2.0644069920431,-0.319327453205684,0.0523052945696299,-0.460752205033356,-0.319327453205684,-0.319327453205684,-0.619440592200818,0.104017212802551,0.247742716436704,-0.444648663170109,0.124460023563123,0.143005181347151,-0.438610038610039,0.349030470914128,0.119771863117871,0.0594714162142157,0.5,0.313138683668907,0.618165813354728,0.619969327145005,-0.257153635962735,0.628367854012851,0.056948078744715,-0.0492114850507359,1.99130849576445,-0.958313442157297,0.437788786972,0.0799702643258065,2366.0000000001,6.62424575257841,7.84217270516222,184.0000000001,9.22807864929042,15.8523244017688,0.332636878948666,3.3079853794954,2.59987750426495,0.0795397559185788,0.137002745685443,0.054660204932975,-0.162355910676998,0.0526702037811048,1.15262451415726,0.11639646988816,0.203759814927645,-0.256215565418241,-0.354952852759088,0.331341897637168,-0.247337371099747,0.881355976037885,0.430873575621597,0.743755563230854,0.738656343142877,0.74893148843342,0.180821724587022,-0.916065031963937,0.81775261712721,0.900717614867076,-1.58858295347534,0.798325180168504,0.925968076880414,0.944040774472081,0.703693869079409,0.339427023568263,0.174024182527402,0.625276409311741,0.0487845285598214,168.0000000001,0.327832031349884,0.0487845285598214,168.0000000001,0.327832031349884,0.265055235328623,0.543002717651896,1e-10,2366.0000000001,0.138999706036736,0.19363717281193,0.156367938721678,0.33166214171797,4390.44190497534,0.0312499339939208,134,2,"SNETWORK (2 37 4390.44190497534 0.156367938721678 7000123 134)",7
29,7000124,-0.637659385414886,68,-0.361841926944517,-0.698245294676348,-0.562675121066356,-0.564925299345405,-0.567713055283144,0.0572585812857555,0.108775664628946,0.945697865260681,0.00307694449665504,1.11940428576033,-1.39352888174422,1.08093198210986,1.11940428576033,1.11940428576033,0.102092459197721,-0.439714986798921,-0.501494041140008,1.16347250761991,-0.974415905548189,0.286010362694301,-0.898841698841699,-0.947368421052628,-0.0475285171102662,-0.637659385414886,-0.5,0.30355298633634,-0.36845413935279,-0.364150929109791,-0.352492723650937,-0.34331073625416,-0.634547727830406,-0.495710853459118,-0.000753351426926556,0.177562789277145,2.84388940309924,0.0399850261056294,6585.0000000001,29.9407894956356,0.108274988265484,852.0000000001,0.147489976225842,30.0882794717615,0.753943644640824,-0.465993245413398,-0.248008837624614,-0.290220812258638,-0.6043601171602,-0.398775767696528,-0.378204973957002,-0.454522137715959,-0.262602494078786,-0.399578897329526,-0.488459150046689,0.46347436322293,0.633004238334341,0.0573353853519127,0.662284360304162,-0.118644023962116,-0.921164041933264,-0.323585971028251,-0.331945636842457,-0.320942234741691,-0.29473513341112,0.452198260144521,-0.033217636489593,0.10611727472508,-0.0215501894320574,-0.576743749451658,-0.582669927917461,-1.30321230269041,-0.293883691001544,1.30664793696906,1.37151390113978,1.21882420639433,0.108787415619593,504.0000000001,2.19315429697554,0.108787415619593,504.0000000001,2.19315429697554,1.14682922560694,1.05119595056559,1e-10,6585.0000000001,0.750247882201263,0.00369576233956112,0.826971423351789,0.927544771773075,1455.63437227984,0.25,83,2,"SNETWORK (2 29 1455.63437227984 0.826971423351789 7000124 83)",7
43,7000125,-0.404247992577665,20,0.0756580730554828,0.31473676207772,0.118081199488201,0.12698938418892,0.129762766215853,-1.13948580855249,-1.0092171950602,-0.274351773707938,0.399867037013832,-0.403296125744066,0.0270988827785627,-0.515298956278916,-0.403296125744066,-0.403296125744066,0.351713759313994,3.11085510310639,3.00831387148387,0.301888774402474,3.50976944614064,0,0.0216216216216217,1.64542936288088,0.287072243346007,-0.404247992577665,0.25,0.465010434930234,-0.156005927015456,-0.154689021360454,-0.436885949236807,-0.148079037635599,-0.401694303282612,-0.133364930011989,0.385900156262851,0.38410932593625,2.01577576023224,0.0799701818409082,1354.0000000001,17.4548872898635,0.071632079582795,520.0000000001,0.238213883204688,17.6931011729682,0.426702286734226,0.326170093002924,0.0432144827383516,-0.353132233572323,-0.246027691010512,0.103054782397265,-0.045803365284318,0.111872301743713,0.396344569759827,0.162222462805767,0.141504737286755,-0.106754535915478,0.281730980728664,-0.797388546343094,0.353298516664853,-3.01077401207183e-16,0.0363195055765458,-1.4637901463605e-15,0,-1.55600483282998e-15,0.1476799602186,-0.0832745402022951,-0.259602421696871,0.0500437258032509,0.00623203674621426,-0.190541898233198,-0.0588777053931695,-0.329741879015595,-0.105375912185996,0.575894695574759,0.638207294030432,-0.187943216701152,0.0242089065059381,501.0000000001,0.485146484475205,0.0242089065059381,501.0000000001,0.485146484475205,0.339420826528081,0.334859985953605,1e-10,1354.0000000001,0.420957312497942,0.00574497413628427,0.14944916813034,1.14974026770906,3015.57079976471,0.0312500660060792,290,2,"SNETWORK (2 43 3015.57079976471 0.14944916813034 7000125 290)",7
28,7000126,0.891274550749662,127,-0.111841926944517,-0.494736954820113,-0.562675121066356,-0.564925299345405,-0.567713055283144,0.163835352399801,0.361789862804914,1.15054093075568,-1.02536042715229,-1.85302726059697,-1.40881202742446,0.253825723103983,-1.85302726059697,-1.85302726059697,-0.664798015437436,-1.51403587978306,-1.3625799000934,0.372145609556974,-2.03748924849445,0.393782383419688,-1.16859716859717,-1.44967682363804,0.0792141951837772,0.891274550749662,-0.5,-0.781880889912514,-0.761377185906499,-0.747820222723838,0.917989609464661,-0.685726667004088,0.88848033474065,1.49845128400832,-0.971461468870795,-0.30948683409518,0.0717114519959529,0.0399850261056294,11499.0000000001,1.31838834513468,0.0548004429601365,4278.0000000001,0.374817288134092,1.69320563316877,0.0455441263559842,-0.327272726065157,-0.640966500693956,2.16720942854927,2.06326412035623,-0.0586184356169638,1.29092270318072,-0.073701869962835,-0.445502378189901,-0.938220184714285,-0.30198931125446,-0.239197329502852,-0.391104666002629,-0.158985085394362,0.0646103071845646,0.474576257488161,-0.569126424378404,-0.32358597102825,-0.331945636842457,-0.320942234741688,0.717345660123066,0.0420954814936554,0.837127974967979,1.94932177632077,0.156063440195899,-0.655689209599243,-0.74941707094257,-0.32817717071285,-0.646828561305471,0.176033670823144,0.408538996308214,-0.187943216701152,0.0235753899694391,517.0000000001,0.48753906260012,0.0235753899694391,517.0000000001,0.48753906260012,0.120386485126821,0.069848140748543,1e-10,11499.0000000001,0.0354622286082595,0.0100818976477247,0.62692107870613,0.156098400338998,2113.85711549234,0.125,35,2,"SNETWORK (2 28 2113.85711549234 0.62692107870613 7000126 35)",7
28,7000127,0.637889231165963,120,-0.111841926944517,-0.494736954820113,-0.562675121066356,-0.564925299345405,-0.567713055283144,0.181042444053783,0.389001948348127,1.03867214471086,-0.942091486888179,-1.34374896282486,-1.74065334530461,0.479141679997502,-1.34374896282486,-1.34374896282486,-0.453802709625798,-1.30956170013565,-1.17811771362192,0.807032072640674,-1.91452769706288,0.393782383419688,-1.16859716859717,-1.44967682363804,0.0792141951837772,0.637889231165963,-0.5,-0.549172861377738,0.560175104440148,0.561346052069937,0.757385224173545,0.566474794930116,0.649832127412099,2.89507235434239,-0.893912328316473,-0.0116958770845855,0.0818311069756391,0.0399850261056294,15157.0000000001,1.98301702077393,0.0592965841365387,7451.0000000001,0.706380991979835,2.68939801265377,0.0570235001470742,0.0596609822761394,-0.980803913414956,2.40510108840826,2.44502890749243,0.123873644370446,1.51913084042858,0.119671141165732,-0.0287575585697302,-0.0760361168282279,-0.0683298629730361,-0.245278429502305,-0.200920755761843,-0.127322379696282,0.321353014422321,0.474576257488161,-0.569126424378405,-0.32358597102825,-0.331945636842455,-0.32094223474169,1.14231184719008,0,0.957834182663964,-0.274872975047593,0.156063440195899,-0.629632640088854,-0.7698786500703,-0.106006109558326,-0.676019786646998,0.27437103947292,0.0406938278917988,-0.187943216701152,0.0983290295672819,745.0000000001,2.93020507822572,0.0983290295672819,745.0000000001,2.93020507822572,1.27508205661456,0.702972572601824,1e-10,15157.0000000001,0.0420460529248228,0.0149774471222514,0.526692714116061,0.717621645486945,2034.28758877779,0.125,30,2,"SNETWORK (2 28 2034.28758877779 0.526692714116061 7000127 30)",7
43,7000128,0.653042232755262,97,0,0.230175963096256,0.354270929498081,0.350983481983268,0.358474665810763,0.0832710513187514,-0.022484040598436,0.156216829996804,-1.08871276514281,-0.0120194617130217,0.949155443535758,-0.80495678265344,-0.0120194617130217,-0.0120194617130217,-0.67747461150044,3.42696685291158,3.47843282364493,-1.39191024383463,4.36051807680458,0.124352331606218,-0.494208494208494,-0.193905817174515,-0.237642585551331,0.653042232755262,0.25,-0.621046128978503,-2.29092980956595,-2.19152780809722,0.338405424483381,-1.81457600905138,0.649936093106589,1.55176842233406,-1.03255201908052,-1.44198810015528,0.0625917008106628,0.0799701818409082,1191.0000000001,0.476743389353994,0.0664122586638369,769.0000000001,0.326610961398846,0.803354350652841,0.0285128077424755,0.503968301286434,-0.187958772112361,1.31731841756992,0.710372677888015,-0.678096197903623,1.7987365031708,-1.09789973912469,-0.275408649306901,-2.28114682163538,-0.614183356969993,-0.791656306756484,-0.278725584987578,-0.187088948449744,-0.482555398396983,0.514355203049639,0,0.676414028971746,0.668054363157543,0.67905776525831,0.345880449804046,0.387314871312821,-0.638532686733981,4.13087706893636,-3.72408315055339,1.29651520813809,1.23748794464889,0.139317398256606,1.4986707710536,-0.494913104534596,-0.358344510863145,-0.187943216596357,0.0451258830195206,438.0000000001,0.790605468850334,0.0451258830195206,438.0000000001,0.790605468850334,0.483817209116951,0.512015893578935,1e-10,1191.0000000001,0.0169206683741322,0.0115921392683433,0.756310381582841,0.854915839503519,3900.78035414438,0.0312500660060792,349,2,"SNETWORK (2 43 3900.78035414438 0.756310381582841 7000128 349)",7
43,7000129,0.0315729578064867,54,0.0756580730554828,0.31473676207772,0.354270929498081,0.350983481983268,0.358474665810763,-0.775949078141318,-0.703717867903401,-0.148825619339066,-0.305386741293013,-0.465750779578137,0.206873687209709,-0.363811240873691,-0.465750779578137,-0.465750779578137,0.202581752900811,2.67654810726772,2.56656107616864,-0.214554624019323,3.1348855742068,-0.963730569948188,1.15057915057915,3.24099722991689,-0.29467680608365,0.0315729578064867,0.25,0.378273587251453,0.128804847010849,0.128266087310106,-0.35502647247122,0.125358527237003,0.0330027572224987,0.65975793661378,-0.29182663047948,0.0211433604815213,1.07051928308334,0.0799701818409082,610.0000000001,4.17619236979978,0.302975659259386,788.0000000001,1.5268280238663,5.70302039356608,0.130667514976893,0.770197833147007,0.679087842335563,-0.243844442486162,0.00151957539697415,0.263327110374046,0.518013248359771,0.273373006604718,0.251562936411824,0.306285984123396,0.205907668436075,0.183047259516901,0.0847652221522228,0.134859836093698,-0.175799997582176,0,0.0363195055765458,0.67641402897175,0.668054363157545,0.67905776525831,-0.645774955908357,-0.742368028217731,0.451302331387597,0.0012800968873,0.0601471957705235,0.795241945497034,0.890826981884642,0.97597059748621,0.691556444236907,-0.563038543170222,-0.336567207913882,-0.0635443493969168,0.0138456425958426,451.0000000001,0.249775390725106,0.0138456425958426,451.0000000001,0.249775390725106,0.228156348342815,0.247088532810669,1e-10,788.0000000001,0.0956848548572103,0.0349826600196826,0.417536822372457,0.863006439131528,3406.62191274695,0.0312500660060792,315,2,"SNETWORK (2 43 3406.62191274695 0.417536822372457 7000129 315)",7
29,7000130,-1.15338840288036,22,-0.361841926944517,-0.698245294676348,-0.695629464068801,-0.700108350003007,-0.706051805186474,-0.16898087434283,-0.185794520289319,0.848207307869504,0.736848150700666,0.787983552820324,-1.33245254210323,0.871223887398035,0.787983552820324,0.787983552820324,-0.159862444341222,0.574101254339597,0.572698206989248,1.00007921316547,0.282910221269055,0.326424870466322,-1,-1.13573407202215,0,-1.15338840288036,-0.5,0.93734649055579,-0.177654371684824,-0.176096536622706,-0.663264785928928,-0.168308453083005,-1.14361574458746,-0.0487399969497579,0.692678674233078,0.162972113161173,1.27258042565589,0.0399850261056294,520.0000000001,1.05799434907404,1.85885457221966,281.0000000001,0.835115413780758,1.8931097627548,0.0458342088682063,-0.108494566481633,-0.299695562092962,0.0320281114135864,-0.502280518470858,-0.647658406625741,0.0393396842820958,-0.712105919332184,0.691489832274086,-0.613822608133317,-1.05155327187757,0.517338930935212,0.458931609174469,-1.02255770450787,0.0118836059430119,-0.118644023962116,-0.921164041933263,-0.487990783359437,-0.503664629107672,-0.505590738712639,-1.2440220608846,-0.732903887777309,0.39479203322792,0.199617247393451,-0.757362357721173,0.365432263425064,0.0943807483755147,0.0996643874111932,0.426305398674967,-0.140551162471799,-0.18770322672746,-0.187943216701152,13.2642750460559,17.0000000001,9.01970703135221,13.2642750460559,17.0000000001,9.01970703135221,4.15370766194122,112.211684875365,1e-10,520.0000000001,0.0256151728880504,0.0202190358801559,0.264253524308211,1.09127945530504,933.592614110725,0.25,47,2,"SNETWORK (2 29 933.592614110725 0.264253524308211 7000130 47)",7
43,7000131,-0.614927080033972,3,0.0756580730554828,0.31473676207772,0.118081199488201,0.12698938418892,0.129762766215853,-1.13438516565131,-1.01097789975312,-0.239824417963042,0.54651616092002,-0.242977316894822,-0.163101889618784,-0.513378537068701,-0.242977316894822,-0.242977316894822,0.381682313886944,2.88391613126002,2.82801769882498,0.252625496068187,3.25228366960324,0,0.0216216216216217,1.64542936288088,0.287072243346007,-0.614927080033972,0.25,0.405935434240041,-0.747919196345525,-0.734761048214375,-0.452668095071269,-0.67438561998224,-0.610566508967992,-0.221279200426213,0.512792170408751,0.498520719339009,0.239018587274749,0.0799701818409082,329.0000000001,0.502902435673709,0.0663292840253036,274.0000000001,0.116228340756406,0.619130776330114,0.0166130686059727,0.191850910228745,-1.5403184867378,-0.503455972114054,-0.635224494574614,-0.190412142564905,0.0183176189925822,-0.233894703199494,0.549909872983925,0.285229082574971,0.307234254674499,-0.483756465079208,-0.680677730156416,-1.23689681948955,-0.150781561672651,0,0.0363195055765467,-1.4637901463605e-15,1.49871635330658e-15,0,0.820024265366583,1.26512446425027,0.0734681005297559,-3.68898047181655,0.156063440195899,0.710150081189517,1.33548780017663,1.99660561546172,0.319250166459705,-2.15460578412441,-0.596571523394219,-0.187943216701152,0.0951291349071808,94.0000000001,0.357685546975151,0.0951291349071808,94.0000000001,0.357685546975151,0.279167570811789,0.935517419558288,1e-10,329.0000000001,0.0134943261339367,0.00311874237203601,0.0148935465550297,0.0636109872139059,2819.29870464047,0.0312500660060792,277,2,"SNETWORK (2 43 2819.29870464047 0.0148935465550297 7000131 277)",7
28,7000132,0.28541796889234,111,-0.111841926944517,-0.494736954820113,-0.562675121066356,-0.564925299345405,-0.567713055283144,0.25346156911172,0.393091376894161,1.06355229899706,-0.865453292400226,-0.761869712146458,-1.4881792194064,0.687906518939466,-0.761869712146458,-0.761869712146458,-0.2806297340116,-1.03452722443973,-0.999430717266117,1.26275146890093,-1.7130548498591,0.393782383419688,-1.16859716859717,-1.44967682363804,0.0792141951837772,0.28541796889234,-0.5,-0.610359007657053,-0.247532610556202,-0.245099407830352,0.701394673297722,-0.233083351746583,0.286468316074302,1.41012064870307,-0.821442552841517,-0.475981959438938,0.0691109875344265,0.0399850261056294,9710.0000000001,1.07290456624581,0.045377391849806,5718.0000000001,0.414837918217562,1.48774248436337,0.0364760110714153,-0.705252763125593,0.387178730973851,2.81241146378725,2.03117549433378,-0.840940539493984,1.08722467627484,-0.936195137543469,-0.179903798041394,-0.26844096307973,0.0589449849612962,1.59928367414196,0.934583586541298,-0.493605923194991,2.36640916838937,0.474576257488161,-0.569126424378406,-0.323585971028251,-0.331945636842457,-0.320942234741691,0.536258100421565,0.561504611521226,0.898031446299671,-0.210860974365219,0.113725427988742,-0.70386112470833,-0.710002922026516,0.32354277564646,-0.877394222213772,0.385794107704168,0.342974417442877,1.48724816702641,0.0345723341465764,628.0000000001,0.868457031350213,0.0345723341465764,628.0000000001,0.868457031350213,0.300453792242153,0.162986536039108,1e-10,9710.0000000001,0.0263051429531457,0.0101708680182696,0.401319677275191,1.28606034070253,1934.75615129505,0.125,23,2,"SNETWORK (2 28 1934.75615129505 0.401319677275191 7000132 23)",7
43,7000133,0.0962100678044966,57,0.0756580730554828,0.31473676207772,0.354270929498081,0.350983481983268,0.358474665810763,-0.708611160764912,-0.64157703219097,-0.14917314407798,-0.353653697554456,-0.346460011048948,0.376215124219693,-0.394799766191369,-0.346460011048948,-0.346460011048948,0.20454328266166,2.62875327541396,2.53109838882892,-0.425522362254956,3.1366661641634,-0.963730569948188,1.15057915057915,3.24099722991689,-0.29467680608365,0.0962100678044966,0.25,0.88308636487882,0.0654202236426926,0.0650851128731834,-0.628305243835346,0.0633150437361331,0.0942331287773106,-0.286847096012185,-0.338073854757793,0.695392336588182,0.439153315429751,0.0799701818409082,494.0000000001,1.38739230274448,0.296471214420695,766.0000000001,1.45233722139231,2.83972952403679,0.0658098669239281,0.578096028527031,0.294089354930383,-0.310766109323517,-0.0198109651800665,0.317125179140135,-0.252863920308445,0.332932649222413,-0.514790864633712,0.485120272099388,0.361121793042634,-0.384996766285454,0.323667501854216,0.00800261024732662,-0.163414693117663,3.01077401207183e-16,0.0363195055765467,0.676414028971752,0.668054363157546,0.679057765258312,-1.36117733637608,0.140470668452399,-0.840266601233438,-0.179747162790479,-0.447529875064124,0.113849142760343,-0.0190547632573329,-0.556400296622643,0.309375877375113,-0.303603102718839,-0.708189198635882,-0.187943216701152,0.0383021764392857,70.0000000001,0.107246093850045,0.0383021764392857,70.0000000001,0.107246093850045,0.0593853725742012,0.194576359560508,1e-10,766.0000000001,0.0321523940572337,0.0336574727666944,0.440600189362151,0.548148365595636,3440.26372798061,0.0312500660060792,317,2,"SNETWORK (2 43 3440.26372798061 0.440600189362151 7000133 317)",7
43,7000134,-0.103214757218418,44,0.0756580730554828,0.31473676207772,0.125190979814175,0.126908484697204,0.131153005061719,-0.845156536446301,-0.759360298921914,-0.137503761405303,-0.205935996769904,-0.535921891732787,0.105291454182636,-0.346396428244509,-0.535921891732787,-0.535921891732787,0.220353674780905,2.92611399802859,2.83169261572376,0.0646021574202955,3.35521942596103,-0.963730569948188,1.15057915057915,3.24099722991689,-0.29467680608365,-0.103214757218418,0.25,0.205758658548701,-0.639973373206065,-0.629801927318443,-0.310220432451235,-0.582442299217015,-0.105963058806123,-0.736477955161441,-0.189969569865943,0.731548501505516,0.570872996764987,0.0799701818409082,298.0000000001,1.0879575007103,0.260531037806076,296.0000000001,0.493182146454734,1.58113964706504,0.0416079523410253,-0.101839266400658,-0.00757061494652705,-0.646026234108469,-0.651858434163372,-0.0403230366000323,-0.625361228538746,-0.0500357525442073,-0.722860914211211,-0.0472152537510167,-0.106196607443445,-1.0218634949947,-1.08505011582548,-1.02485075021475,-0.728647590033729,0,0.0363195055765458,0.338207014485873,0.334027181578772,0.339529300316022,-1.8651171305162,0.146338307924345,-0.187735517102217,-1.24901188998789,-0.508478832441976,1.55835104191338,1.72678828015029,0.151661942291535,1.7999177412192,-1.28784088404393,0.340010855613014,-0.187943216701152,0.0101651279409091,55.0000000001,0.0223632813500095,0.0101651279409091,55.0000000001,0.0223632813500095,0.0995111233163111,0.0437298012545815,1e-10,298.0000000001,0.0286297822033298,0.0129781700376955,0.340997795372342,0.332646223719083,3294.97681749038,0.0312500660060792,306,2,"SNETWORK (2 43 3294.97681749038 0.340997795372342 7000134 306)",7
43,7000135,0.302182693736143,74,0.0756580730554828,0.31473676207772,0.354270929498081,0.350983481983268,0.358474665810763,-0.527129173128973,-0.544384851693068,-0.117570417630088,-0.698936296110659,-0.180798151264699,0.346758782981992,-0.171121165732235,-0.180798151264699,-0.180798151264699,0.0265315602920712,2.98205829807092,3.01568747521324,-0.372831462102793,3.54422130797751,0.124352331606218,-0.494208494208494,-0.193905817174515,-0.237642585551331,0.302182693736143,0.25,-0.63495523332232,-0.321033540177347,-0.317517625980866,0.729992021081776,-0.300363040670263,0.297428414912041,0.498765199062495,-0.663906571264084,-1.21550641552599,0.0717138066461465,0.0799701818409082,1251.0000000001,0.573741482284575,0.0719083663941711,1136.0000000001,0.522412932461884,1.09615441464646,0.0272334129899243,-0.200412732139779,-0.279657634892614,0.300058007510808,0.0144528475895531,-0.341637962306099,0.529273571835809,-0.386177744650908,-0.305038490348184,-0.311410852416961,-0.217411985622155,-0.145842677076897,-0.245489784539541,0.0618238723337206,-0.354803612229355,-3.01077401207183e-16,0.0363195055765448,0.676414028971749,0.668054363157543,0.679057765258309,-1.24996634112687,-0.322228111876091,0.284766810873993,0.0043180684951046,-0.45123004379765,0.242696451589799,0.152146191068109,0.310283493084037,0.227140996192366,0.455488413232067,0.356938409657138,0.226987058101553,0.0388157413449732,746.0000000001,1.15826171885049,0.0388157413449732,746.0000000001,1.15826171885049,0.437450085272926,0.198925987095468,1e-10,1251.0000000001,0.0142543226292389,0.0129790902606854,0.573046253880438,0.215653046034276,3633.45867791746,0.0312500660060792,329,2,"SNETWORK (2 43 3633.45867791746 0.573046253880438 7000135 329)",7
37,7000136,0.0869125268737334,16,0.638158073055483,0.521052073640444,0.649161038498292,0.645874990233288,0.652741863980251,-0.60765117666662,-0.627775944965215,-0.161590485872762,2.06012224241032,-0.321352714766236,0.0577456821854825,-0.463165778709254,-0.321352714766236,-0.321352714766236,-0.620239956777221,0.0932411597368208,0.235081803375616,-0.455381954106836,0.114574404063297,0.143005181347151,-0.438610038610039,0.349030470914128,0.119771863117871,0.0869125268737334,0.5,-0.373888943310626,-0.238901009061172,-0.236584034251659,0.33699855818807,-0.22512514522668,0.0856155848141181,0.269216012540188,1.94413356361543,-0.696608446572264,0.128564896028838,0.0799702643258065,1007.0000000001,0.827959197848854,0.144975074018186,290.0000000001,0.268873746569792,1.09683294431865,0.0268500339103452,-0.281582080427561,0.0623793800335244,0.947535620237106,0.0950027960084604,-0.990481044812036,0.329488777173354,-1.10075888111989,1.58833082741018,-1.10110709083636,-2.88819122123398,-0.435528132713602,-0.752732889023138,0.210543253154549,-0.360981153060361,0.881355976037885,0.430873575621595,0.750551795734299,0.745781625874592,0.755983274137506,0.735690582058479,-1.28309122197973,0.913880370122125,1.11310958552167,-5.24541710055065,0.613284882866428,0.836161455020148,1.14802000369374,0.433838263404747,0.57746872748177,0.66713088601256,-0.187943216701152,0.0763080304485577,52.0000000001,0.158720703224944,0.0763080304485577,52.0000000001,0.158720703224944,0.185113032659435,0.776112457721479,1e-10,1007.0000000001,0.0202681115390635,0.00658192227128162,0.18080324503077,0.015506403810395,4415.24659693764,0.0312499339939208,136,2,"SNETWORK (2 37 4415.24659693764 0.18080324503077 7000136 136)",7
42,7000137,-1.00137907450646,5,-0.407894617963011,-0.251052105764176,-0.192309249631537,-0.194095720002018,-0.196546296696359,0.550527206037548,0.978569126761359,0.72608588544325,0.70139367486025,0.0200084874426285,-0.363612623959597,0.0906520245490276,0.0200084874426285,0.0200084874426285,0.58120250519911,1.0853635329358,0.868195809564808,0.439996914331805,1.05035330620481,-0.606217616580312,0,0,-0.712927756653993,-1.00137907450646,0,0.163680285455557,0.925107134477878,0.931798312667115,-0.0946522244480116,0.966683515900331,-0.988293835755799,0.429648080023034,0.659442388354305,0.0250765483549822,0.332715255651802,0.0799701241440398,6106.0000000001,12.9922704915407,0.0636939380490084,18.0000000001,0.00733206237327121,12.999602553814,0.258161919499586,-0.328500628877476,1.49356729945158,-0.0984277900435083,-0.144705248331253,-0.0666869903347119,0.140594484712306,-0.0588798773188379,0.763102533667034,0.0363291966169854,-0.0462255376301313,-1.33591699484113,-1.25415554659337,0.245826440298383,-0.727414499691727,-0.305084586862669,-0.363341583505642,-0.487990783359437,-0.503664629107672,-0.505590738712637,0.13423237514253,-1.58413982208808,0.472461498454867,1.89667398303843,-1.7162773286338,-0.175821049660306,0.0360869873539628,-0.89564417537581,0.0632981918469648,0.122980712006411,0.891993109948231,6.0242573131474,0.229521598692836,855.0000000001,7.849638671975,0.229521598692836,855.0000000001,7.849638671975,3.82075902862532,2.07375166122677,1e-10,6106.0000000001,0.25801631038871,0.000145609010875813,0.72674320862149,0.0434192568063736,1742.82106695568,0.0625,276,2,"SNETWORK (2 42 1742.82106695568 0.72674320862149 7000137 276)",7
43,7000138,0.61630335154347,95,0,0.230175963096256,0.354270929498081,0.350983481983268,0.358474665810763,0.0671805692117108,-0.0413408077058048,0.156893847776237,-1.0874040195198,-0.00256680557444829,0.948144316951357,-0.806109501271274,-0.00256680557444829,-0.00256680557444829,-0.673956965534055,3.45997356191224,3.51419825364603,-1.36125165342472,4.39140531567741,0.124352331606218,-0.494208494208494,-0.193905817174515,-0.237642585551331,0.61630335154347,0.25,-0.811069557774115,-0.505079593601445,-0.498115051263851,1.03477310689121,-0.465065821604981,0.614434684946595,0.368312087644536,-0.919299284480632,0.189669603794658,0.0713624108368899,0.0799701818409082,1823.0000000001,0.831978967615351,0.114131605274773,1292.0000000001,0.943028037380784,1.77500700489613,0.0455867304870789,-0.0936438039830262,0.876192453440553,0.713802664905271,1.26192321734563,0.651845419182831,0.481477921887629,0.75770497869081,-0.94732501936685,-0.415932399721129,0.0911931796664344,-1.179013385282,-1.26409279134884,-0.186839283327855,-0.603857638511104,0,0.0363195055765458,0.67641402897175,0.668054363157545,0.67905776525831,0.63582633619407,0.58995852149236,-0.422653220188821,3.63908888268897,0.156063440195899,1.24428629979322,1.2021856416288,0.862927817969539,1.24413404734889,-0.766600368789601,-0.303828063494645,-0.187943216701152,0.036121331574758,723.0000000001,1.04462890635044,0.036121331574758,723.0000000001,1.04462890635044,0.383733652273019,0.176105738287181,1e-10,1823.0000000001,0.021367352792052,0.0242193775950269,0.741606804519944,0.726161681984376,3879.33270415273,0.0312500660060792,347,2,"SNETWORK (2 43 3879.33270415273 0.741606804519944 7000138 347)",7
41,7000139,-0.907694506966849,15,-0.407894617963011,-0.251052105764176,-0.192309249631537,-0.194095720002018,-0.196546296696359,0.48391629050186,0.805947605307502,0.512578379194908,0.27693892752473,0.272830948011412,-0.235947668598878,0.0131809468327103,0.272830948011412,0.272830948011412,0.537036645369186,0.707144862655903,0.575392681366319,0.296227202685585,0.638448717362953,-0.606217616580312,0,0,-0.712927756653993,-0.907694506966849,0,0.276640767277971,2.57582256785918,2.64968964334746,0.0177862205081483,3.13513103359899,-0.902076189551499,0.0438531807665135,0.25864955999671,0.165291841751584,0.0550121053175794,0.0799701241440398,1754.0000000001,0.617082731705623,0.213729041169812,5629.0000000001,7.69396710579513,8.31104983740075,0.122859451356839,-0.263926698046797,-0.571536652142928,-0.129160126928478,-0.606618555123474,-0.591189151282882,-0.546173389024999,-0.392761304662966,-0.206226290727938,-0.437758848099228,-0.622215629807028,0.0264689357164107,-0.118669976957996,-1.05552068555671,-0.258731367642259,-0.305084586862669,-0.363341583505644,-0.487990783359437,-0.50366462910767,-0.505590738712639,-0.519353670844055,0.361457152318072,0.0216888703414413,1.14414656213171,0.0299406298581724,0.330030634194093,-0.0935911710437684,-0.982231859814899,0.674866093507695,0.163931586525771,0,-0.187943216701152,0.0889954733051935,1473.0000000001,5.24361328135,0.0889954733051935,1473.0000000001,5.24361328135,2.3686749547443,0.62392220746362,1e-10,5629.0000000001,0.00912212623787619,0.113737325018963,0.0523750291261552,1.33690207544714,1849.14590719828,0.0625,194,2,"SNETWORK (2 41 1849.14590719828 0.0523750291261552 7000139 194)",7
29,7000140,-1.08278090934828,30,-0.361841926944517,-0.698245294676348,-0.695629464068801,-0.700108350003007,-0.706051805186474,-0.138088327865721,-0.158386785420951,0.856900465916511,0.701282292254036,0.820494131860515,-1.30128168757939,0.876280208139515,0.820494131860515,0.820494131860515,-0.142498836153529,0.459664742906314,0.456269000856672,0.931143398153093,0.165384302467806,0.326424870466322,-1,-1.13573407202215,0,-1.08278090934828,-0.5,1.34199195465935,0.116294295394979,0.115786337910708,-0.77327147477081,0.11305785539513,-1.07164182706452,-0.0585851663852374,0.659383172958303,0.786088974787503,7.06464201838529,0.0399850261056294,29.0000000001,0.327554012374764,2.08310620000031,6.0000000001,0.0199828500596486,0.347536862334412,0.00798069579403331,0.487411190340941,0.0758299457344335,-0.162069068632783,-0.0905086424647187,0.0677657836031343,-0.0450186870547438,0.0702797851403412,0.590589893028509,0.270593045550838,0.370354065040469,1.46426568249444,1.00699516778292,-0.552361240213402,0.893525066792394,-0.118644023962116,-0.921164041933264,-0.487990783359437,-0.50366462910767,-0.505590738712639,-1.00588023658788,-0.552068439037,0.349921407807735,-0.0560741229676246,-1.13707057738895,-0.0793003045162455,-0.286231398896142,0.0697485794039954,-0.082971635576388,-0.307178433738898,-0.333609142488539,1.00497108677989,23.9715270997094,8.0000000001,7.67088867197688,23.9715270997094,8.0000000001,7.67088867197688,3.51609507948051,202.896538611569,1e-10,29.0000000001,0.00752181762394268,0.000458878070090633,0.358380784498549,2.02918471478334,1020.91587232754,0.25,53,2,"SNETWORK (2 29 1020.91587232754 0.358380784498549 7000140 53)",7
35,7000141,1.15935878641443,112,0.953947685431969,0.757894567769832,0.623124281295046,0.615977027310147,0.618989232093641,0.119216842314005,0.0963345424331666,0,-0.224470758585162,0.0230590521276392,0.990824711000056,-0.128770814199131,0.0230590521276392,0.0230590521276392,-0.713531893230495,-0.00890904932122904,-0.115217701224171,-1.32120636653453,0.234236391434524,-1.11917098445596,0.839124839124839,1.32040627885503,-1.18821292775665,1.15935878641443,0.5,-0.175543772900952,-1.0846054874356,-1.05967947800306,-0.0297458245468123,-0.950202900219285,1.1460848693341,0.453573741655433,-0.21467883872029,-0.0148114916943679,0.0739860042771989,0.0799702643258065,251.0000000001,0.118762780381053,0.0902149056589427,2220.0000000001,1.2808206922762,1.39958347255725,0.039910352174614,-1.23928045644708,0.306964883651098,0.520091981070286,-0.506505020234474,-1.23040674355548,0.712079252469735,-1.59433412859552,0.508786603310025,-1.239466088785,-0.469865291116537,2.57033827460501,1.91786353688982,0.0271275381142373,4.52362818699452,1.43963250348669,0.583683571636397,0.742121732651958,0.726947521376674,0.722722417631909,-0.0984247730921599,0.647358978593503,0.22398538367795,-0.0180666564928285,-1.15705412231026,-0.782986347223272,-0.745985053031372,-0.637322686578306,-0.712102910717196,0.343074250888703,-0.430956704695338,2.34857884730975,0.103343507806127,661.0000000001,2.73240234384903,0.103343507806127,661.0000000001,2.73240234384903,1.18157687008809,0.745442594169333,1e-10,2220.0000000001,0.00338662499783244,0.0365237270767815,0.484382511734343,2.07416782032952,5558.56939619131,0.0156249669969604,108,2,"SNETWORK (2 35 5558.56939619131 0.484382511734343 7000141 108)",7
34,7000142,1.4070063712121,125,0.953947685431969,0.757894567769832,0.437324878933644,0.435074700654595,0.432286944716856,0.133831310873909,0.0286732954084846,-0.0409554031225043,-1.05257259013289,-0.623738393757776,0.0526373137554494,0.429137014517773,-0.623738393757776,-0.623738393757776,-0.984299242944747,-0.254115025254834,-0.261404683733655,-0.90168720853504,-0.175967871338692,-1.11917098445596,0.839124839124839,1.32040627885503,-1.18821292775665,1.4070063712121,0.5,-0.934092051266999,-0.711813004962557,-0.699695781190816,1.26994785830468,-0.643826029074548,1.3993469556523,1.86485950078616,-0.998460399703923,-0.951355242169897,0.0742739654822892,0.0799702643258065,873.0000000001,0.414675060426752,0.0419057672584253,932.0000000001,0.249773736084614,0.664448796411366,0.0177132527611908,-1.1476346228508,-1.0892510919855,1.77332096439604,0.490862777861364,-1.54084008139787,1.4658236229023,-1.86514757668299,-0.402397922385152,-1.48462097602448,-0.45443257405072,-0.950964116868257,-1.05290168761976,-0.0501011214262576,-0.492939953335993,0.949152514976322,0.464889228842547,0.587902933609681,0.577262405596155,0.582392480631549,0.489939222966725,0.164468679179322,0.202287583046714,4.20903069770793,0.156063440195899,-1.00608506859075,-0.823769315053399,-0.574741337961029,-0.988358757346508,1.24121647500471,0.91328115579246,-0.187943216701152,0.000589093457271095,557.0000000001,0.0131250000999953,0.000589093457271095,557.0000000001,0.0131250000999953,0.103878237927687,0.124833830763762,1e-10,932.0000000001,0.0110546428206941,0.00665860984049668,0.0533999917376111,0.522572768884139,5708.93180556229,0.00781248349848019,97,2,"SNETWORK (2 34 5708.93180556229 0.0533999917376111 7000142 97)",7
41,7000143,-0.67221753498841,40,-0.407894617963011,-0.251052105764176,0,0,0,0.548410423805118,0.846311577751145,0.404336537639312,0.0500838850253047,0.501856018987215,-0.0700206300344312,0.00076673018101957,0.501856018987215,0.501856018987215,0.511176932672638,0.15734207276779,0.0444921448788165,0.274207166400527,-0.0125230211169238,-0.606217616580312,0,0,-0.712927756653993,-0.67221753498841,0,-0.922307901258013,-0.33390441824994,-0.330181722466714,1.33001971814983,-0.312055311904872,-0.668546441531649,0.574939456797013,0.0438588699728596,-1.34926849910737,0.086171944724448,0.0799701241440398,3793.0000000001,2.09027908810315,0.0548337078854212,169.0000000001,0.0592638495288622,2.14954293753202,0.0535283274867202,0.393131463965929,0.188065681690598,0.378912364465001,-0.111085236407779,-0.56985220604154,0.588435762672848,-0.644859700576593,0.674326586670371,-0.759283029139024,-0.845343858842092,0.659057322950983,0.804715202551829,0.18289461545841,0.642978034067143,-0.305084586862669,-0.363341583505643,0,0,1.55600483282998e-15,-0.987894300509002,0.319647935281254,0.0738962442466917,-0.374847426056698,-0.0517362405469841,0.0520903958847594,0.0417693534156355,0.0537398641843536,0.0741422793895881,1.56604736656413,1.20167191526397,3.31859858101535,0.0992829500421296,810.0000000001,3.216767578225,0.0992829500421296,810.0000000001,3.216767578225,1.63071106422664,0.970698072453051,1e-10,3793.0000000001,0.052052527727554,0.00147579965916627,0.218630707894484,1.02393686491996,2131.76289221408,0.0625,211,2,"SNETWORK (2 41 2131.76289221408 0.218630707894484 7000143 211)",7
37,7000144,0.386796763099106,41,0.638158073055483,0.521052073640444,0.623124281295046,0.615977027310147,0.618989232093641,-0.572256944371621,-0.58799406922542,-0.171612919294252,1.92056679823737,-0.398066727792863,0.102818171997729,-0.470263047293483,-0.398066727792863,-0.398066727792863,-0.64759208766537,-0.0374718695941836,0.0652463697381192,-0.587473556958608,-0.00477034752845489,0.55958549222798,-0.876876876876878,-0.0954139735303178,0.476341360371778,0.386796763099106,0.5,-0.489186309259025,0.0576679072930415,0.0573658613343694,0.559858495135065,0.0557741006657466,0.382396904274341,0.400100808450949,1.81314910765688,-1.23842409728862,0.126565696478605,0.0799702643258065,178.0000000001,0.144076476029731,0.0901118060589394,2100.0000000001,1.21020251262307,1.3542789885528,0.0314288030499038,-0.0413311500891924,-0.328220574666878,-0.226706822048464,0.15693374153174,0.439033526745358,0.350833916138213,0.461700778058716,1.55329003697372,0.439285041570686,0.923379415649206,0.539745601735232,0.223427508520429,0.324097919134942,0.662538231845163,0.881355976037885,0.430873575621597,0.676414028971749,0.668054363157543,0.67905776525831,0.108256768253291,-0.547369782364243,-1.38774860938957,0.411232998049853,-0.495309794285987,-0.49021318011051,-0.454639705860457,-0.909245725900832,-0.298742624077662,-0.362334098364839,-0.173310865906092,0.0321246793004101,0.0431826637904762,420.0000000001,0.725468750099742,0.0431826637904762,420.0000000001,0.725468750099742,0.453025819626363,0.495557837797366,1e-10,2100.0000000001,0.0033435881456636,0.0280852148042402,0.472320412764598,2.13224704226013,4711.17059542952,0.0312499339939208,156,2,"SNETWORK (2 37 4711.17059542952 0.472320412764598 7000144 156)",7
37,7000145,0.55028762628202,56,0.638158073055483,0.521052073640444,0.623124281295046,0.615977027310147,0.618989232093641,-0.506542393997322,-0.536278126844738,-0.159782112741674,1.76630188863132,-0.461873390599197,0.129748275842735,-0.43511804082876,-0.461873390599197,-0.461873390599197,-0.674953378760812,-0.153805573676313,-0.0652333881771037,-0.61306415352073,-0.136668918266142,1.08031088082902,-1.42471042471043,-0.650969529085872,0.922053231939164,0.55028762628202,0.5,0.234816911181127,0.742024306070773,0.745490741032712,-0.17987510929154,0.762693417598311,0.539065389711993,-0.835387117445949,1.67001891602928,0.153716678378077,0.0669741299912502,0.0799702643258065,41.0000000001,0.0175609497903909,0.150426579271164,1683.0000000001,1.61907049040666,1.63663144009705,0.0335872713958572,0.0435629730555889,0.931084052321157,-0.6473560139525,-0.512733328061398,0.123487679492757,-1.04262937198865,0.115812906027618,0.0485835018158277,-0.164605816645136,-0.506339595606259,-0.511906866601245,-0.0634557970655212,-1.20459015812284,-0.0901243970550901,0.881355976037885,0.430873575621596,0.676414028971749,0.668054363157543,0.67905776525831,-0.705039167885739,-1.02528429139716,0.448372972601708,-0.0118713365238786,-0.105897762840546,0.416386518158006,0.513543333349319,0.923719981911484,0.264885728707434,-1.55260005056057,-1.22359835771544,-0.187943216701152,0.131926780623256,215.0000000001,1.1345703125996,0.131926780623256,215.0000000001,1.1345703125996,0.426250698330452,0.98752804258626,1e-10,1683.0000000001,0.000360389252613357,0.0332268820432439,0.656318197056755,0.139446721002103,4897.94985259867,0.0312499339939208,167,2,"SNETWORK (2 37 4897.94985259867 0.656318197056755 7000145 167)",7
41,7000146,0.0864528353715793,99,-0.184210513107001,-0.196491445985551,0,0,0,0.528315895815401,0.502077131567079,-0.096910849715457,-0.572165486707182,0.72322480097418,0.173516502367325,0.0856343445403034,0.72322480097418,0.72322480097418,0.416174932689297,-0.222461749230334,-0.328734191503958,-0.206455412796724,-0.332252612890159,-0.606217616580312,0,0,-0.712927756653993,0.0864528353715793,0,-0.787570645857066,0.368865119921767,0.368619605644601,1.18053512744661,0.366708626188411,0.0894814799188557,1.10002783516929,-0.51542396578666,-0.434811862707556,0.169057977688331,0.0799701241440398,3187.0000000001,3.44566675030895,0.0557716174674425,796.0000000001,0.283910756140014,3.72957750634896,0.0818429410582884,1.69084889529163,1.11179026768574,-0.135890930001712,1.83911513136105,2.19071672884253,0.729808371555882,2.18062587624409,0.120311610351438,2.5532021120484,1.63979858938726,-0.179906066290344,0.177923141943219,0.0891765546647563,0.4000894594954,-3.01077401207183e-16,0.0363195055765448,0,-1.49871635330658e-15,0,0.553339527279584,-0.339260514503152,0.90786533360387,0.693977698739475,-0.00898318398682406,0.223245947112756,0.16933304108347,0.396275900282102,0.181487996872355,-0.1373966785708,0.306996519963197,0.276313976768388,0.00318599837700151,662.0000000001,0.084365234475,0.00318599837700151,662.0000000001,0.084365234475,0.149963761358232,0.156806892664164,1e-10,3187.0000000001,0.0756127201879535,0.00623022077033484,0.609366985070678,0.888765376119409,2795.9730377557,0.0625,253,2,"SNETWORK (2 41 2795.9730377557 0.609366985070678 7000146 253)",7
43,7000147,0.639035656924384,96,0,0.230175963096256,0.354270929498081,0.350983481983268,0.358474665810763,0.0671805692117108,-0.0413408077058048,0.156893847776237,-1.08794352901865,-0.00519584733667271,0.947981225616378,-0.805731918724174,-0.00519584733667271,-0.00519584733667271,-0.676469213358005,3.44490218760666,3.49722072578094,-1.37964670349813,4.37852551075852,0.124352331606218,-0.494208494208494,-0.193905817174515,-0.237642585551331,0.639035656924384,0.25,-0.543378131169415,-1.36957846825004,-1.33171362383687,0.382868686715306,-1.17123125694988,0.631366326730516,0.757666469016447,-1.0319170984456,-1.46006898873724,0.0467895128763061,0.0799701818409082,1147.0000000001,0.343216459439037,0.0656183627607745,958.0000000001,0.402019449606528,0.745235908945565,0.0223757048391717,-0.188992816589962,-0.100394707620572,1.48197824136153,0.344949391990116,-1.31207141497125,1.01907325318895,-1.79048863184487,-0.883422211901312,-2.84705674917409,-0.55958241934214,-0.929231199979543,-1.10016987831208,-0.187126344143319,-0.563262370193063,0,0.0363195055765458,0.676414028971747,0.668054363157539,0.679057765258309,0.983288553053659,0.456062969681475,-0.776352353484824,6.60254931593714,0.156063440195899,1.24392955883265,1.1246880361356,0.103338457548789,1.4471413106402,-0.765829244143176,-0.515474115370463,-0.187943216701152,0.0189331966659981,536.0000000001,0.405927734475172,0.0189331966659981,536.0000000001,0.405927734475172,0.0818072284596034,0.0305311788774739,1e-10,1147.0000000001,0.0103050726147788,0.0120706321243929,0.749164926136569,0.907941099139862,3890.35750079468,0.0312500660060792,348,2,"SNETWORK (2 43 3890.35750079468 0.749164926136569 7000147 348)",7
37,7000148,0.595407009174209,61,0.638158073055483,0.521052073640444,0.623124281295046,0.615977027310147,0.618989232093641,-0.494281516763301,-0.519962593568805,-0.151213222990244,1.72290095997884,-0.497561113844853,0.121691186796325,-0.419200315255721,-0.497561113844853,-0.497561113844853,-0.662052764718697,-0.208462934079168,-0.134656345517473,-0.645821095359076,-0.192843826001293,1.08031088082902,-1.42471042471043,-0.650969529085872,0.922053231939164,0.595407009174209,0.5,1.17308945220273,1.01022879502692,1.0187257880726,-0.683486867073102,1.0637851174417,0.585683988501693,0.284206516438822,1.62542972283905,-0.499099128002507,1.3155700084749,0.0799702643258065,102.0000000001,0.858165790097527,0.496649464378614,2648.0000000001,8.41056194914092,9.26872773913845,0.181281954907076,2.06250975058431,-1.27022777249629,0.570183530789101,0.0153201493874713,-0.637933520829204,0.0113361803324017,-0.564576196644343,1.16402202119454,-0.980772776905752,-2.32042883919797,-0.173040635339218,-0.388775861830229,-1.13074711743745,-0.184951462179185,0.881355976037885,0.430873575621596,0.676414028971749,0.668054363157543,0.679057765258309,0.480240225690556,-1.64010260881877,0.774299403085126,0.244227343239251,0.156063440195899,0.448901086727495,0.524162674279403,0.615913307139171,0.385137499173454,-0.993664032358767,-0.691066330130419,-0.187943216701152,0.103210772256085,378.0000000001,1.56054687509945,0.103210772256085,378.0000000001,1.56054687509945,0.627618076076595,0.744318393124951,1e-10,2648.0000000001,0.0167843933212186,0.164497561485858,0.717221081622753,0.448876741342247,4959.77339891178,0.0312499339939208,172,2,"SNETWORK (2 37 4959.77339891178 0.717221081622753 7000148 172)",7
41,7000149,-0.191618478477188,80,-0.407894617963011,-0.251052105764176,0,0,0,0.528238942208768,0.62451178288355,0.0995080761915387,-0.254933901384625,0.734383254034044,0,0.029520098606101,0.734383254034044,0.734383254034044,0.479724060200406,-0.592000555717101,-0.740497504112479,-0.261199508570886,-0.758639227571046,-0.606217616580312,0,0,-0.712927756653993,-0.191618478477188,0,0.214120012339326,1.57442768147789,1.599646204153,-0.0573578420693764,1.74546789172361,-0.194403165884052,-0.706135705683093,-0.244743811168682,-0.00389079916867953,0.148681055287542,0.0799701241440398,3662.0000000001,3.48200599030464,0.232588830424623,798.0000000001,1.18699061547363,4.66899660567827,0.082542300806541,-0.596342266948094,-0.879015930762694,-0.0267066103422205,-0.885908476809562,-1.06287876224914,-1.03632423066155,-0.850028074952497,-1.27196211573705,-1.07994765482314,-0.980122124948033,-0.10018493252683,-0.200019434060607,-1.02909897762167,-0.0591762472950592,-0.161532092559088,-0.175287928290824,0,1.49871635330658e-15,1.55600483282998e-15,0.259329614537373,-1.11810343015662,0.750581232196094,-0.0146015318224894,0.156063440195899,-0.65548693647284,-0.489013792381805,0.355603011636247,-0.829713419166918,0.296516334441834,0.143438994441701,-0.187943216701152,0.093780589147863,854.0000000001,3.203544921975,0.093780589147863,854.0000000001,3.203544921975,1.62446045832411,0.924095938646927,1e-10,3662.0000000001,0.0615577199525189,0.0209845807540221,0.484069731647805,1.21527817881494,2582.98102295375,0.0625,239,2,"SNETWORK (2 41 2582.98102295375 0.484069731647805 7000149 239)",7
43,7000150,-0.553617127432651,7,0.0756580730554828,0.31473676207772,0.118081199488201,0.12698938418892,0.129762766215853,-1.10914929518714,-0.984460044795284,-0.23899024312142,0.539794916776309,-0.255400079508356,-0.166214981261674,-0.515456858988869,-0.255400079508356,-0.255400079508356,0.379910327377258,2.86558387830982,2.79027460042076,0.198080967209574,3.24560537301537,0,0.0216216216216217,1.64542936288088,0.287072243346007,-0.553617127432651,0.25,0.171304575303641,0,0,-0.213540453994159,0,-0.548712972925625,-0.229599932703178,0.507271979603586,0.230292411265789,0.227820446944437,0.0799701818409082,316.0000000001,0.460400671155054,5.53541435969532,133.0000000001,4.70823295696486,5.16863362801991,0.121199678068845,1.08496301701475,-0.111424485002085,-0.713104563566255,-0.330344548348352,0.409328161110214,-0.1790194911664,0.43481097236131,0.357850485738673,0.465026336387584,0.561990046973857,-0.189262611298448,0.0988271130148678,0.111648189102482,0.762557574438763,3.01077401207183e-16,0.0363195055765467,0,0,0,0.948701282972411,-1.04136036542787,0.248930608981841,-0.425064577519346,0.156063440195899,-0.435433208193558,-0.184914367189958,-0.15905942351417,-0.43592974457444,-1.11919554192955,-0.815747705423434,-0.187943216701152,1.10029602060781,16.0000000001,0.704189453225297,1.10029602060781,16.0000000001,0.704189453225297,0.2228013240838,9.18911164691529,1e-10,316.0000000001,0.0107959698994895,0.110403708069355,0.0459811232989247,0.0365488277748227,2864.64518476835,0.0312500660060792,279,2,"SNETWORK (2 43 2864.64518476835 0.0459811232989247 7000150 279)",7
43,7000151,0.183812131931461,64,0.0756580730554828,0.31473676207772,0.354270929498081,0.350983481983268,0.358474665810763,-0.65981928925997,-0.610608725722063,-0.161222172037028,-0.400086321519816,-0.232136997623892,0.489166330756992,-0.430595390988522,-0.232136997623892,-0.232136997623892,0.221483445471182,2.59957462043439,2.50153184063752,-0.65690620834042,3.16639964824906,-0.963730569948188,1.15057915057915,3.24099722991689,-0.29467680608365,0.183812131931461,0.25,0.761542947707461,-0.199436237002978,-0.197621566161795,-0.593650627757333,-0.188584982406032,0.175009459347458,-0.974196592893209,-0.381748499054199,0.267190792994088,0.055069350970789,0.0799701818409082,1006.0000000001,0.354294250067154,0.0604105334630362,2138.0000000001,0.825993323711955,1.18028757367911,0.0286883324499422,-0.204235887773756,-0.325558302151101,0.313417994660239,-0.868063254492228,-1.41420164140835,-1.07316641011877,-1.56001165319407,-1.49324795198191,-1.40062931590556,-1.10571573420802,-1.51537550505757,-1.71682958689415,-1.58044264828219,-0.723691050423724,3.01077401207183e-16,0.0363195055765458,0.676414028971749,0.668054363157542,0.67905776525831,-0.0198623264072473,0.827539651619485,-0.324194318213383,5.30403699141766,0.156063440195899,0.633137626666704,0.368529839921574,-0.269780000323483,0.836624976902433,-1.05175791364392,-0.77998590885629,-0.187943216701152,0.0973686607197034,1062.0000000001,4.13622070322675,0.0973686607197034,1062.0000000001,4.13622070322675,1.84518901860832,0.694838748158588,1e-10,2138.0000000001,0.0086115548619304,0.0200767774880118,0.498653655451216,0.859410752542317,3524.94451117737,0.0312500660060792,321,2,"SNETWORK (2 43 3524.94451117737 0.498653655451216 7000151 321)",7
28,7000152,-0.0981637566886515,99,-0.361841926944517,-0.698245294676348,-0.562675121066356,-0.564925299345405,-0.567713055283144,0.259860285547122,0.362164151882365,1.09730888216571,-0.603060237105723,0.108587829248482,-0.752009243094689,0.755031471925494,0.108587829248482,0.108587829248482,-0.143614390172218,-0.822246168402177,-0.817703613463585,1.3414526274171,-1.48130967467725,0.393782383419688,-1.16859716859717,-1.44967682363804,0.0792141951837772,-0.0981637566886515,-0.5,-0.486684736731703,1.04657133668341,1.05589784719099,0.748821434465401,1.10568719501152,-0.089632197716977,1.35216413311913,-0.563151574965046,0.18610747391728,1.11152548728435,0.0399850261056294,12197.0000000001,21.6754047010191,0.133795207950168,4231.0000000001,0.905062038778623,22.5804667396977,0.438771379622558,1.50787926380811,0.700638674003816,1.67489740847741,2.39755247843428,0.863535982539599,0.678084692870328,0.762457698013939,0,0.656304586965209,0.412180607212938,0.0410774298720975,0.194219645135487,0.0826154080760217,0.74968266057375,-0.0162404278606988,-0.860394174267142,-0.323585971028251,-0.331945636842457,-0.32094223474169,0.672869221772524,0.659645450809389,-0.174903842882765,0.35934001136313,0.0465623498408332,-0.41186803446012,-0.322396421375495,-0.372278809427857,-0.351418693888914,0.510612039267139,0.54256864003864,-0.0212354273541637,0.078928665858452,562.0000000001,1.77431640635044,0.078928665858452,562.0000000001,1.77431640635044,0.728671076968045,0.538661586314349,1e-10,12197.0000000001,0.421184704993456,0.017586674529102,0.227627199547178,1.73299086225587,1796.86476392959,0.125,12,2,"SNETWORK (2 28 1796.86476392959 0.227627199547178 7000152 12)",7
41,7000153,-0.12881733149083,86,-0.407894617963011,-0.251052105764176,0,0,0,0.456627181604854,0.502941342755168,-0.00953700040390459,-0.421624932996401,0.784982189477788,-0.0669653161904636,0.157003150713232,0.784982189477788,0.784982189477788,0.460392769063059,-0.223906776225143,-0.334171027916216,-0.044632953369668,-0.379164414843076,-0.606217616580312,0,0,-0.712927756653993,-0.12881733149083,0,-0.645844834294987,0.44282352165104,0.443002749860174,0.908188696555528,0.443140437634066,-0.128457334013017,0.156743052663183,-0.395252899087096,-0.975368936320426,0.101044388039662,0.0799701241440398,2514.0000000001,1.62454972984986,0.108725840336107,362.0000000001,0.251707921024588,1.87625765077444,0.0406297159982036,0.197165373438366,0.210678684061419,0.767055782742818,0.101302672922468,-0.764504792975898,0.0571889836028763,-0.750548031021218,-0.294216322608314,0.652524120285736,0.441001056623018,0.0857280379526163,-0.087782986635353,0.116896677566184,0.0903661794750904,-0.152542293431334,-0.163511298467549,1.4637901463605e-15,0,0,0.74624126806951,1.22510963097838,-0.847884464794795,1.04439581662397,-0.385911927776338,-1.01048885057953,-0.8549445818174,-0.160301432366912,-1.10447024231869,1.44438375457596,1.2960277082896,0.209793260487351,0.0601185802922251,582.0000000001,1.399560546975,0.0601185802922251,582.0000000001,1.399560546975,0.7716820778495,0.63899623853312,1e-10,2514.0000000001,0.0351790672024781,0.00545064869572542,0.523467271330272,1.10638927056532,2649.95265342427,0.0625,244,2,"SNETWORK (2 41 2649.95265342427 0.523467271330272 7000153 244)",7
41,7000154,-0.749714795058877,31,-0.407894617963011,-0.251052105764176,0,0,0,0.539807974156929,0.867680569392531,0.495703584323709,0.19757185918454,0.372839926530136,-0.149040728868597,0.0227583057531433,0.372839926530136,0.372839926530136,0.541759501202317,0.43948696446238,0.322164047064426,0.368030037758441,0.298497247385861,-0.606217616580312,0,0,-0.712927756653993,-0.749714795058877,0,-0.147348533437289,1.11515945648693,1.12614616380506,0.267690250537515,1.18550083163066,-0.746299906596301,-0.302171895506638,0.183449296817172,-0.551818040794065,0.110149161542869,0.0799701241440398,1216.0000000001,0.856584693380687,0.0834721459296559,1874.0000000001,1.00038392390867,1.85696861718936,0.0356427887852112,0.179505468338226,0.818903058958405,-0.153017435861609,-0.377517370427217,-0.275253144606234,-0.514022536528072,-0.238120273773215,-0.235174051818533,-0.119186138443785,-0.220300147597685,0.0388109098738023,0.144329487159805,-1.05778806943287,-0.241401612688741,-0.305084586862669,-0.363341583505644,0,0,-1.55600483282998e-15,-1.69952907887292,0.0154935894124198,-0.256955093424951,0.652576279691901,-0.0703229846634286,0.45557322892744,0.375714234253393,-0.161296018629866,0.601039189563201,0.440958046271238,0.634099178065772,-0.187943216701152,0.0472839824769182,782.0000000001,1.47904296885,0.0472839824769182,782.0000000001,1.47904296885,0.809254959268034,0.530293873088507,1e-10,1874.0000000001,0.0164413479757374,0.0192014407094738,0.157862140891442,0.137426044791937,2028.46278651325,0.0625,205,2,"SNETWORK (2 41 2028.46278651325 0.157862140891442 7000154 205)",7
43,7000155,-0.440874983532393,16,0.0756580730554828,0.31473676207772,0.118081199488201,0.12698938418892,0.129762766215853,-1.12703075030543,-0.991555052628379,-0.259463580734913,0.43627174571351,-0.377837795207354,-0.0307159481190121,-0.521037203407746,-0.377837795207354,-0.377837795207354,0.357452979078126,3.04757019978696,2.95005325468852,0.271792113934265,3.44253865939086,0,0.0216216216216217,1.64542936288088,0.287072243346007,-0.440874983532393,0.25,0.60057834098113,-0.14548119819662,-0.144276272607755,-0.512269088778776,-0.138216341399193,-0.440712971689904,-0.762189513048676,0.409754091619377,0.697448659257814,2.00214426550706,0.0799701818409082,799.0000000001,10.2305342316844,0.155423502912783,750.0000000001,0.745476782251867,10.9760110138362,0.26420592542523,-0.315907378786719,-0.123092946832507,-0.662045317838553,-0.783462174806757,-0.179330776867485,-0.767149688754408,-0.196621295622973,-0.332610804102842,-0.170052556641584,-0.315085960145733,0.489801576887284,0.284568105109897,-0.980133345868061,0.51992287140802,0,0.0363195055765448,0,0,0,0.344572649194189,1.1479821710928,-0.606159479298343,-0.102930345723198,0.156063440195899,-0.816662466190656,-0.694470248818315,-0.7483768531911,-0.72153211427049,1.65719626449308,0.507787036635097,-0.187943216701152,0.0298451207140351,342.0000000001,0.408281250100173,0.0298451207140351,342.0000000001,0.408281250100173,0.0829197809134516,0.122949497911938,1e-10,799.0000000001,0.246261393127657,0.0179445321975733,0.117440162102984,1.23098866362125,2968.88025943439,0.0312500660060792,286,2,"SNETWORK (2 43 2968.88025943439 0.117440162102984 7000155 286)",7
41,7000156,0.599081738194478,127,0.342105382036989,0,0,0,0,0.502921205626561,0.434575792076949,-0.229401502455153,-1.06266663882102,0.250499455999083,-0.0225160262464675,0.556150221657218,0.250499455999083,0.250499455999083,0.228330724796377,0.166069202460605,0.0668354544495364,0.134310058074427,0.0369706243969191,-0.606217616580312,0,0,-0.712927756653993,0.599081738194478,0,-0.205253062797382,-0.736069657794226,-0.723257787643204,0.050798550941688,-0.664377774949301,0.598254884160763,0.862177886565188,-0.9497721852126,-0.203453595077462,0.0610131986923178,0.0799701241440398,3216.0000000001,1.25486027975834,0.0550328863498046,346.0000000001,0.121773819705024,1.37663409936336,0.0368601374414333,1.29019511640514,0.931700994502662,1.5321838478192,1.11011998445121,-0.434710725298477,0.902291699822186,-0.53005682302822,-0.687080879978656,0.829245973181394,0.45589882099063,-0.798880824275364,-0.653106891282843,-0.175423375923671,-0.427833992190428,0.915254083867405,-0.0283081595192618,0,0,1.55600483282998e-15,0.133114574408953,-0.503392603238923,0.661308458586612,1.3375495707259,0.156063440195899,0.198650892229186,0.305238632821808,0.966581872741425,0.00014932376185631,0.643212233785069,1.00353552605475,-0.187943216701152,0.0325088738180728,646.0000000001,0.840029296975,0.0325088738180728,646.0000000001,0.840029296975,0.507180810647595,0.405156390478635,1e-10,3216.0000000001,0.0335995761526367,0.00326056118879662,0.793627470034691,0.784338519908488,3109.19627983601,0.0625,271,2,"SNETWORK (2 41 3109.19627983601 0.793627470034691 7000156 271)",7
42,7000157,-1.00137907450646,5,-0.407894617963011,-0.251052105764176,-0.192309249631537,-0.194095720002018,-0.196546296696359,0.550527206037548,0.978569126761359,0.72608588544325,0.70139367486025,0.0200084874426285,-0.363612623959597,0.0906520245490276,0.0200084874426285,0.0200084874426285,0.58120250519911,1.0853635329358,0.868195809564808,0.439996914331805,1.05035330620481,-0.606217616580312,0,0,-0.712927756653993,-1.00137907450646,0,0.163680285455557,0.925107134477878,0.931798312667115,-0.0946522244480116,0.966683515900331,-0.988293835755799,0.429648080023034,0.659442388354305,0.0250765483549822,0.332715255651802,0.0799701241440398,6106.0000000001,12.9922704915407,0.0636939380490084,18.0000000001,0.00733206237327121,12.999602553814,0.258161919499586,-0.328500628877476,1.49356729945158,-0.0984277900435083,-0.144705248331253,-0.0666869903347119,0.140594484712306,-0.0588798773188379,0.763102533667034,0.0363291966169854,-0.0462255376301313,-1.33591699484113,-1.25415554659337,0.245826440298383,-0.727414499691727,-0.305084586862669,-0.363341583505642,-0.487990783359437,-0.503664629107672,-0.505590738712637,0.13423237514253,-1.58413982208808,0.472461498454867,1.89667398303843,-1.7162773286338,-0.175821049660306,0.0360869873539628,-0.89564417537581,0.0632981918469648,0.122980712006411,0.891993109948231,6.0242573131474,0.229521598692836,855.0000000001,7.849638671975,0.229521598692836,855.0000000001,7.849638671975,3.82075902862532,2.07375166122677,1e-10,6106.0000000001,0.25801631038871,0.000145609010875813,0.72674320862149,0.0434192568063736,1742.82106695568,0.0625,276,2,"SNETWORK (2 42 1742.82106695568 0.72674320862149 7000157 276)",7
29,7000158,-0.724686835164158,62,-0.361841926944517,-0.698245294676348,-0.562675121066356,-0.564925299345405,-0.567713055283144,0.0985808448764741,0.131453757654353,0.978309300556092,0.245696106481772,0.89299182230825,-1.16833103354159,0.899519190479719,0.89299182230825,0.89299182230825,0.00127941330069202,-0.376151601429593,-0.495536296658504,0.88292537588394,-0.820112747441372,0.888230940044412,-1.64368450082736,-1.9192718638702,0.441336230309614,-0.724686835164158,-0.5,-0.160296602435569,-0.0732991008727902,-0.0727717085103341,0.0975874713630539,-0.0700806482373881,-0.714869132088207,1.84613566464845,0.228735915782548,-0.795283078133316,0.242279353816148,0.0399850261056294,6185.0000000001,2.39580174065593,0.129277274654259,1623.0000000001,0.335455929801742,2.73125767035768,0.0648959115567946,-0.442315545107816,-0.495639703865459,0.0962316023966205,-0.355486158859496,-0.55320292753092,1.26076032628368,-0.596859865364547,1.38961152864392,-0.456260283169717,-0.62440371651443,0.737109091136298,0.628169177820529,0.204250701321651,0.636534532574137,-0.118644023962116,-0.921164041933264,-0.323585971028251,-0.331945636842457,-0.320942234741691,-0.498230283215138,-0.663854147167055,0.573043526826148,-0.303230393593325,-0.596576997286991,0.283266046590711,0.259941894778976,-1.8766889804515,0.860012672691251,0.381149216548435,0.0298560398926649,1.12690762318558,0.110713934848428,477.0000000001,2.11242187510052,0.110713934848428,477.0000000001,2.11242187510052,1.1086654449598,1.06751256603438,1e-10,6185.0000000001,0.0569253275940399,0.00797058386275474,0.75434127937025,0.050901335215855,1388.25430826439,0.25,79,2,"SNETWORK (2 29 1388.25430826439 0.75434127937025 7000158 79)",7
43,7000159,0.557748744958109,92,0,0.230175963096256,0.354270929498081,0.350983481983268,0.358474665810763,-0.157428006259861,-0.196537768004475,0.0230850445021096,-0.961016087825185,0.107261358075746,1.01458115655484,-0.631796888457514,0.107261358075746,0.107261358075746,-0.30086350361242,3.17379694866025,3.32114833331871,-1.13572333924434,3.9864007501471,0.124352331606218,-0.494208494208494,-0.193905817174515,-0.237642585551331,0.557748744958109,0.25,-0.68217431302224,-1.82755514266777,-1.76295785340164,0.518873588487714,-1.50404034797875,0.55580061104142,1.15380784432002,-0.911874331770705,-1.73929512692101,0.0882892699903116,0.0799701818409082,1641.0000000001,0.926558133072199,0.06961042873651,942.0000000001,0.419354566820661,1.34591269979286,0.0439100496125123,1.23184349780971,0.736082663251238,0.797360473015261,1.23001303263448,0.508580743899899,1.41899665847693,0.74762960901557,-0.158206336829405,1.31689585771235,0.410831863677729,0.208801351975565,0.312756740479969,-0.0135684959096556,0.30971723545981,0.447603613811161,0.00654576740339065,0.676414028971749,0.668054363157543,0.679057765258312,-0.161285898201974,0.164128562009533,0.64730511721237,0.126227325085618,-0.167878906992605,0.755722466256967,0.699897110481428,0.511664136282971,0.769933695608519,-0.458374269972261,-0.688245588752599,0.51918103622179,0.0278361693266949,531.0000000001,0.59124023447525,0.0278361693266949,531.0000000001,0.59124023447525,0.389573398555495,0.365581014721291,1e-10,1641.0000000001,0.0302287165462623,0.0136813329662499,0.716413048631412,0.417592438869178,3842.58335697274,0.0312500660060792,345,2,"SNETWORK (2 43 3842.58335697274 0.716413048631412 7000159 345)",7
41,7000160,0.249483547809318,108,-0.184210513107001,-0.196491445985551,0,0,0,0.573387513165597,0.523422658967367,-0.127149588761551,-0.642451391934507,0.578044609919228,0.307029092670507,-0.0250414644349019,0.578044609919228,0.578044609919228,0.391576218114144,-0.351745458636134,-0.492067848249954,-0.34513443800823,-0.448051167517969,-0.606217616580312,0,0,-0.712927756653993,0.249483547809318,0,-0.60123377895561,-0.138180132222475,-0.137050910835076,0.707319755071066,-0.131363802053597,0.249350083917681,1.1104178079428,-0.607648655317049,-0.376333821535308,0.148189707000541,0.0799701241440398,2934.0000000001,2.78056907246534,0.0447382227719702,1271.0000000001,0.363646838956047,3.14421591132139,0.0755856738624817,0.0545538148252147,-0.605933845234761,0.884733492271796,0.993454798376723,0.151085184812108,0.882891687285873,0.163917743671616,0.0944654632264313,0.171197368616673,0.0605709578236388,0.186212816322921,0.308587205718203,-0.0467253503100691,0.728145891512228,0.915254083867404,-0.0283081595192628,0,-1.49871635330658e-15,0,0.660992163731763,0.304757225876635,-0.499698848522949,-0.0837272561696331,0.156063440195899,-0.587694262191206,-0.531747253103538,-0.705217706865076,-0.466767127226538,0.573553234274547,0.223805921732398,-0.187943216701152,0.0471826841753425,657.0000000001,1.2399609376,0.0471826841753425,657.0000000001,1.2399609376,0.69623624899791,0.529435929181323,1e-10,2934.0000000001,0.0668437514191609,0.00874192234332078,0.668927922411009,0.399704064067919,2897.22030137125,0.0625,259,2,"SNETWORK (2 41 2897.22030137125 0.668927922411009 7000160 259)",7
28,7000161,0.312169771920137,112,-0.111841926944517,-0.494736954820113,-0.562675121066356,-0.564925299345405,-0.567713055283144,0.211420695863633,0.387596148234042,1.04759627104908,-0.92702002798488,-1.13822836083532,-1.74262139941769,0.556745216895425,-1.13822836083532,-1.13822836083532,-0.414271497044064,-1.17477005445813,-1.08333958733535,0.927429212197959,-1.78704354375564,0.393782383419688,-1.16859716859717,-1.44967682363804,0.0792141951837772,0.312169771920137,-0.5,-0.691604904225242,0.0803906453716899,0.0799967246456494,0.91869289449158,0.0779064050694641,0.32115244325574,2.92710454739126,-0.879924335882885,-0.532630923519037,0.0868541778276347,0.0399850261056294,15068.0000000001,2.09238255376596,0.048725368940008,5516.0000000001,0.429708711797341,2.5220912654633,0.0582915086707697,-0.770120131104286,-0.66206771164935,2.6379988626082,1.32272471923094,-1.52147056454465,1.68088303398942,-1.59531100999398,0.134688579098068,-1.12147964273192,-0.301355022099363,-0.952817304287142,-0.937480307395607,-0.122280332609562,-0.384506582526385,0.474576257488161,-0.569126424378406,-0.323585971028251,-0.331945636842457,-0.320942234741691,1.65324836700079,-0.247786756742613,1.34754132547477,3.86062474985716,0.156063440195899,-0.274104231711008,-0.328676057801337,-0.120759234762264,-0.258537437392663,0.162779940020818,0.531247293394427,-0.187943216701152,0.130213951096968,536.0000000001,2.79178710947569,0.130213951096968,536.0000000001,2.79178710947569,1.20964919984758,0.973021267712472,1e-10,15068.0000000001,0.0483599214807871,0.00993158708998254,0.413610472942466,0.0438829641789198,1944.51359668679,0.125,24,2,"SNETWORK (2 28 1944.51359668679 0.413610472942466 7000161 24)",7
28,7000162,-0.359243302939503,87,-0.361841926944517,-0.698245294676348,-0.562675121066356,-0.564925299345405,-0.567713055283144,0.276239145530059,0.376415154330249,1.06704469509691,-0.521897124240336,0.419404168682276,-0.776411490843861,0.831802345079345,0.419404168682276,0.419404168682276,-0.0591627964738216,-0.746207776665997,-0.751410146186435,1.34885904031407,-1.39249862006545,0.393782383419688,-1.16859716859717,-1.44967682363804,0.0792141951837772,-0.359243302939503,-0.5,-0.357425279121404,-1.71626271879519,-1.65884954512109,0.080717024985065,-1.42561231867167,-0.359950314720126,-0.266315683647488,-0.497044164816186,0.171701184186271,3.55174594190511,0.0399850261056294,3702.0000000001,21.0219535895392,0.211157314950887,5254.0000000001,1.773744103873,22.7956976933122,0.72883229371747,-0.319421386702122,-0.768636255830255,0.0113291950055321,0.250446873528501,0.279294553539853,0.225531253506751,0.400396252074863,-0.288025506132539,1.00539362720566,0.603146948126627,-0.0647988036236798,0.296251391936779,-0.0218655882867555,0.664025193728164,-0.118644023962116,-0.921164041933264,-0.323585971028253,-0.331945636842457,-0.320942234741691,0.665605562364901,0.8671865207973,-0.139843925021498,-0.870836961577805,-0.325240074637786,-0.0906289123484297,0.0319370511008349,0.247626679593402,-0.143785106725544,0.753778115206967,0.616173323792759,-0.187943216701152,0.100988424149233,424.0000000001,1.71276367197542,0.100988424149233,424.0000000001,1.71276367197542,0.69957390635973,0.725496260984488,1e-10,5254.0000000001,0.672121505430966,0.0567107881865042,0.0591959621475537,0.287658502404557,1663.15018224757,0.125,3,2,"SNETWORK (2 28 1663.15018224757 0.0591959621475537 7000162 3)",7
29,7000163,-1.21974935601145,16,-0.361841926944517,-0.698245294676348,-0.88766904750336,-0.89062955707874,-0.905942372439505,-0.144988834291849,-0.129043077215083,0.841153452240903,0.995360218309908,0.534819805887443,-1.21641412650489,0.626612230094782,0.534819805887443,0.534819805887443,-0.324627161718322,0.543384377501549,0.443771015999173,0.344991719644945,0.429105496588344,0.326424870466322,-1,-1.13573407202215,0,-1.21974935601145,-0.5,1.22474766207602,3.3973736760657,3.52747098495023,-0.560092821429567,4.47281030683521,-1.21275222734466,-0.820286709082814,0.936932313512624,0.71804734056582,4.85531351704104,0.0399850261056294,3265.0000000001,25.3451712292627,0.18612849873154,15654.0000000001,4.65835915662087,30.0035303857836,0.383117489938208,1.83500300777763,-1.6296569162586,-0.827739922055054,-0.734958745395829,0.0700151220274948,-1.46429179874929,0.0451369390388452,-0.928146950421913,-0.530664224987202,-0.859478538351108,2.38530642780626,1.5984277733784,0.249037002778718,1.68704288011219,-0.118644023962116,-0.921164041933264,-0.530031489664679,-0.540614260874603,-0.544959396659675,-1.09613851402842,0.26441272079791,-0.671269526660757,0.120122625110307,-2.70116323146349,-0.719010051138423,-0.810374433733835,-1.34606935370757,-0.447882762815589,0.666800863819699,0.401758266686774,0.826405177861615,0.450678834773489,1539.0000000001,27.7437890626068,0.450678834773489,1539.0000000001,27.7437890626068,13.0049441647447,3.68719208933599,1e-10,15654.0000000001,0.323634527537788,0.0594829623004195,0.193274827505029,2.71662998267207,867.74462218677,0.25,44,2,"SNETWORK (2 29 867.74462218677 0.193274827505029 7000163 44)",7
42,7000164,-1.04041641322902,2,-0.407894617963011,-0.251052105764176,-0.192309249631537,-0.194095720002018,-0.196546296696359,0.540811695749591,0.962686142608441,0.7291974437317,0.711647836044804,0.0118559286063808,-0.360949715860416,0.0860154890554427,0.0118559286063808,0.0118559286063808,0.580183512766462,1.106657170671,0.88764770255909,0.416275995417805,1.0824240823374,-0.606217616580312,0,0,-0.712927756653993,-1.04041641322902,0,-1.50949513334566,-0.976985668907122,-0.956229920102933,3.63933466705278,-0.863808408917936,-1.02802718097929,-0.162838612782703,0.668742495270993,0.975379231040218,0.630900559872911,0.0799701241440398,1092.0000000001,4.40594519229076,0.245765370049919,99.0000000001,0.155600655407405,4.56154584759816,0.127570219711395,0.936395142182259,-6.23374072736364,-0.373802701953863,0.308331052536717,0.890363707710056,0.137969108844696,1.12668164637172,0.766816272709731,8.75432694664853,13.3348585535542,0.493294279316028,0.459439819171663,-0.842858270464902,-0.121822072317122,-0.305084586862668,-0.363341583505643,-0.487990783359437,-0.503664629107672,-0.505590738712639,-0.887997154736943,0.541943933476761,-0.489502995088537,0.108593720072312,0.100286334694217,0.188164334815047,-0.0213627495466079,-1.24831054749888,0.581112506236307,0.601462921551946,0.272268728513519,0.584143682069969,0.203455737613355,234.0000000001,1.904345703225,0.203455737613355,234.0000000001,1.904345703225,1.01030380539883,1.85298738037715,1e-10,1092.0000000001,0.123218622492158,0.00435159711923747,0.198993578916993,0.478842718872278,1709.42281623871,0.0625,274,2,"SNETWORK (2 42 1709.42281623871 0.198993578916993 7000164 274)",7
41,7000165,-0.662000611053338,41,-0.407894617963011,-0.251052105764176,0,0,0,0.541954644720395,0.829080125456842,0.390063509510953,0.0384757290339647,0.516391716554627,-0.0708934812036673,-0.000710297214336864,0.516391716554627,0.516391716554627,0.508829865569333,0.123428901533411,0.00889684211425668,0.258617716746879,-0.0487012399295549,-0.606217616580312,0,0,-0.712927756653993,-0.662000611053338,0,-0.711456787435213,-0.41391086174282,-0.408787197384426,0.852391390311078,-0.38414502250514,-0.657872927488679,0.411473424252434,0.0429443210790361,-1.3857183043837,0.167455991349898,0.0799701241440398,2467.0000000001,2.64195477570598,0.0691294734109431,1362.0000000001,0.602137804937316,3.24409258054329,0.0819583109911438,-0.152857130687811,0.34663688494979,0.259469686444529,0.538876713229151,0.3277958091229,0.489511608391979,0.374207754910033,0.588605436389679,0.762123186501944,0.747857851041743,-0.268365799534965,0.122459184971765,0.181534253075439,-0.214660477036715,-0.305084586862668,-0.363341583505643,-1.4637901463605e-15,0,0,-1.15492193292498,-0.241314860003229,0.0191716771777687,0.923502186109649,-0.745596771199404,0.202563052577772,0.25314791915345,0.2111381682165,0.20701154199185,0.820219047319334,0.819059919762814,-0.0347224544351844,0.151409846580175,744.0000000001,4.50595703135,0.151409846580175,744.0000000001,4.50595703135,2.24013590692291,1.41218576365396,1e-10,2467.0000000001,0.0667459838121724,0.0152123270789714,0.225024728697027,0.73561776522547,2142.63204805122,0.0625,212,2,"SNETWORK (2 41 2142.63204805122 0.225024728697027 7000165 212)",7
29,7000166,-1.04868245127691,33,-0.361841926944517,-0.698245294676348,-0.695629464068801,-0.700108350003007,-0.706051805186474,-0.102856462376896,-0.0896426696284228,0.894161692581114,0.444319139012454,0.887371154283039,-1.20465026516129,0.806952626895966,0.887371154283039,0.887371154283039,-0.145109444093206,0.126626939790509,0.172033686052861,0.660772687710572,-0.157169708885342,0.888230940044412,-1.64368450082736,-1.9192718638702,0.441336230309614,-1.04868245127691,-0.5,1.44602258180827,2.0539518187605,2.09957332572225,-0.720537300013454,2.38044557747809,-1.04026156659148,-0.10167236706313,0.417106669956411,0.45704881592575,1.57410439563954,0.0399850261056294,3971.0000000001,9.9937431712985,3.44945182391095,182.0000000001,1.00372845778833,10.9974716289868,0.178447690921666,-0.501140773374138,0.566318498765196,-0.555800671690985,-0.0222458546414511,0.599888526866443,-0.545187427585263,0.44442333769618,-0.0810443062021379,0.693992188342831,0.840589279629483,0.602803458567753,0.0705571855840259,0.223562404335422,-0.0502665651180503,-0.118644023962116,-0.921164041933264,-0.405788377193884,-0.417805535283714,-0.413266069040341,-0.609644368855953,0.409412499478293,0.15993450435716,0.143067421690414,-2.89600023133995,0.0583123701745372,0.315768668078288,0.201082999582945,0.0419201900078608,-0.25495327146139,0.517880217002216,0.866175900406498,0.166408047454294,163.0000000001,1.08498046885027,0.166408047454294,163.0000000001,1.08498046885027,0.402808617996168,1.27956643147914,1e-10,3971.0000000001,0.162160944964918,0.0162867458567478,0.395226251706955,0.0853578064531252,1055.09795986151,0.25,55,2,"SNETWORK (2 29 1055.09795986151 0.395226251706955 7000166 55)",7
43,7000167,0.453732330607886,86,0,0.230175963096256,0.354270929498081,0.350983481983268,0.358474665810763,-0.261575153914584,-0.270265808524514,0.0312416230141376,-0.937987733990491,0.114646194174198,0.962109338271892,-0.566979575628203,0.114646194174198,0.114646194174198,-0.247317200022521,3.38330534565373,3.5340739363964,-0.908710633265888,4.17341328028791,0.124352331606218,-0.494208494208494,-0.193905817174515,-0.237642585551331,0.453732330607886,0.25,-0.313304694635564,-0.0932296249260321,-0.0925308984553229,0.280401599480618,-0.0889803987611245,0.450082974359478,0.034088986368974,-0.890270581462291,-0.760263914047536,0.0605957128290064,0.0799701818409082,1898.0000000001,0.735519637182576,0.0613473229720048,1413.0000000001,0.554362625924334,1.28988226300691,0.0307583317189352,1.08686719632215,0.337008260714689,1.15184987592691,-0.0708952464775172,-1.3751621669017,0.092219421849082,-1.48803765915836,-1.21071854191892,-1.43193773688488,-0.511606999575654,-0.402838282131062,-0.13226422716223,-1.25561984802765,-0.245856453777246,0,0.0363195055765458,0.67641402897175,0.668054363157543,0.67905776525831,-0.474380028071951,0.18813592768476,0.0380816017212503,1.39387771462316,0.156063440195899,1.08904265426987,1.01692347481557,0.876215714963297,1.06000408561437,-0.313548226271049,-0.382047514910043,-0.187943216701152,0.0106405064720174,922.0000000001,0.392421875100166,0.0106405064720174,922.0000000001,0.392421875100166,0.0754227469505908,0.0397035924433131,1e-10,1898.0000000001,0.0175390867524918,0.0132192448664434,0.6663405043659,0.634241093008313,3769.54409591375,0.0312500660060792,340,2,"SNETWORK (2 43 3769.54409591375 0.6663405043659 7000167 340)",7
28,7000168,-0.0706102965290489,100,-0.361841926944517,-0.698245294676348,-0.562675121066356,-0.564925299345405,-0.567713055283144,0.248668776679984,0.361900610940539,1.09615829756188,-0.606993435387646,0.0932735673172213,-0.763498254771827,0.760361632199795,0.0932735673172213,0.0932735673172213,-0.148493115889115,-0.83596427181813,-0.833009502673071,1.34906662768902,-1.49983455833407,0.393782383419688,-1.16859716859717,-1.44967682363804,0.0792141951837772,-0.0706102965290489,-0.5,-0.679311899667525,1.14823367985193,1.16006493796888,1.12856651057474,1.22433348878779,-0.0567730923156949,1.75119872464315,-0.57523151574965,-0.0381769881669197,1.25959665519659,0.0399850261056294,14495.0000000001,29.1906982792242,0.0857188295219273,3283.0000000001,0.449926817955867,29.64062509708,0.565562649961194,0.366279277598212,1.3703690198577,1.18078826702826,1.2683304157965,0.130084508626625,0.851775315288813,0.114139236985776,0.124563635724523,0.507882600557005,0.272683576156157,0.437157356924753,0.529244526269697,0.0802731727139041,1.3020466881853,0.0665994243471902,-0.811234114974216,-0.323585971028251,-0.331945636842457,-0.320942234741688,0.852711931942082,0.0266322165484995,0.370942980779182,0.23334479024153,0.0353179409043867,-0.325580843852653,-0.253384525888994,-0.0751239305869904,-0.33063375407953,0.0905009111418388,0.427168736371431,0.660601527728596,0.0490045390067691,602.0000000001,1.18002929697529,0.0490045390067691,602.0000000001,1.18002929697529,0.447740041370867,0.285219801892873,1e-10,14495.0000000001,0.556977749828971,0.00858490003222318,0.242469047440104,2.41641401110499,1808.64744458332,0.125,13,2,"SNETWORK (2 28 1808.64744458332 0.242469047440104 7000168 13)",7
28,7000169,-0.382780068449186,86,-0.361841926944517,-0.698245294676348,-0.562675121066356,-0.564925299345405,-0.567713055283144,0.279586968915887,0.37927525340493,1.06704469509691,-0.521761376689013,0.419020606091106,-0.776201053781414,0.831451686848358,0.419020606091106,0.419020606091106,-0.0609354156921035,-0.744038964846729,-0.748649577380553,1.35036102434525,-1.39032512855787,0.393782383419688,-1.16859716859717,-1.44967682363804,0.0792141951837772,-0.382780068449186,-0.5,-0.212762500019838,-2.13026553118492,-2.0438368402967,-0.129579606466652,-1.70975798543274,-0.376287742804257,0.267620722223476,-0.497044164816186,1.24598116095403,0.161217535362236,0.0399850261056294,6671.0000000001,1.71948338449415,0.093565587594937,3549.0000000001,0.530905120306072,2.25038850470022,0.0775699533116715,-0.821295862787335,-1.75502222148646,-0.276747826901565,0.644220119039611,1.13326096131469,0.864720661333703,1.76592976159796,0.260778055756348,2.96492178158275,1.89061908220383,-2.39333788294231,-2.01497913141509,0.0989639838455743,-0.816293717283816,-0.118644023962116,-0.921164041933265,-0.323585971028253,-0.331945636842457,-0.32094223474169,0.0515549188141393,0.966885389326755,-0.943837175597337,-9.52505365478106,-6.04995923440296,1.36354842824763,1.62883883587253,0.900863031362417,1.37269392156447,-0.150772313521006,0.949381166620266,-0.187943216701152,0.00057530642827553,519.0000000001,0.0119433594750029,0.00057530642827553,519.0000000001,0.0119433594750029,0.115728537301242,0.134695690244152,1e-10,6671.0000000001,0.059269875136247,0.0183000780754245,0.0482837512074079,4.07906951825134,1654.48717089876,0.125,2,2,"SNETWORK (2 28 1654.48717089876 0.0482837512074079 7000169 2)",7
43,7000170,-0.430080642222664,17,0.0756580730554828,0.31473676207772,0.118081199488201,0.12698938418892,0.129762766215853,-1.12703075030543,-0.991555052628379,-0.267492272094211,0.4273367722713,-0.38690355693645,-0.0446711503335458,-0.517612891247942,-0.38690355693645,-0.38690355693645,0.356848046462289,3.06228193671722,2.96265686137686,0.280369211309258,3.45772507749328,0,0.0216216216216217,1.64542936288088,0.287072243346007,-0.430080642222664,0.25,0.614795308550736,-0.240405436268458,-0.238068368419689,-0.526833439612226,-0.226513073631074,-0.429746396172246,-0.66461719119205,0.408405296488198,0.667991601211367,2.05288298099428,0.0799701818409082,1044.0000000001,13.7063197450627,0.0838975335413966,399.0000000001,0.214081064111258,13.920400809074,0.34085822287595,-0.299135591068887,-0.304511157976664,-0.52523075318995,-0.716067587406716,-0.25840874048069,-0.616287454545207,-0.288020021337569,-0.164483619456005,-0.210558437544722,-0.365178076459215,0.193818539555378,-0.12866741006937,0.221833520255419,0.00791232969450791,-3.01077401207183e-16,0.0363195055765458,0,0,0,0.270722030522885,-1.92839857811612,0.276432687671014,-0.887717993874339,0.156063440195899,-0.317414891027398,-0.253786700631338,-0.447565755312116,-0.221393370346643,-0.0292597190211103,0.162490789981581,-0.187943216644022,0.00829674596776859,242.0000000001,0.0803125001000339,0.00829674596776859,242.0000000001,0.0803125001000339,0.072117404390439,0.059554024417407,1e-10,1044.0000000001,0.335616183267877,0.00524203950807365,0.124491544684709,2.58828514538835,2979.165891626,0.0312500660060792,287,2,"SNETWORK (2 43 2979.165891626 0.124491544684709 7000170 287)",7
43,7000171,0.111595718141837,58,0.0756580730554828,0.31473676207772,0.354270929498081,0.350983481983268,0.358474665810763,-0.700954622284859,-0.633509382582393,-0.149609635204557,-0.35732932355951,-0.337710196411637,0.380344350799023,-0.392897240013612,-0.337710196411637,-0.337710196411637,0.207143959995456,2.6071297860687,2.50482548073709,-0.44303525678622,3.11571236914186,-0.963730569948188,1.15057915057915,3.24099722991689,-0.29467680608365,0.111595718141837,0.25,1.48621264050501,0.477236776797041,0.477666601683491,-0.794497924397362,0.47904481604407,0.110987980771887,-0.301482103080403,-0.338264659922691,0.878374220435424,0.118435584150152,0.0799701818409082,1258.0000000001,0.952837877916464,0.188104836280899,1439.0000000001,1.7310791334028,2.68391701121926,0.0577611730563293,0.276178352349888,0.516499672377815,-0.746315980566425,-0.269941394224869,0.518085957517511,-0.366191590003106,0.506104308146228,-0.628837143438856,0.453444114530607,0.287269075053457,-0.653579107844227,-1.16971735438401,-1.23338243194496,-0.704384724186704,0,0.0363195055765458,0.67641402897175,0.668054363157543,0.67905776525831,-0.949251905100193,-0.683833142399638,0.500301151477051,0.860702446410034,0.156063440195899,0.94821569894223,0.755670071223927,1.16224495080233,0.819601648583948,-0.215729691235785,-0.23932426388946,-0.187943216701152,0.0837884689449848,329.0000000001,1.10265625010047,0.0837884689449848,329.0000000001,1.10265625010047,0.411164302400679,0.579821589822434,1e-10,1439.0000000001,0.0205062351897933,0.0372549377665361,0.449702891562656,0.931900022791883,3453.54155622196,0.0312500660060792,318,2,"SNETWORK (2 43 3453.54155622196 0.449702891562656 7000171 318)",7
41,7000172,-0.936741964508452,11,-0.407894617963011,-0.251052105764176,-0.192309249631537,-0.194095720002018,-0.196546296696359,0.472413134940647,0.794021637114154,0.515421772385083,0.286232413730691,0.271162737601278,-0.250445114200933,0.0108306440775623,0.271162737601278,0.271162737601278,0.538172917725787,0.725715026626293,0.590869765855677,0.266849940430376,0.668847757582617,-0.606217616580312,0,0,-0.712927756653993,-0.936741964508452,0,0.314470780715796,0.661628423746815,0.663967282089458,-0.253416964603629,0.675170650598265,-0.932323113774037,-0.881942156192915,0.268650382432766,0.672326339167172,0.0579683890882337,0.0799701241440398,1547.0000000001,0.573504835594284,0.0446164937464065,2027.0000000001,0.578368623881574,1.15187345937586,0.0239824869674653,-0.168872336347539,-0.347118498010449,-0.942327778955394,-0.639337630987476,0.318309751980575,-1.09188033937042,0.3013172343231,-0.841530588736339,0.501187938189042,0.530396656742636,-1.28389478467398,-1.77472890931994,-1.5478760273152,-0.715530893748715,-0.305084586862669,-0.363341583505644,-0.487990783359437,-0.50366462910767,-0.505590738712637,0.42791640092561,1.09604436311159,-0.025376146172444,-0.717766388357002,0.156063440195899,0.533701867079156,0.38969060784299,-2.07139886127706,1.20345094925392,-0.268027798202035,0.578455807130595,-0.187943216701152,0.0394593254968254,945.0000000001,1.4915625001,0.0394593254968254,945.0000000001,1.4915625001,0.815173184354477,0.46402309976405,1e-10,2027.0000000001,0.01194061038121,0.0120418764862554,0.0274791433970921,0.138521112691064,1806.82554727932,0.0625,191,2,"SNETWORK (2 41 1806.82554727932 0.0274791433970921 7000172 191)",7
28,7000173,-0.29529292719776,91,-0.361841926944517,-0.698245294676348,-0.562675121066356,-0.564925299345405,-0.567713055283144,0.270157354059566,0.36638764226512,1.06289918945679,-0.534277997062284,0.385518684203879,-0.805260523020938,0.841480994146457,0.385518684203879,0.385518684203879,-0.0682422950348312,-0.804011441677046,-0.819137294557772,1.32500336594936,-1.45492434252604,0.393782383419688,-1.16859716859717,-1.44967682363804,0.0792141951837772,-0.29529292719776,-0.5,-0.645313711976048,-0.304278305237115,-0.301023887720413,0.751931427520081,-0.285102414315637,-0.290599403171478,1.30521776061618,-0.508183238753187,-0.376742384125367,0.230138116712823,0.0399850261056294,7545.0000000001,2.77614767515443,0.0564618413928062,8629.0000000001,0.778951237507692,3.55509891256213,0.088058426357614,-0.316208288805735,-0.287877297623649,1.84481548610003,-0.554672813092611,-2.82213639876157,1.045499117581,-3.17170651210572,0.391061374181131,-2.78456011796923,-1.79958500003076,0.993819879899155,0.887787172980659,0.0925872171580896,2.1007567789746,0.174340238660513,-0.747296955759842,-0.323585971028251,-0.331945636842455,-0.32094223474169,0.863976505022199,-0.174452409169394,1.42822178866022,-0.183274580210924,0.107872527174334,-0.820037987163184,-0.810712970116812,0.201944273194797,-0.979959691408848,0.639916160908234,-0.417405113199492,2.51551497592931,0.0563875872219023,686.0000000001,1.54727539072538,0.0563875872219023,686.0000000001,1.54727539072538,0.621344388173389,0.347750378754398,1e-10,8629.0000000001,0.0687641051187298,0.0192943211388843,0.114208161038033,0.888488486758433,1706.82339438812,0.125,7,2,"SNETWORK (2 28 1706.82339438812 0.114208161038033 7000173 7)",7
36,7000174,0.996213151101157,98,0.750000250966976,0.505263045179887,0.623124281295046,0.615977027310147,0.618989232093641,-0.150987630207373,-0.139910417172701,-0.0258291658132805,0.296486574915245,-0.361859730573596,0.601388069054625,-0.597615095742144,-0.361859730573596,-0.361859730573596,-0.746466544848693,0.00400343307612678,-0.0839749152790273,-1.25243798973362,0.230470023799926,0,0.0216216216216217,1.64542936288088,0.287072243346008,0.996213151101157,0.5,0.737221241325668,-0.165050810480946,-0.163634978306104,-0.580478835704826,-0.156540405417043,0.983487604235965,-0.359635721754997,0.276749732708282,0.286328710694222,0.215859528444132,0.0799702643258065,513.0000000001,0.708183250458182,0.158760763081388,1702.0000000001,1.72806388956664,2.43624713992482,0.0588504318393201,-0.27930525704999,-0.307468642784183,-0.507700880777364,-0.155761934129224,0.392938770685051,-0.273470002282226,0.429643035038946,0.0897333894523906,0.408482446020763,0.428875886080005,0.326174996786577,0.612554899589652,-0.864577137745762,0.601627195686602,0.949152514976322,0.464889228842546,0.676414028971749,0.668054363157543,0.679057765258309,-0.562009770671489,0.123045153447817,-0.731894198729731,-0.31921178664299,-4.40595998320066,-0.0844586464254318,0.0928278355198569,0.0214506975377045,-0.0760368158813838,0.173770688848227,0.134916969048064,-0.187943216668349,0.123825433786024,381.0000000001,1.88709960947433,0.123825433786024,381.0000000001,1.88709960947433,0.781985883147967,0.918913850138111,1e-10,1702.0000000001,0.0171070041921653,0.0417434275471548,0.793059020517209,0.588035382819029,5398.68217719805,0.0156249669969604,124,2,"SNETWORK (2 36 5398.68217719805 0.793059020517209 7000174 124)",7
36,7000175,0.844088899851721,86,0.638158073055483,0.521052073640444,0.623124281295046,0.615977027310147,0.618989232093641,-0.187506024192576,-0.183927118269175,-0.0135541149767798,0.412578576947977,-0.339800767948414,0.421488487238495,-0.706748562411694,-0.339800767948414,-0.339800767948414,-0.816831873195122,0.0511662051015767,0.0116931685307799,-1.17177265135889,0.264316397507863,0,0.0216216216216217,1.64542936288088,0.287072243346008,0.844088899851721,0.5,0.0450003606466475,0.942961843468985,0.950015808375291,0.0232801692047108,0.986930814388814,0.833649598325601,-0.24729475666112,0.386729171806892,0.0871542239985848,0.0872979263280215,0.0799702643258065,671.0000000001,0.374613573532418,0.137828506006345,3540.0000000001,3.1203217064315,3.49493527986392,0.0691848331155831,-1.16142580413342,-0.544370862326795,-0.181561921033042,-0.653656455030992,-0.597764147133313,-0.421988031366934,-0.535489376210306,0.0255779042079674,-0.58317096662848,-0.103763694453986,-0.118699308926538,-0.156228573727741,0.100056561015624,0.0940775396220941,0.88877101056304,0.434593949105238,0.676414028971749,0.668054363157543,0.679057765258312,0.383483304091984,-0.539959220676343,-1.83457528667818,-0.195564279726464,-0.470845129232817,-0.446062273048716,-0.310315262812359,-0.672245074458517,-0.310858872589652,-0.688764417542156,-1.35618002759638,-0.187943216701152,0.134060157837151,788.0000000001,4.2255761719735,0.134060157837151,788.0000000001,4.2255761719735,1.88742908065121,1.00559663755691,1e-10,3540.0000000001,0.00741575321104185,0.0617690798045412,0.069697487375346,0.584388848103117,5260.17274392335,0.0156249669969604,116,2,"SNETWORK (2 36 5260.17274392335 0.069697487375346 7000175 116)",7
29,7000176,-0.462458060157921,82,-0.361841926944517,-0.698245294676348,-0.562675121066356,-0.564925299345405,-0.567713055283144,0,0.0562487525976859,0.934768557371667,-0.161616161616162,1.04906017584503,-1.34733916878216,1.11183212376498,1.04906017584503,1.04906017584503,0.0301257113488233,-0.609701305634565,-0.620991691122236,1.79902695556616,-1.35503989598765,-0.606217616580312,0,0,-0.712927756653993,-0.462458060157921,-0.5,0.844613103566032,-0.0877438824970965,-0.0870935097988607,-0.621946691645992,-0.083784973680125,-0.459283677778851,0.510293746524878,-0.155111440085533,-0.0750801643893119,6.85525745502372,0.0399850261056294,2884.0000000001,31.6092208897392,0.104557427934338,3302.0000000001,0.551984300166773,32.161205189806,0.766154162802027,0.625679444161162,-0.848861842520652,1.14409878107484,-0.404652260248051,-1.81434850042802,0.472650063752145,-1.96109381680372,0.372076668558273,-3.24866149593498,-3.0224927144927,2.57878315311275,1.67497978386981,-0.189855723871902,4.12179184951462,0.177966116763023,-0.745145233155835,-0.178331149934657,-0.189046423999479,-0.18730165094911,0.645270548324941,-0.351855974573461,0.927172836710861,-0.150044883677425,-0.556035517645295,-0.794399558376941,-0.727320430811062,0.149040001042988,-0.935970256336125,0.349743590336803,0.0412578324302059,0.892495050203809,0.0168800675566702,476.0000000001,0.321396484475079,0.0168800675566702,476.0000000001,0.321396484475079,0.0418476681255104,0.0131422435980693,1e-10,3302.0000000001,0.753004622230897,0.013149540471129,0.989313456328679,1.98137706983835,1606.24148903239,0.25,95,2,"SNETWORK (2 29 1606.24148903239 0.989313456328679 7000176 95)",7
28,7000177,-0.135017560775982,97,-0.361841926944517,-0.698245294676348,-0.562675121066356,-0.564925299345405,-0.567713055283144,0.265181484061937,0.356449653239242,1.07157055467146,-0.569847336215358,0.243480174973321,-0.809853442081294,0.811092053173763,0.243480174973321,0.243480174973321,-0.104569538240921,-0.825937145325432,-0.834359686471302,1.287887379662,-1.47076572218803,0.393782383419688,-1.16859716859717,-1.44967682363804,0.0792141951837772,-0.135017560775982,-0.5,-0.320389184084149,1.47006302678212,1.49157997794254,0.567021371320926,1.61422156205531,-0.127167277603664,1.7757899682597,-0.542202483756888,-1.24863825165681,1.56957342994924,0.0399850261056294,11641.0000000001,29.2123632995167,0.0657298977874967,4763.0000000001,0.500539440120421,29.7129027395372,0.535191463789774,0.223396043191913,0.611921035529203,2.45278209790832,3.13452253983349,0.86691693783466,0.770643590092776,0.710308496157812,0.111803726028085,0.989201686786448,0.576448537842156,0.352961423922899,0.375998055753396,-0.03048642296644,1.01261499776351,0.0350131271643967,-0.829978526039236,-0.32358597102825,-0.331945636842458,-0.32094223474169,0.782170578040952,0.161154672562488,0.432019290403513,-0.316946691822087,0.156063440195899,-0.742085007295764,-0.695204170220608,-0.301065522749612,-0.754580101386169,0.455066530207965,0.32833664785323,-0.141590473117996,0.0264176467270877,958.0000000001,1.01232421885025,0.0264176467270877,958.0000000001,1.01232421885025,0.588627959789768,0.353566866383069,1e-10,11641.0000000001,0.526175702493765,0.00901576119600838,0.19692855096247,0.776994062776665,1772.49364953845,0.125,11,2,"SNETWORK (2 28 1772.49364953845 0.19692855096247 7000177 11)",7
43,7000178,0.639035656924384,96,0,0.230175963096256,0.354270929498081,0.350983481983268,0.358474665810763,0.0671805692117108,-0.0413408077058048,0.156893847776237,-1.08794352901865,-0.00519584733667271,0.947981225616378,-0.805731918724174,-0.00519584733667271,-0.00519584733667271,-0.676469213358005,3.44490218760666,3.49722072578094,-1.37964670349813,4.37852551075852,0.124352331606218,-0.494208494208494,-0.193905817174515,-0.237642585551331,0.639035656924384,0.25,-0.543378131169415,-1.36957846825004,-1.33171362383687,0.382868686715306,-1.17123125694988,0.631366326730516,0.757666469016447,-1.0319170984456,-1.46006898873724,0.0467895128763061,0.0799701818409082,1147.0000000001,0.343216459439037,0.0656183627607745,958.0000000001,0.402019449606528,0.745235908945565,0.0223757048391717,-0.188992816589962,-0.100394707620572,1.48197824136153,0.344949391990116,-1.31207141497125,1.01907325318895,-1.79048863184487,-0.883422211901312,-2.84705674917409,-0.55958241934214,-0.929231199979543,-1.10016987831208,-0.187126344143319,-0.563262370193063,0,0.0363195055765458,0.676414028971747,0.668054363157539,0.679057765258309,0.983288553053659,0.456062969681475,-0.776352353484824,6.60254931593714,0.156063440195899,1.24392955883265,1.1246880361356,0.103338457548789,1.4471413106402,-0.765829244143176,-0.515474115370463,-0.187943216701152,0.0189331966659981,536.0000000001,0.405927734475172,0.0189331966659981,536.0000000001,0.405927734475172,0.0818072284596034,0.0305311788774739,1e-10,1147.0000000001,0.0103050726147788,0.0120706321243929,0.749164926136569,0.907941099139862,3890.35750079468,0.0312500660060792,348,2,"SNETWORK (2 43 3890.35750079468 0.749164926136569 7000178 348)",7
41,7000179,0.361309111702232,114,0.342105382036989,0,0,0,0,0.641475982942121,0.577077976475598,-0.12189756511499,-0.741004114195017,0.588680677528738,0.577197134599251,0.00830622276404252,0.588680677528738,0.588680677528738,0.368944639837268,-0.396870108878967,-0.513721730658806,-0.368140188937559,-0.49556067711665,-0.606217616580312,0,0,-0.712927756653993,0.361309111702232,0,-0.310767262182994,-0.116374116905846,-0.115461373345317,0.273266071703049,-0.110844949724671,0.362851492583676,0.551595392903331,-0.700422732132577,0.456257948442251,0.132300082255776,0.0799701241440398,990.0000000001,0.837627347063373,0.163028113106539,1466.0000000001,1.52845272809961,2.36608007506298,0.0566567418227725,-0.580365459532043,0.0124879170534732,0.250798860279436,1.03955992521383,0.942715108385793,0.510538737435985,1.02308352892596,-0.392218746433347,0.955719138587832,0.581160613761472,1.19715152524716,1.19486173741401,0.05036515176057,2.13441893639913,0.915254083867404,-0.0283081595192638,0,0,-1.55600483282998e-15,-0.0592441513054541,-0.0703869693395718,0.389157306999842,-0.158015610943088,0.0627226505118233,-0.459373401524717,-0.42298910387238,0.126729966865728,-0.54031157294977,0.433083262928678,-0.0731401202465683,1.41744482001944,0.0736957375476987,239.0000000001,0.7045312501,0.0736957375476987,239.0000000001,0.7045312501,0.22296289809148,0.494341406300243,1e-10,1466.0000000001,0.0200573246691904,0.0365994170535821,0.706729644435203,0.322311574037515,2961.47921141889,0.0625,263,2,"SNETWORK (2 41 2961.47921141889 0.706729644435203 7000179 263)",7
36,7000180,0.837314056188877,85,0.638158073055483,0.521052073640444,0.623124281295046,0.615977027310147,0.618989232093641,-0.187506024192576,-0.183927118269175,-0.0135541149767798,0.413497483449241,-0.339033237365974,0.419855752583127,-0.708499542953261,-0.339033237365974,-0.339033237365974,-0.816932327856977,0.0547903372859658,0.0163912215897908,-1.16832559724087,0.267684753144251,0,0.0216216216216217,1.64542936288088,0.287072243346008,0.837314056188877,0.5,-0.0225835417096669,-0.17902142933285,-0.17744790075839,-0.0617971330260271,-0.169583319010109,0.82277299721035,-0.695691156828268,1.32717493214903,0.16001019121249,0.084687116611712,0.0799702643258065,464.0000000001,0.251299942125374,0.114249178418679,1250.0000000001,0.913314095372006,1.16461403739738,0.0282034915192354,-0.577091988097781,0.117690837825329,-0.258347907985057,-0.27739356553469,-0.0426738015395705,-0.670356981208556,-0.0477744857040463,0.332583095527478,0.489246490870836,1.77594762139101,-0.834336124893348,-0.932077582198697,0.100166778800051,-0.374357765446874,0.881355976037885,0.430873575621597,0.676414028971749,0.668054363157543,0.67905776525831,0.180391925080732,-0.519244065827185,-2.06888346280696,-2.34654997084727,-2.85392214763459,0.114647197177897,0.334819262894536,0.0137344691635984,0.157619059562626,-1.11133477303283,-1.84932789803519,-0.187943216701152,0.0835405355240544,423.0000000001,1.4135058594745,0.0835405355240544,423.0000000001,1.4135058594745,0.558108937912366,0.577721722750414,1e-10,1250.0000000001,0.00608573787674277,0.0221177535424926,0.00513579631049443,0.00311934509891412,5247.81045642127,0.0156249669969604,115,2,"SNETWORK (2 36 5247.81045642127 0.00513579631049443 7000180 115)",7
29,7000181,-0.625833541222275,69,-0.361841926944517,-0.698245294676348,-0.562675121066356,-0.564925299345405,-0.567713055283144,0.0706514538031327,0.123161604070317,0.934610601731511,-0.0053707300433696,1.12667138521372,-1.40462714727133,1.08835280562725,1.12667138521372,1.12667138521372,0.102434482227912,-0.449948756345574,-0.510278832855283,1.2027534026033,-0.997617800404356,0.286010362694301,-0.898841698841699,-0.947368421052628,-0.0475285171102662,-0.625833541222275,-0.5,0.343766342478535,-0.288544700251579,-0.285527929196014,-0.372052528842005,-0.270731300726525,-0.623429888124272,-0.280243390173159,-0.00252323381857061,0.302271927036224,0.369256680473038,0.0399850261056294,5926.0000000001,3.49852332573507,0.0627666642684139,476.0000000001,0.0477673080685859,3.54629063370366,0.0875916050514187,-0.308591531074535,-0.442342983868572,-0.392280687547783,-0.465967647434887,-0.113599311243942,-0.15915911910168,-0.128395637366775,-0.0464763601863924,-0.0409525056559028,-0.111785559660077,0.0567960409255584,0.587101145115814,-0.896577289170626,0.613262974649113,-0.118644023962116,-0.921164041933265,-0.323585971028251,-0.331945636842457,-0.320942234741691,-0.331134814491215,0.0802195055121157,0.0781041290958116,-0.115938511425027,-0.0600558032348083,-0.378798555235793,-0.421918665893885,-1.39916180045215,-0.037948867866244,1.31166543739818,0.945530817964318,-0.187943216692492,0.156935127717801,573.0000000001,3.59695312510088,0.156935127717801,573.0000000001,3.59695312510088,1.81043214132559,1.45898201999589,1e-10,5926.0000000001,0.086411776335701,0.00117982861571767,0.837523315848063,0.779262172501672,1465.42351977298,0.25,84,2,"SNETWORK (2 29 1465.42351977298 0.837523315848063 7000181 84)",7
28,7000182,0.926637160451955,128,-0.111841926944517,-0.494736954820113,-0.562675121066356,-0.564925299345405,-0.567713055283144,0.156200395404373,0.358242264470977,1.15164984948941,-1.027779518131,-1.88485356029876,-1.41165958037355,0.243858067310352,-1.88485356029876,-1.88485356029876,-0.673815044149064,-1.52742376474145,-1.36867831558222,0.370564743386565,-2.05304975113097,0.393782383419688,-1.16859716859717,-1.44967682363804,0.0792141951837772,0.926637160451955,-0.5,-0.687547723230154,-1.52598567075452,-1.47982682749265,0.585208510132255,-1.28791712911015,0.934793952976202,2.26012656453143,-0.97487293362941,0.330198331641519,0.0668430096490812,0.0399850261056294,10156.0000000001,1.08535910348611,0.0574300743935778,4881.0000000001,0.448170174908533,1.53352927829464,0.047367599558058,-0.0797727065519788,-0.314948560261712,1.75321231145905,1.40562624170761,-0.363352183875173,1.91069015959729,-0.513141977071282,0.0209316856970806,-0.674535081673084,-0.232848261567514,-1.71542937418635,-1.88296186014917,-0.160004653658456,-0.652389414765652,0.474576257488161,-0.569126424378405,-0.323585971028251,-0.331945636842457,-0.32094223474169,1.30784014170046,0.379859758617798,1.65220609372748,7.76648866228713,0.156063440195899,-0.550501948337176,-0.828221907749284,-0.275863537266645,-0.538490384346525,0.0719098970785954,0.440223924600733,5.04785390035202,0.175215425425682,403.0000000001,2.82447265635069,0.175215425425682,403.0000000001,2.82447265635069,1.22510029139542,1.35416034027409,1e-10,10156.0000000001,0.0335245345546151,0.0138430649034429,0.639775541426582,0.0528284823521972,2124.06204619255,0.125,36,2,"SNETWORK (2 28 2124.06204619255 0.639775541426582 7000182 36)",7
41,7000183,0.537656862717618,124,0.342105382036989,0,0,0,0,0.658426085141638,0.636636758175026,-0.222590357121178,-0.93279103926933,0.787133090635956,0.734330902835765,0.394903749935336,0.787133090635956,0.787133090635956,0.390753130065201,-0.290772450325183,-0.396434484675109,-0.169560713733778,-0.424200188715921,-0.606217616580312,0,0,-0.712927756653993,0.537656862717618,0,-0.219802401432777,0.222576419723612,0.221952971385305,0.213197321498418,0.218423456168325,0.538129605147429,0.898388227433166,-0.882167941442553,-0.62128846786161,0.111362471239358,0.0799701241440398,2727.0000000001,1.94213554451951,0.0521349543612588,409.0000000001,0.136366547267035,2.07850209168655,0.0468263669842326,0.757492439154023,2.46103260982847,-0.133897848032495,0.913921837057151,1.14394140542218,0.648531999110081,1.1688138308662,-0.69848030830334,0.638153362619069,0.426728381334294,0.947688674422106,1.14984272590164,-0.124502956667698,2.43648375826594,0.915254083867404,-0.0283081595192628,-0.0156825286183622,-0.0218799837009559,-0.0254430054864909,0.33579588095123,0.910971778569855,0.231618496282809,-0.257813802993202,0.130578389872657,-0.930941558335665,-0.793858640429018,-0.500324401063191,-0.920885142715515,0.916800618177713,-0.266285478529893,2.98619168326832,0.0654499177082862,531.0000000001,1.3901562501,0.0654499177082862,531.0000000001,1.3901562501,0.767236484434333,0.684149892465154,1e-10,2727.0000000001,0.0437541785067336,0.00307218837749901,0.773029356831118,0.413739416699111,3074.18167646285,0.0625,269,2,"SNETWORK (2 41 3074.18167646285 0.773029356831118 7000183 269)",7
43,7000184,-0.139037058422866,40,0.0756580730554828,0.31473676207772,0.125190979814175,0.126908484697204,0.131153005061719,-0.850791604775371,-0.777287655464733,-0.140730361575545,-0.195285035050714,-0.542638022332079,0.0708794126180016,-0.333524352240214,-0.542638022332079,-0.542638022332079,0.225387129959212,2.96405238231985,2.87369830064435,0.125917137090975,3.38344152318823,-0.963730569948188,1.15057915057915,3.24099722991689,-0.29467680608365,-0.139037058422866,0.25,0.252209138911381,-0.457330618764553,-0.45136284821584,-0.325246943656567,-0.422845917304386,-0.143502063267803,-0.978649672851272,-0.188446418290978,0.870258760638512,0.0337949705421307,0.0799701818409082,1623.0000000001,0.350773484442816,0.0422229310609101,1698.0000000001,0.458503050180396,0.809276534523211,0.0206061170111345,-0.540247763574662,-0.049371431916762,-0.9784684826299,-0.893942315444185,0.0555615535880173,-1.03243642088584,0.062667544357056,-1.20169234568628,0.199250868972094,0.104392524462271,-2.08379003972095,-1.41256739457296,0.151686528606317,-0.814069319019814,0,0.0363195055765448,-1.4637901463605e-15,0,0,-2.46591132675415,-0.0270391618133139,-0.197223009846746,-0.020239236170683,0.156063440195899,1.32093157983689,1.36511788425621,1.11282066127751,1.26636051094989,-0.696976564177014,0.115308175252093,-0.187943216701152,0.0379331593710499,962.0000000001,1.45966796885062,0.0379331593710499,962.0000000001,1.45966796885062,0.57993066176907,0.191450976998162,1e-10,1698.0000000001,0.0089315322022103,0.0116745847089242,0.311080824155304,0.100976529762645,3251.33786319181,0.0312500660060792,302,2,"SNETWORK (2 43 3251.33786319181 0.311080824155304 7000184 302)",7
41,7000185,-0.782893870125939,28,-0.407894617963011,-0.251052105764176,-0.192309249631537,-0.194095720002018,-0.196546296696359,0.544213724928677,0.872303752874329,0.496999381622977,0.20495791825909,0.364055552716809,-0.149416539916219,0.0198007544789796,0.364055552716809,0.364055552716809,0.539001001427071,0.477600719383025,0.363950025842661,0.376436824907017,0.341706487977859,-0.606217616580312,0,0,-0.712927756653993,-0.782893870125939,0,0.156378317420968,0.554770425746638,0.555887198855062,-0.13462237648589,0.560738503161557,-0.776931403966559,-0.463313999175204,0.197016201990295,0.536022467985102,0.197035353669036,0.0799701241440398,905.0000000001,1.14037654462251,0.123290364680319,1076.0000000001,0.848392747997761,1.98876929252027,0.0422089581071022,1.02462007662062,1.043845223699,-0.75221014702734,-0.374161261649393,0.393189498050653,-0.553464460313954,0.37902652476299,-0.265617136740806,0.299812481675469,0.272732811228327,-0.0351883272224557,0.0934038371370422,0.0793258328819241,-0.317659787956818,-0.305084586862669,-0.363341583505644,-0.242475441883946,-0.250263948301371,-0.251221420457761,-1.08182097804555,0.316274732032498,-0.259014865820745,0.538561874492841,-0.109629257722519,0.701369873905347,0.588968171332329,-0.0123006404059034,0.847034007033372,0.799813296656432,0.645697651468744,-0.187943216701152,0.074481201271875,280.0000000001,0.834189453225,0.074481201271875,280.0000000001,0.834189453225,0.504420203313981,0.760640165124288,1e-10,1076.0000000001,0.0242029610289573,0.0180059969781448,0.138067174063985,0.571393495535705,1994.81344662478,0.0625,203,2,"SNETWORK (2 41 1994.81344662478 0.138067174063985 7000185 203)",7
34,7000186,1.49357132646225,129,0.953947685431969,0.757894567769832,0.437324878933644,0.435074700654595,0.432286944716856,0.0744672019276779,-0.0275749360500808,-0.0833028791366724,-1.08763722685156,-0.716194043203199,-0.00618081746698537,0.397783821925727,-0.716194043203199,-0.716194043203199,-1.16008995727075,-0.109555992436585,-0.105941890884032,-0.83052951544873,-0.0230583545853825,-1.11917098445596,0.839124839124839,1.32040627885503,-1.18821292775665,1.49357132646225,0.5,-0.891362355827093,0.605045905529343,0.606698110223828,1.47891109225143,0.614309786978921,1.49725214762322,1.77354865580753,-1.00614524220742,0.787426198957345,0.043518085436641,0.0799702643258065,573.0000000001,0.159470906745073,0.0291294433231155,1990.0000000001,0.370716846449219,0.530187753094292,0.0111514148456537,0.269599834899559,-0.610194637017272,0.908235531664506,0.962880741124535,0.086778100818507,1.02185282567459,0.0834087584324923,-0.78267741772681,0.154575197171682,0.0589394339868458,-0.847534280715508,-0.445897117490853,-0.066413951765453,-0.312455421366312,0.949152514976322,0.464889228842547,0.533538025322186,0.521496555836011,0.52301914091836,-0.258995554909022,0.463050440613999,0.268250550641298,1.36537100292806,0.156063440195899,-1.31375738395204,-1.12920419468748,-0.656899848712519,-1.32422370773276,0.388774761653301,0.184046151551972,2.55186948124717,0.0867292648441081,1082.0000000001,3.75364257822367,0.0867292648441081,1082.0000000001,3.75364257822367,1.66433692345359,0.604728600943272,1e-10,1990.0000000001,0.00335414428157073,0.00779727046408302,0.155981074266395,2.23154063991048,5751.85700305828,0.00781248349848019,99,2,"SNETWORK (2 34 5751.85700305828 0.155981074266395 7000186 99)",7
43,7000187,0.385305568714069,81,0.0756580730554828,0.31473676207772,0.354270929498081,0.350983481983268,0.358474665810763,-0.571274189361352,-0.576994874534489,-0.154406894698375,-0.728219479425544,-0.13841732147924,0.451680761737129,-0.205179030815993,-0.13841732147924,-0.13841732147924,0,2.98705567623266,3.0351235624487,-0.483562250047292,3.58111496590017,0.124352331606218,-0.494208494208494,-0.193905817174515,-0.237642585551331,0.385305568714069,0.25,-0.535734077529049,-0.182222091381373,-0.180611597006642,0.588689146905699,-0.172566936356461,0.380501826055904,0.227711655002568,-0.689050086355786,-0.241420880138275,0.0513994469554379,0.0799701818409082,1504.0000000001,0.494381769509044,0.0653807726600647,832.0000000001,0.347880063320183,0.842261832729227,0.0204088384306815,-0.520814938978893,-0.168547738668245,0.0487309401530266,0.49034748043436,0.521272292981692,0.280452782099763,0.57198199468793,-0.571211786072568,0.547207863325049,0.234267735428749,-0.421307708176719,-0.533153161591356,0.0548533314846317,-0.426842684268427,0,0.0363195055765448,0.676414028971747,0.668054363157543,0.67905776525831,-0.173077013766369,-0.21829020863333,-0.382143601739177,1.43839240044092,0.156063440195899,0.315489214491131,0.255402762555335,-0.210615812798977,0.451309329842117,0.0173467073336485,0.159869745890026,0.157849563121974,0.0326005261192411,929.0000000001,1.21143554697551,0.0326005261192411,929.0000000001,1.21143554697551,0.462586384489538,0.146286348011571,1e-10,1504.0000000001,0.0119793598791114,0.00842947845157006,0.628173132767549,0.482362208713312,3713.87053949678,0.0312500660060792,336,2,"SNETWORK (2 43 3713.87053949678 0.628173132767549 7000187 336)",7
28,7000188,-0.169116018847352,96,-0.361841926944517,-0.698245294676348,-0.562675121066356,-0.564925299345405,-0.567713055283144,0.265181484061937,0.356449653239242,1.07157055467146,-0.566314419174516,0.261166136028457,-0.814969738536491,0.819587401344675,0.261166136028457,0.261166136028457,-0.100570091764528,-0.820863924834358,-0.829445643447247,1.29383664444314,-1.46636487316173,0.393782383419688,-1.16859716859717,-1.44967682363804,0.0792141951837772,-0.169116018847352,-0.5,-0.260878802300872,0.93165449203493,0.938477715858755,0.38450772763964,0.974100861604153,-0.151077766211722,3.34057075091353,-0.538340324039806,-0.795535976494612,0.235372156204196,0.0399850261056294,16289.0000000001,6.12977134494424,0.0569232104301258,2870.0000000001,0.261195714912748,6.39096705975699,0.126770683825961,0.682000898760024,-0.696390973851179,1.69868578056489,2.99874744469475,1.59038369834931,1.56702085111123,1.43203558656698,0.755012602531831,0.604289793953566,0.329324956562734,-0.0295398249369901,0.501567235599371,-0.0301151431351403,1.28322997134878,0.157061401918917,-0.757550820489079,-0.323585971028251,-0.331945636842458,-0.32094223474169,1.02736468280789,-0.301497019542243,1.48682799411455,0.199310207144661,0.156063440195899,-0.730502237245476,-0.671014099318208,0.0820020850881406,-0.843695432825716,0.526793048305178,0.174269792330612,-0.0224145650178154,0.00733879440970149,603.0000000001,0.177011718850043,0.00733879440970149,603.0000000001,0.177011718850043,0.0264058093779859,0.0676673756763955,1e-10,16289.0000000001,0.121589627550266,0.00518105617569565,0.18376389652172,0.149438371060057,1762.04246311538,0.125,10,2,"SNETWORK (2 28 1762.04246311538 0.18376389652172 7000188 10)",7
43,7000189,-0.430080642222664,17,0.0756580730554828,0.31473676207772,0.118081199488201,0.12698938418892,0.129762766215853,-1.12703075030543,-0.991555052628379,-0.267492272094211,0.4273367722713,-0.38690355693645,-0.0446711503335458,-0.517612891247942,-0.38690355693645,-0.38690355693645,0.356848046462289,3.06228193671722,2.96265686137686,0.280369211309258,3.45772507749328,0,0.0216216216216217,1.64542936288088,0.287072243346007,-0.430080642222664,0.25,0.614795308550736,-0.240405436268458,-0.238068368419689,-0.526833439612226,-0.226513073631074,-0.429746396172246,-0.66461719119205,0.408405296488198,0.667991601211367,2.05288298099428,0.0799701818409082,1044.0000000001,13.7063197450627,0.0838975335413966,399.0000000001,0.214081064111258,13.920400809074,0.34085822287595,-0.299135591068887,-0.304511157976664,-0.52523075318995,-0.716067587406716,-0.25840874048069,-0.616287454545207,-0.288020021337569,-0.164483619456005,-0.210558437544722,-0.365178076459215,0.193818539555378,-0.12866741006937,0.221833520255419,0.00791232969450791,-3.01077401207183e-16,0.0363195055765458,0,0,0,0.270722030522885,-1.92839857811612,0.276432687671014,-0.887717993874339,0.156063440195899,-0.317414891027398,-0.253786700631338,-0.447565755312116,-0.221393370346643,-0.0292597190211103,0.162490789981581,-0.187943216644022,0.00829674596776859,242.0000000001,0.0803125001000339,0.00829674596776859,242.0000000001,0.0803125001000339,0.072117404390439,0.059554024417407,1e-10,1044.0000000001,0.335616183267877,0.00524203950807365,0.124491544684709,2.58828514538835,2979.165891626,0.0312500660060792,287,2,"SNETWORK (2 43 2979.165891626 0.124491544684709 7000189 287)",7
37,7000190,0.221700241898638,26,0.638158073055483,0.521052073640444,0.623124281295046,0.615977027310147,0.618989232093641,-0.589526465605128,-0.614441974241078,-0.16824963142729,2.00891756990999,-0.348560041941984,0.0666147692145283,-0.46285409669285,-0.348560041941984,-0.348560041941984,-0.626793803229661,0.037238796762638,0.15543294878834,-0.524523806864413,0.0669468989970232,0.143005181347151,-0.438610038610039,0.349030470914128,0.119771863117871,0.221700241898638,0.5,-0.764239222293449,-0.689505125263683,-0.678009929852862,0.897708443131747,-0.624847880802169,0.220346434763286,0.0945992248555067,1.89505386956164,0.369528955742159,0.0781522086168948,0.0799702643258065,594.0000000001,0.296882612028229,0.14325667962937,492.0000000001,0.450751359667518,0.747633971595747,0.0198507612879428,-0.895379213708182,-0.262555030708353,0.250992439176135,0.693480576085578,0.534819329652703,0.304558988820265,0.642045867964681,1.54629385510398,0.11741736803344,0.151149585726093,0.452214776884002,-0.0991028440748716,0.328606806789722,-0.13989530821214,0.881355976037885,0.430873575621596,0.676414028971749,0.668054363157545,0.67905776525831,0.0974831969917033,-0.647325676587432,0.983083252267364,0.542214920956267,0.119110502141215,-0.202958308152868,-0.101361487715484,0.45600727031386,-0.330245956638727,-0.384143620791575,-0.204198821752675,0.0139433027356359,0.00637113141009615,260.0000000001,0.0662597657249765,0.00637113141009615,260.0000000001,0.0662597657249765,0.141404955343973,0.183783312177676,1e-10,594.0000000001,0.00788266191068004,0.0119680992772627,0.304154926729572,2.34364391821178,4540.46297150923,0.0312499339939208,143,2,"SNETWORK (2 37 4540.46297150923 0.304154926729572 7000190 143)",7
43,7000191,-0.440874983532393,16,0.0756580730554828,0.31473676207772,0.118081199488201,0.12698938418892,0.129762766215853,-1.12703075030543,-0.991555052628379,-0.259463580734913,0.43627174571351,-0.377837795207354,-0.0307159481190121,-0.521037203407746,-0.377837795207354,-0.377837795207354,0.357452979078126,3.04757019978696,2.95005325468852,0.271792113934265,3.44253865939086,0,0.0216216216216217,1.64542936288088,0.287072243346007,-0.440874983532393,0.25,0.60057834098113,-0.14548119819662,-0.144276272607755,-0.512269088778776,-0.138216341399193,-0.440712971689904,-0.762189513048676,0.409754091619377,0.697448659257814,2.00214426550706,0.0799701818409082,799.0000000001,10.2305342316844,0.155423502912783,750.0000000001,0.745476782251867,10.9760110138362,0.26420592542523,-0.315907378786719,-0.123092946832507,-0.662045317838553,-0.783462174806757,-0.179330776867485,-0.767149688754408,-0.196621295622973,-0.332610804102842,-0.170052556641584,-0.315085960145733,0.489801576887284,0.284568105109897,-0.980133345868061,0.51992287140802,0,0.0363195055765448,0,0,0,0.344572649194189,1.1479821710928,-0.606159479298343,-0.102930345723198,0.156063440195899,-0.816662466190656,-0.694470248818315,-0.7483768531911,-0.72153211427049,1.65719626449308,0.507787036635097,-0.187943216701152,0.0298451207140351,342.0000000001,0.408281250100173,0.0298451207140351,342.0000000001,0.408281250100173,0.0829197809134516,0.122949497911938,1e-10,799.0000000001,0.246261393127657,0.0179445321975733,0.117440162102984,1.23098866362125,2968.88025943439,0.0312500660060792,286,2,"SNETWORK (2 43 2968.88025943439 0.117440162102984 7000191 286)",7
43,7000192,0.253388122580663,70,0.0756580730554828,0.31473676207772,0.354270929498081,0.350983481983268,0.358474665810763,-0.628387788140135,-0.595003975765433,-0.176035372855771,-0.449529756559391,-0.14164899317956,0.632321166497958,-0.487403822221955,-0.14164899317956,-0.14164899317956,0.209433316649254,2.65458502872652,2.56357094913525,-0.854453686636614,3.28730594920766,-0.963730569948188,1.15057915057915,3.24099722991689,-0.29467680608365,0.253388122580663,0.25,-0.442494905946287,-0.364168800721752,-0.359939611380755,0.412018943914408,-0.33944430843727,0.250178028436026,1.57567110456381,-0.428028620774735,-1.0636519724235,0.0507896358147237,0.0799701818409082,1220.0000000001,0.39626990855145,0.0805722655233138,3149.0000000001,1.62261094608904,2.01888085454049,0.0505494940166556,-0.13518911309563,-0.0786317812403105,1.3094482379557,0.394334757953989,-1.05221447325164,1.2115748386122,-1.19623647724282,0.643156176998607,-1.07485839026127,-0.818841851716715,0.0286790583304141,0.265303080045109,-0.94248843096732,-0.125285605483625,0,0.0363195055765448,0.676414028971747,0.668054363157545,0.67905776525831,-1.24600747723082,0.0711936781025348,-0.821861493056281,1.09969703886961,0.0438766596818813,-0.20278940049671,-0.340478621687193,-0.678768696757724,-0.0261502051759468,-0.111116305978383,-0.623417478403516,-0.187943216550593,0.0565414981233434,830.0000000001,1.87717773447579,0.0565414981233434,830.0000000001,1.87717773447579,0.77729562052165,0.34905392400733,1e-10,3149.0000000001,0.00992195417701938,0.0406275397396362,0.543268799792005,2.14979758076315,3590.02323290983,0.0312500660060792,325,2,"SNETWORK (2 43 3590.02323290983 0.543268799792005 7000192 325)",7
41,7000193,0.435131642752431,118,0.342105382036989,0,0,0,0,0.625951170544112,0.552412321535239,-0.169512758588241,-0.796831164853219,0.567592376441928,0.649042634781438,0.0809728047389462,0.567592376441928,0.567592376441928,0.336074992491595,-0.497792328870585,-0.615661642732182,-0.421167043243781,-0.60137483632708,-0.606217616580312,0,0,-0.712927756653993,0.435131642752431,0,0.101241363318721,0.0559957205322475,0.0557010404760649,-0.147050707425119,0.0541488546323332,0.433009683138621,-0.0188543263170925,-0.756677358335389,1.01539594948593,0.131423742994018,0.0799701241440398,1425.0000000001,1.19768948098373,0.0857658288649657,588.0000000001,0.322512947338578,1.5202024282223,0.0352900089058086,0.593317353826848,-0.443709146188626,-0.300213082334411,-0.279399810723835,0.00353273697181391,0.00637347628710183,0.00329856634270156,-0.961494850922002,0.211924525714759,0.0697609108916241,-0.026979621559025,-0.326412301653755,0.0363788889233519,-0.246104280757746,0.915254083867404,-0.0283081595192628,0,0,0,0.108379145145736,-0.302242327923346,1.03131500067534,0.764566767482026,0.0165095629419482,0.534942022051324,0.536013277260285,0.811672392963622,0.432790188358004,0.751785287639857,0.955351207257107,-0.187943216701152,0.0107416339931406,441.0000000001,0.189482421975,0.0107416339931406,441.0000000001,0.189482421975,0.0205106662926805,0.0388470949577396,1e-10,1425.0000000001,0.0278031869605793,0.00748682184522932,0.733146974057357,0.682906623289455,3006.38586426403,0.0625,265,2,"SNETWORK (2 41 3006.38586426403 0.733146974057357 7000193 265)",7
43,7000194,-0.539380705850696,8,0.0756580730554828,0.31473676207772,0.118081199488201,0.12698938418892,0.129762766215853,-1.10076889535517,-0.972858449052603,-0.240076976487231,0.536940737492081,-0.261744804590997,-0.159737447168281,-0.517203215992009,-0.261744804590997,-0.261744804590997,0.37920519307103,2.86592081747201,2.78783824575891,0.193759843095847,3.2472146007181,0,0.0216216216216217,1.64542936288088,0.287072243346007,-0.539380705850696,0.25,-0.00932401595637884,0.242227472740144,0.241618809742424,-0.0184008099662341,0.2381216420384,-0.537644251505929,-0.717399716450585,0.504923102228802,0.304424027566818,5.89109120493516,0.0799701818409082,173.0000000001,6.51775476177491,5.79967788430618,42.0000000001,1.5577915000331,8.075546261708,0.181291601082434,0.570301055157035,0.981982559459847,-0.269544521955393,-0.216212843769112,0.04201152292127,-0.787958850155938,0.0427225434488003,-0.286998665246925,0.066604157099464,0.00178377642106406,-0.297524324012131,0.0569403712041622,0.111314324729549,0.670704433080671,3.01077401207183e-16,0.0363195055765467,1.4637901463605e-15,1.49871635330658e-15,1.55600483282998e-15,1.20599904696481,-0.00515606167650183,-0.363367029227668,-2.17006718874031,0.156063440195899,-0.302610856764794,-0.194276372492776,-0.522975542908768,-0.183979316407318,-0.498841083818717,-0.525881830788592,-0.187943216701152,6.37607421885,5.0000000001,1.27521484385054,6.37607421885,5.0000000001,1.27521484385054,0.492736094348802,53.8722079124113,1e-10,173.0000000001,0.146320033007853,0.0349715679745811,0.0543593644438205,1.43160110359194,2876.86626422764,0.0312500660060792,280,2,"SNETWORK (2 43 2876.86626422764 0.0543593644438205 7000194 280)",7
35,7000195,1.15935878641443,112,0.953947685431969,0.757894567769832,0.623124281295046,0.615977027310147,0.618989232093641,0.119216842314005,0.0963345424331666,0,-0.224470758585162,0.0230590521276392,0.990824711000056,-0.128770814199131,0.0230590521276392,0.0230590521276392,-0.713531893230495,-0.00890904932122904,-0.115217701224171,-1.32120636653453,0.234236391434524,-1.11917098445596,0.839124839124839,1.32040627885503,-1.18821292775665,1.15935878641443,0.5,-0.175543772900952,-1.0846054874356,-1.05967947800306,-0.0297458245468123,-0.950202900219285,1.1460848693341,0.453573741655433,-0.21467883872029,-0.0148114916943679,0.0739860042771989,0.0799702643258065,251.0000000001,0.118762780381053,0.0902149056589427,2220.0000000001,1.2808206922762,1.39958347255725,0.039910352174614,-1.23928045644708,0.306964883651098,0.520091981070286,-0.506505020234474,-1.23040674355548,0.712079252469735,-1.59433412859552,0.508786603310025,-1.239466088785,-0.469865291116537,2.57033827460501,1.91786353688982,0.0271275381142373,4.52362818699452,1.43963250348669,0.583683571636397,0.742121732651958,0.726947521376674,0.722722417631909,-0.0984247730921599,0.647358978593503,0.22398538367795,-0.0180666564928285,-1.15705412231026,-0.782986347223272,-0.745985053031372,-0.637322686578306,-0.712102910717196,0.343074250888703,-0.430956704695338,2.34857884730975,0.103343507806127,661.0000000001,2.73240234384903,0.103343507806127,661.0000000001,2.73240234384903,1.18157687008809,0.745442594169333,1e-10,2220.0000000001,0.00338662499783244,0.0365237270767815,0.484382511734343,2.07416782032952,5558.56939619131,0.0156249669969604,108,2,"SNETWORK (2 35 5558.56939619131 0.484382511734343 7000195 108)",7
29,7000196,-1.01974991661084,35,-0.361841926944517,-0.698245294676348,-0.695629464068801,-0.700108350003007,-0.706051805186474,-0.0922938171590436,-0.0794351716534078,0.899705560208108,0.432140147164268,0.898081546821876,-1.21682610840648,0.812846692641246,0.898081546821876,0.898081546821876,-0.12848151986575,0.0932671174152993,0.122665500627837,0.630438977992842,-0.188566594286214,0.888230940044412,-1.64368450082736,-1.9192718638702,0.441336230309614,-1.01974991661084,-0.5,1.32665126734091,2.4491474974476,2.51560182995943,-0.660851969992156,2.94553090382183,-1.01493357670342,-0.832967441058858,0.405296488198043,0.823578778856133,2.2686497795721,0.0399850261056294,914.0000000001,3.31518996136268,0.510731865477987,85.0000000001,0.0694075391919896,3.38459750045467,0.0511772263643612,0.779348789877963,-0.0192481614739102,-0.917603466795596,-0.521412508042697,0.419551101920613,-1.33410151808477,0.291193269907141,-1.0742528454046,0.173229786597763,0.1443303689113,-0.161841430020784,-0.223482660719371,0.101649863411716,-0.111667210677112,-0.118644023962116,-0.921164041933263,-0.405788377193844,-0.417805535283672,-0.413266069040298,0.195636831077326,0.981578525442055,-0.0662643070488703,0.719262545659175,-2.00369894587728,0.116843941482394,0.596635877373117,0.740076043905244,-0.0343447495655242,-1.11460340471822,-0.0737644353079379,-0.187943216701152,2.10687561045156,160.0000000001,13.4840039063533,2.10687561045156,160.0000000001,13.4840039063533,6.26406732568349,17.7143170330782,1e-10,914.0000000001,0.0501277409615472,0.00104948530281401,0.421357872310215,0.282332425005734,1079.34065266854,0.25,57,2,"SNETWORK (2 29 1079.34065266854 0.421357872310215 7000196 57)",7
43,7000197,0.653042232755262,97,0,0.230175963096256,0.354270929498081,0.350983481983268,0.358474665810763,0.0832710513187514,-0.022484040598436,0.156216829996804,-1.08871276514281,-0.0120194617130217,0.949155443535758,-0.80495678265344,-0.0120194617130217,-0.0120194617130217,-0.67747461150044,3.42696685291158,3.47843282364493,-1.39191024383463,4.36051807680458,0.124352331606218,-0.494208494208494,-0.193905817174515,-0.237642585551331,0.653042232755262,0.25,-0.621046128978503,-2.29092980956595,-2.19152780809722,0.338405424483381,-1.81457600905138,0.649936093106589,1.55176842233406,-1.03255201908052,-1.44198810015528,0.0625917008106628,0.0799701818409082,1191.0000000001,0.476743389353994,0.0664122586638369,769.0000000001,0.326610961398846,0.803354350652841,0.0285128077424755,0.503968301286434,-0.187958772112361,1.31731841756992,0.710372677888015,-0.678096197903623,1.7987365031708,-1.09789973912469,-0.275408649306901,-2.28114682163538,-0.614183356969993,-0.791656306756484,-0.278725584987578,-0.187088948449744,-0.482555398396983,0.514355203049639,0,0.676414028971746,0.668054363157543,0.67905776525831,0.345880449804046,0.387314871312821,-0.638532686733981,4.13087706893636,-3.72408315055339,1.29651520813809,1.23748794464889,0.139317398256606,1.4986707710536,-0.494913104534596,-0.358344510863145,-0.187943216596357,0.0451258830195206,438.0000000001,0.790605468850334,0.0451258830195206,438.0000000001,0.790605468850334,0.483817209116951,0.512015893578935,1e-10,1191.0000000001,0.0169206683741322,0.0115921392683433,0.756310381582841,0.854915839503519,3900.78035414438,0.0312500660060792,349,2,"SNETWORK (2 43 3900.78035414438 0.756310381582841 7000197 349)",7
28,7000198,-0.0706102965290489,100,-0.361841926944517,-0.698245294676348,-0.562675121066356,-0.564925299345405,-0.567713055283144,0.248668776679984,0.361900610940539,1.09615829756188,-0.606993435387646,0.0932735673172213,-0.763498254771827,0.760361632199795,0.0932735673172213,0.0932735673172213,-0.148493115889115,-0.83596427181813,-0.833009502673071,1.34906662768902,-1.49983455833407,0.393782383419688,-1.16859716859717,-1.44967682363804,0.0792141951837772,-0.0706102965290489,-0.5,-0.679311899667525,1.14823367985193,1.16006493796888,1.12856651057474,1.22433348878779,-0.0567730923156949,1.75119872464315,-0.57523151574965,-0.0381769881669197,1.25959665519659,0.0399850261056294,14495.0000000001,29.1906982792242,0.0857188295219273,3283.0000000001,0.449926817955867,29.64062509708,0.565562649961194,0.366279277598212,1.3703690198577,1.18078826702826,1.2683304157965,0.130084508626625,0.851775315288813,0.114139236985776,0.124563635724523,0.507882600557005,0.272683576156157,0.437157356924753,0.529244526269697,0.0802731727139041,1.3020466881853,0.0665994243471902,-0.811234114974216,-0.323585971028251,-0.331945636842457,-0.320942234741688,0.852711931942082,0.0266322165484995,0.370942980779182,0.23334479024153,0.0353179409043867,-0.325580843852653,-0.253384525888994,-0.0751239305869904,-0.33063375407953,0.0905009111418388,0.427168736371431,0.660601527728596,0.0490045390067691,602.0000000001,1.18002929697529,0.0490045390067691,602.0000000001,1.18002929697529,0.447740041370867,0.285219801892873,1e-10,14495.0000000001,0.556977749828971,0.00858490003222318,0.242469047440104,2.41641401110499,1808.64744458332,0.125,13,2,"SNETWORK (2 28 1808.64744458332 0.242469047440104 7000198 13)",7
37,7000199,0.578760010202909,60,0.638158073055483,0.521052073640444,0.623124281295046,0.615977027310147,0.618989232093641,-0.494281516763301,-0.519962593568805,-0.151986156793945,1.72566116018907,-0.496136378252366,0.11571798463654,-0.417800844562056,-0.496136378252366,-0.496136378252366,-0.664250046757514,-0.200894994633777,-0.125813895912959,-0.635874352109823,-0.186575950245295,1.08031088082902,-1.42471042471043,-0.650969529085872,0.922053231939164,0.578760010202909,0.5,1.01780648784431,1.61656570272508,1.64335503782065,-0.587274332556877,1.79914584567962,0.575152499103444,0.0170958548850722,1.64873098116621,0.301051661077123,0.0518773619553366,0.0799702643258065,175.0000000001,0.0580594602268674,0.212612604165375,1925.0000000001,2.61744040635816,2.67549986648503,0.0469443988981512,-1.36748174536028,1.86942812210966,0.255800552606223,0.00263387077973461,-0.296857689719513,-0.347251202465856,-0.233948523432493,0.82570765353643,-0.157711126328943,-0.464080576692075,-0.19215692757741,-0.315763909272576,-1.13425363347965,-0.146574547564647,0.881355976037885,0.430873575621596,0.676414028971749,0.668054363157545,0.67905776525831,0.387184761040436,-1.75087663735288,0.606709072890471,0.403165334722233,-2.14303845465619,0.586082198129002,0.684548575704623,1.1710721999203,0.396024463985868,-1.25188593550463,-1.54524740871156,-0.187943216701152,0.106752905615161,404.0000000001,1.72512695322439,0.106752905615161,404.0000000001,1.72512695322439,0.705418269042109,0.774318419646429,1e-10,1925.0000000001,0.00101871298311206,0.0459256858150392,0.706706205460182,0.197827936850764,4949.09957060224,0.0312499339939208,171,2,"SNETWORK (2 37 4949.09957060224 0.706706205460182 7000199 171)",7
37,7000200,-0.0136618072042628,7,0.638158073055483,0.521052073640444,0.649161038498292,0.645874990233288,0.652741863980251,-0.613960194640579,-0.634308143915375,-0.149697769358065,2.12674296375192,-0.284873466004131,0.0791907333848958,-0.473511118560929,-0.284873466004131,-0.284873466004131,-0.604131544523988,0.161506270008404,0.318186803533921,-0.414593110654394,0.184777112713241,0.143005181347151,-0.438610038610039,0.349030470914128,0.119771863117871,-0.0136618072042628,0.5,3.91035988776905,0.0108523772340353,0.0107879672899107,-0.986755521199577,0.0104528362180474,-0.0165691611617047,0.364085382159093,2.00687227568057,-0.703218396016788,0.231234427435669,0.0799702643258065,2371.0000000001,3.50623572444572,0.191205180350108,32.0000000001,0.039129715978947,3.54536544032467,0.0829733580603445,0.0758159748894656,0.739318505814443,0.64223682466039,0.104924261291484,-0.612379011483393,0.336153095171124,-0.650542570761875,1.61928603859606,-0.706094202911086,-1.94263790473509,-1.10393257061019,-0.483433078186751,0.213828585810655,-0.316916307015317,0.881355976037885,0.430873575621597,0.843324969095807,0.843044929020692,0.852244106229465,-0.0537192567728799,-0.32450459244345,0.945987343178475,-0.817176652097264,0.156063440195899,0.633187010566913,0.884738101535928,1.5066105028292,0.360954797100466,-0.294176851689995,0.878505810441165,-0.187943216334773,0.157350152459959,241.0000000001,1.51685546884946,0.157350152459959,241.0000000001,1.51685546884946,0.827129660932917,1.46249706361701,1e-10,2371.0000000001,0.0820575923002876,0.000915765660056952,0.0737691984541734,1.1018295660615,4306.59452926034,0.0312499339939208,128,2,"SNETWORK (2 37 4306.59452926034 0.0737691984541734 7000200 128)",7
41,7000201,-0.166935287209084,83,-0.407894617963011,-0.251052105764176,0,0,0,0.446085470442015,0.516600028349885,0.0117602219584789,-0.394513710502684,0.801320305852358,-0.16339473751888,0.184283218970597,0.801320305852358,0.801320305852358,0.467732780750654,-0.223159072453176,-0.313357991171121,0.0680790472679952,-0.409740972253798,-0.606217616580312,0,0,-0.712927756653993,-0.166935287209084,0,-0.602636593089443,0.353637880920895,0.35332429740481,0.809653078584401,0.351095138159702,-0.164704812429978,1.22914225960023,-0.375787482523234,-1.24180945820156,0.114795177549159,0.0799701241440398,4491.0000000001,3.29702498394335,0.0716197594975142,278.0000000001,0.127330719545013,3.42435570338836,0.0753509450454239,-0.673837517577928,0.00535705807549988,-0.100647397693619,0.626093306063051,0.857709123753447,0.808982272263049,0.856182693399027,0.388711776008698,0.867155046194621,0.842910803221645,0.0216751469313757,0.31846298155163,0.00100995642093337,0.561267665228061,-0.240234971807711,-0.278388638525331,-1.4637901463605e-15,0,-1.55600483282998e-15,0.412906028147054,0.0749680186469114,-0.00237513591279576,-0.0579773176208298,-0.212150253196573,-0.884154116834513,-0.715192098821684,0.134988899006569,-1.03660511203552,1.06292966539116,0.846677432529796,-0.187943216701152,0.012195790989733,543.0000000001,0.264892578225,0.012195790989733,543.0000000001,0.264892578225,0.0151371764326809,0.0265311418182571,1e-10,4491.0000000001,0.0725491069174559,0.00280183802796798,0.503558217423876,0.322467825375497,2616.10937762626,0.0625,241,2,"SNETWORK (2 41 2616.10937762626 0.503558217423876 7000201 241)",7
41,7000202,0.621009583446621,128,0.342105382036989,0,0,0,0,0.515298765733418,0.434293583869837,-0.229401502455153,-1.06365515945116,0.24717443699688,-0.0139460444282068,0.55388851176039,0.24717443699688,0.24717443699688,0.226569496338249,0.15084511822327,0.048333946289703,0.112052294477249,0.0249878716863472,-0.606217616580312,0,0,-0.712927756653993,0.621009583446621,0,-0.114341339094672,1.0973413685275,1.10788492628985,0.224312329860423,1.16467390688438,0.620695511300631,1.60366849749586,-1.00847438111687,-0.802116531657596,0.085454046737709,0.0799701241440398,4198.0000000001,2.29419646875311,0.0690523933125051,455.0000000001,0.200930410322791,2.4951268789759,0.0480448036722669,1.15314719069908,1.17045810100413,0.884760484817884,0.808460454581166,-0.0657919935418401,0.793940774348877,-0.0559825536962945,-0.978157428261303,0.116640900562657,0.129760948183839,0.207702371563636,0.362551939892311,-0.0551475289599894,0.371873451081372,0.915254083867404,-0.0283081595192628,-1.4637901463605e-15,0,0,-0.421101801844388,-0.829903462641955,0.660657099865458,0.242085015851857,0.156063440195899,-0.292155844458427,-0.254428576539247,0.265585911891687,-0.382999958527682,0.154582163015049,-0.163331225469165,1.21574483137736,0.024763176855077,714.0000000001,0.707236328225,0.024763176855077,714.0000000001,0.707236328225,0.444407000409333,0.339554367414802,1e-10,4198.0000000001,0.0441757970810226,0.0038690064912443,0.800311057382903,0.954343871213496,3120.55766802699,0.0625,272,2,"SNETWORK (2 41 3120.55766802699 0.800311057382903 7000202 272)",7
35,7000203,1.06590126162893,104,0.953947685431969,0.757894567769832,0.623124281295046,0.615977027310147,0.618989232093641,0.0795465032267578,0.056537144038976,0.0157261294250908,-0.152145159381548,-0.0161767849878686,0.968882640036152,-0.197930641647953,-0.0161767849878686,-0.0161767849878686,-0.691170958907631,0.241798402585511,0.209926185761116,-1.05101826836386,0.458439433702566,-0.963730569948188,1.15057915057915,3.24099722991689,-0.29467680608365,1.06590126162893,0.5,-0.0834252364214641,-0.190371220128229,-0.188665197015663,-0.00223686555292008,-0.180155877781108,1.05344363065031,-0.323340575948636,-0.147673328398717,0.202406782264458,0.104294202080035,0.0799702643258065,42.0000000001,0.0280134449388125,0.439796682852518,2123.0000000001,5.971164082191,5.99917752702981,0.145579493099452,-0.0802406433457724,0.0725412867772227,0.462958420099814,0.0178323206254021,-0.521001441241904,-0.228556720851919,-0.574359635690044,-0.264324493684048,-0.868374242874381,-0.841623454776199,0.78354902540175,1.10712737535732,-0.798413160824542,1.30823631813731,0.949152514976322,0.464889228842547,0.547272599409887,0.535585059233165,0.53801902887573,-0.666971593554849,0.392966210385628,-0.820200443662227,-0.336944307333589,-0.0110277479487184,0.0455360844121093,0.193715555105025,0.151117633195505,0.0404400171519613,0.398492194073642,-0.175453423636007,0.881883595401249,0.108951192606602,284.0000000001,1.23768554697456,0.108951192606602,284.0000000001,1.23768554697456,0.47499526828968,0.792936766659275,1e-10,2123.0000000001,0.000679790367678869,0.144899702631773,0.111608339457298,2.22080150991678,5466.01731523349,0.0156249669969604,101,2,"SNETWORK (2 35 5466.01731523349 0.111608339457298 7000203 101)",7
41,7000204,-0.235247126227362,76,-0.407894617963011,-0.251052105764176,0,0,0,0.532324911762759,0.640694360333084,0.118143409809859,-0.245675222243106,0.732906014379331,0.00783697171398685,0.0198635278527841,0.732906014379331,0.732906014379331,0.48139858889453,-0.590364497892738,-0.734520366306477,-0.238363033454196,-0.763060099436633,-0.606217616580312,0,0,-0.712927756653993,-0.235247126227362,0,0.453321345361479,1.72737161578243,1.75849864733902,-0.243111510801914,1.94220963704288,-0.236304783707533,-0.52463043170501,-0.235032486224196,0.754356391593845,0.270027408365833,0.0799701241440398,4686.0000000001,8.0921825553116,0.0900902727882419,344.0000000001,0.198194630134822,8.29037718534642,0.142608508459487,-0.166734933460491,-0.923213330216464,-0.494072159014677,-0.265433247801321,0.248413828844605,-0.867202125119408,0.196274822914986,-1.05136778437913,0.0985282334948038,0.0144192684639425,-1.89029797734381,-2.23023825111911,-1.61421730373469,-0.803914457379804,-0.305084586862669,-0.363341583505644,1.4637901463605e-15,-1.49871635330658e-15,0,-0.404350178754684,0.368825931675548,-0.278958573947027,3.00232510669765,0.156063440195899,0.330361275465527,0.29510199515313,-0.0192473420732691,0.417357779339126,1.77595627108452,1.91604079128404,-0.187943216701152,0.143117960918528,985.0000000001,5.63884765635,0.143117960918528,985.0000000001,5.63884765635,2.7756752640431,1.34195780650346,1e-10,4686.0000000001,0.139199225534041,0.00340928282544557,0.459140276049025,1.26924768728402,2540.60359782393,0.0625,236,2,"SNETWORK (2 41 2540.60359782393 0.459140276049025 7000204 236)",7
41,7000205,-0.749714795058877,31,-0.407894617963011,-0.251052105764176,0,0,0,0.539807974156929,0.867680569392531,0.495703584323709,0.19757185918454,0.372839926530136,-0.149040728868597,0.0227583057531433,0.372839926530136,0.372839926530136,0.541759501202317,0.43948696446238,0.322164047064426,0.368030037758441,0.298497247385861,-0.606217616580312,0,0,-0.712927756653993,-0.749714795058877,0,-0.147348533437289,1.11515945648693,1.12614616380506,0.267690250537515,1.18550083163066,-0.746299906596301,-0.302171895506638,0.183449296817172,-0.551818040794065,0.110149161542869,0.0799701241440398,1216.0000000001,0.856584693380687,0.0834721459296559,1874.0000000001,1.00038392390867,1.85696861718936,0.0356427887852112,0.179505468338226,0.818903058958405,-0.153017435861609,-0.377517370427217,-0.275253144606234,-0.514022536528072,-0.238120273773215,-0.235174051818533,-0.119186138443785,-0.220300147597685,0.0388109098738023,0.144329487159805,-1.05778806943287,-0.241401612688741,-0.305084586862669,-0.363341583505644,0,0,-1.55600483282998e-15,-1.69952907887292,0.0154935894124198,-0.256955093424951,0.652576279691901,-0.0703229846634286,0.45557322892744,0.375714234253393,-0.161296018629866,0.601039189563201,0.440958046271238,0.634099178065772,-0.187943216701152,0.0472839824769182,782.0000000001,1.47904296885,0.0472839824769182,782.0000000001,1.47904296885,0.809254959268034,0.530293873088507,1e-10,1874.0000000001,0.0164413479757374,0.0192014407094738,0.157862140891442,0.137426044791937,2028.46278651325,0.0625,205,2,"SNETWORK (2 41 2028.46278651325 0.157862140891442 7000205 205)",7
37,7000206,0.686798725196981,69,0.638158073055483,0.521052073640444,0.623124281295046,0.615977027310147,0.618989232093641,-0.449242477822913,-0.471328286310112,-0.152241947230382,1.60440030908673,-0.500433508926236,0.213341792193538,-0.46664166067133,-0.500433508926236,-0.500433508926236,-0.700445427563537,-0.377132527630497,-0.329717874153608,-0.872297985170265,-0.331204433732729,1.08031088082902,-1.42471042471043,-0.650969529085872,0.922053231939164,0.686798725196981,0.5,1.598896047633,-0.0140687022665042,-0.0139799655554573,-0.833136444628847,-0.0135210963989673,0.675812525326416,-0.776206948670443,1.51265071140719,0.651247323484875,0.0867226218271161,0.0799702643258065,283.0000000001,0.156955267825657,0.119909292652746,3695.0000000001,2.83350736200594,2.99046262973159,0.0703013314927392,0.472106415847244,1.43454046506524,-0.835229295063196,-0.0770762481006912,0.822960255605255,-0.813698588693969,0.876923305038556,0.257975830789821,0.388813681514899,0.716520474436564,0.17067892174889,-0.41919856388987,0.306894052343818,-0.026003699271026,0.881355976037885,0.430873575621597,0.676414028971749,0.668054363157543,0.67905776525831,1.04460523986046,0.561973710611852,-2.31356520754514,-1.70977045164474,-1.85059361835775,-0.276598043201878,-0.0819307179111951,-0.314673074430822,-0.209506700596175,-0.719098970785949,-1.57413330911927,-0.187943216159882,0.115682312334204,823.0000000001,3.80826171884865,0.115682312334204,823.0000000001,3.80826171884865,1.69015644990325,0.849945848440423,1e-10,3695.0000000001,0.00368978504559238,0.0666115463471468,0.814105333487875,1.35829383530654,5058.12223862403,0.0312499339939208,176,2,"SNETWORK (2 37 5058.12223862403 0.814105333487875 7000206 176)",7
43,7000207,-0.0925381417811924,45,0.0756580730554828,0.31473676207772,0.125190979814175,0.126908484697204,0.131153005061719,-0.845156536446301,-0.759360298921914,-0.138759752986451,-0.206816615500282,-0.533723035975412,0.105960862838317,-0.346326314745071,-0.533723035975412,-0.533723035975412,0.220215202299069,2.91879362320206,2.82236303040617,0.062188294277285,3.34714414528435,-0.963730569948188,1.15057915057915,3.24099722991689,-0.29467680608365,-0.0925381417811924,0.25,0.256554316082143,-0.564085952095889,-0.555789957107858,-0.339092867666762,-0.516752302819188,-0.0944690606328856,-0.648057453977933,-0.19860843819393,0.479243066780671,1.00015540521924,0.0799701818409082,756.0000000001,4.83554520737708,0.669121581058753,463.0000000001,1.98126329707948,6.81680850435656,0.176946222280399,-0.0459869828542011,-0.107921036211261,-0.544179652859979,-0.691936352680137,-0.205306757393168,-0.522365505500678,-0.243449112661492,-0.621493455515384,-0.156715130285374,-0.20254339201699,0.187282438985781,0.282036834181218,-0.982091598444165,0.0507561745185508,0,0.0363195055765458,0.663202360472771,0.655005975029419,0.665794475815295,-0.625869663840561,-0.816655197417048,0.609734187557183,0.172631626729886,0.156063440195899,0.557064678324471,0.494452616822069,1.09436149981714,0.382816464185449,-0.0254093830351755,-0.0973898419715885,-0.187943216701152,0.0371275719167702,161.0000000001,0.239101562600101,0.0371275719167702,161.0000000001,0.239101562600101,0.00294526344263807,0.184628070420731,1e-10,756.0000000001,0.12551789537229,0.0514283268081086,0.348515299332516,0.12325196229897,3305.9423664217,0.0312500660060792,307,2,"SNETWORK (2 43 3305.9423664217 0.348515299332516 7000207 307)",7
34,7000208,1.35051757338947,123,0.953947685431969,0.757894567769832,0.437324878933644,0.435074700654595,0.432286944716856,0.141600214483292,0.0301438734127052,-0.0414172812493044,-1.05105500212323,-0.615513238165526,0.0440351412647828,0.434443381597636,-0.615513238165526,-0.615513238165526,-0.976735385353425,-0.240310699983311,-0.24569862383093,-0.889337825890814,-0.162915499024307,-1.11917098445596,0.839124839124839,1.32040627885503,-1.18821292775665,1.35051757338947,0.5,-1.30995532711402,-0.798084844157722,-0.783410098398526,2.49158015643541,-0.716524138993503,1.34944985776436,1.79104172608142,-0.599687474298873,0.620285388004068,0.0817361909654372,0.0799702643258065,384.0000000001,0.200725561284588,0.0872347096112117,2231.0000000001,1.24464629722156,1.44537185840615,0.0391363899382586,-1.94537727991562,-1.48393943538594,0.487553392976275,2.12636661653193,2.1005000825014,1.45565725178279,2.57737088810805,0.566093492154415,2.05724234731135,2.01683345550192,-1.10075930673406,-0.911769948359641,-0.0494188573941454,-0.428825300112429,0.949152514976323,0.464889228842547,0.676414028971749,0.668054363157545,0.679057765258312,0.600066578333808,0.205361501801637,0.835663641023072,-0.152983188794652,0.156063440195899,0.03019395926769,0.137470627461372,-0.0736754937861119,0.0827963557648613,0.797546131235326,0.855964554239458,3.74161714148311,0.0169561107687898,314.0000000001,0.212968750099924,0.0169561107687898,314.0000000001,0.212968750099924,0.00940822375535623,0.0137862900381103,1e-10,2231.0000000001,0.00543505380146907,0.0337013360367895,0.0023897637870709,3.13915421233621,5687.58650431263,0.00781248349848019,96,2,"SNETWORK (2 34 5687.58650431263 0.0023897637870709 7000208 96)",7
37,7000209,0.386796763099106,41,0.638158073055483,0.521052073640444,0.623124281295046,0.615977027310147,0.618989232093641,-0.572256944371621,-0.58799406922542,-0.171612919294252,1.92056679823737,-0.398066727792863,0.102818171997729,-0.470263047293483,-0.398066727792863,-0.398066727792863,-0.64759208766537,-0.0374718695941836,0.0652463697381192,-0.587473556958608,-0.00477034752845489,0.55958549222798,-0.876876876876878,-0.0954139735303178,0.476341360371778,0.386796763099106,0.5,-0.489186309259025,0.0576679072930415,0.0573658613343694,0.559858495135065,0.0557741006657466,0.382396904274341,0.400100808450949,1.81314910765688,-1.23842409728862,0.126565696478605,0.0799702643258065,178.0000000001,0.144076476029731,0.0901118060589394,2100.0000000001,1.21020251262307,1.3542789885528,0.0314288030499038,-0.0413311500891924,-0.328220574666878,-0.226706822048464,0.15693374153174,0.439033526745358,0.350833916138213,0.461700778058716,1.55329003697372,0.439285041570686,0.923379415649206,0.539745601735232,0.223427508520429,0.324097919134942,0.662538231845163,0.881355976037885,0.430873575621597,0.676414028971749,0.668054363157543,0.67905776525831,0.108256768253291,-0.547369782364243,-1.38774860938957,0.411232998049853,-0.495309794285987,-0.49021318011051,-0.454639705860457,-0.909245725900832,-0.298742624077662,-0.362334098364839,-0.173310865906092,0.0321246793004101,0.0431826637904762,420.0000000001,0.725468750099742,0.0431826637904762,420.0000000001,0.725468750099742,0.453025819626363,0.495557837797366,1e-10,2100.0000000001,0.0033435881456636,0.0280852148042402,0.472320412764598,2.13224704226013,4711.17059542952,0.0312499339939208,156,2,"SNETWORK (2 37 4711.17059542952 0.472320412764598 7000209 156)",7
36,7000210,0.961540078652095,95,0.638158073055483,0.521052073640444,0.623124281295046,0.615977027310147,0.618989232093641,-0.169111965819335,-0.159175492719087,-0.03462417120797,0.340399167415019,-0.339770821486573,0.485749992910995,-0.665949805586341,-0.339770821486573,-0.339770821486573,-0.727431718143731,-0.0108293159849254,-0.0949520907605517,-1.29878024125171,0.225678452569463,0,0.0216216216216217,1.64542936288088,0.287072243346008,0.961540078652095,0.5,-0.0636379239008134,-0.0212198911609118,-0.0210837794657723,0.000742912406345366,-0.0203811246408666,0.952480998393258,0.198346577265848,0.318851879266387,0.533393315292294,0.148685448719565,0.0799702643258065,462.0000000001,0.439306374527142,0.0681688006013307,2671.0000000001,1.16443862341921,1.60374499784636,0.0377502096700212,-0.309804236305129,0.297252552813157,0.302353300143087,0.322946936432273,0.0244939671085141,0.213204833219722,0.0255736784341196,0.58339601806634,0.0665308933101341,0,1.32708333588681,0.491144139312593,0.213742915421259,0.474860672880475,0.915560304881597,0.44803504220134,0.676414028971747,0.668054363157542,0.67905776525831,0.121171955101797,-1.01406438984449,-1.90132537595249,-0.69371260623959,-0.475690282256116,-0.978474674377488,-0.916413839779024,-1.11508389767491,-0.811536899361543,-0.262340825752197,-1.06967512284617,1.21995196188156,0.0816671405293818,639.0000000001,2.08741210947426,0.0816671405293818,639.0000000001,2.08741210947426,0.876677484531023,0.561855041903581,1e-10,2671.0000000001,0.0103407385359737,0.0274094710340475,0.603175360485906,1.80647583328296,5362.32321016144,0.0156249669969604,122,2,"SNETWORK (2 36 5362.32321016144 0.603175360485906 7000210 122)",7
28,7000211,-0.240298126757129,93,-0.361841926944517,-0.698245294676348,-0.562675121066356,-0.564925299345405,-0.567713055283144,0.268045818056692,0.364901227356135,1.0696059658163,-0.555806166419537,0.304867068985674,-0.787435933445687,0.792480897670509,0.304867068985674,0.304867068985674,-0.0903238886165368,-0.814004832541368,-0.819303340160166,1.2735931709792,-1.45251390187586,0.393782383419688,-1.16859716859717,-1.44967682363804,0.0792141951837772,-0.240298126757129,-0.5,-0.795718220064225,-0.0426612696386037,-0.0423739290524944,1.10491746311367,-0.0408978940070683,-0.22758063034218,1.9122909028238,-0.52886257093511,0.243769644543377,0.193432586830202,0.0399850261056294,9619.0000000001,2.97477641738564,0.0623128531815719,8563.0000000001,0.853096865384584,3.82787328267022,0.0904518382561144,0.933459925982322,-0.125811083401455,1.32558951588339,1.80769559606844,0.59704502175574,1.28351167041727,0.639265983108135,0.548721307024006,1.42232535608215,0.843428033200593,0.118531846433037,-0.253874506171796,-0.0281368972528343,0.0982905982905983,-0.118644023962116,-0.921164041933264,-0.32358597102825,-0.331945636842455,-0.32094223474169,1.32600628544052,1.30608447297249,-1.46191723039707,0.550832112227226,0.156063440195899,-0.819274874831273,-0.652002726700942,-0.547800948037497,-0.778286210143388,0.880101979297328,0.028174502572519,0.333377913310991,0.0164117159348881,670.0000000001,0.439833984475108,0.0164117159348881,670.0000000001,0.439833984475108,0.0978353700353381,0.00917554905257834,1e-10,9619.0000000001,0.0702933391949372,0.0201584989611772,0.140088347520019,1.40182527469005,1727.36921690132,0.125,8,2,"SNETWORK (2 28 1727.36921690132 0.140088347520019 7000211 8)",7
29,7000212,-0.724686835164158,62,-0.361841926944517,-0.698245294676348,-0.562675121066356,-0.564925299345405,-0.567713055283144,0.0985808448764741,0.131453757654353,0.978309300556092,0.245696106481772,0.89299182230825,-1.16833103354159,0.899519190479719,0.89299182230825,0.89299182230825,0.00127941330069202,-0.376151601429593,-0.495536296658504,0.88292537588394,-0.820112747441372,0.888230940044412,-1.64368450082736,-1.9192718638702,0.441336230309614,-0.724686835164158,-0.5,-0.160296602435569,-0.0732991008727902,-0.0727717085103341,0.0975874713630539,-0.0700806482373881,-0.714869132088207,1.84613566464845,0.228735915782548,-0.795283078133316,0.242279353816148,0.0399850261056294,6185.0000000001,2.39580174065593,0.129277274654259,1623.0000000001,0.335455929801742,2.73125767035768,0.0648959115567946,-0.442315545107816,-0.495639703865459,0.0962316023966205,-0.355486158859496,-0.55320292753092,1.26076032628368,-0.596859865364547,1.38961152864392,-0.456260283169717,-0.62440371651443,0.737109091136298,0.628169177820529,0.204250701321651,0.636534532574137,-0.118644023962116,-0.921164041933264,-0.323585971028251,-0.331945636842457,-0.320942234741691,-0.498230283215138,-0.663854147167055,0.573043526826148,-0.303230393593325,-0.596576997286991,0.283266046590711,0.259941894778976,-1.8766889804515,0.860012672691251,0.381149216548435,0.0298560398926649,1.12690762318558,0.110713934848428,477.0000000001,2.11242187510052,0.110713934848428,477.0000000001,2.11242187510052,1.1086654449598,1.06751256603438,1e-10,6185.0000000001,0.0569253275940399,0.00797058386275474,0.75434127937025,0.050901335215855,1388.25430826439,0.25,79,2,"SNETWORK (2 29 1388.25430826439 0.75434127937025 7000212 79)",7
43,7000213,0.203214476918721,66,0.0756580730554828,0.31473676207772,0.354270929498081,0.350983481983268,0.358474665810763,-0.65571242716084,-0.604871227723503,-0.161222172037028,-0.401196666875509,-0.234584379173023,0.490445554822412,-0.430936885702229,-0.234584379173023,-0.234584379173023,0.220730209453913,2.59348396523928,2.49678118650732,-0.660204605255819,3.1600410977542,-0.963730569948188,1.15057915057915,3.24099722991689,-0.29467680608365,0.203214476918721,0.25,-0.187898248736391,-0.184479225897079,-0.182842475029764,0.112383504808675,-0.174669999798977,0.206137305896835,0.983537036163151,-0.382712394111358,-0.375326619309014,0.078263276597873,0.0799701818409082,1880.0000000001,0.940961904407786,0.0659400968590949,1804.0000000001,0.760750557588603,1.70171246189639,0.0412509417442976,-0.353548902496282,-0.191735139167177,1.23273780366945,0.321914415952602,-1.0574332051446,0.818910565470866,-1.16353015641152,0.387587915718787,-1.11576304508514,-0.78396857436512,1.4219597121197,0.94152319698245,0.12033796776939,0.620697784064121,0.438710913498586,0.232716204406219,0.676414028971749,0.668054363157543,0.67905776525831,-1.29514372393794,-0.360825218705555,0.370240171809204,-0.346088016599145,-0.363667646478845,-0.562763742609583,-0.54672717471847,0.218247248104125,-0.685078429336297,0.191186365874359,-0.183464701966457,1.34019594423675,0.0332538834729868,683.0000000001,0.908496093850384,0.0332538834729868,683.0000000001,0.908496093850384,0.319381033158315,0.151819944845288,1e-10,1880.0000000001,0.0228097081472463,0.0184412334970513,0.513849316605642,2.87027166053932,3547.10994890981,0.0312500660060792,322,2,"SNETWORK (2 43 3547.10994890981 0.513849316605642 7000213 322)",7
41,7000214,0.0510902256692856,97,-0.184210513107001,-0.196491445985551,0,0,0,0.454627257232757,0.440911987460742,-0.132665613038867,-0.52992015259417,0.765799746434957,0.0116103970637953,0.175884106863997,0.765799746434957,0.765799746434957,0.437049706948933,-0.130474148826941,-0.245035894830488,-0.100570743685324,-0.251873509372434,-0.606217616580312,0,0,-0.712927756653993,0.0510902256692856,0,-0.738668813048754,0.122247718454687,0.121724528205563,1.02161674128788,0.118908028441607,0.049879181635665,0.359606040026563,-0.493790607780245,-1.1145924415652,0.148384516361793,0.0799701241440398,1788.0000000001,1.69672570377435,0.0781340950604278,1198.0000000001,0.598622372005632,2.29534807567999,0.0526530357607939,3.44230901890408,0.941668500425052,1.87719966095245,-0.0695105932518888,-2.05654212558263,0.302507349405601,-2.13996716719867,-0.214227809683463,-2.14635194856513,-1.43724381211203,-0.774183081769078,-0.686785917531258,0.0974123557858098,-0.44021325209444,0,0.0363195055765458,0,0,0,-0.204840133845198,-0.34728480850012,0.281747246638034,2.91748322705703,0.156063440195899,0.197337174989824,0.0625711603134718,0.00140831445157439,0.257099867052022,-0.0702287567278925,0.569398559037905,0.565559678899134,0.0161590891786082,485.0000000001,0.313486328225,0.0161590891786082,485.0000000001,0.313486328225,0.258273743400452,0.266682221642572,1e-10,1788.0000000001,0.0389212250344984,0.0137318106262955,0.593641351391474,1.33249990362674,2769.24113174922,0.0625,252,2,"SNETWORK (2 41 2769.24113174922 0.593641351391474 7000214 252)",7
41,7000215,0.621009583446621,128,0.342105382036989,0,0,0,0,0.515298765733418,0.434293583869837,-0.229401502455153,-1.06365515945116,0.24717443699688,-0.0139460444282068,0.55388851176039,0.24717443699688,0.24717443699688,0.226569496338249,0.15084511822327,0.048333946289703,0.112052294477249,0.0249878716863472,-0.606217616580312,0,0,-0.712927756653993,0.621009583446621,0,-0.114341339094672,1.0973413685275,1.10788492628985,0.224312329860423,1.16467390688438,0.620695511300631,1.60366849749586,-1.00847438111687,-0.802116531657596,0.085454046737709,0.0799701241440398,4198.0000000001,2.29419646875311,0.0690523933125051,455.0000000001,0.200930410322791,2.4951268789759,0.0480448036722669,1.15314719069908,1.17045810100413,0.884760484817884,0.808460454581166,-0.0657919935418401,0.793940774348877,-0.0559825536962945,-0.978157428261303,0.116640900562657,0.129760948183839,0.207702371563636,0.362551939892311,-0.0551475289599894,0.371873451081372,0.915254083867404,-0.0283081595192628,-1.4637901463605e-15,0,0,-0.421101801844388,-0.829903462641955,0.660657099865458,0.242085015851857,0.156063440195899,-0.292155844458427,-0.254428576539247,0.265585911891687,-0.382999958527682,0.154582163015049,-0.163331225469165,1.21574483137736,0.024763176855077,714.0000000001,0.707236328225,0.024763176855077,714.0000000001,0.707236328225,0.444407000409333,0.339554367414802,1e-10,4198.0000000001,0.0441757970810226,0.0038690064912443,0.800311057382903,0.954343871213496,3120.55766802699,0.0625,272,2,"SNETWORK (2 41 3120.55766802699 0.800311057382903 7000215 272)",7
41,7000216,-0.740414451131149,32,-0.407894617963011,-0.251052105764176,0,0,0,0.546242666000559,0.86847452856649,0.494176212925424,0.193603853838175,0.378719885806005,-0.148142434919385,0.0241996270280444,0.378719885806005,0.378719885806005,0.541187458078503,0.424158999871414,0.306054664401198,0.367189215217828,0.280412128866429,-0.606217616580312,0,0,-0.712927756653993,-0.740414451131149,0,-0.331854913384692,1.17314816534955,1.185634412751,0.528600819598061,1.25373522714211,-0.737465473574227,-0.138409319242035,0.180106916687228,-0.972010460421093,0.129361499829272,0.0799701241440398,1580.0000000001,1.30712664674345,0.0870173724890692,2434.0000000001,1.35450957152009,2.66163621816355,0.0505595813813056,0.777721434406068,0.150452782494742,-0.608968710081795,-0.284324277415389,0.345649969475865,-0.375328964365435,0.299403378991557,-0.0937844826503056,0.498406214492686,0.501305839429259,0.316663986902332,0.0270683238290569,0.198827701725792,-0.282002925567282,-0.305084586862669,-0.363341583505643,1.4637901463605e-15,0,1.55600483282998e-15,-2.16637572430542,0.0445794647432212,-0.24942326411256,0.185206320564942,-0.122746617597933,0.407723106811042,0.220316018117483,-0.113909350951758,0.532692260254566,0.545687178609715,0.744845233510015,0.496586748876235,0.0434288293751982,883.0000000001,1.5339062501,0.0434288293751982,883.0000000001,1.5339062501,0.835189895723289,0.497642732216114,1e-10,2434.0000000001,0.0248297552788832,0.0257298260024224,0.164245943329456,0.308564538146237,2039.31457221666,0.0625,206,2,"SNETWORK (2 41 2039.31457221666 0.164245943329456 7000216 206)",7
29,7000217,-1.34133495533424,2,-0.361841926944517,-0.698245294676348,-0.88766904750336,-0.89062955707874,-0.905942372439505,-0.22184456475001,-0.192114782879767,0.816486686042601,1.06722984496933,0.48706215719408,-1.21316874257992,0.578051186629972,0.48706215719408,0.48706215719408,-0.323676715648697,0.636972793107184,0.529686342785933,0.34545989803469,0.540834314675954,0.234887737478411,-0.657228657228657,-0.00923361034164302,0.265103506548374,-1.34133495533424,-0.5,0.992905057425266,8.90751985383881,9.68793848729153,0.221216079301116,20.7315648964499,-1.33021162072772,-0.683505918222051,1.00480302656468,0.742223599431938,0.193130961691944,0.0399850261056294,3062.0000000001,0.945478929632277,0.147486516044952,19290.0000000001,4.54861636717682,5.49409529670909,0.0264177123200352,-0.511164193632322,-6.13524331068162,-0.534474641693798,-0.890125083507966,-0.531084513607327,-1.98097557212106,-0.107419628244016,-1.9795395214686,0.5585067998686,0.885966829558463,0.875193994658489,0.517115581120994,0.152600242882475,-0.0383829591750384,-0.118644023962116,-0.921164041933264,-0.641872435917078,-0.655579941357553,-0.670032854498925,-0.967927203564541,0.178781786156231,0.117572130278194,-0.458154018960696,-1.23716592187666,0.574795771873971,0.470123585118482,-0.0927849488738757,0.721364473958589,0.386243506967318,-1.45046729597333,2.16276517364795,0.685302062651596,1817.0000000001,49.8077539063622,0.685302062651596,1817.0000000001,49.8077539063622,23.435008009564,5.67432875116343,1e-10,19290.0000000001,0.00454622443223846,0.0218714877877968,0.0149825075601772,7.39554034533787,702.340187157678,0.25,38,2,"SNETWORK (2 29 702.340187157678 0.0149825075601772 7000217 38)",7
43,7000218,0.27703700796892,72,0.0756580730554828,0.31473676207772,0.354270929498081,0.350983481983268,0.358474665810763,-0.526437109382433,-0.548411805402482,-0.109480611649024,-0.696813065179709,-0.182769320060779,0.339058215591879,-0.170226182333511,-0.182769320060779,-0.182769320060779,0.0266615707383933,3.00160189124553,3.03352747126249,-0.358110282014516,3.5634706448787,0.124352331606218,-0.494208494208494,-0.193905817174515,-0.237642585551331,0.27703700796892,0.25,0.097427735591865,-0.321221822453013,-0.317702920360303,-0.189066889874143,-0.300534272401768,0.275569848538815,0.530865236062069,-0.662215642733777,-0.174396272374941,0.0472471755839347,0.0799701818409082,2008.0000000001,0.606730357605955,0.0472803192016506,895.0000000001,0.270619819772054,0.877350177278009,0.0217980697082673,-0.326023919699283,-0.349309951006173,-0.00348322929294613,1.28827553289765,1.54047559673793,0.552915527164276,1.73474123796266,-0.281564407138348,1.67194288546443,1.45423446586396,-0.810704272017293,-1.09103385610616,0.0621429874634586,-0.661552968483662,3.01077401207183e-16,0.0363195055765458,0.676414028971749,0.668054363157543,0.679057765258312,-1.01789071448567,-0.448117384127947,0.177882545573869,3.39609798249398,0.156063440195899,0.822434973331964,0.597641028027033,0.191465799595541,0.933280536614748,0.202064263400464,0.674292400330958,0.058569977624224,0.00346001373375431,871.0000000001,0.120546875100051,0.00346001373375431,871.0000000001,0.120546875100051,0.167067524186081,0.159127660161204,1e-10,2008.0000000001,0.015074426278574,0.00672364332969333,0.558066085922273,0.169928092637928,3611.60757339994,0.0312500660060792,327,2,"SNETWORK (2 43 3611.60757339994 0.558066085922273 7000218 327)",7
28,7000219,0.312169771920137,112,-0.111841926944517,-0.494736954820113,-0.562675121066356,-0.564925299345405,-0.567713055283144,0.211420695863633,0.387596148234042,1.04759627104908,-0.92702002798488,-1.13822836083532,-1.74262139941769,0.556745216895425,-1.13822836083532,-1.13822836083532,-0.414271497044064,-1.17477005445813,-1.08333958733535,0.927429212197959,-1.78704354375564,0.393782383419688,-1.16859716859717,-1.44967682363804,0.0792141951837772,0.312169771920137,-0.5,-0.691604904225242,0.0803906453716899,0.0799967246456494,0.91869289449158,0.0779064050694641,0.32115244325574,2.92710454739126,-0.879924335882885,-0.532630923519037,0.0868541778276347,0.0399850261056294,15068.0000000001,2.09238255376596,0.048725368940008,5516.0000000001,0.429708711797341,2.5220912654633,0.0582915086707697,-0.770120131104286,-0.66206771164935,2.6379988626082,1.32272471923094,-1.52147056454465,1.68088303398942,-1.59531100999398,0.134688579098068,-1.12147964273192,-0.301355022099363,-0.952817304287142,-0.937480307395607,-0.122280332609562,-0.384506582526385,0.474576257488161,-0.569126424378406,-0.323585971028251,-0.331945636842457,-0.320942234741691,1.65324836700079,-0.247786756742613,1.34754132547477,3.86062474985716,0.156063440195899,-0.274104231711008,-0.328676057801337,-0.120759234762264,-0.258537437392663,0.162779940020818,0.531247293394427,-0.187943216701152,0.130213951096968,536.0000000001,2.79178710947569,0.130213951096968,536.0000000001,2.79178710947569,1.20964919984758,0.973021267712472,1e-10,15068.0000000001,0.0483599214807871,0.00993158708998254,0.413610472942466,0.0438829641789198,1944.51359668679,0.125,24,2,"SNETWORK (2 28 1944.51359668679 0.413610472942466 7000219 24)",7
41,7000220,-0.222964393529562,77,-0.407894617963011,-0.251052105764176,0,0,0,0.532324911762759,0.640694360333084,0.118143409809859,-0.246047657832634,0.734022270895705,0.00805785600475066,0.0200326110340825,0.734022270895705,0.734022270895705,0.481263167298006,-0.592573398646989,-0.737100435822363,-0.240298711248382,-0.765159141397316,-0.606217616580312,0,0,-0.712927756653993,-0.222964393529562,0,0.434751915835265,0.660896827428754,0.663226241937239,-0.341382440449482,0.674379866660542,-0.223676606056212,-0.490974839605821,-0.236200345423143,0.444243842413314,0.199440827622297,0.0799701241440398,3533.0000000001,4.50622885568529,0.0572543003309092,382.0000000001,0.139870785418792,4.64609964100408,0.0967464389909374,0.118192571799717,-0.167518175398117,-0.712625710506002,-0.493109726258191,0.224414441958955,-0.607280773537915,0.212675266280309,-0.756535237142442,0.131285843226452,0.0453562766866927,0.304367481618883,-0.000517478225002822,-0.894779791660229,0.0918470967975918,-0.305084586862669,-0.363341583505644,0,-1.49871635330658e-15,0,0.0372074404877684,0.909655307044001,-0.909150870621122,-0.0878304387227157,-0.160908476575343,-1.01656057169472,-0.867911866899076,-0.165058467191144,-1.11025857447341,1.98635681242175,0.883758345976168,-0.0363741026850981,0.124673652021855,787.0000000001,3.9247265626,0.124673652021855,787.0000000001,3.9247265626,1.96537699842453,1.18574410702405,1e-10,3533.0000000001,0.093833888272062,0.0029125506188754,0.46546547512394,0.235255802050233,2551.35576403816,0.0625,237,2,"SNETWORK (2 41 2551.35576403816 0.46546547512394 7000220 237)",7
28,7000221,-0.359243302939503,87,-0.361841926944517,-0.698245294676348,-0.562675121066356,-0.564925299345405,-0.567713055283144,0.276239145530059,0.376415154330249,1.06704469509691,-0.521897124240336,0.419404168682276,-0.776411490843861,0.831802345079345,0.419404168682276,0.419404168682276,-0.0591627964738216,-0.746207776665997,-0.751410146186435,1.34885904031407,-1.39249862006545,0.393782383419688,-1.16859716859717,-1.44967682363804,0.0792141951837772,-0.359243302939503,-0.5,-0.357425279121404,-1.71626271879519,-1.65884954512109,0.080717024985065,-1.42561231867167,-0.359950314720126,-0.266315683647488,-0.497044164816186,0.171701184186271,3.55174594190511,0.0399850261056294,3702.0000000001,21.0219535895392,0.211157314950887,5254.0000000001,1.773744103873,22.7956976933122,0.72883229371747,-0.319421386702122,-0.768636255830255,0.0113291950055321,0.250446873528501,0.279294553539853,0.225531253506751,0.400396252074863,-0.288025506132539,1.00539362720566,0.603146948126627,-0.0647988036236798,0.296251391936779,-0.0218655882867555,0.664025193728164,-0.118644023962116,-0.921164041933264,-0.323585971028253,-0.331945636842457,-0.320942234741691,0.665605562364901,0.8671865207973,-0.139843925021498,-0.870836961577805,-0.325240074637786,-0.0906289123484297,0.0319370511008349,0.247626679593402,-0.143785106725544,0.753778115206967,0.616173323792759,-0.187943216701152,0.100988424149233,424.0000000001,1.71276367197542,0.100988424149233,424.0000000001,1.71276367197542,0.69957390635973,0.725496260984488,1e-10,5254.0000000001,0.672121505430966,0.0567107881865042,0.0591959621475537,0.287658502404557,1663.15018224757,0.125,3,2,"SNETWORK (2 28 1663.15018224757 0.0591959621475537 7000221 3)",7
29,7000222,-1.21974935601145,16,-0.361841926944517,-0.698245294676348,-0.88766904750336,-0.89062955707874,-0.905942372439505,-0.144988834291849,-0.129043077215083,0.841153452240903,0.995360218309908,0.534819805887443,-1.21641412650489,0.626612230094782,0.534819805887443,0.534819805887443,-0.324627161718322,0.543384377501549,0.443771015999173,0.344991719644945,0.429105496588344,0.326424870466322,-1,-1.13573407202215,0,-1.21974935601145,-0.5,1.22474766207602,3.3973736760657,3.52747098495023,-0.560092821429567,4.47281030683521,-1.21275222734466,-0.820286709082814,0.936932313512624,0.71804734056582,4.85531351704104,0.0399850261056294,3265.0000000001,25.3451712292627,0.18612849873154,15654.0000000001,4.65835915662087,30.0035303857836,0.383117489938208,1.83500300777763,-1.6296569162586,-0.827739922055054,-0.734958745395829,0.0700151220274948,-1.46429179874929,0.0451369390388452,-0.928146950421913,-0.530664224987202,-0.859478538351108,2.38530642780626,1.5984277733784,0.249037002778718,1.68704288011219,-0.118644023962116,-0.921164041933264,-0.530031489664679,-0.540614260874603,-0.544959396659675,-1.09613851402842,0.26441272079791,-0.671269526660757,0.120122625110307,-2.70116323146349,-0.719010051138423,-0.810374433733835,-1.34606935370757,-0.447882762815589,0.666800863819699,0.401758266686774,0.826405177861615,0.450678834773489,1539.0000000001,27.7437890626068,0.450678834773489,1539.0000000001,27.7437890626068,13.0049441647447,3.68719208933599,1e-10,15654.0000000001,0.323634527537788,0.0594829623004195,0.193274827505029,2.71662998267207,867.74462218677,0.25,44,2,"SNETWORK (2 29 867.74462218677 0.193274827505029 7000222 44)",7
43,7000223,-0.139037058422866,40,0.0756580730554828,0.31473676207772,0.125190979814175,0.126908484697204,0.131153005061719,-0.850791604775371,-0.777287655464733,-0.140730361575545,-0.195285035050714,-0.542638022332079,0.0708794126180016,-0.333524352240214,-0.542638022332079,-0.542638022332079,0.225387129959212,2.96405238231985,2.87369830064435,0.125917137090975,3.38344152318823,-0.963730569948188,1.15057915057915,3.24099722991689,-0.29467680608365,-0.139037058422866,0.25,0.252209138911381,-0.457330618764553,-0.45136284821584,-0.325246943656567,-0.422845917304386,-0.143502063267803,-0.978649672851272,-0.188446418290978,0.870258760638512,0.0337949705421307,0.0799701818409082,1623.0000000001,0.350773484442816,0.0422229310609101,1698.0000000001,0.458503050180396,0.809276534523211,0.0206061170111345,-0.540247763574662,-0.049371431916762,-0.9784684826299,-0.893942315444185,0.0555615535880173,-1.03243642088584,0.062667544357056,-1.20169234568628,0.199250868972094,0.104392524462271,-2.08379003972095,-1.41256739457296,0.151686528606317,-0.814069319019814,0,0.0363195055765448,-1.4637901463605e-15,0,0,-2.46591132675415,-0.0270391618133139,-0.197223009846746,-0.020239236170683,0.156063440195899,1.32093157983689,1.36511788425621,1.11282066127751,1.26636051094989,-0.696976564177014,0.115308175252093,-0.187943216701152,0.0379331593710499,962.0000000001,1.45966796885062,0.0379331593710499,962.0000000001,1.45966796885062,0.57993066176907,0.191450976998162,1e-10,1698.0000000001,0.0089315322022103,0.0116745847089242,0.311080824155304,0.100976529762645,3251.33786319181,0.0312500660060792,302,2,"SNETWORK (2 43 3251.33786319181 0.311080824155304 7000223 302)",7
29,7000224,-0.777727946720634,58,-0.361841926944517,-0.698245294676348,-0.562675121066356,-0.564925299345405,-0.567713055283144,0.0717029825489753,0.101160450609254,0.971543860201435,0.267711574741209,0.885079561415931,-1.17115237654565,0.881267958079743,0.885079561415931,0.885079561415931,0.010578833623824,-0.304380207095301,-0.423673672349296,0.754188181084766,-0.698387519020397,0.888230940044412,-1.64368450082736,-1.9192718638702,0.441336230309614,-0.777727946720634,-0.5,0.110207114486799,-0.120645159180835,-0.119691149994033,-0.1762355194371,-0.114870078866502,-0.766245397054082,1.54856717269226,0.264212517476766,-0.517696298462365,0.548442009797465,0.0399850261056294,6648.0000000001,5.82930112080129,0.32956043237542,1683.0000000001,0.886776030168396,6.71607715086968,0.16094287895661,0.670186471582342,0.205926724947041,-0.600739489909684,0.172526302762785,0.867495991880727,1.12388029976778,0.942106131763006,1.30989066200791,0.898123297135302,1.04579800636264,0.518232326925431,-0.105429907902524,0.0856112210280027,-0.049027430215549,-0.118644023962116,-0.921164041933264,-0.32358597102825,-0.331945636842455,-0.32094223474169,0.398495742762682,0.725599161150008,-1.51658282327086,0.604676879111585,0.100411000927929,-0.315578953033395,-0.393902988091599,-2.60738500057439,0.359153425066319,0.717414004087114,0.391802951781414,0.206871201418583,0.14362415441701,485.0000000001,2.78630859385068,0.14362415441701,485.0000000001,2.78630859385068,1.4272247587782,1.34624500205515,1e-10,6648.0000000001,0.139692335723125,0.0212505431334849,0.707975450624879,0.994861591607332,1345.24003983905,0.25,76,2,"SNETWORK (2 29 1345.24003983905 0.707975450624879 7000224 76)",7
43,7000225,-0.41021860573325,19,0.0756580730554828,0.31473676207772,0.118081199488201,0.12698938418892,0.129762766215853,-1.13281401871387,-0.999097834640686,-0.273163573156437,0.417695215420922,-0.39167533459349,-0.00663999028125198,-0.52121285506305,-0.39167533459349,-0.39167533459349,0.355994490018219,3.06911215450393,2.96766829337069,0.282463161491717,3.46530243792584,0,0.0216216216216217,1.64542936288088,0.287072243346007,-0.41021860573325,0.25,0.575197010406053,-0.00859257293321867,-0.00853907971931911,-0.487894446139566,-0.0082620933192119,-0.410340763402681,-0.261367315492836,0.390959782876881,0.348938261523611,0.23410851455565,0.0799701818409082,1112.0000000001,1.66486169961584,0.0706043137317064,850.0000000001,0.383801199126855,2.04866289864269,0.0481135844212498,0.0627330679846846,0.740659276425428,-0.148137739257827,-0.49175318716722,-0.414728435636924,-0.208854057960578,-0.442321913127225,0.243199063517564,-0.402570570848001,-0.61467408825454,0.95676745921805,1.06079883074376,-0.756371818425331,1.88808496234239,0,0.0363195055765458,0.0950118729294481,0.0990836634496228,0.0980877079653913,0.0523928658388587,-0.568630410056523,-0.551468615238944,0.00648259950566939,-0.018531671312235,-0.892403676503531,-0.804267160964888,-0.645708870600169,-0.837125051956417,-0.0717955270070821,-0.653718316556479,0.994159917659343,0.0149638688805873,613.0000000001,0.366914062600155,0.0149638688805873,613.0000000001,0.366914062600155,0.283530069022936,0.256559327611046,1e-10,1112.0000000001,0.0390998752502693,0.00901370907098044,0.142629927443908,1.38301666546613,3005.62378572685,0.0312500660060792,289,2,"SNETWORK (2 43 3005.62378572685 0.142629927443908 7000225 289)",7
29,7000226,-0.933641849865877,44,-0.361841926944517,-0.698245294676348,-0.695629464068801,-0.700108350003007,-0.706051805186474,-0.0429846169967429,-0.0142885115167538,0.924617202739601,0.411262869912077,0.877754963887108,-1.24623114086822,0.831595301936259,0.877754963887108,0.877754963887108,-0.0518534181370534,0,-0.0331037953906736,0.509656103466118,-0.266318776908726,0.888230940044412,-1.64368450082736,-1.9192718638702,0.441336230309614,-0.933641849865877,-0.5,0.0373391525862043,0.0795812163777358,0.0791903056978789,-0.0855536546203577,0.0771164888188814,-0.92544207966074,0.0897315581744779,0.386360720453985,0.101033701888036,0.92446536119561,0.0399850261056294,1008.0000000001,1.4898616488073,2.57244091952197,84.0000000001,0.345477255630523,1.83533890433782,0.0424252101131451,1.56772636327318,1.73410486538361,-0.205905095795752,0.413390621124678,0.667965263031556,0.0955305535952998,0.699947733737114,0.528591608659513,0.922052621696233,1.13101614605574,0.21830921059281,0.210200178492194,0.100002731099307,0.392412867660392,-0.118644023962116,-0.921164041933263,-0.405788377193844,-0.417805535283672,-0.413266069040296,0.545812602856356,-0.0948199375439378,0.332723896833791,0.372319983735284,-5.71449219271211,0.51633693695426,0.810981382216414,0.412634814419259,0.51801424012553,-1.01647973362899,-0.64875224829329,0.214330559275264,0.149142795238889,162.0000000001,0.966445312600237,0.149142795238889,162.0000000001,0.966445312600237,0.566940111540067,1.39298501837745,1e-10,1008.0000000001,0.0344392488989311,0.00798596111421401,0.533964433661443,0.431027398336063,1183.8074332154,0.25,63,2,"SNETWORK (2 29 1183.8074332154 0.533964433661443 7000226 63)",7
29,7000227,-1.01090926418527,36,-0.361841926944517,-0.698245294676348,-0.695629464068801,-0.700108350003007,-0.706051805186474,-0.0771055216851477,-0.0626764476706687,0.8985933825872,0.429108451851388,0.897012472370806,-1.2231073427345,0.815039892553607,0.897012472370806,0.897012472370806,-0.125381176824183,0.0830581900544251,0.104890265637605,0.616129390569008,-0.196777753798663,0.888230940044412,-1.64368450082736,-1.9192718638702,0.441336230309614,-1.01090926418527,-0.5,1.14086754295021,1.32491938243777,1.34174147209036,-0.654960307436952,1.43565024670505,-1.00634091736238,-0.928800577767838,0.401796200345423,0.784153469448274,0.808929176763936,0.0399850261056294,3204.0000000001,4.14379033371842,1.82693390971927,371.0000000001,1.08365617996201,5.22744651358044,0.0966359094147203,1.13446818380431,0.701320776364807,-0.883311884844506,-0.78249525397462,0.0750988641428786,-1.27203992235045,0.0648136599985812,-0.985417818254771,0.132702323294917,0.0845093899811537,0.0977466096195909,-0.434763178062126,-0.957067071674946,-0.166382572323166,-0.118644023962116,-0.921164041933264,-0.405788377193844,-0.417805535283672,-0.413266069040298,1.06523381118455,1.55469140828859,-0.811538617108496,0.923381716526888,-2.68459653351533,0.239136681786811,0.859489078833226,1.30084317956409,-0.0422769796001813,-1.35975078112252,-0.534128622161205,-0.187943216701152,0.507002508461204,598.0000000001,12.127500000103,0.507002508461204,598.0000000001,12.127500000103,5.62282163624694,4.16422429934296,1e-10,3204.0000000001,0.0766031648274392,0.0200327444872811,0.433672147752587,1.17321775775246,1090.76478901367,0.25,58,2,"SNETWORK (2 29 1090.76478901367 0.433672147752587 7000227 58)",7
29,7000228,-0.833642130165573,52,-0.361841926944517,-0.698245294676348,-0.562675121066356,-0.564925299345405,-0.567713055283144,0.0294652277333167,0.0604933768907347,0.958022091935001,0.362042200084929,0.866140832769164,-1.23854428733498,0.866214024920715,0.866140832769164,0.866140832769164,0.00561792131276395,-0.159266594245232,-0.251667373806735,0.532852498573401,-0.463147789281667,0.888230940044412,-1.64368450082736,-1.9192718638702,0.441336230309614,-0.833642130165573,-0.5,0.328413245028672,0.155156836276241,0.154568256608148,-0.317523750437491,0.151357116075762,-0.829339641276421,-0.737008259590652,0.338695616415824,0.839984613818736,0.440005114477695,0.0399850261056294,4407.0000000001,3.10024160854624,0.959978575447572,372.0000000001,0.570951536736528,3.67119314518276,0.0837166444249055,-0.142561914918837,-0.157320363932337,-0.794787315937961,-0.350916777539913,0.48986256159842,-0.795646239206262,0.506433566787648,-0.420030374365543,0.533685835031212,0.600272977525984,-0.204947110297418,-0.217859054131569,-1.16518425391971,-0.166382572323166,-0.118644023962116,-0.921164041933264,-0.323585971028253,-0.331945636842457,-0.32094223474169,-0.138750470612079,-0.720284014880482,0.887535047902594,-0.155996110237364,-0.755511767519985,0.443751102162372,0.632547204093704,-0.293221575893843,0.622618866699044,-0.477220226067039,-0.306529865089505,-0.187943216701152,0.0528361003604167,384.0000000001,0.811562500100199,0.0528361003604167,384.0000000001,0.811562500100199,0.493724003996378,0.57731742270416,1e-10,4407.0000000001,0.0706968589770875,0.013019785347818,0.633423450899156,0.689672065296505,1276.07704168671,0.25,71,2,"SNETWORK (2 29 1276.07704168671 0.633423450899156 7000228 71)",7
37,7000229,0.202295093914413,25,0.638158073055483,0.521052073640444,0.623124281295046,0.615977027310147,0.618989232093641,-0.592267361723041,-0.617518112362402,-0.167984858172086,2.01313618612033,-0.348102625087856,0.0619179565232582,-0.460406447219228,-0.348102625087856,-0.348102625087856,-0.62506600207925,0.0428702488241689,0.163412622618458,-0.512804520373549,0.0704046087117858,0.143005181347151,-0.438610038610039,0.349030470914128,0.119771863117871,0.202295093914413,0.5,-0.524391136069821,0.308938815168528,0.308463846728747,0.665199988510814,0.305502960733468,0.203822584397997,0.739668125448389,1.89958055761165,-0.0361013755000276,0.0974885574233265,0.0799702643258065,153.0000000001,0.0953898436033919,0.897730525302897,49.0000000001,0.281319045155714,0.376708888659106,0.00835611017312016,-0.270221110897457,1.73830443661229,0.0723836879280601,1.17744345207683,1.2577927263422,0.521567125725978,1.26551896566914,1.73771827968395,0.669639329096289,1.52275693557403,0.0808656616393348,0.0146948501768322,0.328826033699242,-0.102249785418102,0.881355976037885,0.430873575621597,0.67641402897175,0.668054363157543,0.679057765258312,-0.147964526459139,-0.707242739315444,0.734056015925026,0.00954985673818514,0.156063440195899,0.0171590088130141,0.277277845963087,1.10319701698165,-0.247538951747264,-0.399915207233183,-0.255279549529207,0.237791693397663,0.0625000001,11.0000000001,0.0275000000999902,0.0625000001,11.0000000001,0.0275000000999902,0.123082462857168,0.659165625213133,1e-10,153.0000000001,0.00211592573570768,0.00624018433741248,0.291746729324872,1.26882333680987,4527.86720084289,0.0312499339939208,142,2,"SNETWORK (2 37 4527.86720084289 0.291746729324872 7000229 142)",7
37,7000230,0.75499564133972,76,0.638158073055483,0.521052073640444,0.623124281295046,0.615977027310147,0.618989232093641,-0.404573738656525,-0.427859589712641,-0.13543181292383,1.55228369149803,-0.515974092944041,0.222087183928987,-0.437137982084562,-0.515974092944041,-0.515974092944041,-0.693182633960178,-0.430721080745529,-0.399604693276075,-0.89804187882891,-0.388065093322867,1.08031088082902,-1.42471042471043,-0.650969529085872,0.922053231939164,0.75499564133972,0.5,1.1476777480836,0.88418964150926,0.890081612012657,-0.681287237352082,0.9205219773817,0.741909774167809,-0.62131278044617,1.4693609671848,0.235027489478326,0.0881676146696214,0.0799702643258065,490.0000000001,0.276288133779763,0.189028873784075,1582.0000000001,1.91245703754973,2.18874517122949,0.0437868682432548,-1.69787330981766,-0.564374783321703,-0.52447099240742,-0.969984470470916,-0.58482010788561,-0.802329926557032,-0.529531037551563,0.251025944101054,-0.372191896609898,-0.918090252984855,0.341848459849022,0.33430211784779,-0.906066290165195,0.377809209492378,0.881355976037885,0.430873575621596,0.912092986877557,0.894966857296134,0.902794475583813,0.0163613178741843,-0.0809370598984056,0.842550601615864,-0.410837721848426,-0.186232670235739,0.489517693341254,0.757017780240735,1.40960743064685,0.219824737014178,-0.7511619254516,0.146760408881813,0.165876160230528,0.063457345806619,559.0000000001,1.4189062500995,0.063457345806619,559.0000000001,1.4189062500995,0.560661807235924,0.407627555455686,1e-10,1582.0000000001,0.00552727299575889,0.0382595951474959,0.901090372279331,1.91423623310402,5146.42222002218,0.0312499339939208,181,2,"SNETWORK (2 37 5146.42222002218 0.901090372279331 7000230 181)",7
35,7000231,1.03513276395122,102,0.953947685431969,0.757894567769832,0.623124281295046,0.615977027310147,0.618989232093641,0.0795465032267578,0.056537144038976,0.0183627384450199,-0.148267652402732,-0.0213760626353011,0.963844545273477,-0.200540947295829,-0.0213760626353011,-0.0213760626353011,-0.690177915677614,0.27075372588479,0.247515157242438,-1.02894248310829,0.486884312670903,-0.963730569948188,1.15057915057915,3.24099722991689,-0.29467680608365,1.03513276395122,0.5,0.632630593622648,-0.115133168665154,-0.114232311243384,-0.526545876547819,-0.109674884574924,1.02463923767554,0.080594509974497,0.260129944896784,-0.370867112485911,0.306355985850755,0.0799702643258065,225.0000000001,0.440824730163255,0.266157678505606,2028.0000000001,3.45194615092078,3.89277088098403,0.0931931469914909,-0.261698384257095,-0.151335500595372,0,-0.569486715493687,-0.690685024360164,0.138699258470055,-0.750734389662824,0.468468214197199,-0.721650035048304,-0.383375847019801,-0.332516506977783,-0.22556044781316,-1.02590312043468,-0.474872762001475,0.949152514976322,0.464889228842547,0.676414028971749,0.668054363157543,0.67905776525831,-1.49275557103314,0.093435179600654,-0.556851931054342,0.794977697185672,-0.296350803341144,0.978369629922783,1.25084545889937,0.720196953266424,0.973058572826943,-1.57528088705759,-0.777813653058533,-0.187943216701152,0.107277262186237,287.0000000001,1.23154296884956,0.107277262186237,287.0000000001,1.23154296884956,0.472091552549141,0.778759446972147,1e-10,2028.0000000001,0.010553368045349,0.0826397788461419,0.021491058926834,0.95868839987088,5443.64306705957,0.0156249669969604,100,2,"SNETWORK (2 35 5443.64306705957 0.021491058926834 7000231 100)",7
28,7000232,-0.240298126757129,93,-0.361841926944517,-0.698245294676348,-0.562675121066356,-0.564925299345405,-0.567713055283144,0.268045818056692,0.364901227356135,1.0696059658163,-0.555806166419537,0.304867068985674,-0.787435933445687,0.792480897670509,0.304867068985674,0.304867068985674,-0.0903238886165368,-0.814004832541368,-0.819303340160166,1.2735931709792,-1.45251390187586,0.393782383419688,-1.16859716859717,-1.44967682363804,0.0792141951837772,-0.240298126757129,-0.5,-0.795718220064225,-0.0426612696386037,-0.0423739290524944,1.10491746311367,-0.0408978940070683,-0.22758063034218,1.9122909028238,-0.52886257093511,0.243769644543377,0.193432586830202,0.0399850261056294,9619.0000000001,2.97477641738564,0.0623128531815719,8563.0000000001,0.853096865384584,3.82787328267022,0.0904518382561144,0.933459925982322,-0.125811083401455,1.32558951588339,1.80769559606844,0.59704502175574,1.28351167041727,0.639265983108135,0.548721307024006,1.42232535608215,0.843428033200593,0.118531846433037,-0.253874506171796,-0.0281368972528343,0.0982905982905983,-0.118644023962116,-0.921164041933264,-0.32358597102825,-0.331945636842455,-0.32094223474169,1.32600628544052,1.30608447297249,-1.46191723039707,0.550832112227226,0.156063440195899,-0.819274874831273,-0.652002726700942,-0.547800948037497,-0.778286210143388,0.880101979297328,0.028174502572519,0.333377913310991,0.0164117159348881,670.0000000001,0.439833984475108,0.0164117159348881,670.0000000001,0.439833984475108,0.0978353700353381,0.00917554905257834,1e-10,9619.0000000001,0.0702933391949372,0.0201584989611772,0.140088347520019,1.40182527469005,1727.36921690132,0.125,8,2,"SNETWORK (2 28 1727.36921690132 0.140088347520019 7000232 8)",7
36,7000233,0.844088899851721,86,0.638158073055483,0.521052073640444,0.623124281295046,0.615977027310147,0.618989232093641,-0.187506024192576,-0.183927118269175,-0.0135541149767798,0.412578576947977,-0.339800767948414,0.421488487238495,-0.706748562411694,-0.339800767948414,-0.339800767948414,-0.816831873195122,0.0511662051015767,0.0116931685307799,-1.17177265135889,0.264316397507863,0,0.0216216216216217,1.64542936288088,0.287072243346008,0.844088899851721,0.5,0.0450003606466475,0.942961843468985,0.950015808375291,0.0232801692047108,0.986930814388814,0.833649598325601,-0.24729475666112,0.386729171806892,0.0871542239985848,0.0872979263280215,0.0799702643258065,671.0000000001,0.374613573532418,0.137828506006345,3540.0000000001,3.1203217064315,3.49493527986392,0.0691848331155831,-1.16142580413342,-0.544370862326795,-0.181561921033042,-0.653656455030992,-0.597764147133313,-0.421988031366934,-0.535489376210306,0.0255779042079674,-0.58317096662848,-0.103763694453986,-0.118699308926538,-0.156228573727741,0.100056561015624,0.0940775396220941,0.88877101056304,0.434593949105238,0.676414028971749,0.668054363157543,0.679057765258312,0.383483304091984,-0.539959220676343,-1.83457528667818,-0.195564279726464,-0.470845129232817,-0.446062273048716,-0.310315262812359,-0.672245074458517,-0.310858872589652,-0.688764417542156,-1.35618002759638,-0.187943216701152,0.134060157837151,788.0000000001,4.2255761719735,0.134060157837151,788.0000000001,4.2255761719735,1.88742908065121,1.00559663755691,1e-10,3540.0000000001,0.00741575321104185,0.0617690798045412,0.069697487375346,0.584388848103117,5260.17274392335,0.0156249669969604,116,2,"SNETWORK (2 36 5260.17274392335 0.069697487375346 7000233 116)",7
41,7000234,0.346383152867045,113,-0.184210513107001,-0.196491445985551,0,0,0,0.556782601995988,0.504560686116727,-0.14401023909366,-0.673495812710148,0.531959123770837,0.333992450329549,0.0580844022010339,0.531959123770837,0.531959123770837,0.375654482470121,-0.357567009010607,-0.501466840840835,-0.242721766810047,-0.483604131087193,-0.606217616580312,0,0,-0.712927756653993,0.346383152867045,0,-0.42567146124686,-0.10582263929072,-0.10500947413482,0.433497666861688,-0.100888026056099,0.342521822693944,1.10841176080357,-0.640085533349782,-1.32932340368215,0.15086871731816,0.0799701241440398,2315.0000000001,2.23360170476031,0.0704391319984173,523.0000000001,0.235597796034305,2.46919950069461,0.0590137746786895,0.0292747341823513,0.200812520571254,0.514459536453301,-0.137947200884864,-0.760507857132915,0.872230250399941,-0.825147827909713,0.027512490575388,-0.729995191303489,-0.329553671722127,1.65057738642119,1.38811053964081,-0.500182892890994,2.46866499836797,0.511647949964731,-0.0649121358189584,0.261210984811386,0.257982730448682,0.262232239750229,-0.219657074936786,-0.114121776730724,0.336853911591198,-0.0452420747788738,-0.368249676126972,-0.704729306045464,-0.70036487527901,-0.176530202667097,-0.744481358896227,0.271059959292896,-0.746724237376846,1.15453678854855,0.00466486732103004,466.0000000001,0.0869531251,0.00466486732103004,466.0000000001,0.0869531251,0.151187107417442,0.169332143140401,1e-10,2315.0000000001,0.0533829961757475,0.00563077840294195,0.700644348046606,0.346093543492432,2951.13485427564,0.0625,262,2,"SNETWORK (2 41 2951.13485427564 0.700644348046606 7000234 262)",7
43,7000235,0.343512883975547,77,0.0756580730554828,0.31473676207772,0.354270929498081,0.350983481983268,0.358474665810763,-0.568213803620646,-0.565424207923051,-0.145234577116639,-0.719576885324645,-0.142724115670275,0.422496402407869,-0.195955345084604,-0.142724115670275,-0.142724115670275,0.00761617417041769,3.01867459917688,3.06213617349906,-0.445140203134524,3.60817768270213,0.124352331606218,-0.494208494208494,-0.193905817174515,-0.237642585551331,0.343512883975547,0.25,-0.551933015216563,0.222256270993431,0.221632674759902,0.69434986542799,0.218103102641474,0.335295697150491,-0.681862617367641,-0.683329221153055,-0.0233256170357068,0.0651656536986279,0.0799701818409082,700.0000000001,0.291724538629901,0.0685643219946439,1715.0000000001,0.75200109955098,1.04372563808088,0.0235153445841448,-0.379927647746395,-0.0277083635734927,-0.348835523037477,-0.011786497923662,0.379182250489921,-0.738140496669402,0.387386530970148,-1.57320296700337,0.46773371053085,0.208012810553846,-0.962750814427293,-0.971970522881577,-1.30047083735898,-0.582326914010082,-3.01077401207183e-16,0.0363195055765458,0.676414028971747,0.668054363157543,0.679057765258312,-0.640380547773926,-0.400942697435903,0.285409094396406,1.56810176232283,0.156063440195899,0.70073580656944,0.596131494311204,0.598551252315328,0.682707455028882,0.350145817601822,0.336058503566955,-0.187943216701152,0.0606814162499263,1018.0000000001,2.47094726572604,0.0606814162499263,1018.0000000001,2.47094726572604,1.05798198690703,0.384116876472431,1e-10,1715.0000000001,0.00657261139170602,0.0169427330924387,0.595642690885843,0.536199180933181,3666.41939692325,0.0312500660060792,332,2,"SNETWORK (2 43 3666.41939692325 0.595642690885843 7000235 332)",7
41,7000236,-0.960620695647787,8,-0.407894617963011,-0.251052105764176,-0.192309249631537,-0.194095720002018,-0.196546296696359,0.466828009358511,0.788581663098492,0.516149535088214,0.290673795153464,0.272281548596518,-0.268300391260244,0.0120584213731492,0.272281548596518,0.272281548596518,0.539094055382419,0.725780714949509,0.592966276534364,0.259823242839801,0.670886694858914,-0.606217616580312,0,0,-0.712927756653993,-0.960620695647787,0,0.510813690740975,1.35314128499941,1.3708345803441,-0.324890167944259,1.47001591377569,-0.95614213907379,-0.183178119778769,0.27149601118513,-0.0320551809527206,0.0576140350765051,0.0799701241440398,2723.0000000001,1.00330152565382,0.0784061783248789,3162.0000000001,1.58550527176393,2.58880679731775,0.0476161118702064,0.57044415881283,-1.35559535282515,-0.66516666177096,-0.271597047168586,0.439849476883948,-0.457179350106334,0.36882995197194,-0.101672354149362,-0.0654093920244553,0.138208358403156,-0.645350542473418,-1.33056497971025,0.0882828865981381,-0.652395459326152,-0.305084586862669,-0.363341583505645,-0.487990783359437,-0.503664629107672,-0.505590738712639,0.229051395064601,-1.90321420802816,0.142292330908054,-0.405081136340563,0.156063440195899,-0.677365988974128,-0.49072085531595,-0.41474272765624,-0.648859193137769,0.175479382120727,-0.0901034412970204,-0.187943216701152,0.00950805580807869,1309.0000000001,0.497841796975,0.00950805580807869,1309.0000000001,0.497841796975,0.345422146818449,0.210351429635567,1e-10,3162.0000000001,0.0184537979548463,0.0291623138153601,0.00867863316477291,0.451285520453753,1774.86667791631,0.0625,189,2,"SNETWORK (2 41 1774.86667791631 0.00867863316477291 7000236 189)",7
37,7000237,0.604247661599782,62,0.638158073055483,0.521052073640444,0.623124281295046,0.615977027310147,0.618989232093641,-0.492700837451494,-0.51838919265529,-0.151239234374147,1.71955600108598,-0.499186301070904,0.128034213612557,-0.420899545473552,-0.499186301070904,-0.499186301070904,-0.662299958109708,-0.217091671709396,-0.145001544761028,-0.65402232939956,-0.20086777546416,1.08031088082902,-1.42471042471043,-0.650969529085872,0.922053231939164,0.604247661599782,0.5,1.5323563051714,0.131969032212102,0.131423212054026,-0.815824568912297,0.128473918643739,0.59897393930074,0.609200104775134,1.62223209145489,-0.237805562742318,0.135740541240995,0.0799702643258065,637.0000000001,0.55297572987871,0.115485881205391,961.0000000001,0.70975643999673,1.26273216977544,0.0289152408550286,0.340256895714685,1.87971566525392,-0.1939716117805,0.26601324625055,0.502621146592814,0.482163215004978,0.521756193179976,1.58527825895221,0.355298561699364,0.670904247826257,0.145744402442656,-0.475493771034931,-1.19317909974817,-0.221841414910722,0.881355976037885,0.430873575621596,0.676414028971749,0.668054363157543,0.67905776525831,0.356735124354467,-1.7306435683574,0.461523943882888,-0.776054432671996,-0.159582752359318,0.429767466776631,0.411357177606687,0.439514455921698,0.410123107463944,-1.24861730381924,-1.02646775917868,-0.187943216701152,0.042892136933159,239.0000000001,0.410048828224854,0.042892136933159,239.0000000001,0.410048828224854,0.0837553493537429,0.233450936711877,1e-10,961.0000000001,0.0126625635603699,0.0162526771946587,0.729636263338193,0.732166027802217,4972.37625946987,0.0312499339939208,173,2,"SNETWORK (2 37 4972.37625946987 0.729636263338193 7000237 173)",7
43,7000238,0.0739374539257374,56,0.0756580730554828,0.31473676207772,0.354270929498081,0.350983481983268,0.358474665810763,-0.742167482847524,-0.673181957924267,-0.151325856297055,-0.320952460511385,-0.445412237318023,0.269175635561296,-0.377827022998149,-0.445412237318023,-0.445412237318023,0.199442649871668,2.62914474147955,2.51065046110293,-0.300576557326832,3.10224854145732,-0.963730569948188,1.15057915057915,3.24099722991689,-0.29467680608365,0.0739374539257374,0.25,0.780286224252487,-0.0602182631319226,-0.0597968146937365,-0.592801088254898,-0.0576402840237747,0.073969812579891,-0.0203359506599397,-0.298264659922691,0.665726998100932,0.411751989280667,0.0799701818409082,591.0000000001,1.5562499584304,0.420932730384116,699.0000000001,1.88168116625035,3.43793112458075,0.0814946931065176,0.335912156806499,0.317573532297157,-0.296608915849679,-0.218748636015156,0.0703099414137579,0.0349516199900314,0.0749373027373054,-0.188005597711448,0.0890974272580465,0.0463981036915879,1.21820102132943,0.69982100530437,-0.611131534706858,0.0943253666025943,0,0.0363195055765458,0.676414028971747,0.668054363157543,0.679057765258309,-2.10692620208932,-0.608695895653441,0.0814694894878153,-0.00347137948991169,-0.663931229613931,-0.331723334521895,-0.45210841737392,0.310093930869429,-0.440941960510414,-0.219067489386328,-0.575559153269373,1.39402989796944,0.0232412604837025,158.0000000001,0.146884765725062,0.0232412604837025,158.0000000001,0.146884765725062,0.179517955588689,0.326664527627309,1e-10,699.0000000001,0.0368902424171448,0.0446044505893729,0.432850777865074,1.0554321622476,3428.95990274682,0.0312500660060792,316,2,"SNETWORK (2 43 3428.95990274682 0.432850777865074 7000238 316)",7
28,7000239,-0.308382923021294,90,-0.361841926944517,-0.698245294676348,-0.562675121066356,-0.564925299345405,-0.567713055283144,0.262650921199344,0.361603900694827,1.06091012410362,-0.532924002255498,0.389996371425765,-0.80612344610796,0.844467773358077,0.389996371425765,0.389996371425765,-0.066780743896895,-0.799537352979484,-0.814082946834065,1.3300539782791,-1.45098787070262,0.393782383419688,-1.16859716859717,-1.44967682363804,0.0792141951837772,-0.308382923021294,-0.5,0.158194311466047,-0.437367236180057,-0.431794916004974,-0.252243159854942,-0.405088843619577,-0.307489270631859,-0.590225204985163,-0.503110453162267,0.795240053709984,0.0881630102030111,0.0399850261056294,631.0000000001,0.0889427462795704,0.101582385176993,13800.0000000001,2.24126008907581,2.33020283525538,0.0591193797331702,-0.297794672738791,-0.236251005809842,1.24347713215312,0.118645114379597,-1.31310207303902,-0.477064618833463,-1.51247652750263,-0.976310763968628,-1.23917535635085,-0.853311865044256,-0.579423477117439,-0.418393434733067,-0.0238053093155733,-0.0614006455590614,-0.118644023962116,-0.921164041933263,-0.323585971028253,-0.33194563684246,-0.32094223474169,0.912016823578792,-0.0782557267705641,1.47266915050047,0.0157881046073721,0.156063440195899,-0.594887479293776,-0.526437285054301,0.414973402992469,-0.775127158993952,0.889926711197641,0.274526692957329,-0.187943216674246,0.157939925169703,807.0000000001,5.09830078135125,0.157939925169703,807.0000000001,5.09830078135125,2.29998291942018,1.20784584183107,1e-10,13800.0000000001,0.00225655891310256,0.0568628207200677,0.10022310907032,1.48527515855219,1695.72090887216,0.125,6,2,"SNETWORK (2 28 1695.72090887216 0.10022310907032 7000239 6)",7
29,7000240,-0.816190671065503,54,-0.361841926944517,-0.698245294676348,-0.562675121066356,-0.564925299345405,-0.567713055283144,0.0610067193833568,0.0929100123827647,0.970120330559494,0.294878488538034,0.868028540340988,-1.15146835723955,0.833202909324295,0.868028540340988,0.868028540340988,-0.00138864437541225,-0.279847862363345,-0.395673238041132,0.600004659074153,-0.626016333197532,0.888230940044412,-1.64368450082736,-1.9192718638702,0.441336230309614,-0.816190671065503,-0.5,0.509776589302233,0.0388359454800853,0.0386216518697246,-0.446722865653673,0.0374983607563164,-0.811199895862339,-0.284232505048971,0.276009540258245,-0.131250844077406,0.348008018562256,0.0399850261056294,3888.0000000001,2.16326773348589,0.331627407357963,4976.0000000001,2.63830835526788,4.80157608865377,0.111808514594544,-0.340275959391352,-0.22774072523758,-0.185206708653307,-0.753280367501806,-0.697984424207575,-0.243730312610928,-0.737634094913378,0.118625648945591,-0.676016805220293,-0.883541158934756,-0.312882991976965,-0.34467362279372,-1.17938265632806,-0.122807335678623,-0.118644023962116,-0.921164041933264,-0.323585971028251,-0.331945636842457,-0.32094223474169,-0.160310064789012,0.295342979844548,-0.589129867761307,0.856160161638756,-1.8233616654723,1.00071692438894,1.23206649070393,-1.05363528868418,1.47409416387368,-1.15207094526846,-0.568366395727196,-0.187943216701152,0.128745089855969,712.0000000001,3.6666601563509,0.128745089855969,712.0000000001,3.6666601563509,1.62321864666451,0.96058077727372,1e-10,4976.0000000001,0.0503734080774939,0.0614351064170501,0.658350660279115,1.4733506947523,1299.20238430169,0.25,73,2,"SNETWORK (2 29 1299.20238430169 0.658350660279115 7000240 73)",7
41,7000241,-0.943858773800948,10,-0.407894617963011,-0.251052105764176,-0.192309249631537,-0.194095720002018,-0.196546296696359,0.463818929157942,0.786094002966261,0.514751341549907,0.289055266656921,0.272661410872216,-0.261939107800749,0.0118568070103222,0.272661410872216,0.272661410872216,0.538753043656862,0.72533691395388,0.591438361679581,0.260609601935735,0.670135938374983,-0.606217616580312,0,0,-0.712927756653993,-0.943858773800948,0,0.683685498180152,-0.0395134965448498,-0.0392492211680651,-0.546482548563963,-0.037890702914369,-0.940671131187317,-0.680434611630997,0.269403733859692,0.194138744414302,0.0678136017073857,0.0799701241440398,1206.0000000001,0.523021639521953,0.0961966740055621,2821.0000000001,1.73547627766594,2.2584979170879,0.0533376049025941,-0.362302755995486,0.140448908647884,-0.872274910613654,-0.627520772365885,0.249406773987236,-0.680519500725126,0.266537750906082,-0.344261488934711,0.491213850511693,0.518148251160756,-0.192702456641307,-1.22739345410234,-1.17685049710856,-0.598417534061098,-0.305084586862669,-0.363341583505645,-0.487990783359436,-0.50366462910767,-0.505590738712639,0.432466283942145,-1.90895973701166,0.213112080171645,-0.538518718665219,0.156063440195899,-0.697718906120825,-0.571744641620292,-1.074931879599,-0.495730284231944,-0.542592859774852,-0.0843256446425803,-0.187943216701152,0.00320756900800562,890.0000000001,0.114189453225,0.00320756900800562,890.0000000001,0.114189453225,0.0561031120153607,0.102656705284669,1e-10,2821.0000000001,0.012351891625341,0.0409857131772531,0.0211230871976549,0.301211855374277,1796.02092723275,0.0625,190,2,"SNETWORK (2 41 1796.02092723275 0.0211230871976549 7000241 190)",7
41,7000242,-0.624572192588315,44,-0.407894617963011,-0.251052105764176,0,0,0,0.543876367744837,0.838842241166264,0.382635460511772,0.0326281422077425,0.520030445480592,-0.06524354561659,-0.00111140690016416,0.520030445480592,0.520030445480592,0.512748055072502,0.0994166309511968,-0.0191090137337362,0.248061140192308,-0.0744547907142316,-0.606217616580312,0,0,-0.712927756653993,-0.624572192588315,0,-0.605784533651692,0.851208941318235,0.856489471550319,0.919776898384614,0.883555377042317,-0.622432547042976,0.309107981991261,0.0278641335636154,-1.21366049049198,0.106985395968401,0.0799701241440398,910.0000000001,0.622617652569502,0.126556627228089,1637.0000000001,1.32491833653547,1.94753598900497,0.0391925013989435,-0.265753064123113,-0.168136807436735,0.303838551759927,0.960235958466052,0.784184490570597,0.0710908232471883,0.716827556421212,0.200806665081751,0.582858826559619,0.536659955259787,-0.476402018452357,-0.755620455212328,-1.24414604618365,-0.505331302361005,-0.305084586862669,-0.363341583505643,0,0,0,-0.244823188608915,0.0260525787161079,-0.136815182431663,0.997606221453019,-1.8957085923159,0.775986481946568,0.926112443190072,0.356013809729752,0.835187917093587,0.724295279156515,0.460014489205736,-0.187943216701152,0.0850649127838235,425.0000000001,1.446103515725,0.0850649127838235,425.0000000001,1.446103515725,0.793683841314389,0.850278694752391,1e-10,1637.0000000001,0.0125296494093937,0.0266628518895498,0.244403418498747,0.283188225893207,2175.57376123595,0.0625,214,2,"SNETWORK (2 41 2175.57376123595 0.244403418498747 7000242 214)",7
41,7000243,-0.943858773800948,10,-0.407894617963011,-0.251052105764176,-0.192309249631537,-0.194095720002018,-0.196546296696359,0.463818929157942,0.786094002966261,0.514751341549907,0.289055266656921,0.272661410872216,-0.261939107800749,0.0118568070103222,0.272661410872216,0.272661410872216,0.538753043656862,0.72533691395388,0.591438361679581,0.260609601935735,0.670135938374983,-0.606217616580312,0,0,-0.712927756653993,-0.943858773800948,0,0.683685498180152,-0.0395134965448498,-0.0392492211680651,-0.546482548563963,-0.037890702914369,-0.940671131187317,-0.680434611630997,0.269403733859692,0.194138744414302,0.0678136017073857,0.0799701241440398,1206.0000000001,0.523021639521953,0.0961966740055621,2821.0000000001,1.73547627766594,2.2584979170879,0.0533376049025941,-0.362302755995486,0.140448908647884,-0.872274910613654,-0.627520772365885,0.249406773987236,-0.680519500725126,0.266537750906082,-0.344261488934711,0.491213850511693,0.518148251160756,-0.192702456641307,-1.22739345410234,-1.17685049710856,-0.598417534061098,-0.305084586862669,-0.363341583505645,-0.487990783359436,-0.50366462910767,-0.505590738712639,0.432466283942145,-1.90895973701166,0.213112080171645,-0.538518718665219,0.156063440195899,-0.697718906120825,-0.571744641620292,-1.074931879599,-0.495730284231944,-0.542592859774852,-0.0843256446425803,-0.187943216701152,0.00320756900800562,890.0000000001,0.114189453225,0.00320756900800562,890.0000000001,0.114189453225,0.0561031120153607,0.102656705284669,1e-10,2821.0000000001,0.012351891625341,0.0409857131772531,0.0211230871976549,0.301211855374277,1796.02092723275,0.0625,190,2,"SNETWORK (2 41 1796.02092723275 0.0211230871976549 7000243 190)",7
41,7000244,0.401492876183215,116,0.342105382036989,0,0,0,0,0.601213594710422,0.554860761970975,-0.154775251747726,-0.774704313987567,0.580231671713232,0.667091248149506,-0.0156410407456052,0.580231671713232,0.580231671713232,0.347590450406712,-0.475123869723058,-0.5966938698083,-0.493252835207107,-0.554156267275436,-0.606217616580312,0,0,-0.712927756653993,0.401492876183215,0,0.208877387215645,-0.250428907253016,-0.247956191802365,-0.271349357960007,-0.235750988686924,0.398535814951518,-0.0697759986978339,-0.732978040957316,0.586914812952447,0.122587065115756,0.0799701241440398,2756.0000000001,2.16062501478753,0.0838543576583506,1164.0000000001,0.624214935421195,2.78483995010873,0.0683134765006713,-0.609826856525948,-0.667873082392101,-0.306357723745052,0.261160541208646,0.668540863692206,0.0386213759589361,0.742771480104789,-0.880640352893944,0.682958664975865,0.319221443605533,0.986529606688052,0.365861021783941,-0.0780535878085416,0.438962028070939,0.915254083867404,-0.0283081595192618,0,1.49871635330658e-15,0,0.140377936922154,0.673363793642458,-1.54413602553623,-0.0826678100593631,-0.164827449775416,-0.789226864719298,-0.772244735441235,-0.945602222469855,-0.636802387333888,0.673338127190481,-0.0419027337046987,0.00817515942864366,0.0481900229933968,761.0000000001,1.466904296975,0.0481900229933968,761.0000000001,1.466904296975,0.803516773790305,0.537967564835391,1e-10,2756.0000000001,0.05300118089411,0.0153122955065613,0.719890302358175,0.80512118569598,2983.85093123363,0.0625,264,2,"SNETWORK (2 41 2983.85093123363 0.719890302358175 7000244 264)",7
37,7000245,-0.00608530640961316,8,0.638158073055483,0.521052073640444,0.649161038498292,0.645874990233288,0.652741863980251,-0.605538695961655,-0.625750968617569,-0.149697769358065,2.12571615535089,-0.284770526454777,0.0797919151824283,-0.473847513164822,-0.284770526454777,-0.284770526454777,-0.604577432538632,0.158378733172517,0.313895942784303,-0.418752936395502,0.182200584610811,0.143005181347151,-0.438610038610039,0.349030470914128,0.119771863117871,-0.00608530640961316,0.5,1.84754164193181,-0.0862368946342666,-0.0855996461699379,-0.875025890411935,-0.0823568613063368,-0.00861067712300098,0.683685239632083,2.00536557282671,-1.0508539890146,0.173525558887454,0.0799702643258065,1961.0000000001,2.17619649848488,0.0693885321797563,4.0000000001,0.00177502624075785,2.17797152462563,0.0518702379530349,-0.220001572317019,0.0552292112880102,1.21643615826206,0.34098247475248,-1.00706490407551,0.594821095907156,-1.08853565587528,1.84294276409935,-1.10523286882948,-2.95471663850932,-0.207596377008913,-0.312919970479348,0.213764294558043,-0.279029001801279,0.881355976037885,0.430873575621597,0.843324969095806,0.843044929020692,0.852244106229465,0.0987740970620736,-0.629318897540716,1.02076487417346,0.137489499719699,0.156063440195899,0.539572904090524,0.749262587403467,1.40713778047427,0.278707243293369,-0.245080877872144,0.596290086227904,-0.187943216701152,0.185894691880822,146.0000000001,1.08562500009961,0.185894691880822,146.0000000001,1.08562500009961,0.623278659866568,1.70425446032118,1e-10,1961.0000000001,0.0518279641010232,4.22737520117566e-05,0.084488079296137,1.12697374576237,4317.47544616403,0.0312499339939208,129,2,"SNETWORK (2 37 4317.47544616403 0.084488079296137 7000245 129)",7
37,7000246,0.242134089768781,28,0.638158073055483,0.521052073640444,0.623124281295046,0.615977027310147,0.618989232093641,-0.588417325746285,-0.61257214438484,-0.16959590196537,1.99879567557031,-0.351574861515634,0.0768605298720067,-0.469504705762372,-0.351574861515634,-0.351574861515634,-0.629671958775374,0.0253532288037492,0.14113635796271,-0.542794161735222,0.0578419167524955,0.143005181347151,-0.438610038610039,0.349030470914128,0.119771863117871,0.242134089768781,0.5,-0.320832148377364,-0.662721833057169,-0.651952236350835,0.197751139964681,-0.601963781173605,0.23848444112968,0.227886189037047,1.8868327987499,-0.37952157759826,0.0976625957501978,0.0799702643258065,561.0000000001,0.350387162384811,0.392327087075894,1004.0000000001,2.51906322817919,2.869450390464,0.0758206707412573,-0.504598061592297,-0.571146394413693,0.582090551523875,0.26134835389816,-0.378686505430922,0.411730040957263,-0.455801927150779,1.63731470455122,-0.285667594015101,-0.829985084400037,-0.566954854190284,-0.598269129629798,-1.28389103429042,-0.305280528052805,0.881355976037885,0.430873575621596,0.676414028971747,0.668054363157542,0.67905776525831,0.509556577141966,-0.546284063323033,1.06423525991888,-0.297922453129676,-2.30404656136366,0.429743923435104,0.612379288402066,0.877740711996399,0.292735581302113,-0.300693917402668,-0.289177126809996,-0.187943216701152,0.0213166611054348,230.0000000001,0.19611328134993,0.0213166611054348,230.0000000001,0.19611328134993,0.0173761305410014,0.0507178825238625,1e-10,1004.0000000001,0.00925842444174523,0.0665622461995121,0.32565035748638,0.414567946526492,4562.28334616609,0.0312499339939208,145,2,"SNETWORK (2 37 4562.28334616609 0.32565035748638 7000246 145)",7
29,7000247,-1.32342380473202,4,-0.361841926944517,-0.698245294676348,-0.88766904750336,-0.89062955707874,-0.905942372439505,-0.197460822741331,-0.173846495323255,0.827785952377469,1.04816601577456,0.506427755284687,-1.21872357190575,0.58104877673757,0.506427755284687,0.506427755284687,-0.322029278113993,0.579193372058838,0.471513934659218,0.334468864921737,0.474844507651738,0.234887737478411,-0.657228657228657,-0.00923361034164302,0.265103506548374,-1.32342380473202,-0.5,1.19152658270457,10.5909232919662,11.6335760317121,0.276055278832247,29.7572435736303,-1.30332856097192,-0.820196090902687,0.987133810346246,0.920634868536316,0.0536530288299068,0.0399850261056294,12963.0000000001,1.11197373623583,0.0950747320761675,83426.0000000001,12.6812275783106,13.7932013144464,0.0492709873921319,1.39313674860917,0.611587418149915,-0.914417618617024,-0.500721724497912,0.428940960414708,-2.16073933442389,0.0784931405188818,-2.60099305542403,0.120592982664547,0.0992069015253767,-0.346646518878329,-0.181435364422199,-0.91014190083879,-0.443181131299943,-0.118644023962116,-0.921164041933264,-0.642157328871708,-0.655861193874932,-0.670337298852447,-0.186336315620618,-0.964471511811299,0.786316727588465,-0.764446981632441,-0.763153715369105,0.654504237351468,0.732337268938919,0.251524229193197,0.721869137962703,-1.98732806471753,-1.45435098958197,-0.187943216701152,0.586407035187335,4988.0000000001,116.999931640754,0.586407035187335,4988.0000000001,116.999931640754,55.1980528025084,4.83673932524025,1e-10,83426.0000000001,0.00397210499388182,0.0452988822982501,0.0563581261632816,8.3344600788944,740.724963468528,0.25,39,2,"SNETWORK (2 29 740.724963468528 0.0563581261632816 7000247 39)",7
37,7000248,0.242134089768781,28,0.638158073055483,0.521052073640444,0.623124281295046,0.615977027310147,0.618989232093641,-0.588417325746285,-0.61257214438484,-0.16959590196537,1.99879567557031,-0.351574861515634,0.0768605298720067,-0.469504705762372,-0.351574861515634,-0.351574861515634,-0.629671958775374,0.0253532288037492,0.14113635796271,-0.542794161735222,0.0578419167524955,0.143005181347151,-0.438610038610039,0.349030470914128,0.119771863117871,0.242134089768781,0.5,-0.320832148377364,-0.662721833057169,-0.651952236350835,0.197751139964681,-0.601963781173605,0.23848444112968,0.227886189037047,1.8868327987499,-0.37952157759826,0.0976625957501978,0.0799702643258065,561.0000000001,0.350387162384811,0.392327087075894,1004.0000000001,2.51906322817919,2.869450390464,0.0758206707412573,-0.504598061592297,-0.571146394413693,0.582090551523875,0.26134835389816,-0.378686505430922,0.411730040957263,-0.455801927150779,1.63731470455122,-0.285667594015101,-0.829985084400037,-0.566954854190284,-0.598269129629798,-1.28389103429042,-0.305280528052805,0.881355976037885,0.430873575621596,0.676414028971747,0.668054363157542,0.67905776525831,0.509556577141966,-0.546284063323033,1.06423525991888,-0.297922453129676,-2.30404656136366,0.429743923435104,0.612379288402066,0.877740711996399,0.292735581302113,-0.300693917402668,-0.289177126809996,-0.187943216701152,0.0213166611054348,230.0000000001,0.19611328134993,0.0213166611054348,230.0000000001,0.19611328134993,0.0173761305410014,0.0507178825238625,1e-10,1004.0000000001,0.00925842444174523,0.0665622461995121,0.32565035748638,0.414567946526492,4562.28334616609,0.0312499339939208,145,2,"SNETWORK (2 37 4562.28334616609 0.32565035748638 7000248 145)",7
41,7000249,-0.552815470300846,51,-0.407894617963011,-0.251052105764176,0,0,0,0.534448953068555,0.81422201457157,0.342126131731414,0,0.556510926047345,-0.0509662047517089,0.00055783309683044,0.556510926047345,0.556510926047345,0.518149954349776,-0.0483383591107312,-0.167189791531731,0.199271219099902,-0.237427762867927,-0.606217616580312,0,0,-0.712927756653993,-0.552815470300846,0,-0.427140399912655,1.03525386316546,1.04431831461142,0.648808071796126,1.09260970225878,-0.551494792012628,0.0225233709415879,-0.00302327494037339,-0.695910153152272,0.161098832480163,0.0799701241440398,3077.0000000001,3.17011800173352,0.148714730851894,1169.0000000001,1.11179326712753,4.28191126876105,0.083372727236411,-0.301861609296073,-0.339564068590445,-0.234813318757358,0.17191729155359,0.468915486392674,-0.203131295176968,0.415484853061139,-0.0897998155143075,0.614851321335428,0.576218889798691,0.813577048353271,1.20273291993933,0.176957442072644,1.96879797869897,0.0148837960184178,-0.44779453107065,0,-1.49871635330658e-15,-1.55600483282998e-15,-0.125988001194288,0.560397968196921,-0.0807387835974481,-0.153456989600768,0.125898333069371,-0.333696093433144,-0.370478347958416,0.0734151030396271,-0.379852710292407,1.65732569537996,0.974899491340649,2.70320700926934,0.0839104685842687,588.0000000001,1.97357421885,0.0839104685842687,588.0000000001,1.97357421885,1.04302946658276,0.840501153058349,1e-10,3077.0000000001,0.0617250957708572,0.0216476313655538,0.290779852305683,0.498080918565392,2254.40877003324,0.0625,219,2,"SNETWORK (2 41 2254.40877003324 0.290779852305683 7000249 219)",7
37,7000250,0.63099946462758,64,0.638158073055483,0.521052073640444,0.623124281295046,0.615977027310147,0.618989232093641,-0.473255701467531,-0.499665649517666,-0.149829390966727,1.70732131793469,-0.502429144047674,0.153335512185211,-0.424992729557742,-0.502429144047674,-0.502429144047674,-0.661224679608995,-0.240439692094221,-0.171455432240361,-0.674562919575108,-0.223039638036839,1.08031088082902,-1.42471042471043,-0.650969529085872,0.922053231939164,0.63099946462758,0.5,1.52741236596179,2.05830128715321,2.10413273710724,-0.744020162591208,2.3864535636461,0.620802548375533,-0.538493782225022,1.6152973106341,-0.158192405826054,0.266089997053832,0.0799702643258065,561.0000000001,0.95465944084402,0.138726639935064,1572.0000000001,1.39466361475285,2.34932305549687,0.0380910837031605,-0.117465287945283,1.95386225218391,0.320643528762013,-0.170361386019136,-0.556642756513383,-0.946564992746105,-0.406412790536363,0.145229461009042,-0.25030456575101,-0.686908257561915,-0.361214977647136,-0.481008430486987,-1.18827859915804,-0.386241371389886,0.881355976037885,0.430873575621595,0.676414028971749,0.668054363157543,0.67905776525831,-0.702948169391496,-1.24721562892665,0.307354036164338,0.278318682954789,0.156063440195899,0.0565442900756143,0.0642100614737607,0.0414176442856195,0.082622522618873,-1.02308171752728,-1.09303799690047,-0.187943216701152,0.032412400986194,603.0000000001,0.781787109474722,0.032412400986194,603.0000000001,0.781787109474722,0.259483240258939,0.144693026019029,1e-10,1572.0000000001,0.0154785066644587,0.0226125769387018,0.753826925133446,1.30977257618446,4996.93260865597,0.0312499339939208,174,2,"SNETWORK (2 37 4996.93260865597 0.753826925133446 7000250 174)",7
29,7000251,-1.04868245127691,33,-0.361841926944517,-0.698245294676348,-0.695629464068801,-0.700108350003007,-0.706051805186474,-0.102856462376896,-0.0896426696284228,0.894161692581114,0.444319139012454,0.887371154283039,-1.20465026516129,0.806952626895966,0.887371154283039,0.887371154283039,-0.145109444093206,0.126626939790509,0.172033686052861,0.660772687710572,-0.157169708885342,0.888230940044412,-1.64368450082736,-1.9192718638702,0.441336230309614,-1.04868245127691,-0.5,1.44602258180827,2.0539518187605,2.09957332572225,-0.720537300013454,2.38044557747809,-1.04026156659148,-0.10167236706313,0.417106669956411,0.45704881592575,1.57410439563954,0.0399850261056294,3971.0000000001,9.9937431712985,3.44945182391095,182.0000000001,1.00372845778833,10.9974716289868,0.178447690921666,-0.501140773374138,0.566318498765196,-0.555800671690985,-0.0222458546414511,0.599888526866443,-0.545187427585263,0.44442333769618,-0.0810443062021379,0.693992188342831,0.840589279629483,0.602803458567753,0.0705571855840259,0.223562404335422,-0.0502665651180503,-0.118644023962116,-0.921164041933264,-0.405788377193884,-0.417805535283714,-0.413266069040341,-0.609644368855953,0.409412499478293,0.15993450435716,0.143067421690414,-2.89600023133995,0.0583123701745372,0.315768668078288,0.201082999582945,0.0419201900078608,-0.25495327146139,0.517880217002216,0.866175900406498,0.166408047454294,163.0000000001,1.08498046885027,0.166408047454294,163.0000000001,1.08498046885027,0.402808617996168,1.27956643147914,1e-10,3971.0000000001,0.162160944964918,0.0162867458567478,0.395226251706955,0.0853578064531252,1055.09795986151,0.25,55,2,"SNETWORK (2 29 1055.09795986151 0.395226251706955 7000251 55)",7
41,7000252,-0.662000611053338,41,-0.407894617963011,-0.251052105764176,0,0,0,0.541954644720395,0.829080125456842,0.390063509510953,0.0384757290339647,0.516391716554627,-0.0708934812036673,-0.000710297214336864,0.516391716554627,0.516391716554627,0.508829865569333,0.123428901533411,0.00889684211425668,0.258617716746879,-0.0487012399295549,-0.606217616580312,0,0,-0.712927756653993,-0.662000611053338,0,-0.711456787435213,-0.41391086174282,-0.408787197384426,0.852391390311078,-0.38414502250514,-0.657872927488679,0.411473424252434,0.0429443210790361,-1.3857183043837,0.167455991349898,0.0799701241440398,2467.0000000001,2.64195477570598,0.0691294734109431,1362.0000000001,0.602137804937316,3.24409258054329,0.0819583109911438,-0.152857130687811,0.34663688494979,0.259469686444529,0.538876713229151,0.3277958091229,0.489511608391979,0.374207754910033,0.588605436389679,0.762123186501944,0.747857851041743,-0.268365799534965,0.122459184971765,0.181534253075439,-0.214660477036715,-0.305084586862668,-0.363341583505643,-1.4637901463605e-15,0,0,-1.15492193292498,-0.241314860003229,0.0191716771777687,0.923502186109649,-0.745596771199404,0.202563052577772,0.25314791915345,0.2111381682165,0.20701154199185,0.820219047319334,0.819059919762814,-0.0347224544351844,0.151409846580175,744.0000000001,4.50595703135,0.151409846580175,744.0000000001,4.50595703135,2.24013590692291,1.41218576365396,1e-10,2467.0000000001,0.0667459838121724,0.0152123270789714,0.225024728697027,0.73561776522547,2142.63204805122,0.0625,212,2,"SNETWORK (2 41 2142.63204805122 0.225024728697027 7000252 212)",7
43,7000253,0.482549942398412,88,0,0.230175963096256,0.354270929498081,0.350983481983268,0.358474665810763,-0.189782348576964,-0.220019973734987,0.0298421516824795,-0.957591072684112,0.121460331953083,1.00656651651263,-0.632006981114925,0.121460331953083,0.121460331953083,-0.292847879057556,3.2199940168013,3.36638131385127,-1.09008732913062,4.02887023243494,0.124352331606218,-0.494208494208494,-0.193905817174515,-0.237642585551331,0.482549942398412,0.25,-0.395862661170476,0.0639924543438883,0.0636632993219348,0.420585543920717,0.0619254314634245,0.478909159042368,1.1936905125843,-0.892978040957316,-0.95323755158898,0.0886517498214944,0.0799701818409082,1784.0000000001,1.01143581458604,0.0535907125088236,1634.0000000001,0.560012535696963,1.571448350183,0.036427191886842,0.851640259757188,1.50122577610051,0.738729222686124,1.13537161237515,0.461639541014942,0.872852152392558,0.484955565616677,-0.541445524036703,0.470882445639254,0.159576991284459,-0.617423712816283,-1.02244781297388,-0.012337391917282,-0.554848341977055,0,0.0363195055765467,0.676414028971749,0.668054363157543,0.679057765258309,0.20999220755632,0.353388585257638,-0.672147864176864,3.15468727363195,0.156063440195899,0.554087949777305,0.482030139968272,-0.244046048528296,0.737787078579239,-0.339278003160022,-0.204571079174936,2.39548968207056,0.00219965340837408,818.0000000001,0.0719726563500304,0.00219965340837408,818.0000000001,0.0719726563500304,0.144105549474708,0.148453063991308,1e-10,1784.0000000001,0.0234457380622263,0.0129814537246158,0.681895145574824,0.850244215351747,3792.23316667304,0.0312500660060792,342,2,"SNETWORK (2 43 3792.23316667304 0.681895145574824 7000253 342)",7
43,7000254,-0.404247992577665,20,0.0756580730554828,0.31473676207772,0.118081199488201,0.12698938418892,0.129762766215853,-1.13948580855249,-1.0092171950602,-0.274351773707938,0.399867037013832,-0.403296125744066,0.0270988827785627,-0.515298956278916,-0.403296125744066,-0.403296125744066,0.351713759313994,3.11085510310639,3.00831387148387,0.301888774402474,3.50976944614064,0,0.0216216216216217,1.64542936288088,0.287072243346007,-0.404247992577665,0.25,0.465010434930234,-0.156005927015456,-0.154689021360454,-0.436885949236807,-0.148079037635599,-0.401694303282612,-0.133364930011989,0.385900156262851,0.38410932593625,2.01577576023224,0.0799701818409082,1354.0000000001,17.4548872898635,0.071632079582795,520.0000000001,0.238213883204688,17.6931011729682,0.426702286734226,0.326170093002924,0.0432144827383516,-0.353132233572323,-0.246027691010512,0.103054782397265,-0.045803365284318,0.111872301743713,0.396344569759827,0.162222462805767,0.141504737286755,-0.106754535915478,0.281730980728664,-0.797388546343094,0.353298516664853,-3.01077401207183e-16,0.0363195055765458,-1.4637901463605e-15,0,-1.55600483282998e-15,0.1476799602186,-0.0832745402022951,-0.259602421696871,0.0500437258032509,0.00623203674621426,-0.190541898233198,-0.0588777053931695,-0.329741879015595,-0.105375912185996,0.575894695574759,0.638207294030432,-0.187943216701152,0.0242089065059381,501.0000000001,0.485146484475205,0.0242089065059381,501.0000000001,0.485146484475205,0.339420826528081,0.334859985953605,1e-10,1354.0000000001,0.420957312497942,0.00574497413628427,0.14944916813034,1.14974026770906,3015.57079976471,0.0312500660060792,290,2,"SNETWORK (2 43 3015.57079976471 0.14944916813034 7000254 290)",7
29,7000255,-0.637659385414886,68,-0.361841926944517,-0.698245294676348,-0.562675121066356,-0.564925299345405,-0.567713055283144,0.0572585812857555,0.108775664628946,0.945697865260681,0.00307694449665504,1.11940428576033,-1.39352888174422,1.08093198210986,1.11940428576033,1.11940428576033,0.102092459197721,-0.439714986798921,-0.501494041140008,1.16347250761991,-0.974415905548189,0.286010362694301,-0.898841698841699,-0.947368421052628,-0.0475285171102662,-0.637659385414886,-0.5,0.30355298633634,-0.36845413935279,-0.364150929109791,-0.352492723650937,-0.34331073625416,-0.634547727830406,-0.495710853459118,-0.000753351426926556,0.177562789277145,2.84388940309924,0.0399850261056294,6585.0000000001,29.9407894956356,0.108274988265484,852.0000000001,0.147489976225842,30.0882794717615,0.753943644640824,-0.465993245413398,-0.248008837624614,-0.290220812258638,-0.6043601171602,-0.398775767696528,-0.378204973957002,-0.454522137715959,-0.262602494078786,-0.399578897329526,-0.488459150046689,0.46347436322293,0.633004238334341,0.0573353853519127,0.662284360304162,-0.118644023962116,-0.921164041933264,-0.323585971028251,-0.331945636842457,-0.320942234741691,-0.29473513341112,0.452198260144521,-0.033217636489593,0.10611727472508,-0.0215501894320574,-0.576743749451658,-0.582669927917461,-1.30321230269041,-0.293883691001544,1.30664793696906,1.37151390113978,1.21882420639433,0.108787415619593,504.0000000001,2.19315429697554,0.108787415619593,504.0000000001,2.19315429697554,1.14682922560694,1.05119595056559,1e-10,6585.0000000001,0.750247882201263,0.00369576233956112,0.826971423351789,0.927544771773075,1455.63437227984,0.25,83,2,"SNETWORK (2 29 1455.63437227984 0.826971423351789 7000255 83)",7
37,7000256,0.0726733022948136,15,0.638158073055483,0.521052073640444,0.649161038498292,0.645874990233288,0.652741863980251,-0.611650488709015,-0.629548948276594,-0.15999394967893,2.0620192274224,-0.320175672929525,0.0553209797274011,-0.462026604602007,-0.320175672929525,-0.320175672929525,-0.619437280519248,0.0975461184058284,0.240375030271796,-0.450168246538852,0.118263160753455,0.143005181347151,-0.438610038610039,0.349030470914128,0.119771863117871,0.0726733022948136,0.5,-0.37155378131686,-0.0303577985536582,-0.0301589213912291,0.369648618309547,-0.029134439253401,0.0713204596324696,0.101996814343524,1.94610083066042,-0.483090267418957,0.243835418125054,0.0799702643258065,664.0000000001,1.03543282824478,6.03493966574536,25.0000000001,0.964872665595376,2.00030549374015,0.0471622540482506,0.0836018346918242,3.02350211160658,0.241299468802571,-0.0469117072391714,-0.319952381880355,0.134834616348397,-0.342747687895903,1.41413370703781,-0.532390972459656,-1.42643805241867,-0.392274223409728,-0.551165164422512,0.331261612518604,-0.280769835225281,0.881355976037885,0.430873575621596,0.747320881648308,0.742394282028883,0.752630870618177,0.449289541197926,-1.04757171729949,0.865255874160464,0.942455837738256,-0.0957276037980397,0.50404212705759,0.709064774422998,1.04769033897301,0.333642368783959,-0.0234100631311862,0.427743341238909,0.0881711145354146,0.103851318459375,16.0000000001,0.0664648438499764,0.103851318459375,16.0000000001,0.0664648438499764,0.141501899748665,1.00938977595004,1e-10,664.0000000001,0.0244129439940959,0.0227493099541548,0.170428074541877,2.50235082133175,4404.71458621603,0.0312499339939208,135,2,"SNETWORK (2 37 4404.71458621603 0.170428074541877 7000256 135)",7
29,7000257,-1.14271155782162,23,-0.361841926944517,-0.698245294676348,-0.695629464068801,-0.700108350003007,-0.706051805186474,-0.163562800127256,-0.182913020419556,0.848661946014497,0.727203113143844,0.796431099794108,-1.32154116541024,0.869452611196216,0.796431099794108,0.796431099794108,-0.159781704155719,0.544728451485702,0.548384807902253,0.98846424806502,0.251046485652278,0.326424870466322,-1,-1.13573407202215,0,-1.14271155782162,-0.5,0.888570198941641,-0.193161040231674,-0.191421847440368,-0.645746156678602,-0.182751422766193,-1.13303529015615,0.0528816239325007,0.689316555637799,0.256055916526693,2.87071462166911,0.0399850261056294,378.0000000001,1.73490854794044,0.859899886210996,47.0000000001,0.064616066325922,1.79952461416636,0.0436902441458581,-0.0579760097801022,-0.114032951894175,-0.239927347709775,-0.0464691984621697,0.210711464513994,0.135006378989942,0.231101964547122,0.777530877636947,0.277098225649358,0.336939162564384,-0.422763555730753,-0.836015441956218,-1.33674850386289,-0.484036315719484,-0.118644023962116,-0.921164041933264,-0.487990783359437,-0.503664629107672,-0.505590738712639,0.417657059375874,-1.04168650389061,1.08807490687558,-1.25807480125228,0.0566993947429422,0.290094934132849,0.40776124304876,0.31779995698627,0.280259213766158,-1.93035418998604,-0.740207268653143,-0.187943216701152,4.68408203135,18.0000000001,3.37253906260083,4.68408203135,18.0000000001,3.37253906260083,1.48418190473508,39.5419144554656,1e-10,378.0000000001,0.0421214454417009,0.00156879860415722,0.277224209190337,1.06302097609153,945.625711248796,0.25,48,2,"SNETWORK (2 29 945.625711248796 0.277224209190337 7000257 48)",7
37,7000258,0.415269835884527,44,0.638158073055483,0.521052073640444,0.623124281295046,0.615977027310147,0.618989232093641,-0.562924248019426,-0.579028596748982,-0.175035572989907,1.89460768957668,-0.402996396173187,0.120135566470668,-0.461666128074121,-0.402996396173187,-0.402996396173187,-0.65405404998687,-0.0606140796622143,0.0436645625896153,-0.584367649596333,-0.0332961931677689,0.55958549222798,-0.876876876876878,-0.0954139735303178,0.476341360371778,0.415269835884527,0.5,-0.223274221869242,0.447145284738583,0.447354142876432,0.253687045128625,0.447637543661763,0.412564465866992,0.948870418738061,1.78779504893495,-0.278688885995265,0.0483207397869914,0.0799702643258065,178.0000000001,0.0550060727375182,0.0823020300459681,1215.0000000001,0.639504915424801,0.694510988062319,0.0150277270128048,0.383351972263529,-0.284192680157644,0.811813393648442,0.57837129554554,-0.257765258210583,0.616373909300988,-0.252638472502996,1.77221875899878,0.182116768481888,0.30169421185054,0.0165921346979658,-0.286118325505327,0.202191893114285,0.000235737859500236,0.881355976037884,0.430873575621595,0.676414028971747,0.668054363157543,0.679057765258309,0.924342680710298,-0.990860469104816,1.1582668490857,0.451473788654137,-0.635120132159832,0.820016785737793,0.936291045321084,0.793620714027784,0.769207615092688,-0.460432750891943,-0.158423966150851,-0.187943216701152,0.0601599170342885,506.0000000001,1.21763671884957,0.0601599170342885,506.0000000001,1.21763671884957,0.465517798630972,0.379700049460147,1e-10,1215.0000000001,0.00119021333351082,0.0138375135792939,0.505164568511996,2.81778367322137,4744.51125241866,0.0312499339939208,159,2,"SNETWORK (2 37 4744.51125241866 0.505164568511996 7000258 159)",7
43,7000259,0.408267719846059,83,0.0756580730554828,0.31473676207772,0.354270929498081,0.350983481983268,0.358474665810763,-0.558966594907722,-0.572258600231119,-0.157301537881425,-0.732981085841182,-0.139386670724511,0.472446346390766,-0.208644223450289,-0.139386670724511,-0.139386670724511,-0.00603592411585007,2.98150541953248,3.03290222706208,-0.487194935762786,3.57549379199135,0.124352331606218,-0.494208494208494,-0.193905817174515,-0.237642585551331,0.408267719846059,0.25,-0.41285620596001,-0.105323477782694,-0.104514939973924,0.41500277171249,-0.100416533528989,0.403137814534887,-0.160624656762271,-0.69575458508101,-0.180003590045483,0.0631488650910372,0.0799701818409082,1167.0000000001,0.471294716722424,0.0584219388695614,708.0000000001,0.264524187480806,0.73581890410323,0.0175844638677518,0.0694276805928399,0.322167997282704,0.669841598742042,0.0651116939908669,-0.696410584969062,-0.0849183265734711,-0.7555969026128,-0.921012413032838,-0.565551105704616,-0.332280347192696,2.13478317591611,1.22398216293388,-0.0668382863682319,1.64915557489815,0.609454934040295,0.310373131792162,0.676414028971749,0.66805436315754,0.67905776525831,-0.537760597104198,0.259978035466556,0.346661564184918,-0.260194452571282,-0.170942585232004,-0.423801669193891,-0.421821225161435,-0.244183369666684,-0.399604184439121,-0.150318778932299,-1.04047611626075,1.45249421446338,0.0134335599562907,922.0000000001,0.495429687600209,0.0134335599562907,922.0000000001,0.495429687600209,0.124116536507399,0.0160478827028911,1e-10,1167.0000000001,0.0112629137730654,0.00632154999468638,0.642971098449118,1.29760509700478,3735.45587122722,0.0312500660060792,338,2,"SNETWORK (2 43 3735.45587122722 0.642971098449118 7000259 338)",7
28,7000260,0.58978139426675,119,-0.111841926944517,-0.494736954820113,-0.562675121066356,-0.564925299345405,-0.567713055283144,0.181042444053783,0.389001948348127,1.03295900071945,-0.941489324673336,-1.33190756939525,-1.74614819358509,0.481784475240055,-1.33190756939525,-1.33190756939525,-0.452133084364579,-1.31091705614273,-1.1813858709229,0.806132884937923,-1.9158985069355,0.393782383419688,-1.16859716859717,-1.44967682363804,0.0792141951837772,0.58978139426675,-0.5,-0.676708456769542,0.452847175498332,0.453095935596799,0.969756535012687,0.453576002563003,0.602970738693704,2.60592307781742,-0.893547166707788,0.325161917234844,0.0932556408228758,0.0399850261056294,15565.0000000001,2.32069999309025,0.0371612069715551,4513.0000000001,0.268132778959145,2.5888327719494,0.0559594428172044,-1.05232644337128,2.18852537500565,2.78142507940969,1.98371986203277,-0.833214078688796,1.43816528527325,-0.816541553891452,-0.0906976693893267,-0.808309821921693,-0.334384293384658,-1.07009631841237,-1.11100033829821,-0.00671977170081156,-0.282256797108282,0.474576257488161,-0.569126424378405,-0.323585971028251,-0.331945636842458,-0.320942234741691,1.67672032501956,-1.20154725996399,1.17735637050469,2.33990325438122,0.156063440195899,-1.10764886940601,-1.22135787343234,-0.347436499108402,-1.16736580012327,-0.454339804269305,-0.084392323010017,-0.138135721422977,0.0343986769705595,563.0000000001,0.77465820322519,0.0343986769705595,563.0000000001,0.77465820322519,0.256113268096053,0.161515750114912,1e-10,15565.0000000001,0.0501635639558064,0.00579587876139806,0.514132584480775,1.3927141232416,2024.3163239104,0.125,29,2,"SNETWORK (2 28 2024.3163239104 0.514132584480775 7000260 29)",7
29,7000261,-1.26280338938393,9,-0.361841926944517,-0.698245294676348,-0.88766904750336,-0.89062955707874,-0.905942372439505,-0.171461553558677,-0.151792799362757,0.836313454181372,1.0414169259793,0.518497484167125,-1.21471093534186,0.582674721540911,0.518497484167125,0.518497484167125,-0.322693002207224,0.554255818277722,0.442816867544155,0.327425203887185,0.447009208459669,0.234887737478411,-0.657228657228657,-0.00923361034164302,0.265103506548374,-1.26280338938393,-0.5,1.08089854867427,7.60163875928417,8.19466078067618,-0.0522190645791073,15.3558072064918,-1.25659176584768,-1.13245293496897,0.98041286289991,0.860491715248633,0.0473948212783202,0.0399850261056294,1347.0000000001,0.10206885684665,0.0898492798131942,70906.0000000001,10.1857345029365,10.2878033596831,0.062312186126366,0.490055276052912,2.86955015984295,-1.1449433897504,-0.917146746539907,0.204169805380263,-2.1538913272243,0.0638947365966123,-2.57683478396649,0.151409926681165,0.153356360292742,-1.57153455439706,-1.12820900278748,0.150837188634979,-0.801684014555302,-0.118644023962116,-0.921164041933263,-0.796323874383979,-0.808058563259408,-0.835083858992255,-4.02911041503893,-0.243671600479957,-0.355766947125651,-0.66754567935747,0.156063440195899,0.0244790381329296,0.0285339525364497,-0.389758859796919,0.160797355621838,-2.22920680943644,0.235131753814636,6.1013031659489,0.469435822808631,3505.0000000001,65.8149023438662,0.469435822808631,3505.0000000001,65.8149023438662,31.0018973406046,3.8460540184262,1e-10,70906.0000000001,0.000618220757803584,0.0616939652685624,0.115127262287333,6.90159339421916,795.24596448951,0.25,42,2,"SNETWORK (2 29 795.24596448951 0.115127262287333 7000261 42)",7
41,7000262,-0.918945736781767,13,-0.407894617963011,-0.251052105764176,-0.192309249631537,-0.194095720002018,-0.196546296696359,0.475232001305885,0.798476646782941,0.513327804308878,0.280489248097794,0.271870519813176,-0.233544312384456,0.0130582249910925,0.271870519813176,0.271870519813176,0.537512280720753,0.718343285770253,0.583517523976005,0.283922718993601,0.655264752421232,-0.606217616580312,0,0,-0.712927756653993,-0.918945736781767,0,0.226132472932979,2.14149207517775,2.19142301135571,0.00755640181602405,2.50225500397157,-0.916400920021983,-0.86577881367466,0.261771527263755,0.482303701537635,0.059918516740805,0.0799701241440398,962.0000000001,0.368630839076767,0.0912174204281707,4497.0000000001,2.62334985582283,2.9919806947996,0.0477952809501318,-0.396963662192681,-0.212257935706888,-0.643622706659035,-0.896425987422327,-0.336923745803567,-1.32382521694175,-0.241064330768655,-1.17157103542528,-0.0398231771738193,-0.13495467222426,-0.212103662615735,-0.425495133481395,-1.25641236086454,-0.412728635500913,-0.305084586862669,-0.363341583505643,-0.487990783359437,-0.503664629107672,-0.50559073871264,-0.51851783888525,0.596991365237779,-0.0357355705551078,0.895577038933492,-0.0294790381181327,0.344866014481896,-0.0357812337138287,-1.13929718309905,0.734184638513747,-0.0455190703771375,0.112092643772896,-0.187943216701152,0.016040467479386,1083.0000000001,0.694873046975,0.016040467479386,1083.0000000001,0.694873046975,0.218397278270503,0.0060312678010813,1e-10,4497.0000000001,0.00588867919840748,0.0419066016517243,0.0402158127240374,1.20584196597338,1828.47653154038,0.0625,192,2,"SNETWORK (2 41 1828.47653154038 0.0402158127240374 7000262 192)",7
36,7000263,0.862686784710212,88,0.638158073055483,0.521052073640444,0.623124281295046,0.615977027310147,0.618989232093641,-0.175094031337918,-0.172685938479011,-0.0101656140035657,0.407437573529924,-0.347050815381939,0.430928799006483,-0.697533273156165,-0.347050815381939,-0.347050815381939,-0.819894154086503,0.0441563624005176,0.00235854335987268,-1.17257360258706,0.256161918923507,0,0.0216216216216217,1.64542936288088,0.287072243346008,0.862686784710212,0.5,-0.981857442655581,-0.7559534850306,-0.742557956670494,1.38073032819539,-0.681159342434034,0.857841348632999,0.692319066270272,0.382225511966445,-0.202797600745539,0.206801858565604,0.0799702643258065,123.0000000001,0.162673425120558,0.278932566535285,706.0000000001,1.25939216101113,1.42206558603169,0.0382135188519759,1.09081689664886,0.957320734174706,1.28410197254646,-0.158321347383383,-1.60094679376744,0.79265464785715,-1.9534129676473,1.13294494871106,-0.724346464361493,-1.03771434126068,0.690333818137302,0.173904792228422,0.220191141524018,0.292393525066792,0.915254083867404,0.447881402232072,0.676414028971747,0.668054363157542,0.67905776525831,0.0508698102002716,-1.03519160509625,-1.80161565755542,-0.512776131450156,-0.161875492364246,-0.943098071244112,-0.854817662900036,-0.902562680535153,-0.827303486559766,-0.55991407301028,-1.48954841960348,0.668103440253768,0.0562928398700472,106.0000000001,0.238681640724915,0.0562928398700472,106.0000000001,0.238681640724915,0.00274675823294257,0.346947917982494,1e-10,706.0000000001,0.00437133423308218,0.0338421845188937,0.186695076225189,1.99835581047228,5282.57546923239,0.0156249669969604,118,2,"SNETWORK (2 36 5282.57546923239 0.186695076225189 7000263 118)",7
41,7000264,-0.966476156306323,7,-0.407894617963011,-0.251052105764176,-0.192309249631537,-0.194095720002018,-0.196546296696359,0.468325540731621,0.788321015589259,0.517861038157277,0.29538319097244,0.267327867585465,-0.270832195880886,0.01257266099456,0.267327867585465,0.267327867585465,0.539527286882247,0.745342077599989,0.611399775430932,0.249511852071877,0.697143120020807,-0.606217616580312,0,0,-0.712927756653993,-0.966476156306323,0,0.274475876653128,1.85849084301644,1.89513370283854,-0.0764739730301088,2.11514035979982,-0.961883812896548,-0.288611175512711,0.657531046961099,-0.115124854451258,0.0521956314401461,0.0799701241440398,2470.0000000001,0.824492382738118,0.0862990383585045,4034.0000000001,2.2263702447954,3.05086262743352,0.0512639219579611,-1.46043899375027,-0.406947619016546,-0.196324594364221,-0.0776635639274342,0.127596855410121,-0.665083367284283,0.099897478968437,-0.0430103803044254,0.148962167024622,0.496722833436787,-0.0267462183162014,-0.18842596213093,0.20913116988978,-0.37955004291638,-0.305084586862669,-0.363341583505644,-0.487990783359439,-0.503664629107672,-0.505590738712639,-0.487473105719534,-0.108312839128577,0.192937568903149,-0.0485962475135995,-0.257090841183781,0.571983436873082,0.405334003620587,-1.12379215230033,0.994202947738179,0.469380502361173,0.204991521672231,-0.0879979483050888,0.00657103541003937,1270.0000000001,0.33380859385,0.00657103541003937,1270.0000000001,0.33380859385,0.26788047226542,0.185476395043895,1e-10,4034.0000000001,0.013854020399793,0.0374099014581681,0.00252761503907695,0.0139559013491549,1764.41060080459,0.0625,188,2,"SNETWORK (2 41 1764.41060080459 0.00252761503907695 7000264 188)",7
29,7000265,-0.850174206261335,51,-0.361841926944517,-0.698245294676348,-0.562675121066356,-0.564925299345405,-0.567713055283144,0.0294652277333167,0.0604933768907347,0.955499705995327,0.362519056867782,0.865366621434551,-1.23883210672485,0.866150020487946,0.865366621434551,0.865366621434551,0.00240506335349568,-0.155891476877435,-0.247102024786948,0.532806582729748,-0.459101786332555,0.888230940044412,-1.64368450082736,-1.9192718638702,0.441336230309614,-0.850174206261335,-0.5,0.196903817093709,0.0139323121030814,0.0138502627668252,-0.232765164350199,0.0134230153655333,-0.842266161798058,-0.373125451808568,0.343821037914302,0.841803331779081,6.08087653257442,0.0399850261056294,8014.0000000001,77.9130649882158,3.59402231079712,494.0000000001,2.83858878987023,80.751653777986,1.888810597505,-0.155630478000855,-0.785844779201736,-0.732072913747436,-0.18456544277323,0.624481127909317,-0.330925746283286,0.662004110824798,0.0855206002809229,0.772769058288048,0.92491867640994,-1.46468441691301,-0.840789800886175,-1.02359625246913,-0.531570739491532,-0.118644023962116,-0.921164041933264,-0.323585971028251,-0.331945636842455,-0.32094223474169,0.0556261525317737,-0.609038342002336,1.00026539739421,0.104289867834598,-9.59090432942318,0.846615135887888,1.19137257590124,-0.485717212292342,1.14275932406028,-0.557071646028684,-0.537397746213718,-0.187943216701152,0.0464993472598757,362.0000000001,0.673310546975165,0.0464993472598757,362.0000000001,0.673310546975165,0.428369626033199,0.523648421058783,1e-10,8014.0000000001,1.82241497159478,0.066395625810221,0.621924155552321,0.218751191918273,1265.40897448861,0.25,70,2,"SNETWORK (2 29 1265.40897448861 0.621924155552321 7000265 70)",7
29,7000266,-0.724686835164158,62,-0.361841926944517,-0.698245294676348,-0.562675121066356,-0.564925299345405,-0.567713055283144,0.0985808448764741,0.131453757654353,0.978309300556092,0.245696106481772,0.89299182230825,-1.16833103354159,0.899519190479719,0.89299182230825,0.89299182230825,0.00127941330069202,-0.376151601429593,-0.495536296658504,0.88292537588394,-0.820112747441372,0.888230940044412,-1.64368450082736,-1.9192718638702,0.441336230309614,-0.724686835164158,-0.5,-0.160296602435569,-0.0732991008727902,-0.0727717085103341,0.0975874713630539,-0.0700806482373881,-0.714869132088207,1.84613566464845,0.228735915782548,-0.795283078133316,0.242279353816148,0.0399850261056294,6185.0000000001,2.39580174065593,0.129277274654259,1623.0000000001,0.335455929801742,2.73125767035768,0.0648959115567946,-0.442315545107816,-0.495639703865459,0.0962316023966205,-0.355486158859496,-0.55320292753092,1.26076032628368,-0.596859865364547,1.38961152864392,-0.456260283169717,-0.62440371651443,0.737109091136298,0.628169177820529,0.204250701321651,0.636534532574137,-0.118644023962116,-0.921164041933264,-0.323585971028251,-0.331945636842457,-0.320942234741691,-0.498230283215138,-0.663854147167055,0.573043526826148,-0.303230393593325,-0.596576997286991,0.283266046590711,0.259941894778976,-1.8766889804515,0.860012672691251,0.381149216548435,0.0298560398926649,1.12690762318558,0.110713934848428,477.0000000001,2.11242187510052,0.110713934848428,477.0000000001,2.11242187510052,1.1086654449598,1.06751256603438,1e-10,6185.0000000001,0.0569253275940399,0.00797058386275474,0.75434127937025,0.050901335215855,1388.25430826439,0.25,79,2,"SNETWORK (2 29 1388.25430826439 0.75434127937025 7000266 79)",7
29,7000267,-0.625833541222275,69,-0.361841926944517,-0.698245294676348,-0.562675121066356,-0.564925299345405,-0.567713055283144,0.0706514538031327,0.123161604070317,0.934610601731511,-0.0053707300433696,1.12667138521372,-1.40462714727133,1.08835280562725,1.12667138521372,1.12667138521372,0.102434482227912,-0.449948756345574,-0.510278832855283,1.2027534026033,-0.997617800404356,0.286010362694301,-0.898841698841699,-0.947368421052628,-0.0475285171102662,-0.625833541222275,-0.5,0.343766342478535,-0.288544700251579,-0.285527929196014,-0.372052528842005,-0.270731300726525,-0.623429888124272,-0.280243390173159,-0.00252323381857061,0.302271927036224,0.369256680473038,0.0399850261056294,5926.0000000001,3.49852332573507,0.0627666642684139,476.0000000001,0.0477673080685859,3.54629063370366,0.0875916050514187,-0.308591531074535,-0.442342983868572,-0.392280687547783,-0.465967647434887,-0.113599311243942,-0.15915911910168,-0.128395637366775,-0.0464763601863924,-0.0409525056559028,-0.111785559660077,0.0567960409255584,0.587101145115814,-0.896577289170626,0.613262974649113,-0.118644023962116,-0.921164041933265,-0.323585971028251,-0.331945636842457,-0.320942234741691,-0.331134814491215,0.0802195055121157,0.0781041290958116,-0.115938511425027,-0.0600558032348083,-0.378798555235793,-0.421918665893885,-1.39916180045215,-0.037948867866244,1.31166543739818,0.945530817964318,-0.187943216692492,0.156935127717801,573.0000000001,3.59695312510088,0.156935127717801,573.0000000001,3.59695312510088,1.81043214132559,1.45898201999589,1e-10,5926.0000000001,0.086411776335701,0.00117982861571767,0.837523315848063,0.779262172501672,1465.42351977298,0.25,84,2,"SNETWORK (2 29 1465.42351977298 0.837523315848063 7000267 84)",7
29,7000268,-0.749255103556723,60,-0.361841926944517,-0.698245294676348,-0.562675121066356,-0.564925299345405,-0.567713055283144,0.0968768557796792,0.124514040850351,0.974702792536597,0.257116304325126,0.881320675576939,-1.18266672537218,0.902261457373684,0.881320675576939,0.881320675576939,0.00591847016932623,-0.327848995639889,-0.445390849439998,0.833459163917952,-0.748570098465461,0.888230940044412,-1.64368450082736,-1.9192718638702,0.441336230309614,-0.749255103556723,-0.5,0.136071838825575,-0.280278265593297,-0.277383290273175,-0.216696067223345,-0.263164773629735,-0.742148245612047,0.346091142055795,0.239499958878197,-0.182266143173631,1.55594149757329,0.0399850261056294,9078.0000000001,22.5828218114031,0.0304791416498867,1989.0000000001,0.0969242122693984,22.6797460235725,0.559344760738981,-0.347229035473152,0.12994813395634,-0.384780067645438,-0.565012716831868,-0.238451362997387,0.4018463856411,-0.267848943984531,0.686551480116524,-0.209316245265406,-0.339844466269986,0.558498315402018,0.638432284865122,0.0852450591711972,0.592959295929593,-0.118644023962116,-0.921164041933263,-0.323585971028253,-0.331945636842458,-0.32094223474169,-0.512531536166923,-0.624453539242741,0.673859134044431,-0.184017358174295,-0.195301332975434,0.204896994751006,0.159229565285286,-1.57827531526407,0.688941577998653,0.190145178346627,0.0359460476435365,0.489550630675738,0.171590946888747,471.0000000001,3.23277343760079,0.171590946888747,471.0000000001,3.23277343760079,1.63827734419323,1.58310918271156,1e-10,9078.0000000001,0.556954343647542,0.0023904169914383,0.730580690419406,0.30963421553023,1366.21125676004,0.25,77,2,"SNETWORK (2 29 1366.21125676004 0.730580690419406 7000268 77)",7
43,7000269,0.0962100678044966,57,0.0756580730554828,0.31473676207772,0.354270929498081,0.350983481983268,0.358474665810763,-0.708611160764912,-0.64157703219097,-0.14917314407798,-0.353653697554456,-0.346460011048948,0.376215124219693,-0.394799766191369,-0.346460011048948,-0.346460011048948,0.20454328266166,2.62875327541396,2.53109838882892,-0.425522362254956,3.1366661641634,-0.963730569948188,1.15057915057915,3.24099722991689,-0.29467680608365,0.0962100678044966,0.25,0.88308636487882,0.0654202236426926,0.0650851128731834,-0.628305243835346,0.0633150437361331,0.0942331287773106,-0.286847096012185,-0.338073854757793,0.695392336588182,0.439153315429751,0.0799701818409082,494.0000000001,1.38739230274448,0.296471214420695,766.0000000001,1.45233722139231,2.83972952403679,0.0658098669239281,0.578096028527031,0.294089354930383,-0.310766109323517,-0.0198109651800665,0.317125179140135,-0.252863920308445,0.332932649222413,-0.514790864633712,0.485120272099388,0.361121793042634,-0.384996766285454,0.323667501854216,0.00800261024732662,-0.163414693117663,3.01077401207183e-16,0.0363195055765467,0.676414028971752,0.668054363157546,0.679057765258312,-1.36117733637608,0.140470668452399,-0.840266601233438,-0.179747162790479,-0.447529875064124,0.113849142760343,-0.0190547632573329,-0.556400296622643,0.309375877375113,-0.303603102718839,-0.708189198635882,-0.187943216701152,0.0383021764392857,70.0000000001,0.107246093850045,0.0383021764392857,70.0000000001,0.107246093850045,0.0593853725742012,0.194576359560508,1e-10,766.0000000001,0.0321523940572337,0.0336574727666944,0.440600189362151,0.548148365595636,3440.26372798061,0.0312500660060792,317,2,"SNETWORK (2 43 3440.26372798061 0.440600189362151 7000269 317)",7
43,7000270,-0.489899400438949,13,0.0756580730554828,0.31473676207772,0.118081199488201,0.12698938418892,0.129762766215853,-1.09526091612524,-0.946030420450574,-0.243138937963399,0.471928102527689,-0.337826346544652,-0.0420180334579586,-0.517136563336466,-0.337826346544652,-0.337826346544652,0.366133933368729,2.97996583811314,2.88765662166732,0.240243963010274,3.37054488706883,0,0.0216216216216217,1.64542936288088,0.287072243346007,-0.489899400438949,0.25,-0.0934637409866154,-0.0231526020554932,-0.023003423766741,0.0317019472496507,-0.0222336651626957,-0.48538444055041,0.315917544979103,0.480845464265153,-0.554894851367547,0.0808866708608104,0.0799701818409082,700.0000000001,0.362102202684434,0.0973166805760694,1100.0000000001,0.684598806568614,1.04670100915305,0.0246466413505445,-0.310567384462564,-0.25174940297307,1.09272799637771,0.87788285417776,-0.229174275859183,0.308031030791923,-0.245338706032901,0.790673134095812,-0.117365748079358,-0.153556589938285,0.735156879984631,0.848454059116601,-0.874456351353634,1.55556764467656,0,0.0363195055765458,0,0,0,0.390911299639477,1.01686203193147,-0.283432909824221,-0.185066389387276,0.156063440195899,-0.995457315205424,-0.893697561887015,-0.685602137401536,-0.946307902868039,1.33347482321109,0.392716202166024,1.26666651208298,0.00685648651032064,499.0000000001,0.136855468850058,0.00685648651032064,499.0000000001,0.136855468850058,0.0453884470967418,0.0717522726314582,1e-10,1100.0000000001,0.00852641108200004,0.0161202301685445,0.0933248202908993,0.165887753847579,2933.70396128585,0.0312500660060792,284,2,"SNETWORK (2 43 2933.70396128585 0.0933248202908993 7000270 284)",7
35,7000271,1.11331956127492,108,0.953947685431969,0.757894567769832,0.623124281295046,0.615977027310147,0.618989232093641,0.106204535535003,0.0876665757971902,0.0212651365484245,-0.176081977598173,-0.0044985720924243,0.984395983094273,-0.18497113191911,-0.0044985720924243,-0.0044985720924243,-0.699172376171317,0.138706931478004,0.0756686861867486,-1.13652847577389,0.359102399956564,-1.11917098445596,0.839124839124839,1.32040627885503,-1.18821292775665,1.11331956127492,0.5,-0.0904877809916715,-0.227028127024689,-0.22486728844492,0,-0.214158776731432,1.09940824766896,-0.324767350645851,-0.168362529813307,0.491712470514982,0.152250675655271,0.0799702643258065,395.0000000001,0.384603636243606,0.0876088020802175,1984.0000000001,1.11159470993366,1.49619834607727,0.0365480984480857,0.306454736036719,-0.379172813576473,-0.167236156462558,0.038213784501435,0.227187342600317,-0.221104815742301,0.250704418711183,-0.279821744482182,0.314440271448862,0.216506557486016,0.118702295894915,0.21331776660859,0.154321731399894,-0.182231409954182,0.949152514976322,0.46488922884255,0.67641402897175,0.668054363157545,0.67905776525831,-0.800893385341185,0.277319664663198,-1.18323431982325,-0.173522570011936,-0.602026010921538,0.71729817325251,0.919332287195909,1.11179004080185,0.564523833176861,0.100409349099655,0.104749437094672,0.396540154072556,0.0600624000512806,449.0000000001,1.07872070322462,0.0600624000512806,449.0000000001,1.07872070322462,0.39984950545264,0.37887413135375,1e-10,1984.0000000001,0.0093948316121327,0.027153266735953,0.298818108176436,0.833550421590304,5512.49761070232,0.0156249669969604,105,2,"SNETWORK (2 35 5512.49761070232 0.298818108176436 7000271 105)",7
29,7000272,-0.625833541222275,69,-0.361841926944517,-0.698245294676348,-0.562675121066356,-0.564925299345405,-0.567713055283144,0.0706514538031327,0.123161604070317,0.934610601731511,-0.0053707300433696,1.12667138521372,-1.40462714727133,1.08835280562725,1.12667138521372,1.12667138521372,0.102434482227912,-0.449948756345574,-0.510278832855283,1.2027534026033,-0.997617800404356,0.286010362694301,-0.898841698841699,-0.947368421052628,-0.0475285171102662,-0.625833541222275,-0.5,0.343766342478535,-0.288544700251579,-0.285527929196014,-0.372052528842005,-0.270731300726525,-0.623429888124272,-0.280243390173159,-0.00252323381857061,0.302271927036224,0.369256680473038,0.0399850261056294,5926.0000000001,3.49852332573507,0.0627666642684139,476.0000000001,0.0477673080685859,3.54629063370366,0.0875916050514187,-0.308591531074535,-0.442342983868572,-0.392280687547783,-0.465967647434887,-0.113599311243942,-0.15915911910168,-0.128395637366775,-0.0464763601863924,-0.0409525056559028,-0.111785559660077,0.0567960409255584,0.587101145115814,-0.896577289170626,0.613262974649113,-0.118644023962116,-0.921164041933265,-0.323585971028251,-0.331945636842457,-0.320942234741691,-0.331134814491215,0.0802195055121157,0.0781041290958116,-0.115938511425027,-0.0600558032348083,-0.378798555235793,-0.421918665893885,-1.39916180045215,-0.037948867866244,1.31166543739818,0.945530817964318,-0.187943216692492,0.156935127717801,573.0000000001,3.59695312510088,0.156935127717801,573.0000000001,3.59695312510088,1.81043214132559,1.45898201999589,1e-10,5926.0000000001,0.086411776335701,0.00117982861571767,0.837523315848063,0.779262172501672,1465.42351977298,0.25,84,2,"SNETWORK (2 29 1465.42351977298 0.837523315848063 7000272 84)",7
41,7000273,0.537656862717618,124,0.342105382036989,0,0,0,0,0.658426085141638,0.636636758175026,-0.222590357121178,-0.93279103926933,0.787133090635956,0.734330902835765,0.394903749935336,0.787133090635956,0.787133090635956,0.390753130065201,-0.290772450325183,-0.396434484675109,-0.169560713733778,-0.424200188715921,-0.606217616580312,0,0,-0.712927756653993,0.537656862717618,0,-0.219802401432777,0.222576419723612,0.221952971385305,0.213197321498418,0.218423456168325,0.538129605147429,0.898388227433166,-0.882167941442553,-0.62128846786161,0.111362471239358,0.0799701241440398,2727.0000000001,1.94213554451951,0.0521349543612588,409.0000000001,0.136366547267035,2.07850209168655,0.0468263669842326,0.757492439154023,2.46103260982847,-0.133897848032495,0.913921837057151,1.14394140542218,0.648531999110081,1.1688138308662,-0.69848030830334,0.638153362619069,0.426728381334294,0.947688674422106,1.14984272590164,-0.124502956667698,2.43648375826594,0.915254083867404,-0.0283081595192628,-0.0156825286183622,-0.0218799837009559,-0.0254430054864909,0.33579588095123,0.910971778569855,0.231618496282809,-0.257813802993202,0.130578389872657,-0.930941558335665,-0.793858640429018,-0.500324401063191,-0.920885142715515,0.916800618177713,-0.266285478529893,2.98619168326832,0.0654499177082862,531.0000000001,1.3901562501,0.0654499177082862,531.0000000001,1.3901562501,0.767236484434333,0.684149892465154,1e-10,2727.0000000001,0.0437541785067336,0.00307218837749901,0.773029356831118,0.413739416699111,3074.18167646285,0.0625,269,2,"SNETWORK (2 41 3074.18167646285 0.773029356831118 7000273 269)",7
41,7000274,-0.907694506966849,15,-0.407894617963011,-0.251052105764176,-0.192309249631537,-0.194095720002018,-0.196546296696359,0.48391629050186,0.805947605307502,0.512578379194908,0.27693892752473,0.272830948011412,-0.235947668598878,0.0131809468327103,0.272830948011412,0.272830948011412,0.537036645369186,0.707144862655903,0.575392681366319,0.296227202685585,0.638448717362953,-0.606217616580312,0,0,-0.712927756653993,-0.907694506966849,0,0.276640767277971,2.57582256785918,2.64968964334746,0.0177862205081483,3.13513103359899,-0.902076189551499,0.0438531807665135,0.25864955999671,0.165291841751584,0.0550121053175794,0.0799701241440398,1754.0000000001,0.617082731705623,0.213729041169812,5629.0000000001,7.69396710579513,8.31104983740075,0.122859451356839,-0.263926698046797,-0.571536652142928,-0.129160126928478,-0.606618555123474,-0.591189151282882,-0.546173389024999,-0.392761304662966,-0.206226290727938,-0.437758848099228,-0.622215629807028,0.0264689357164107,-0.118669976957996,-1.05552068555671,-0.258731367642259,-0.305084586862669,-0.363341583505644,-0.487990783359437,-0.50366462910767,-0.505590738712639,-0.519353670844055,0.361457152318072,0.0216888703414413,1.14414656213171,0.0299406298581724,0.330030634194093,-0.0935911710437684,-0.982231859814899,0.674866093507695,0.163931586525771,0,-0.187943216701152,0.0889954733051935,1473.0000000001,5.24361328135,0.0889954733051935,1473.0000000001,5.24361328135,2.3686749547443,0.62392220746362,1e-10,5629.0000000001,0.00912212623787619,0.113737325018963,0.0523750291261552,1.33690207544714,1849.14590719828,0.0625,194,2,"SNETWORK (2 41 1849.14590719828 0.0523750291261552 7000274 194)",7
28,7000275,-0.135017560775982,97,-0.361841926944517,-0.698245294676348,-0.562675121066356,-0.564925299345405,-0.567713055283144,0.265181484061937,0.356449653239242,1.07157055467146,-0.569847336215358,0.243480174973321,-0.809853442081294,0.811092053173763,0.243480174973321,0.243480174973321,-0.104569538240921,-0.825937145325432,-0.834359686471302,1.287887379662,-1.47076572218803,0.393782383419688,-1.16859716859717,-1.44967682363804,0.0792141951837772,-0.135017560775982,-0.5,-0.320389184084149,1.47006302678212,1.49157997794254,0.567021371320926,1.61422156205531,-0.127167277603664,1.7757899682597,-0.542202483756888,-1.24863825165681,1.56957342994924,0.0399850261056294,11641.0000000001,29.2123632995167,0.0657298977874967,4763.0000000001,0.500539440120421,29.7129027395372,0.535191463789774,0.223396043191913,0.611921035529203,2.45278209790832,3.13452253983349,0.86691693783466,0.770643590092776,0.710308496157812,0.111803726028085,0.989201686786448,0.576448537842156,0.352961423922899,0.375998055753396,-0.03048642296644,1.01261499776351,0.0350131271643967,-0.829978526039236,-0.32358597102825,-0.331945636842458,-0.32094223474169,0.782170578040952,0.161154672562488,0.432019290403513,-0.316946691822087,0.156063440195899,-0.742085007295764,-0.695204170220608,-0.301065522749612,-0.754580101386169,0.455066530207965,0.32833664785323,-0.141590473117996,0.0264176467270877,958.0000000001,1.01232421885025,0.0264176467270877,958.0000000001,1.01232421885025,0.588627959789768,0.353566866383069,1e-10,11641.0000000001,0.526175702493765,0.00901576119600838,0.19692855096247,0.776994062776665,1772.49364953845,0.125,11,2,"SNETWORK (2 28 1772.49364953845 0.19692855096247 7000275 11)",7
43,7000276,0.328015113759632,76,0.0756580730554828,0.31473676207772,0.354270929498081,0.350983481983268,0.358474665810763,-0.568213803620646,-0.565424207923051,-0.139371062427827,-0.718804168494037,-0.143216485830174,0.421413372265078,-0.196809978719232,-0.143216485830174,-0.143216485830174,0.00796725023547714,3.02550622262236,3.06942779193205,-0.441229368939465,3.61524856157272,0.124352331606218,-0.494208494208494,-0.193905817174515,-0.237642585551331,0.328015113759632,0.25,-0.764842736549231,0.0506217569501398,0.0503513109545984,1.06003644280472,0.0489289801584972,0.324050942010519,-0.0117859714850234,-0.667699646352496,0,0.117739167432464,0.0799701818409082,1369.0000000001,1.03081463132086,0.0572153642177075,973.0000000001,0.356025965214079,1.38684059643494,0.0322252842961561,-0.0144952265943314,-0.173349022613881,-0.678727703693824,0.308952387750145,1.13915308244052,0.0141005776900064,1.20014028549477,-0.772941348184071,1.3222399893882,0.657987284813537,-0.994537673689379,-0.813260828627476,0.0571852029487156,-0.588020890001088,3.01077401207183e-16,0.0363195055765467,0.67641402897175,0.668054363157543,0.679057765258312,-0.362070435502233,0.232204311178208,-0.575553639489063,2.83339120510537,-0.658270158985731,0.904017534074979,0.835367307050881,0.475131017807381,0.952206594681175,-0.0404542977815942,0.348394345721655,-0.108378427755402,0.0260195459619077,802.0000000001,0.834707031350353,0.0260195459619077,802.0000000001,0.834707031350353,0.284499513070029,0.0905488702704816,1e-10,1369.0000000001,0.0239524964386213,0.00827278775753479,0.588868343530218,1.37188597762724,3656.53786738906,0.0312500660060792,331,2,"SNETWORK (2 43 3656.53786738906 0.588868343530218 7000276 331)",7
41,7000277,-0.960620695647787,8,-0.407894617963011,-0.251052105764176,-0.192309249631537,-0.194095720002018,-0.196546296696359,0.466828009358511,0.788581663098492,0.516149535088214,0.290673795153464,0.272281548596518,-0.268300391260244,0.0120584213731492,0.272281548596518,0.272281548596518,0.539094055382419,0.725780714949509,0.592966276534364,0.259823242839801,0.670886694858914,-0.606217616580312,0,0,-0.712927756653993,-0.960620695647787,0,0.510813690740975,1.35314128499941,1.3708345803441,-0.324890167944259,1.47001591377569,-0.95614213907379,-0.183178119778769,0.27149601118513,-0.0320551809527206,0.0576140350765051,0.0799701241440398,2723.0000000001,1.00330152565382,0.0784061783248789,3162.0000000001,1.58550527176393,2.58880679731775,0.0476161118702064,0.57044415881283,-1.35559535282515,-0.66516666177096,-0.271597047168586,0.439849476883948,-0.457179350106334,0.36882995197194,-0.101672354149362,-0.0654093920244553,0.138208358403156,-0.645350542473418,-1.33056497971025,0.0882828865981381,-0.652395459326152,-0.305084586862669,-0.363341583505645,-0.487990783359437,-0.503664629107672,-0.505590738712639,0.229051395064601,-1.90321420802816,0.142292330908054,-0.405081136340563,0.156063440195899,-0.677365988974128,-0.49072085531595,-0.41474272765624,-0.648859193137769,0.175479382120727,-0.0901034412970204,-0.187943216701152,0.00950805580807869,1309.0000000001,0.497841796975,0.00950805580807869,1309.0000000001,0.497841796975,0.345422146818449,0.210351429635567,1e-10,3162.0000000001,0.0184537979548463,0.0291623138153601,0.00867863316477291,0.451285520453753,1774.86667791631,0.0625,189,2,"SNETWORK (2 41 1774.86667791631 0.00867863316477291 7000277 189)",7
41,7000278,-0.614467388531818,45,-0.407894617963011,-0.251052105764176,0,0,0,0.540601969789501,0.836633571200495,0.380265860170641,0.0310026522983105,0.520251441516528,-0.0646771285584605,-0.00072130368769312,0.520251441516528,0.520251441516528,0.515358248064688,0.089032501554329,-0.0318993483289701,0.242446010372019,-0.0852993575931542,-0.606217616580312,0,0,-0.712927756653993,-0.614467388531818,0,-0.555382636836485,1.19666455054137,1.20978379984242,0.900251348830186,1.2816054607867,-0.611478299925091,0.333865826277084,0.0259856896126326,-1.03160145153981,0.0589940357504586,0.0799701241440398,306.0000000001,0.115447643473526,0.108955516961433,1843.0000000001,1.2841924131192,1.39964005649272,0.0264753358763427,-0.0908936637354434,-0.258451785953068,0.708605011986543,0.289384179778466,-0.485503362116752,0.000686423816155805,-0.414896802997556,0.133452414930945,-0.252938498211527,-0.329621751470939,0.523675539688929,0.663995206354538,0.060020425939758,0.568944257063069,-0.305084586862669,-0.363341583505644,0,0,0,-0.901947984330013,0.249739167237038,0.0369986149083311,-0.00738510215032582,-1.14459734719938,0.402050094250273,0.304372824523575,-0.00280217158754804,0.496338650996074,1.66549899382721,1.27259598131594,1.45058936975418,0.0341954725542026,232.0000000001,0.317333984475,0.0341954725542026,232.0000000001,0.317333984475,0.260092605088486,0.419441004208764,1e-10,1843.0000000001,0.00218378654493435,0.0242915492314084,0.250659511148199,0.616667893715203,2186.20845387121,0.0625,215,2,"SNETWORK (2 41 2186.20845387121 0.250659511148199 7000278 215)",7
37,7000279,0.446382872567349,47,0.638158073055483,0.521052073640444,0.623124281295046,0.615977027310147,0.618989232093641,-0.540744128489881,-0.557129435825808,-0.175799295808205,1.84971701856609,-0.410687152834491,0.178909183733368,-0.475616583169182,-0.410687152834491,-0.410687152834491,-0.671602731458973,-0.13428662823666,-0.0399366553076261,-0.659462048685054,-0.100380084606732,0.55958549222798,-0.876876876876878,-0.0954139735303178,0.476341360371778,0.446382872567349,0.5,-0.222950778097734,0.663193012302272,0.665552116797818,0.28878619328819,0.676862158934403,0.44198321168074,0.128314522366961,1.77467554897607,0.0716126249514614,0.247549475558658,0.0799702643258065,1106.0000000001,1.7509518333901,0.0808112795510605,2209.0000000001,1.14162839095362,2.89258022424371,0.0602078202228963,3.61297582283174,2.1403385638262,0.742331139792014,0.377000660874727,-0.369800098208137,-0.0226265683128157,-0.348387087464906,1.19712414868598,-0.255705292305264,-0.678579901883555,0.66037756816796,0.16657776835681,0.320387980017107,0.168353099046168,0.881355976037885,0.430873575621595,0.676414028971747,0.668054363157542,0.67905776525831,0.311152889077813,0.50869945797983,-1.68225738361523,0.10837972121396,-2.92418222284385,-0.691488619421171,-0.617727919007304,-1.27150924511134,-0.435838762636897,-0.00671923283187112,-0.983290670515576,0.219664099312608,0.0385357336283251,609.0000000001,0.938730468849667,0.0385357336283251,609.0000000001,0.938730468849667,0.55383876770569,0.456200757197683,1e-10,2209.0000000001,0.0364453134757199,0.0237625066471765,0.544000936493733,0.209962188351641,4783.93470521013,0.0312499339939208,161,2,"SNETWORK (2 37 4783.93470521013 0.544000936493733 7000279 161)",7
35,7000280,1.32893449676394,122,0.953947685431969,0.757894567769832,0.437324878933644,0.435074700654595,0.432286944716856,0.102528885876007,0.124667972087079,-0.0585341766398716,-0.629858196019464,-0.21685422729167,0.936626553637311,-0.248941251501326,-0.21685422729167,-0.21685422729167,-0.899489545023017,-0.155014830882881,-0.275096840308185,-1.54513498706538,0.122137728135684,-1.11917098445596,0.839124839124839,1.32040627885503,-1.18821292775665,1.32893449676394,0.5,-0.556276763730065,-0.406902407724795,-0.40190945068281,0.579196381133227,-0.377870508828482,1.3231614012749,2.26639200809203,-0.598598568961263,-1.2768126705126,0.0723498237920152,0.0799702643258065,490.0000000001,0.226720410508089,0.0528574685598985,1820.0000000001,0.615226181927226,0.841946592335315,0.021243968833269,-1.60019360218627,-0.938221705374038,1.71343958869711,0.875676087169736,-0.996339544297816,1.55967757080514,-1.14162378959608,0.648700679420707,-1.34805623800835,-0.803074289886556,2.68092316040319,1.60166508487334,-0.0432948215239398,3.15447478813815,0.949152514976322,0.464889228842547,0.598016787676988,0.586732774017087,0.579627963523127,-0.175171292988106,0.805186639465136,-0.41895702483285,-0.111521923631077,-1.88675182342474,-0.733485720358718,-0.700246631924139,-0.753071859440868,-0.62352800690278,0.395504433932273,-0.416472544356042,2.68654849751092,0.065511582872943,474.0000000001,1.24209960947456,0.065511582872943,474.0000000001,1.24209960947456,0.477081881190672,0.42502587455432,1e-10,1820.0000000001,0.00572060194117066,0.0155233667920984,0.957301840606411,0.882805818527571,5675.98543857676,0.0156249669969604,114,2,"SNETWORK (2 35 5675.98543857676 0.957301840606411 7000280 114)",7
41,7000281,-0.698049955011899,37,-0.407894617963011,-0.251052105764176,0,0,0,0.554494372738463,0.864017689124677,0.433052980922422,0.115970177307186,0.445764934360998,-0.140951313494016,0.0119827835902908,0.445764934360998,0.445764934360998,0.526791597482198,0.238727776596923,0.118767908841,0.291851766117042,0.0798220282074613,-0.606217616580312,0,0,-0.712927756653993,-0.698049955011899,0,-0.0616964802055317,0.456137591238327,0.456409796803214,0.066366242240118,0.45700564570263,-0.697279669580048,0.0175565371955144,0.105992269101077,-0.860620472059615,0.126295934057941,0.0799701241440398,2495.0000000001,2.01518748866259,0.0849386670813258,2939.0000000001,1.59646928111858,3.61165676968117,0.0780223778498725,-0.624267424646562,0.111625128745311,-0.0736143627866999,-0.712553128011999,-0.777486224998478,-0.0633741636123853,-0.761449222117565,0.147523102872018,-0.719916880172875,-0.851227991770989,-0.920027662337362,-1.32182906305204,-1.47041138528468,-0.632835261548133,-0.305084586862669,-0.363341583505644,0,-1.49871635330658e-15,-1.55600483282998e-15,0.488482317419614,-0.434201915807385,-0.122114805232655,2.85027599115009,0.156063440195899,-0.0631915006102664,-0.251414751712019,-1.40561083868153,0.330874935147344,-0.830636042850207,-0.302576134819981,-0.187943216701152,0.0339702075783718,1127.0000000001,1.531376953225,0.0339702075783718,1127.0000000001,1.531376953225,0.833994248065419,0.417533127072526,1e-10,2939.0000000001,0.043533959481892,0.0344884182679805,0.198689983620953,0.401691984385252,2097.86578015771,0.0625,209,2,"SNETWORK (2 41 2097.86578015771 0.198689983620953 7000281 209)",7
29,7000282,-0.879681355305092,49,-0.361841926944517,-0.698245294676348,-0.562675121066356,-0.564925299345405,-0.567713055283144,0.00131916933271472,0.0351973212234325,0.945492341202979,0.381990128716524,0.863223361247721,-1.23755995874334,0.836542427177215,0.863223361247721,0.863223361247721,-0.00231426522264084,-0.11586946286165,-0.190498611076931,0.459615077573873,-0.390830869064537,0.888230940044412,-1.64368450082736,-1.9192718638702,0.441336230309614,-0.879681355305092,-0.5,-0.440621567945636,-0.331408730008285,-0.327726531138548,0.415104034113566,-0.309790225130441,-0.871768351830283,-0.0769219090138759,0.361546179784522,-0.144211929902166,3.85736431654491,0.0399850261056294,4547.0000000001,28.0420899750697,3.11882342724252,99.0000000001,0.493651826334515,28.5357418013042,0.710282982831487,-0.701387572940749,-0.0560889613537384,-0.208611760123065,0.615866564925165,0.973053928964549,0.0528878173135226,1.09731289043879,0.470151551419211,0.894425380682408,1.09283443548211,-0.878621630098163,-1.64082272423183,0.097206566634312,-0.475120588981975,-0.118644023962116,-0.921164041933264,-0.323585971028251,-0.331945636842457,-0.32094223474169,1.86330756463295,0.136727069741904,-3.30979549034306,-6.5612380546208,-6.46590485303116,0.643157892540987,1.42430274609273,0.50673792799426,0.640323761416351,-1.46434699505502,-1.52169766334288,2.34127115414631,0.112789471133309,349.0000000001,1.57454101572539,0.112789471133309,349.0000000001,1.57454101572539,0.854398737053182,1.08509127843188,1e-10,4547.0000000001,0.697995498004039,0.012287484727448,0.598634419497557,0.362578075728379,1243.80274021388,0.25,68,2,"SNETWORK (2 29 1243.80274021388 0.598634419497557 7000282 68)",7
28,7000283,0.926637160451955,128,-0.111841926944517,-0.494736954820113,-0.562675121066356,-0.564925299345405,-0.567713055283144,0.156200395404373,0.358242264470977,1.15164984948941,-1.027779518131,-1.88485356029876,-1.41165958037355,0.243858067310352,-1.88485356029876,-1.88485356029876,-0.673815044149064,-1.52742376474145,-1.36867831558222,0.370564743386565,-2.05304975113097,0.393782383419688,-1.16859716859717,-1.44967682363804,0.0792141951837772,0.926637160451955,-0.5,-0.687547723230154,-1.52598567075452,-1.47982682749265,0.585208510132255,-1.28791712911015,0.934793952976202,2.26012656453143,-0.97487293362941,0.330198331641519,0.0668430096490812,0.0399850261056294,10156.0000000001,1.08535910348611,0.0574300743935778,4881.0000000001,0.448170174908533,1.53352927829464,0.047367599558058,-0.0797727065519788,-0.314948560261712,1.75321231145905,1.40562624170761,-0.363352183875173,1.91069015959729,-0.513141977071282,0.0209316856970806,-0.674535081673084,-0.232848261567514,-1.71542937418635,-1.88296186014917,-0.160004653658456,-0.652389414765652,0.474576257488161,-0.569126424378405,-0.323585971028251,-0.331945636842457,-0.32094223474169,1.30784014170046,0.379859758617798,1.65220609372748,7.76648866228713,0.156063440195899,-0.550501948337176,-0.828221907749284,-0.275863537266645,-0.538490384346525,0.0719098970785954,0.440223924600733,5.04785390035202,0.175215425425682,403.0000000001,2.82447265635069,0.175215425425682,403.0000000001,2.82447265635069,1.22510029139542,1.35416034027409,1e-10,10156.0000000001,0.0335245345546151,0.0138430649034429,0.639775541426582,0.0528284823521972,2124.06204619255,0.125,36,2,"SNETWORK (2 28 2124.06204619255 0.639775541426582 7000283 36)",7
28,7000284,0.79747506033451,125,-0.111841926944517,-0.494736954820113,-0.562675121066356,-0.564925299345405,-0.567713055283144,0.156862202639002,0.35069881159383,1.1460272462088,-1.02075545252664,-1.77990220240383,-1.37604989897798,0.277578026542237,-1.77990220240383,-1.77990220240383,-0.649814567550605,-1.48211656866287,-1.34381844989688,0.390872733122568,-2.00456605172752,0.393782383419688,-1.16859716859717,-1.44967682363804,0.0792141951837772,0.79747506033451,-0.5,-0.720853058385131,0.0833776534397965,0.0829727926381215,0.977031612916682,0.0808223789698801,0.797479215354963,1.24655927899389,-0.968388847767086,0.322601119689123,0.0684224790497958,0.0399850261056294,10621.0000000001,1.16187385504176,0.0342008535120279,3978.0000000001,0.21751864425579,1.37939249919755,0.0318639059772827,1.72342032484569,1.42015383349411,2.10823045071465,0.260363075434716,-1.9874839282426,0.897601914647356,-2.08270194191727,-0.751647867777848,-2.53608400161734,-0.727918566635239,-0.293246149321843,-0.308303947284194,-0.0365086604277542,0.231978142869232,0.474576257488161,-0.569126424378406,-0.323585971028251,-0.331945636842457,-0.32094223474169,1.23468301251127,0.810524408784039,1.22441327340217,0.225379470629949,-0.258060906346595,-0.500926000511682,-0.61892524148533,-0.0716582506437193,-0.53551383491303,0.209723490674045,0.207365738630516,0.295643772078078,0.0243603970136997,646.0000000001,0.629472656350155,0.0243603970136997,646.0000000001,0.629472656350155,0.187481245974235,0.0764967419614352,1e-10,10621.0000000001,0.0268392347931143,0.00502467108416839,0.597524602013953,0.150645517222868,2090.51977234564,0.125,33,2,"SNETWORK (2 28 2090.51977234564 0.597524602013953 7000284 33)",7
43,7000285,-0.41021860573325,19,0.0756580730554828,0.31473676207772,0.118081199488201,0.12698938418892,0.129762766215853,-1.13281401871387,-0.999097834640686,-0.273163573156437,0.417695215420922,-0.39167533459349,-0.00663999028125198,-0.52121285506305,-0.39167533459349,-0.39167533459349,0.355994490018219,3.06911215450393,2.96766829337069,0.282463161491717,3.46530243792584,0,0.0216216216216217,1.64542936288088,0.287072243346007,-0.41021860573325,0.25,0.575197010406053,-0.00859257293321867,-0.00853907971931911,-0.487894446139566,-0.0082620933192119,-0.410340763402681,-0.261367315492836,0.390959782876881,0.348938261523611,0.23410851455565,0.0799701818409082,1112.0000000001,1.66486169961584,0.0706043137317064,850.0000000001,0.383801199126855,2.04866289864269,0.0481135844212498,0.0627330679846846,0.740659276425428,-0.148137739257827,-0.49175318716722,-0.414728435636924,-0.208854057960578,-0.442321913127225,0.243199063517564,-0.402570570848001,-0.61467408825454,0.95676745921805,1.06079883074376,-0.756371818425331,1.88808496234239,0,0.0363195055765458,0.0950118729294481,0.0990836634496228,0.0980877079653913,0.0523928658388587,-0.568630410056523,-0.551468615238944,0.00648259950566939,-0.018531671312235,-0.892403676503531,-0.804267160964888,-0.645708870600169,-0.837125051956417,-0.0717955270070821,-0.653718316556479,0.994159917659343,0.0149638688805873,613.0000000001,0.366914062600155,0.0149638688805873,613.0000000001,0.366914062600155,0.283530069022936,0.256559327611046,1e-10,1112.0000000001,0.0390998752502693,0.00901370907098044,0.142629927443908,1.38301666546613,3005.62378572685,0.0312500660060792,289,2,"SNETWORK (2 43 3005.62378572685 0.142629927443908 7000285 289)",7
41,7000286,0.537656862717618,124,0.342105382036989,0,0,0,0,0.658426085141638,0.636636758175026,-0.222590357121178,-0.93279103926933,0.787133090635956,0.734330902835765,0.394903749935336,0.787133090635956,0.787133090635956,0.390753130065201,-0.290772450325183,-0.396434484675109,-0.169560713733778,-0.424200188715921,-0.606217616580312,0,0,-0.712927756653993,0.537656862717618,0,-0.219802401432777,0.222576419723612,0.221952971385305,0.213197321498418,0.218423456168325,0.538129605147429,0.898388227433166,-0.882167941442553,-0.62128846786161,0.111362471239358,0.0799701241440398,2727.0000000001,1.94213554451951,0.0521349543612588,409.0000000001,0.136366547267035,2.07850209168655,0.0468263669842326,0.757492439154023,2.46103260982847,-0.133897848032495,0.913921837057151,1.14394140542218,0.648531999110081,1.1688138308662,-0.69848030830334,0.638153362619069,0.426728381334294,0.947688674422106,1.14984272590164,-0.124502956667698,2.43648375826594,0.915254083867404,-0.0283081595192628,-0.0156825286183622,-0.0218799837009559,-0.0254430054864909,0.33579588095123,0.910971778569855,0.231618496282809,-0.257813802993202,0.130578389872657,-0.930941558335665,-0.793858640429018,-0.500324401063191,-0.920885142715515,0.916800618177713,-0.266285478529893,2.98619168326832,0.0654499177082862,531.0000000001,1.3901562501,0.0654499177082862,531.0000000001,1.3901562501,0.767236484434333,0.684149892465154,1e-10,2727.0000000001,0.0437541785067336,0.00307218837749901,0.773029356831118,0.413739416699111,3074.18167646285,0.0625,269,2,"SNETWORK (2 41 3074.18167646285 0.773029356831118 7000286 269)",7
41,7000287,-0.836742244808149,23,-0.407894617963011,-0.251052105764176,-0.192309249631537,-0.194095720002018,-0.196546296696359,0.523951040759571,0.852155067958322,0.509542412510286,0.235198295846125,0.310590360086304,-0.178941197494974,0.0157662710220077,0.310590360086304,0.310590360086304,0.531472891889866,0.584266026150029,0.464037076522739,0.363540022266598,0.472789175060792,-0.606217616580312,0,0,-0.712927756653993,-0.836742244808149,0,0.333659076247788,0.681056994416948,0.683652052161026,-0.26602919178877,0.696208292902081,-0.831992396702922,-0.380307199050185,0.218613372810264,0.451141416695038,0.307582944355031,0.0799701241440398,371.0000000001,0.72977956589782,0.0750408792424379,854.0000000001,0.409837150665769,1.13961671646359,0.0236447067998434,1.29930403371175,-0.135525809464541,-0.40344581021435,-0.425621039950827,-0.0495594619432622,-0.493795177907052,-0.0458763296181281,-0.183859297436448,-0.292608418675982,-0.42411176276671,0.267041152034082,-0.072050311057401,0.203193425143822,-0.298099590178798,-0.305084586862669,-0.363341583505643,-0.487990783359437,-0.50366462910767,-0.505590738712639,-1.38381405922739,0.304746081163127,-0.300114609231903,0.903576079238983,-1.04245741648776,0.304221580886263,0.00864557703456663,-0.708365972165346,0.571504199367364,0.688288780891116,0.470815488626826,-0.126435814750122,0.0249580250451754,342.0000000001,0.34142578135,0.0249580250451754,342.0000000001,0.34142578135,0.271481264439699,0.341204630202238,1e-10,854.0000000001,0.0151414274124453,0.00850327928739813,0.101814014429819,0.854967348546856,1933.18692806609,0.0625,200,2,"SNETWORK (2 41 1933.18692806609 0.101814014429819 7000287 200)",7
35,7000288,1.03513276395122,102,0.953947685431969,0.757894567769832,0.623124281295046,0.615977027310147,0.618989232093641,0.0795465032267578,0.056537144038976,0.0183627384450199,-0.148267652402732,-0.0213760626353011,0.963844545273477,-0.200540947295829,-0.0213760626353011,-0.0213760626353011,-0.690177915677614,0.27075372588479,0.247515157242438,-1.02894248310829,0.486884312670903,-0.963730569948188,1.15057915057915,3.24099722991689,-0.29467680608365,1.03513276395122,0.5,0.632630593622648,-0.115133168665154,-0.114232311243384,-0.526545876547819,-0.109674884574924,1.02463923767554,0.080594509974497,0.260129944896784,-0.370867112485911,0.306355985850755,0.0799702643258065,225.0000000001,0.440824730163255,0.266157678505606,2028.0000000001,3.45194615092078,3.89277088098403,0.0931931469914909,-0.261698384257095,-0.151335500595372,0,-0.569486715493687,-0.690685024360164,0.138699258470055,-0.750734389662824,0.468468214197199,-0.721650035048304,-0.383375847019801,-0.332516506977783,-0.22556044781316,-1.02590312043468,-0.474872762001475,0.949152514976322,0.464889228842547,0.676414028971749,0.668054363157543,0.67905776525831,-1.49275557103314,0.093435179600654,-0.556851931054342,0.794977697185672,-0.296350803341144,0.978369629922783,1.25084545889937,0.720196953266424,0.973058572826943,-1.57528088705759,-0.777813653058533,-0.187943216701152,0.107277262186237,287.0000000001,1.23154296884956,0.107277262186237,287.0000000001,1.23154296884956,0.472091552549141,0.778759446972147,1e-10,2028.0000000001,0.010553368045349,0.0826397788461419,0.021491058926834,0.95868839987088,5443.64306705957,0.0156249669969604,100,2,"SNETWORK (2 35 5443.64306705957 0.021491058926834 7000288 100)",7
29,7000289,-0.749255103556723,60,-0.361841926944517,-0.698245294676348,-0.562675121066356,-0.564925299345405,-0.567713055283144,0.0968768557796792,0.124514040850351,0.974702792536597,0.257116304325126,0.881320675576939,-1.18266672537218,0.902261457373684,0.881320675576939,0.881320675576939,0.00591847016932623,-0.327848995639889,-0.445390849439998,0.833459163917952,-0.748570098465461,0.888230940044412,-1.64368450082736,-1.9192718638702,0.441336230309614,-0.749255103556723,-0.5,0.136071838825575,-0.280278265593297,-0.277383290273175,-0.216696067223345,-0.263164773629735,-0.742148245612047,0.346091142055795,0.239499958878197,-0.182266143173631,1.55594149757329,0.0399850261056294,9078.0000000001,22.5828218114031,0.0304791416498867,1989.0000000001,0.0969242122693984,22.6797460235725,0.559344760738981,-0.347229035473152,0.12994813395634,-0.384780067645438,-0.565012716831868,-0.238451362997387,0.4018463856411,-0.267848943984531,0.686551480116524,-0.209316245265406,-0.339844466269986,0.558498315402018,0.638432284865122,0.0852450591711972,0.592959295929593,-0.118644023962116,-0.921164041933263,-0.323585971028253,-0.331945636842458,-0.32094223474169,-0.512531536166923,-0.624453539242741,0.673859134044431,-0.184017358174295,-0.195301332975434,0.204896994751006,0.159229565285286,-1.57827531526407,0.688941577998653,0.190145178346627,0.0359460476435365,0.489550630675738,0.171590946888747,471.0000000001,3.23277343760079,0.171590946888747,471.0000000001,3.23277343760079,1.63827734419323,1.58310918271156,1e-10,9078.0000000001,0.556954343647542,0.0023904169914383,0.730580690419406,0.30963421553023,1366.21125676004,0.25,77,2,"SNETWORK (2 29 1366.21125676004 0.730580690419406 7000289 77)",7
29,7000290,-0.648106155101034,67,-0.361841926944517,-0.698245294676348,-0.562675121066356,-0.564925299345405,-0.567713055283144,0.0572585812857555,0.108775664628946,0.945697865260681,0.003985408878586,1.11764020236629,-1.39450323918804,1.08070034234025,1.11764020236629,1.11764020236629,0.0992128672174921,-0.431395476569746,-0.492593098555602,1.15592674501905,-0.962365135191611,0.286010362694301,-0.898841698841699,-0.947368421052628,-0.0475285171102662,-0.648106155101034,-0.5,0.232098439684947,-0.188139021749604,-0.186459367302191,-0.282380339197506,-0.178078206299853,-0.646361014608822,-0.643166465938849,0,0.345829099317094,1.70065132208601,0.0399850261056294,4645.0000000001,12.6297794004372,0.18553871618864,5259.0000000001,1.56002832380499,14.1898077241422,0.344199648442877,-0.254381677726166,-0.630581593542287,-0.498653548289268,-0.567852180244724,-0.112402514639277,-0.600202081680367,-0.124585803957715,-0.495765400151967,-0.197595554570364,-0.273155620856839,-0.935186365112693,-0.930056616892717,0.177356566675408,-0.642984078627643,-0.118644023962115,-0.921164041933264,-0.323585971028253,-0.331945636842458,-0.320942234741691,-0.983665890463418,-0.645124531238162,0.529900832217348,2.07061672147671,-4.87086988903778,1.1819893372303,1.14090022762778,-1.80924028689477,1.88729539656036,-1.13050070630008,1.57580215129046,-0.187943216701152,0.143805886712458,588.0000000001,3.38231445322583,0.143805886712458,588.0000000001,3.38231445322583,1.48880292135874,1.08813789026942,1e-10,5259.0000000001,0.306358318081975,0.0378413302609024,0.815403277836953,0.658423452767219,1444.90243175763,0.25,82,2,"SNETWORK (2 29 1444.90243175763 0.815403277836953 7000290 82)",7
28,7000291,0.0463839937661348,104,-0.361841926944517,-0.698245294676348,-0.562675121066356,-0.564925299345405,-0.567713055283144,0.291522283009456,0.389149154666243,1.0887092302158,-0.62819789904559,0.0204091842881358,-0.805672548827616,0.78344014609603,0.0204091842881358,0.0204091842881358,-0.174425089451093,-0.870886303164549,-0.870805884909411,1.39716612589069,-1.55500246380033,0.393782383419688,-1.16859716859717,-1.44967682363804,0.0792141951837772,0.0463839937661348,-0.5,-0.777406435993191,1.03211802925897,1.04111046730095,1.31182390432184,1.08899080555232,0.0466457163219194,0.0461639785552932,-0.597269512295419,0.221295744738625,0.103938646758948,0.0399850261056294,6545.0000000001,1.08763074159954,0.190024770389591,11322.0000000001,3.43975992471914,4.52739066621868,0.0882019972318462,0.658635191593115,-1.05923574179436,0.607861420268385,-0.134231513608525,-0.876424902459358,-0.182640392490385,-0.773059590007118,-0.832770882401244,-1.45179607191001,-0.897832089641966,0.92518962362665,1.02815680894058,0.147697144706021,2.7972170843458,0.177970782313255,-0.745142464455507,-0.323585971028251,-0.331945636842457,-0.32094223474169,0.883600642848028,-0.108940687340621,0.877383636283635,-0.101279703420675,0.12901723811981,-0.710801232018356,-0.707420055459309,-0.414975676688107,-0.68768688172486,0.340375925851876,0.251199753854635,0.855450031698638,0.1535466403897,932.0000000001,5.72421875010141,0.1535466403897,932.0000000001,5.72421875010141,2.59586647534107,1.17063700564232,1e-10,11322.0000000001,0.0211890712812049,0.0670129258506413,0.29607189518276,1.1909179180341,1851.20179776347,0.125,16,2,"SNETWORK (2 28 1851.20179776347 0.29607189518276 7000291 16)",7
28,7000292,0.153615445634472,108,-0.111841926944517,-0.494736954820113,-0.562675121066356,-0.564925299345405,-0.567713055283144,0.286313903756571,0.401296931961288,1.08176916150021,-0.829038141581215,-0.482080961689894,-1.31072990155189,0.781243633258972,-0.482080961689894,-0.482080961689894,-0.211637720174997,-0.911383497479308,-0.897306061621499,1.44953849742516,-1.61802570491172,0.393782383419688,-1.16859716859717,-1.44967682363804,0.0792141951837772,0.153615445634472,-0.5,-0.787315594861109,0.745387996757524,0.748905473589571,1.26690275748824,0.766382322465236,0.171728629433971,2.50622584512567,-0.78720947446336,-0.278233364248112,0.280995685793908,0.0399850261056294,17614.0000000001,7.91320486986225,0.0490709926959931,3476.0000000001,0.272708940707042,8.1859138104693,0.167891570891837,1.93417862854947,3.40643550457088,1.71892251577939,2.1308407435688,0.482304060503497,1.30790665541978,0.449536887982699,0.076911863092081,-0.851220181918375,0.0610786985706053,1.27444473238337,1.08629400651286,-0.0920529834305346,2.75364789226175,0.474576257488161,-0.569126424378404,-0.32358597102825,-0.331945636842455,-0.320942234741688,0.931453449461008,0.772478515792615,1.04118699694825,-0.315208891184039,0.156063440195899,-0.581739902201462,-0.578552422362729,0.406606280331464,-0.757594068315922,0.418252264203216,0.468033330591497,1.40394388351927,0.0447207776035261,709.0000000001,1.26828125010031,0.0447207776035261,709.0000000001,1.26828125010031,0.709623809646017,0.508584861488363,1e-10,17614.0000000001,0.1622983611065,0.00559320968533733,0.355509944651322,0.0212564943603101,1898.38861443351,0.125,20,2,"SNETWORK (2 28 1898.38861443351 0.355509944651322 7000292 20)",7
29,7000293,-0.953848654981907,42,-0.361841926944517,-0.698245294676348,-0.695629464068801,-0.700108350003007,-0.706051805186474,-0.046321495091257,-0.0206692685297265,0.917025219467954,0.415627675793079,0.884713537785288,-1.24400449003365,0.827897718634181,0.884713537785288,0.884713537785288,-0.0748869457387826,0.0228647008498477,0.00391266971247675,0.534136369211235,-0.245824847687664,0.888230940044412,-1.64368450082736,-1.9192718638702,0.441336230309614,-0.953848654981907,-0.5,0.00077041450616383,1.04397988315427,1.05324608983779,0.0844512145782505,1.10269043820062,-0.947938657562582,-0.443220563282608,0.390716341804425,-0.437948268394525,0.426138665174837,0.0399850261056294,6606.0000000001,4.50074363586367,1.10658334595337,260.0000000001,0.459994081051795,4.96073771681546,0.0964391473892474,1.78614658852208,1.2118588823766,0.407702693512077,-0.0416564180589796,-0.495344677834762,-0.639872180216128,-0.435379380260666,-0.203737697419277,-0.85313306452729,-1.21800399606578,-0.254105402301515,-0.245910960697906,0.22092245988987,0.131457101754131,-0.118644023962116,-0.921164041933265,-0.44869410628582,-0.46261988064814,-0.461455136127798,0.99357231957356,0.319951144510734,-0.252666372894363,0.781929658606086,-10.8374566875642,0.881875361102358,1.54582260668687,1.19309690443971,0.734176522598331,-1.50156079414427,-1.62045477152428,-0.187943216701152,0.143210783927728,394.0000000001,2.25700195322555,0.143210783927728,394.0000000001,2.25700195322555,0.956845890811799,1.08309767932447,1e-10,6606.0000000001,0.0874966392474266,0.00894250804182087,0.509568673139626,0.248396431900801,1161.17512360462,0.25,62,2,"SNETWORK (2 29 1161.17512360462 0.509568673139626 7000293 62)",7
37,7000294,0.63099946462758,64,0.638158073055483,0.521052073640444,0.623124281295046,0.615977027310147,0.618989232093641,-0.473255701467531,-0.499665649517666,-0.149829390966727,1.70732131793469,-0.502429144047674,0.153335512185211,-0.424992729557742,-0.502429144047674,-0.502429144047674,-0.661224679608995,-0.240439692094221,-0.171455432240361,-0.674562919575108,-0.223039638036839,1.08031088082902,-1.42471042471043,-0.650969529085872,0.922053231939164,0.63099946462758,0.5,1.52741236596179,2.05830128715321,2.10413273710724,-0.744020162591208,2.3864535636461,0.620802548375533,-0.538493782225022,1.6152973106341,-0.158192405826054,0.266089997053832,0.0799702643258065,561.0000000001,0.95465944084402,0.138726639935064,1572.0000000001,1.39466361475285,2.34932305549687,0.0380910837031605,-0.117465287945283,1.95386225218391,0.320643528762013,-0.170361386019136,-0.556642756513383,-0.946564992746105,-0.406412790536363,0.145229461009042,-0.25030456575101,-0.686908257561915,-0.361214977647136,-0.481008430486987,-1.18827859915804,-0.386241371389886,0.881355976037885,0.430873575621595,0.676414028971749,0.668054363157543,0.67905776525831,-0.702948169391496,-1.24721562892665,0.307354036164338,0.278318682954789,0.156063440195899,0.0565442900756143,0.0642100614737607,0.0414176442856195,0.082622522618873,-1.02308171752728,-1.09303799690047,-0.187943216701152,0.032412400986194,603.0000000001,0.781787109474722,0.032412400986194,603.0000000001,0.781787109474722,0.259483240258939,0.144693026019029,1e-10,1572.0000000001,0.0154785066644587,0.0226125769387018,0.753826925133446,1.30977257618446,4996.93260865597,0.0312499339939208,174,2,"SNETWORK (2 37 4996.93260865597 0.753826925133446 7000294 174)",7
29,7000295,-0.568772932018915,74,-0.361841926944517,-0.698245294676348,-0.562675121066356,-0.564925299345405,-0.567713055283144,0.0227572359640194,0.0791579147839245,0.943264778884492,-0.0822421318630829,1.08033421121196,-1.31935066359698,1.05805783505138,1.08033421121196,1.08033421121196,0.0712690489073753,-0.556788596211685,-0.587906923580735,1.55670382783255,-1.22413882843954,0.286010362694301,-0.898841698841699,-0.947368421052628,-0.0475285171102662,-0.568772932018915,-0.5,0.145478047740284,-0.0843773129635996,-0.0837561650007242,-0.201883923452898,-0.0805940882079954,-0.56417843928736,-0.324342231696666,-0.0760917838638046,0.150157461043839,0.405682267434207,0.0399850261056294,5485.0000000001,3.55760250581949,0.155062735821983,3625.0000000001,0.898690639848169,4.45629314556766,0.106094879294429,-0.244494159100701,-0.316195621890328,0.879292112539864,0.344172337848198,-0.620522392241549,-0.255421838404714,-0.670766386301218,-0.214758307319427,-0.689172908613064,-0.731235744748695,-1.25637868539288,-1.4197275754615,-1.46505846241919,-0.545926570679046,-0.118644023962116,-0.921164041933264,-0.323585971028251,-0.331945636842457,-0.320942234741691,1.19820633417916,1.72832421184874,-0.924439209937104,1.0280335439295,0.156063440195899,0.256031218512039,0.239727341019989,-1.31424054594023,0.677707814163818,1.3662880444933,0.812609596917266,-0.187943216701152,0.0433000312794051,664.0000000001,1.15004882822528,0.0433000312794051,664.0000000001,1.15004882822528,0.653733052140881,0.496551879360591,1e-10,5485.0000000001,0.0846989629598298,0.0213959162345996,0.895537204162566,0.219962985415309,1519.2438661764,0.25,88,2,"SNETWORK (2 29 1519.2438661764 0.895537204162566 7000295 88)",7
43,7000296,0.0142364215819554,53,0.0756580730554828,0.31473676207772,0.354270929498081,0.350983481983268,0.358474665810763,-0.788087098542088,-0.713951534347766,-0.148047221514284,-0.304290318763096,-0.466389358621228,0.204536269899402,-0.362935439096105,-0.466389358621228,-0.466389358621228,0.202081732384999,2.68888599172255,2.58243049955581,-0.208267723409647,3.14787750183739,-0.963730569948188,1.15057915057915,3.24099722991689,-0.29467680608365,0.0142364215819554,0.25,0.757357989978197,0.0813256149252764,0.0809282414366395,-0.572985396669909,0.0788189754278984,0.0150874162596789,0.00239149926240221,-0.27550620939222,0.0849553883526773,0.158203633966894,0.0799701818409082,720.0000000001,0.728459006716336,0.137773789769718,620.0000000001,0.546278942542582,1.27473794915892,0.0294572616806088,0.755139220354812,0.108135830227396,0.619090716390112,-0.301183258456449,-1.05842815571513,0.0188670683178727,-1.10972094897377,-0.174904150756686,-0.917716568452559,-0.794348788232926,-0.863871022139593,-0.916165883730983,0.0152574531761952,-0.61971252070262,-3.01077401207183e-16,0.0363195055765458,0.676414028971747,0.668054363157543,0.67905776525831,-0.789035325639508,-0.125187960490833,0.182366540103505,1.49517719595472,-0.887024663879224,1.66533784310316,1.88631416065465,0.683728364791641,1.78186861530704,-1.39184227029242,-0.157335826575081,-0.187943216701152,0.0155433104612167,263.0000000001,0.163515625100069,0.0155433104612167,263.0000000001,0.163515625100069,0.187379685169201,0.261466896306053,1e-10,720.0000000001,0.0168335833451021,0.0126236782355067,0.409938633876359,0.389734205389276,3395.5386717956,0.0312500660060792,314,2,"SNETWORK (2 43 3395.5386717956 0.409938633876359 7000296 314)",7
42,7000297,-1.01917530223315,3,-0.407894617963011,-0.251052105764176,-0.192309249631537,-0.194095720002018,-0.196546296696359,0.542145867937022,0.970632824780026,0.727044943963875,0.702730266134815,0.0187955854498473,-0.365082504859328,0.0907608626933033,0.0187955854498473,0.0187955854498473,0.578904995766395,1.0899351205474,0.873639823460982,0.439452421176846,1.05596741247556,-0.606217616580312,0,0,-0.712927756653993,-1.01917530223315,0,0.0972722757609791,0.0964088871384519,0.0959593853641632,-0.138548147462481,0.0935616449618047,-1.01379998936221,-0.366646217733944,0.668660251665433,0.00304401085688543,0.150341313962219,0.0799701241440398,1747.0000000001,1.67968090719289,0.0946617757620981,160.0000000001,0.0968612722541474,1.77654217934703,0.0409419668460427,-1.3713197230395,0.845544786088567,-0.167527781813428,-0.153554910371112,0,-0.343601102352331,-0.000340420055128438,0.304733108814146,0.63160548197772,0.874291178266989,-2.61706946689702,-2.59438749056495,-1.85537189550666,-0.839069621247839,-0.305084586862669,-0.363341583505644,-0.487990783359437,-0.503664629107672,-0.505590738712639,-0.363650218653798,-1.18348503373706,0.307740954345647,14.1775523157799,0.156063440195899,-0.0453053167003287,0.323625698504173,-0.359994932110825,0.0716572101459954,-1.0165444541565,0.914198632763441,-0.187943216701152,0.0755092076892857,343.0000000001,1.035986328225,0.0755092076892857,343.0000000001,1.035986328225,0.599813497531033,0.769346844591214,1e-10,1747.0000000001,0.0387097140982642,0.00223225264777857,0.383468404372256,0.477568914182484,1721.09717113115,0.0625,275,2,"SNETWORK (2 42 1721.09717113115 0.383468404372256 7000297 275)",7
29,7000298,-1.10964763525161,27,-0.361841926944517,-0.698245294676348,-0.695629464068801,-0.700108350003007,-0.706051805186474,-0.155383390790234,-0.172766247790535,0.853331542226986,0.72108751192142,0.801732406030326,-1.31455693349118,0.869721683607638,0.801732406030326,0.801732406030326,-0.156583815984501,0.519723482028592,0.51786882276957,0.978453072627345,0.223957809467367,0.326424870466322,-1,-1.13573407202215,0,-1.10964763525161,-0.5,1.45618799722283,-0.0546252516741193,-0.0542475306187828,-0.805859297754479,-0.0523123836065508,-1.09911067324031,0.820088101388407,0.678466979192368,-0.410048972844613,0.127711021516136,0.0399850261056294,5295.0000000001,1.08115785619467,0.261229045814064,7463.0000000001,3.11694881939723,4.1981066754919,0.0994142059027056,-0.437965979218767,-0.207144080960719,-0.145591574726614,0.558268533890241,0.828567281766448,0.677169087415314,0.889291024151819,1.24517611006349,1.01601806257759,1.46802496859323,0.355913474014203,0.349530862463159,-1.05906061546487,0.138148430227638,-0.118644023962116,-0.921164041933264,-0.43190080835206,-0.445079550502516,-0.442593940248441,-0.217642543119138,0.138897563929514,-0.299474720479737,0.3054373844659,-1.86127252305347,0.319701224057444,0.245419435299232,0.562227333942395,0.24923653523833,-0.0548394486802082,-0.0861954036532028,-0.187943216701152,0.103841056208738,907.0000000001,3.76735351572592,0.103841056208738,907.0000000001,3.76735351572592,1.67081834936836,0.749656570257404,1e-10,7463.0000000001,0.0256026008679195,0.073811604934786,0.32365710022216,0.882563088118075,988.702194353966,0.25,51,2,"SNETWORK (2 29 988.702194353966 0.32365710022216 7000298 51)",7
35,7000299,1.09908313969296,107,0.953947685431969,0.757894567769832,0.623124281295046,0.615977027310147,0.618989232093641,0.101112351411439,0.0796217890536732,0.0185578877184044,-0.173126857827065,-0.00198708486729309,0.980655506850837,-0.181964784473814,-0.00198708486729309,-0.00198708486729309,-0.705326116362889,0.156940251364561,0.0999513638737279,-1.12539544654129,0.377784154928967,-1.11917098445596,0.839124839124839,1.32040627885503,-1.18821292775665,1.09908313969296,0.5,0.313046440653683,-0.332224827530754,-0.328529407315577,-0.355472224207984,-0.310531024648701,1.08752799650757,0.0414887643715304,-0.166408421745209,0.351987380533081,0.122787478280164,0.0799702643258065,387.0000000001,0.303893986962997,0.0964880897143146,2732.0000000001,1.68582102047911,1.98971500734211,0.0495332683238448,-0.397206884267172,0.060650553158338,-0.333291124400971,0.267440006490642,0.693334636067598,0.161604004548384,0.781634623618849,0.0837347365271527,0.992160593735968,0.833159851551822,-0.171794349027338,-0.349893779774238,-1.23268799482786,-0.258979194622759,0.949152514976322,0.464889228842547,0.676414028971749,0.668054363157542,0.67905776525831,0.13987893848447,0.0573319867564812,0.714761144881289,-0.658774046920605,-5.27535422705007,0.561746163130085,0.836690218340242,0.188688822222154,0.630806173681312,-1.11522371936908,-0.687158999164939,-0.187943216701152,0.0752634291832182,724.0000000001,2.17962890634923,0.0752634291832182,724.0000000001,2.17962890634923,0.920270151840899,0.507618938757283,1e-10,2732.0000000001,0.00756533589388901,0.0419679323299558,0.256717611429878,1.45998025511849,5502.04493218264,0.0156249669969604,104,2,"SNETWORK (2 35 5502.04493218264 0.256717611429878 7000299 104)",7
43,7000300,0.434901797001354,85,0,0.230175963096256,0.354270929498081,0.350983481983268,0.358474665810763,-0.261575153914584,-0.270265808524514,0.033965223727428,-0.93782066008117,0.114750580348901,0.961728314215364,-0.56621262603625,0.114750580348901,0.114750580348901,-0.246829111733928,3.38650127849921,3.53778053850828,-0.907023627033049,4.17676330072788,0.124352331606218,-0.494208494208494,-0.193905817174515,-0.237642585551331,0.434901797001354,0.25,0.116266126286418,0.0734567406078343,0.0730892337940847,-0.158159118570538,0.0711432963351311,0.431953012226756,-0.0747656750644073,-0.848026975902624,0.579759008115062,0.0748726774152535,0.0799701818409082,1395.0000000001,0.667965045768449,0.0613531487673001,1530.0000000001,0.600322267401451,1.2682873130699,0.0293497115214991,0.38264679974998,0.4164425435006,0.0138490285726686,0.667721096487197,0.750925711562819,-0.0489869182210792,0.787782425383352,-1.22955307927443,0.751867593990503,0.585142443426736,-1.99861862233487,-1.86388340463826,-1.58563575830517,-0.767520158609267,0,0.0363195055765448,0.67641402897175,0.668054363157543,0.679057765258309,0.814789660937847,0.380921117506787,1.19579719085557,0.421326967904746,0.156063440195899,1.15155598479616,1.07930106495393,0.359443177878864,1.27111078220816,-0.297908646606064,0.220391867836486,-0.187943216701152,0.0145806690279359,843.0000000001,0.491660156350208,0.0145806690279359,843.0000000001,0.491660156350208,0.122334606021152,0.00633246572565212,1e-10,1530.0000000001,0.0154575238035853,0.0138921876179138,0.658554788067284,0.0864950188111828,3758.18731399649,0.0312500660060792,339,2,"SNETWORK (2 43 3758.18731399649 0.658554788067284 7000300 339)",7
41,7000301,-0.563492085738071,50,-0.407894617963011,-0.251052105764176,0,0,0,0.527259104713077,0.814904402401478,0.34513929868228,0.00457016756120822,0.552266188099769,-0.0636870816034839,0,0.552266188099769,0.552266188099769,0.519301151679574,-0.0373685355647849,-0.156032002568594,0.198264450348138,-0.224036051844435,-0.606217616580312,0,0,-0.712927756653993,-0.563492085738071,0,-0.451340702864435,0.465735776548952,0.4660781236169,0.57763103904462,0.467021301642358,-0.561694187193135,0.183948340114309,0.00336869808372399,-0.418470434505732,0.146912100561472,0.0799701241440398,2178.0000000001,2.04630790913987,0.16091475296068,1028.0000000001,1.05789975511986,3.10420766415973,0.0669444810160728,-0.354076694423462,0.822755091879013,0.00266101516848774,0.0110578411733684,-0.000377560841147998,0.0733583329569775,0,0.179264612105757,0.244291938404406,0.187290072927763,0.114274455286639,0.146068132110609,0.177014246515005,-0.113154172560113,-0.305084586862668,-0.363341583505642,1.4637901463605e-15,1.49871635330658e-15,1.55600483282998e-15,-0.656758251749438,-0.918618549825283,-0.103948152889955,0.798112873959986,0.156063440195899,-0.107640810513767,-0.125454593775693,-0.378577650199224,0.00412846759032102,0.664978820868297,0.498248072761996,-0.1575170804269,0.0780467498996795,546.0000000001,1.704541015725,0.0780467498996795,546.0000000001,1.704541015725,0.91585225682736,0.790838506788558,1e-10,2178.0000000001,0.0441301084174157,0.0228143724986571,0.28379300687961,0.624663390219212,2242.53187533877,0.0625,218,2,"SNETWORK (2 41 2242.53187533877 0.28379300687961 7000301 218)",7
41,7000302,-0.542250974742194,52,-0.407894617963011,-0.251052105764176,0,0,0,0.531266763123179,0.786432089857995,0.330847258676938,-0.0153151083543916,0.56062648634992,-0.0580887362781702,0.00231962338505462,0.56062648634992,0.56062648634992,0.514493083252912,-0.0710122041705385,-0.18689329532534,0.175380524146341,-0.257855376798997,-0.606217616580312,0,0,-0.712927756653993,-0.542250974742194,0,-0.346254967214985,1.09041237680467,1.10078584865688,0.534598895627701,1.15659245957826,-0.540775935965796,-0.222965861224925,-0.0181264906653508,-0.790548627237763,0.0647276633895845,0.0799701241440398,849.0000000001,0.351441592897442,0.0957416853431651,2518.0000000001,1.54174423368297,1.89318582648042,0.0364994481170729,-0.467587458737102,-0.291612181554267,0.0696123208799782,0.0204140711372334,-0.0675732966130981,-0.433181514181611,-0.0576230564682183,-0.336254046245448,-0.120122212172405,-0.041448695459229,1.97307685389777,1.31364396685389,0.0679171288256057,2.16933231784717,0.0701446543627325,-0.462380167095457,-1.4637901463605e-15,-1.49871635330658e-15,-1.55600483282998e-15,0.0130424546881852,0.793995306715823,-0.168046100120806,-0.333280155195825,-0.0494002787920627,-0.419667704065367,-0.393371247395078,-0.0436199042221509,-0.448507136222378,1.43016483908849,0.963174895024339,1.85788678377028,0.0109942727259387,799.0000000001,0.351376953225,0.0109942727259387,799.0000000001,0.351376953225,0.276185376267378,0.222938913626885,1e-10,2518.0000000001,0.00677557584078912,0.0297238721762838,0.297049252072301,0.111070383879641,2265.06608335346,0.0625,220,2,"SNETWORK (2 41 2265.06608335346 0.297049252072301 7000302 220)",7
41,7000303,-0.731114107203422,33,-0.407894617963011,-0.251052105764176,0,0,0,0.544765210996152,0.866877486941701,0.489555278084032,0.187282890935544,0.391426030694354,-0.14651115873758,0.0261899190216678,0.391426030694354,0.391426030694354,0.541998522588922,0.397554568519497,0.281735078839384,0.360708797093379,0.250422478561714,-0.606217616580312,0,0,-0.712927756653993,-0.731114107203422,0,0.201584016369448,2.3934472952198,2.45675341698566,0.0680129138295919,2.86348927524436,-0.726387861672734,-0.609749216751164,0.174402500205609,0.115866163893014,0.0598373180799402,0.0799701241440398,143.0000000001,0.0547222186436351,0.10774535338941,3098.0000000001,2.13469337512157,2.1894155936652,0.0334360991248006,0.0319572931452368,0.699826289368078,-0.791924915205033,-0.130627127495418,0.732263268568966,-1.0822301281211,0.510600516043553,-0.908057893083769,0.906811493662123,0.975314341306076,0.674600070233765,0.577494688204406,0.198162908981563,0.0935879302215936,-0.305084586862669,-0.363341583505645,-1.4637901463605e-15,-1.49871635330658e-15,0,-1.22876680780785,-0.589756192060524,0.00778112092761319,-0.142885667535484,0.115053954197195,0.0206537971476444,-0.0101639597710775,-0.322723086597873,0.138395575427758,-0.229200785386633,0.0130094751115223,-0.0397654789895032,0.00350692608757833,1117.0000000001,0.156689453225,0.00350692608757833,1117.0000000001,0.156689453225,0.184152821412988,0.159524983388816,1e-10,3098.0000000001,0.000835701327541162,0.0326003976972594,0.172158882277259,1.91885059074024,2052.7657274771,0.0625,207,2,"SNETWORK (2 41 2052.7657274771 0.172158882277259 7000303 207)",7
43,7000304,-0.392422148385054,21,0.0756580730554828,0.31473676207772,0.118081199488201,0.12698938418892,0.129762766215853,-1.1377931507601,-1.00889442373477,-0.283625505022612,0.395815494712807,-0.40501613578944,0.0302788561673575,-0.515533124112698,-0.40501613578944,-0.40501613578944,0.35121706294455,3.10945394116653,3.00490125608898,0.30238395984956,3.50795652607342,0,0.0216216216216217,1.64542936288088,0.287072243346007,-0.392422148385054,0.25,0.0642385290935704,0.085589883515207,0.0851770904542792,-0.109906480743559,0.0829829871882808,-0.391015467716674,-0.345278108904587,0.371326589357677,-0.0234017016242043,0.206641803312828,0.0799701818409082,1413.0000000001,1.86731037765544,0.0580572832384141,834.0000000001,0.309655590691741,2.17696596824718,0.0502678109091352,0.113106309520473,0.285142700110831,-0.0531784913865992,-0.125892784244171,-0.0975085759133538,-0.31838812167847,-0.102483423478093,0.119441808156951,-0.120565221196009,-0.206556092986763,0.910458854514758,1.12663021297022,-0.758673517488929,1.92868023066043,-3.01077401207183e-16,0.0363195055765467,0.0724436698113413,0.0755482865175478,0.074788900684791,0.00918264051482992,-0.289371115838675,-0.5130255941953,-0.067376537516382,0.0484571896111224,-0.735962170557132,-0.626028874017099,-0.511601134980909,-0.691075678337429,0.0525529803570423,-0.530156504563469,0.738645886868165,0.0247080096913024,549.0000000001,0.542587890725229,0.0247080096913024,549.0000000001,0.542587890725229,0.366574492642335,0.339087130242096,1e-10,1413.0000000001,0.0431176261615063,0.00715018464762895,0.157247785833688,0.502459826648706,3026.9464005593,0.0312500660060792,291,2,"SNETWORK (2 43 3026.9464005593 0.157247785833688 7000304 291)",7
41,7000305,-0.395752338400218,65,-0.407894617963011,-0.251052105764176,0,0,0,0.516956235985308,0.640572545244996,0.170897431877291,-0.199159061323086,0.70264933784775,-0.0426776639985867,0.0369907022313182,0.70264933784775,0.70264933784775,0.484458562577164,-0.41307974133277,-0.526340956660456,-0.0627299061814079,-0.600210878673439,-0.606217616580312,0,0,-0.712927756653993,-0.395752338400218,0,0.289306179755578,4.18663078931916,4.38303852458843,0.245483091255015,5.95329651841631,-0.393773834770952,-0.412089354312981,-0.190433423801299,-0.00222240484116648,0.113209463397921,0.0799701241440398,8683.0000000001,6.28648772462564,0.133333725614723,1794.0000000001,1.52974130052418,7.81622902504982,0.0867310002686575,1.22741950781133,1.69618108626922,-0.631561735790078,-0.325147156313048,0.310682253498648,-1.21852445212031,0.161750736923568,-1.45313245005975,0.404420716786755,0.299831977343733,-0.537814030617243,-0.737653666326006,0.0305167115835105,-0.537022933062537,-0.305084586862669,-0.363341583505642,1.4637901463605e-15,0,0,-0.619137763942642,-0.355746451151759,0.287306901018124,0.819665951112611,0.156063440195899,0.361338765420379,0.197385724147804,0.367746787241719,0.349750262951972,0.0366860642612063,0.685420204283275,-0.187943216299524,0.0711560470910051,1751.0000000001,4.98376953135,0.0711560470910051,1751.0000000001,4.98376953135,2.46600713705511,0.732477839344393,1e-10,8683.0000000001,0.0697565752174972,0.0169744249511603,0.386531854093859,0.705088656930378,2417.17699698993,0.0625,227,2,"SNETWORK (2 41 2417.17699698993 0.386531854093859 7000305 227)",7
36,7000306,0.844088899851721,86,0.638158073055483,0.521052073640444,0.623124281295046,0.615977027310147,0.618989232093641,-0.187506024192576,-0.183927118269175,-0.0135541149767798,0.412578576947977,-0.339800767948414,0.421488487238495,-0.706748562411694,-0.339800767948414,-0.339800767948414,-0.816831873195122,0.0511662051015767,0.0116931685307799,-1.17177265135889,0.264316397507863,0,0.0216216216216217,1.64542936288088,0.287072243346008,0.844088899851721,0.5,0.0450003606466475,0.942961843468985,0.950015808375291,0.0232801692047108,0.986930814388814,0.833649598325601,-0.24729475666112,0.386729171806892,0.0871542239985848,0.0872979263280215,0.0799702643258065,671.0000000001,0.374613573532418,0.137828506006345,3540.0000000001,3.1203217064315,3.49493527986392,0.0691848331155831,-1.16142580413342,-0.544370862326795,-0.181561921033042,-0.653656455030992,-0.597764147133313,-0.421988031366934,-0.535489376210306,0.0255779042079674,-0.58317096662848,-0.103763694453986,-0.118699308926538,-0.156228573727741,0.100056561015624,0.0940775396220941,0.88877101056304,0.434593949105238,0.676414028971749,0.668054363157543,0.679057765258312,0.383483304091984,-0.539959220676343,-1.83457528667818,-0.195564279726464,-0.470845129232817,-0.446062273048716,-0.310315262812359,-0.672245074458517,-0.310858872589652,-0.688764417542156,-1.35618002759638,-0.187943216701152,0.134060157837151,788.0000000001,4.2255761719735,0.134060157837151,788.0000000001,4.2255761719735,1.88742908065121,1.00559663755691,1e-10,3540.0000000001,0.00741575321104185,0.0617690798045412,0.069697487375346,0.584388848103117,5260.17274392335,0.0156249669969604,116,2,"SNETWORK (2 36 5260.17274392335 0.069697487375346 7000306 116)",7
41,7000307,0.316761080947749,111,-0.184210513107001,-0.196491445985551,0,0,0,0.561911249614089,0.513789029362557,-0.135792910445949,-0.656659635639649,0.543771592724019,0.325131648470755,-0.011327043158892,0.543771592724019,0.543771592724019,0.383193900474899,-0.383315472833207,-0.529438945323825,-0.334421570069728,-0.488775462922232,-0.606217616580312,0,0,-0.712927756653993,0.316761080947749,0,-0.220901233163805,-0.0460827851295011,-0.0457700361025658,0.172230073046156,-0.0441647148393444,0.312777966551932,-0.260228604021806,-0.623594045562957,0.462944542579723,0.302308276553705,0.0799701241440398,2310.0000000001,4.4659880481644,0.139077940393086,364.0000000001,0.323754022759651,4.78974207082406,0.113250310378852,-0.0204126577859841,-0.166120403219478,-0.160562249442353,0.384889564084565,0.631908118882853,-0.198492890137821,0.677040890714212,-0.894626058366826,0.688281255041659,0.342250335679024,0.841251533007907,0.786501610876619,0.0712951095543005,1.08243571609908,0.703300594246966,-0.28842669436774,0,0,0,0.129987990781631,0.389836127184715,-1.58622460670694,-0.200463991236994,0,-1.08438846353957,-1.02795353425067,-1.25722077758047,-0.896665024045508,0.542039725087392,-0.210426697984008,0.648104632025858,0.08154296885,477.0000000001,1.55583984385,0.08154296885,477.0000000001,1.55583984385,0.845558330625123,0.820449662157904,1e-10,2310.0000000001,0.105595358722204,0.0076549515566481,0.687901324559369,0.145587952341884,2929.47306861738,0.0625,261,2,"SNETWORK (2 41 2929.47306861738 0.687901324559369 7000307 261)",7
43,7000308,0.557748744958109,92,0,0.230175963096256,0.354270929498081,0.350983481983268,0.358474665810763,-0.157428006259861,-0.196537768004475,0.0230850445021096,-0.961016087825185,0.107261358075746,1.01458115655484,-0.631796888457514,0.107261358075746,0.107261358075746,-0.30086350361242,3.17379694866025,3.32114833331871,-1.13572333924434,3.9864007501471,0.124352331606218,-0.494208494208494,-0.193905817174515,-0.237642585551331,0.557748744958109,0.25,-0.68217431302224,-1.82755514266777,-1.76295785340164,0.518873588487714,-1.50404034797875,0.55580061104142,1.15380784432002,-0.911874331770705,-1.73929512692101,0.0882892699903116,0.0799701818409082,1641.0000000001,0.926558133072199,0.06961042873651,942.0000000001,0.419354566820661,1.34591269979286,0.0439100496125123,1.23184349780971,0.736082663251238,0.797360473015261,1.23001303263448,0.508580743899899,1.41899665847693,0.74762960901557,-0.158206336829405,1.31689585771235,0.410831863677729,0.208801351975565,0.312756740479969,-0.0135684959096556,0.30971723545981,0.447603613811161,0.00654576740339065,0.676414028971749,0.668054363157543,0.679057765258312,-0.161285898201974,0.164128562009533,0.64730511721237,0.126227325085618,-0.167878906992605,0.755722466256967,0.699897110481428,0.511664136282971,0.769933695608519,-0.458374269972261,-0.688245588752599,0.51918103622179,0.0278361693266949,531.0000000001,0.59124023447525,0.0278361693266949,531.0000000001,0.59124023447525,0.389573398555495,0.365581014721291,1e-10,1641.0000000001,0.0302287165462623,0.0136813329662499,0.716413048631412,0.417592438869178,3842.58335697274,0.0312500660060792,345,2,"SNETWORK (2 43 3842.58335697274 0.716413048631412 7000308 345)",7
37,7000309,0.1419045243174,20,0.638158073055483,0.521052073640444,0.649161038498292,0.645874990233288,0.652741863980251,-0.604492331265033,-0.626304748303865,-0.165225647300292,2.04135775396975,-0.331012703361743,0.0653956359286439,-0.464674406543454,-0.331012703361743,-0.331012703361743,-0.621489468755971,0.0740309206139239,0.208460400129197,-0.480232137460692,0.0985552682791084,0.143005181347151,-0.438610038610039,0.349030470914128,0.119771863117871,0.1419045243174,0.5,0.955824169227824,-0.130042920469442,-0.128996166783294,-0.667408542235805,-0.123716111736584,0.136593072641361,-0.521328783958736,1.92797433999507,0.3939885378433,0.122771982339905,0.0799702643258065,1667.0000000001,1.30885618516287,0.0919043164378393,403.0000000001,0.236863431637708,1.54571961670058,0.0371040738632055,0.999581266358279,0.966767129189299,-0.201432404445725,-0.208589035025334,-0.0246038341345123,-0.463919003957193,-0.0275873714467081,0.82387002448993,-0.0402535609528677,-0.227814814596436,0.217144146297926,-0.503533719516913,-1.05855047941946,-0.441198515455941,0.881355976037885,0.430873575621596,0.759869106100602,0.755550048397726,0.765650935743886,-0.827769347906434,-1.06118150286825,0.375388746057541,0.700994412875222,0.156063440195899,0.165197953950912,0.406181306720031,1.46795979368699,-0.173033647088912,-0.28763958831438,-0.18539412762059,-0.187943216701152,0.065615234475,225.0000000001,0.59053710947479,0.065615234475,225.0000000001,0.59053710947479,0.389241017739191,0.685550039462006,1e-10,1667.0000000001,0.0314183089316059,0.00568576483159952,0.231747413058197,0.712432119748437,4466.96088196487,0.0312499339939208,138,2,"SNETWORK (2 37 4466.96088196487 0.231747413058197 7000309 138)",7
41,7000310,-0.782893870125939,28,-0.407894617963011,-0.251052105764176,-0.192309249631537,-0.194095720002018,-0.196546296696359,0.544213724928677,0.872303752874329,0.496999381622977,0.20495791825909,0.364055552716809,-0.149416539916219,0.0198007544789796,0.364055552716809,0.364055552716809,0.539001001427071,0.477600719383025,0.363950025842661,0.376436824907017,0.341706487977859,-0.606217616580312,0,0,-0.712927756653993,-0.782893870125939,0,0.156378317420968,0.554770425746638,0.555887198855062,-0.13462237648589,0.560738503161557,-0.776931403966559,-0.463313999175204,0.197016201990295,0.536022467985102,0.197035353669036,0.0799701241440398,905.0000000001,1.14037654462251,0.123290364680319,1076.0000000001,0.848392747997761,1.98876929252027,0.0422089581071022,1.02462007662062,1.043845223699,-0.75221014702734,-0.374161261649393,0.393189498050653,-0.553464460313954,0.37902652476299,-0.265617136740806,0.299812481675469,0.272732811228327,-0.0351883272224557,0.0934038371370422,0.0793258328819241,-0.317659787956818,-0.305084586862669,-0.363341583505644,-0.242475441883946,-0.250263948301371,-0.251221420457761,-1.08182097804555,0.316274732032498,-0.259014865820745,0.538561874492841,-0.109629257722519,0.701369873905347,0.588968171332329,-0.0123006404059034,0.847034007033372,0.799813296656432,0.645697651468744,-0.187943216701152,0.074481201271875,280.0000000001,0.834189453225,0.074481201271875,280.0000000001,0.834189453225,0.504420203313981,0.760640165124288,1e-10,1076.0000000001,0.0242029610289573,0.0180059969781448,0.138067174063985,0.571393495535705,1994.81344662478,0.0625,203,2,"SNETWORK (2 41 1994.81344662478 0.138067174063985 7000310 203)",7
41,7000311,-0.269575430049809,74,-0.407894617963011,-0.251052105764176,0,0,0,0.530040578894393,0.642339327897725,0.121476033313363,-0.243907023369463,0.731402097159562,0.0101432396015458,0.0186301364077278,0.731402097159562,0.731402097159562,0.482021544403595,-0.581167788940167,-0.72305336333998,-0.232127032551436,-0.753809433590697,-0.606217616580312,0,0,-0.712927756653993,-0.269575430049809,0,0.651602347630644,0.587035839446421,0.588488135298299,-0.481938742968991,0.595064617705022,-0.268271442627584,-0.146635945393827,-0.230173534007731,0.316682876836258,0.255113469912506,0.0799701241440398,2667.0000000001,4.35122904402073,0.0851424643343123,1299.0000000001,0.707311804268525,5.05854084818925,0.106740611966643,-0.100827872154473,0.00229853091073474,-0.29196236074691,-0.81828448320572,-0.645026939149186,-0.242965717191958,-0.6167390916532,-0.371990449646961,-0.240290895946749,-0.264638672615737,-1.18530268897308,-1.36375280154573,0.144757897561603,-0.749446922714249,-0.305084586862669,-0.363341583505644,0,0,0,-1.74522050602357,0.197043905540663,-0.361945450826771,1.11293893844998,0.156063440195899,0.564249704680415,0.684677079738967,0.884918144022273,0.44726366749545,1.05903666606658,1.51869094380382,-0.187943216701152,0.014483463914069,478.0000000001,0.276923828225,0.014483463914069,478.0000000001,0.276923828225,0.240989940963914,0.25249054750714,1e-10,2667.0000000001,0.0918155777461878,0.014925034120455,0.447075341502444,0.0693432191570797,2520.0944913006,0.0625,234,2,"SNETWORK (2 41 2520.0944913006 0.447075341502444 7000311 234)",7
37,7000312,0.365098763598039,39,0.638158073055483,0.521052073640444,0.623124281295046,0.615977027310147,0.618989232093641,-0.573679384366667,-0.590886586558728,-0.170616904220857,1.93052509937417,-0.386400141317985,0.0978652820401947,-0.473120937793458,-0.386400141317985,-0.386400141317985,-0.647087406231315,-0.0236629489805358,0.0813971727576096,-0.582830914339868,0.0104376958236786,0.55958549222798,-0.876876876876878,-0.0954139735303178,0.476341360371778,0.365098763598039,0.5,-0.477579316710236,0.120411563514954,0.119892959994737,0.553458420212255,0.11710306477538,0.360092051931009,-0.0597867976492618,1.82128793486306,0.126486864475245,0.0663700919847507,0.0799702643258065,129.0000000001,0.0547544211268899,0.0784557323550847,3447.0000000001,1.72950979321975,1.78426421424664,0.0409427912082841,-0.760419939103905,-1.05255403865763,0.143372099392906,0.224048984835826,0.0932693412728573,-0.0471611873326272,0.0967789947794206,1.19362267851262,-0.00425821871643486,-0.145558168955764,-0.0800605257033572,-0.0207949431073514,0.324612103359092,0.272331628767272,0.881355976037885,0.430873575621596,0.67641402897175,0.668054363157545,0.679057765258312,0.792301431465829,0.0162612526888215,0.821701358542254,-0.182262414100864,-0.105096354234066,0.482349345445999,0.605025003719043,0.538843454666551,0.444681886188518,-0.841770698875136,-0.220345179617262,0.238586295482184,0.0147111003604167,600.0000000001,0.353066406349875,0.0147111003604167,600.0000000001,0.353066406349875,0.056818654050012,0.00522778020519114,1e-10,3447.0000000001,0.00125642761009539,0.0396863634981887,0.452292221077572,1.95694371977281,4690.83963992299,0.0312499339939208,154,2,"SNETWORK (2 37 4690.83963992299 0.452292221077572 7000312 154)",7
41,7000313,0.561193628227301,125,0.342105382036989,0,0,0,0,0.64949757531302,0.640696324887258,-0.212416106930352,-0.952269072530961,0.730150077240512,0.674922207760222,0.38965882207727,0.730150077240512,0.730150077240512,0.372033253322105,-0.259386682393712,-0.38281696189745,-0.161134700795696,-0.389042121136505,-0.606217616580312,0,0,-0.712927756653993,0.561193628227301,0,-0.211252980604803,-1.67370932944841,-1.61892514801513,-0.0722463355590046,-1.39521694560591,0.554607462042224,-0.118644434094594,-0.903844066123859,0.0793580629455239,0.1455291851919,0.0799701241440398,2733.0000000001,2.54357922111264,0.0376962138958882,220.0000000001,0.0530366339199676,2.5966158549326,0.0823815059353938,2.74548859366916,0.681248928193335,1.12582297494377,0.842445180004919,-0.284829219489543,0.371124294432059,-0.414369319301093,-0.998354622013235,-0.951912818367352,-0.335379595974622,1.46177885052845,1.06697065668771,-0.130909083244313,2.33720185205334,0.915254083867405,-0.0283081595192628,-0.0164031685903032,-0.0228854077128648,-0.0266121566614104,0.23659259353273,1.01437266118232,-0.210419364380768,-0.282041941584684,0.145264104445854,-0.870674837260092,-0.787091995172444,-0.39040416602285,-0.880223575842547,0.941385261775838,-0.471267830816314,2.19823413418864,0.0728467632543803,468.0000000001,1.36369140635,0.0728467632543803,468.0000000001,1.36369140635,0.754726039828825,0.746797325540925,1e-10,2733.0000000001,0.0806988396256818,0.00168266620971202,0.779509433645789,0.326027649693442,3085.19711837498,0.0625,270,2,"SNETWORK (2 41 3085.19711837498 0.779509433645789 7000313 270)",7
41,7000314,-0.614467388531818,45,-0.407894617963011,-0.251052105764176,0,0,0,0.540601969789501,0.836633571200495,0.380265860170641,0.0310026522983105,0.520251441516528,-0.0646771285584605,-0.00072130368769312,0.520251441516528,0.520251441516528,0.515358248064688,0.089032501554329,-0.0318993483289701,0.242446010372019,-0.0852993575931542,-0.606217616580312,0,0,-0.712927756653993,-0.614467388531818,0,-0.555382636836485,1.19666455054137,1.20978379984242,0.900251348830186,1.2816054607867,-0.611478299925091,0.333865826277084,0.0259856896126326,-1.03160145153981,0.0589940357504586,0.0799701241440398,306.0000000001,0.115447643473526,0.108955516961433,1843.0000000001,1.2841924131192,1.39964005649272,0.0264753358763427,-0.0908936637354434,-0.258451785953068,0.708605011986543,0.289384179778466,-0.485503362116752,0.000686423816155805,-0.414896802997556,0.133452414930945,-0.252938498211527,-0.329621751470939,0.523675539688929,0.663995206354538,0.060020425939758,0.568944257063069,-0.305084586862669,-0.363341583505644,0,0,0,-0.901947984330013,0.249739167237038,0.0369986149083311,-0.00738510215032582,-1.14459734719938,0.402050094250273,0.304372824523575,-0.00280217158754804,0.496338650996074,1.66549899382721,1.27259598131594,1.45058936975418,0.0341954725542026,232.0000000001,0.317333984475,0.0341954725542026,232.0000000001,0.317333984475,0.260092605088486,0.419441004208764,1e-10,1843.0000000001,0.00218378654493435,0.0242915492314084,0.250659511148199,0.616667893715203,2186.20845387121,0.0625,215,2,"SNETWORK (2 41 2186.20845387121 0.250659511148199 7000314 215)",7
28,7000315,-0.0981637566886515,99,-0.361841926944517,-0.698245294676348,-0.562675121066356,-0.564925299345405,-0.567713055283144,0.259860285547122,0.362164151882365,1.09730888216571,-0.603060237105723,0.108587829248482,-0.752009243094689,0.755031471925494,0.108587829248482,0.108587829248482,-0.143614390172218,-0.822246168402177,-0.817703613463585,1.3414526274171,-1.48130967467725,0.393782383419688,-1.16859716859717,-1.44967682363804,0.0792141951837772,-0.0981637566886515,-0.5,-0.486684736731703,1.04657133668341,1.05589784719099,0.748821434465401,1.10568719501152,-0.089632197716977,1.35216413311913,-0.563151574965046,0.18610747391728,1.11152548728435,0.0399850261056294,12197.0000000001,21.6754047010191,0.133795207950168,4231.0000000001,0.905062038778623,22.5804667396977,0.438771379622558,1.50787926380811,0.700638674003816,1.67489740847741,2.39755247843428,0.863535982539599,0.678084692870328,0.762457698013939,0,0.656304586965209,0.412180607212938,0.0410774298720975,0.194219645135487,0.0826154080760217,0.74968266057375,-0.0162404278606988,-0.860394174267142,-0.323585971028251,-0.331945636842457,-0.32094223474169,0.672869221772524,0.659645450809389,-0.174903842882765,0.35934001136313,0.0465623498408332,-0.41186803446012,-0.322396421375495,-0.372278809427857,-0.351418693888914,0.510612039267139,0.54256864003864,-0.0212354273541637,0.078928665858452,562.0000000001,1.77431640635044,0.078928665858452,562.0000000001,1.77431640635044,0.728671076968045,0.538661586314349,1e-10,12197.0000000001,0.421184704993456,0.017586674529102,0.227627199547178,1.73299086225587,1796.86476392959,0.125,12,2,"SNETWORK (2 28 1796.86476392959 0.227627199547178 7000315 12)",7
43,7000316,0.501492595883519,89,0,0.230175963096256,0.354270929498081,0.350983481983268,0.358474665810763,-0.189782348576964,-0.220019973734987,0.0230336094122425,-0.958690975920473,0.118424977520562,1.00948055633368,-0.629891700800149,0.118424977520562,0.118424977520562,-0.29617747571484,3.20715677520963,3.35396273837866,-1.09578240320833,4.01511739027139,0.124352331606218,-0.494208494208494,-0.193905817174515,-0.237642585551331,0.501492595883519,0.25,-0.714313222582702,-0.234517024875225,-0.232258206045231,0.895798805372219,-0.221078550778264,0.502116203790311,0.783434312761981,-0.909874167283494,0.000628123534486706,0.0545307145302886,0.0799701818409082,1695.0000000001,0.591108298246106,0.0674439162105197,1808.0000000001,0.779825391132681,1.37093368927879,0.0335334213189337,-0.275942606855073,0.767709874244676,0.863235252476897,1.11959714370662,0.319693469002644,0.704433854741655,0.353656825685642,-0.729710179657816,0.0972818493816953,0.0256507045238216,-1.52397594489273,-1.59254904065149,-0.01276925338982,-0.687550623194188,0,0.0363195055765458,0.676414028971749,0.668054363157543,0.679057765258312,0.513224749266427,-0.713686184195056,0.996177958032944,1.25552965425832,0.156063440195899,1.01265438718196,0.843890787024595,0.335671394682002,1.11591465790737,-0.342185939958047,-0.315089024769541,2.3449152432827,0.00522729783527529,781.0000000001,0.163300781350069,0.00522729783527529,781.0000000001,0.163300781350069,0.0328872352916759,0.0855506530155999,1e-10,1808.0000000001,0.0144586741898611,0.0190747470290726,0.692035412551666,2.00411197838887,3807.02445834382,0.0312500660060792,343,2,"SNETWORK (2 43 3807.02445834382 0.692035412551666 7000316 343)",7
37,7000317,0.63099946462758,64,0.638158073055483,0.521052073640444,0.623124281295046,0.615977027310147,0.618989232093641,-0.473255701467531,-0.499665649517666,-0.149829390966727,1.70732131793469,-0.502429144047674,0.153335512185211,-0.424992729557742,-0.502429144047674,-0.502429144047674,-0.661224679608995,-0.240439692094221,-0.171455432240361,-0.674562919575108,-0.223039638036839,1.08031088082902,-1.42471042471043,-0.650969529085872,0.922053231939164,0.63099946462758,0.5,1.52741236596179,2.05830128715321,2.10413273710724,-0.744020162591208,2.3864535636461,0.620802548375533,-0.538493782225022,1.6152973106341,-0.158192405826054,0.266089997053832,0.0799702643258065,561.0000000001,0.95465944084402,0.138726639935064,1572.0000000001,1.39466361475285,2.34932305549687,0.0380910837031605,-0.117465287945283,1.95386225218391,0.320643528762013,-0.170361386019136,-0.556642756513383,-0.946564992746105,-0.406412790536363,0.145229461009042,-0.25030456575101,-0.686908257561915,-0.361214977647136,-0.481008430486987,-1.18827859915804,-0.386241371389886,0.881355976037885,0.430873575621595,0.676414028971749,0.668054363157543,0.67905776525831,-0.702948169391496,-1.24721562892665,0.307354036164338,0.278318682954789,0.156063440195899,0.0565442900756143,0.0642100614737607,0.0414176442856195,0.082622522618873,-1.02308171752728,-1.09303799690047,-0.187943216701152,0.032412400986194,603.0000000001,0.781787109474722,0.032412400986194,603.0000000001,0.781787109474722,0.259483240258939,0.144693026019029,1e-10,1572.0000000001,0.0154785066644587,0.0226125769387018,0.753826925133446,1.30977257618446,4996.93260865597,0.0312499339939208,174,2,"SNETWORK (2 37 4996.93260865597 0.753826925133446 7000317 174)",7
41,7000318,-0.892423779505047,17,-0.407894617963011,-0.251052105764176,-0.192309249631537,-0.194095720002018,-0.196546296696359,0.486789314492032,0.809999300770737,0.510512051023455,0.269869612736601,0.275215193307055,-0.235971289572644,0.012949397722071,0.275215193307055,0.275215193307055,0.535578691299889,0.684296858604905,0.559256000582821,0.314026378481716,0.606173454040016,-0.606217616580312,0,0,-0.712927756653993,-0.892423779505047,0,0.225781395994003,1.4477837855214,1.46854565710108,-0.0847041071975499,1.58651432059296,-0.886277996220029,-0.309493434114428,0.252616169092853,-0.0383130263357528,0.0691802258847046,0.0799701241440398,2351.0000000001,1.04013603748292,0.0973692108782949,1488.0000000001,0.926574023200509,1.96671006058343,0.0355661041704537,-0.333626044022351,-0.289603622580968,-0.364438140891035,-0.10748046516954,0.284400336350159,-0.59518274474289,0.235310423743574,-0.264041518759773,-0.00569902235941898,-0.0896817541568693,0.0396227055905648,-0.22727989702064,-1.01407034969149,-0.223824030754724,-0.305084586862669,-0.363341583505644,-0.487990783359437,-0.503664629107673,-0.505590738712639,-0.342972691029669,-0.176427631972634,-0.0460982340997081,0.759308526388313,0.156063440195899,0.200029988729486,0.179748518419218,-0.772063614868631,0.467372218710395,0.0268976136193052,0.361934739350621,-0.187943216701152,0.0565249384004269,937.0000000001,2.1185546876,0.0565249384004269,937.0000000001,2.1185546876,1.11156454429987,0.608559961540207,1e-10,2351.0000000001,0.0188098832137447,0.0167562208567089,0.0648732597019872,1.34891481045634,1870.39157092262,0.0625,196,2,"SNETWORK (2 41 1870.39157092262 0.0648732597019872 7000318 196)",7
41,7000319,-0.662000611053338,41,-0.407894617963011,-0.251052105764176,0,0,0,0.541954644720395,0.829080125456842,0.390063509510953,0.0384757290339647,0.516391716554627,-0.0708934812036673,-0.000710297214336864,0.516391716554627,0.516391716554627,0.508829865569333,0.123428901533411,0.00889684211425668,0.258617716746879,-0.0487012399295549,-0.606217616580312,0,0,-0.712927756653993,-0.662000611053338,0,-0.711456787435213,-0.41391086174282,-0.408787197384426,0.852391390311078,-0.38414502250514,-0.657872927488679,0.411473424252434,0.0429443210790361,-1.3857183043837,0.167455991349898,0.0799701241440398,2467.0000000001,2.64195477570598,0.0691294734109431,1362.0000000001,0.602137804937316,3.24409258054329,0.0819583109911438,-0.152857130687811,0.34663688494979,0.259469686444529,0.538876713229151,0.3277958091229,0.489511608391979,0.374207754910033,0.588605436389679,0.762123186501944,0.747857851041743,-0.268365799534965,0.122459184971765,0.181534253075439,-0.214660477036715,-0.305084586862668,-0.363341583505643,-1.4637901463605e-15,0,0,-1.15492193292498,-0.241314860003229,0.0191716771777687,0.923502186109649,-0.745596771199404,0.202563052577772,0.25314791915345,0.2111381682165,0.20701154199185,0.820219047319334,0.819059919762814,-0.0347224544351844,0.151409846580175,744.0000000001,4.50595703135,0.151409846580175,744.0000000001,4.50595703135,2.24013590692291,1.41218576365396,1e-10,2467.0000000001,0.0667459838121724,0.0152123270789714,0.225024728697027,0.73561776522547,2142.63204805122,0.0625,212,2,"SNETWORK (2 41 2142.63204805122 0.225024728697027 7000319 212)",7
41,7000320,-0.222964393529562,77,-0.407894617963011,-0.251052105764176,0,0,0,0.532324911762759,0.640694360333084,0.118143409809859,-0.246047657832634,0.734022270895705,0.00805785600475066,0.0200326110340825,0.734022270895705,0.734022270895705,0.481263167298006,-0.592573398646989,-0.737100435822363,-0.240298711248382,-0.765159141397316,-0.606217616580312,0,0,-0.712927756653993,-0.222964393529562,0,0.434751915835265,0.660896827428754,0.663226241937239,-0.341382440449482,0.674379866660542,-0.223676606056212,-0.490974839605821,-0.236200345423143,0.444243842413314,0.199440827622297,0.0799701241440398,3533.0000000001,4.50622885568529,0.0572543003309092,382.0000000001,0.139870785418792,4.64609964100408,0.0967464389909374,0.118192571799717,-0.167518175398117,-0.712625710506002,-0.493109726258191,0.224414441958955,-0.607280773537915,0.212675266280309,-0.756535237142442,0.131285843226452,0.0453562766866927,0.304367481618883,-0.000517478225002822,-0.894779791660229,0.0918470967975918,-0.305084586862669,-0.363341583505644,0,-1.49871635330658e-15,0,0.0372074404877684,0.909655307044001,-0.909150870621122,-0.0878304387227157,-0.160908476575343,-1.01656057169472,-0.867911866899076,-0.165058467191144,-1.11025857447341,1.98635681242175,0.883758345976168,-0.0363741026850981,0.124673652021855,787.0000000001,3.9247265626,0.124673652021855,787.0000000001,3.9247265626,1.96537699842453,1.18574410702405,1e-10,3533.0000000001,0.093833888272062,0.0029125506188754,0.46546547512394,0.235255802050233,2551.35576403816,0.0625,237,2,"SNETWORK (2 41 2551.35576403816 0.46546547512394 7000320 237)",7
37,7000321,0.663721651189452,67,0.638158073055483,0.521052073640444,0.623124281295046,0.615977027310147,0.618989232093641,-0.452599231193964,-0.473800263027638,-0.156047735071325,1.61084657742135,-0.496940530469205,0.213355155752994,-0.471317453469067,-0.496940530469205,-0.496940530469205,-0.70220283303278,-0.36794041138927,-0.317089271617911,-0.869959444670003,-0.320871898379395,1.08031088082902,-1.42471042471043,-0.650969529085872,0.922053231939164,0.663721651189452,0.5,1.63931694878827,1.50811627601203,1.53095156535958,-0.793429517457536,1.66179763030831,0.654084412205158,-0.710827744072374,1.59051237766264,-0.0416478434231146,0.0440201187264555,0.0799702643258065,120.0000000001,0.0337823236076114,0.209481904378244,7568.0000000001,10.1387566313941,10.1725389549017,0.181985045467552,3.04391008951726,0.700704705341119,-0.0978224425025689,0.164890811889994,0.275961113865006,-1.02940131731622,0.226050481820316,0.0301227855903964,0.353578023971967,0.738712557666577,-0.0389803833942257,-0.202049670598328,-1.00151723993766,0.166122656221666,0.881355976037885,0.430873575621596,0.676414028971749,0.668054363157543,0.67905776525831,0.553460969523358,0.514847879761933,-1.83425309701612,-0.44518827495987,-3.28276418030935,-0.823641388280699,-0.697430473487189,-1.06403737547984,-0.645114121792939,-0.424922119100788,-1.57413330911927,-0.187943216701152,0.12844572497674,1293.0000000001,6.64321289072264,0.12844572497674,1293.0000000001,6.64321289072264,3.03029281836559,0.958045312510436,1e-10,7568.0000000001,0.000604360199894049,0.181380685167658,0.79056474586738,0.256230244354811,5034.22579070757,0.0312499339939208,175,2,"SNETWORK (2 37 5034.22579070757 0.79056474586738 7000321 175)",7
37,7000322,0.798624289089895,82,0.638158073055483,0.521052073640444,0.623124281295046,0.615977027310147,0.618989232093641,-0.373070839836834,-0.396399532931661,-0.151689196356745,1.43447570118831,-0.559931142082116,0.282853623062892,-0.488723302467644,-0.559931142082116,-0.559931142082116,-0.700910086409847,-0.501296819119446,-0.513968493303812,-1.16175534512609,-0.39878233311686,0.683937823834198,-0.986210700496416,-0.0672734467748328,0.680336773492667,0.798624289089895,0.5,-0.160441140508911,1.40362261827093,1.42292457630331,0.33234147783622,1.53191368677778,0.79151179861709,0.320490719672489,1.36959289415248,0.27738957809617,0.193384630840343,0.0799702643258065,774.0000000001,0.957238104582956,1.1200738665344,1300.0000000001,9.3120881535149,10.2693262579979,0.187185025880303,-0.461752988219033,0.319093408426565,0.928972952145656,0.938869729626752,0.0339836565446489,-0.0615986284050181,0.0300653283474607,0.97596873641059,-0.551320372549135,-1.21233288412917,-0.0464734133730463,0.241426859722845,-0.842049341112459,0.372858714442873,0.903688172097598,0.442078393315991,0.840648327711781,0.826179698916611,0.834970036974126,-0.464673646045666,0.114627405424499,-0.225671902429969,0.323961040078892,-0.843936559804101,0.571167533265596,0.708297722375736,0.810474414002562,0.475246318229792,-0.367496753974334,-0.688857704599205,-0.18794321545712,0.0482695958399764,212.0000000001,0.409326171974855,0.0482695958399764,212.0000000001,0.409326171974855,0.0834137357372089,0.278995215672835,1e-10,1300.0000000001,0.0174481397090415,0.169736886071261,0.967141077966778,1.51038123591391,5213.47140646353,0.0312499339939208,186,2,"SNETWORK (2 37 5213.47140646353 0.967141077966778 7000322 186)",7
41,7000323,-0.836742244808149,23,-0.407894617963011,-0.251052105764176,-0.192309249631537,-0.194095720002018,-0.196546296696359,0.523951040759571,0.852155067958322,0.509542412510286,0.235198295846125,0.310590360086304,-0.178941197494974,0.0157662710220077,0.310590360086304,0.310590360086304,0.531472891889866,0.584266026150029,0.464037076522739,0.363540022266598,0.472789175060792,-0.606217616580312,0,0,-0.712927756653993,-0.836742244808149,0,0.333659076247788,0.681056994416948,0.683652052161026,-0.26602919178877,0.696208292902081,-0.831992396702922,-0.380307199050185,0.218613372810264,0.451141416695038,0.307582944355031,0.0799701241440398,371.0000000001,0.72977956589782,0.0750408792424379,854.0000000001,0.409837150665769,1.13961671646359,0.0236447067998434,1.29930403371175,-0.135525809464541,-0.40344581021435,-0.425621039950827,-0.0495594619432622,-0.493795177907052,-0.0458763296181281,-0.183859297436448,-0.292608418675982,-0.42411176276671,0.267041152034082,-0.072050311057401,0.203193425143822,-0.298099590178798,-0.305084586862669,-0.363341583505643,-0.487990783359437,-0.50366462910767,-0.505590738712639,-1.38381405922739,0.304746081163127,-0.300114609231903,0.903576079238983,-1.04245741648776,0.304221580886263,0.00864557703456663,-0.708365972165346,0.571504199367364,0.688288780891116,0.470815488626826,-0.126435814750122,0.0249580250451754,342.0000000001,0.34142578135,0.0249580250451754,342.0000000001,0.34142578135,0.271481264439699,0.341204630202238,1e-10,854.0000000001,0.0151414274124453,0.00850327928739813,0.101814014429819,0.854967348546856,1933.18692806609,0.0625,200,2,"SNETWORK (2 41 1933.18692806609 0.101814014429819 7000323 200)",7
43,7000324,0.352813227903274,78,0.0756580730554828,0.31473676207772,0.354270929498081,0.350983481983268,0.358474665810763,-0.562200414095048,-0.564665580445727,-0.145234577116639,-0.7203217565037,-0.142151365065741,0.425980657827861,-0.196960970851319,-0.142151365065741,-0.142151365065741,0.00666936430564239,3.01172060650663,3.05511046144407,-0.45115627864642,3.60154427263047,0.124352331606218,-0.494208494208494,-0.193905817174515,-0.237642585551331,0.352813227903274,0.25,-0.250958904500684,0.291189925357519,0.290666825612977,0.263268782466248,0.287498587896549,0.345132727214298,-0.340836381865695,-0.684414836746443,-0.448999980553173,0.183701305647685,0.0799701818409082,627.0000000001,0.736607183250785,0.0742151525411246,963.0000000001,0.457061917269928,1.19366910042071,0.0265624166178944,-0.109712591004669,-0.36330437257529,0.611230460506068,-0.640677866447847,-1.486224863773,-0.362549163290433,-1.50000446787341,-1.17197085375391,-1.48993522770765,-0.819979991032976,-0.262059802273651,-0.023248882150264,0.0566761222344384,-0.271606281507272,0,0.0363195055765458,0.676414028971749,0.668054363157543,0.67905776525831,-1.30752879930318,-0.0340229580272979,-0.0328250454184029,0.837723760531564,-0.218959365387746,0.668202609515204,0.560712561400285,0.239764893348382,0.740951657073925,-0.0746569251115495,0.236653316979136,0.0978070164321974,0.0162315684916581,968.0000000001,0.628486328225266,0.0162315684916581,968.0000000001,0.628486328225266,0.187014989551721,0.00764979394210358,1e-10,963.0000000001,0.0163915333015382,0.0101708832163562,0.603248968781092,0.906331097623035,3677.51443762924,0.0312500660060792,333,2,"SNETWORK (2 43 3677.51443762924 0.603248968781092 7000324 333)",7
37,7000325,0.770723257306712,79,0.638158073055483,0.521052073640444,0.623124281295046,0.615977027310147,0.618989232093641,-0.378059524358631,-0.407032238610301,-0.138992922139969,1.53005938085194,-0.53163756109656,0.238415961857649,-0.430319463182204,-0.53163756109656,-0.53163756109656,-0.700203061667274,-0.468861848936791,-0.448142934513708,-0.934517609833468,-0.423464809100853,1.08031088082902,-1.42471042471043,-0.650969529085872,0.922053231939164,0.770723257306712,0.5,-0.26597019344736,0.871295443499731,0.876944876733541,0.380935504469362,0.906043918983293,0.760777318516495,0.598528497536895,1.4495369685007,-1.46225653267743,0.54336639040764,0.0799702643258065,616.0000000001,2.14057547786469,0.0873562940429431,2615.0000000001,1.46090829873475,3.60148377649944,0.0722161640466646,0.506567740109987,0.305639771382827,0.502926574188087,-0.165976222887833,-0.770795120973347,0.27285685386855,-0.699920643840123,1.3220003910927,-0.471734553384573,-1.11448033589579,1.66254743519696,1.36313189206735,0.302623441334691,1.9012016586274,1.25363861190736,0.532751677721388,0.925305499315314,0.907687908754134,0.915337487884212,-0.211080117977993,-0.0327489548698204,0.704753255859648,0.0764286702789045,-2.39155118352546,-0.777526142540858,-0.567924881244194,0.592144114216258,-1.03500986622585,-0.223547510009757,-0.172292339191272,1.67907648952482,0.00930466518249641,697.0000000001,0.259414062599908,0.00930466518249641,697.0000000001,0.259414062599908,0.232712735363252,0.208628816864324,1e-10,2615.0000000001,0.0429223506865299,0.0292938132601347,0.93241003580128,0.801748455909546,5178.2153392161,0.0312499339939208,184,2,"SNETWORK (2 37 5178.2153392161 0.93241003580128 7000325 184)",7
29,7000326,-0.503561207643212,79,-0.361841926944517,-0.698245294676348,-0.562675121066356,-0.564925299345405,-0.567713055283144,0.0030582013111977,0.0604332857330291,0.936746399177683,-0.125427256716023,1.03666006380593,-1.25571307075583,1.05785323583141,1.03666006380593,1.03666006380593,0.047603132946915,-0.601554541986595,-0.618369438363429,1.71554386936957,-1.32199375412234,-0.606217616580312,0,0,-0.712927756653993,-0.503561207643212,-0.5,0.576793676768141,-2.64773014747355,-2.51599016912281,-0.666221955542337,-2.03703136594416,-0.495627181993175,0.194968194728552,-0.121023110453162,1.03529144206105,0.144879998417828,0.0399850261056294,10171.0000000001,2.35595424747365,0.0880893287436902,1124.0000000001,0.158301262037343,2.514255509411,0.0952325040264862,1.14342537545743,1.50570997705969,-0.610977736177501,1.52024230532823,2.35472690947298,0.95387449468585,4.03786255443954,0.812952693548551,4.02031489404103,3.71039942349659,0.830859782870066,0.222401567365398,-0.752602064101467,0.386477109249386,-0.118644023962116,-0.921164041933264,-0.323585971028251,-0.331945636842457,-0.32094223474169,0.236757058149035,1.07920515217505,-0.596250396797536,-0.260993318246251,0.156063440195899,-0.924993611895124,-0.88845311100248,-0.750956750377033,-0.8468460485658,0.600569823444879,0.0618443324611522,0.160987968840029,0.107887961747727,528.0000000001,2.27859375010056,0.107887961747727,528.0000000001,2.27859375010056,1.18721811116178,1.04357804427144,1e-10,10171.0000000001,0.0892365240059144,0.0059959799205718,0.954574258383918,0.970079962973,1574.0134187981,0.25,92,2,"SNETWORK (2 29 1574.0134187981 0.954574258383918 7000326 92)",7
37,7000327,0.578760010202909,60,0.638158073055483,0.521052073640444,0.623124281295046,0.615977027310147,0.618989232093641,-0.494281516763301,-0.519962593568805,-0.151986156793945,1.72566116018907,-0.496136378252366,0.11571798463654,-0.417800844562056,-0.496136378252366,-0.496136378252366,-0.664250046757514,-0.200894994633777,-0.125813895912959,-0.635874352109823,-0.186575950245295,1.08031088082902,-1.42471042471043,-0.650969529085872,0.922053231939164,0.578760010202909,0.5,1.01780648784431,1.61656570272508,1.64335503782065,-0.587274332556877,1.79914584567962,0.575152499103444,0.0170958548850722,1.64873098116621,0.301051661077123,0.0518773619553366,0.0799702643258065,175.0000000001,0.0580594602268674,0.212612604165375,1925.0000000001,2.61744040635816,2.67549986648503,0.0469443988981512,-1.36748174536028,1.86942812210966,0.255800552606223,0.00263387077973461,-0.296857689719513,-0.347251202465856,-0.233948523432493,0.82570765353643,-0.157711126328943,-0.464080576692075,-0.19215692757741,-0.315763909272576,-1.13425363347965,-0.146574547564647,0.881355976037885,0.430873575621596,0.676414028971749,0.668054363157545,0.67905776525831,0.387184761040436,-1.75087663735288,0.606709072890471,0.403165334722233,-2.14303845465619,0.586082198129002,0.684548575704623,1.1710721999203,0.396024463985868,-1.25188593550463,-1.54524740871156,-0.187943216701152,0.106752905615161,404.0000000001,1.72512695322439,0.106752905615161,404.0000000001,1.72512695322439,0.705418269042109,0.774318419646429,1e-10,1925.0000000001,0.00101871298311206,0.0459256858150392,0.706706205460182,0.197827936850764,4949.09957060224,0.0312499339939208,171,2,"SNETWORK (2 37 4949.09957060224 0.706706205460182 7000327 171)",7
41,7000328,-0.614467388531818,45,-0.407894617963011,-0.251052105764176,0,0,0,0.540601969789501,0.836633571200495,0.380265860170641,0.0310026522983105,0.520251441516528,-0.0646771285584605,-0.00072130368769312,0.520251441516528,0.520251441516528,0.515358248064688,0.089032501554329,-0.0318993483289701,0.242446010372019,-0.0852993575931542,-0.606217616580312,0,0,-0.712927756653993,-0.614467388531818,0,-0.555382636836485,1.19666455054137,1.20978379984242,0.900251348830186,1.2816054607867,-0.611478299925091,0.333865826277084,0.0259856896126326,-1.03160145153981,0.0589940357504586,0.0799701241440398,306.0000000001,0.115447643473526,0.108955516961433,1843.0000000001,1.2841924131192,1.39964005649272,0.0264753358763427,-0.0908936637354434,-0.258451785953068,0.708605011986543,0.289384179778466,-0.485503362116752,0.000686423816155805,-0.414896802997556,0.133452414930945,-0.252938498211527,-0.329621751470939,0.523675539688929,0.663995206354538,0.060020425939758,0.568944257063069,-0.305084586862669,-0.363341583505644,0,0,0,-0.901947984330013,0.249739167237038,0.0369986149083311,-0.00738510215032582,-1.14459734719938,0.402050094250273,0.304372824523575,-0.00280217158754804,0.496338650996074,1.66549899382721,1.27259598131594,1.45058936975418,0.0341954725542026,232.0000000001,0.317333984475,0.0341954725542026,232.0000000001,0.317333984475,0.260092605088486,0.419441004208764,1e-10,1843.0000000001,0.00218378654493435,0.0242915492314084,0.250659511148199,0.616667893715203,2186.20845387121,0.0625,215,2,"SNETWORK (2 41 2186.20845387121 0.250659511148199 7000328 215)",7
28,7000329,-0.308382923021294,90,-0.361841926944517,-0.698245294676348,-0.562675121066356,-0.564925299345405,-0.567713055283144,0.262650921199344,0.361603900694827,1.06091012410362,-0.532924002255498,0.389996371425765,-0.80612344610796,0.844467773358077,0.389996371425765,0.389996371425765,-0.066780743896895,-0.799537352979484,-0.814082946834065,1.3300539782791,-1.45098787070262,0.393782383419688,-1.16859716859717,-1.44967682363804,0.0792141951837772,-0.308382923021294,-0.5,0.158194311466047,-0.437367236180057,-0.431794916004974,-0.252243159854942,-0.405088843619577,-0.307489270631859,-0.590225204985163,-0.503110453162267,0.795240053709984,0.0881630102030111,0.0399850261056294,631.0000000001,0.0889427462795704,0.101582385176993,13800.0000000001,2.24126008907581,2.33020283525538,0.0591193797331702,-0.297794672738791,-0.236251005809842,1.24347713215312,0.118645114379597,-1.31310207303902,-0.477064618833463,-1.51247652750263,-0.976310763968628,-1.23917535635085,-0.853311865044256,-0.579423477117439,-0.418393434733067,-0.0238053093155733,-0.0614006455590614,-0.118644023962116,-0.921164041933263,-0.323585971028253,-0.33194563684246,-0.32094223474169,0.912016823578792,-0.0782557267705641,1.47266915050047,0.0157881046073721,0.156063440195899,-0.594887479293776,-0.526437285054301,0.414973402992469,-0.775127158993952,0.889926711197641,0.274526692957329,-0.187943216674246,0.157939925169703,807.0000000001,5.09830078135125,0.157939925169703,807.0000000001,5.09830078135125,2.29998291942018,1.20784584183107,1e-10,13800.0000000001,0.00225655891310256,0.0568628207200677,0.10022310907032,1.48527515855219,1695.72090887216,0.125,6,2,"SNETWORK (2 28 1695.72090887216 0.10022310907032 7000329 6)",7
29,7000330,-0.538693971594429,77,-0.361841926944517,-0.698245294676348,-0.562675121066356,-0.564925299345405,-0.567713055283144,0.0245827065886702,0.0804128925202819,0.938890503672764,-0.0934012767231237,1.08295376023209,-1.33907301401237,1.07226147701191,1.08295376023209,1.08295376023209,0.0671360330044829,-0.572660890313925,-0.599862452827956,1.59651248554246,-1.25422346720598,-0.606217616580312,0,0,-0.712927756653993,-0.538693971594429,-0.5,0.406856140800759,-0.553114092983592,-0.545074042554016,-0.436412064125217,-0.507182067182218,-0.53125407222029,2.58976199220478,-0.091382515009458,-2.25797084642895,0.313334424438016,0.0399850261056294,10055.0000000001,5.0371507867304,0.0612774437782211,317.0000000001,0.0310566543621339,5.06820744099253,0.131297086712478,-1.22589524490278,0.211614283305376,1.54853683199072,2.28906324216822,0.939606584787126,1.74511551685131,1.10232280368391,1.46701978278924,-0.306436101427456,-0.226413800991465,1.15497118480737,0.988068512569466,0.0819072087945289,2.50976800976801,0.164202505167866,-0.753313040606828,-0.323585971028251,-0.331945636842457,-0.320942234741691,0.553727679530475,-1.11270045306932,0.94874329832247,-0.349271902236083,0.119608212019623,-0.716834551272809,-0.725086369801005,-0.93112463886141,-0.556476873676957,0.514562663193785,0.382479930932004,1.29285700288554,0.103357872696154,390.0000000001,1.6123828126004,0.103357872696154,390.0000000001,1.6123828126004,0.872287287918996,1.00521054708399,1e-10,10055.0000000001,0.130492532285903,0.000804554326574898,0.93106236360859,0.764225302117436,1552.20108457653,0.25,90,2,"SNETWORK (2 29 1552.20108457653 0.93106236360859 7000330 90)",7
37,7000331,0.686798725196981,69,0.638158073055483,0.521052073640444,0.623124281295046,0.615977027310147,0.618989232093641,-0.449242477822913,-0.471328286310112,-0.152241947230382,1.60440030908673,-0.500433508926236,0.213341792193538,-0.46664166067133,-0.500433508926236,-0.500433508926236,-0.700445427563537,-0.377132527630497,-0.329717874153608,-0.872297985170265,-0.331204433732729,1.08031088082902,-1.42471042471043,-0.650969529085872,0.922053231939164,0.686798725196981,0.5,1.598896047633,-0.0140687022665042,-0.0139799655554573,-0.833136444628847,-0.0135210963989673,0.675812525326416,-0.776206948670443,1.51265071140719,0.651247323484875,0.0867226218271161,0.0799702643258065,283.0000000001,0.156955267825657,0.119909292652746,3695.0000000001,2.83350736200594,2.99046262973159,0.0703013314927392,0.472106415847244,1.43454046506524,-0.835229295063196,-0.0770762481006912,0.822960255605255,-0.813698588693969,0.876923305038556,0.257975830789821,0.388813681514899,0.716520474436564,0.17067892174889,-0.41919856388987,0.306894052343818,-0.026003699271026,0.881355976037885,0.430873575621597,0.676414028971749,0.668054363157543,0.67905776525831,1.04460523986046,0.561973710611852,-2.31356520754514,-1.70977045164474,-1.85059361835775,-0.276598043201878,-0.0819307179111951,-0.314673074430822,-0.209506700596175,-0.719098970785949,-1.57413330911927,-0.187943216159882,0.115682312334204,823.0000000001,3.80826171884865,0.115682312334204,823.0000000001,3.80826171884865,1.69015644990325,0.849945848440423,1e-10,3695.0000000001,0.00368978504559238,0.0666115463471468,0.814105333487875,1.35829383530654,5058.12223862403,0.0312499339939208,176,2,"SNETWORK (2 37 5058.12223862403 0.814105333487875 7000331 176)",7
37,7000332,0.75499564133972,76,0.638158073055483,0.521052073640444,0.623124281295046,0.615977027310147,0.618989232093641,-0.404573738656525,-0.427859589712641,-0.13543181292383,1.55228369149803,-0.515974092944041,0.222087183928987,-0.437137982084562,-0.515974092944041,-0.515974092944041,-0.693182633960178,-0.430721080745529,-0.399604693276075,-0.89804187882891,-0.388065093322867,1.08031088082902,-1.42471042471043,-0.650969529085872,0.922053231939164,0.75499564133972,0.5,1.1476777480836,0.88418964150926,0.890081612012657,-0.681287237352082,0.9205219773817,0.741909774167809,-0.62131278044617,1.4693609671848,0.235027489478326,0.0881676146696214,0.0799702643258065,490.0000000001,0.276288133779763,0.189028873784075,1582.0000000001,1.91245703754973,2.18874517122949,0.0437868682432548,-1.69787330981766,-0.564374783321703,-0.52447099240742,-0.969984470470916,-0.58482010788561,-0.802329926557032,-0.529531037551563,0.251025944101054,-0.372191896609898,-0.918090252984855,0.341848459849022,0.33430211784779,-0.906066290165195,0.377809209492378,0.881355976037885,0.430873575621596,0.912092986877557,0.894966857296134,0.902794475583813,0.0163613178741843,-0.0809370598984056,0.842550601615864,-0.410837721848426,-0.186232670235739,0.489517693341254,0.757017780240735,1.40960743064685,0.219824737014178,-0.7511619254516,0.146760408881813,0.165876160230528,0.063457345806619,559.0000000001,1.4189062500995,0.063457345806619,559.0000000001,1.4189062500995,0.560661807235924,0.407627555455686,1e-10,1582.0000000001,0.00552727299575889,0.0382595951474959,0.901090372279331,1.91423623310402,5146.42222002218,0.0312499339939208,181,2,"SNETWORK (2 37 5146.42222002218 0.901090372279331 7000332 181)",7
37,7000333,0.1419045243174,20,0.638158073055483,0.521052073640444,0.649161038498292,0.645874990233288,0.652741863980251,-0.604492331265033,-0.626304748303865,-0.165225647300292,2.04135775396975,-0.331012703361743,0.0653956359286439,-0.464674406543454,-0.331012703361743,-0.331012703361743,-0.621489468755971,0.0740309206139239,0.208460400129197,-0.480232137460692,0.0985552682791084,0.143005181347151,-0.438610038610039,0.349030470914128,0.119771863117871,0.1419045243174,0.5,0.955824169227824,-0.130042920469442,-0.128996166783294,-0.667408542235805,-0.123716111736584,0.136593072641361,-0.521328783958736,1.92797433999507,0.3939885378433,0.122771982339905,0.0799702643258065,1667.0000000001,1.30885618516287,0.0919043164378393,403.0000000001,0.236863431637708,1.54571961670058,0.0371040738632055,0.999581266358279,0.966767129189299,-0.201432404445725,-0.208589035025334,-0.0246038341345123,-0.463919003957193,-0.0275873714467081,0.82387002448993,-0.0402535609528677,-0.227814814596436,0.217144146297926,-0.503533719516913,-1.05855047941946,-0.441198515455941,0.881355976037885,0.430873575621596,0.759869106100602,0.755550048397726,0.765650935743886,-0.827769347906434,-1.06118150286825,0.375388746057541,0.700994412875222,0.156063440195899,0.165197953950912,0.406181306720031,1.46795979368699,-0.173033647088912,-0.28763958831438,-0.18539412762059,-0.187943216701152,0.065615234475,225.0000000001,0.59053710947479,0.065615234475,225.0000000001,0.59053710947479,0.389241017739191,0.685550039462006,1e-10,1667.0000000001,0.0314183089316059,0.00568576483159952,0.231747413058197,0.712432119748437,4466.96088196487,0.0312499339939208,138,2,"SNETWORK (2 37 4466.96088196487 0.231747413058197 7000333 138)",7
29,7000334,-1.21974935601145,16,-0.361841926944517,-0.698245294676348,-0.88766904750336,-0.89062955707874,-0.905942372439505,-0.144988834291849,-0.129043077215083,0.841153452240903,0.995360218309908,0.534819805887443,-1.21641412650489,0.626612230094782,0.534819805887443,0.534819805887443,-0.324627161718322,0.543384377501549,0.443771015999173,0.344991719644945,0.429105496588344,0.326424870466322,-1,-1.13573407202215,0,-1.21974935601145,-0.5,1.22474766207602,3.3973736760657,3.52747098495023,-0.560092821429567,4.47281030683521,-1.21275222734466,-0.820286709082814,0.936932313512624,0.71804734056582,4.85531351704104,0.0399850261056294,3265.0000000001,25.3451712292627,0.18612849873154,15654.0000000001,4.65835915662087,30.0035303857836,0.383117489938208,1.83500300777763,-1.6296569162586,-0.827739922055054,-0.734958745395829,0.0700151220274948,-1.46429179874929,0.0451369390388452,-0.928146950421913,-0.530664224987202,-0.859478538351108,2.38530642780626,1.5984277733784,0.249037002778718,1.68704288011219,-0.118644023962116,-0.921164041933264,-0.530031489664679,-0.540614260874603,-0.544959396659675,-1.09613851402842,0.26441272079791,-0.671269526660757,0.120122625110307,-2.70116323146349,-0.719010051138423,-0.810374433733835,-1.34606935370757,-0.447882762815589,0.666800863819699,0.401758266686774,0.826405177861615,0.450678834773489,1539.0000000001,27.7437890626068,0.450678834773489,1539.0000000001,27.7437890626068,13.0049441647447,3.68719208933599,1e-10,15654.0000000001,0.323634527537788,0.0594829623004195,0.193274827505029,2.71662998267207,867.74462218677,0.25,44,2,"SNETWORK (2 29 867.74462218677 0.193274827505029 7000334 44)",7
43,7000335,0.253388122580663,70,0.0756580730554828,0.31473676207772,0.354270929498081,0.350983481983268,0.358474665810763,-0.628387788140135,-0.595003975765433,-0.176035372855771,-0.449529756559391,-0.14164899317956,0.632321166497958,-0.487403822221955,-0.14164899317956,-0.14164899317956,0.209433316649254,2.65458502872652,2.56357094913525,-0.854453686636614,3.28730594920766,-0.963730569948188,1.15057915057915,3.24099722991689,-0.29467680608365,0.253388122580663,0.25,-0.442494905946287,-0.364168800721752,-0.359939611380755,0.412018943914408,-0.33944430843727,0.250178028436026,1.57567110456381,-0.428028620774735,-1.0636519724235,0.0507896358147237,0.0799701818409082,1220.0000000001,0.39626990855145,0.0805722655233138,3149.0000000001,1.62261094608904,2.01888085454049,0.0505494940166556,-0.13518911309563,-0.0786317812403105,1.3094482379557,0.394334757953989,-1.05221447325164,1.2115748386122,-1.19623647724282,0.643156176998607,-1.07485839026127,-0.818841851716715,0.0286790583304141,0.265303080045109,-0.94248843096732,-0.125285605483625,0,0.0363195055765448,0.676414028971747,0.668054363157545,0.67905776525831,-1.24600747723082,0.0711936781025348,-0.821861493056281,1.09969703886961,0.0438766596818813,-0.20278940049671,-0.340478621687193,-0.678768696757724,-0.0261502051759468,-0.111116305978383,-0.623417478403516,-0.187943216550593,0.0565414981233434,830.0000000001,1.87717773447579,0.0565414981233434,830.0000000001,1.87717773447579,0.77729562052165,0.34905392400733,1e-10,3149.0000000001,0.00992195417701938,0.0406275397396362,0.543268799792005,2.14979758076315,3590.02323290983,0.0312500660060792,325,2,"SNETWORK (2 43 3590.02323290983 0.543268799792005 7000335 325)",7
28,7000336,0.682434458923481,121,-0.111841926944517,-0.494736954820113,-0.562675121066356,-0.564925299345405,-0.567713055283144,0.187199177520193,0.400384080423716,1.04114760107585,-0.94448273221533,-1.37625744251709,-1.74305848031164,0.470541758149808,-1.37625744251709,-1.37625744251709,-0.460280495934958,-1.3168818351207,-1.17848842318931,0.806142405964885,-1.92302891626841,0.393782383419688,-1.16859716859717,-1.44967682363804,0.0792141951837772,0.682434458923481,-0.5,-0.505673067621425,0.163857317346255,0.163256765766224,0.606364018022331,0.159967401072948,0.688734529016255,2.50604720762643,-0.895471667077885,-0.387107094569738,0.097070601591022,0.0399850261056294,19346.0000000001,3.00243538499037,0.0510770249730034,2696.0000000001,0.220160927562928,3.2225963124533,0.0733721105993739,0.679922557790471,0.0403932232019126,1.49819679206821,2.71640604821048,1.46214633939251,1.48608778016593,1.50970570425722,-0.0588017969064815,1.32193999570691,0.437218783238563,-0.166524231254574,-0.186473621935168,-0.00813869959059005,0.135676204983136,0.474576257488161,-0.569126424378404,-0.323585971028251,-0.331945636842457,-0.320942234741688,0.262046942998624,-1.25463799665871,0.30221391586288,1.17904777443721,0.156063440195899,-1.19120917754264,-1.27823714785465,-0.738245976760084,-1.15989745413397,-0.427891634149924,-0.252641892484996,-0.187943216701152,0.0209026006915824,692.0000000001,0.578583984475142,0.0209026006915824,692.0000000001,0.578583984475142,0.163425184409912,0.0472110062610417,1e-10,19346.0000000001,0.0683594839300664,0.00501262656930753,0.539933206280166,0.894310842268169,2044.79898142871,0.125,31,2,"SNETWORK (2 28 2044.79898142871 0.539933206280166 7000336 31)",7
35,7000337,1.07589114280989,105,0.953947685431969,0.757894567769832,0.623124281295046,0.615977027310147,0.618989232093641,0.0909928517518745,0.073897986745118,0.0189951644132754,-0.166750203621327,-8.12971971442871e-05,0.976901066426208,-0.179845692067319,-8.12971971442871e-05,-8.12971971442871e-05,-0.707466480179839,0.195802315483572,0.151425906072495,-1.09308231906332,0.415213199056784,-1.11917098445596,0.839124839124839,1.32040627885503,-1.18821292775665,1.07589114280989,0.5,0.0594165662589027,-1.10646195689439,-1.08064149042308,-0.247531919243295,-0.967549902739975,1.06202131344466,0.498356083625876,-0.160059215396003,-0.433112192147551,0.0528842496100585,0.0799702643258065,151.0000000001,0.0510693529803486,0.609668319072649,2472.0000000001,9.63827150745693,9.68934086033727,0.277394309065307,0.385716123506813,-0.0880858730522215,0.257271117102398,-0.304191855989903,-0.661871824517795,0.752754834811206,-0.862452645856429,0.604589153871469,-0.893189659664491,-0.868007172064947,0.049586991936588,0.0608997167917524,0.155392456081494,-0.0408491398590409,0.949152514976322,0.464889228842546,0.67641402897175,0.668054363157543,0.67905776525831,-0.349541514476022,0.436128583346537,0.195046413828086,0.365586249630585,0.0438034769952586,0.504696604656241,0.747818849131219,0.566595965219248,0.463243063459021,-1.06496864372947,-0.81217483044593,-0.187943216701152,0.150347837567784,388.0000000001,2.33339843759917,0.150347837567784,388.0000000001,2.33339843759917,0.992959989759074,1.14354481012932,1e-10,2472.0000000001,0.00146205485552531,0.275932254109782,0.153048952632654,1.10345943272114,5476.30615837441,0.0156249669969604,102,2,"SNETWORK (2 35 5476.30615837441 0.153048952632654 7000337 102)",7
37,7000338,0.798624289089895,82,0.638158073055483,0.521052073640444,0.623124281295046,0.615977027310147,0.618989232093641,-0.373070839836834,-0.396399532931661,-0.151689196356745,1.43447570118831,-0.559931142082116,0.282853623062892,-0.488723302467644,-0.559931142082116,-0.559931142082116,-0.700910086409847,-0.501296819119446,-0.513968493303812,-1.16175534512609,-0.39878233311686,0.683937823834198,-0.986210700496416,-0.0672734467748328,0.680336773492667,0.798624289089895,0.5,-0.160441140508911,1.40362261827093,1.42292457630331,0.33234147783622,1.53191368677778,0.79151179861709,0.320490719672489,1.36959289415248,0.27738957809617,0.193384630840343,0.0799702643258065,774.0000000001,0.957238104582956,1.1200738665344,1300.0000000001,9.3120881535149,10.2693262579979,0.187185025880303,-0.461752988219033,0.319093408426565,0.928972952145656,0.938869729626752,0.0339836565446489,-0.0615986284050181,0.0300653283474607,0.97596873641059,-0.551320372549135,-1.21233288412917,-0.0464734133730463,0.241426859722845,-0.842049341112459,0.372858714442873,0.903688172097598,0.442078393315991,0.840648327711781,0.826179698916611,0.834970036974126,-0.464673646045666,0.114627405424499,-0.225671902429969,0.323961040078892,-0.843936559804101,0.571167533265596,0.708297722375736,0.810474414002562,0.475246318229792,-0.367496753974334,-0.688857704599205,-0.18794321545712,0.0482695958399764,212.0000000001,0.409326171974855,0.0482695958399764,212.0000000001,0.409326171974855,0.0834137357372089,0.278995215672835,1e-10,1300.0000000001,0.0174481397090415,0.169736886071261,0.967141077966778,1.51038123591391,5213.47140646353,0.0312499339939208,186,2,"SNETWORK (2 37 5213.47140646353 0.967141077966778 7000338 186)",7
28,7000339,-0.169116018847352,96,-0.361841926944517,-0.698245294676348,-0.562675121066356,-0.564925299345405,-0.567713055283144,0.265181484061937,0.356449653239242,1.07157055467146,-0.566314419174516,0.261166136028457,-0.814969738536491,0.819587401344675,0.261166136028457,0.261166136028457,-0.100570091764528,-0.820863924834358,-0.829445643447247,1.29383664444314,-1.46636487316173,0.393782383419688,-1.16859716859717,-1.44967682363804,0.0792141951837772,-0.169116018847352,-0.5,-0.260878802300872,0.93165449203493,0.938477715858755,0.38450772763964,0.974100861604153,-0.151077766211722,3.34057075091353,-0.538340324039806,-0.795535976494612,0.235372156204196,0.0399850261056294,16289.0000000001,6.12977134494424,0.0569232104301258,2870.0000000001,0.261195714912748,6.39096705975699,0.126770683825961,0.682000898760024,-0.696390973851179,1.69868578056489,2.99874744469475,1.59038369834931,1.56702085111123,1.43203558656698,0.755012602531831,0.604289793953566,0.329324956562734,-0.0295398249369901,0.501567235599371,-0.0301151431351403,1.28322997134878,0.157061401918917,-0.757550820489079,-0.323585971028251,-0.331945636842458,-0.32094223474169,1.02736468280789,-0.301497019542243,1.48682799411455,0.199310207144661,0.156063440195899,-0.730502237245476,-0.671014099318208,0.0820020850881406,-0.843695432825716,0.526793048305178,0.174269792330612,-0.0224145650178154,0.00733879440970149,603.0000000001,0.177011718850043,0.00733879440970149,603.0000000001,0.177011718850043,0.0264058093779859,0.0676673756763955,1e-10,16289.0000000001,0.121589627550266,0.00518105617569565,0.18376389652172,0.149438371060057,1762.04246311538,0.125,10,2,"SNETWORK (2 28 1762.04246311538 0.18376389652172 7000339 10)",7
28,7000340,0.0788735315799653,106,-0.361841926944517,-0.698245294676348,-0.562675121066356,-0.564925299345405,-0.567713055283144,0.29732079445562,0.390301738892433,1.08143116504545,-0.650912989300308,-0.098483365503238,-0.819470099549075,0.763536718378305,-0.098483365503238,-0.098483365503238,-0.204639999220005,-0.897008259305707,-0.889029262879103,1.44449745633479,-1.59943721600386,0.393782383419688,-1.16859716859717,-1.44967682363804,0.0792141951837772,0.0788735315799653,-0.5,-1.16496266616631,-0.290864124416464,-0.287812800534626,2.05338889452243,-0.272852367541019,0.0928420948418366,2.09643333682128,-0.618712065136936,-0.330286514486138,0.173967208962305,0.0399850261056294,16000.0000000001,4.45022679155935,0.0569723295282203,1861.0000000001,0.169513821953281,4.61974061341263,0.11415297349633,2.65020194592561,1.2301397369866,2.17788180493334,0.607587144831184,-1.6542797427661,1.44643305616882,-1.85515878666244,0.52544158141281,-0.757104606469528,-0.445808362338084,2.1947047434064,1.47026479135216,-0.0477827968493383,3.23544167603574,0.311002133337744,-0.592059071118133,-0.178255080404253,-0.188971588047331,-0.187231664839859,0.0990318121920667,0.4575204884994,0.316734431286519,0.0707634960901464,-1.11242036750356,-0.871701652601108,-0.790520606199639,-0.123419811157671,-0.952917693860633,0.473640527753365,0.349467071730701,1.20150380059991,0.011481401088287,683.0000000001,0.313671875100077,0.011481401088287,683.0000000001,0.313671875100077,0.258361455004734,0.227064637395149,1e-10,16000.0000000001,0.109964316842634,0.00418865655369606,0.323702100812265,1.81478759426232,1873.13692953936,0.125,18,2,"SNETWORK (2 28 1873.13692953936 0.323702100812265 7000340 18)",7
37,7000341,0.277496699471074,31,0.638158073055483,0.521052073640444,0.623124281295046,0.615977027310147,0.618989232093641,-0.585658999210992,-0.610563670576002,-0.168246368175062,1.99214752626193,-0.357712944607277,0.0784962522055989,-0.468283766044853,-0.357712944607277,-0.357712944607277,-0.626839325698136,0.0172381878675776,0.130240733132324,-0.546208755813165,0.0490970485630014,0.143005181347151,-0.438610038610039,0.349030470914128,0.119771863117871,0.277496699471074,0.5,-0.65126410753331,-0.263726671246983,-0.261069229581176,0.77095870468077,-0.247981486407387,0.269225737299575,-0.441207677035438,1.8802500205609,-0.687283289987223,0.0641053121295207,0.0799702643258065,135.0000000001,0.0553458229703101,0.176484338936519,2558.0000000001,2.88711294736021,2.94245877023052,0.0723530487893352,0.14452680251549,-0.243250946155022,0.361923864612799,-0.139749714879027,-0.592976375980113,-0.339986599388413,-0.662412873707493,0.931821632018879,-0.50584935314541,-1.37199424403491,0.769999161030813,0.192487873069294,0.327753471875962,0.488485112247488,0.881355976037885,0.430873575621596,0.67641402897175,0.668054363157543,0.679057765258309,1.01968048565238,0.58786282477107,-2.14898747095236,-0.173365616251162,-0.778293121584459,-0.681299851147911,-0.512349114363795,-1.15958564728079,-0.453961714819925,-0.811829198634787,-1.06839246080962,0.176738941778231,0.0882951641831135,379.0000000001,1.33855468759952,0.0882951641831135,379.0000000001,1.33855468759952,0.522678066197518,0.61799095358162,1e-10,2558.0000000001,0.00136091593110385,0.0709921327582313,0.358721766723948,0.119315686522889,4595.8546920097,0.0312499339939208,147,2,"SNETWORK (2 37 4595.8546920097 0.358721766723948 7000341 147)",7
43,7000342,0.0315729578064867,54,0.0756580730554828,0.31473676207772,0.354270929498081,0.350983481983268,0.358474665810763,-0.775949078141318,-0.703717867903401,-0.148825619339066,-0.305386741293013,-0.465750779578137,0.206873687209709,-0.363811240873691,-0.465750779578137,-0.465750779578137,0.202581752900811,2.67654810726772,2.56656107616864,-0.214554624019323,3.1348855742068,-0.963730569948188,1.15057915057915,3.24099722991689,-0.29467680608365,0.0315729578064867,0.25,0.378273587251453,0.128804847010849,0.128266087310106,-0.35502647247122,0.125358527237003,0.0330027572224987,0.65975793661378,-0.29182663047948,0.0211433604815213,1.07051928308334,0.0799701818409082,610.0000000001,4.17619236979978,0.302975659259386,788.0000000001,1.5268280238663,5.70302039356608,0.130667514976893,0.770197833147007,0.679087842335563,-0.243844442486162,0.00151957539697415,0.263327110374046,0.518013248359771,0.273373006604718,0.251562936411824,0.306285984123396,0.205907668436075,0.183047259516901,0.0847652221522228,0.134859836093698,-0.175799997582176,0,0.0363195055765458,0.67641402897175,0.668054363157545,0.67905776525831,-0.645774955908357,-0.742368028217731,0.451302331387597,0.0012800968873,0.0601471957705235,0.795241945497034,0.890826981884642,0.97597059748621,0.691556444236907,-0.563038543170222,-0.336567207913882,-0.0635443493969168,0.0138456425958426,451.0000000001,0.249775390725106,0.0138456425958426,451.0000000001,0.249775390725106,0.228156348342815,0.247088532810669,1e-10,788.0000000001,0.0956848548572103,0.0349826600196826,0.417536822372457,0.863006439131528,3406.62191274695,0.0312500660060792,315,2,"SNETWORK (2 43 3406.62191274695 0.417536822372457 7000342 315)",7
28,7000343,0.891274550749662,127,-0.111841926944517,-0.494736954820113,-0.562675121066356,-0.564925299345405,-0.567713055283144,0.163835352399801,0.361789862804914,1.15054093075568,-1.02536042715229,-1.85302726059697,-1.40881202742446,0.253825723103983,-1.85302726059697,-1.85302726059697,-0.664798015437436,-1.51403587978306,-1.3625799000934,0.372145609556974,-2.03748924849445,0.393782383419688,-1.16859716859717,-1.44967682363804,0.0792141951837772,0.891274550749662,-0.5,-0.781880889912514,-0.761377185906499,-0.747820222723838,0.917989609464661,-0.685726667004088,0.88848033474065,1.49845128400832,-0.971461468870795,-0.30948683409518,0.0717114519959529,0.0399850261056294,11499.0000000001,1.31838834513468,0.0548004429601365,4278.0000000001,0.374817288134092,1.69320563316877,0.0455441263559842,-0.327272726065157,-0.640966500693956,2.16720942854927,2.06326412035623,-0.0586184356169638,1.29092270318072,-0.073701869962835,-0.445502378189901,-0.938220184714285,-0.30198931125446,-0.239197329502852,-0.391104666002629,-0.158985085394362,0.0646103071845646,0.474576257488161,-0.569126424378404,-0.32358597102825,-0.331945636842457,-0.320942234741688,0.717345660123066,0.0420954814936554,0.837127974967979,1.94932177632077,0.156063440195899,-0.655689209599243,-0.74941707094257,-0.32817717071285,-0.646828561305471,0.176033670823144,0.408538996308214,-0.187943216701152,0.0235753899694391,517.0000000001,0.48753906260012,0.0235753899694391,517.0000000001,0.48753906260012,0.120386485126821,0.069848140748543,1e-10,11499.0000000001,0.0354622286082595,0.0100818976477247,0.62692107870613,0.156098400338998,2113.85711549234,0.125,35,2,"SNETWORK (2 28 2113.85711549234 0.62692107870613 7000343 35)",7
29,7000344,-0.891964088002893,48,-0.361841926944517,-0.698245294676348,-0.562675121066356,-0.564925299345405,-0.567713055283144,-0.0124983737096386,0.0250876768765817,0.941566215828218,0.392801202932147,0.864345968858875,-1.24034917842133,0.838076535547513,0.864345968858875,0.864345968858875,-0.0175383036623491,-0.0714036648934592,-0.134162758153951,0.469667792485433,-0.340492501481128,0.888230940044412,-1.64368450082736,-1.9192718638702,0.441336230309614,-0.891964088002893,-0.5,-0.165089208920443,0.0333076856435629,0.033121153830164,0.118964077875424,0.0321448627668163,-0.88410551008801,0.656971273694944,0.368859281190887,-0.438241673509649,3.91416532770936,0.0399850261056294,6515.0000000001,40.7707172014896,3.12111995541165,92.0000000001,0.459084947648995,41.2298021490386,0.961024066328878,-0.045399022475058,1.88402239756773,-0.093537508127535,0.652631893804056,0.834900065903918,0.542820649893666,0.882193444707995,0.911973246876744,0.448320249005733,0.506548006691433,0.601755126767782,0.241796762277976,0.0981941859904304,0.491446946892491,-0.118644023962116,-0.921164041933264,-0.32358597102825,-0.331945636842457,-0.32094223474169,0.0867748938759172,-0.172803290908048,0.446845424804703,-0.332581904339944,-3.54313138824998,0.534435462590769,0.737462437961371,0,0.649571005637844,-0.566432328037491,-0.543324141240865,0.731967349988529,0.085838652920122,410.0000000001,1.40775390635035,0.085838652920122,410.0000000001,1.40775390635035,0.555389878181164,0.59718558134749,1e-10,6515.0000000001,0.950323270686754,0.0107007955421237,0.587287359413179,0.787493152951356,1233.27590393131,0.25,67,2,"SNETWORK (2 29 1233.27590393131 0.587287359413179 7000344 67)",7
28,7000345,0.485075442663296,116,-0.111841926944517,-0.494736954820113,-0.562675121066356,-0.564925299345405,-0.567713055283144,0.205676843454512,0.392917732917516,1.03849478561743,-0.931506658591428,-1.19276542768716,-1.72335201484786,0.539247794966644,-1.19276542768716,-1.19276542768716,-0.425955103775704,-1.21550205128051,-1.11688305708026,0.908368489768865,-1.83040477138241,0.393782383419688,-1.16859716859717,-1.44967682363804,0.0792141951837772,0.485075442663296,-0.5,-0.702378487972119,-0.477845354453006,-0.471458146436621,0.821714818883416,-0.441028594528049,0.489724957897748,1.18756103048943,-0.884112180277983,-0.533494649389401,0.0929598095266449,0.0399850261056294,12949.0000000001,1.92453680605488,0.0750059449615491,3270.0000000001,0.392137345553318,2.3166741515082,0.0592066583384751,0.156656384212943,1.28359627035903,1.34969835829747,2.1283615647172,0.928924287725088,1.02901086337603,1.07522293092097,-0.389345421853695,1.98178010246809,0.682329140882993,0.457306534048117,-0.047858704029227,-0.123792780337616,0.511998452592512,0.474576257488162,-0.569126424378405,-0.323585971028253,-0.331945636842457,-0.32094223474169,1.39653557098902,0.439970348779846,1.70866884728653,-0.219433371433932,0.156063440195899,-0.0753205371838006,-0.307593529750168,0.796617168836579,-0.273001960289054,0.59181249422961,0.214618308261468,0.265576286542017,0.0535570674581933,476.0000000001,1.01972656260025,0.0535570674581933,476.0000000001,1.01972656260025,0.371961831703171,0.323777349121477,1e-10,12949.0000000001,0.0491849027919075,0.0100217554465676,0.467921451739712,0.100301502272487,1987.63012259216,0.125,27,2,"SNETWORK (2 28 1987.63012259216 0.467921451739712 7000345 27)",7
37,7000346,0.386796763099106,41,0.638158073055483,0.521052073640444,0.623124281295046,0.615977027310147,0.618989232093641,-0.572256944371621,-0.58799406922542,-0.171612919294252,1.92056679823737,-0.398066727792863,0.102818171997729,-0.470263047293483,-0.398066727792863,-0.398066727792863,-0.64759208766537,-0.0374718695941836,0.0652463697381192,-0.587473556958608,-0.00477034752845489,0.55958549222798,-0.876876876876878,-0.0954139735303178,0.476341360371778,0.386796763099106,0.5,-0.489186309259025,0.0576679072930415,0.0573658613343694,0.559858495135065,0.0557741006657466,0.382396904274341,0.400100808450949,1.81314910765688,-1.23842409728862,0.126565696478605,0.0799702643258065,178.0000000001,0.144076476029731,0.0901118060589394,2100.0000000001,1.21020251262307,1.3542789885528,0.0314288030499038,-0.0413311500891924,-0.328220574666878,-0.226706822048464,0.15693374153174,0.439033526745358,0.350833916138213,0.461700778058716,1.55329003697372,0.439285041570686,0.923379415649206,0.539745601735232,0.223427508520429,0.324097919134942,0.662538231845163,0.881355976037885,0.430873575621597,0.676414028971749,0.668054363157543,0.67905776525831,0.108256768253291,-0.547369782364243,-1.38774860938957,0.411232998049853,-0.495309794285987,-0.49021318011051,-0.454639705860457,-0.909245725900832,-0.298742624077662,-0.362334098364839,-0.173310865906092,0.0321246793004101,0.0431826637904762,420.0000000001,0.725468750099742,0.0431826637904762,420.0000000001,0.725468750099742,0.453025819626363,0.495557837797366,1e-10,2100.0000000001,0.0033435881456636,0.0280852148042402,0.472320412764598,2.13224704226013,4711.17059542952,0.0312499339939208,156,2,"SNETWORK (2 37 4711.17059542952 0.472320412764598 7000346 156)",7
29,7000347,-0.503561207643212,79,-0.361841926944517,-0.698245294676348,-0.562675121066356,-0.564925299345405,-0.567713055283144,0.0030582013111977,0.0604332857330291,0.936746399177683,-0.125427256716023,1.03666006380593,-1.25571307075583,1.05785323583141,1.03666006380593,1.03666006380593,0.047603132946915,-0.601554541986595,-0.618369438363429,1.71554386936957,-1.32199375412234,-0.606217616580312,0,0,-0.712927756653993,-0.503561207643212,-0.5,0.576793676768141,-2.64773014747355,-2.51599016912281,-0.666221955542337,-2.03703136594416,-0.495627181993175,0.194968194728552,-0.121023110453162,1.03529144206105,0.144879998417828,0.0399850261056294,10171.0000000001,2.35595424747365,0.0880893287436902,1124.0000000001,0.158301262037343,2.514255509411,0.0952325040264862,1.14342537545743,1.50570997705969,-0.610977736177501,1.52024230532823,2.35472690947298,0.95387449468585,4.03786255443954,0.812952693548551,4.02031489404103,3.71039942349659,0.830859782870066,0.222401567365398,-0.752602064101467,0.386477109249386,-0.118644023962116,-0.921164041933264,-0.323585971028251,-0.331945636842457,-0.32094223474169,0.236757058149035,1.07920515217505,-0.596250396797536,-0.260993318246251,0.156063440195899,-0.924993611895124,-0.88845311100248,-0.750956750377033,-0.8468460485658,0.600569823444879,0.0618443324611522,0.160987968840029,0.107887961747727,528.0000000001,2.27859375010056,0.107887961747727,528.0000000001,2.27859375010056,1.18721811116178,1.04357804427144,1e-10,10171.0000000001,0.0892365240059144,0.0059959799205718,0.954574258383918,0.970079962973,1574.0134187981,0.25,92,2,"SNETWORK (2 29 1574.0134187981 0.954574258383918 7000347 92)",7
43,7000348,0.398852453042793,82,0.0756580730554828,0.31473676207772,0.354270929498081,0.350983481983268,0.358474665810763,-0.558966594907722,-0.572258600231119,-0.159406428106763,-0.729921544876748,-0.139842825237663,0.457133526063763,-0.203185166545241,-0.139842825237663,-0.139842825237663,-0.00227601108448722,2.97934423522263,3.02777278422881,-0.489242672593241,3.57348251621513,0.124352331606218,-0.494208494208494,-0.193905817174515,-0.237642585551331,0.398852453042793,0.25,-0.681229563223938,-0.262703642918264,-0.260060605888937,0.82654866308008,-0.247041580355199,0.3906508588023,0.0701481829516085,-0.69306686405132,-0.675667351009752,0.0465127400034757,0.0799701818409082,1452.0000000001,0.431911438194746,0.104659199290534,1354.0000000001,0.906258802213895,1.33817024030864,0.0328986277096424,0.366487151687968,-0.492688657931367,-0.174507472039559,0.212990758537326,0.44342104933568,0.168552067110236,0.493367447727003,-0.679841424986983,0.512736770845012,0.215745261584161,-0.117522080230808,-0.229001994009527,0.0539606600182452,-0.260720028046761,0,0.0363195055765458,0.676414028971749,0.668054363157543,0.67905776525831,-0.461090193369758,-0.597775496036035,0.526984542074555,-0.982049035725067,0.156063440195899,-0.3355759832845,-0.414455673984539,-0.585830502905686,-0.205489571340596,-0.0203678456318374,-0.428820317636603,-0.135421303334251,0.0153283496248764,809.0000000001,0.49602539072521,0.0153283496248764,809.0000000001,0.49602539072521,0.124398136921028,1e-10,1e-10,1452.0000000001,0.0106184498319203,0.0222801777777221,0.63588613170229,0.469372379593551,3725.12125085978,0.0312500660060792,337,2,"SNETWORK (2 43 3725.12125085978 0.63588613170229 7000348 337)",7
37,7000349,0.291848043928568,33,0.638158073055483,0.521052073640444,0.623124281295046,0.615977027310147,0.618989232093641,-0.576180681458088,-0.600530414190582,-0.164169871982693,1.97331342369247,-0.372737623663835,0.0806807011278121,-0.455188432579142,-0.372737623663835,-0.372737623663835,-0.630393974932804,0.0140931777413211,0.124258363527417,-0.535627462002339,0.0423860365175373,0.55958549222798,-0.876876876876878,-0.0954139735303178,0.476341360371778,0.291848043928568,0.5,-1.07881055840508,-0.181583459112399,-0.179980365524716,1.79926357990762,-0.171971745373371,0.289289387144685,1.03544395043288,1.86415659182499,-1.27512823479363,0.0910821337412302,0.0799702643258065,749.0000000001,0.436286801856852,0.0748089229893088,1284.0000000001,0.614292888233796,1.05057968999065,0.0254536590118113,0.837406063636373,0.651131889130178,0.635561859108965,0.368975423368058,-0.293846435860911,0.850154972389405,-0.32381444141842,1.9997398312194,-0.115840966863304,-0.386185688435775,0.71624790691138,0.148508016235026,0.32680382178421,0.195342061678695,0.881355976037885,0.430873575621597,0.676414028971749,0.668054363157545,0.67905776525831,-0.630755692496714,-0.41142393970366,0.547403501836846,0.501855445879424,-0.0899141818354509,-0.382689090594671,-0.331065844211019,0.214740704279074,-0.474686405691999,0.010274340595588,-0.21564347407319,0.317835079955947,0.0224786610573503,551.0000000001,0.495429687599824,0.0224786610573503,551.0000000001,0.495429687599824,0.344281895963178,0.320205707278901,1e-10,1284.0000000001,0.0105704455801919,0.0148832133316194,0.380729598899002,1.21455984211365,4618.19521399682,0.0312499339939208,148,2,"SNETWORK (2 37 4618.19521399682 0.380729598899002 7000349 148)",7
